recv_monotonic_ns,stream,stream_seq,payload_json,session_time_s
20924024810600,fov,2553,"{""zoom"":12.339999198913574,""hfov"":7.293355464935303,""vfov"":4.106302738189697,""state"":0,""max_aov_h"":90.0,""max_aov_v"":58.71550750732422,""min_aov_h"":1.40625,""min_aov_v"":0.7910428047180176,""max_zoom"":64.0}",-4.9937233
20924025269200,gimbal,2553,"{""imu_roll"":0.0,""imu_pitch"":21.047199249267578,""imu_yaw"":-0.11713903397321701,""frame_roll"":0.0,""frame_pitch"":21.047199249267578,""frame_yaw"":-0.11713903397321701,""pitch_speed"":0.0,""yaw_speed"":0.0}",-4.9932647
20924033579400,target_offset,348,"{""x_angle_offset"":-0.030388981103897095,""y_angle_offset"":0.0760426432998092}",-4.9849545
20924048176800,fov,2554,"{""zoom"":12.339999198913574,""hfov"":7.293355464935303,""vfov"":4.106302738189697,""state"":0,""max_aov_h"":90.0,""max_aov_v"":58.71550750732422,""min_aov_h"":1.40625,""min_aov_v"":0.7910428047180176,""max_zoom"":64.0}",-4.9703571
20924048496900,gimbal,2554,"{""imu_roll"":0.0,""imu_pitch"":21.064571380615234,""imu_yaw"":-0.12131751328706741,""frame_roll"":0.0,""frame_pitch"":21.064571380615234,""frame_yaw"":-0.12131751328706741,""pitch_speed"":0.0,""yaw_speed"":0.0}",-4.970037
20924051779600,attitude,997,"{""message_type"":""ATTITUDE"",""time_boot_ms"":112110,""roll"":-0.006163810379803181,""pitch"":0.16941210627555847,""yaw"":-3.057833194732666,""rollspeed"":-0.005623124074190855,""pitchspeed"":-0.00017720297910273075,""yawspeed"":-0.00030245305970311165}",-4.9667543
20924052084000,vfr,500,"{""message_type"":""VFR_HUD"",""airspeed"":29.518735885620117,""alt"":182.9099884033203}",-4.9664499
20924052172900,position,500,"{""message_type"":""GLOBAL_POSITION_INT"",""lat"":469541406,""lon"":393492237}",-4.966361
20924074386700,fov,2555,"{""zoom"":12.339999198913574,""hfov"":7.293355464935303,""vfov"":4.106302738189697,""state"":0,""max_aov_h"":90.0,""max_aov_v"":58.71550750732422,""min_aov_h"":1.40625,""min_aov_v"":0.7910428047180176,""max_zoom"":64.0}",-4.9441472
20924074604500,gimbal,2555,"{""imu_roll"":0.0,""imu_pitch"":21.076004028320312,""imu_yaw"":-0.12444627285003662,""frame_roll"":0.0,""frame_pitch"":21.076004028320312,""frame_yaw"":-0.12444627285003662,""pitch_speed"":0.0,""yaw_speed"":0.0}",-4.9439294
20924080327400,target_offset,349,"{""x_angle_offset"":-0.030388981103897095,""y_angle_offset"":0.0760426432998092}",-4.9382065
20924095193100,fov,2556,"{""zoom"":12.339999198913574,""hfov"":7.293355464935303,""vfov"":4.106302738189697,""state"":0,""max_aov_h"":90.0,""max_aov_v"":58.71550750732422,""min_aov_h"":1.40625,""min_aov_v"":0.7910428047180176,""max_zoom"":64.0}",-4.9233408
20924095500700,gimbal,2556,"{""imu_roll"":0.0,""imu_pitch"":21.089967727661133,""imu_yaw"":-0.1314929574728012,""frame_roll"":0.0,""frame_pitch"":21.089967727661133,""frame_yaw"":-0.1314929574728012,""pitch_speed"":0.0,""yaw_speed"":0.0}",-4.9230332
20924107328400,attitude,998,"{""message_type"":""ATTITUDE"",""time_boot_ms"":112170,""roll"":-0.006525762379169464,""pitch"":0.1691351979970932,""yaw"":-3.0580015182495117,""rollspeed"":-0.006086312234401703,""pitchspeed"":0.0015187112148851156,""yawspeed"":-0.00016302871517837048}",-4.9112055
20924117032300,fov,2557,"{""zoom"":12.339999198913574,""hfov"":7.293355464935303,""vfov"":4.106302738189697,""state"":0,""max_aov_h"":90.0,""max_aov_v"":58.71550750732422,""min_aov_h"":1.40625,""min_aov_v"":0.7910428047180176,""max_zoom"":64.0}",-4.9015016
20924117327700,gimbal,2557,"{""imu_roll"":0.0,""imu_pitch"":21.099550247192383,""imu_yaw"":-0.1366565078496933,""frame_roll"":0.0,""frame_pitch"":21.099550247192383,""frame_yaw"":-0.1366565078496933,""pitch_speed"":0.0,""yaw_speed"":0.0}",-4.9012062
20924117702000,range,1025,"{""message_type"":""GLOBAL_VISION_POSITION_ESTIMATE"",""x"":46.948097229003906,""y"":39.34847640991211}",-4.9008319
20924124309000,target_offset,350,"{""x_angle_offset"":-0.03798622637987137,""y_angle_offset"":0.0760426432998092}",-4.8942249
20924131944200,range,1026,"{""message_type"":""GLOBAL_VISION_POSITION_ESTIMATE"",""x"":46.948097229003906,""y"":39.34847640991211}",-4.8865897
20924141953300,fov,2558,"{""zoom"":12.339999198913574,""hfov"":7.293355464935303,""vfov"":4.106302738189697,""state"":0,""max_aov_h"":90.0,""max_aov_v"":58.71550750732422,""min_aov_h"":1.40625,""min_aov_v"":0.7910428047180176,""max_zoom"":64.0}",-4.8765806
20924144550700,gimbal,2558,"{""imu_roll"":0.0,""imu_pitch"":21.116390228271484,""imu_yaw"":-0.14200416207313538,""frame_roll"":0.0,""frame_pitch"":21.116390228271484,""frame_yaw"":-0.14200416207313538,""pitch_speed"":0.0,""yaw_speed"":0.0}",-4.8739832
20924147070200,target_offset,351,"{""x_angle_offset"":-0.03798622637987137,""y_angle_offset"":0.08364690762979013}",-4.8714637
20924154867200,vfr,501,"{""message_type"":""VFR_HUD"",""airspeed"":29.467418670654297,""alt"":183.1999969482422}",-4.8636667
20924154954300,position,501,"{""message_type"":""GLOBAL_POSITION_INT"",""lat"":469540838,""lon"":393492169}",-4.8635796
20924155020500,attitude,999,"{""message_type"":""ATTITUDE"",""time_boot_ms"":112210,""roll"":-0.006756585091352463,""pitch"":0.16901405155658722,""yaw"":-3.0581095218658447,""rollspeed"":-0.005876003764569759,""pitchspeed"":0.002763474592939019,""yawspeed"":-4.439195618033409e-05}",-4.8635134
20924165362500,fov,2559,"{""zoom"":12.339999198913574,""hfov"":7.293355464935303,""vfov"":4.106302738189697,""state"":0,""max_aov_h"":90.0,""max_aov_v"":58.71550750732422,""min_aov_h"":1.40625,""min_aov_v"":0.7910428047180176,""max_zoom"":64.0}",-4.8531714
20924165666200,gimbal,2559,"{""imu_roll"":0.0,""imu_pitch"":21.13051414489746,""imu_yaw"":-0.14976459741592407,""frame_roll"":0.0,""frame_pitch"":21.13051414489746,""frame_yaw"":-0.14976459741592407,""pitch_speed"":0.0,""yaw_speed"":0.0}",-4.8528677
20924186277300,fov,2560,"{""zoom"":12.339999198913574,""hfov"":7.293355464935303,""vfov"":4.106302738189697,""state"":0,""max_aov_h"":90.0,""max_aov_v"":58.71550750732422,""min_aov_h"":1.40625,""min_aov_v"":0.7910428047180176,""max_zoom"":64.0}",-4.8322566
20924186687400,gimbal,2560,"{""imu_roll"":0.0,""imu_pitch"":21.1417179107666,""imu_yaw"":-0.156348317861557,""frame_roll"":0.0,""frame_pitch"":21.1417179107666,""frame_yaw"":-0.156348317861557,""pitch_speed"":0.0,""yaw_speed"":0.0}",-4.8318465
20924195260600,target_offset,352,"{""x_angle_offset"":-0.03798622637987137,""y_angle_offset"":0.08364690762979013}",-4.8232733
20924209722500,fov,2561,"{""zoom"":12.339999198913574,""hfov"":7.293355464935303,""vfov"":4.106302738189697,""state"":0,""max_aov_h"":90.0,""max_aov_v"":58.71550750732422,""min_aov_h"":1.40625,""min_aov_v"":0.7910428047180176,""max_zoom"":64.0}",-4.8088114
20924210139000,gimbal,2561,"{""imu_roll"":0.0,""imu_pitch"":21.1561279296875,""imu_yaw"":-0.1614726483821869,""frame_roll"":0.0,""frame_pitch"":21.1561279296875,""frame_yaw"":-0.1614726483821869,""pitch_speed"":0.0,""yaw_speed"":0.0}",-4.8083949
20924216740500,attitude,1000,"{""message_type"":""ATTITUDE"",""time_boot_ms"":112270,""roll"":-0.007076952140778303,""pitch"":0.16906780004501343,""yaw"":-3.0582528114318848,""rollspeed"":-0.0056334128603339195,""pitchspeed"":0.004213825333863497,""yawspeed"":0.0002179965376853943}",-4.8017934
20924233112700,fov,2562,"{""zoom"":12.339999198913574,""hfov"":7.293355464935303,""vfov"":4.106302738189697,""state"":0,""max_aov_h"":90.0,""max_aov_v"":58.71550750732422,""min_aov_h"":1.40625,""min_aov_v"":0.7910428047180176,""max_zoom"":64.0}",-4.7854212
20924233428000,gimbal,2562,"{""imu_roll"":0.0,""imu_pitch"":21.167240142822266,""imu_yaw"":-0.16593170166015625,""frame_roll"":0.0,""frame_pitch"":21.167240142822266,""frame_yaw"":-0.16593170166015625,""pitch_speed"":0.0,""yaw_speed"":0.0}",-4.7851059
20924241396200,target_offset,353,"{""x_angle_offset"":-0.04558347165584564,""y_angle_offset"":0.09125117195977105}",-4.7771377
20924256770500,fov,2563,"{""zoom"":12.339999198913574,""hfov"":7.293355464935303,""vfov"":4.106302738189697,""state"":0,""max_aov_h"":90.0,""max_aov_v"":58.71550750732422,""min_aov_h"":1.40625,""min_aov_v"":0.7910428047180176,""max_zoom"":64.0}",-4.7617634
20924257429700,gimbal,2563,"{""imu_roll"":0.0,""imu_pitch"":21.18558692932129,""imu_yaw"":-0.17385233938694,""frame_roll"":0.0,""frame_pitch"":21.18558692932129,""frame_yaw"":-0.17385233938694,""pitch_speed"":0.0,""yaw_speed"":0.0}",-4.7611042
20924257893800,position,502,"{""message_type"":""GLOBAL_POSITION_INT"",""lat"":469540838,""lon"":393492169}",-4.7606401
20924258134100,attitude,1001,"{""message_type"":""ATTITUDE"",""time_boot_ms"":112310,""roll"":-0.007284471765160561,""pitch"":0.16914339363574982,""yaw"":-3.0583384037017822,""rollspeed"":-0.0055852606892585754,""pitchspeed"":0.004881981294602156,""yawspeed"":0.00037095043808221817}",-4.7603998
20924258378300,vfr,502,"{""message_type"":""VFR_HUD"",""airspeed"":29.431442260742188,""alt"":183.47000122070312}",-4.7601556
20924269212600,range,1027,"{""message_type"":""GLOBAL_VISION_POSITION_ESTIMATE"",""x"":46.94804382324219,""y"":39.348472595214844}",-4.7493213
20924273613600,range,1028,"{""message_type"":""GLOBAL_VISION_POSITION_ESTIMATE"",""x"":46.94804382324219,""y"":39.348472595214844}",-4.7449203
20924280409800,fov,2564,"{""zoom"":12.339999198913574,""hfov"":7.293355464935303,""vfov"":4.106302738189697,""state"":0,""max_aov_h"":90.0,""max_aov_v"":58.71550750732422,""min_aov_h"":1.40625,""min_aov_v"":0.7910428047180176,""max_zoom"":64.0}",-4.7381241
20924280724600,gimbal,2564,"{""imu_roll"":0.0,""imu_pitch"":21.20088768005371,""imu_yaw"":-0.18112461268901825,""frame_roll"":0.0,""frame_pitch"":21.20088768005371,""frame_yaw"":-0.18112461268901825,""pitch_speed"":0.0,""yaw_speed"":0.0}",-4.7378093
20924285367300,target_offset,354,"{""x_angle_offset"":-0.03798622637987137,""y_angle_offset"":0.12166822927969473}",-4.7331666
20924308304500,fov,2565,"{""zoom"":12.339999198913574,""hfov"":7.293355464935303,""vfov"":4.106302738189697,""state"":0,""max_aov_h"":90.0,""max_aov_v"":58.71550750732422,""min_aov_h"":1.40625,""min_aov_v"":0.7910428047180176,""max_zoom"":64.0}",-4.7102294
20924308603400,gimbal,2565,"{""imu_roll"":0.0,""imu_pitch"":21.231843948364258,""imu_yaw"":-0.18666182458400726,""frame_roll"":0.0,""frame_pitch"":21.231843948364258,""frame_yaw"":-0.18666182458400726,""pitch_speed"":0.0,""yaw_speed"":0.0}",-4.7099305
20924311637400,target_offset,355,"{""x_angle_offset"":-0.03798622637987137,""y_angle_offset"":0.12927249360967566}",-4.7068965
20924318709800,attitude,1002,"{""message_type"":""ATTITUDE"",""time_boot_ms"":112370,""roll"":-0.007542273495346308,""pitch"":0.16927728056907654,""yaw"":-3.0584497451782227,""rollspeed"":-0.004309104289859533,""pitchspeed"":0.005088820122182369,""yawspeed"":0.0006298806983977556}",-4.6998241
20924329762800,fov,2566,"{""zoom"":12.339999198913574,""hfov"":7.293355464935303,""vfov"":4.106302738189697,""state"":0,""max_aov_h"":90.0,""max_aov_v"":58.71550750732422,""min_aov_h"":1.40625,""min_aov_v"":0.7910428047180176,""max_zoom"":64.0}",-4.6887711
20924330025300,gimbal,2566,"{""imu_roll"":0.0,""imu_pitch"":21.259225845336914,""imu_yaw"":-0.19452372193336487,""frame_roll"":0.0,""frame_pitch"":21.259225845336914,""frame_yaw"":-0.19452372193336487,""pitch_speed"":0.0,""yaw_speed"":0.0}",-4.6885086
20924358769500,fov,2567,"{""zoom"":12.339999198913574,""hfov"":7.293355464935303,""vfov"":4.106302738189697,""state"":0,""max_aov_h"":90.0,""max_aov_v"":58.71550750732422,""min_aov_h"":1.40625,""min_aov_v"":0.7910428047180176,""max_zoom"":64.0}",-4.6597644
20924359030500,gimbal,2567,"{""imu_roll"":0.0,""imu_pitch"":21.285715103149414,""imu_yaw"":-0.20307192206382751,""frame_roll"":0.0,""frame_pitch"":21.285715103149414,""frame_yaw"":-0.20307192206382751,""pitch_speed"":0.0,""yaw_speed"":0.0}",-4.6595034
20924362252200,target_offset,356,"{""x_angle_offset"":-0.03798622637987137,""y_angle_offset"":0.13687675793965656}",-4.6562817
20924366048100,vfr,503,"{""message_type"":""VFR_HUD"",""airspeed"":29.406232833862305,""alt"":183.75}",-4.6524858
20924366140600,position,503,"{""message_type"":""GLOBAL_POSITION_INT"",""lat"":469540838,""lon"":393492169}",-4.6523933
20924366209900,attitude,1003,"{""message_type"":""ATTITUDE"",""time_boot_ms"":112410,""roll"":-0.007665479090064764,""pitch"":0.16936448216438293,""yaw"":-3.058513641357422,""rollspeed"":-0.0033873040229082108,""pitchspeed"":0.005050374194979668,""yawspeed"":0.0008497016970068216}",-4.652324
20924387114700,fov,2568,"{""zoom"":12.339999198913574,""hfov"":7.293355464935303,""vfov"":4.106302738189697,""state"":0,""max_aov_h"":90.0,""max_aov_v"":58.71550750732422,""min_aov_h"":1.40625,""min_aov_v"":0.7910428047180176,""max_zoom"":64.0}",-4.6314192
20924387397000,gimbal,2568,"{""imu_roll"":0.0,""imu_pitch"":21.315628051757812,""imu_yaw"":-0.20822416245937347,""frame_roll"":0.0,""frame_pitch"":21.315628051757812,""frame_yaw"":-0.20822416245937347,""pitch_speed"":0.0,""yaw_speed"":0.0}",-4.6311369
20924419560500,fov,2569,"{""zoom"":12.339999198913574,""hfov"":7.293355464935303,""vfov"":4.106302738189697,""state"":0,""max_aov_h"":90.0,""max_aov_v"":58.71550750732422,""min_aov_h"":1.40625,""min_aov_v"":0.7910428047180176,""max_zoom"":64.0}",-4.5989734
20924420648700,gimbal,2569,"{""imu_roll"":0.0,""imu_pitch"":21.347341537475586,""imu_yaw"":-0.21494513750076294,""frame_roll"":0.0,""frame_pitch"":21.347341537475586,""frame_yaw"":-0.21494513750076294,""pitch_speed"":0.0,""yaw_speed"":0.0}",-4.5978852
20924422998800,target_offset,357,"{""x_angle_offset"":-0.03798622637987137,""y_angle_offset"":0.1444810222696375}",-4.5955351
20924438390000,attitude,1004,"{""message_type"":""ATTITUDE"",""time_boot_ms"":112470,""roll"":-0.007758782710880041,""pitch"":0.16961941123008728,""yaw"":-3.0585901737213135,""rollspeed"":-0.0023555373772978783,""pitchspeed"":0.004552809521555901,""yawspeed"":0.0010926865506917238}",-4.5801439
20924439271700,range,1029,"{""message_type"":""GLOBAL_VISION_POSITION_ESTIMATE"",""x"":46.94804382324219,""y"":39.348472595214844}",-4.5792622
20924453678300,target_offset,358,"{""x_angle_offset"":-0.03798622637987137,""y_angle_offset"":0.1444810222696375}",-4.5648556
20924459409700,fov,2570,"{""zoom"":12.339999198913574,""hfov"":7.293355464935303,""vfov"":4.106302738189697,""state"":0,""max_aov_h"":90.0,""max_aov_v"":58.71550750732422,""min_aov_h"":1.40625,""min_aov_v"":0.7910428047180176,""max_zoom"":64.0}",-4.5591242
20924459686000,gimbal,2570,"{""imu_roll"":0.0,""imu_pitch"":21.393558502197266,""imu_yaw"":-0.22506901621818542,""frame_roll"":0.0,""frame_pitch"":21.393558502197266,""frame_yaw"":-0.22506901621818542,""pitch_speed"":0.0,""yaw_speed"":0.0}",-4.5588479
20924465122000,range,1030,"{""message_type"":""GLOBAL_VISION_POSITION_ESTIMATE"",""x"":46.94804382324219,""y"":39.348472595214844}",-4.5534119
20924479606300,fov,2571,"{""zoom"":12.339999198913574,""hfov"":7.293355464935303,""vfov"":4.106302738189697,""state"":0,""max_aov_h"":90.0,""max_aov_v"":58.71550750732422,""min_aov_h"":1.40625,""min_aov_v"":0.7910428047180176,""max_zoom"":64.0}",-4.5389276
20924479915000,gimbal,2571,"{""imu_roll"":0.0,""imu_pitch"":21.418903350830078,""imu_yaw"":-0.23044335842132568,""frame_roll"":0.0,""frame_pitch"":21.418903350830078,""frame_yaw"":-0.23044335842132568,""pitch_speed"":0.0,""yaw_speed"":0.0}",-4.5386189
20924486131500,target_offset,359,"{""x_angle_offset"":-0.03798622637987137,""y_angle_offset"":0.1444810222696375}",-4.5324024
20924490892800,attitude,1005,"{""message_type"":""ATTITUDE"",""time_boot_ms"":112510,""roll"":-0.007777127902954817,""pitch"":0.16982683539390564,""yaw"":-3.0586304664611816,""rollspeed"":-0.001745025161653757,""pitchspeed"":0.0044257002882659435,""yawspeed"":0.0012580070178955793}",-4.5276411
20924491176000,vfr,504,"{""message_type"":""VFR_HUD"",""airspeed"":29.388574600219727,""alt"":184.0399932861328}",-4.5273579
20924491262700,position,504,"{""message_type"":""GLOBAL_POSITION_INT"",""lat"":469540271,""lon"":393492101}",-4.5272712
20924508019200,fov,2572,"{""zoom"":12.339999198913574,""hfov"":7.293355464935303,""vfov"":4.106302738189697,""state"":0,""max_aov_h"":90.0,""max_aov_v"":58.71550750732422,""min_aov_h"":1.40625,""min_aov_v"":0.7910428047180176,""max_zoom"":64.0}",-4.5105147
20924508290400,gimbal,2572,"{""imu_roll"":0.0,""imu_pitch"":21.455223083496094,""imu_yaw"":-0.24032051861286163,""frame_roll"":0.0,""frame_pitch"":21.455223083496094,""frame_yaw"":-0.24032051861286163,""pitch_speed"":0.0,""yaw_speed"":0.0}",-4.5102435
20924514858400,target_offset,360,"{""x_angle_offset"":-0.030388981103897095,""y_angle_offset"":0.1444810222696375}",-4.5036755
20924530557400,fov,2573,"{""zoom"":12.339999198913574,""hfov"":7.293355464935303,""vfov"":4.106302738189697,""state"":0,""max_aov_h"":90.0,""max_aov_v"":58.71550750732422,""min_aov_h"":1.40625,""min_aov_v"":0.7910428047180176,""max_zoom"":64.0}",-4.4879765
20924530836800,gimbal,2573,"{""imu_roll"":0.0,""imu_pitch"":21.49325942993164,""imu_yaw"":-0.24765455722808838,""frame_roll"":0.0,""frame_pitch"":21.49325942993164,""frame_yaw"":-0.24765455722808838,""pitch_speed"":0.0,""yaw_speed"":0.0}",-4.4876971
20924553947400,fov,2574,"{""zoom"":12.339999198913574,""hfov"":7.293355464935303,""vfov"":4.106302738189697,""state"":0,""max_aov_h"":90.0,""max_aov_v"":58.71550750732422,""min_aov_h"":1.40625,""min_aov_v"":0.7910428047180176,""max_zoom"":64.0}",-4.4645865
20924554512200,gimbal,2574,"{""imu_roll"":0.0,""imu_pitch"":21.513574600219727,""imu_yaw"":-0.25218665599823,""frame_roll"":0.0,""frame_pitch"":21.513574600219727,""frame_yaw"":-0.25218665599823,""pitch_speed"":0.0,""yaw_speed"":0.0}",-4.4640217
20924557710000,attitude,1006,"{""message_type"":""ATTITUDE"",""time_boot_ms"":112570,""roll"":-0.007762385532259941,""pitch"":0.1701728254556656,""yaw"":-3.0586776733398438,""rollspeed"":-0.001012139953672886,""pitchspeed"":0.005086129531264305,""yawspeed"":0.0015096028801053762}",-4.4608239
20924561564200,target_offset,361,"{""x_angle_offset"":-0.030388981103897095,""y_angle_offset"":0.11406396494971381}",-4.4569697
20924575618600,fov,2575,"{""zoom"":12.339999198913574,""hfov"":7.293355464935303,""vfov"":4.106302738189697,""state"":0,""max_aov_h"":90.0,""max_aov_v"":58.71550750732422,""min_aov_h"":1.40625,""min_aov_v"":0.7910428047180176,""max_zoom"":64.0}",-4.4429153
20924575974000,gimbal,2575,"{""imu_roll"":0.0,""imu_pitch"":21.54119873046875,""imu_yaw"":-0.2563488781452179,""frame_roll"":0.0,""frame_pitch"":21.54119873046875,""frame_yaw"":-0.2563488781452179,""pitch_speed"":0.0,""yaw_speed"":0.0}",-4.4425599
20924596432800,range,1031,"{""message_type"":""GLOBAL_VISION_POSITION_ESTIMATE"",""x"":46.94797897338867,""y"":39.34849166870117}",-4.4221011
20924598822700,fov,2576,"{""zoom"":12.339999198913574,""hfov"":7.293355464935303,""vfov"":4.106302738189697,""state"":0,""max_aov_h"":90.0,""max_aov_v"":58.71550750732422,""min_aov_h"":1.40625,""min_aov_v"":0.7910428047180176,""max_zoom"":64.0}",-4.4197112
20924599137700,gimbal,2576,"{""imu_roll"":0.0,""imu_pitch"":21.55801773071289,""imu_yaw"":-0.25959935784339905,""frame_roll"":0.0,""frame_pitch"":21.55801773071289,""frame_yaw"":-0.25959935784339905,""pitch_speed"":0.0,""yaw_speed"":0.0}",-4.4193962
20924601554700,range,1032,"{""message_type"":""GLOBAL_VISION_POSITION_ESTIMATE"",""x"":46.94797897338867,""y"":39.34849166870117}",-4.4169792
20924601715700,attitude,1007,"{""message_type"":""ATTITUDE"",""time_boot_ms"":112610,""roll"":-0.007728220894932747,""pitch"":0.17039556801319122,""yaw"":-3.058699607849121,""rollspeed"":-0.0005406970158219337,""pitchspeed"":0.004644343163818121,""yawspeed"":0.001761383144184947}",-4.4168182
20924601983700,vfr,505,"{""message_type"":""VFR_HUD"",""airspeed"":29.37620735168457,""alt"":184.30999755859375}",-4.4165502
20924602060700,position,505,"{""message_type"":""GLOBAL_POSITION_INT"",""lat"":469540271,""lon"":393492101}",-4.4164732
20924609012600,target_offset,362,"{""x_angle_offset"":-0.030388981103897095,""y_angle_offset"":0.1064597006197329}",-4.4095213
20924627242800,fov,2577,"{""zoom"":12.339999198913574,""hfov"":7.293355464935303,""vfov"":4.106302738189697,""state"":0,""max_aov_h"":90.0,""max_aov_v"":58.71550750732422,""min_aov_h"":1.40625,""min_aov_v"":0.7910428047180176,""max_zoom"":64.0}",-4.3912911
20924627534800,gimbal,2577,"{""imu_roll"":0.0,""imu_pitch"":21.58361053466797,""imu_yaw"":-0.26894742250442505,""frame_roll"":0.0,""frame_pitch"":21.58361053466797,""frame_yaw"":-0.26894742250442505,""pitch_speed"":0.0,""yaw_speed"":0.0}",-4.3909991
20924629591300,target_offset,363,"{""x_angle_offset"":-0.02279173582792282,""y_angle_offset"":0.09885543628975196}",-4.3889426
20924648872300,fov,2578,"{""zoom"":12.339999198913574,""hfov"":7.293355464935303,""vfov"":4.106302738189697,""state"":0,""max_aov_h"":90.0,""max_aov_v"":58.71550750732422,""min_aov_h"":1.40625,""min_aov_v"":0.7910428047180176,""max_zoom"":64.0}",-4.3696616
20924649178000,gimbal,2578,"{""imu_roll"":0.0,""imu_pitch"":21.601518630981445,""imu_yaw"":-0.27353209257125854,""frame_roll"":0.0,""frame_pitch"":21.601518630981445,""frame_yaw"":-0.27353209257125854,""pitch_speed"":0.0,""yaw_speed"":0.0}",-4.3693559
20924662612700,attitude,1008,"{""message_type"":""ATTITUDE"",""time_boot_ms"":112670,""roll"":-0.007630276493728161,""pitch"":0.17066216468811035,""yaw"":-3.0587100982666016,""rollspeed"":-5.562405567616224e-05,""pitchspeed"":0.0038042382802814245,""yawspeed"":0.002070706570520997}",-4.3559212
20924671536300,fov,2579,"{""zoom"":12.339999198913574,""hfov"":7.293355464935303,""vfov"":4.106302738189697,""state"":0,""max_aov_h"":90.0,""max_aov_v"":58.71550750732422,""min_aov_h"":1.40625,""min_aov_v"":0.7910428047180176,""max_zoom"":64.0}",-4.3469976
20924672759000,gimbal,2579,"{""imu_roll"":0.0,""imu_pitch"":21.615495681762695,""imu_yaw"":-0.2781645655632019,""frame_roll"":0.0,""frame_pitch"":21.615495681762695,""frame_yaw"":-0.2781645655632019,""pitch_speed"":0.0,""yaw_speed"":0.0}",-4.3457749
20924679342000,target_offset,364,"{""x_angle_offset"":-0.02279173582792282,""y_angle_offset"":0.09885543628975196}",-4.3391919
20924694526500,fov,2580,"{""zoom"":12.339999198913574,""hfov"":7.293355464935303,""vfov"":4.106302738189697,""state"":0,""max_aov_h"":90.0,""max_aov_v"":58.71550750732422,""min_aov_h"":1.40625,""min_aov_v"":0.7910428047180176,""max_zoom"":64.0}",-4.3240074
20924694837800,gimbal,2580,"{""imu_roll"":0.0,""imu_pitch"":21.63710594177246,""imu_yaw"":-0.28090929985046387,""frame_roll"":0.0,""frame_pitch"":21.63710594177246,""frame_yaw"":-0.28090929985046387,""pitch_speed"":0.0,""yaw_speed"":0.0}",-4.3236961
20924709193200,position,506,"{""message_type"":""GLOBAL_POSITION_INT"",""lat"":469539704,""lon"":393492033}",-4.3093407
20924709351700,attitude,1009,"{""message_type"":""ATTITUDE"",""time_boot_ms"":112710,""roll"":-0.007519702427089214,""pitch"":0.1707749217748642,""yaw"":-3.0587058067321777,""rollspeed"":0.00032232911325991154,""pitchspeed"":0.003104210365563631,""yawspeed"":0.0022001636680215597}",-4.3091822
20924709731700,vfr,506,"{""message_type"":""VFR_HUD"",""airspeed"":29.36754608154297,""alt"":184.59999084472656}",-4.3088022
20924717494200,fov,2581,"{""zoom"":12.339999198913574,""hfov"":7.293355464935303,""vfov"":4.106302738189697,""state"":0,""max_aov_h"":90.0,""max_aov_v"":58.71550750732422,""min_aov_h"":1.40625,""min_aov_v"":0.7910428047180176,""max_zoom"":64.0}",-4.3010397
20924717806300,gimbal,2581,"{""imu_roll"":0.0,""imu_pitch"":21.65300178527832,""imu_yaw"":-0.28379905223846436,""frame_roll"":0.0,""frame_pitch"":21.65300178527832,""frame_yaw"":-0.28379905223846436,""pitch_speed"":0.0,""yaw_speed"":0.0}",-4.3007276
20924727407800,target_offset,365,"{""x_angle_offset"":-0.02279173582792282,""y_angle_offset"":0.09885543628975196}",-4.2911261
20924746608600,fov,2582,"{""zoom"":12.339999198913574,""hfov"":7.293355464935303,""vfov"":4.106302738189697,""state"":0,""max_aov_h"":90.0,""max_aov_v"":58.71550750732422,""min_aov_h"":1.40625,""min_aov_v"":0.7910428047180176,""max_zoom"":64.0}",-4.2719253
20924746908500,gimbal,2582,"{""imu_roll"":0.0,""imu_pitch"":21.67498207092285,""imu_yaw"":-0.28577354550361633,""frame_roll"":0.0,""frame_pitch"":21.67498207092285,""frame_yaw"":-0.28577354550361633,""pitch_speed"":0.0,""yaw_speed"":0.0}",-4.2716254
20924750336000,target_offset,366,"{""x_angle_offset"":-0.02279173582792282,""y_angle_offset"":0.1064597006197329}",-4.2681979
20924753850200,range,1033,"{""message_type"":""GLOBAL_VISION_POSITION_ESTIMATE"",""x"":46.94792556762695,""y"":39.34849166870117}",-4.2646837
20924756728600,range,1034,"{""message_type"":""GLOBAL_VISION_POSITION_ESTIMATE"",""x"":46.94792556762695,""y"":39.34849166870117}",-4.2618053
20924766864600,fov,2583,"{""zoom"":12.339999198913574,""hfov"":7.293355464935303,""vfov"":4.106302738189697,""state"":0,""max_aov_h"":90.0,""max_aov_v"":58.71550750732422,""min_aov_h"":1.40625,""min_aov_v"":0.7910428047180176,""max_zoom"":64.0}",-4.2516693
20924767646800,gimbal,2583,"{""imu_roll"":0.0,""imu_pitch"":21.69784164428711,""imu_yaw"":-0.29211127758026123,""frame_roll"":0.0,""frame_pitch"":21.69784164428711,""frame_yaw"":-0.29211127758026123,""pitch_speed"":0.0,""yaw_speed"":0.0}",-4.2508871
20924775960400,attitude,1010,"{""message_type"":""ATTITUDE"",""time_boot_ms"":112770,""roll"":-0.007329869084060192,""pitch"":0.1708945780992508,""yaw"":-3.0586798191070557,""rollspeed"":0.0007048782426863909,""pitchspeed"":0.00213993270881474,""yawspeed"":0.0025270527694374323}",-4.2425735
20924793139700,fov,2584,"{""zoom"":12.339999198913574,""hfov"":7.293355464935303,""vfov"":4.106302738189697,""state"":0,""max_aov_h"":90.0,""max_aov_v"":58.71550750732422,""min_aov_h"":1.40625,""min_aov_v"":0.7910428047180176,""max_zoom"":64.0}",-4.2253942
20924793611400,gimbal,2584,"{""imu_roll"":0.0,""imu_pitch"":21.71528434753418,""imu_yaw"":-0.29830121994018555,""frame_roll"":0.0,""frame_pitch"":21.71528434753418,""frame_yaw"":-0.29830121994018555,""pitch_speed"":0.0,""yaw_speed"":0.0}",-4.2249225
20924798424500,target_offset,367,"{""x_angle_offset"":-0.02279173582792282,""y_angle_offset"":0.1064597006197329}",-4.2201094
20924814309600,fov,2585,"{""zoom"":12.339999198913574,""hfov"":7.293355464935303,""vfov"":4.106302738189697,""state"":0,""max_aov_h"":90.0,""max_aov_v"":58.71550750732422,""min_aov_h"":1.40625,""min_aov_v"":0.7910428047180176,""max_zoom"":64.0}",-4.2042243
20924814641600,position,507,"{""message_type"":""GLOBAL_POSITION_INT"",""lat"":469539704,""lon"":393492033}",-4.2038923
20924814851700,attitude,1011,"{""message_type"":""ATTITUDE"",""time_boot_ms"":112810,""roll"":-0.007190169300884008,""pitch"":0.17094434797763824,""yaw"":-3.058657646179199,""rollspeed"":0.0009522694163024426,""pitchspeed"":0.0015568549279123545,""yawspeed"":0.002689109882339835}",-4.2036822
20924815318400,vfr,507,"{""message_type"":""VFR_HUD"",""airspeed"":29.361482620239258,""alt"":184.8699951171875}",-4.2032155
20924815466300,gimbal,2585,"{""imu_roll"":0.0,""imu_pitch"":21.740880966186523,""imu_yaw"":-0.3021121323108673,""frame_roll"":0.0,""frame_pitch"":21.740880966186523,""frame_yaw"":-0.3021121323108673,""pitch_speed"":0.0,""yaw_speed"":0.0}",-4.2030676
20924839363000,fov,2586,"{""zoom"":12.339999198913574,""hfov"":7.293355464935303,""vfov"":4.106302738189697,""state"":0,""max_aov_h"":90.0,""max_aov_v"":58.71550750732422,""min_aov_h"":1.40625,""min_aov_v"":0.7910428047180176,""max_zoom"":64.0}",-4.1791709
20924839692300,gimbal,2586,"{""imu_roll"":0.0,""imu_pitch"":21.757598876953125,""imu_yaw"":-0.3056648075580597,""frame_roll"":0.0,""frame_pitch"":21.757598876953125,""frame_yaw"":-0.3056648075580597,""pitch_speed"":0.0,""yaw_speed"":0.0}",-4.1788416
20924849363100,target_offset,368,"{""x_angle_offset"":-0.02279173582792282,""y_angle_offset"":0.1064597006197329}",-4.1691708
20924866509800,fov,2587,"{""zoom"":12.339999198913574,""hfov"":7.293355464935303,""vfov"":4.106302738189697,""state"":0,""max_aov_h"":90.0,""max_aov_v"":58.71550750732422,""min_aov_h"":1.40625,""min_aov_v"":0.7910428047180176,""max_zoom"":64.0}",-4.1520241
20924866809300,gimbal,2587,"{""imu_roll"":0.0,""imu_pitch"":21.787248611450195,""imu_yaw"":-0.30763867497444153,""frame_roll"":0.0,""frame_pitch"":21.787248611450195,""frame_yaw"":-0.30763867497444153,""pitch_speed"":0.0,""yaw_speed"":0.0}",-4.1517246
20924870325200,target_offset,369,"{""x_angle_offset"":-0.02279173582792282,""y_angle_offset"":0.11406396494971381}",-4.1482087
20924882035700,attitude,1012,"{""message_type"":""ATTITUDE"",""time_boot_ms"":112870,""roll"":-0.006959767546504736,""pitch"":0.17098797857761383,""yaw"":-3.0586135387420654,""rollspeed"":0.001349273370578885,""pitchspeed"":0.000994453439489007,""yawspeed"":0.002834119601175189}",-4.1364982
20924891329700,fov,2588,"{""zoom"":12.339999198913574,""hfov"":7.293355464935303,""vfov"":4.106302738189697,""state"":0,""max_aov_h"":90.0,""max_aov_v"":58.71550750732422,""min_aov_h"":1.40625,""min_aov_v"":0.7910428047180176,""max_zoom"":64.0}",-4.1272042
20924891773300,gimbal,2588,"{""imu_roll"":0.0,""imu_pitch"":21.81197166442871,""imu_yaw"":-0.31499096751213074,""frame_roll"":0.0,""frame_pitch"":21.81197166442871,""frame_yaw"":-0.31499096751213074,""pitch_speed"":0.0,""yaw_speed"":0.0}",-4.1267606
20924905336600,range,1035,"{""message_type"":""GLOBAL_VISION_POSITION_ESTIMATE"",""x"":46.94792556762695,""y"":39.34849166870117}",-4.1131973
20924916705400,fov,2589,"{""zoom"":12.339999198913574,""hfov"":7.293355464935303,""vfov"":4.106302738189697,""state"":0,""max_aov_h"":90.0,""max_aov_v"":58.71550750732422,""min_aov_h"":1.40625,""min_aov_v"":0.7910428047180176,""max_zoom"":64.0}",-4.1018285
20924916977900,gimbal,2589,"{""imu_roll"":0.0,""imu_pitch"":21.830209732055664,""imu_yaw"":-0.3218867778778076,""frame_roll"":0.0,""frame_pitch"":21.830209732055664,""frame_yaw"":-0.3218867778778076,""pitch_speed"":0.0,""yaw_speed"":0.0}",-4.101556
20924922449500,target_offset,370,"{""x_angle_offset"":-0.02279173582792282,""y_angle_offset"":0.11406396494971381}",-4.0960844
20924926022600,range,1036,"{""message_type"":""GLOBAL_VISION_POSITION_ESTIMATE"",""x"":46.94792556762695,""y"":39.34849166870117}",-4.0925113
20924926273000,attitude,1013,"{""message_type"":""ATTITUDE"",""time_boot_ms"":112910,""roll"":-0.006763896439224482,""pitch"":0.17087849974632263,""yaw"":-3.058574914932251,""rollspeed"":0.0015151312109082937,""pitchspeed"":0.0007138213259167969,""yawspeed"":0.0029639697168022394}",-4.0922609
20924926516300,vfr,508,"{""message_type"":""VFR_HUD"",""airspeed"":29.357236862182617,""alt"":185.14999389648438}",-4.0920176
20924926580900,position,508,"{""message_type"":""GLOBAL_POSITION_INT"",""lat"":469539135,""lon"":393491964}",-4.091953
20924938174500,fov,2590,"{""zoom"":12.339999198913574,""hfov"":7.293355464935303,""vfov"":4.106302738189697,""state"":0,""max_aov_h"":90.0,""max_aov_v"":58.71550750732422,""min_aov_h"":1.40625,""min_aov_v"":0.7910428047180176,""max_zoom"":64.0}",-4.0803594
20924938704000,gimbal,2590,"{""imu_roll"":0.0,""imu_pitch"":21.851987838745117,""imu_yaw"":-0.32490217685699463,""frame_roll"":0.0,""frame_pitch"":21.851987838745117,""frame_yaw"":-0.32490217685699463,""pitch_speed"":0.0,""yaw_speed"":0.0}",-4.0798299
20924958463900,fov,2591,"{""zoom"":12.339999198913574,""hfov"":7.293355464935303,""vfov"":4.106302738189697,""state"":0,""max_aov_h"":90.0,""max_aov_v"":58.71550750732422,""min_aov_h"":1.40625,""min_aov_v"":0.7910428047180176,""max_zoom"":64.0}",-4.06007
20924958776700,gimbal,2591,"{""imu_roll"":0.0,""imu_pitch"":21.8670711517334,""imu_yaw"":-0.32777976989746094,""frame_roll"":0.0,""frame_pitch"":21.8670711517334,""frame_yaw"":-0.32777976989746094,""pitch_speed"":0.0,""yaw_speed"":0.0}",-4.0597572
20924970269100,target_offset,371,"{""x_angle_offset"":-0.030388981103897095,""y_angle_offset"":0.1064597006197329}",-4.0482648
20924986652000,fov,2592,"{""zoom"":12.339999198913574,""hfov"":7.293355464935303,""vfov"":4.106302738189697,""state"":0,""max_aov_h"":90.0,""max_aov_v"":58.71550750732422,""min_aov_h"":1.40625,""min_aov_v"":0.7910428047180176,""max_zoom"":64.0}",-4.0318819
20924987523000,gimbal,2592,"{""imu_roll"":0.0,""imu_pitch"":21.8964786529541,""imu_yaw"":-0.33609944581985474,""frame_roll"":0.0,""frame_pitch"":21.8964786529541,""frame_yaw"":-0.33609944581985474,""pitch_speed"":0.0,""yaw_speed"":0.0}",-4.0310109
20924989891400,target_offset,372,"{""x_angle_offset"":-0.030388981103897095,""y_angle_offset"":0.1064597006197329}",-4.0286425
20924994241900,attitude,1014,"{""message_type"":""ATTITUDE"",""time_boot_ms"":112970,""roll"":-0.006451861467212439,""pitch"":0.17068487405776978,""yaw"":-3.058504819869995,""rollspeed"":0.0018355876673012972,""pitchspeed"":0.00014529121108353138,""yawspeed"":0.003157202387228608}",-4.024292
20925009999700,fov,2593,"{""zoom"":12.339999198913574,""hfov"":7.293355464935303,""vfov"":4.106302738189697,""state"":0,""max_aov_h"":90.0,""max_aov_v"":58.71550750732422,""min_aov_h"":1.40625,""min_aov_v"":0.7910428047180176,""max_zoom"":64.0}",-4.0085342
20925010190000,gimbal,2593,"{""imu_roll"":0.0,""imu_pitch"":21.92011070251465,""imu_yaw"":-0.34163740277290344,""frame_roll"":0.0,""frame_pitch"":21.92011070251465,""frame_yaw"":-0.34163740277290344,""pitch_speed"":0.0,""yaw_speed"":0.0}",-4.0083439
20925030826400,attitude,1015,"{""message_type"":""ATTITUDE"",""time_boot_ms"":113010,""roll"":-0.006252577528357506,""pitch"":0.1705523282289505,""yaw"":-3.0584564208984375,""rollspeed"":0.0013670804910361767,""pitchspeed"":0.0003259806544519961,""yawspeed"":0.0032955685164779425}",-3.9877075
20925031211200,vfr,509,"{""message_type"":""VFR_HUD"",""airspeed"":29.32465171813965,""alt"":185.42999267578125}",-3.9873227
20925031324600,position,509,"{""message_type"":""GLOBAL_POSITION_INT"",""lat"":469539135,""lon"":393491964}",-3.9872093
20925034255700,fov,2594,"{""zoom"":12.339999198913574,""hfov"":7.293355464935303,""vfov"":4.106302738189697,""state"":0,""max_aov_h"":90.0,""max_aov_v"":58.71550750732422,""min_aov_h"":1.40625,""min_aov_v"":0.7910428047180176,""max_zoom"":64.0}",-3.9842782
20925034555500,gimbal,2594,"{""imu_roll"":0.0,""imu_pitch"":21.939001083374023,""imu_yaw"":-0.347646027803421,""frame_roll"":0.0,""frame_pitch"":21.939001083374023,""frame_yaw"":-0.347646027803421,""pitch_speed"":0.0,""yaw_speed"":0.0}",-3.9839784
20925036794000,target_offset,373,"{""x_angle_offset"":-0.030388981103897095,""y_angle_offset"":0.1064597006197329}",-3.9817399
20925057406100,fov,2595,"{""zoom"":12.339999198913574,""hfov"":7.293355464935303,""vfov"":4.106302738189697,""state"":0,""max_aov_h"":90.0,""max_aov_v"":58.71550750732422,""min_aov_h"":1.40625,""min_aov_v"":0.7910428047180176,""max_zoom"":64.0}",-3.9611278
20925057720900,gimbal,2595,"{""imu_roll"":0.0,""imu_pitch"":21.960893630981445,""imu_yaw"":-0.3548814356327057,""frame_roll"":0.0,""frame_pitch"":21.960893630981445,""frame_yaw"":-0.3548814356327057,""pitch_speed"":0.0,""yaw_speed"":0.0}",-3.960813
20925059483600,range,1037,"{""message_type"":""GLOBAL_VISION_POSITION_ESTIMATE"",""x"":46.94786834716797,""y"":39.348480224609375}",-3.9590503
20925070058300,range,1038,"{""message_type"":""GLOBAL_VISION_POSITION_ESTIMATE"",""x"":46.94786834716797,""y"":39.348480224609375}",-3.9484756
20925079226400,fov,2596,"{""zoom"":12.339999198913574,""hfov"":7.293355464935303,""vfov"":4.106302738189697,""state"":0,""max_aov_h"":90.0,""max_aov_v"":58.71550750732422,""min_aov_h"":1.40625,""min_aov_v"":0.7910428047180176,""max_zoom"":64.0}",-3.9393075
20925079588100,gimbal,2596,"{""imu_roll"":0.0,""imu_pitch"":21.97693634033203,""imu_yaw"":-0.3612135946750641,""frame_roll"":0.0,""frame_pitch"":21.97693634033203,""frame_yaw"":-0.3612135946750641,""pitch_speed"":0.0,""yaw_speed"":0.0}",-3.9389458
20925088578300,target_offset,374,"{""x_angle_offset"":-0.030388981103897095,""y_angle_offset"":0.09885543628975196}",-3.9299556
20925095620800,attitude,1016,"{""message_type"":""ATTITUDE"",""time_boot_ms"":113070,""roll"":-0.005986920092254877,""pitch"":0.17039549350738525,""yaw"":-3.058373212814331,""rollspeed"":0.0009198372717946768,""pitchspeed"":0.0013039216864854097,""yawspeed"":0.003392896382138133}",-3.9229131
20925103708600,fov,2597,"{""zoom"":12.339999198913574,""hfov"":7.293355464935303,""vfov"":4.106302738189697,""state"":0,""max_aov_h"":90.0,""max_aov_v"":58.71550750732422,""min_aov_h"":1.40625,""min_aov_v"":0.7910428047180176,""max_zoom"":64.0}",-3.9148253
20925104120100,gimbal,2597,"{""imu_roll"":0.0,""imu_pitch"":21.99936294555664,""imu_yaw"":-0.366057425737381,""frame_roll"":0.0,""frame_pitch"":21.99936294555664,""frame_yaw"":-0.366057425737381,""pitch_speed"":0.0,""yaw_speed"":0.0}",-3.9144138
20925111636600,target_offset,375,"{""x_angle_offset"":-0.030388981103897095,""y_angle_offset"":0.09885543628975196}",-3.9068973
20925129152700,fov,2598,"{""zoom"":12.339999198913574,""hfov"":7.293355464935303,""vfov"":4.106302738189697,""state"":0,""max_aov_h"":90.0,""max_aov_v"":58.71550750732422,""min_aov_h"":1.40625,""min_aov_v"":0.7910428047180176,""max_zoom"":64.0}",-3.8893812
20925129541300,gimbal,2598,"{""imu_roll"":0.0,""imu_pitch"":22.021385192871094,""imu_yaw"":-0.3761604428291321,""frame_roll"":0.0,""frame_pitch"":22.021385192871094,""frame_yaw"":-0.3761604428291321,""pitch_speed"":0.0,""yaw_speed"":0.0}",-3.8889926
20925135204600,attitude,1017,"{""message_type"":""ATTITUDE"",""time_boot_ms"":113110,""roll"":-0.005823484621942043,""pitch"":0.1703868806362152,""yaw"":-3.0583152770996094,""rollspeed"":0.00030100904405117035,""pitchspeed"":0.0015593254938721657,""yawspeed"":0.0034593285527080297}",-3.8833293
20925135414500,vfr,510,"{""message_type"":""VFR_HUD"",""airspeed"":29.301820755004883,""alt"":185.70999145507812}",-3.8831194
20925135481700,position,510,"{""message_type"":""GLOBAL_POSITION_INT"",""lat"":469538570,""lon"":393491893}",-3.8830522
20925151443400,fov,2599,"{""zoom"":12.339999198913574,""hfov"":7.293355464935303,""vfov"":4.106302738189697,""state"":0,""max_aov_h"":90.0,""max_aov_v"":58.71550750732422,""min_aov_h"":1.40625,""min_aov_v"":0.7910428047180176,""max_zoom"":64.0}",-3.8670905
20925151765000,gimbal,2599,"{""imu_roll"":0.0,""imu_pitch"":22.03401756286621,""imu_yaw"":-0.38332119584083557,""frame_roll"":0.0,""frame_pitch"":22.03401756286621,""frame_yaw"":-0.38332119584083557,""pitch_speed"":0.0,""yaw_speed"":0.0}",-3.8667689
20925159791200,target_offset,376,"{""x_angle_offset"":-0.030388981103897095,""y_angle_offset"":0.09885543628975196}",-3.8587427
20925177091700,fov,2600,"{""zoom"":12.339999198913574,""hfov"":7.293355464935303,""vfov"":4.106302738189697,""state"":0,""max_aov_h"":90.0,""max_aov_v"":58.71550750732422,""min_aov_h"":1.40625,""min_aov_v"":0.7910428047180176,""max_zoom"":64.0}",-3.8414422
20925177372600,gimbal,2600,"{""imu_roll"":0.0,""imu_pitch"":22.057279586791992,""imu_yaw"":-0.38825371861457825,""frame_roll"":0.0,""frame_pitch"":22.057279586791992,""frame_yaw"":-0.38825371861457825,""pitch_speed"":0.0,""yaw_speed"":0.0}",-3.8411613
20925190837900,attitude,1018,"{""message_type"":""ATTITUDE"",""time_boot_ms"":113170,""roll"":-0.005563560873270035,""pitch"":0.17048008739948273,""yaw"":-3.0582172870635986,""rollspeed"":0.0005433990154415369,""pitchspeed"":0.0013668779283761978,""yawspeed"":0.003596278140321374}",-3.827696
20925201394000,fov,2601,"{""zoom"":12.339999198913574,""hfov"":7.293355464935303,""vfov"":4.106302738189697,""state"":0,""max_aov_h"":90.0,""max_aov_v"":58.71550750732422,""min_aov_h"":1.40625,""min_aov_v"":0.7910428047180176,""max_zoom"":64.0}",-3.8171399
20925201719000,gimbal,2601,"{""imu_roll"":0.0,""imu_pitch"":22.07282829284668,""imu_yaw"":-0.39322760701179504,""frame_roll"":0.0,""frame_pitch"":22.07282829284668,""frame_yaw"":-0.39322760701179504,""pitch_speed"":0.0,""yaw_speed"":0.0}",-3.8168149
20925207887400,target_offset,377,"{""x_angle_offset"":-0.030388981103897095,""y_angle_offset"":0.09125117195977105}",-3.8106465
20925214298600,range,1039,"{""message_type"":""GLOBAL_VISION_POSITION_ESTIMATE"",""x"":46.947818756103516,""y"":39.34849548339844}",-3.8042353
20925215798000,range,1040,"{""message_type"":""GLOBAL_VISION_POSITION_ESTIMATE"",""x"":46.947818756103516,""y"":39.34849548339844}",-3.8027359
20925228523100,fov,2602,"{""zoom"":12.339999198913574,""hfov"":7.293355464935303,""vfov"":4.106302738189697,""state"":0,""max_aov_h"":90.0,""max_aov_v"":58.71550750732422,""min_aov_h"":1.40625,""min_aov_v"":0.7910428047180176,""max_zoom"":64.0}",-3.7900108
20925228847300,gimbal,2602,"{""imu_roll"":0.0,""imu_pitch"":22.0947208404541,""imu_yaw"":-0.40199530124664307,""frame_roll"":0.0,""frame_pitch"":22.0947208404541,""frame_yaw"":-0.40199530124664307,""pitch_speed"":0.0,""yaw_speed"":0.0}",-3.7896866
20925232812100,target_offset,378,"{""x_angle_offset"":-0.030388981103897095,""y_angle_offset"":0.09885543628975196}",-3.7857218
20925239590200,vfr,511,"{""message_type"":""VFR_HUD"",""airspeed"":29.28582763671875,""alt"":185.989990234375}",-3.7789437
20925239676400,position,511,"{""message_type"":""GLOBAL_POSITION_INT"",""lat"":469538570,""lon"":393491893}",-3.7788575
20925239742000,attitude,1019,"{""message_type"":""ATTITUDE"",""time_boot_ms"":113210,""roll"":-0.005401416681706905,""pitch"":0.17054560780525208,""yaw"":-3.058152675628662,""rollspeed"":7.423269562423229e-05,""pitchspeed"":0.001605733297765255,""yawspeed"":0.003621673909947276}",-3.7787919
20925247534300,fov,2603,"{""zoom"":12.339999198913574,""hfov"":7.293355464935303,""vfov"":4.106302738189697,""state"":0,""max_aov_h"":90.0,""max_aov_v"":58.71550750732422,""min_aov_h"":1.40625,""min_aov_v"":0.7910428047180176,""max_zoom"":64.0}",-3.7709996
20925247902200,gimbal,2603,"{""imu_roll"":0.0,""imu_pitch"":22.115264892578125,""imu_yaw"":-0.40668731927871704,""frame_roll"":0.0,""frame_pitch"":22.115264892578125,""frame_yaw"":-0.40668731927871704,""pitch_speed"":0.0,""yaw_speed"":0.0}",-3.7706317
20925270677100,fov,2604,"{""zoom"":12.339999198913574,""hfov"":7.293355464935303,""vfov"":4.106302738189697,""state"":0,""max_aov_h"":90.0,""max_aov_v"":58.71550750732422,""min_aov_h"":1.40625,""min_aov_v"":0.7910428047180176,""max_zoom"":64.0}",-3.7478568
20925271377100,gimbal,2604,"{""imu_roll"":0.0,""imu_pitch"":22.13219451904297,""imu_yaw"":-0.41189074516296387,""frame_roll"":0.0,""frame_pitch"":22.13219451904297,""frame_yaw"":-0.41189074516296387,""pitch_speed"":0.0,""yaw_speed"":0.0}",-3.7471568
20925279076700,target_offset,379,"{""x_angle_offset"":-0.030388981103897095,""y_angle_offset"":0.09885543628975196}",-3.7394572
20925293703200,fov,2605,"{""zoom"":12.339999198913574,""hfov"":7.293355464935303,""vfov"":4.106302738189697,""state"":0,""max_aov_h"":90.0,""max_aov_v"":58.71550750732422,""min_aov_h"":1.40625,""min_aov_v"":0.7910428047180176,""max_zoom"":64.0}",-3.7248307
20925293943100,gimbal,2605,"{""imu_roll"":0.0,""imu_pitch"":22.152151107788086,""imu_yaw"":-0.42026081681251526,""frame_roll"":0.0,""frame_pitch"":22.152151107788086,""frame_yaw"":-0.42026081681251526,""pitch_speed"":0.0,""yaw_speed"":0.0}",-3.7245908
20925303074600,attitude,1020,"{""message_type"":""ATTITUDE"",""time_boot_ms"":113270,""roll"":-0.005184284411370754,""pitch"":0.1706533581018448,""yaw"":-3.0580461025238037,""rollspeed"":-0.0004290917422622442,""pitchspeed"":0.0017915104981511831,""yawspeed"":0.003741615219041705}",-3.7154593
20925318791000,fov,2606,"{""zoom"":12.339999198913574,""hfov"":7.293355464935303,""vfov"":4.106302738189697,""state"":0,""max_aov_h"":90.0,""max_aov_v"":58.71550750732422,""min_aov_h"":1.40625,""min_aov_v"":0.7910428047180176,""max_zoom"":64.0}",-3.6997429
20925319469600,gimbal,2606,"{""imu_roll"":0.0,""imu_pitch"":22.166919708251953,""imu_yaw"":-0.4280998706817627,""frame_roll"":0.0,""frame_pitch"":22.166919708251953,""frame_yaw"":-0.4280998706817627,""pitch_speed"":0.0,""yaw_speed"":0.0}",-3.6990643
20925327101800,target_offset,380,"{""x_angle_offset"":-0.03798622637987137,""y_angle_offset"":0.1064597006197329}",-3.6914321
20925345059000,fov,2607,"{""zoom"":12.339999198913574,""hfov"":7.293355464935303,""vfov"":4.106302738189697,""state"":0,""max_aov_h"":90.0,""max_aov_v"":58.71550750732422,""min_aov_h"":1.40625,""min_aov_v"":0.7910428047180176,""max_zoom"":64.0}",-3.6734749
20925345958100,gimbal,2607,"{""imu_roll"":0.0,""imu_pitch"":22.19070053100586,""imu_yaw"":-0.4385829269886017,""frame_roll"":0.0,""frame_pitch"":22.19070053100586,""frame_yaw"":-0.4385829269886017,""pitch_speed"":0.0,""yaw_speed"":0.0}",-3.6725758
20925350766700,vfr,512,"{""message_type"":""VFR_HUD"",""airspeed"":29.274627685546875,""alt"":186.26998901367188}",-3.6677672
20925350935000,position,512,"{""message_type"":""GLOBAL_POSITION_INT"",""lat"":469538003,""lon"":393491823}",-3.6675989
20925351009600,attitude,1021,"{""message_type"":""ATTITUDE"",""time_boot_ms"":113310,""roll"":-0.005056548397988081,""pitch"":0.17073732614517212,""yaw"":-3.0579795837402344,""rollspeed"":-0.0007694134255871177,""pitchspeed"":0.002037431811913848,""yawspeed"":0.0037078422028571367}",-3.6675243
20925352273800,target_offset,381,"{""x_angle_offset"":-0.03798622637987137,""y_angle_offset"":0.1064597006197329}",-3.6662601
20925366797800,fov,2608,"{""zoom"":12.339999198913574,""hfov"":7.293355464935303,""vfov"":4.106302738189697,""state"":0,""max_aov_h"":90.0,""max_aov_v"":58.71550750732422,""min_aov_h"":1.40625,""min_aov_v"":0.7910428047180176,""max_zoom"":64.0}",-3.6517361
20925367126600,gimbal,2608,"{""imu_roll"":0.0,""imu_pitch"":22.209888458251953,""imu_yaw"":-0.4446302652359009,""frame_roll"":0.0,""frame_pitch"":22.209888458251953,""frame_yaw"":-0.4446302652359009,""pitch_speed"":0.0,""yaw_speed"":0.0}",-3.6514073
20925370269900,range,1041,"{""message_type"":""GLOBAL_VISION_POSITION_ESTIMATE"",""x"":46.94856262207031,""y"":39.348575592041016}",-3.648264
20925372689300,range,1042,"{""message_type"":""GLOBAL_VISION_POSITION_ESTIMATE"",""x"":46.94856262207031,""y"":39.348575592041016}",-3.6458446
20925391878900,fov,2609,"{""zoom"":12.339999198913574,""hfov"":7.293355464935303,""vfov"":4.106302738189697,""state"":0,""max_aov_h"":90.0,""max_aov_v"":58.71550750732422,""min_aov_h"":1.40625,""min_aov_v"":0.7910428047180176,""max_zoom"":64.0}",-3.626655
20925392363400,gimbal,2609,"{""imu_roll"":0.0,""imu_pitch"":22.227794647216797,""imu_yaw"":-0.45204341411590576,""frame_roll"":0.0,""frame_pitch"":22.227794647216797,""frame_yaw"":-0.45204341411590576,""pitch_speed"":0.0,""yaw_speed"":0.0}",-3.6261705
20925397633400,target_offset,382,"{""x_angle_offset"":-0.03798622637987137,""y_angle_offset"":0.1064597006197329}",-3.6209005
20925412493600,attitude,1022,"{""message_type"":""ATTITUDE"",""time_boot_ms"":113370,""roll"":-0.004875385668128729,""pitch"":0.17075926065444946,""yaw"":-3.0578737258911133,""rollspeed"":-0.0009742020047269762,""pitchspeed"":0.00224531558342278,""yawspeed"":0.003736312733963132}",-3.6060403
20925415344300,fov,2610,"{""zoom"":12.339999198913574,""hfov"":7.293355464935303,""vfov"":4.106302738189697,""state"":0,""max_aov_h"":90.0,""max_aov_v"":58.71550750732422,""min_aov_h"":1.40625,""min_aov_v"":0.7910428047180176,""max_zoom"":64.0}",-3.6031896
20925415689400,gimbal,2610,"{""imu_roll"":0.0,""imu_pitch"":22.251102447509766,""imu_yaw"":-0.4614885449409485,""frame_roll"":0.0,""frame_pitch"":22.251102447509766,""frame_yaw"":-0.4614885449409485,""pitch_speed"":0.0,""yaw_speed"":0.0}",-3.6028445
20925438817300,fov,2611,"{""zoom"":12.339999198913574,""hfov"":7.293355464935303,""vfov"":4.106302738189697,""state"":0,""max_aov_h"":90.0,""max_aov_v"":58.71550750732422,""min_aov_h"":1.40625,""min_aov_v"":0.7910428047180176,""max_zoom"":64.0}",-3.5797166
20925439258700,gimbal,2611,"{""imu_roll"":0.0,""imu_pitch"":22.267250061035156,""imu_yaw"":-0.46939384937286377,""frame_roll"":0.0,""frame_pitch"":22.267250061035156,""frame_yaw"":-0.46939384937286377,""pitch_speed"":0.0,""yaw_speed"":0.0}",-3.5792752
20925447427800,target_offset,383,"{""x_angle_offset"":-0.03798622637987137,""y_angle_offset"":0.11406396494971381}",-3.5711061
20925456317200,vfr,513,"{""message_type"":""VFR_HUD"",""airspeed"":29.266786575317383,""alt"":186.5500030517578}",-3.5622167
20925456462400,position,513,"{""message_type"":""GLOBAL_POSITION_INT"",""lat"":469538003,""lon"":393491823}",-3.5620715
20925456573400,attitude,1023,"{""message_type"":""ATTITUDE"",""time_boot_ms"":113410,""roll"":-0.004766146652400494,""pitch"":0.17078429460525513,""yaw"":-3.057806968688965,""rollspeed"":-0.0012975218705832958,""pitchspeed"":0.002495682565495372,""yawspeed"":0.003706050803884864}",-3.5619605
20925465057300,fov,2612,"{""zoom"":12.339999198913574,""hfov"":7.293355464935303,""vfov"":4.106302738189697,""state"":0,""max_aov_h"":90.0,""max_aov_v"":58.71550750732422,""min_aov_h"":1.40625,""min_aov_v"":0.7910428047180176,""max_zoom"":64.0}",-3.5534766
20925465378500,gimbal,2612,"{""imu_roll"":0.0,""imu_pitch"":22.293039321899414,""imu_yaw"":-0.48035815358161926,""frame_roll"":0.0,""frame_pitch"":22.293039321899414,""frame_yaw"":-0.48035815358161926,""pitch_speed"":0.0,""yaw_speed"":0.0}",-3.5531554
20925471468300,target_offset,384,"{""x_angle_offset"":-0.03798622637987137,""y_angle_offset"":0.11406396494971381}",-3.5470656
20925486940400,fov,2613,"{""zoom"":12.339999198913574,""hfov"":7.293355464935303,""vfov"":4.106302738189697,""state"":0,""max_aov_h"":90.0,""max_aov_v"":58.71550750732422,""min_aov_h"":1.40625,""min_aov_v"":0.7910428047180176,""max_zoom"":64.0}",-3.5315935
20925487246800,gimbal,2613,"{""imu_roll"":0.0,""imu_pitch"":22.316795349121094,""imu_yaw"":-0.48835939168930054,""frame_roll"":0.0,""frame_pitch"":22.316795349121094,""frame_yaw"":-0.48835939168930054,""pitch_speed"":0.0,""yaw_speed"":0.0}",-3.5312871
20925512477100,fov,2614,"{""zoom"":12.339999198913574,""hfov"":7.293355464935303,""vfov"":4.106302738189697,""state"":0,""max_aov_h"":90.0,""max_aov_v"":58.71550750732422,""min_aov_h"":1.40625,""min_aov_v"":0.7910428047180176,""max_zoom"":64.0}",-3.5060568
20925512725500,gimbal,2614,"{""imu_roll"":0.0,""imu_pitch"":22.3338565826416,""imu_yaw"":-0.4958838224411011,""frame_roll"":0.0,""frame_pitch"":22.3338565826416,""frame_yaw"":-0.4958838224411011,""pitch_speed"":0.0,""yaw_speed"":0.0}",-3.5058084
20925518045000,target_offset,385,"{""x_angle_offset"":-0.03798622637987137,""y_angle_offset"":0.12166822927969473}",-3.5004889
20925521702600,attitude,1024,"{""message_type"":""ATTITUDE"",""time_boot_ms"":113470,""roll"":-0.004670388530939817,""pitch"":0.17085446417331696,""yaw"":-3.057706356048584,""rollspeed"":-0.0027006231248378754,""pitchspeed"":0.003173206700012088,""yawspeed"":0.0036811025347560644}",-3.4968313
20925525125600,range,1043,"{""message_type"":""GLOBAL_VISION_POSITION_ESTIMATE"",""x"":46.94856262207031,""y"":39.34857940673828}",-3.4934083
20925533935500,fov,2615,"{""zoom"":12.339999198913574,""hfov"":7.293355464935303,""vfov"":4.106302738189697,""state"":0,""max_aov_h"":90.0,""max_aov_v"":58.71550750732422,""min_aov_h"":1.40625,""min_aov_v"":0.7910428047180176,""max_zoom"":64.0}",-3.4845984
20925535669400,gimbal,2615,"{""imu_roll"":0.0,""imu_pitch"":22.357990264892578,""imu_yaw"":-0.5051127672195435,""frame_roll"":0.0,""frame_pitch"":22.357990264892578,""frame_yaw"":-0.5051127672195435,""pitch_speed"":0.0,""yaw_speed"":0.0}",-3.4828645
20925537387200,range,1044,"{""message_type"":""GLOBAL_VISION_POSITION_ESTIMATE"",""x"":46.94856262207031,""y"":39.34857940673828}",-3.4811467
20925557247800,attitude,1025,"{""message_type"":""ATTITUDE"",""time_boot_ms"":113510,""roll"":-0.004649427253752947,""pitch"":0.17092354595661163,""yaw"":-3.057642698287964,""rollspeed"":-0.0035090926103293896,""pitchspeed"":0.0036261475179344416,""yawspeed"":0.0036368935834616423}",-3.4612861
20925557695600,vfr,514,"{""message_type"":""VFR_HUD"",""airspeed"":29.261295318603516,""alt"":186.83999633789062}",-3.4608383
20925557823200,position,514,"{""message_type"":""GLOBAL_POSITION_INT"",""lat"":469538003,""lon"":393491823}",-3.4607107
20925558462500,fov,2616,"{""zoom"":12.339999198913574,""hfov"":7.293355464935303,""vfov"":4.106302738189697,""state"":0,""max_aov_h"":90.0,""max_aov_v"":58.71550750732422,""min_aov_h"":1.40625,""min_aov_v"":0.7910428047180176,""max_zoom"":64.0}",-3.4600714
20925558743800,gimbal,2616,"{""imu_roll"":0.0,""imu_pitch"":22.37566375732422,""imu_yaw"":-0.5136356353759766,""frame_roll"":0.0,""frame_pitch"":22.37566375732422,""frame_yaw"":-0.5136356353759766,""pitch_speed"":0.0,""yaw_speed"":0.0}",-3.4597901
20925565250000,target_offset,386,"{""x_angle_offset"":-0.03798622637987137,""y_angle_offset"":0.12166822927969473}",-3.4532839
20925589357200,target_offset,387,"{""x_angle_offset"":-0.03798622637987137,""y_angle_offset"":0.12927249360967566}",-3.4291767
20925595238400,fov,2617,"{""zoom"":12.339999198913574,""hfov"":7.293355464935303,""vfov"":4.106302738189697,""state"":0,""max_aov_h"":90.0,""max_aov_v"":58.71550750732422,""min_aov_h"":1.40625,""min_aov_v"":0.7910428047180176,""max_zoom"":64.0}",-3.4232955
20925595484100,gimbal,2617,"{""imu_roll"":0.0,""imu_pitch"":22.40652847290039,""imu_yaw"":-0.5266712307929993,""frame_roll"":0.0,""frame_pitch"":22.40652847290039,""frame_yaw"":-0.5266712307929993,""pitch_speed"":0.0,""yaw_speed"":0.0}",-3.4230498
20925608964300,fov,2618,"{""zoom"":12.339999198913574,""hfov"":7.293355464935303,""vfov"":4.106302738189697,""state"":0,""max_aov_h"":90.0,""max_aov_v"":58.71550750732422,""min_aov_h"":1.40625,""min_aov_v"":0.7910428047180176,""max_zoom"":64.0}",-3.4095696
20925609224900,gimbal,2618,"{""imu_roll"":0.0,""imu_pitch"":22.426382064819336,""imu_yaw"":-0.5329200625419617,""frame_roll"":0.0,""frame_pitch"":22.426382064819336,""frame_yaw"":-0.5329200625419617,""pitch_speed"":0.0,""yaw_speed"":0.0}",-3.409309
20925619215400,attitude,1026,"{""message_type"":""ATTITUDE"",""time_boot_ms"":113570,""roll"":-0.004669503774493933,""pitch"":0.17099617421627045,""yaw"":-3.057549238204956,""rollspeed"":-0.004242830444127321,""pitchspeed"":0.003876972245052457,""yawspeed"":0.003529278328642249}",-3.3993185
20925633840200,fov,2619,"{""zoom"":12.339999198913574,""hfov"":7.293355464935303,""vfov"":4.106302738189697,""state"":0,""max_aov_h"":90.0,""max_aov_v"":58.71550750732422,""min_aov_h"":1.40625,""min_aov_v"":0.7910428047180176,""max_zoom"":64.0}",-3.3846937
20925634058500,gimbal,2619,"{""imu_roll"":0.0,""imu_pitch"":22.44476890563965,""imu_yaw"":-0.5405785441398621,""frame_roll"":0.0,""frame_pitch"":22.44476890563965,""frame_yaw"":-0.5405785441398621,""pitch_speed"":0.0,""yaw_speed"":0.0}",-3.3844754
20925639225300,target_offset,388,"{""x_angle_offset"":-0.03798622637987137,""y_angle_offset"":0.12927249360967566}",-3.3793086
20925655992700,fov,2620,"{""zoom"":12.339999198913574,""hfov"":7.293355464935303,""vfov"":4.106302738189697,""state"":0,""max_aov_h"":90.0,""max_aov_v"":58.71550750732422,""min_aov_h"":1.40625,""min_aov_v"":0.7910428047180176,""max_zoom"":64.0}",-3.3625412
20925656833200,gimbal,2620,"{""imu_roll"":0.0,""imu_pitch"":22.47137451171875,""imu_yaw"":-0.5487906336784363,""frame_roll"":0.0,""frame_pitch"":22.47137451171875,""frame_yaw"":-0.5487906336784363,""pitch_speed"":0.0,""yaw_speed"":0.0}",-3.3617007
20925660478500,attitude,1027,"{""message_type"":""ATTITUDE"",""time_boot_ms"":113610,""roll"":-0.004685740452259779,""pitch"":0.17101573944091797,""yaw"":-3.057490110397339,""rollspeed"":-0.004016377497464418,""pitchspeed"":0.0033702526707202196,""yawspeed"":0.003567717270925641}",-3.3580554
20925660915600,vfr,515,"{""message_type"":""VFR_HUD"",""airspeed"":29.257450103759766,""alt"":187.11000061035156}",-3.3576183
20925660989800,position,515,"{""message_type"":""GLOBAL_POSITION_INT"",""lat"":469537437,""lon"":393491752}",-3.3575441
20925680597100,fov,2621,"{""zoom"":12.339999198913574,""hfov"":7.293355464935303,""vfov"":4.106302738189697,""state"":0,""max_aov_h"":90.0,""max_aov_v"":58.71550750732422,""min_aov_h"":1.40625,""min_aov_v"":0.7910428047180176,""max_zoom"":64.0}",-3.3379368
20925680942400,gimbal,2621,"{""imu_roll"":0.0,""imu_pitch"":22.492013931274414,""imu_yaw"":-0.5564501881599426,""frame_roll"":0.0,""frame_pitch"":22.492013931274414,""frame_yaw"":-0.5564501881599426,""pitch_speed"":0.0,""yaw_speed"":0.0}",-3.3375915
20925688582500,target_offset,389,"{""x_angle_offset"":-0.03798622637987137,""y_angle_offset"":0.13687675793965656}",-3.3299514
20925696273500,range,1045,"{""message_type"":""GLOBAL_VISION_POSITION_ESTIMATE"",""x"":46.948509216308594,""y"":39.34857940673828}",-3.3222604
20925708138700,fov,2622,"{""zoom"":12.339999198913574,""hfov"":7.293355464935303,""vfov"":4.106302738189697,""state"":0,""max_aov_h"":90.0,""max_aov_v"":58.71550750732422,""min_aov_h"":1.40625,""min_aov_v"":0.7910428047180176,""max_zoom"":64.0}",-3.3103952
20925708499100,gimbal,2622,"{""imu_roll"":0.0,""imu_pitch"":22.523733139038086,""imu_yaw"":-0.568128228187561,""frame_roll"":0.0,""frame_pitch"":22.523733139038086,""frame_yaw"":-0.568128228187561,""pitch_speed"":0.0,""yaw_speed"":0.0}",-3.3100348
20925708692200,range,1046,"{""message_type"":""GLOBAL_VISION_POSITION_ESTIMATE"",""x"":46.948509216308594,""y"":39.34857940673828}",-3.3098417
20925713779000,target_offset,390,"{""x_angle_offset"":-0.03798622637987137,""y_angle_offset"":0.16729381525958026}",-3.3047549
20925726170400,attitude,1028,"{""message_type"":""ATTITUDE"",""time_boot_ms"":113670,""roll"":-0.0047388458624482155,""pitch"":0.17097926139831543,""yaw"":-3.0574042797088623,""rollspeed"":-0.004704170860350132,""pitchspeed"":0.0020031833555549383,""yawspeed"":0.003402231028303504}",-3.2923635
20925728660200,fov,2623,"{""zoom"":12.339999198913574,""hfov"":7.293355464935303,""vfov"":4.106302738189697,""state"":0,""max_aov_h"":90.0,""max_aov_v"":58.71550750732422,""min_aov_h"":1.40625,""min_aov_v"":0.7910428047180176,""max_zoom"":64.0}",-3.2898737
20925731014900,gimbal,2623,"{""imu_roll"":0.0,""imu_pitch"":22.5604248046875,""imu_yaw"":-0.5757618546485901,""frame_roll"":0.0,""frame_pitch"":22.5604248046875,""frame_yaw"":-0.5757618546485901,""pitch_speed"":0.0,""yaw_speed"":0.0}",-3.287519
20925752693100,fov,2624,"{""zoom"":12.339999198913574,""hfov"":7.293355464935303,""vfov"":4.106302738189697,""state"":0,""max_aov_h"":90.0,""max_aov_v"":58.71550750732422,""min_aov_h"":1.40625,""min_aov_v"":0.7910428047180176,""max_zoom"":64.0}",-3.2658408
20925753150500,gimbal,2624,"{""imu_roll"":0.0,""imu_pitch"":22.586978912353516,""imu_yaw"":-0.5827688574790955,""frame_roll"":0.0,""frame_pitch"":22.586978912353516,""frame_yaw"":-0.5827688574790955,""pitch_speed"":0.0,""yaw_speed"":0.0}",-3.2653834
20925760898200,target_offset,391,"{""x_angle_offset"":-0.03798622637987137,""y_angle_offset"":0.16729381525958026}",-3.2576357
20925770264400,vfr,516,"{""message_type"":""VFR_HUD"",""airspeed"":29.22492790222168,""alt"":187.39999389648438}",-3.2482695
20925770365900,position,516,"{""message_type"":""GLOBAL_POSITION_INT"",""lat"":469537437,""lon"":393491752}",-3.248168
20925770433400,attitude,1029,"{""message_type"":""ATTITUDE"",""time_boot_ms"":113710,""roll"":-0.0047752633690834045,""pitch"":0.17092037200927734,""yaw"":-3.0573537349700928,""rollspeed"":-0.004359141923487186,""pitchspeed"":0.0014832811430096626,""yawspeed"":0.003304315498098731}",-3.2481005
20925773166300,fov,2625,"{""zoom"":12.339999198913574,""hfov"":7.293355464935303,""vfov"":4.106302738189697,""state"":0,""max_aov_h"":90.0,""max_aov_v"":58.71550750732422,""min_aov_h"":1.40625,""min_aov_v"":0.7910428047180176,""max_zoom"":64.0}",-3.2453676
20925774112800,gimbal,2625,"{""imu_roll"":0.0,""imu_pitch"":22.61821174621582,""imu_yaw"":-0.5903269052505493,""frame_roll"":0.0,""frame_pitch"":22.61821174621582,""frame_yaw"":-0.5903269052505493,""pitch_speed"":0.0,""yaw_speed"":0.0}",-3.2444211
20925799196900,fov,2626,"{""zoom"":12.339999198913574,""hfov"":7.293355464935303,""vfov"":4.106302738189697,""state"":0,""max_aov_h"":90.0,""max_aov_v"":58.71550750732422,""min_aov_h"":1.40625,""min_aov_v"":0.7910428047180176,""max_zoom"":64.0}",-3.219337
20925799645500,gimbal,2626,"{""imu_roll"":0.0,""imu_pitch"":22.6489315032959,""imu_yaw"":-0.5993432998657227,""frame_roll"":0.0,""frame_pitch"":22.6489315032959,""frame_yaw"":-0.5993432998657227,""pitch_speed"":0.0,""yaw_speed"":0.0}",-3.2188884
20925801636300,target_offset,392,"{""x_angle_offset"":-0.03798622637987137,""y_angle_offset"":0.15968955092959933}",-3.2168976
20925825046200,fov,2627,"{""zoom"":12.339999198913574,""hfov"":7.293355464935303,""vfov"":4.106302738189697,""state"":0,""max_aov_h"":90.0,""max_aov_v"":58.71550750732422,""min_aov_h"":1.40625,""min_aov_v"":0.7910428047180176,""max_zoom"":64.0}",-3.1934877
20925825409200,gimbal,2627,"{""imu_roll"":0.0,""imu_pitch"":22.685752868652344,""imu_yaw"":-0.6095845699310303,""frame_roll"":0.0,""frame_pitch"":22.685752868652344,""frame_yaw"":-0.6095845699310303,""pitch_speed"":0.0,""yaw_speed"":0.0}",-3.1931247
20925831001500,target_offset,393,"{""x_angle_offset"":-0.04558347165584564,""y_angle_offset"":0.12166822927969473}",-3.1875324
20925841182900,attitude,1030,"{""message_type"":""ATTITUDE"",""time_boot_ms"":113770,""roll"":-0.004796809051185846,""pitch"":0.17088483273983002,""yaw"":-3.0572783946990967,""rollspeed"":-0.0036172575782984495,""pitchspeed"":0.000911919807549566,""yawspeed"":0.0032596339005976915}",-3.177351
20925844735200,fov,2628,"{""zoom"":12.339999198913574,""hfov"":7.293355464935303,""vfov"":4.106302738189697,""state"":0,""max_aov_h"":90.0,""max_aov_v"":58.71550750732422,""min_aov_h"":1.40625,""min_aov_v"":0.7910428047180176,""max_zoom"":64.0}",-3.1737987
20925845086500,gimbal,2628,"{""imu_roll"":0.0,""imu_pitch"":22.709753036499023,""imu_yaw"":-0.6172221899032593,""frame_roll"":0.0,""frame_pitch"":22.709753036499023,""frame_yaw"":-0.6172221899032593,""pitch_speed"":0.0,""yaw_speed"":0.0}",-3.1734474
20925850562500,range,1047,"{""message_type"":""GLOBAL_VISION_POSITION_ESTIMATE"",""x"":46.948509216308594,""y"":39.348594665527344}",-3.1679714
20925859807300,range,1048,"{""message_type"":""GLOBAL_VISION_POSITION_ESTIMATE"",""x"":46.948509216308594,""y"":39.348594665527344}",-3.1587266
20925869780100,fov,2629,"{""zoom"":12.339999198913574,""hfov"":7.293355464935303,""vfov"":4.106302738189697,""state"":0,""max_aov_h"":90.0,""max_aov_v"":58.71550750732422,""min_aov_h"":1.40625,""min_aov_v"":0.7910428047180176,""max_zoom"":64.0}",-3.1487538
20925870208200,gimbal,2629,"{""imu_roll"":0.0,""imu_pitch"":22.728721618652344,""imu_yaw"":-0.6249710321426392,""frame_roll"":0.0,""frame_pitch"":22.728721618652344,""frame_yaw"":-0.6249710321426392,""pitch_speed"":0.0,""yaw_speed"":0.0}",-3.1483257
20925874965700,target_offset,394,"{""x_angle_offset"":-0.04558347165584564,""y_angle_offset"":0.12166822927969473}",-3.1435682
20925884818500,position,517,"{""message_type"":""GLOBAL_POSITION_INT"",""lat"":469536873,""lon"":393491681}",-3.1337154
20925884916900,attitude,1031,"{""message_type"":""ATTITUDE"",""time_boot_ms"":113810,""roll"":-0.0048095970414578915,""pitch"":0.17094431817531586,""yaw"":-3.0572385787963867,""rollspeed"":-0.0035923232790082693,""pitchspeed"":0.00028931809356436133,""yawspeed"":0.003099380759522319}",-3.133617
20925885146600,vfr,517,"{""message_type"":""VFR_HUD"",""airspeed"":29.2021427154541,""alt"":187.67999267578125}",-3.1333873
20925895645900,fov,2630,"{""zoom"":12.339999198913574,""hfov"":7.293355464935303,""vfov"":4.106302738189697,""state"":0,""max_aov_h"":90.0,""max_aov_v"":58.71550750732422,""min_aov_h"":1.40625,""min_aov_v"":0.7910428047180176,""max_zoom"":64.0}",-3.122888
20925895952100,gimbal,2630,"{""imu_roll"":0.0,""imu_pitch"":22.753662109375,""imu_yaw"":-0.6349351406097412,""frame_roll"":0.0,""frame_pitch"":22.753662109375,""frame_yaw"":-0.6349351406097412,""pitch_speed"":0.0,""yaw_speed"":0.0}",-3.1225818
20925917023700,fov,2631,"{""zoom"":12.339999198913574,""hfov"":7.293355464935303,""vfov"":4.106302738189697,""state"":0,""max_aov_h"":90.0,""max_aov_v"":58.71550750732422,""min_aov_h"":1.40625,""min_aov_v"":0.7910428047180176,""max_zoom"":64.0}",-3.1015102
20925917336700,gimbal,2631,"{""imu_roll"":0.0,""imu_pitch"":22.77019500732422,""imu_yaw"":-0.6427062153816223,""frame_roll"":0.0,""frame_pitch"":22.77019500732422,""frame_yaw"":-0.6427062153816223,""pitch_speed"":0.0,""yaw_speed"":0.0}",-3.1011972
20925925389500,target_offset,395,"{""x_angle_offset"":-0.04558347165584564,""y_angle_offset"":0.09125117195977105}",-3.0931444
20925942961300,fov,2632,"{""zoom"":12.339999198913574,""hfov"":7.293355464935303,""vfov"":4.106302738189697,""state"":0,""max_aov_h"":90.0,""max_aov_v"":58.71550750732422,""min_aov_h"":1.40625,""min_aov_v"":0.7910428047180176,""max_zoom"":64.0}",-3.0755726
20925943548200,gimbal,2632,"{""imu_roll"":0.0,""imu_pitch"":22.792179107666016,""imu_yaw"":-0.6545286774635315,""frame_roll"":0.0,""frame_pitch"":22.792179107666016,""frame_yaw"":-0.6545286774635315,""pitch_speed"":0.0,""yaw_speed"":0.0}",-3.0749857
20925950177200,target_offset,396,"{""x_angle_offset"":-0.04558347165584564,""y_angle_offset"":0.09125117195977105}",-3.0683567
20925954804700,attitude,1032,"{""message_type"":""ATTITUDE"",""time_boot_ms"":113870,""roll"":-0.004803703632205725,""pitch"":0.17100895941257477,""yaw"":-3.0571820735931396,""rollspeed"":-0.002976266900077462,""pitchspeed"":-0.00015206978423520923,""yawspeed"":0.00297151249833405}",-3.0637292
20925968105800,fov,2633,"{""zoom"":12.339999198913574,""hfov"":7.293355464935303,""vfov"":4.106302738189697,""state"":0,""max_aov_h"":90.0,""max_aov_v"":58.71550750732422,""min_aov_h"":1.40625,""min_aov_v"":0.7910428047180176,""max_zoom"":64.0}",-3.0504281
20925969109600,gimbal,2633,"{""imu_roll"":0.0,""imu_pitch"":22.81326675415039,""imu_yaw"":-0.6632843017578125,""frame_roll"":0.0,""frame_pitch"":22.81326675415039,""frame_yaw"":-0.6632843017578125,""pitch_speed"":0.0,""yaw_speed"":0.0}",-3.0494243
20925990340000,fov,2634,"{""zoom"":12.339999198913574,""hfov"":7.293355464935303,""vfov"":4.106302738189697,""state"":0,""max_aov_h"":90.0,""max_aov_v"":58.71550750732422,""min_aov_h"":1.40625,""min_aov_v"":0.7910428047180176,""max_zoom"":64.0}",-3.0281939
20925990655000,gimbal,2634,"{""imu_roll"":0.0,""imu_pitch"":22.82549285888672,""imu_yaw"":-0.6695281267166138,""frame_roll"":0.0,""frame_pitch"":22.82549285888672,""frame_yaw"":-0.6695281267166138,""pitch_speed"":0.0,""yaw_speed"":0.0}",-3.0278789
20925994151100,position,518,"{""message_type"":""GLOBAL_POSITION_INT"",""lat"":469536873,""lon"":393491681}",-3.0243828
20925994337900,attitude,1033,"{""message_type"":""ATTITUDE"",""time_boot_ms"":113910,""roll"":-0.004808057099580765,""pitch"":0.1710280030965805,""yaw"":-3.057152509689331,""rollspeed"":-0.003325139405205846,""pitchspeed"":-0.000633703893981874,""yawspeed"":0.002864847192540765}",-3.024196
20925994734500,vfr,518,"{""message_type"":""VFR_HUD"",""airspeed"":29.186180114746094,""alt"":187.95999145507812}",-3.0237994
20926002016300,target_offset,397,"{""x_angle_offset"":-0.04558347165584564,""y_angle_offset"":0.08364690762979013}",-3.0165176
20926006186200,range,1049,"{""message_type"":""GLOBAL_VISION_POSITION_ESTIMATE"",""x"":46.94844436645508,""y"":39.348594665527344}",-3.0123477
20926011452400,range,1050,"{""message_type"":""GLOBAL_VISION_POSITION_ESTIMATE"",""x"":46.94844436645508,""y"":39.348594665527344}",-3.0070815
20926013561600,fov,2635,"{""zoom"":12.339999198913574,""hfov"":7.293355464935303,""vfov"":4.106302738189697,""state"":0,""max_aov_h"":90.0,""max_aov_v"":58.71550750732422,""min_aov_h"":1.40625,""min_aov_v"":0.7910428047180176,""max_zoom"":64.0}",-3.0049723
20926014063400,gimbal,2635,"{""imu_roll"":0.0,""imu_pitch"":22.841917037963867,""imu_yaw"":-0.6787413954734802,""frame_roll"":0.0,""frame_pitch"":22.841917037963867,""frame_yaw"":-0.6787413954734802,""pitch_speed"":0.0,""yaw_speed"":0.0}",-3.0044705
20926041267600,fov,2636,"{""zoom"":12.339999198913574,""hfov"":7.293355464935303,""vfov"":4.106302738189697,""state"":0,""max_aov_h"":90.0,""max_aov_v"":58.71550750732422,""min_aov_h"":1.40625,""min_aov_v"":0.7910428047180176,""max_zoom"":64.0}",-2.9772663
20926041670700,gimbal,2636,"{""imu_roll"":0.0,""imu_pitch"":22.85508918762207,""imu_yaw"":-0.6876557469367981,""frame_roll"":0.0,""frame_pitch"":22.85508918762207,""frame_yaw"":-0.6876557469367981,""pitch_speed"":0.0,""yaw_speed"":0.0}",-2.9768632
20926046309700,target_offset,398,"{""x_angle_offset"":-0.04558347165584564,""y_angle_offset"":0.08364690762979013}",-2.9722242
20926054958900,attitude,1034,"{""message_type"":""ATTITUDE"",""time_boot_ms"":113970,""roll"":-0.0047893645241856575,""pitch"":0.1710405796766281,""yaw"":-3.057112216949463,""rollspeed"":-0.0027830335311591625,""pitchspeed"":-0.0009405224118381739,""yawspeed"":0.00274516805075109}",-2.963575
20926066294900,fov,2637,"{""zoom"":12.339999198913574,""hfov"":7.293355464935303,""vfov"":4.106302738189697,""state"":0,""max_aov_h"":90.0,""max_aov_v"":58.71550750732422,""min_aov_h"":1.40625,""min_aov_v"":0.7910428047180176,""max_zoom"":64.0}",-2.952239
20926066633900,gimbal,2637,"{""imu_roll"":0.0,""imu_pitch"":22.87240219116211,""imu_yaw"":-0.6994049549102783,""frame_roll"":0.0,""frame_pitch"":22.87240219116211,""frame_yaw"":-0.6994049549102783,""pitch_speed"":0.0,""yaw_speed"":0.0}",-2.9519
20926069801500,target_offset,399,"{""x_angle_offset"":-0.04558347165584564,""y_angle_offset"":0.09125117195977105}",-2.9487324
20926086428200,fov,2638,"{""zoom"":12.339999198913574,""hfov"":7.293355464935303,""vfov"":4.106302738189697,""state"":0,""max_aov_h"":90.0,""max_aov_v"":58.71550750732422,""min_aov_h"":1.40625,""min_aov_v"":0.7910428047180176,""max_zoom"":64.0}",-2.9321057
20926086801600,gimbal,2638,"{""imu_roll"":0.0,""imu_pitch"":22.89242172241211,""imu_yaw"":-0.7063971161842346,""frame_roll"":0.0,""frame_pitch"":22.89242172241211,""frame_yaw"":-0.7063971161842346,""pitch_speed"":0.0,""yaw_speed"":0.0}",-2.9317323
20926096654800,attitude,1035,"{""message_type"":""ATTITUDE"",""time_boot_ms"":114010,""roll"":-0.004807102959603071,""pitch"":0.17091777920722961,""yaw"":-3.0570993423461914,""rollspeed"":-0.0032240976579487324,""pitchspeed"":-0.0013847127556800842,""yawspeed"":0.0025596788618713617}",-2.9218791
20926096886500,vfr,519,"{""message_type"":""VFR_HUD"",""airspeed"":29.175003051757812,""alt"":188.239990234375}",-2.9216474
20926096953900,position,519,"{""message_type"":""GLOBAL_POSITION_INT"",""lat"":469536309,""lon"":393491611}",-2.92158
20926112388300,fov,2639,"{""zoom"":12.339999198913574,""hfov"":7.293355464935303,""vfov"":4.106302738189697,""state"":0,""max_aov_h"":90.0,""max_aov_v"":58.71550750732422,""min_aov_h"":1.40625,""min_aov_v"":0.7910428047180176,""max_zoom"":64.0}",-2.9061456
20926112877100,gimbal,2639,"{""imu_roll"":0.0,""imu_pitch"":22.908740997314453,""imu_yaw"":-0.7134863138198853,""frame_roll"":0.0,""frame_pitch"":22.908740997314453,""frame_yaw"":-0.7134863138198853,""pitch_speed"":0.0,""yaw_speed"":0.0}",-2.9056568
20926119193400,target_offset,400,"{""x_angle_offset"":-0.04558347165584564,""y_angle_offset"":0.09125117195977105}",-2.8993405
20926132787700,fov,2640,"{""zoom"":12.339999198913574,""hfov"":7.293355464935303,""vfov"":4.106302738189697,""state"":0,""max_aov_h"":90.0,""max_aov_v"":58.71550750732422,""min_aov_h"":1.40625,""min_aov_v"":0.7910428047180176,""max_zoom"":64.0}",-2.8857462
20926133112700,gimbal,2640,"{""imu_roll"":0.0,""imu_pitch"":22.925622940063477,""imu_yaw"":-0.7221225500106812,""frame_roll"":0.0,""frame_pitch"":22.925622940063477,""frame_yaw"":-0.7221225500106812,""pitch_speed"":0.0,""yaw_speed"":0.0}",-2.8854212
20926155436800,fov,2641,"{""zoom"":12.339999198913574,""hfov"":7.293355464935303,""vfov"":4.106302738189697,""state"":0,""max_aov_h"":90.0,""max_aov_v"":58.71550750732422,""min_aov_h"":1.40625,""min_aov_v"":0.7910428047180176,""max_zoom"":64.0}",-2.8630971
20926155847700,gimbal,2641,"{""imu_roll"":0.0,""imu_pitch"":22.937482833862305,""imu_yaw"":-0.7291203141212463,""frame_roll"":0.0,""frame_pitch"":22.937482833862305,""frame_yaw"":-0.7291203141212463,""pitch_speed"":0.0,""yaw_speed"":0.0}",-2.8626862
20926165385500,attitude,1036,"{""message_type"":""ATTITUDE"",""time_boot_ms"":114070,""roll"":-0.004850097466260195,""pitch"":0.1707066297531128,""yaw"":-3.0570833683013916,""rollspeed"":-0.003322210628539324,""pitchspeed"":-0.0018159078899770975,""yawspeed"":0.0024114849511533976}",-2.8531484
20926166745500,target_offset,401,"{""x_angle_offset"":-0.03798622637987137,""y_angle_offset"":0.09885543628975196}",-2.8517884
20926178318200,range,1051,"{""message_type"":""GLOBAL_VISION_POSITION_ESTIMATE"",""x"":46.94839859008789,""y"":39.34857940673828}",-2.8402157
20926184496300,fov,2642,"{""zoom"":12.339999198913574,""hfov"":7.293355464935303,""vfov"":4.106302738189697,""state"":0,""max_aov_h"":90.0,""max_aov_v"":58.71550750732422,""min_aov_h"":1.40625,""min_aov_v"":0.7910428047180176,""max_zoom"":64.0}",-2.8340376
20926185004900,gimbal,2642,"{""imu_roll"":0.0,""imu_pitch"":22.9619083404541,""imu_yaw"":-0.7353598475456238,""frame_roll"":0.0,""frame_pitch"":22.9619083404541,""frame_yaw"":-0.7353598475456238,""pitch_speed"":0.0,""yaw_speed"":0.0}",-2.833529
20926190697700,range,1052,"{""message_type"":""GLOBAL_VISION_POSITION_ESTIMATE"",""x"":46.94839859008789,""y"":39.34857940673828}",-2.8278362
20926192409100,target_offset,402,"{""x_angle_offset"":-0.03798622637987137,""y_angle_offset"":0.1064597006197329}",-2.8261248
20926204900200,fov,2643,"{""zoom"":12.339999198913574,""hfov"":7.293355464935303,""vfov"":4.106302738189697,""state"":0,""max_aov_h"":90.0,""max_aov_v"":58.71550750732422,""min_aov_h"":1.40625,""min_aov_v"":0.7910428047180176,""max_zoom"":64.0}",-2.8136337
20926205166900,gimbal,2643,"{""imu_roll"":0.0,""imu_pitch"":22.98316764831543,""imu_yaw"":-0.744480311870575,""frame_roll"":0.0,""frame_pitch"":22.98316764831543,""frame_yaw"":-0.744480311870575,""pitch_speed"":0.0,""yaw_speed"":0.0}",-2.813367
20926211115300,attitude,1037,"{""message_type"":""ATTITUDE"",""time_boot_ms"":114110,""roll"":-0.00488896993920207,""pitch"":0.1705503612756729,""yaw"":-3.057081460952759,""rollspeed"":-0.0037169503048062325,""pitchspeed"":-0.002221643226221204,""yawspeed"":0.002273996127769351}",-2.8074186
20926211332400,vfr,520,"{""message_type"":""VFR_HUD"",""airspeed"":29.167177200317383,""alt"":188.51998901367188}",-2.8072015
20926211397900,position,520,"{""message_type"":""GLOBAL_POSITION_INT"",""lat"":469536309,""lon"":393491611}",-2.807136
20926232903300,fov,2644,"{""zoom"":12.339999198913574,""hfov"":7.293355464935303,""vfov"":4.106302738189697,""state"":0,""max_aov_h"":90.0,""max_aov_v"":58.71550750732422,""min_aov_h"":1.40625,""min_aov_v"":0.7910428047180176,""max_zoom"":64.0}",-2.7856306
20926233271300,gimbal,2644,"{""imu_roll"":0.0,""imu_pitch"":22.999216079711914,""imu_yaw"":-0.752656877040863,""frame_roll"":0.0,""frame_pitch"":22.999216079711914,""frame_yaw"":-0.752656877040863,""pitch_speed"":0.0,""yaw_speed"":0.0}",-2.7852626
20926239969100,target_offset,403,"{""x_angle_offset"":-0.03798622637987137,""y_angle_offset"":0.1064597006197329}",-2.7785648
20926252959100,fov,2645,"{""zoom"":12.339999198913574,""hfov"":7.293355464935303,""vfov"":4.106302738189697,""state"":0,""max_aov_h"":90.0,""max_aov_v"":58.71550750732422,""min_aov_h"":1.40625,""min_aov_v"":0.7910428047180176,""max_zoom"":64.0}",-2.7655748
20926253246400,gimbal,2645,"{""imu_roll"":0.0,""imu_pitch"":23.021224975585938,""imu_yaw"":-0.7577126622200012,""frame_roll"":0.0,""frame_pitch"":23.021224975585938,""frame_yaw"":-0.7577126622200012,""pitch_speed"":0.0,""yaw_speed"":0.0}",-2.7652875
20926274086200,attitude,1038,"{""message_type"":""ATTITUDE"",""time_boot_ms"":114170,""roll"":-0.004931329283863306,""pitch"":0.17031733691692352,""yaw"":-3.0570857524871826,""rollspeed"":-0.0030252886936068535,""pitchspeed"":-0.002014187164604664,""yawspeed"":0.002088468289002776}",-2.7444477
20926278951900,fov,2646,"{""zoom"":12.339999198913574,""hfov"":7.293355464935303,""vfov"":4.106302738189697,""state"":0,""max_aov_h"":90.0,""max_aov_v"":58.71550750732422,""min_aov_h"":1.40625,""min_aov_v"":0.7910428047180176,""max_zoom"":64.0}",-2.739582
20926279260200,gimbal,2646,"{""imu_roll"":0.0,""imu_pitch"":23.037120819091797,""imu_yaw"":-0.7621521353721619,""frame_roll"":0.0,""frame_pitch"":23.037120819091797,""frame_yaw"":-0.7621521353721619,""pitch_speed"":0.0,""yaw_speed"":0.0}",-2.7392737
20926286880200,target_offset,404,"{""x_angle_offset"":-0.03798622637987137,""y_angle_offset"":0.1064597006197329}",-2.7316537
20926303061700,fov,2647,"{""zoom"":12.339999198913574,""hfov"":7.293355464935303,""vfov"":4.106302738189697,""state"":0,""max_aov_h"":90.0,""max_aov_v"":58.71550750732422,""min_aov_h"":1.40625,""min_aov_v"":0.7910428047180176,""max_zoom"":64.0}",-2.7154722
20926303434900,gimbal,2647,"{""imu_roll"":0.0,""imu_pitch"":23.062654495239258,""imu_yaw"":-0.7704190015792847,""frame_roll"":0.0,""frame_pitch"":23.062654495239258,""frame_yaw"":-0.7704190015792847,""pitch_speed"":0.0,""yaw_speed"":0.0}",-2.715099
20926312943300,target_offset,405,"{""x_angle_offset"":-0.03798622637987137,""y_angle_offset"":0.1064597006197329}",-2.7055906
20926324399500,position,521,"{""message_type"":""GLOBAL_POSITION_INT"",""lat"":469535744,""lon"":393491541}",-2.6941344
20926324520300,attitude,1039,"{""message_type"":""ATTITUDE"",""time_boot_ms"":114210,""roll"":-0.0049453964456915855,""pitch"":0.17013898491859436,""yaw"":-3.057098150253296,""rollspeed"":-0.0026820034254342318,""pitchspeed"":-0.0019108394626528025,""yawspeed"":0.001925475662574172}",-2.6940136
20926324760600,vfr,521,"{""message_type"":""VFR_HUD"",""airspeed"":29.16169548034668,""alt"":188.8000030517578}",-2.6937733
20926327618900,fov,2648,"{""zoom"":12.339999198913574,""hfov"":7.293355464935303,""vfov"":4.106302738189697,""state"":0,""max_aov_h"":90.0,""max_aov_v"":58.71550750732422,""min_aov_h"":1.40625,""min_aov_v"":0.7910428047180176,""max_zoom"":64.0}",-2.690915
20926328468900,gimbal,2648,"{""imu_roll"":0.0,""imu_pitch"":23.08726692199707,""imu_yaw"":-0.7768030166625977,""frame_roll"":0.0,""frame_pitch"":23.08726692199707,""frame_yaw"":-0.7768030166625977,""pitch_speed"":0.0,""yaw_speed"":0.0}",-2.690065
20926332450800,range,1053,"{""message_type"":""GLOBAL_VISION_POSITION_ESTIMATE"",""x"":46.94833755493164,""y"":39.34857940673828}",-2.6860831
20926348036200,range,1054,"{""message_type"":""GLOBAL_VISION_POSITION_ESTIMATE"",""x"":46.94833755493164,""y"":39.34857940673828}",-2.6704977
20926348852200,fov,2649,"{""zoom"":12.339999198913574,""hfov"":7.293355464935303,""vfov"":4.106302738189697,""state"":0,""max_aov_h"":90.0,""max_aov_v"":58.71550750732422,""min_aov_h"":1.40625,""min_aov_v"":0.7910428047180176,""max_zoom"":64.0}",-2.6696817
20926349144500,gimbal,2649,"{""imu_roll"":0.0,""imu_pitch"":23.102020263671875,""imu_yaw"":-0.7813249230384827,""frame_roll"":0.0,""frame_pitch"":23.102020263671875,""frame_yaw"":-0.7813249230384827,""pitch_speed"":0.0,""yaw_speed"":0.0}",-2.6693894
20926357315800,target_offset,406,"{""x_angle_offset"":-0.03798622637987137,""y_angle_offset"":0.1064597006197329}",-2.6612181
20926373513900,fov,2650,"{""zoom"":12.339999198913574,""hfov"":7.293355464935303,""vfov"":4.106302738189697,""state"":0,""max_aov_h"":90.0,""max_aov_v"":58.71550750732422,""min_aov_h"":1.40625,""min_aov_v"":0.7910428047180176,""max_zoom"":64.0}",-2.64502
20926373976100,gimbal,2650,"{""imu_roll"":0.0,""imu_pitch"":23.1278133392334,""imu_yaw"":-0.7904887795448303,""frame_roll"":0.0,""frame_pitch"":23.1278133392334,""frame_yaw"":-0.7904887795448303,""pitch_speed"":0.0,""yaw_speed"":0.0}",-2.6445578
20926396016200,attitude,1040,"{""message_type"":""ATTITUDE"",""time_boot_ms"":114270,""roll"":-0.00496439216658473,""pitch"":0.16982853412628174,""yaw"":-3.0571274757385254,""rollspeed"":-0.00217226380482316,""pitchspeed"":-0.0017200910951942205,""yawspeed"":0.0017056579235941172}",-2.6225177
20926411726200,target_offset,407,"{""x_angle_offset"":-0.03798622637987137,""y_angle_offset"":0.09885543628975196}",-2.6068077
20926419204900,fov,2651,"{""zoom"":12.339999198913574,""hfov"":7.293355464935303,""vfov"":4.106302738189697,""state"":0,""max_aov_h"":90.0,""max_aov_v"":58.71550750732422,""min_aov_h"":1.40625,""min_aov_v"":0.7910428047180176,""max_zoom"":64.0}",-2.599329
20926419530100,gimbal,2651,"{""imu_roll"":0.0,""imu_pitch"":23.15841293334961,""imu_yaw"":-0.8036108016967773,""frame_roll"":0.0,""frame_pitch"":23.15841293334961,""frame_yaw"":-0.8036108016967773,""pitch_speed"":0.0,""yaw_speed"":0.0}",-2.5990038
20926442029900,fov,2652,"{""zoom"":12.339999198913574,""hfov"":7.293355464935303,""vfov"":4.106302738189697,""state"":0,""max_aov_h"":90.0,""max_aov_v"":58.71550750732422,""min_aov_h"":1.40625,""min_aov_v"":0.7910428047180176,""max_zoom"":64.0}",-2.576504
20926442291700,gimbal,2652,"{""imu_roll"":0.0,""imu_pitch"":23.174171447753906,""imu_yaw"":-0.8067750930786133,""frame_roll"":0.0,""frame_pitch"":23.174171447753906,""frame_yaw"":-0.8067750930786133,""pitch_speed"":0.0,""yaw_speed"":0.0}",-2.5762422
20926448618600,target_offset,408,"{""x_angle_offset"":-0.03798622637987137,""y_angle_offset"":0.09885543628975196}",-2.5699153
20926452627600,vfr,522,"{""message_type"":""VFR_HUD"",""airspeed"":29.15785789489746,""alt"":189.0800018310547}",-2.5659063
20926453093500,position,522,"{""message_type"":""GLOBAL_POSITION_INT"",""lat"":469535744,""lon"":393491541}",-2.5654404
20926453231600,attitude,1041,"{""message_type"":""ATTITUDE"",""time_boot_ms"":114310,""roll"":-0.004977298900485039,""pitch"":0.16962318122386932,""yaw"":-3.0571577548980713,""rollspeed"":-0.002502039773389697,""pitchspeed"":-0.001856463961303234,""yawspeed"":0.0015452674124389887}",-2.5653023
20926472465800,target_offset,409,"{""x_angle_offset"":-0.03798622637987137,""y_angle_offset"":0.09125117195977105}",-2.5460681
20926477189300,fov,2653,"{""zoom"":12.339999198913574,""hfov"":7.293355464935303,""vfov"":4.106302738189697,""state"":0,""max_aov_h"":90.0,""max_aov_v"":58.71550750732422,""min_aov_h"":1.40625,""min_aov_v"":0.7910428047180176,""max_zoom"":64.0}",-2.5413446
20926477366600,gimbal,2653,"{""imu_roll"":0.0,""imu_pitch"":23.20463752746582,""imu_yaw"":-0.8173600435256958,""frame_roll"":0.0,""frame_pitch"":23.20463752746582,""frame_yaw"":-0.8173600435256958,""pitch_speed"":0.0,""yaw_speed"":0.0}",-2.5411673
20926488631600,range,1055,"{""message_type"":""GLOBAL_VISION_POSITION_ESTIMATE"",""x"":46.94833755493164,""y"":39.34859848022461}",-2.5299023
20926492313900,fov,2654,"{""zoom"":12.339999198913574,""hfov"":7.293355464935303,""vfov"":4.106302738189697,""state"":0,""max_aov_h"":90.0,""max_aov_v"":58.71550750732422,""min_aov_h"":1.40625,""min_aov_v"":0.7910428047180176,""max_zoom"":64.0}",-2.52622
20926492595300,gimbal,2654,"{""imu_roll"":0.0,""imu_pitch"":23.214120864868164,""imu_yaw"":-0.8221398591995239,""frame_roll"":0.0,""frame_pitch"":23.214120864868164,""frame_yaw"":-0.8221398591995239,""pitch_speed"":0.0,""yaw_speed"":0.0}",-2.5259386
20926506828800,range,1056,"{""message_type"":""GLOBAL_VISION_POSITION_ESTIMATE"",""x"":46.94833755493164,""y"":39.34859848022461}",-2.5117051
20926506957900,attitude,1042,"{""message_type"":""ATTITUDE"",""time_boot_ms"":114370,""roll"":-0.004992288071662188,""pitch"":0.16931378841400146,""yaw"":-3.0572078227996826,""rollspeed"":-0.002190597355365753,""pitchspeed"":-0.0017603302840143442,""yawspeed"":0.001353150000795722}",-2.511576
20926515784800,fov,2655,"{""zoom"":12.339999198913574,""hfov"":7.293355464935303,""vfov"":4.106302738189697,""state"":0,""max_aov_h"":90.0,""max_aov_v"":58.71550750732422,""min_aov_h"":1.40625,""min_aov_v"":0.7910428047180176,""max_zoom"":64.0}",-2.5027491
20926516070700,gimbal,2655,"{""imu_roll"":0.0,""imu_pitch"":23.22188949584961,""imu_yaw"":-0.8268285989761353,""frame_roll"":0.0,""frame_pitch"":23.22188949584961,""frame_yaw"":-0.8268285989761353,""pitch_speed"":0.0,""yaw_speed"":0.0}",-2.5024632
20926523634800,target_offset,410,"{""x_angle_offset"":-0.03798622637987137,""y_angle_offset"":0.08364690762979013}",-2.4948991
20926539144900,fov,2656,"{""zoom"":12.339999198913574,""hfov"":7.293355464935303,""vfov"":4.106302738189697,""state"":0,""max_aov_h"":90.0,""max_aov_v"":58.71550750732422,""min_aov_h"":1.40625,""min_aov_v"":0.7910428047180176,""max_zoom"":64.0}",-2.479389
20926539477500,gimbal,2656,"{""imu_roll"":0.0,""imu_pitch"":23.23851776123047,""imu_yaw"":-0.8349289298057556,""frame_roll"":0.0,""frame_pitch"":23.23851776123047,""frame_yaw"":-0.8349289298057556,""pitch_speed"":0.0,""yaw_speed"":0.0}",-2.4790564
20926553251500,position,523,"{""message_type"":""GLOBAL_POSITION_INT"",""lat"":469535178,""lon"":393491471}",-2.4652824
20926553354900,attitude,1043,"{""message_type"":""ATTITUDE"",""time_boot_ms"":114410,""roll"":-0.0050123645924031734,""pitch"":0.1691036969423294,""yaw"":-3.057250499725342,""rollspeed"":-0.00257434556260705,""pitchspeed"":-0.00196584640070796,""yawspeed"":0.0012002203147858381}",-2.465179
20926553563500,vfr,523,"{""message_type"":""VFR_HUD"",""airspeed"":29.15517234802246,""alt"":189.36000061035156}",-2.4649704
20926564490500,fov,2657,"{""zoom"":12.339999198913574,""hfov"":7.293355464935303,""vfov"":4.106302738189697,""state"":0,""max_aov_h"":90.0,""max_aov_v"":58.71550750732422,""min_aov_h"":1.40625,""min_aov_v"":0.7910428047180176,""max_zoom"":64.0}",-2.4540434
20926564752200,gimbal,2657,"{""imu_roll"":0.0,""imu_pitch"":23.250389099121094,""imu_yaw"":-0.8413265347480774,""frame_roll"":0.0,""frame_pitch"":23.250389099121094,""frame_yaw"":-0.8413265347480774,""pitch_speed"":0.0,""yaw_speed"":0.0}",-2.4537817
20926573385000,target_offset,411,"{""x_angle_offset"":-0.03798622637987137,""y_angle_offset"":0.08364690762979013}",-2.4451489
20926590773300,fov,2658,"{""zoom"":12.339999198913574,""hfov"":7.293355464935303,""vfov"":4.106302738189697,""state"":0,""max_aov_h"":90.0,""max_aov_v"":58.71550750732422,""min_aov_h"":1.40625,""min_aov_v"":0.7910428047180176,""max_zoom"":64.0}",-2.4277606
20926591120400,gimbal,2658,"{""imu_roll"":0.0,""imu_pitch"":23.26746368408203,""imu_yaw"":-0.8523009419441223,""frame_roll"":0.0,""frame_pitch"":23.26746368408203,""frame_yaw"":-0.8523009419441223,""pitch_speed"":0.0,""yaw_speed"":0.0}",-2.4274135
20926596416700,target_offset,412,"{""x_angle_offset"":-0.03798622637987137,""y_angle_offset"":0.09125117195977105}",-2.4221172
20926610006500,fov,2659,"{""zoom"":12.339999198913574,""hfov"":7.293355464935303,""vfov"":4.106302738189697,""state"":0,""max_aov_h"":90.0,""max_aov_v"":58.71550750732422,""min_aov_h"":1.40625,""min_aov_v"":0.7910428047180176,""max_zoom"":64.0}",-2.4085274
20926610323800,gimbal,2659,"{""imu_roll"":0.0,""imu_pitch"":23.286090850830078,""imu_yaw"":-0.8583038449287415,""frame_roll"":0.0,""frame_pitch"":23.286090850830078,""frame_yaw"":-0.8583038449287415,""pitch_speed"":0.0,""yaw_speed"":0.0}",-2.4082101
20926633034400,attitude,1044,"{""message_type"":""ATTITUDE"",""time_boot_ms"":114470,""roll"":-0.005051895510405302,""pitch"":0.16876623034477234,""yaw"":-3.057326078414917,""rollspeed"":-0.0020034601911902428,""pitchspeed"":-0.0017416724003851414,""yawspeed"":0.0010314581450074911}",-2.3854995
20926634332500,fov,2660,"{""zoom"":12.339999198913574,""hfov"":7.293355464935303,""vfov"":4.106302738189697,""state"":0,""max_aov_h"":90.0,""max_aov_v"":58.71550750732422,""min_aov_h"":1.40625,""min_aov_v"":0.7910428047180176,""max_zoom"":64.0}",-2.3842014
20926634557800,gimbal,2660,"{""imu_roll"":0.0,""imu_pitch"":23.30418586730957,""imu_yaw"":-0.8650553822517395,""frame_roll"":0.0,""frame_pitch"":23.30418586730957,""frame_yaw"":-0.8650553822517395,""pitch_speed"":0.0,""yaw_speed"":0.0}",-2.3839761
20926639624400,target_offset,413,"{""x_angle_offset"":-0.03798622637987137,""y_angle_offset"":0.09125117195977105}",-2.3789095
20926655633300,fov,2661,"{""zoom"":12.339999198913574,""hfov"":7.293355464935303,""vfov"":4.106302738189697,""state"":0,""max_aov_h"":90.0,""max_aov_v"":58.71550750732422,""min_aov_h"":1.40625,""min_aov_v"":0.7910428047180176,""max_zoom"":64.0}",-2.3629006
20926655870000,gimbal,2661,"{""imu_roll"":0.0,""imu_pitch"":23.320091247558594,""imu_yaw"":-0.8733505606651306,""frame_roll"":0.0,""frame_pitch"":23.320091247558594,""frame_yaw"":-0.8733505606651306,""pitch_speed"":0.0,""yaw_speed"":0.0}",-2.3626639
20926659676600,range,1057,"{""message_type"":""GLOBAL_VISION_POSITION_ESTIMATE"",""x"":46.948272705078125,""y"":39.348594665527344}",-2.3588573
20926670657700,range,1058,"{""message_type"":""GLOBAL_VISION_POSITION_ESTIMATE"",""x"":46.948272705078125,""y"":39.348594665527344}",-2.3478762
20926670799200,attitude,1045,"{""message_type"":""ATTITUDE"",""time_boot_ms"":114510,""roll"":-0.0050889551639556885,""pitch"":0.16853734850883484,""yaw"":-3.057386875152588,""rollspeed"":-0.00235953601077199,""pitchspeed"":-0.0018933401443064213,""yawspeed"":0.000816193176433444}",-2.3477347
20926671005800,vfr,524,"{""message_type"":""VFR_HUD"",""airspeed"":29.153291702270508,""alt"":189.63999938964844}",-2.3475281
20926671072500,position,524,"{""message_type"":""GLOBAL_POSITION_INT"",""lat"":469535178,""lon"":393491471}",-2.3474614
20926681247800,fov,2662,"{""zoom"":12.339999198913574,""hfov"":7.293355464935303,""vfov"":4.106302738189697,""state"":0,""max_aov_h"":90.0,""max_aov_v"":58.71550750732422,""min_aov_h"":1.40625,""min_aov_v"":0.7910428047180176,""max_zoom"":64.0}",-2.3372861
20926681696800,gimbal,2662,"{""imu_roll"":0.0,""imu_pitch"":23.33242416381836,""imu_yaw"":-0.8803449869155884,""frame_roll"":0.0,""frame_pitch"":23.33242416381836,""frame_yaw"":-0.8803449869155884,""pitch_speed"":0.0,""yaw_speed"":0.0}",-2.3368371
20926686848700,target_offset,414,"{""x_angle_offset"":-0.030388981103897095,""y_angle_offset"":0.09125117195977105}",-2.3316852
20926704298600,fov,2663,"{""zoom"":12.339999198913574,""hfov"":7.293355464935303,""vfov"":4.106302738189697,""state"":0,""max_aov_h"":90.0,""max_aov_v"":58.71550750732422,""min_aov_h"":1.40625,""min_aov_v"":0.7910428047180176,""max_zoom"":64.0}",-2.3142353
20926704783200,gimbal,2663,"{""imu_roll"":0.0,""imu_pitch"":23.356454849243164,""imu_yaw"":-0.8865882754325867,""frame_roll"":0.0,""frame_pitch"":23.356454849243164,""frame_yaw"":-0.8865882754325867,""pitch_speed"":0.0,""yaw_speed"":0.0}",-2.3137507
20926711848000,target_offset,415,"{""x_angle_offset"":-0.030388981103897095,""y_angle_offset"":0.09125117195977105}",-2.3066859
20926727404800,fov,2664,"{""zoom"":12.339999198913574,""hfov"":7.293355464935303,""vfov"":4.106302738189697,""state"":0,""max_aov_h"":90.0,""max_aov_v"":58.71550750732422,""min_aov_h"":1.40625,""min_aov_v"":0.7910428047180176,""max_zoom"":64.0}",-2.2911291
20926727744900,gimbal,2664,"{""imu_roll"":0.0,""imu_pitch"":23.37700843811035,""imu_yaw"":-0.8904977440834045,""frame_roll"":0.0,""frame_pitch"":23.37700843811035,""frame_yaw"":-0.8904977440834045,""pitch_speed"":0.0,""yaw_speed"":0.0}",-2.290789
20926739431100,attitude,1046,"{""message_type"":""ATTITUDE"",""time_boot_ms"":114570,""roll"":-0.0051256041042506695,""pitch"":0.16819913685321808,""yaw"":-3.057483196258545,""rollspeed"":-0.001986903604120016,""pitchspeed"":-0.0017687082290649414,""yawspeed"":0.0006281237583607435}",-2.2791028
20926749847600,fov,2665,"{""zoom"":12.339999198913574,""hfov"":7.293355464935303,""vfov"":4.106302738189697,""state"":0,""max_aov_h"":90.0,""max_aov_v"":58.71550750732422,""min_aov_h"":1.40625,""min_aov_v"":0.7910428047180176,""max_zoom"":64.0}",-2.2686863
20926750794800,gimbal,2665,"{""imu_roll"":0.0,""imu_pitch"":23.39181137084961,""imu_yaw"":-0.8939163684844971,""frame_roll"":0.0,""frame_pitch"":23.39181137084961,""frame_yaw"":-0.8939163684844971,""pitch_speed"":0.0,""yaw_speed"":0.0}",-2.2677391
20926758515500,target_offset,416,"{""x_angle_offset"":-0.02279173582792282,""y_angle_offset"":0.09885543628975196}",-2.2600184
20926770634500,fov,2666,"{""zoom"":12.339999198913574,""hfov"":7.293355464935303,""vfov"":4.106302738189697,""state"":0,""max_aov_h"":90.0,""max_aov_v"":58.71550750732422,""min_aov_h"":1.40625,""min_aov_v"":0.7910428047180176,""max_zoom"":64.0}",-2.2478994
20926771121000,gimbal,2666,"{""imu_roll"":0.0,""imu_pitch"":23.4132137298584,""imu_yaw"":-0.8959079384803772,""frame_roll"":0.0,""frame_pitch"":23.4132137298584,""frame_yaw"":-0.8959079384803772,""pitch_speed"":0.0,""yaw_speed"":0.0}",-2.2474129
20926785118200,attitude,1047,"{""message_type"":""ATTITUDE"",""time_boot_ms"":114610,""roll"":-0.00516683841124177,""pitch"":0.16796429455280304,""yaw"":-3.0575530529022217,""rollspeed"":-0.0025356062687933445,""pitchspeed"":-0.0020992541685700417,""yawspeed"":0.0005531345959752798}",-2.2334157
20926785426400,vfr,525,"{""message_type"":""VFR_HUD"",""airspeed"":29.122039794921875,""alt"":189.9199981689453}",-2.2331075
20926785524400,position,525,"{""message_type"":""GLOBAL_POSITION_INT"",""lat"":469535178,""lon"":393491471}",-2.2330095
20926795470300,fov,2667,"{""zoom"":12.339999198913574,""hfov"":7.293355464935303,""vfov"":4.106302738189697,""state"":0,""max_aov_h"":90.0,""max_aov_v"":58.71550750732422,""min_aov_h"":1.40625,""min_aov_v"":0.7910428047180176,""max_zoom"":64.0}",-2.2230636
20926795738600,gimbal,2667,"{""imu_roll"":0.0,""imu_pitch"":23.430038452148438,""imu_yaw"":-0.8979220986366272,""frame_roll"":0.0,""frame_pitch"":23.430038452148438,""frame_yaw"":-0.8979220986366272,""pitch_speed"":0.0,""yaw_speed"":0.0}",-2.2227953
20926802577900,target_offset,417,"{""x_angle_offset"":-0.02279173582792282,""y_angle_offset"":0.09885543628975196}",-2.215956
20926814402500,range,1059,"{""message_type"":""GLOBAL_VISION_POSITION_ESTIMATE"",""x"":46.948272705078125,""y"":39.348594665527344}",-2.2041314
20926819322100,fov,2668,"{""zoom"":12.339999198913574,""hfov"":7.293355464935303,""vfov"":4.106302738189697,""state"":0,""max_aov_h"":90.0,""max_aov_v"":58.71550750732422,""min_aov_h"":1.40625,""min_aov_v"":0.7910428047180176,""max_zoom"":64.0}",-2.1992118
20926819601300,gimbal,2668,"{""imu_roll"":0.0,""imu_pitch"":23.449480056762695,""imu_yaw"":-0.8992997407913208,""frame_roll"":0.0,""frame_pitch"":23.449480056762695,""frame_yaw"":-0.8992997407913208,""pitch_speed"":0.0,""yaw_speed"":0.0}",-2.1989326
20926830500200,range,1060,"{""message_type"":""GLOBAL_VISION_POSITION_ESTIMATE"",""x"":46.948272705078125,""y"":39.348594665527344}",-2.1880337
20926842476700,fov,2669,"{""zoom"":12.339999198913574,""hfov"":7.293355464935303,""vfov"":4.106302738189697,""state"":0,""max_aov_h"":90.0,""max_aov_v"":58.71550750732422,""min_aov_h"":1.40625,""min_aov_v"":0.7910428047180176,""max_zoom"":64.0}",-2.1760572
20926842892000,gimbal,2669,"{""imu_roll"":0.0,""imu_pitch"":23.46477508544922,""imu_yaw"":-0.9009130597114563,""frame_roll"":0.0,""frame_pitch"":23.46477508544922,""frame_yaw"":-0.9009130597114563,""pitch_speed"":0.0,""yaw_speed"":0.0}",-2.1756419
20926848559700,target_offset,418,"{""x_angle_offset"":-0.02279173582792282,""y_angle_offset"":0.09885543628975196}",-2.1699742
20926854695700,attitude,1048,"{""message_type"":""ATTITUDE"",""time_boot_ms"":114670,""roll"":-0.0052545457147061825,""pitch"":0.16771766543388367,""yaw"":-3.057668685913086,""rollspeed"":-0.0024099042639136314,""pitchspeed"":-0.002111507812514901,""yawspeed"":0.0003146328963339329}",-2.1638382
20926866587000,fov,2670,"{""zoom"":12.339999198913574,""hfov"":7.293355464935303,""vfov"":4.106302738189697,""state"":0,""max_aov_h"":90.0,""max_aov_v"":58.71550750732422,""min_aov_h"":1.40625,""min_aov_v"":0.7910428047180176,""max_zoom"":64.0}",-2.1519469
20926867479700,gimbal,2670,"{""imu_roll"":0.0,""imu_pitch"":23.485063552856445,""imu_yaw"":-0.9062697291374207,""frame_roll"":0.0,""frame_pitch"":23.485063552856445,""frame_yaw"":-0.9062697291374207,""pitch_speed"":0.0,""yaw_speed"":0.0}",-2.1510542
20926876327400,target_offset,419,"{""x_angle_offset"":-0.02279173582792282,""y_angle_offset"":0.09885543628975196}",-2.1422065
20926889015800,fov,2671,"{""zoom"":12.339999198913574,""hfov"":7.293355464935303,""vfov"":4.106302738189697,""state"":0,""max_aov_h"":90.0,""max_aov_v"":58.71550750732422,""min_aov_h"":1.40625,""min_aov_v"":0.7910428047180176,""max_zoom"":64.0}",-2.1295181
20926889500900,gimbal,2671,"{""imu_roll"":0.0,""imu_pitch"":23.506540298461914,""imu_yaw"":-0.9107300639152527,""frame_roll"":0.0,""frame_pitch"":23.506540298461914,""frame_yaw"":-0.9107300639152527,""pitch_speed"":0.0,""yaw_speed"":0.0}",-2.129033
20926899439500,position,526,"{""message_type"":""GLOBAL_POSITION_INT"",""lat"":469534613,""lon"":393491403}",-2.1190944
20926899637400,attitude,1049,"{""message_type"":""ATTITUDE"",""time_boot_ms"":114710,""roll"":-0.005330061540007591,""pitch"":0.16757740080356598,""yaw"":-3.057755470275879,""rollspeed"":-0.0027115684933960438,""pitchspeed"":-0.0025796988047659397,""yawspeed"":0.00013989745639264584}",-2.1188965
20926900014800,vfr,526,"{""message_type"":""VFR_HUD"",""airspeed"":29.100143432617188,""alt"":190.19000244140625}",-2.1185191
20926915198300,fov,2672,"{""zoom"":12.339999198913574,""hfov"":7.293355464935303,""vfov"":4.106302738189697,""state"":0,""max_aov_h"":90.0,""max_aov_v"":58.71550750732422,""min_aov_h"":1.40625,""min_aov_v"":0.7910428047180176,""max_zoom"":64.0}",-2.1033356
20926915473800,gimbal,2672,"{""imu_roll"":0.0,""imu_pitch"":23.52526092529297,""imu_yaw"":-0.9151191115379333,""frame_roll"":0.0,""frame_pitch"":23.52526092529297,""frame_yaw"":-0.9151191115379333,""pitch_speed"":0.0,""yaw_speed"":0.0}",-2.1030601
20926918319300,target_offset,420,"{""x_angle_offset"":-0.030388981103897095,""y_angle_offset"":0.09885543628975196}",-2.1002146
20926936977500,fov,2673,"{""zoom"":12.339999198913574,""hfov"":7.293355464935303,""vfov"":4.106302738189697,""state"":0,""max_aov_h"":90.0,""max_aov_v"":58.71550750732422,""min_aov_h"":1.40625,""min_aov_v"":0.7910428047180176,""max_zoom"":64.0}",-2.0815564
20926937301200,gimbal,2673,"{""imu_roll"":0.0,""imu_pitch"":23.545455932617188,""imu_yaw"":-0.9217888116836548,""frame_roll"":0.0,""frame_pitch"":23.545455932617188,""frame_yaw"":-0.9217888116836548,""pitch_speed"":0.0,""yaw_speed"":0.0}",-2.0812327
20926959136300,fov,2674,"{""zoom"":12.339999198913574,""hfov"":7.293355464935303,""vfov"":4.106302738189697,""state"":0,""max_aov_h"":90.0,""max_aov_v"":58.71550750732422,""min_aov_h"":1.40625,""min_aov_v"":0.7910428047180176,""max_zoom"":64.0}",-2.0593976
20926959550200,gimbal,2674,"{""imu_roll"":0.0,""imu_pitch"":23.561994552612305,""imu_yaw"":-0.9276275634765625,""frame_roll"":0.0,""frame_pitch"":23.561994552612305,""frame_yaw"":-0.9276275634765625,""pitch_speed"":0.0,""yaw_speed"":0.0}",-2.0589837
20926967115000,target_offset,421,"{""x_angle_offset"":-0.030388981103897095,""y_angle_offset"":0.09125117195977105}",-2.0514189
20926972095700,range,1061,"{""message_type"":""GLOBAL_VISION_POSITION_ESTIMATE"",""x"":46.94822311401367,""y"":39.348594665527344}",-2.0464382
20926972450000,range,1062,"{""message_type"":""GLOBAL_VISION_POSITION_ESTIMATE"",""x"":46.94822311401367,""y"":39.348594665527344}",-2.0460839
20926972547600,attitude,1050,"{""message_type"":""ATTITUDE"",""time_boot_ms"":114770,""roll"":-0.005461421795189381,""pitch"":0.16732542216777802,""yaw"":-3.057886838912964,""rollspeed"":-0.0031228940933942795,""pitchspeed"":-0.003335607470944524,""yawspeed"":2.4757813662290573e-05}",-2.0459863
20926985654900,fov,2675,"{""zoom"":12.339999198913574,""hfov"":7.293355464935303,""vfov"":4.106302738189697,""state"":0,""max_aov_h"":90.0,""max_aov_v"":58.71550750732422,""min_aov_h"":1.40625,""min_aov_v"":0.7910428047180176,""max_zoom"":64.0}",-2.032879
20926985926200,gimbal,2675,"{""imu_roll"":0.0,""imu_pitch"":23.582778930664062,""imu_yaw"":-0.9325430989265442,""frame_roll"":0.0,""frame_pitch"":23.582778930664062,""frame_yaw"":-0.9325430989265442,""pitch_speed"":0.0,""yaw_speed"":0.0}",-2.0326077
20926993411900,target_offset,422,"{""x_angle_offset"":-0.030388981103897095,""y_angle_offset"":0.09125117195977105}",-2.025122
20927005764200,fov,2676,"{""zoom"":12.339999198913574,""hfov"":7.293355464935303,""vfov"":4.106302738189697,""state"":0,""max_aov_h"":90.0,""max_aov_v"":58.71550750732422,""min_aov_h"":1.40625,""min_aov_v"":0.7910428047180176,""max_zoom"":64.0}",-2.0127697
20927006036500,gimbal,2676,"{""imu_roll"":0.0,""imu_pitch"":23.600664138793945,""imu_yaw"":-0.935576319694519,""frame_roll"":0.0,""frame_pitch"":23.600664138793945,""frame_yaw"":-0.935576319694519,""pitch_speed"":0.0,""yaw_speed"":0.0}",-2.0124974
20927014040500,vfr,527,"{""message_type"":""VFR_HUD"",""airspeed"":29.08480453491211,""alt"":190.45999145507812}",-2.0044934
20927014178100,position,527,"{""message_type"":""GLOBAL_POSITION_INT"",""lat"":469534613,""lon"":393491403}",-2.0043558
20927014259900,attitude,1051,"{""message_type"":""ATTITUDE"",""time_boot_ms"":114810,""roll"":-0.005540900863707066,""pitch"":0.1671256721019745,""yaw"":-3.0579795837402344,""rollspeed"":-0.0027148176450282335,""pitchspeed"":-0.004092290066182613,""yawspeed"":-0.00010601826943457127}",-2.004274
20927030225300,fov,2677,"{""zoom"":12.339999198913574,""hfov"":7.293355464935303,""vfov"":4.106302738189697,""state"":0,""max_aov_h"":90.0,""max_aov_v"":58.71550750732422,""min_aov_h"":1.40625,""min_aov_v"":0.7910428047180176,""max_zoom"":64.0}",-1.9883086
20927030554000,gimbal,2677,"{""imu_roll"":0.0,""imu_pitch"":23.614614486694336,""imu_yaw"":-0.9382421970367432,""frame_roll"":0.0,""frame_pitch"":23.614614486694336,""frame_yaw"":-0.9382421970367432,""pitch_speed"":0.0,""yaw_speed"":0.0}",-1.9879799
20927036639900,target_offset,423,"{""x_angle_offset"":-0.030388981103897095,""y_angle_offset"":0.09125117195977105}",-1.981894
20927049077800,fov,2678,"{""zoom"":12.339999198913574,""hfov"":7.293355464935303,""vfov"":4.106302738189697,""state"":0,""max_aov_h"":90.0,""max_aov_v"":58.71550750732422,""min_aov_h"":1.40625,""min_aov_v"":0.7910428047180176,""max_zoom"":64.0}",-1.9694561
20927049328900,gimbal,2678,"{""imu_roll"":0.0,""imu_pitch"":23.6301212310791,""imu_yaw"":-0.944685697555542,""frame_roll"":0.0,""frame_pitch"":23.6301212310791,""frame_yaw"":-0.944685697555542,""pitch_speed"":0.0,""yaw_speed"":0.0}",-1.969205
20927073709400,fov,2679,"{""zoom"":12.339999198913574,""hfov"":7.293355464935303,""vfov"":4.106302738189697,""state"":0,""max_aov_h"":90.0,""max_aov_v"":58.71550750732422,""min_aov_h"":1.40625,""min_aov_v"":0.7910428047180176,""max_zoom"":64.0}",-1.9448245
20927073987500,gimbal,2679,"{""imu_roll"":0.0,""imu_pitch"":23.64365577697754,""imu_yaw"":-0.9507058262825012,""frame_roll"":0.0,""frame_pitch"":23.64365577697754,""frame_yaw"":-0.9507058262825012,""pitch_speed"":0.0,""yaw_speed"":0.0}",-1.9445464
20927079777700,target_offset,424,"{""x_angle_offset"":-0.030388981103897095,""y_angle_offset"":0.09125117195977105}",-1.9387562
20927083709200,attitude,1052,"{""message_type"":""ATTITUDE"",""time_boot_ms"":114870,""roll"":-0.005628456361591816,""pitch"":0.16681481897830963,""yaw"":-3.058119297027588,""rollspeed"":-0.0017214321997016668,""pitchspeed"":-0.004882289562374353,""yawspeed"":-0.0001710839569568634}",-1.9348247
20927094472600,fov,2680,"{""zoom"":12.339999198913574,""hfov"":7.293355464935303,""vfov"":4.106302738189697,""state"":0,""max_aov_h"":90.0,""max_aov_v"":58.71550750732422,""min_aov_h"":1.40625,""min_aov_v"":0.7910428047180176,""max_zoom"":64.0}",-1.9240613
20927094828600,gimbal,2680,"{""imu_roll"":0.0,""imu_pitch"":23.66291618347168,""imu_yaw"":-0.9546347856521606,""frame_roll"":0.0,""frame_pitch"":23.66291618347168,""frame_yaw"":-0.9546347856521606,""pitch_speed"":0.0,""yaw_speed"":0.0}",-1.9237053
20927118748200,fov,2681,"{""zoom"":12.339999198913574,""hfov"":7.293355464935303,""vfov"":4.106302738189697,""state"":0,""max_aov_h"":90.0,""max_aov_v"":58.71550750732422,""min_aov_h"":1.40625,""min_aov_v"":0.7910428047180176,""max_zoom"":64.0}",-1.8997857
20927119065600,gimbal,2681,"{""imu_roll"":0.0,""imu_pitch"":23.677223205566406,""imu_yaw"":-0.957879364490509,""frame_roll"":0.0,""frame_pitch"":23.677223205566406,""frame_yaw"":-0.957879364490509,""pitch_speed"":0.0,""yaw_speed"":0.0}",-1.8994683
20927123988000,vfr,528,"{""message_type"":""VFR_HUD"",""airspeed"":29.074066162109375,""alt"":190.739990234375}",-1.8945459
20927124122400,position,528,"{""message_type"":""GLOBAL_POSITION_INT"",""lat"":469534052,""lon"":393491335}",-1.8944115
20927124224800,attitude,1053,"{""message_type"":""ATTITUDE"",""time_boot_ms"":114910,""roll"":-0.005676874425262213,""pitch"":0.16662995517253876,""yaw"":-3.0582189559936523,""rollspeed"":-0.0015966095961630344,""pitchspeed"":-0.005486221052706242,""yawspeed"":-0.00027537369169294834}",-1.8943091
20927124976000,range,1063,"{""message_type"":""GLOBAL_VISION_POSITION_ESTIMATE"",""x"":46.94817352294922,""y"":39.34859848022461}",-1.8935579
20927128334800,target_offset,425,"{""x_angle_offset"":-0.030388981103897095,""y_angle_offset"":0.08364690762979013}",-1.8901991
20927147650500,range,1064,"{""message_type"":""GLOBAL_VISION_POSITION_ESTIMATE"",""x"":46.94817352294922,""y"":39.34859848022461}",-1.8708834
20927147912500,fov,2682,"{""zoom"":12.339999198913574,""hfov"":7.293355464935303,""vfov"":4.106302738189697,""state"":0,""max_aov_h"":90.0,""max_aov_v"":58.71550750732422,""min_aov_h"":1.40625,""min_aov_v"":0.7910428047180176,""max_zoom"":64.0}",-1.8706214
20927148370900,gimbal,2682,"{""imu_roll"":0.0,""imu_pitch"":23.698862075805664,""imu_yaw"":-0.9608747959136963,""frame_roll"":0.0,""frame_pitch"":23.698862075805664,""frame_yaw"":-0.9608747959136963,""pitch_speed"":0.0,""yaw_speed"":0.0}",-1.870163
20927150683200,target_offset,426,"{""x_angle_offset"":-0.030388981103897095,""y_angle_offset"":0.08364690762979013}",-1.8678507
20927165999900,fov,2683,"{""zoom"":12.339999198913574,""hfov"":7.293355464935303,""vfov"":4.106302738189697,""state"":0,""max_aov_h"":90.0,""max_aov_v"":58.71550750732422,""min_aov_h"":1.40625,""min_aov_v"":0.7910428047180176,""max_zoom"":64.0}",-1.852534
20927166443700,gimbal,2683,"{""imu_roll"":0.0,""imu_pitch"":23.715177536010742,""imu_yaw"":-0.9671751856803894,""frame_roll"":0.0,""frame_pitch"":23.715177536010742,""frame_yaw"":-0.9671751856803894,""pitch_speed"":0.0,""yaw_speed"":0.0}",-1.8520902
20927185550700,attitude,1054,"{""message_type"":""ATTITUDE"",""time_boot_ms"":114970,""roll"":-0.005740173161029816,""pitch"":0.16631805896759033,""yaw"":-3.0583689212799072,""rollspeed"":-0.001416918821632862,""pitchspeed"":-0.006136186420917511,""yawspeed"":-0.0004016491584479809}",-1.8329832
20927190922600,fov,2684,"{""zoom"":12.339999198913574,""hfov"":7.293355464935303,""vfov"":4.106302738189697,""state"":0,""max_aov_h"":90.0,""max_aov_v"":58.71550750732422,""min_aov_h"":1.40625,""min_aov_v"":0.7910428047180176,""max_zoom"":64.0}",-1.8276113
20927191205900,gimbal,2684,"{""imu_roll"":0.0,""imu_pitch"":23.728349685668945,""imu_yaw"":-0.9725704789161682,""frame_roll"":0.0,""frame_pitch"":23.728349685668945,""frame_yaw"":-0.9725704789161682,""pitch_speed"":0.0,""yaw_speed"":0.0}",-1.827328
20927198321400,target_offset,427,"{""x_angle_offset"":-0.030388981103897095,""y_angle_offset"":0.08364690762979013}",-1.8202125
20927211638800,fov,2685,"{""zoom"":12.339999198913574,""hfov"":7.293355464935303,""vfov"":4.106302738189697,""state"":0,""max_aov_h"":90.0,""max_aov_v"":58.71550750732422,""min_aov_h"":1.40625,""min_aov_v"":0.7910428047180176,""max_zoom"":64.0}",-1.8068951
20927211943300,gimbal,2685,"{""imu_roll"":0.0,""imu_pitch"":23.744325637817383,""imu_yaw"":-0.9766893982887268,""frame_roll"":0.0,""frame_pitch"":23.744325637817383,""frame_yaw"":-0.9766893982887268,""pitch_speed"":0.0,""yaw_speed"":0.0}",-1.8065906
20927225733900,attitude,1055,"{""message_type"":""ATTITUDE"",""time_boot_ms"":115010,""roll"":-0.005779357627034187,""pitch"":0.16608737409114838,""yaw"":-3.0584750175476074,""rollspeed"":-0.0014177595730870962,""pitchspeed"":-0.006596495397388935,""yawspeed"":-0.0004586484283208847}",-1.7928
20927225941900,vfr,529,"{""message_type"":""VFR_HUD"",""airspeed"":29.066545486450195,""alt"":191.00999450683594}",-1.792592
20927226009300,position,529,"{""message_type"":""GLOBAL_POSITION_INT"",""lat"":469534052,""lon"":393491335}",-1.7925246
20927236825200,fov,2686,"{""zoom"":12.339999198913574,""hfov"":7.293355464935303,""vfov"":4.106302738189697,""state"":0,""max_aov_h"":90.0,""max_aov_v"":58.71550750732422,""min_aov_h"":1.40625,""min_aov_v"":0.7910428047180176,""max_zoom"":64.0}",-1.7817087
20927237149900,gimbal,2686,"{""imu_roll"":0.0,""imu_pitch"":23.756263732910156,""imu_yaw"":-0.9800960421562195,""frame_roll"":0.0,""frame_pitch"":23.756263732910156,""frame_yaw"":-0.9800960421562195,""pitch_speed"":0.0,""yaw_speed"":0.0}",-1.781384
20927245034200,target_offset,428,"{""x_angle_offset"":-0.030388981103897095,""y_angle_offset"":0.0760426432998092}",-1.7734997
20927264477400,fov,2687,"{""zoom"":12.339999198913574,""hfov"":7.293355464935303,""vfov"":4.106302738189697,""state"":0,""max_aov_h"":90.0,""max_aov_v"":58.71550750732422,""min_aov_h"":1.40625,""min_aov_v"":0.7910428047180176,""max_zoom"":64.0}",-1.7540565
20927265156500,gimbal,2687,"{""imu_roll"":0.0,""imu_pitch"":23.774606704711914,""imu_yaw"":-0.9830639362335205,""frame_roll"":0.0,""frame_pitch"":23.774606704711914,""frame_yaw"":-0.9830639362335205,""pitch_speed"":0.0,""yaw_speed"":0.0}",-1.7533774
20927267837600,range,1065,"{""message_type"":""GLOBAL_VISION_POSITION_ESTIMATE"",""x"":46.94817352294922,""y"":39.34859848022461}",-1.7506963
20927269469700,target_offset,429,"{""x_angle_offset"":-0.02279173582792282,""y_angle_offset"":0.0760426432998092}",-1.7490642
20927273209600,range,1066,"{""message_type"":""GLOBAL_VISION_POSITION_ESTIMATE"",""x"":46.94817352294922,""y"":39.34859848022461}",-1.7453243
20927287363800,fov,2688,"{""zoom"":12.339999198913574,""hfov"":7.293355464935303,""vfov"":4.106302738189697,""state"":0,""max_aov_h"":90.0,""max_aov_v"":58.71550750732422,""min_aov_h"":1.40625,""min_aov_v"":0.7910428047180176,""max_zoom"":64.0}",-1.7311701
20927287638300,gimbal,2688,"{""imu_roll"":0.0,""imu_pitch"":23.788251876831055,""imu_yaw"":-0.9844956398010254,""frame_roll"":0.0,""frame_pitch"":23.788251876831055,""frame_yaw"":-0.9844956398010254,""pitch_speed"":0.0,""yaw_speed"":0.0}",-1.7308956
20927291521300,attitude,1056,"{""message_type"":""ATTITUDE"",""time_boot_ms"":115070,""roll"":-0.005832465831190348,""pitch"":0.16571751236915588,""yaw"":-3.0586304664611816,""rollspeed"":-0.0013041776837781072,""pitchspeed"":-0.007028253749012947,""yawspeed"":-0.0004942042287439108}",-1.7270126
20927313036700,gimbal,2689,"{""imu_roll"":0.0,""imu_pitch"":23.80127716064453,""imu_yaw"":-0.986152172088623,""frame_roll"":0.0,""frame_pitch"":23.80127716064453,""frame_yaw"":-0.986152172088623,""pitch_speed"":0.0,""yaw_speed"":0.0}",-1.7054972
20927313688100,fov,2689,"{""zoom"":12.339999198913574,""hfov"":7.293355464935303,""vfov"":4.106302738189697,""state"":0,""max_aov_h"":90.0,""max_aov_v"":58.71550750732422,""min_aov_h"":1.40625,""min_aov_v"":0.7910428047180176,""max_zoom"":64.0}",-1.7048458
20927316404900,target_offset,430,"{""x_angle_offset"":-0.02279173582792282,""y_angle_offset"":0.0760426432998092}",-1.702129
20927330607500,attitude,1057,"{""message_type"":""ATTITUDE"",""time_boot_ms"":115110,""roll"":-0.00585557334125042,""pitch"":0.16532376408576965,""yaw"":-3.0587387084960938,""rollspeed"":-0.0005853739567101002,""pitchspeed"":-0.00766300642862916,""yawspeed"":-0.000553180230781436}",-1.6879264
20927330895700,vfr,530,"{""message_type"":""VFR_HUD"",""airspeed"":29.061279296875,""alt"":191.27999877929688}",-1.6876382
20927330971200,position,530,"{""message_type"":""GLOBAL_POSITION_INT"",""lat"":469533487,""lon"":393491268}",-1.6875627
20927332517600,fov,2690,"{""zoom"":12.339999198913574,""hfov"":7.293355464935303,""vfov"":4.106302738189697,""state"":0,""max_aov_h"":90.0,""max_aov_v"":58.71550750732422,""min_aov_h"":1.40625,""min_aov_v"":0.7910428047180176,""max_zoom"":64.0}",-1.6860163
20927332730900,gimbal,2690,"{""imu_roll"":0.0,""imu_pitch"":23.814861297607422,""imu_yaw"":-0.9869861602783203,""frame_roll"":0.0,""frame_pitch"":23.814861297607422,""frame_yaw"":-0.9869861602783203,""pitch_speed"":0.0,""yaw_speed"":0.0}",-1.685803
20927359780200,fov,2691,"{""zoom"":12.339999198913574,""hfov"":7.293355464935303,""vfov"":4.106302738189697,""state"":0,""max_aov_h"":90.0,""max_aov_v"":58.71550750732422,""min_aov_h"":1.40625,""min_aov_v"":0.7910428047180176,""max_zoom"":64.0}",-1.6587537
20927360305700,gimbal,2691,"{""imu_roll"":0.0,""imu_pitch"":23.825485229492188,""imu_yaw"":-0.987877607345581,""frame_roll"":0.0,""frame_pitch"":23.825485229492188,""frame_yaw"":-0.987877607345581,""pitch_speed"":0.0,""yaw_speed"":0.0}",-1.6582282
20927366524000,target_offset,431,"{""x_angle_offset"":-0.02279173582792282,""y_angle_offset"":0.0760426432998092}",-1.6520099
20927388367500,fov,2692,"{""zoom"":12.339999198913574,""hfov"":7.293355464935303,""vfov"":4.106302738189697,""state"":0,""max_aov_h"":90.0,""max_aov_v"":58.71550750732422,""min_aov_h"":1.40625,""min_aov_v"":0.7910428047180176,""max_zoom"":64.0}",-1.6301664
20927388683200,gimbal,2692,"{""imu_roll"":0.0,""imu_pitch"":23.842790603637695,""imu_yaw"":-0.9884141087532043,""frame_roll"":0.0,""frame_pitch"":23.842790603637695,""frame_yaw"":-0.9884141087532043,""pitch_speed"":0.0,""yaw_speed"":0.0}",-1.6298507
20927393518000,target_offset,432,"{""x_angle_offset"":-0.02279173582792282,""y_angle_offset"":0.0760426432998092}",-1.6250159
20927405167500,attitude,1058,"{""message_type"":""ATTITUDE"",""time_boot_ms"":115170,""roll"":-0.005862061399966478,""pitch"":0.164700448513031,""yaw"":-3.0588972568511963,""rollspeed"":-0.0003369955811649561,""pitchspeed"":-0.008188614621758461,""yawspeed"":-0.0005711650010198355}",-1.6133664
20927405687000,fov,2693,"{""zoom"":12.339999198913574,""hfov"":7.293355464935303,""vfov"":4.106302738189697,""state"":0,""max_aov_h"":90.0,""max_aov_v"":58.71550750732422,""min_aov_h"":1.40625,""min_aov_v"":0.7910428047180176,""max_zoom"":64.0}",-1.6128469
20927405940400,gimbal,2693,"{""imu_roll"":0.0,""imu_pitch"":23.85600471496582,""imu_yaw"":-0.9932319521903992,""frame_roll"":0.0,""frame_pitch"":23.85600471496582,""frame_yaw"":-0.9932319521903992,""pitch_speed"":0.0,""yaw_speed"":0.0}",-1.6125935
20927438921300,range,1067,"{""message_type"":""GLOBAL_VISION_POSITION_ESTIMATE"",""x"":46.9481086730957,""y"":39.348594665527344}",-1.5796126
20927445867900,target_offset,433,"{""x_angle_offset"":-0.030388981103897095,""y_angle_offset"":0.0760426432998092}",-1.572666
20927454076800,fov,2694,"{""zoom"":12.339999198913574,""hfov"":7.293355464935303,""vfov"":4.106302738189697,""state"":0,""max_aov_h"":90.0,""max_aov_v"":58.71550750732422,""min_aov_h"":1.40625,""min_aov_v"":0.7910428047180176,""max_zoom"":64.0}",-1.5644571
20927454243900,gimbal,2694,"{""imu_roll"":0.0,""imu_pitch"":23.876617431640625,""imu_yaw"":-1.0012918710708618,""frame_roll"":0.0,""frame_pitch"":23.876617431640625,""frame_yaw"":-1.0012918710708618,""pitch_speed"":0.0,""yaw_speed"":0.0}",-1.56429
20927459797100,attitude,1059,"{""message_type"":""ATTITUDE"",""time_boot_ms"":115210,""roll"":-0.005842696409672499,""pitch"":0.16426323354244232,""yaw"":-3.059007406234741,""rollspeed"":0.0004005392547696829,""pitchspeed"":-0.008702247403562069,""yawspeed"":-0.0006788081955164671}",-1.5587368
20927460430600,vfr,531,"{""message_type"":""VFR_HUD"",""airspeed"":29.057592391967773,""alt"":191.5500030517578}",-1.5581033
20927460566600,range,1068,"{""message_type"":""GLOBAL_VISION_POSITION_ESTIMATE"",""x"":46.9481086730957,""y"":39.348594665527344}",-1.5579673
20927460668400,position,531,"{""message_type"":""GLOBAL_POSITION_INT"",""lat"":469533487,""lon"":393491268}",-1.5578655
20927473061000,fov,2695,"{""zoom"":12.339999198913574,""hfov"":7.293355464935303,""vfov"":4.106302738189697,""state"":0,""max_aov_h"":90.0,""max_aov_v"":58.71550750732422,""min_aov_h"":1.40625,""min_aov_v"":0.7910428047180176,""max_zoom"":64.0}",-1.5454729
20927473365400,gimbal,2695,"{""imu_roll"":0.0,""imu_pitch"":23.89016342163086,""imu_yaw"":-1.0040569305419922,""frame_roll"":0.0,""frame_pitch"":23.89016342163086,""frame_yaw"":-1.0040569305419922,""pitch_speed"":0.0,""yaw_speed"":0.0}",-1.5451685
20927498429600,fov,2696,"{""zoom"":12.339999198913574,""hfov"":7.293355464935303,""vfov"":4.106302738189697,""state"":0,""max_aov_h"":90.0,""max_aov_v"":58.71550750732422,""min_aov_h"":1.40625,""min_aov_v"":0.7910428047180176,""max_zoom"":64.0}",-1.5201043
20927499825200,gimbal,2696,"{""imu_roll"":0.0,""imu_pitch"":23.899471282958984,""imu_yaw"":-1.0061882734298706,""frame_roll"":0.0,""frame_pitch"":23.899471282958984,""frame_yaw"":-1.0061882734298706,""pitch_speed"":0.0,""yaw_speed"":0.0}",-1.5187087
20927503356900,target_offset,434,"{""x_angle_offset"":-0.030388981103897095,""y_angle_offset"":0.0760426432998092}",-1.515177
20927519494800,fov,2697,"{""zoom"":12.339999198913574,""hfov"":7.293355464935303,""vfov"":4.106302738189697,""state"":0,""max_aov_h"":90.0,""max_aov_v"":58.71550750732422,""min_aov_h"":1.40625,""min_aov_v"":0.7910428047180176,""max_zoom"":64.0}",-1.4990391
20927519792700,gimbal,2697,"{""imu_roll"":0.0,""imu_pitch"":23.914806365966797,""imu_yaw"":-1.0119386911392212,""frame_roll"":0.0,""frame_pitch"":23.914806365966797,""frame_yaw"":-1.0119386911392212,""pitch_speed"":0.0,""yaw_speed"":0.0}",-1.4987412
20927527035400,attitude,1060,"{""message_type"":""ATTITUDE"",""time_boot_ms"":115270,""roll"":-0.005778877064585686,""pitch"":0.16358281672000885,""yaw"":-3.059168577194214,""rollspeed"":0.0008287110831588507,""pitchspeed"":-0.009085004217922688,""yawspeed"":-0.0006363121792674065}",-1.4914985
20927535416900,target_offset,435,"{""x_angle_offset"":-0.030388981103897095,""y_angle_offset"":0.06843837896982828}",-1.483117
20927551052600,target_offset,436,"{""x_angle_offset"":-0.02279173582792282,""y_angle_offset"":0.06843837896982828}",-1.4674813
20927555272800,fov,2698,"{""zoom"":12.339999198913574,""hfov"":7.293355464935303,""vfov"":4.106302738189697,""state"":0,""max_aov_h"":90.0,""max_aov_v"":58.71550750732422,""min_aov_h"":1.40625,""min_aov_v"":0.7910428047180176,""max_zoom"":64.0}",-1.4632611
20927555556000,gimbal,2698,"{""imu_roll"":0.0,""imu_pitch"":23.932241439819336,""imu_yaw"":-1.0185319185256958,""frame_roll"":0.0,""frame_pitch"":23.932241439819336,""frame_yaw"":-1.0185319185256958,""pitch_speed"":0.0,""yaw_speed"":0.0}",-1.4629779
20927570384300,fov,2699,"{""zoom"":12.339999198913574,""hfov"":7.293355464935303,""vfov"":4.106302738189697,""state"":0,""max_aov_h"":90.0,""max_aov_v"":58.71550750732422,""min_aov_h"":1.40625,""min_aov_v"":0.7910428047180176,""max_zoom"":64.0}",-1.4481496
20927570664200,gimbal,2699,"{""imu_roll"":0.0,""imu_pitch"":23.940597534179688,""imu_yaw"":-1.021666407585144,""frame_roll"":0.0,""frame_pitch"":23.940597534179688,""frame_yaw"":-1.021666407585144,""pitch_speed"":0.0,""yaw_speed"":0.0}",-1.4478697
20927572605100,position,532,"{""message_type"":""GLOBAL_POSITION_INT"",""lat"":469532922,""lon"":393491200}",-1.4459288
20927572736300,attitude,1061,"{""message_type"":""ATTITUDE"",""time_boot_ms"":115310,""roll"":-0.005710913334041834,""pitch"":0.16309520602226257,""yaw"":-3.059293746948242,""rollspeed"":0.001880453317426145,""pitchspeed"":-0.00978537742048502,""yawspeed"":-0.0014258914161473513}",-1.4457976
20927573020100,vfr,532,"{""message_type"":""VFR_HUD"",""airspeed"":29.055009841918945,""alt"":191.80999755859375}",-1.4455138
20927594933000,range,1069,"{""message_type"":""GLOBAL_VISION_POSITION_ESTIMATE"",""x"":46.94805145263672,""y"":39.34858703613281}",-1.4236009
20927595269500,fov,2700,"{""zoom"":12.339999198913574,""hfov"":7.293355464935303,""vfov"":4.106302738189697,""state"":0,""max_aov_h"":90.0,""max_aov_v"":58.71550750732422,""min_aov_h"":1.40625,""min_aov_v"":0.7910428047180176,""max_zoom"":64.0}",-1.4232644
20927595773000,gimbal,2700,"{""imu_roll"":0.0,""imu_pitch"":23.94749641418457,""imu_yaw"":-1.0244272947311401,""frame_roll"":0.0,""frame_pitch"":23.94749641418457,""frame_yaw"":-1.0244272947311401,""pitch_speed"":0.0,""yaw_speed"":0.0}",-1.4227609
20927600376000,target_offset,437,"{""x_angle_offset"":-0.02279173582792282,""y_angle_offset"":0.06843837896982828}",-1.4181579
20927615445800,fov,2701,"{""zoom"":12.339999198913574,""hfov"":7.293355464935303,""vfov"":4.106302738189697,""state"":0,""max_aov_h"":90.0,""max_aov_v"":58.71550750732422,""min_aov_h"":1.40625,""min_aov_v"":0.7910428047180176,""max_zoom"":64.0}",-1.4030881
20927615717800,gimbal,2701,"{""imu_roll"":0.0,""imu_pitch"":23.95870590209961,""imu_yaw"":-1.0266058444976807,""frame_roll"":0.0,""frame_pitch"":23.95870590209961,""frame_yaw"":-1.0266058444976807,""pitch_speed"":0.0,""yaw_speed"":0.0}",-1.4028161
20927618648300,range,1070,"{""message_type"":""GLOBAL_VISION_POSITION_ESTIMATE"",""x"":46.94805145263672,""y"":39.34858703613281}",-1.3998856
20927642173100,fov,2702,"{""zoom"":12.339999198913574,""hfov"":7.293355464935303,""vfov"":4.106302738189697,""state"":0,""max_aov_h"":90.0,""max_aov_v"":58.71550750732422,""min_aov_h"":1.40625,""min_aov_v"":0.7910428047180176,""max_zoom"":64.0}",-1.3763608
20927642506300,gimbal,2702,"{""imu_roll"":0.0,""imu_pitch"":23.96683120727539,""imu_yaw"":-1.0283669233322144,""frame_roll"":0.0,""frame_pitch"":23.96683120727539,""frame_yaw"":-1.0283669233322144,""pitch_speed"":0.0,""yaw_speed"":0.0}",-1.3760276
20927642683500,attitude,1062,"{""message_type"":""ATTITUDE"",""time_boot_ms"":115370,""roll"":-0.005596115719527006,""pitch"":0.16234154999256134,""yaw"":-3.0595011711120605,""rollspeed"":0.001835365197621286,""pitchspeed"":-0.00921473279595375,""yawspeed"":-0.001477925106883049}",-1.3758504
20927645491300,target_offset,438,"{""x_angle_offset"":-0.02279173582792282,""y_angle_offset"":0.06843837896982828}",-1.3730426
20927666975900,fov,2703,"{""zoom"":12.339999198913574,""hfov"":7.293355464935303,""vfov"":4.106302738189697,""state"":0,""max_aov_h"":90.0,""max_aov_v"":58.71550750732422,""min_aov_h"":1.40625,""min_aov_v"":0.7910428047180176,""max_zoom"":64.0}",-1.351558
20927667261700,gimbal,2703,"{""imu_roll"":0.0,""imu_pitch"":23.979095458984375,""imu_yaw"":-1.0296728610992432,""frame_roll"":0.0,""frame_pitch"":23.979095458984375,""frame_yaw"":-1.0296728610992432,""pitch_speed"":0.0,""yaw_speed"":0.0}",-1.3512722
20927672551500,target_offset,439,"{""x_angle_offset"":-0.015194490551948547,""y_angle_offset"":0.06843837896982828}",-1.3459824
20927681481400,vfr,533,"{""message_type"":""VFR_HUD"",""airspeed"":29.05320167541504,""alt"":192.0800018310547}",-1.3370525
20927681582300,position,533,"{""message_type"":""GLOBAL_POSITION_INT"",""lat"":469532922,""lon"":393491200}",-1.3369516
20927681647600,attitude,1063,"{""message_type"":""ATTITUDE"",""time_boot_ms"":115410,""roll"":-0.0055136606097221375,""pitch"":0.16184836626052856,""yaw"":-3.0596396923065186,""rollspeed"":0.0020346222445368767,""pitchspeed"":-0.009282764978706837,""yawspeed"":-0.0014619668945670128}",-1.3368863
20927689841900,fov,2704,"{""zoom"":12.339999198913574,""hfov"":7.293355464935303,""vfov"":4.106302738189697,""state"":0,""max_aov_h"":90.0,""max_aov_v"":58.71550750732422,""min_aov_h"":1.40625,""min_aov_v"":0.7910428047180176,""max_zoom"":64.0}",-1.328692
20927690065900,gimbal,2704,"{""imu_roll"":0.0,""imu_pitch"":23.993513107299805,""imu_yaw"":-1.030655026435852,""frame_roll"":0.0,""frame_pitch"":23.993513107299805,""frame_yaw"":-1.030655026435852,""pitch_speed"":0.0,""yaw_speed"":0.0}",-1.328468
20927712029000,fov,2705,"{""zoom"":12.339999198913574,""hfov"":7.293355464935303,""vfov"":4.106302738189697,""state"":0,""max_aov_h"":90.0,""max_aov_v"":58.71550750732422,""min_aov_h"":1.40625,""min_aov_v"":0.7910428047180176,""max_zoom"":64.0}",-1.3065049
20927712299500,gimbal,2705,"{""imu_roll"":0.0,""imu_pitch"":24.00359344482422,""imu_yaw"":-1.0315176248550415,""frame_roll"":0.0,""frame_pitch"":24.00359344482422,""frame_yaw"":-1.0315176248550415,""pitch_speed"":0.0,""yaw_speed"":0.0}",-1.3062344
20927721474200,target_offset,440,"{""x_angle_offset"":-0.015194490551948547,""y_angle_offset"":0.06843837896982828}",-1.2970597
20927731930900,fov,2706,"{""zoom"":12.339999198913574,""hfov"":7.293355464935303,""vfov"":4.106302738189697,""state"":0,""max_aov_h"":90.0,""max_aov_v"":58.71550750732422,""min_aov_h"":1.40625,""min_aov_v"":0.7910428047180176,""max_zoom"":64.0}",-1.286603
20927732208800,gimbal,2706,"{""imu_roll"":0.0,""imu_pitch"":24.015783309936523,""imu_yaw"":-1.031970500946045,""frame_roll"":0.0,""frame_pitch"":24.015783309936523,""frame_yaw"":-1.031970500946045,""pitch_speed"":0.0,""yaw_speed"":0.0}",-1.2863251
20927743185900,attitude,1064,"{""message_type"":""ATTITUDE"",""time_boot_ms"":115470,""roll"":-0.005382600240409374,""pitch"":0.1611216962337494,""yaw"":-3.0598437786102295,""rollspeed"":0.002117553260177374,""pitchspeed"":-0.008817505091428757,""yawspeed"":-0.0015092790126800537}",-1.275348
20927748957200,range,1071,"{""message_type"":""GLOBAL_VISION_POSITION_ESTIMATE"",""x"":46.94805145263672,""y"":39.34860610961914}",-1.2695767
20927758379200,fov,2707,"{""zoom"":12.339999198913574,""hfov"":7.293355464935303,""vfov"":4.106302738189697,""state"":0,""max_aov_h"":90.0,""max_aov_v"":58.71550750732422,""min_aov_h"":1.40625,""min_aov_v"":0.7910428047180176,""max_zoom"":64.0}",-1.2601547
20927758626900,gimbal,2707,"{""imu_roll"":0.0,""imu_pitch"":24.025970458984375,""imu_yaw"":-1.0325349569320679,""frame_roll"":0.0,""frame_pitch"":24.025970458984375,""frame_yaw"":-1.0325349569320679,""pitch_speed"":0.0,""yaw_speed"":0.0}",-1.259907
20927765721700,target_offset,441,"{""x_angle_offset"":-0.015194490551948547,""y_angle_offset"":0.06843837896982828}",-1.2528122
20927769144900,range,1072,"{""message_type"":""GLOBAL_VISION_POSITION_ESTIMATE"",""x"":46.94805145263672,""y"":39.34860610961914}",-1.249389
20927785045200,fov,2708,"{""zoom"":12.339999198913574,""hfov"":7.293355464935303,""vfov"":4.106302738189697,""state"":0,""max_aov_h"":90.0,""max_aov_v"":58.71550750732422,""min_aov_h"":1.40625,""min_aov_v"":0.7910428047180176,""max_zoom"":64.0}",-1.2334887
20927785443000,gimbal,2708,"{""imu_roll"":0.0,""imu_pitch"":24.04037857055664,""imu_yaw"":-1.0328243970870972,""frame_roll"":0.0,""frame_pitch"":24.04037857055664,""frame_yaw"":-1.0328243970870972,""pitch_speed"":0.0,""yaw_speed"":0.0}",-1.2330909
20927790083700,target_offset,442,"{""x_angle_offset"":-0.015194490551948547,""y_angle_offset"":0.06843837896982828}",-1.2284502
20927793267700,attitude,1065,"{""message_type"":""ATTITUDE"",""time_boot_ms"":115510,""roll"":-0.0052740853279829025,""pitch"":0.16063982248306274,""yaw"":-3.0599775314331055,""rollspeed"":0.002666173968464136,""pitchspeed"":-0.009001556783914566,""yawspeed"":-0.0013862007763236761}",-1.2252662
20927793777400,vfr,534,"{""message_type"":""VFR_HUD"",""airspeed"":29.051937103271484,""alt"":192.34999084472656}",-1.2247565
20927793848300,position,534,"{""message_type"":""GLOBAL_POSITION_INT"",""lat"":469532357,""lon"":393491135}",-1.2246856
20927804474200,fov,2709,"{""zoom"":12.339999198913574,""hfov"":7.293355464935303,""vfov"":4.106302738189697,""state"":0,""max_aov_h"":90.0,""max_aov_v"":58.71550750732422,""min_aov_h"":1.40625,""min_aov_v"":0.7910428047180176,""max_zoom"":64.0}",-1.2140597
20927804892400,gimbal,2709,"{""imu_roll"":0.0,""imu_pitch"":24.05561065673828,""imu_yaw"":-1.0330283641815186,""frame_roll"":0.0,""frame_pitch"":24.05561065673828,""frame_yaw"":-1.0330283641815186,""pitch_speed"":0.0,""yaw_speed"":0.0}",-1.2136415
20927829025700,fov,2710,"{""zoom"":12.339999198913574,""hfov"":7.293355464935303,""vfov"":4.106302738189697,""state"":0,""max_aov_h"":90.0,""max_aov_v"":58.71550750732422,""min_aov_h"":1.40625,""min_aov_v"":0.7910428047180176,""max_zoom"":64.0}",-1.1895082
20927829404600,gimbal,2710,"{""imu_roll"":0.0,""imu_pitch"":24.066091537475586,""imu_yaw"":-1.03335702419281,""frame_roll"":0.0,""frame_pitch"":24.066091537475586,""frame_yaw"":-1.03335702419281,""pitch_speed"":0.0,""yaw_speed"":0.0}",-1.1891293
20927835073000,target_offset,443,"{""x_angle_offset"":-0.015194490551948547,""y_angle_offset"":0.06843837896982828}",-1.1834609
20927852609800,fov,2711,"{""zoom"":12.339999198913574,""hfov"":7.293355464935303,""vfov"":4.106302738189697,""state"":0,""max_aov_h"":90.0,""max_aov_v"":58.71550750732422,""min_aov_h"":1.40625,""min_aov_v"":0.7910428047180176,""max_zoom"":64.0}",-1.1659241
20927853058700,attitude,1066,"{""message_type"":""ATTITUDE"",""time_boot_ms"":115570,""roll"":-0.0051265619695186615,""pitch"":0.1599377542734146,""yaw"":-3.0601754188537598,""rollspeed"":0.002910889685153961,""pitchspeed"":-0.008447743020951748,""yawspeed"":-0.0012832346837967634}",-1.1654752
20927853518900,gimbal,2711,"{""imu_roll"":0.0,""imu_pitch"":24.082048416137695,""imu_yaw"":-1.0334867238998413,""frame_roll"":0.0,""frame_pitch"":24.082048416137695,""frame_yaw"":-1.0334867238998413,""pitch_speed"":0.0,""yaw_speed"":0.0}",-1.165015
20927877835200,fov,2712,"{""zoom"":12.339999198913574,""hfov"":7.293355464935303,""vfov"":4.106302738189697,""state"":0,""max_aov_h"":90.0,""max_aov_v"":58.71550750732422,""min_aov_h"":1.40625,""min_aov_v"":0.7910428047180176,""max_zoom"":64.0}",-1.1406987
20927878149700,gimbal,2712,"{""imu_roll"":0.0,""imu_pitch"":24.091073989868164,""imu_yaw"":-1.033782720565796,""frame_roll"":0.0,""frame_pitch"":24.091073989868164,""frame_yaw"":-1.033782720565796,""pitch_speed"":0.0,""yaw_speed"":0.0}",-1.1403842
20927884475400,target_offset,444,"{""x_angle_offset"":-0.015194490551948547,""y_angle_offset"":0.06843837896982828}",-1.1340585
20927897200800,attitude,1067,"{""message_type"":""ATTITUDE"",""time_boot_ms"":115610,""roll"":-0.004991586320102215,""pitch"":0.15948064625263214,""yaw"":-3.06030535697937,""rollspeed"":0.0037108040414750576,""pitchspeed"":-0.008468122221529484,""yawspeed"":-0.0012628808617591858}",-1.1213331
20927897833100,vfr,535,"{""message_type"":""VFR_HUD"",""airspeed"":29.05105209350586,""alt"":192.59999084472656}",-1.1207008
20927897964300,position,535,"{""message_type"":""GLOBAL_POSITION_INT"",""lat"":469532357,""lon"":393491135}",-1.1205696
20927904755900,gimbal,2713,"{""imu_roll"":0.0,""imu_pitch"":24.107593536376953,""imu_yaw"":-1.0338592529296875,""frame_roll"":0.0,""frame_pitch"":24.107593536376953,""frame_yaw"":-1.0338592529296875,""pitch_speed"":0.0,""yaw_speed"":0.0}",-1.113778
20927905332800,fov,2713,"{""zoom"":12.339999198913574,""hfov"":7.293355464935303,""vfov"":4.106302738189697,""state"":0,""max_aov_h"":90.0,""max_aov_v"":58.71550750732422,""min_aov_h"":1.40625,""min_aov_v"":0.7910428047180176,""max_zoom"":64.0}",-1.1132011
20927906766900,range,1073,"{""message_type"":""GLOBAL_VISION_POSITION_ESTIMATE"",""x"":46.947998046875,""y"":39.34859848022461}",-1.111767
20927908310500,target_offset,445,"{""x_angle_offset"":-0.015194490551948547,""y_angle_offset"":0.06843837896982828}",-1.1102234
20927917895100,range,1074,"{""message_type"":""GLOBAL_VISION_POSITION_ESTIMATE"",""x"":46.947998046875,""y"":39.34859848022461}",-1.1006388
20927924912900,fov,2714,"{""zoom"":12.339999198913574,""hfov"":7.293355464935303,""vfov"":4.106302738189697,""state"":0,""max_aov_h"":90.0,""max_aov_v"":58.71550750732422,""min_aov_h"":1.40625,""min_aov_v"":0.7910428047180176,""max_zoom"":64.0}",-1.093621
20927925494900,gimbal,2714,"{""imu_roll"":0.0,""imu_pitch"":24.12150001525879,""imu_yaw"":-1.033935546875,""frame_roll"":0.0,""frame_pitch"":24.12150001525879,""frame_yaw"":-1.033935546875,""pitch_speed"":0.0,""yaw_speed"":0.0}",-1.093039
20927949370000,fov,2715,"{""zoom"":12.339999198913574,""hfov"":7.293355464935303,""vfov"":4.106302738189697,""state"":0,""max_aov_h"":90.0,""max_aov_v"":58.71550750732422,""min_aov_h"":1.40625,""min_aov_v"":0.7910428047180176,""max_zoom"":64.0}",-1.0691639
20927949657800,gimbal,2715,"{""imu_roll"":0.0,""imu_pitch"":24.133174896240234,""imu_yaw"":-1.034240961074829,""frame_roll"":0.0,""frame_pitch"":24.133174896240234,""frame_yaw"":-1.034240961074829,""pitch_speed"":0.0,""yaw_speed"":0.0}",-1.0688761
20927955475800,target_offset,446,"{""x_angle_offset"":-0.02279173582792282,""y_angle_offset"":0.06843837896982828}",-1.0630581
20927960929500,attitude,1068,"{""message_type"":""ATTITUDE"",""time_boot_ms"":115670,""roll"":-0.0047510117292404175,""pitch"":0.1588323414325714,""yaw"":-3.0604920387268066,""rollspeed"":0.004272702615708113,""pitchspeed"":-0.007444593124091625,""yawspeed"":-0.0011519715189933777}",-1.0576044
20927972493700,fov,2716,"{""zoom"":12.339999198913574,""hfov"":7.293355464935303,""vfov"":4.106302738189697,""state"":0,""max_aov_h"":90.0,""max_aov_v"":58.71550750732422,""min_aov_h"":1.40625,""min_aov_v"":0.7910428047180176,""max_zoom"":64.0}",-1.0460402
20927972892500,gimbal,2716,"{""imu_roll"":0.0,""imu_pitch"":24.146860122680664,""imu_yaw"":-1.0393545627593994,""frame_roll"":0.0,""frame_pitch"":24.146860122680664,""frame_yaw"":-1.0393545627593994,""pitch_speed"":0.0,""yaw_speed"":0.0}",-1.0456414
20927995070600,fov,2717,"{""zoom"":12.339999198913574,""hfov"":7.293355464935303,""vfov"":4.106302738189697,""state"":0,""max_aov_h"":90.0,""max_aov_v"":58.71550750732422,""min_aov_h"":1.40625,""min_aov_v"":0.7910428047180176,""max_zoom"":64.0}",-1.0234633
20927995373400,gimbal,2717,"{""imu_roll"":0.0,""imu_pitch"":24.156105041503906,""imu_yaw"":-1.0430378913879395,""frame_roll"":0.0,""frame_pitch"":24.156105041503906,""frame_yaw"":-1.0430378913879395,""pitch_speed"":0.0,""yaw_speed"":0.0}",-1.0231605
20928004423300,target_offset,447,"{""x_angle_offset"":-0.02279173582792282,""y_angle_offset"":0.06843837896982828}",-1.0141106
20928008255800,vfr,536,"{""message_type"":""VFR_HUD"",""airspeed"":29.050432205200195,""alt"":192.84999084472656}",-1.0102781
20928008401300,position,536,"{""message_type"":""GLOBAL_POSITION_INT"",""lat"":469532357,""lon"":393491135}",-1.0101326
20928008503500,attitude,1069,"{""message_type"":""ATTITUDE"",""time_boot_ms"":115710,""roll"":-0.004584112204611301,""pitch"":0.15843597054481506,""yaw"":-3.0606117248535156,""rollspeed"":0.004353085998445749,""pitchspeed"":-0.0067711444571614265,""yawspeed"":-0.0010168624576181173}",-1.0100304
20928022020300,fov,2718,"{""zoom"":12.339999198913574,""hfov"":7.293355464935303,""vfov"":4.106302738189697,""state"":0,""max_aov_h"":90.0,""max_aov_v"":58.71550750732422,""min_aov_h"":1.40625,""min_aov_v"":0.7910428047180176,""max_zoom"":64.0}",-0.9965136
20928022433000,gimbal,2718,"{""imu_roll"":0.0,""imu_pitch"":24.172962188720703,""imu_yaw"":-1.0468695163726807,""frame_roll"":0.0,""frame_pitch"":24.172962188720703,""frame_yaw"":-1.0468695163726807,""pitch_speed"":0.0,""yaw_speed"":0.0}",-0.9961009
20928027774200,target_offset,448,"{""x_angle_offset"":-0.02279173582792282,""y_angle_offset"":0.06843837896982828}",-0.9907597
20928044427600,fov,2719,"{""zoom"":12.339999198913574,""hfov"":7.293355464935303,""vfov"":4.106302738189697,""state"":0,""max_aov_h"":90.0,""max_aov_v"":58.71550750732422,""min_aov_h"":1.40625,""min_aov_v"":0.7910428047180176,""max_zoom"":64.0}",-0.9741063
20928044725300,gimbal,2719,"{""imu_roll"":0.0,""imu_pitch"":24.187034606933594,""imu_yaw"":-1.0489742755889893,""frame_roll"":0.0,""frame_pitch"":24.187034606933594,""frame_yaw"":-1.0489742755889893,""pitch_speed"":0.0,""yaw_speed"":0.0}",-0.9738086
20928058494100,range,1075,"{""message_type"":""GLOBAL_VISION_POSITION_ESTIMATE"",""x"":46.94880294799805,""y"":39.34868240356445}",-0.9600398
20928071171300,fov,2720,"{""zoom"":12.339999198913574,""hfov"":7.293355464935303,""vfov"":4.106302738189697,""state"":0,""max_aov_h"":90.0,""max_aov_v"":58.71550750732422,""min_aov_h"":1.40625,""min_aov_v"":0.7910428047180176,""max_zoom"":64.0}",-0.9473626
20928071488200,gimbal,2720,"{""imu_roll"":0.0,""imu_pitch"":24.198463439941406,""imu_yaw"":-1.0510733127593994,""frame_roll"":0.0,""frame_pitch"":24.198463439941406,""frame_yaw"":-1.0510733127593994,""pitch_speed"":0.0,""yaw_speed"":0.0}",-0.9470457
20928073757800,range,1076,"{""message_type"":""GLOBAL_VISION_POSITION_ESTIMATE"",""x"":46.94880294799805,""y"":39.34868240356445}",-0.9447761
20928074020700,attitude,1070,"{""message_type"":""ATTITUDE"",""time_boot_ms"":115770,""roll"":-0.004321024287492037,""pitch"":0.15790118277072906,""yaw"":-3.0607798099517822,""rollspeed"":0.004392965231090784,""pitchspeed"":-0.005991598125547171,""yawspeed"":-0.0008799098432064056}",-0.9445132
20928076299000,target_offset,449,"{""x_angle_offset"":-0.02279173582792282,""y_angle_offset"":0.0760426432998092}",-0.9422349
20928091381700,fov,2721,"{""zoom"":12.339999198913574,""hfov"":7.293355464935303,""vfov"":4.106302738189697,""state"":0,""max_aov_h"":90.0,""max_aov_v"":58.71550750732422,""min_aov_h"":1.40625,""min_aov_v"":0.7910428047180176,""max_zoom"":64.0}",-0.9271522
20928091734900,gimbal,2721,"{""imu_roll"":0.0,""imu_pitch"":24.212146759033203,""imu_yaw"":-1.0522688627243042,""frame_roll"":0.0,""frame_pitch"":24.212146759033203,""frame_yaw"":-1.0522688627243042,""pitch_speed"":0.0,""yaw_speed"":0.0}",-0.926799
20928108694700,vfr,537,"{""message_type"":""VFR_HUD"",""airspeed"":29.049999237060547,""alt"":193.11000061035156}",-0.9098392
20928108819800,position,537,"{""message_type"":""GLOBAL_POSITION_INT"",""lat"":469531791,""lon"":393491070}",-0.9097141
20928108921900,attitude,1071,"{""message_type"":""ATTITUDE"",""time_boot_ms"":115810,""roll"":-0.004140386823564768,""pitch"":0.1575806438922882,""yaw"":-3.0608842372894287,""rollspeed"":0.004442389588803053,""pitchspeed"":-0.005378635600209236,""yawspeed"":-0.0007248905021697283}",-0.909612
20928115183900,fov,2722,"{""zoom"":12.339999198913574,""hfov"":7.293355464935303,""vfov"":4.106302738189697,""state"":0,""max_aov_h"":90.0,""max_aov_v"":58.71550750732422,""min_aov_h"":1.40625,""min_aov_v"":0.7910428047180176,""max_zoom"":64.0}",-0.90335
20928115696000,gimbal,2722,"{""imu_roll"":0.0,""imu_pitch"":24.223073959350586,""imu_yaw"":-1.0537129640579224,""frame_roll"":0.0,""frame_pitch"":24.223073959350586,""frame_yaw"":-1.0537129640579224,""pitch_speed"":0.0,""yaw_speed"":0.0}",-0.9028379
20928121313600,target_offset,450,"{""x_angle_offset"":-0.02279173582792282,""y_angle_offset"":0.0760426432998092}",-0.8972203
20928143418400,fov,2723,"{""zoom"":12.339999198913574,""hfov"":7.293355464935303,""vfov"":4.106302738189697,""state"":0,""max_aov_h"":90.0,""max_aov_v"":58.71550750732422,""min_aov_h"":1.40625,""min_aov_v"":0.7910428047180176,""max_zoom"":64.0}",-0.8751155
20928143708100,gimbal,2723,"{""imu_roll"":0.0,""imu_pitch"":24.239442825317383,""imu_yaw"":-1.054619550704956,""frame_roll"":0.0,""frame_pitch"":24.239442825317383,""frame_yaw"":-1.054619550704956,""pitch_speed"":0.0,""yaw_speed"":0.0}",-0.8748258
20928149207000,target_offset,451,"{""x_angle_offset"":-0.015194490551948547,""y_angle_offset"":0.08364690762979013}",-0.8693269
20928165289100,fov,2724,"{""zoom"":12.339999198913574,""hfov"":7.293355464935303,""vfov"":4.106302738189697,""state"":0,""max_aov_h"":90.0,""max_aov_v"":58.71550750732422,""min_aov_h"":1.40625,""min_aov_v"":0.7910428047180176,""max_zoom"":64.0}",-0.8532448
20928165770600,gimbal,2724,"{""imu_roll"":0.0,""imu_pitch"":24.253231048583984,""imu_yaw"":-1.0550869703292847,""frame_roll"":0.0,""frame_pitch"":24.253231048583984,""frame_yaw"":-1.0550869703292847,""pitch_speed"":0.0,""yaw_speed"":0.0}",-0.8527633
20928175185100,attitude,1072,"{""message_type"":""ATTITUDE"",""time_boot_ms"":115870,""roll"":-0.003866251790896058,""pitch"":0.1571362465620041,""yaw"":-3.061028003692627,""rollspeed"":0.00461222929880023,""pitchspeed"":-0.004640145227313042,""yawspeed"":-0.0005231066606938839}",-0.8433488
20928189663200,fov,2725,"{""zoom"":12.339999198913574,""hfov"":7.293355464935303,""vfov"":4.106302738189697,""state"":0,""max_aov_h"":90.0,""max_aov_v"":58.71550750732422,""min_aov_h"":1.40625,""min_aov_v"":0.7910428047180176,""max_zoom"":64.0}",-0.8288707
20928189931100,gimbal,2725,"{""imu_roll"":0.0,""imu_pitch"":24.263917922973633,""imu_yaw"":-1.0558760166168213,""frame_roll"":0.0,""frame_pitch"":24.263917922973633,""frame_yaw"":-1.0558760166168213,""pitch_speed"":0.0,""yaw_speed"":0.0}",-0.8286028
20928197146500,target_offset,452,"{""x_angle_offset"":-0.015194490551948547,""y_angle_offset"":0.08364690762979013}",-0.8213874
20928212507300,fov,2726,"{""zoom"":12.339999198913574,""hfov"":7.293355464935303,""vfov"":4.106302738189697,""state"":0,""max_aov_h"":90.0,""max_aov_v"":58.71550750732422,""min_aov_h"":1.40625,""min_aov_v"":0.7910428047180176,""max_zoom"":64.0}",-0.8060266
20928212790100,gimbal,2726,"{""imu_roll"":0.0,""imu_pitch"":24.284313201904297,""imu_yaw"":-1.0562797784805298,""frame_roll"":0.0,""frame_pitch"":24.284313201904297,""frame_yaw"":-1.0562797784805298,""pitch_speed"":0.0,""yaw_speed"":0.0}",-0.8057438
20928214041100,range,1077,"{""message_type"":""GLOBAL_VISION_POSITION_ESTIMATE"",""x"":46.94874572753906,""y"":39.348690032958984}",-0.8044928
20928214632300,position,538,"{""message_type"":""GLOBAL_POSITION_INT"",""lat"":469531791,""lon"":393491070}",-0.8039016
20928214817100,attitude,1073,"{""message_type"":""ATTITUDE"",""time_boot_ms"":115910,""roll"":-0.0036685639061033726,""pitch"":0.15688832104206085,""yaw"":-3.0611166954040527,""rollspeed"":0.004759964533150196,""pitchspeed"":-0.003407007548958063,""yawspeed"":-0.00039962888695299625}",-0.8037168
20928215018300,vfr,538,"{""message_type"":""VFR_HUD"",""airspeed"":29.04969596862793,""alt"":193.36000061035156}",-0.8035156
20928233171800,fov,2727,"{""zoom"":12.339999198913574,""hfov"":7.293355464935303,""vfov"":4.106302738189697,""state"":0,""max_aov_h"":90.0,""max_aov_v"":58.71550750732422,""min_aov_h"":1.40625,""min_aov_v"":0.7910428047180176,""max_zoom"":64.0}",-0.7853621
20928233478800,gimbal,2727,"{""imu_roll"":0.0,""imu_pitch"":24.296001434326172,""imu_yaw"":-1.0569208860397339,""frame_roll"":0.0,""frame_pitch"":24.296001434326172,""frame_yaw"":-1.0569208860397339,""pitch_speed"":0.0,""yaw_speed"":0.0}",-0.7850551
20928237831500,range,1078,"{""message_type"":""GLOBAL_VISION_POSITION_ESTIMATE"",""x"":46.94874572753906,""y"":39.348690032958984}",-0.7807024
20928245175000,target_offset,453,"{""x_angle_offset"":-0.015194490551948547,""y_angle_offset"":0.09885543628975196}",-0.7733589
20928264023800,target_offset,454,"{""x_angle_offset"":-0.015194490551948547,""y_angle_offset"":0.12927249360967566}",-0.7545101
20928269479200,fov,2728,"{""zoom"":12.339999198913574,""hfov"":7.293355464935303,""vfov"":4.106302738189697,""state"":0,""max_aov_h"":90.0,""max_aov_v"":58.71550750732422,""min_aov_h"":1.40625,""min_aov_v"":0.7910428047180176,""max_zoom"":64.0}",-0.7490547
20928269723700,gimbal,2728,"{""imu_roll"":0.0,""imu_pitch"":24.323156356811523,""imu_yaw"":-1.0570918321609497,""frame_roll"":0.0,""frame_pitch"":24.323156356811523,""frame_yaw"":-1.0570918321609497,""pitch_speed"":0.0,""yaw_speed"":0.0}",-0.7488102
20928276854800,attitude,1074,"{""message_type"":""ATTITUDE"",""time_boot_ms"":115970,""roll"":-0.0033703602384775877,""pitch"":0.15660130977630615,""yaw"":-3.06123685836792,""rollspeed"":0.00461052730679512,""pitchspeed"":-0.0018153120763599873,""yawspeed"":-0.00020956317894160748}",-0.7416791
20928286418400,fov,2729,"{""zoom"":12.339999198913574,""hfov"":7.293355464935303,""vfov"":4.106302738189697,""state"":0,""max_aov_h"":90.0,""max_aov_v"":58.71550750732422,""min_aov_h"":1.40625,""min_aov_v"":0.7910428047180176,""max_zoom"":64.0}",-0.7321155
20928286856300,gimbal,2729,"{""imu_roll"":0.0,""imu_pitch"":24.344287872314453,""imu_yaw"":-1.0572246313095093,""frame_roll"":0.0,""frame_pitch"":24.344287872314453,""frame_yaw"":-1.0572246313095093,""pitch_speed"":0.0,""yaw_speed"":0.0}",-0.7316776
20928309660400,fov,2730,"{""zoom"":12.339999198913574,""hfov"":7.293355464935303,""vfov"":4.106302738189697,""state"":0,""max_aov_h"":90.0,""max_aov_v"":58.71550750732422,""min_aov_h"":1.40625,""min_aov_v"":0.7910428047180176,""max_zoom"":64.0}",-0.7088735
20928310014700,gimbal,2730,"{""imu_roll"":0.0,""imu_pitch"":24.360437393188477,""imu_yaw"":-1.0580031871795654,""frame_roll"":0.0,""frame_pitch"":24.360437393188477,""frame_yaw"":-1.0580031871795654,""pitch_speed"":0.0,""yaw_speed"":0.0}",-0.7085192
20928315518000,target_offset,455,"{""x_angle_offset"":-0.015194490551948547,""y_angle_offset"":0.12927249360967566}",-0.7030159
20928319496900,attitude,1075,"{""message_type"":""ATTITUDE"",""time_boot_ms"":116010,""roll"":-0.0031665985006839037,""pitch"":0.15646198391914368,""yaw"":-3.061307191848755,""rollspeed"":0.004454948008060455,""pitchspeed"":-0.0008315719896927476,""yawspeed"":-3.1717587262392044e-05}",-0.699037
20928319822300,vfr,539,"{""message_type"":""VFR_HUD"",""airspeed"":29.049482345581055,""alt"":193.59999084472656}",-0.6987116
20928319894500,position,539,"{""message_type"":""GLOBAL_POSITION_INT"",""lat"":469531225,""lon"":393491004}",-0.6986394
20928332066100,fov,2731,"{""zoom"":12.339999198913574,""hfov"":7.293355464935303,""vfov"":4.106302738189697,""state"":0,""max_aov_h"":90.0,""max_aov_v"":58.71550750732422,""min_aov_h"":1.40625,""min_aov_v"":0.7910428047180176,""max_zoom"":64.0}",-0.6864678
20928332347700,gimbal,2731,"{""imu_roll"":0.0,""imu_pitch"":24.387962341308594,""imu_yaw"":-1.057952880859375,""frame_roll"":0.0,""frame_pitch"":24.387962341308594,""frame_yaw"":-1.057952880859375,""pitch_speed"":0.0,""yaw_speed"":0.0}",-0.6861862
20928357472000,fov,2732,"{""zoom"":12.339999198913574,""hfov"":7.293355464935303,""vfov"":4.106302738189697,""state"":0,""max_aov_h"":90.0,""max_aov_v"":58.71550750732422,""min_aov_h"":1.40625,""min_aov_v"":0.7910428047180176,""max_zoom"":64.0}",-0.6610619
20928357861000,gimbal,2732,"{""imu_roll"":0.0,""imu_pitch"":24.41038703918457,""imu_yaw"":-1.0588085651397705,""frame_roll"":0.0,""frame_pitch"":24.41038703918457,""frame_yaw"":-1.0588085651397705,""pitch_speed"":0.0,""yaw_speed"":0.0}",-0.6606729
20928362688800,target_offset,456,"{""x_angle_offset"":-0.015194490551948547,""y_angle_offset"":0.12927249360967566}",-0.6558451
20928368476300,range,1079,"{""message_type"":""GLOBAL_VISION_POSITION_ESTIMATE"",""x"":46.94868850708008,""y"":39.348690032958984}",-0.6500576
20928374913600,range,1080,"{""message_type"":""GLOBAL_VISION_POSITION_ESTIMATE"",""x"":46.94868850708008,""y"":39.348690032958984}",-0.6436203
20928375150700,attitude,1076,"{""message_type"":""ATTITUDE"",""time_boot_ms"":116070,""roll"":-0.0028652313631027937,""pitch"":0.15631845593452454,""yaw"":-3.0613982677459717,""rollspeed"":0.004338635131716728,""pitchspeed"":0.0004731210647150874,""yawspeed"":0.00016334885731339455}",-0.6433832
20928392048800,fov,2733,"{""zoom"":12.339999198913574,""hfov"":7.293355464935303,""vfov"":4.106302738189697,""state"":0,""max_aov_h"":90.0,""max_aov_v"":58.71550750732422,""min_aov_h"":1.40625,""min_aov_v"":0.7910428047180176,""max_zoom"":64.0}",-0.6264851
20928392546700,gimbal,2733,"{""imu_roll"":0.0,""imu_pitch"":24.443803787231445,""imu_yaw"":-1.058748483657837,""frame_roll"":0.0,""frame_pitch"":24.443803787231445,""frame_yaw"":-1.058748483657837,""pitch_speed"":0.0,""yaw_speed"":0.0}",-0.6259872
20928394416600,target_offset,457,"{""x_angle_offset"":-0.02279173582792282,""y_angle_offset"":0.13687675793965656}",-0.6241173
20928412117500,fov,2734,"{""zoom"":12.339999198913574,""hfov"":7.293355464935303,""vfov"":4.106302738189697,""state"":0,""max_aov_h"":90.0,""max_aov_v"":58.71550750732422,""min_aov_h"":1.40625,""min_aov_v"":0.7910428047180176,""max_zoom"":64.0}",-0.6064164
20928412383600,gimbal,2734,"{""imu_roll"":0.0,""imu_pitch"":24.473873138427734,""imu_yaw"":-1.0641010999679565,""frame_roll"":0.0,""frame_pitch"":24.473873138427734,""frame_yaw"":-1.0641010999679565,""pitch_speed"":0.0,""yaw_speed"":0.0}",-0.6061503
20928418934100,attitude,1077,"{""message_type"":""ATTITUDE"",""time_boot_ms"":116110,""roll"":-0.002668288303539157,""pitch"":0.1562892347574234,""yaw"":-3.0614535808563232,""rollspeed"":0.004212177358567715,""pitchspeed"":0.0020532405469566584,""yawspeed"":0.0003298022784292698}",-0.5995998
20928419162400,vfr,540,"{""message_type"":""VFR_HUD"",""airspeed"":29.049331665039062,""alt"":193.83999633789062}",-0.5993715
20928419233700,position,540,"{""message_type"":""GLOBAL_POSITION_INT"",""lat"":469531225,""lon"":393491004}",-0.5993002
20928439929100,fov,2735,"{""zoom"":12.339999198913574,""hfov"":7.293355464935303,""vfov"":4.106302738189697,""state"":0,""max_aov_h"":90.0,""max_aov_v"":58.71550750732422,""min_aov_h"":1.40625,""min_aov_v"":0.7910428047180176,""max_zoom"":64.0}",-0.5786048
20928440256800,gimbal,2735,"{""imu_roll"":0.0,""imu_pitch"":24.498720169067383,""imu_yaw"":-1.069571614265442,""frame_roll"":0.0,""frame_pitch"":24.498720169067383,""frame_yaw"":-1.069571614265442,""pitch_speed"":0.0,""yaw_speed"":0.0}",-0.5782771
20928445229200,target_offset,458,"{""x_angle_offset"":-0.02279173582792282,""y_angle_offset"":0.13687675793965656}",-0.5733047
20928467218800,fov,2736,"{""zoom"":12.339999198913574,""hfov"":7.293355464935303,""vfov"":4.106302738189697,""state"":0,""max_aov_h"":90.0,""max_aov_v"":58.71550750732422,""min_aov_h"":1.40625,""min_aov_v"":0.7910428047180176,""max_zoom"":64.0}",-0.5513151
20928467459900,gimbal,2736,"{""imu_roll"":0.0,""imu_pitch"":24.534225463867188,""imu_yaw"":-1.0725436210632324,""frame_roll"":0.0,""frame_pitch"":24.534225463867188,""frame_yaw"":-1.0725436210632324,""pitch_speed"":0.0,""yaw_speed"":0.0}",-0.551074
20928472443200,target_offset,459,"{""x_angle_offset"":-0.02279173582792282,""y_angle_offset"":0.1444810222696375}",-0.5460907
20928483990200,attitude,1078,"{""message_type"":""ATTITUDE"",""time_boot_ms"":116170,""roll"":-0.0023820262867957354,""pitch"":0.1563413441181183,""yaw"":-3.0615227222442627,""rollspeed"":0.0040391311049461365,""pitchspeed"":0.0038453778252005577,""yawspeed"":0.0004769586957991123}",-0.5345437
20928492038200,fov,2737,"{""zoom"":12.339999198913574,""hfov"":7.293355464935303,""vfov"":4.106302738189697,""state"":0,""max_aov_h"":90.0,""max_aov_v"":58.71550750732422,""min_aov_h"":1.40625,""min_aov_v"":0.7910428047180176,""max_zoom"":64.0}",-0.5264957
20928492328600,gimbal,2737,"{""imu_roll"":0.0,""imu_pitch"":24.56884002685547,""imu_yaw"":-1.0744709968566895,""frame_roll"":0.0,""frame_pitch"":24.56884002685547,""frame_yaw"":-1.0744709968566895,""pitch_speed"":0.0,""yaw_speed"":0.0}",-0.5262053
20928517443600,fov,2738,"{""zoom"":12.339999198913574,""hfov"":7.293355464935303,""vfov"":4.106302738189697,""state"":0,""max_aov_h"":90.0,""max_aov_v"":58.71550750732422,""min_aov_h"":1.40625,""min_aov_v"":0.7910428047180176,""max_zoom"":64.0}",-0.5010903
20928517899300,gimbal,2738,"{""imu_roll"":0.0,""imu_pitch"":24.596586227416992,""imu_yaw"":-1.0771374702453613,""frame_roll"":0.0,""frame_pitch"":24.596586227416992,""frame_yaw"":-1.0771374702453613,""pitch_speed"":0.0,""yaw_speed"":0.0}",-0.5006346
20928521482700,target_offset,460,"{""x_angle_offset"":-0.030388981103897095,""y_angle_offset"":0.1444810222696375}",-0.4970512
20928526058300,vfr,541,"{""message_type"":""VFR_HUD"",""airspeed"":29.01918601989746,""alt"":194.08999633789062}",-0.4924756
20928526150000,position,541,"{""message_type"":""GLOBAL_POSITION_INT"",""lat"":469530663,""lon"":393490938}",-0.4923839
20928526214200,attitude,1079,"{""message_type"":""ATTITUDE"",""time_boot_ms"":116210,""roll"":-0.002178022637963295,""pitch"":0.15655650198459625,""yaw"":-3.061558723449707,""rollspeed"":0.003906837198883295,""pitchspeed"":0.004802232142537832,""yawspeed"":0.0006958171725273132}",-0.4923197
20928538760800,fov,2739,"{""zoom"":12.339999198913574,""hfov"":7.293355464935303,""vfov"":4.106302738189697,""state"":0,""max_aov_h"":90.0,""max_aov_v"":58.71550750732422,""min_aov_h"":1.40625,""min_aov_v"":0.7910428047180176,""max_zoom"":64.0}",-0.4797731
20928539211600,gimbal,2739,"{""imu_roll"":0.0,""imu_pitch"":24.62423324584961,""imu_yaw"":-1.0829837322235107,""frame_roll"":0.0,""frame_pitch"":24.62423324584961,""frame_yaw"":-1.0829837322235107,""pitch_speed"":0.0,""yaw_speed"":0.0}",-0.4793223
20928540893400,range,1081,"{""message_type"":""GLOBAL_VISION_POSITION_ESTIMATE"",""x"":46.94863510131836,""y"":39.34868621826172}",-0.4776405
20928544805800,range,1082,"{""message_type"":""GLOBAL_VISION_POSITION_ESTIMATE"",""x"":46.94863510131836,""y"":39.34868621826172}",-0.4737281
20928565213800,fov,2740,"{""zoom"":12.339999198913574,""hfov"":7.293355464935303,""vfov"":4.106302738189697,""state"":0,""max_aov_h"":90.0,""max_aov_v"":58.71550750732422,""min_aov_h"":1.40625,""min_aov_v"":0.7910428047180176,""max_zoom"":64.0}",-0.4533201
20928565529600,gimbal,2740,"{""imu_roll"":0.0,""imu_pitch"":24.648963928222656,""imu_yaw"":-1.0894168615341187,""frame_roll"":0.0,""frame_pitch"":24.648963928222656,""frame_yaw"":-1.0894168615341187,""pitch_speed"":0.0,""yaw_speed"":0.0}",-0.4530043
20928570092300,target_offset,461,"{""x_angle_offset"":-0.030388981103897095,""y_angle_offset"":0.1520852865996184}",-0.4484416
20928582484700,attitude,1080,"{""message_type"":""ATTITUDE"",""time_boot_ms"":116270,""roll"":-0.0018776123179122806,""pitch"":0.15693789720535278,""yaw"":-3.061598300933838,""rollspeed"":0.0037607112899422646,""pitchspeed"":0.005891027394682169,""yawspeed"":0.0009374762885272503}",-0.4360492
20928594717200,fov,2741,"{""zoom"":12.339999198913574,""hfov"":7.293355464935303,""vfov"":4.106302738189697,""state"":0,""max_aov_h"":90.0,""max_aov_v"":58.71550750732422,""min_aov_h"":1.40625,""min_aov_v"":0.7910428047180176,""max_zoom"":64.0}",-0.4238167
20928595482500,gimbal,2741,"{""imu_roll"":0.0,""imu_pitch"":24.68839454650879,""imu_yaw"":-1.0936046838760376,""frame_roll"":0.0,""frame_pitch"":24.68839454650879,""frame_yaw"":-1.0936046838760376,""pitch_speed"":0.0,""yaw_speed"":0.0}",-0.4230514
20928599248500,target_offset,462,"{""x_angle_offset"":-0.030388981103897095,""y_angle_offset"":0.1520852865996184}",-0.4192854
20928618434900,fov,2742,"{""zoom"":12.339999198913574,""hfov"":7.293355464935303,""vfov"":4.106302738189697,""state"":0,""max_aov_h"":90.0,""max_aov_v"":58.71550750732422,""min_aov_h"":1.40625,""min_aov_v"":0.7910428047180176,""max_zoom"":64.0}",-0.400099
20928618949400,gimbal,2742,"{""imu_roll"":0.0,""imu_pitch"":24.721744537353516,""imu_yaw"":-1.1011687517166138,""frame_roll"":0.0,""frame_pitch"":24.721744537353516,""frame_yaw"":-1.1011687517166138,""pitch_speed"":0.0,""yaw_speed"":0.0}",-0.3995845
20928626774900,position,542,"{""message_type"":""GLOBAL_POSITION_INT"",""lat"":469530663,""lon"":393490938}",-0.391759
20928626922200,attitude,1081,"{""message_type"":""ATTITUDE"",""time_boot_ms"":116310,""roll"":-0.0017004047986119986,""pitch"":0.15722757577896118,""yaw"":-3.0616157054901123,""rollspeed"":0.0029553482308983803,""pitchspeed"":0.006660474464297295,""yawspeed"":0.0011451938189566135}",-0.3916117
20928627222400,vfr,542,"{""message_type"":""VFR_HUD"",""airspeed"":28.998065948486328,""alt"":194.3300018310547}",-0.3913115
20928647408100,fov,2743,"{""zoom"":12.339999198913574,""hfov"":7.293355464935303,""vfov"":4.106302738189697,""state"":0,""max_aov_h"":90.0,""max_aov_v"":58.71550750732422,""min_aov_h"":1.40625,""min_aov_v"":0.7910428047180176,""max_zoom"":64.0}",-0.3711258
20928650142500,gimbal,2743,"{""imu_roll"":0.0,""imu_pitch"":24.75304412841797,""imu_yaw"":-1.109593391418457,""frame_roll"":0.0,""frame_pitch"":24.75304412841797,""frame_yaw"":-1.109593391418457,""pitch_speed"":0.0,""yaw_speed"":0.0}",-0.3683914
20928652089900,target_offset,463,"{""x_angle_offset"":-0.030388981103897095,""y_angle_offset"":0.15968955092959933}",-0.366444
20928674155000,fov,2744,"{""zoom"":12.339999198913574,""hfov"":7.293355464935303,""vfov"":4.106302738189697,""state"":0,""max_aov_h"":90.0,""max_aov_v"":58.71550750732422,""min_aov_h"":1.40625,""min_aov_v"":0.7910428047180176,""max_zoom"":64.0}",-0.3443789
20928674501800,gimbal,2744,"{""imu_roll"":0.0,""imu_pitch"":24.786949157714844,""imu_yaw"":-1.1132105588912964,""frame_roll"":0.0,""frame_pitch"":24.786949157714844,""frame_yaw"":-1.1132105588912964,""pitch_speed"":0.0,""yaw_speed"":0.0}",-0.3440321
20928682736900,target_offset,464,"{""x_angle_offset"":-0.030388981103897095,""y_angle_offset"":0.19771087257950393}",-0.335797
20928695212500,attitude,1082,"{""message_type"":""ATTITUDE"",""time_boot_ms"":116370,""roll"":-0.001502042985521257,""pitch"":0.15772339701652527,""yaw"":-3.061628580093384,""rollspeed"":0.001736122532747686,""pitchspeed"":0.00781791377812624,""yawspeed"":0.001376523170620203}",-0.3233214
20928695640400,range,1083,"{""message_type"":""GLOBAL_VISION_POSITION_ESTIMATE"",""x"":46.94863510131836,""y"":39.34868621826172}",-0.3228935
20928698293400,fov,2745,"{""zoom"":12.339999198913574,""hfov"":7.293355464935303,""vfov"":4.106302738189697,""state"":0,""max_aov_h"":90.0,""max_aov_v"":58.71550750732422,""min_aov_h"":1.40625,""min_aov_v"":0.7910428047180176,""max_zoom"":64.0}",-0.3202405
20928699306200,gimbal,2745,"{""imu_roll"":0.0,""imu_pitch"":24.83971405029297,""imu_yaw"":-1.1225519180297852,""frame_roll"":0.0,""frame_pitch"":24.83971405029297,""frame_yaw"":-1.1225519180297852,""pitch_speed"":0.0,""yaw_speed"":0.0}",-0.3192277
20928715306500,range,1084,"{""message_type"":""GLOBAL_VISION_POSITION_ESTIMATE"",""x"":46.94863510131836,""y"":39.34868621826172}",-0.3032274
20928728776100,fov,2746,"{""zoom"":12.339999198913574,""hfov"":7.293355464935303,""vfov"":4.106302738189697,""state"":0,""max_aov_h"":90.0,""max_aov_v"":58.71550750732422,""min_aov_h"":1.40625,""min_aov_v"":0.7910428047180176,""max_zoom"":64.0}",-0.2897578
20928729526200,gimbal,2746,"{""imu_roll"":0.0,""imu_pitch"":24.879606246948242,""imu_yaw"":-1.1312932968139648,""frame_roll"":0.0,""frame_pitch"":24.879606246948242,""frame_yaw"":-1.1312932968139648,""pitch_speed"":0.0,""yaw_speed"":0.0}",-0.2890077
20928731420600,target_offset,465,"{""x_angle_offset"":-0.030388981103897095,""y_angle_offset"":0.19771087257950393}",-0.2871133
20928738620100,vfr,543,"{""message_type"":""VFR_HUD"",""airspeed"":28.983272552490234,""alt"":194.5699920654297}",-0.2799138
20928738713900,position,543,"{""message_type"":""GLOBAL_POSITION_INT"",""lat"":469530101,""lon"":393490873}",-0.27982
20928738781400,attitude,1083,"{""message_type"":""ATTITUDE"",""time_boot_ms"":116410,""roll"":-0.0013687247410416603,""pitch"":0.15811960399150848,""yaw"":-3.0616307258605957,""rollspeed"":0.0018695114413276315,""pitchspeed"":0.008684294298291206,""yawspeed"":0.0014300676994025707}",-0.2797525
20928754328900,fov,2747,"{""zoom"":12.339999198913574,""hfov"":7.293355464935303,""vfov"":4.106302738189697,""state"":0,""max_aov_h"":90.0,""max_aov_v"":58.71550750732422,""min_aov_h"":1.40625,""min_aov_v"":0.7910428047180176,""max_zoom"":64.0}",-0.264205
20928754718100,gimbal,2747,"{""imu_roll"":0.0,""imu_pitch"":24.93499183654785,""imu_yaw"":-1.1362066268920898,""frame_roll"":0.0,""frame_pitch"":24.93499183654785,""frame_yaw"":-1.1362066268920898,""pitch_speed"":0.0,""yaw_speed"":0.0}",-0.2638158
20928759226100,target_offset,466,"{""x_angle_offset"":-0.030388981103897095,""y_angle_offset"":0.19771087257950393}",-0.2593078
20928778695400,fov,2748,"{""zoom"":12.339999198913574,""hfov"":7.293355464935303,""vfov"":4.106302738189697,""state"":0,""max_aov_h"":90.0,""max_aov_v"":58.71550750732422,""min_aov_h"":1.40625,""min_aov_v"":0.7910428047180176,""max_zoom"":64.0}",-0.2398385
20928779007700,gimbal,2748,"{""imu_roll"":0.0,""imu_pitch"":24.974363327026367,""imu_yaw"":-1.1436915397644043,""frame_roll"":0.0,""frame_pitch"":24.974363327026367,""frame_yaw"":-1.1436915397644043,""pitch_speed"":0.0,""yaw_speed"":0.0}",-0.2395262
20928799495700,attitude,1084,"{""message_type"":""ATTITUDE"",""time_boot_ms"":116470,""roll"":-0.0011431470047682524,""pitch"":0.1588025689125061,""yaw"":-3.0616142749786377,""rollspeed"":0.0020709424279630184,""pitchspeed"":0.009621302597224712,""yawspeed"":0.0017127380706369877}",-0.2190382
20928801240100,fov,2749,"{""zoom"":12.339999198913574,""hfov"":7.293355464935303,""vfov"":4.106302738189697,""state"":0,""max_aov_h"":90.0,""max_aov_v"":58.71550750732422,""min_aov_h"":1.40625,""min_aov_v"":0.7910428047180176,""max_zoom"":64.0}",-0.2172938
20928801549200,gimbal,2749,"{""imu_roll"":0.0,""imu_pitch"":25.008455276489258,""imu_yaw"":-1.1514846086502075,""frame_roll"":0.0,""frame_pitch"":25.008455276489258,""frame_yaw"":-1.1514846086502075,""pitch_speed"":0.0,""yaw_speed"":0.0}",-0.2169847
20928810386400,target_offset,467,"{""x_angle_offset"":-0.02279173582792282,""y_angle_offset"":0.19010660824952302}",-0.2081475
20928831653200,fov,2750,"{""zoom"":12.339999198913574,""hfov"":7.293355464935303,""vfov"":4.106302738189697,""state"":0,""max_aov_h"":90.0,""max_aov_v"":58.71550750732422,""min_aov_h"":1.40625,""min_aov_v"":0.7910428047180176,""max_zoom"":64.0}",-0.1868807
20928831957400,gimbal,2750,"{""imu_roll"":0.0,""imu_pitch"":25.058319091796875,""imu_yaw"":-1.157220721244812,""frame_roll"":0.0,""frame_pitch"":25.058319091796875,""frame_yaw"":-1.157220721244812,""pitch_speed"":0.0,""yaw_speed"":0.0}",-0.1865765
20928836143000,target_offset,468,"{""x_angle_offset"":-0.02279173582792282,""y_angle_offset"":0.19010660824952302}",-0.1823909
20928842216000,attitude,1085,"{""message_type"":""ATTITUDE"",""time_boot_ms"":116510,""roll"":-0.0009887444321066141,""pitch"":0.1592828780412674,""yaw"":-3.0615956783294678,""rollspeed"":0.0020839120261371136,""pitchspeed"":0.010065214708447456,""yawspeed"":0.0018834313377738}",-0.1763179
20928842409800,vfr,544,"{""message_type"":""VFR_HUD"",""airspeed"":28.97291374206543,""alt"":194.80999755859375}",-0.1761241
20928842474800,position,544,"{""message_type"":""GLOBAL_POSITION_INT"",""lat"":469530101,""lon"":393490873}",-0.1760591
20928851847900,range,1085,"{""message_type"":""GLOBAL_VISION_POSITION_ESTIMATE"",""x"":46.94858169555664,""y"":39.348690032958984}",-0.166686
20928852973700,fov,2751,"{""zoom"":12.339999198913574,""hfov"":7.293355464935303,""vfov"":4.106302738189697,""state"":0,""max_aov_h"":90.0,""max_aov_v"":58.71550750732422,""min_aov_h"":1.40625,""min_aov_v"":0.7910428047180176,""max_zoom"":64.0}",-0.1655602
20928853261800,gimbal,2751,"{""imu_roll"":0.0,""imu_pitch"":25.102243423461914,""imu_yaw"":-1.1602588891983032,""frame_roll"":0.0,""frame_pitch"":25.102243423461914,""frame_yaw"":-1.1602588891983032,""pitch_speed"":0.0,""yaw_speed"":0.0}",-0.1652721
20928861266600,range,1086,"{""message_type"":""GLOBAL_VISION_POSITION_ESTIMATE"",""x"":46.94858169555664,""y"":39.348690032958984}",-0.1572673
20928878540200,fov,2752,"{""zoom"":12.339999198913574,""hfov"":7.293355464935303,""vfov"":4.106302738189697,""state"":0,""max_aov_h"":90.0,""max_aov_v"":58.71550750732422,""min_aov_h"":1.40625,""min_aov_v"":0.7910428047180176,""max_zoom"":64.0}",-0.1399937
20928878837100,gimbal,2752,"{""imu_roll"":0.0,""imu_pitch"":25.136566162109375,""imu_yaw"":-1.1640080213546753,""frame_roll"":0.0,""frame_pitch"":25.136566162109375,""frame_yaw"":-1.1640080213546753,""pitch_speed"":0.0,""yaw_speed"":0.0}",-0.1396968
20928885875500,target_offset,469,"{""x_angle_offset"":-0.02279173582792282,""y_angle_offset"":0.19010660824952302}",-0.1326584
20928906319600,fov,2753,"{""zoom"":12.339999198913574,""hfov"":7.293355464935303,""vfov"":4.106302738189697,""state"":0,""max_aov_h"":90.0,""max_aov_v"":58.71550750732422,""min_aov_h"":1.40625,""min_aov_v"":0.7910428047180176,""max_zoom"":64.0}",-0.1122143
20928906561400,gimbal,2753,"{""imu_roll"":0.0,""imu_pitch"":25.187755584716797,""imu_yaw"":-1.172476887702942,""frame_roll"":0.0,""frame_pitch"":25.187755584716797,""frame_yaw"":-1.172476887702942,""pitch_speed"":0.0,""yaw_speed"":0.0}",-0.1119725
20928909582800,attitude,1086,"{""message_type"":""ATTITUDE"",""time_boot_ms"":116570,""roll"":-0.0007577591459266841,""pitch"":0.16001856327056885,""yaw"":-3.061554431915283,""rollspeed"":0.0019059648038819432,""pitchspeed"":0.010357378050684929,""yawspeed"":0.0020843548700213432}",-0.1089511
20928911142500,target_offset,470,"{""x_angle_offset"":-0.02279173582792282,""y_angle_offset"":0.19010660824952302}",-0.1073914
20928929199000,fov,2754,"{""zoom"":12.339999198913574,""hfov"":7.293355464935303,""vfov"":4.106302738189697,""state"":0,""max_aov_h"":90.0,""max_aov_v"":58.71550750732422,""min_aov_h"":1.40625,""min_aov_v"":0.7910428047180176,""max_zoom"":64.0}",-0.0893349
20928932062800,gimbal,2754,"{""imu_roll"":0.0,""imu_pitch"":25.22649383544922,""imu_yaw"":-1.1770867109298706,""frame_roll"":0.0,""frame_pitch"":25.22649383544922,""frame_yaw"":-1.1770867109298706,""pitch_speed"":0.0,""yaw_speed"":0.0}",-0.0864711
20928944579400,position,545,"{""message_type"":""GLOBAL_POSITION_INT"",""lat"":469529539,""lon"":393490807}",-0.0739545
20928944719500,attitude,1087,"{""message_type"":""ATTITUDE"",""time_boot_ms"":116610,""roll"":-0.0006333701312541962,""pitch"":0.16052979230880737,""yaw"":-3.061518669128418,""rollspeed"":0.0010973875178024173,""pitchspeed"":0.010873903520405293,""yawspeed"":0.002366466913372278}",-0.0738144
20928945005500,vfr,545,"{""message_type"":""VFR_HUD"",""airspeed"":28.96565818786621,""alt"":195.0500030517578}",-0.0735284
20928958756100,fov,2755,"{""zoom"":12.339999198913574,""hfov"":7.293355464935303,""vfov"":4.106302738189697,""state"":0,""max_aov_h"":90.0,""max_aov_v"":58.71550750732422,""min_aov_h"":1.40625,""min_aov_v"":0.7910428047180176,""max_zoom"":64.0}",-0.0597778
20928959030300,gimbal,2755,"{""imu_roll"":0.0,""imu_pitch"":25.262418746948242,""imu_yaw"":-1.1834454536437988,""frame_roll"":0.0,""frame_pitch"":25.262418746948242,""frame_yaw"":-1.1834454536437988,""pitch_speed"":0.0,""yaw_speed"":0.0}",-0.0595036
20928962145300,target_offset,471,"{""x_angle_offset"":-0.02279173582792282,""y_angle_offset"":0.19010660824952302}",-0.0563886
20928980427000,fov,2756,"{""zoom"":12.339999198913574,""hfov"":7.293355464935303,""vfov"":4.106302738189697,""state"":0,""max_aov_h"":90.0,""max_aov_v"":58.71550750732422,""min_aov_h"":1.40625,""min_aov_v"":0.7910428047180176,""max_zoom"":64.0}",-0.0381069
20928980684000,gimbal,2756,"{""imu_roll"":0.0,""imu_pitch"":25.305145263671875,""imu_yaw"":-1.1856412887573242,""frame_roll"":0.0,""frame_pitch"":25.305145263671875,""frame_yaw"":-1.1856412887573242,""pitch_speed"":0.0,""yaw_speed"":0.0}",-0.0378499
20929006751700,range,1087,"{""message_type"":""GLOBAL_VISION_POSITION_ESTIMATE"",""x"":46.94852066040039,""y"":39.34868240356445}",-0.0117822
20929007155000,fov,2757,"{""zoom"":12.339999198913574,""hfov"":7.293355464935303,""vfov"":4.106302738189697,""state"":0,""max_aov_h"":90.0,""max_aov_v"":58.71550750732422,""min_aov_h"":1.40625,""min_aov_v"":0.7910428047180176,""max_zoom"":64.0}",-0.0113789
20929007449800,gimbal,2757,"{""imu_roll"":0.0,""imu_pitch"":25.3362979888916,""imu_yaw"":-1.1886732578277588,""frame_roll"":0.0,""frame_pitch"":25.3362979888916,""frame_yaw"":-1.1886732578277588,""pitch_speed"":0.0,""yaw_speed"":0.0}",-0.0110841
20929013117500,target_offset,472,"{""x_angle_offset"":-0.030388981103897095,""y_angle_offset"":0.19010660824952302}",-0.0054164
20929016765800,attitude,1088,"{""message_type"":""ATTITUDE"",""time_boot_ms"":116670,""roll"":-0.000480923627037555,""pitch"":0.16122552752494812,""yaw"":-3.0614497661590576,""rollspeed"":-5.9781596064567566e-05,""pitchspeed"":0.011198976077139378,""yawspeed"":0.002470811828970909}",-0.0017681
20929017527200,range,1088,"{""message_type"":""GLOBAL_VISION_POSITION_ESTIMATE"",""x"":46.94852066040039,""y"":39.34868240356445}",-0.0010067
20929049750300,fov,2758,"{""zoom"":12.339999198913574,""hfov"":7.293355464935303,""vfov"":4.106302738189697,""state"":0,""max_aov_h"":90.0,""max_aov_v"":58.71550750732422,""min_aov_h"":1.40625,""min_aov_v"":0.7910428047180176,""max_zoom"":64.0}",0.0312164
20929049930700,gimbal,2758,"{""imu_roll"":0.0,""imu_pitch"":25.367664337158203,""imu_yaw"":-1.193400502204895,""frame_roll"":0.0,""frame_pitch"":25.367664337158203,""frame_yaw"":-1.193400502204895,""pitch_speed"":0.0,""yaw_speed"":0.0}",0.0313968
20929068132600,position,546,"{""message_type"":""GLOBAL_POSITION_INT"",""lat"":469529539,""lon"":393490807}",0.0495987
20929068225000,attitude,1089,"{""message_type"":""ATTITUDE"",""time_boot_ms"":116710,""roll"":-0.0003928721125703305,""pitch"":0.16170455515384674,""yaw"":-3.061397075653076,""rollspeed"":-1.9642524421215057e-05,""pitchspeed"":0.011588448658585548,""yawspeed"":0.0026636580005288124}",0.0496911
20929068428400,vfr,546,"{""message_type"":""VFR_HUD"",""airspeed"":28.96057891845703,""alt"":195.3000030517578}",0.0498945
20929068946600,target_offset,473,"{""x_angle_offset"":-0.030388981103897095,""y_angle_offset"":0.19771087257950393}",0.0504127
20929101692700,fov,2759,"{""zoom"":12.339999198913574,""hfov"":7.293355464935303,""vfov"":4.106302738189697,""state"":0,""max_aov_h"":90.0,""max_aov_v"":58.71550750732422,""min_aov_h"":1.40625,""min_aov_v"":0.7910428047180176,""max_zoom"":64.0}",0.0831588
20929116209400,gimbal,2759,"{""imu_roll"":0.0,""imu_pitch"":25.40689468383789,""imu_yaw"":-1.199371576309204,""frame_roll"":0.0,""frame_pitch"":25.40689468383789,""frame_yaw"":-1.199371576309204,""pitch_speed"":0.0,""yaw_speed"":0.0}",0.0976755
20929124509000,fov,2760,"{""zoom"":12.339999198913574,""hfov"":7.293355464935303,""vfov"":4.106302738189697,""state"":0,""max_aov_h"":90.0,""max_aov_v"":58.71550750732422,""min_aov_h"":1.40625,""min_aov_v"":0.7910428047180176,""max_zoom"":64.0}",0.1059751
20929124994200,gimbal,2760,"{""imu_roll"":0.0,""imu_pitch"":25.433338165283203,""imu_yaw"":-1.205191969871521,""frame_roll"":0.0,""frame_pitch"":25.433338165283203,""frame_yaw"":-1.205191969871521,""pitch_speed"":0.0,""yaw_speed"":0.0}",0.1064603
20929134016100,attitude,1090,"{""message_type"":""ATTITUDE"",""time_boot_ms"":116770,""roll"":-8.059794345172122e-05,""pitch"":0.16058200597763062,""yaw"":-3.0613319873809814,""rollspeed"":0.004129812587052584,""pitchspeed"":-0.03456319496035576,""yawspeed"":0.002065309789031744}",0.1154822
20929164504800,range,1089,"{""message_type"":""GLOBAL_VISION_POSITION_ESTIMATE"",""x"":46.94852066040039,""y"":39.34868621826172}",0.1459709
20929175621300,fov,2761,"{""zoom"":12.339999198913574,""hfov"":7.293355464935303,""vfov"":4.106302738189697,""state"":0,""max_aov_h"":90.0,""max_aov_v"":58.71550750732422,""min_aov_h"":1.40625,""min_aov_v"":0.7910428047180176,""max_zoom"":64.0}",0.1570874
20929187451100,gimbal,2761,"{""imu_roll"":0.0,""imu_pitch"":25.4636173248291,""imu_yaw"":-1.2073652744293213,""frame_roll"":0.0,""frame_pitch"":25.4636173248291,""frame_yaw"":-1.2073652744293213,""pitch_speed"":0.0,""yaw_speed"":0.0}",0.1689172
20929210285800,attitude,1091,"{""message_type"":""ATTITUDE"",""time_boot_ms"":116810,""roll"":0.00015155501023400575,""pitch"":0.15889744460582733,""yaw"":-3.0613181591033936,""rollspeed"":0.0035621412098407745,""pitchspeed"":-0.044086847454309464,""yawspeed"":0.0014209011569619179}",0.1917519
20929210657500,vfr,547,"{""message_type"":""VFR_HUD"",""airspeed"":28.95702362060547,""alt"":195.5399932861328}",0.1921236
20929211886200,range,1090,"{""message_type"":""GLOBAL_VISION_POSITION_ESTIMATE"",""x"":46.94852066040039,""y"":39.34868621826172}",0.1933523
20929212019900,position,547,"{""message_type"":""GLOBAL_POSITION_INT"",""lat"":469529539,""lon"":393490807}",0.193486
20929228925300,fov,2762,"{""zoom"":12.339999198913574,""hfov"":7.293355464935303,""vfov"":4.106302738189697,""state"":0,""max_aov_h"":90.0,""max_aov_v"":58.71550750732422,""min_aov_h"":1.40625,""min_aov_v"":0.7910428047180176,""max_zoom"":64.0}",0.2103914
20929242744200,gimbal,2762,"{""imu_roll"":0.0,""imu_pitch"":25.48590660095215,""imu_yaw"":-1.2099714279174805,""frame_roll"":0.0,""frame_pitch"":25.48590660095215,""frame_yaw"":-1.2099714279174805,""pitch_speed"":0.0,""yaw_speed"":0.0}",0.2242103
20929243115300,attitude,1092,"{""message_type"":""ATTITUDE"",""time_boot_ms"":116870,""roll"":0.00041138651431538165,""pitch"":0.15621986985206604,""yaw"":-3.0613324642181396,""rollspeed"":0.0013606928987428546,""pitchspeed"":-0.04105307534337044,""yawspeed"":0.0004246816970407963}",0.2245814
20929243741200,target_offset,474,"{""x_angle_offset"":-0.03798622637987137,""y_angle_offset"":0.19771087257950393}",0.2252073
20929286023300,position,548,"{""message_type"":""GLOBAL_POSITION_INT"",""lat"":469528976,""lon"":393490740}",0.2674894
20929286222700,attitude,1093,"{""message_type"":""ATTITUDE"",""time_boot_ms"":116910,""roll"":0.0004977180506102741,""pitch"":0.15468409657478333,""yaw"":-3.0613601207733154,""rollspeed"":-0.00029103050474077463,""pitchspeed"":-0.03385939076542854,""yawspeed"":-0.0001850940752774477}",0.2676888
20929286560600,vfr,548,"{""message_type"":""VFR_HUD"",""airspeed"":28.924394607543945,""alt"":195.7899932861328}",0.2680267
20929293215200,fov,2763,"{""zoom"":12.339999198913574,""hfov"":7.293355464935303,""vfov"":4.106302738189697,""state"":0,""max_aov_h"":90.0,""max_aov_v"":58.71550750732422,""min_aov_h"":1.40625,""min_aov_v"":0.7910428047180176,""max_zoom"":64.0}",0.2746813
20929298200200,gimbal,2763,"{""imu_roll"":0.0,""imu_pitch"":25.502031326293945,""imu_yaw"":-1.2128006219863892,""frame_roll"":0.0,""frame_pitch"":25.502031326293945,""frame_yaw"":-1.2128006219863892,""pitch_speed"":0.0,""yaw_speed"":0.0}",0.2796663
20929301196400,target_offset,475,"{""x_angle_offset"":-0.03798622637987137,""y_angle_offset"":0.22812792989942762}",0.2826625
20929315845500,range,1091,"{""message_type"":""GLOBAL_VISION_POSITION_ESTIMATE"",""x"":46.948463439941406,""y"":39.34868621826172}",0.2973116
20929316291000,fov,2764,"{""zoom"":12.339999198913574,""hfov"":7.293355464935303,""vfov"":4.106302738189697,""state"":0,""max_aov_h"":90.0,""max_aov_v"":58.71550750732422,""min_aov_h"":1.40625,""min_aov_v"":0.7910428047180176,""max_zoom"":64.0}",0.2977571
20929319538700,gimbal,2764,"{""imu_roll"":0.0,""imu_pitch"":25.513248443603516,""imu_yaw"":-1.215362787246704,""frame_roll"":0.0,""frame_pitch"":25.513248443603516,""frame_yaw"":-1.215362787246704,""pitch_speed"":0.0,""yaw_speed"":0.0}",0.3010048
20929321521000,fov,2765,"{""zoom"":12.339999198913574,""hfov"":7.293355464935303,""vfov"":4.106302738189697,""state"":0,""max_aov_h"":90.0,""max_aov_v"":58.71550750732422,""min_aov_h"":1.40625,""min_aov_v"":0.7910428047180176,""max_zoom"":64.0}",0.3029871
20929322265600,gimbal,2765,"{""imu_roll"":0.0,""imu_pitch"":25.52545166015625,""imu_yaw"":-1.2192641496658325,""frame_roll"":0.0,""frame_pitch"":25.52545166015625,""frame_yaw"":-1.2192641496658325,""pitch_speed"":0.0,""yaw_speed"":0.0}",0.3037317
20929322944200,fov,2766,"{""zoom"":12.339999198913574,""hfov"":7.293355464935303,""vfov"":4.106302738189697,""state"":0,""max_aov_h"":90.0,""max_aov_v"":58.71550750732422,""min_aov_h"":1.40625,""min_aov_v"":0.7910428047180176,""max_zoom"":64.0}",0.3044103
20929323289700,gimbal,2766,"{""imu_roll"":0.0,""imu_pitch"":25.53294563293457,""imu_yaw"":-1.2223358154296875,""frame_roll"":0.0,""frame_pitch"":25.53294563293457,""frame_yaw"":-1.2223358154296875,""pitch_speed"":0.0,""yaw_speed"":0.0}",0.3047558
20929323858900,fov,2767,"{""zoom"":12.339999198913574,""hfov"":7.293355464935303,""vfov"":4.106302738189697,""state"":0,""max_aov_h"":90.0,""max_aov_v"":58.71550750732422,""min_aov_h"":1.40625,""min_aov_v"":0.7910428047180176,""max_zoom"":64.0}",0.305325
20929324425500,gimbal,2767,"{""imu_roll"":0.0,""imu_pitch"":25.53757095336914,""imu_yaw"":-1.2247167825698853,""frame_roll"":0.0,""frame_pitch"":25.53757095336914,""frame_yaw"":-1.2247167825698853,""pitch_speed"":0.0,""yaw_speed"":0.0}",0.3058916
20929324596700,fov,2768,"{""zoom"":12.339999198913574,""hfov"":7.293355464935303,""vfov"":4.106302738189697,""state"":0,""max_aov_h"":90.0,""max_aov_v"":58.71550750732422,""min_aov_h"":1.40625,""min_aov_v"":0.7910428047180176,""max_zoom"":64.0}",0.3060628
20929324766900,gimbal,2768,"{""imu_roll"":0.0,""imu_pitch"":25.54171371459961,""imu_yaw"":-1.2273706197738647,""frame_roll"":0.0,""frame_pitch"":25.54171371459961,""frame_yaw"":-1.2273706197738647,""pitch_speed"":0.0,""yaw_speed"":0.0}",0.306233
20929325345200,target_offset,476,"{""x_angle_offset"":-0.04558347165584564,""y_angle_offset"":0.22812792989942762}",0.3068113
20929327257000,range,1092,"{""message_type"":""GLOBAL_VISION_POSITION_ESTIMATE"",""x"":46.948463439941406,""y"":39.34868621826172}",0.3087231
20929328149800,fov,2769,"{""zoom"":12.339999198913574,""hfov"":7.293355464935303,""vfov"":4.106302738189697,""state"":0,""max_aov_h"":90.0,""max_aov_v"":58.71550750732422,""min_aov_h"":1.40625,""min_aov_v"":0.7910428047180176,""max_zoom"":64.0}",0.3096159
20929328382100,gimbal,2769,"{""imu_roll"":0.0,""imu_pitch"":25.585533142089844,""imu_yaw"":-1.228825569152832,""frame_roll"":0.0,""frame_pitch"":25.585533142089844,""frame_yaw"":-1.228825569152832,""pitch_speed"":0.0,""yaw_speed"":0.0}",0.3098482
20929329145300,target_offset,477,"{""x_angle_offset"":-0.053180716931819916,""y_angle_offset"":0.19010660824952302}",0.3106114
20929333105700,target_offset,478,"{""x_angle_offset"":-0.053180716931819916,""y_angle_offset"":0.1520852865996184}",0.3145718
20929339216400,target_offset,479,"{""x_angle_offset"":-0.053180716931819916,""y_angle_offset"":0.0760426432998092}",0.3206825
20929342519800,target_offset,480,"{""x_angle_offset"":-0.06077796220779419,""y_angle_offset"":0.0}",0.3239859
20929346597400,attitude,1094,"{""message_type"":""ATTITUDE"",""time_boot_ms"":116970,""roll"":0.0005072366911917925,""pitch"":0.15301130712032318,""yaw"":-3.061443328857422,""rollspeed"":-0.0024605225771665573,""pitchspeed"":-0.02087157592177391,""yawspeed"":-0.0010526557452976704}",0.3280635
20929346907900,fov,2770,"{""zoom"":12.339999198913574,""hfov"":7.293355464935303,""vfov"":4.106302738189697,""state"":0,""max_aov_h"":90.0,""max_aov_v"":58.71550750732422,""min_aov_h"":1.40625,""min_aov_v"":0.7910428047180176,""max_zoom"":64.0}",0.328374
20929347088300,gimbal,2770,"{""imu_roll"":0.0,""imu_pitch"":25.608524322509766,""imu_yaw"":-1.234507441520691,""frame_roll"":0.0,""frame_pitch"":25.608524322509766,""frame_yaw"":-1.234507441520691,""pitch_speed"":0.0,""yaw_speed"":0.0}",0.3285544
20929361793600,fov,2771,"{""zoom"":12.339999198913574,""hfov"":7.293355464935303,""vfov"":4.106302738189697,""state"":0,""max_aov_h"":90.0,""max_aov_v"":58.71550750732422,""min_aov_h"":1.40625,""min_aov_v"":0.7910428047180176,""max_zoom"":64.0}",0.3432597
20929362912700,gimbal,2771,"{""imu_roll"":0.0,""imu_pitch"":25.60011863708496,""imu_yaw"":-1.245146632194519,""frame_roll"":0.0,""frame_pitch"":25.60011863708496,""frame_yaw"":-1.245146632194519,""pitch_speed"":0.0,""yaw_speed"":0.0}",0.3443788
20929366922300,target_offset,481,"{""x_angle_offset"":-0.06077796220779419,""y_angle_offset"":-0.0076042643299809205}",0.3483884
20929400848700,fov,2772,"{""zoom"":12.339999198913574,""hfov"":7.293355464935303,""vfov"":4.106302738189697,""state"":0,""max_aov_h"":90.0,""max_aov_v"":58.71550750732422,""min_aov_h"":1.40625,""min_aov_v"":0.7910428047180176,""max_zoom"":64.0}",0.3823148
20929401610000,gimbal,2772,"{""imu_roll"":0.0,""imu_pitch"":25.591875076293945,""imu_yaw"":-1.2630375623703003,""frame_roll"":0.0,""frame_pitch"":25.591875076293945,""frame_yaw"":-1.2630375623703003,""pitch_speed"":0.0,""yaw_speed"":0.0}",0.3830761
20929405159100,vfr,549,"{""message_type"":""VFR_HUD"",""airspeed"":28.84087371826172,""alt"":196.0399932861328}",0.3866252
20929405530900,position,549,"{""message_type"":""GLOBAL_POSITION_INT"",""lat"":469528976,""lon"":393490740}",0.386997
20929405751500,attitude,1095,"{""message_type"":""ATTITUDE"",""time_boot_ms"":117010,""roll"":0.0004531248996499926,""pitch"":0.15233074128627777,""yaw"":-3.0615217685699463,""rollspeed"":-0.00344898272305727,""pitchspeed"":-0.012339316308498383,""yawspeed"":-0.0015598025638610125}",0.3872176
20929408021300,target_offset,482,"{""x_angle_offset"":-0.06837520748376846,""y_angle_offset"":-0.09885543628975196}",0.3894874
20929427565200,fov,2773,"{""zoom"":12.339999198913574,""hfov"":7.293355464935303,""vfov"":4.106302738189697,""state"":0,""max_aov_h"":90.0,""max_aov_v"":58.71550750732422,""min_aov_h"":1.40625,""min_aov_v"":0.7910428047180176,""max_zoom"":64.0}",0.4090313
20929428022700,gimbal,2773,"{""imu_roll"":0.0,""imu_pitch"":25.559173583984375,""imu_yaw"":-1.2806073427200317,""frame_roll"":0.0,""frame_pitch"":25.559173583984375,""frame_yaw"":-1.2806073427200317,""pitch_speed"":0.0,""yaw_speed"":0.0}",0.4094888
20929457312100,fov,2774,"{""zoom"":12.339999198913574,""hfov"":7.293355464935303,""vfov"":4.106302738189697,""state"":0,""max_aov_h"":90.0,""max_aov_v"":58.71550750732422,""min_aov_h"":1.40625,""min_aov_v"":0.7910428047180176,""max_zoom"":64.0}",0.4387782
20929457900900,range,1093,"{""message_type"":""GLOBAL_VISION_POSITION_ESTIMATE"",""x"":46.94844055175781,""y"":39.348697662353516}",0.439367
20929458212400,gimbal,2774,"{""imu_roll"":0.0,""imu_pitch"":25.54022216796875,""imu_yaw"":-1.2908337116241455,""frame_roll"":0.0,""frame_pitch"":25.54022216796875,""frame_yaw"":-1.2908337116241455,""pitch_speed"":0.0,""yaw_speed"":0.0}",0.4396785
20929461890900,target_offset,483,"{""x_angle_offset"":-0.06837520748376846,""y_angle_offset"":-0.1064597006197329}",0.443357
20929477511600,attitude,1096,"{""message_type"":""ATTITUDE"",""time_boot_ms"":117070,""roll"":0.0002990387729369104,""pitch"":0.1520276516675949,""yaw"":-3.061678171157837,""rollspeed"":-0.003974537830799818,""pitchspeed"":-0.0023276512511074543,""yawspeed"":-0.0022377006243914366}",0.4589777
20929477847800,range,1094,"{""message_type"":""GLOBAL_VISION_POSITION_ESTIMATE"",""x"":46.94844055175781,""y"":39.348697662353516}",0.4593139
20929483963800,target_offset,484,"{""x_angle_offset"":-0.06077796220779419,""y_angle_offset"":-0.09885543628975196}",0.4654299
20929488144400,gimbal,2775,"{""imu_roll"":0.0,""imu_pitch"":25.503376007080078,""imu_yaw"":-1.3062703609466553,""frame_roll"":0.0,""frame_pitch"":25.503376007080078,""frame_yaw"":-1.3062703609466553,""pitch_speed"":0.0,""yaw_speed"":0.0}",0.4696105
20929488772100,fov,2775,"{""zoom"":12.339999198913574,""hfov"":7.293355464935303,""vfov"":4.106302738189697,""state"":0,""max_aov_h"":90.0,""max_aov_v"":58.71550750732422,""min_aov_h"":1.40625,""min_aov_v"":0.7910428047180176,""max_zoom"":64.0}",0.4702382
20929512070900,fov,2776,"{""zoom"":12.339999198913574,""hfov"":7.293355464935303,""vfov"":4.106302738189697,""state"":0,""max_aov_h"":90.0,""max_aov_v"":58.71550750732422,""min_aov_h"":1.40625,""min_aov_v"":0.7910428047180176,""max_zoom"":64.0}",0.493537
20929512385400,gimbal,2776,"{""imu_roll"":0.0,""imu_pitch"":25.482568740844727,""imu_yaw"":-1.3149172067642212,""frame_roll"":0.0,""frame_pitch"":25.482568740844727,""frame_yaw"":-1.3149172067642212,""pitch_speed"":0.0,""yaw_speed"":0.0}",0.4938515
20929517976500,target_offset,485,"{""x_angle_offset"":-0.053180716931819916,""y_angle_offset"":-0.04562558597988552}",0.4994426
20929522510400,attitude,1097,"{""message_type"":""ATTITUDE"",""time_boot_ms"":117110,""roll"":0.0001103793183574453,""pitch"":0.1523018777370453,""yaw"":-3.0618107318878174,""rollspeed"":-0.005387079901993275,""pitchspeed"":0.001544681377708912,""yawspeed"":-0.0027123847976326942}",0.5039765
20929522762400,vfr,550,"{""message_type"":""VFR_HUD"",""airspeed"":28.72159194946289,""alt"":196.26998901367188}",0.5042285
20929522879300,position,550,"{""message_type"":""GLOBAL_POSITION_INT"",""lat"":469528430,""lon"":393490677}",0.5043454
20929535265100,fov,2777,"{""zoom"":12.339999198913574,""hfov"":7.293355464935303,""vfov"":4.106302738189697,""state"":0,""max_aov_h"":90.0,""max_aov_v"":58.71550750732422,""min_aov_h"":1.40625,""min_aov_v"":0.7910428047180176,""max_zoom"":64.0}",0.5167312
20929535608800,gimbal,2777,"{""imu_roll"":0.0,""imu_pitch"":25.467849731445312,""imu_yaw"":-1.326308250427246,""frame_roll"":0.0,""frame_pitch"":25.467849731445312,""frame_yaw"":-1.326308250427246,""pitch_speed"":0.0,""yaw_speed"":0.0}",0.5170749
20929560818200,fov,2778,"{""zoom"":12.339999198913574,""hfov"":7.293355464935303,""vfov"":4.106302738189697,""state"":0,""max_aov_h"":90.0,""max_aov_v"":58.71550750732422,""min_aov_h"":1.40625,""min_aov_v"":0.7910428047180176,""max_zoom"":64.0}",0.5422843
20929561221900,gimbal,2778,"{""imu_roll"":0.0,""imu_pitch"":25.458105087280273,""imu_yaw"":-1.3336542844772339,""frame_roll"":0.0,""frame_pitch"":25.458105087280273,""frame_yaw"":-1.3336542844772339,""pitch_speed"":0.0,""yaw_speed"":0.0}",0.542688
20929569598800,target_offset,486,"{""x_angle_offset"":-0.04558347165584564,""y_angle_offset"":0.0}",0.5510649
20929592433500,fov,2779,"{""zoom"":12.339999198913574,""hfov"":7.293355464935303,""vfov"":4.106302738189697,""state"":0,""max_aov_h"":90.0,""max_aov_v"":58.71550750732422,""min_aov_h"":1.40625,""min_aov_v"":0.7910428047180176,""max_zoom"":64.0}",0.5738996
20929592844100,target_offset,487,"{""x_angle_offset"":-0.03798622637987137,""y_angle_offset"":0.12166822927969473}",0.5743102
20929595962200,attitude,1098,"{""message_type"":""ATTITUDE"",""time_boot_ms"":117170,""roll"":-0.00036251178244128823,""pitch"":0.1527816504240036,""yaw"":-3.0620391368865967,""rollspeed"":-0.009624330326914787,""pitchspeed"":0.001302449032664299,""yawspeed"":-0.003329433500766754}",0.5774283
20929597385400,gimbal,2779,"{""imu_roll"":0.0,""imu_pitch"":25.453842163085938,""imu_yaw"":-1.342093586921692,""frame_roll"":0.0,""frame_pitch"":25.453842163085938,""frame_yaw"":-1.342093586921692,""pitch_speed"":0.0,""yaw_speed"":0.0}",0.5788515
20929612252200,fov,2780,"{""zoom"":12.339999198913574,""hfov"":7.293355464935303,""vfov"":4.106302738189697,""state"":0,""max_aov_h"":90.0,""max_aov_v"":58.71550750732422,""min_aov_h"":1.40625,""min_aov_v"":0.7910428047180176,""max_zoom"":64.0}",0.5937183
20929612636900,gimbal,2780,"{""imu_roll"":0.0,""imu_pitch"":25.482545852661133,""imu_yaw"":-1.34634530544281,""frame_roll"":0.0,""frame_pitch"":25.482545852661133,""frame_yaw"":-1.34634530544281,""pitch_speed"":0.0,""yaw_speed"":0.0}",0.594103
20929613112500,range,1095,"{""message_type"":""GLOBAL_VISION_POSITION_ESTIMATE"",""x"":46.94838333129883,""y"":39.34869384765625}",0.5945786
20929628094700,vfr,551,"{""message_type"":""VFR_HUD"",""airspeed"":28.57693862915039,""alt"":196.489990234375}",0.6095608
20929628465500,position,551,"{""message_type"":""GLOBAL_POSITION_INT"",""lat"":469528430,""lon"":393490677}",0.6099316
20929628648500,attitude,1099,"{""message_type"":""ATTITUDE"",""time_boot_ms"":117210,""roll"":-0.0008939019753597677,""pitch"":0.15294933319091797,""yaw"":-3.062220811843872,""rollspeed"":-0.014409327879548073,""pitchspeed"":-0.0029600919224321842,""yawspeed"":-0.004000905901193619}",0.6101146
20929637892200,fov,2781,"{""zoom"":12.339999198913574,""hfov"":7.293355464935303,""vfov"":4.106302738189697,""state"":0,""max_aov_h"":90.0,""max_aov_v"":58.71550750732422,""min_aov_h"":1.40625,""min_aov_v"":0.7910428047180176,""max_zoom"":64.0}",0.6193583
20929638260600,gimbal,2781,"{""imu_roll"":0.0,""imu_pitch"":25.505985260009766,""imu_yaw"":-1.3492176532745361,""frame_roll"":0.0,""frame_pitch"":25.505985260009766,""frame_yaw"":-1.3492176532745361,""pitch_speed"":0.0,""yaw_speed"":0.0}",0.6197267
20929642899900,target_offset,488,"{""x_angle_offset"":-0.030388981103897095,""y_angle_offset"":0.16729381525958026}",0.624366
20929664494000,fov,2782,"{""zoom"":12.339999198913574,""hfov"":7.293355464935303,""vfov"":4.106302738189697,""state"":0,""max_aov_h"":90.0,""max_aov_v"":58.71550750732422,""min_aov_h"":1.40625,""min_aov_v"":0.7910428047180176,""max_zoom"":64.0}",0.6459601
20929664824200,gimbal,2782,"{""imu_roll"":0.0,""imu_pitch"":25.54824447631836,""imu_yaw"":-1.351928949356079,""frame_roll"":0.0,""frame_pitch"":25.54824447631836,""frame_yaw"":-1.351928949356079,""pitch_speed"":0.0,""yaw_speed"":0.0}",0.6462903
20929669146800,target_offset,489,"{""x_angle_offset"":-0.02279173582792282,""y_angle_offset"":0.24333645855938946}",0.6506129
20929686742700,fov,2783,"{""zoom"":12.339999198913574,""hfov"":7.293355464935303,""vfov"":4.106302738189697,""state"":0,""max_aov_h"":90.0,""max_aov_v"":58.71550750732422,""min_aov_h"":1.40625,""min_aov_v"":0.7910428047180176,""max_zoom"":64.0}",0.6682088
20929687175900,gimbal,2783,"{""imu_roll"":0.0,""imu_pitch"":25.59959602355957,""imu_yaw"":-1.3534669876098633,""frame_roll"":0.0,""frame_pitch"":25.59959602355957,""frame_yaw"":-1.3534669876098633,""pitch_speed"":0.0,""yaw_speed"":0.0}",0.668642
20929696221400,attitude,1100,"{""message_type"":""ATTITUDE"",""time_boot_ms"":117270,""roll"":-0.002125739585608244,""pitch"":0.15274536609649658,""yaw"":-3.0625383853912354,""rollspeed"":-0.023914996534585953,""pitchspeed"":-0.013019745238125324,""yawspeed"":-0.005015355069190264}",0.6776875
20929710598700,fov,2784,"{""zoom"":12.339999198913574,""hfov"":7.293355464935303,""vfov"":4.106302738189697,""state"":0,""max_aov_h"":90.0,""max_aov_v"":58.71550750732422,""min_aov_h"":1.40625,""min_aov_v"":0.7910428047180176,""max_zoom"":64.0}",0.6920648
20929711923400,gimbal,2784,"{""imu_roll"":0.0,""imu_pitch"":25.642976760864258,""imu_yaw"":-1.3536955118179321,""frame_roll"":0.0,""frame_pitch"":25.642976760864258,""frame_yaw"":-1.3536955118179321,""pitch_speed"":0.0,""yaw_speed"":0.0}",0.6933895
20929716350600,target_offset,490,"{""x_angle_offset"":-0.02279173582792282,""y_angle_offset"":0.24333645855938946}",0.6978167
20929730787000,fov,2785,"{""zoom"":12.339999198913574,""hfov"":7.293355464935303,""vfov"":4.106302738189697,""state"":0,""max_aov_h"":90.0,""max_aov_v"":58.71550750732422,""min_aov_h"":1.40625,""min_aov_v"":0.7910428047180176,""max_zoom"":64.0}",0.7122531
20929731088400,gimbal,2785,"{""imu_roll"":0.0,""imu_pitch"":25.692447662353516,""imu_yaw"":-1.3544265031814575,""frame_roll"":0.0,""frame_pitch"":25.692447662353516,""frame_yaw"":-1.3544265031814575,""pitch_speed"":0.0,""yaw_speed"":0.0}",0.7125545
20929737448300,position,552,"{""message_type"":""GLOBAL_POSITION_INT"",""lat"":469527896,""lon"":393490617}",0.7189144
20929737649900,vfr,552,"{""message_type"":""VFR_HUD"",""airspeed"":28.41367530822754,""alt"":196.6999969482422}",0.719116
20929737806700,attitude,1101,"{""message_type"":""ATTITUDE"",""time_boot_ms"":117310,""roll"":-0.003411347744986415,""pitch"":0.15126097202301025,""yaw"":-3.062796115875244,""rollspeed"":-0.03291193023324013,""pitchspeed"":-0.021763548254966736,""yawspeed"":-0.006008886266499758}",0.7192728
20929758888500,fov,2786,"{""zoom"":12.339999198913574,""hfov"":7.293355464935303,""vfov"":4.106302738189697,""state"":0,""max_aov_h"":90.0,""max_aov_v"":58.71550750732422,""min_aov_h"":1.40625,""min_aov_v"":0.7910428047180176,""max_zoom"":64.0}",0.7403546
20929759342500,gimbal,2786,"{""imu_roll"":0.0,""imu_pitch"":25.742910385131836,""imu_yaw"":-1.3534296751022339,""frame_roll"":0.0,""frame_pitch"":25.742910385131836,""frame_yaw"":-1.3534296751022339,""pitch_speed"":0.0,""yaw_speed"":0.0}",0.7408086
20929761697200,target_offset,491,"{""x_angle_offset"":-0.030388981103897095,""y_angle_offset"":0.20531513690948486}",0.7431633
20929766903200,range,1096,"{""message_type"":""GLOBAL_VISION_POSITION_ESTIMATE"",""x"":46.948333740234375,""y"":39.34869384765625}",0.7483693
20929776605100,range,1097,"{""message_type"":""GLOBAL_VISION_POSITION_ESTIMATE"",""x"":46.948333740234375,""y"":39.34869384765625}",0.7580712
20929786513400,fov,2787,"{""zoom"":12.339999198913574,""hfov"":7.293355464935303,""vfov"":4.106302738189697,""state"":0,""max_aov_h"":90.0,""max_aov_v"":58.71550750732422,""min_aov_h"":1.40625,""min_aov_v"":0.7910428047180176,""max_zoom"":64.0}",0.7679795
20929787089800,gimbal,2787,"{""imu_roll"":0.0,""imu_pitch"":25.79126739501953,""imu_yaw"":-1.3537476062774658,""frame_roll"":0.0,""frame_pitch"":25.79126739501953,""frame_yaw"":-1.3537476062774658,""pitch_speed"":0.0,""yaw_speed"":0.0}",0.7685559
20929791878100,target_offset,492,"{""x_angle_offset"":-0.06837520748376846,""y_angle_offset"":0.1520852865996184}",0.7733442
20929800196700,attitude,1102,"{""message_type"":""ATTITUDE"",""time_boot_ms"":117370,""roll"":-0.006104571744799614,""pitch"":0.14835065603256226,""yaw"":-3.0632448196411133,""rollspeed"":-0.048316631466150284,""pitchspeed"":-0.03523273766040802,""yawspeed"":-0.007648240774869919}",0.7816628
20929808486500,fov,2788,"{""zoom"":12.339999198913574,""hfov"":7.293355464935303,""vfov"":4.106302738189697,""state"":0,""max_aov_h"":90.0,""max_aov_v"":58.71550750732422,""min_aov_h"":1.40625,""min_aov_v"":0.7910428047180176,""max_zoom"":64.0}",0.7899526
20929809120400,gimbal,2788,"{""imu_roll"":0.0,""imu_pitch"":25.824630737304688,""imu_yaw"":-1.3644535541534424,""frame_roll"":0.0,""frame_pitch"":25.824630737304688,""frame_yaw"":-1.3644535541534424,""pitch_speed"":0.0,""yaw_speed"":0.0}",0.7905865
20929833815300,fov,2789,"{""zoom"":12.339999198913574,""hfov"":7.293355464935303,""vfov"":4.106302738189697,""state"":0,""max_aov_h"":90.0,""max_aov_v"":58.71550750732422,""min_aov_h"":1.40625,""min_aov_v"":0.7910428047180176,""max_zoom"":64.0}",0.8152814
20929837529000,gimbal,2789,"{""imu_roll"":0.0,""imu_pitch"":25.851398468017578,""imu_yaw"":-1.3705193996429443,""frame_roll"":0.0,""frame_pitch"":25.851398468017578,""frame_yaw"":-1.3705193996429443,""pitch_speed"":0.0,""yaw_speed"":0.0}",0.8189951
20929839110000,target_offset,493,"{""x_angle_offset"":-0.06837520748376846,""y_angle_offset"":0.1064597006197329}",0.8205761
20929843827000,vfr,553,"{""message_type"":""VFR_HUD"",""airspeed"":28.237117767333984,""alt"":196.89999389648438}",0.8252931
20929844019400,position,553,"{""message_type"":""GLOBAL_POSITION_INT"",""lat"":469527896,""lon"":393490617}",0.8254855
20929844166200,attitude,1103,"{""message_type"":""ATTITUDE"",""time_boot_ms"":117410,""roll"":-0.00840769987553358,""pitch"":0.14600887894630432,""yaw"":-3.063580274581909,""rollspeed"":-0.05812380090355873,""pitchspeed"":-0.042752183973789215,""yawspeed"":-0.008776824921369553}",0.8256323
20929859440400,fov,2790,"{""zoom"":12.339999198913574,""hfov"":7.293355464935303,""vfov"":4.106302738189697,""state"":0,""max_aov_h"":90.0,""max_aov_v"":58.71550750732422,""min_aov_h"":1.40625,""min_aov_v"":0.7910428047180176,""max_zoom"":64.0}",0.8409065
20929860078700,gimbal,2790,"{""imu_roll"":0.0,""imu_pitch"":25.87637710571289,""imu_yaw"":-1.3827464580535889,""frame_roll"":0.0,""frame_pitch"":25.87637710571289,""frame_yaw"":-1.3827464580535889,""pitch_speed"":0.0,""yaw_speed"":0.0}",0.8415448
20929886732600,fov,2791,"{""zoom"":12.339999198913574,""hfov"":7.293355464935303,""vfov"":4.106302738189697,""state"":0,""max_aov_h"":90.0,""max_aov_v"":58.71550750732422,""min_aov_h"":1.40625,""min_aov_v"":0.7910428047180176,""max_zoom"":64.0}",0.8681987
20929887202300,gimbal,2791,"{""imu_roll"":0.0,""imu_pitch"":25.894180297851562,""imu_yaw"":-1.3892418146133423,""frame_roll"":0.0,""frame_pitch"":25.894180297851562,""frame_yaw"":-1.3892418146133423,""pitch_speed"":0.0,""yaw_speed"":0.0}",0.8686684
20929893806700,target_offset,494,"{""x_angle_offset"":-0.1139586791396141,""y_angle_offset"":-0.02281279298994276}",0.8752728
20929908646200,range,1098,"{""message_type"":""GLOBAL_VISION_POSITION_ESTIMATE"",""x"":46.94834518432617,""y"":39.34869384765625}",0.8901123
20929915266500,fov,2792,"{""zoom"":12.339999198913574,""hfov"":7.293355464935303,""vfov"":4.106302738189697,""state"":0,""max_aov_h"":90.0,""max_aov_v"":58.71550750732422,""min_aov_h"":1.40625,""min_aov_v"":0.7910428047180176,""max_zoom"":64.0}",0.8967326
20929916027900,gimbal,2792,"{""imu_roll"":0.0,""imu_pitch"":25.88528823852539,""imu_yaw"":-1.4157533645629883,""frame_roll"":0.0,""frame_pitch"":25.88528823852539,""frame_yaw"":-1.4157533645629883,""pitch_speed"":0.0,""yaw_speed"":0.0}",0.897494
20929919177500,target_offset,495,"{""x_angle_offset"":-0.15954215079545975,""y_angle_offset"":-0.12166822927969473}",0.9006436
20929923302100,range,1099,"{""message_type"":""GLOBAL_VISION_POSITION_ESTIMATE"",""x"":46.94834518432617,""y"":39.34869384765625}",0.9047682
20929923521100,attitude,1104,"{""message_type"":""ATTITUDE"",""time_boot_ms"":117470,""roll"":-0.012482496909797192,""pitch"":0.14198368787765503,""yaw"":-3.0641345977783203,""rollspeed"":-0.06941144913434982,""pitchspeed"":-0.05247194319963455,""yawspeed"":-0.010402366518974304}",0.9049872
20929935759700,fov,2793,"{""zoom"":12.339999198913574,""hfov"":7.293355464935303,""vfov"":4.106302738189697,""state"":0,""max_aov_h"":90.0,""max_aov_v"":58.71550750732422,""min_aov_h"":1.40625,""min_aov_v"":0.7910428047180176,""max_zoom"":64.0}",0.9172258
20929936085500,gimbal,2793,"{""imu_roll"":0.0,""imu_pitch"":25.85271453857422,""imu_yaw"":-1.4485435485839844,""frame_roll"":0.0,""frame_pitch"":25.85271453857422,""frame_yaw"":-1.4485435485839844,""pitch_speed"":0.0,""yaw_speed"":0.0}",0.9175516
20929961386000,fov,2794,"{""zoom"":12.339999198913574,""hfov"":7.293355464935303,""vfov"":4.106302738189697,""state"":0,""max_aov_h"":90.0,""max_aov_v"":58.71550750732422,""min_aov_h"":1.40625,""min_aov_v"":0.7910428047180176,""max_zoom"":64.0}",0.9428521
20929962532200,gimbal,2794,"{""imu_roll"":0.0,""imu_pitch"":25.827377319335938,""imu_yaw"":-1.4717391729354858,""frame_roll"":0.0,""frame_pitch"":25.827377319335938,""frame_yaw"":-1.4717391729354858,""pitch_speed"":0.0,""yaw_speed"":0.0}",0.9439983
20929966857700,target_offset,496,"{""x_angle_offset"":-0.16713939607143402,""y_angle_offset"":-0.19771087257950393}",0.9483238
20929971998000,vfr,554,"{""message_type"":""VFR_HUD"",""airspeed"":28.081825256347656,""alt"":197.09999084472656}",0.9534641
20929972095500,attitude,1105,"{""message_type"":""ATTITUDE"",""time_boot_ms"":117510,""roll"":-0.015533527359366417,""pitch"":0.13910949230194092,""yaw"":-3.0645334720611572,""rollspeed"":-0.0739968791604042,""pitchspeed"":-0.057566698640584946,""yawspeed"":-0.01124570518732071}",0.9535616
20929972279100,position,554,"{""message_type"":""GLOBAL_POSITION_INT"",""lat"":469527365,""lon"":393490562}",0.9537452
20929992215600,target_offset,497,"{""x_angle_offset"":-0.2051256224513054,""y_angle_offset"":-0.25094072288937036}",0.9736817
20929997445100,fov,2795,"{""zoom"":12.339999198913574,""hfov"":7.293355464935303,""vfov"":4.106302738189697,""state"":0,""max_aov_h"":90.0,""max_aov_v"":58.71550750732422,""min_aov_h"":1.40625,""min_aov_v"":0.7910428047180176,""max_zoom"":64.0}",0.9789112
20929997749200,gimbal,2795,"{""imu_roll"":0.0,""imu_pitch"":25.7585391998291,""imu_yaw"":-1.5175089836120605,""frame_roll"":0.0,""frame_pitch"":25.7585391998291,""frame_yaw"":-1.5175089836120605,""pitch_speed"":0.0,""yaw_speed"":0.0}",0.9792153
20930016072700,fov,2796,"{""zoom"":12.339999198913574,""hfov"":7.293355464935303,""vfov"":4.106302738189697,""state"":0,""max_aov_h"":90.0,""max_aov_v"":58.71550750732422,""min_aov_h"":1.40625,""min_aov_v"":0.7910428047180176,""max_zoom"":64.0}",0.9975388
20930016691400,gimbal,2796,"{""imu_roll"":0.0,""imu_pitch"":25.721296310424805,""imu_yaw"":-1.546030044555664,""frame_roll"":0.0,""frame_pitch"":25.721296310424805,""frame_yaw"":-1.546030044555664,""pitch_speed"":0.0,""yaw_speed"":0.0}",0.9981575
20930032677300,attitude,1106,"{""message_type"":""ATTITUDE"",""time_boot_ms"":117570,""roll"":-0.020307360216975212,""pitch"":0.1345677226781845,""yaw"":-3.065171718597412,""rollspeed"":-0.07449497282505035,""pitchspeed"":-0.06498495489358902,""yawspeed"":-0.01229785941541195}",1.0141434
20930039812800,fov,2797,"{""zoom"":12.339999198913574,""hfov"":7.293355464935303,""vfov"":4.106302738189697,""state"":0,""max_aov_h"":90.0,""max_aov_v"":58.71550750732422,""min_aov_h"":1.40625,""min_aov_v"":0.7910428047180176,""max_zoom"":64.0}",1.0212789
20930040192500,gimbal,2797,"{""imu_roll"":0.0,""imu_pitch"":25.690242767333984,""imu_yaw"":-1.567652702331543,""frame_roll"":0.0,""frame_pitch"":25.690242767333984,""frame_yaw"":-1.567652702331543,""pitch_speed"":0.0,""yaw_speed"":0.0}",1.0216586
20930044666200,target_offset,498,"{""x_angle_offset"":-0.19752837717533112,""y_angle_offset"":-0.2661492515493322}",1.0261323
20930064580300,fov,2798,"{""zoom"":12.339999198913574,""hfov"":7.293355464935303,""vfov"":4.106302738189697,""state"":0,""max_aov_h"":90.0,""max_aov_v"":58.71550750732422,""min_aov_h"":1.40625,""min_aov_v"":0.7910428047180176,""max_zoom"":64.0}",1.0460464
20930065273300,gimbal,2798,"{""imu_roll"":0.0,""imu_pitch"":25.621854782104492,""imu_yaw"":-1.6128495931625366,""frame_roll"":0.0,""frame_pitch"":25.621854782104492,""frame_yaw"":-1.6128495931625366,""pitch_speed"":0.0,""yaw_speed"":0.0}",1.0467394
20930070824200,target_offset,499,"{""x_angle_offset"":-0.2051256224513054,""y_angle_offset"":-0.2737535158793131}",1.0522903
20930077909900,range,1100,"{""message_type"":""GLOBAL_VISION_POSITION_ESTIMATE"",""x"":46.94828796386719,""y"":39.34869384765625}",1.059376
20930080334700,attitude,1107,"{""message_type"":""ATTITUDE"",""time_boot_ms"":117610,""roll"":-0.023360062390565872,""pitch"":0.13126406073570251,""yaw"":-3.0655879974365234,""rollspeed"":-0.07072906196117401,""pitchspeed"":-0.07062289863824844,""yawspeed"":-0.012735387310385704}",1.0618008
20930080778300,vfr,555,"{""message_type"":""VFR_HUD"",""airspeed"":27.910051345825195,""alt"":197.2899932861328}",1.0622444
20930080932300,position,555,"{""message_type"":""GLOBAL_POSITION_INT"",""lat"":469527365,""lon"":393490562}",1.0623984
20930083769500,fov,2799,"{""zoom"":12.339999198913574,""hfov"":7.293355464935303,""vfov"":4.106302738189697,""state"":0,""max_aov_h"":90.0,""max_aov_v"":58.71550750732422,""min_aov_h"":1.40625,""min_aov_v"":0.7910428047180176,""max_zoom"":64.0}",1.0652356
20930084820100,gimbal,2799,"{""imu_roll"":0.0,""imu_pitch"":25.558202743530273,""imu_yaw"":-1.6524165868759155,""frame_roll"":0.0,""frame_pitch"":25.558202743530273,""frame_yaw"":-1.6524165868759155,""pitch_speed"":0.0,""yaw_speed"":0.0}",1.0662862
20930100007100,range,1101,"{""message_type"":""GLOBAL_VISION_POSITION_ESTIMATE"",""x"":46.94828796386719,""y"":39.34869384765625}",1.0814732
20930109550200,fov,2800,"{""zoom"":12.339999198913574,""hfov"":7.293355464935303,""vfov"":4.106302738189697,""state"":0,""max_aov_h"":90.0,""max_aov_v"":58.71550750732422,""min_aov_h"":1.40625,""min_aov_v"":0.7910428047180176,""max_zoom"":64.0}",1.0910163
20930110024000,gimbal,2800,"{""imu_roll"":0.0,""imu_pitch"":25.508237838745117,""imu_yaw"":-1.6808475255966187,""frame_roll"":0.0,""frame_pitch"":25.508237838745117,""frame_yaw"":-1.6808475255966187,""pitch_speed"":0.0,""yaw_speed"":0.0}",1.0914901
20930114360800,target_offset,500,"{""x_angle_offset"":-0.2051256224513054,""y_angle_offset"":-0.31177483752921775}",1.0958269
20930128985900,fov,2801,"{""zoom"":12.339999198913574,""hfov"":7.293355464935303,""vfov"":4.106302738189697,""state"":0,""max_aov_h"":90.0,""max_aov_v"":58.71550750732422,""min_aov_h"":1.40625,""min_aov_v"":0.7910428047180176,""max_zoom"":64.0}",1.110452
20930129369100,gimbal,2801,"{""imu_roll"":0.0,""imu_pitch"":25.43336296081543,""imu_yaw"":-1.7202033996582031,""frame_roll"":0.0,""frame_pitch"":25.43336296081543,""frame_yaw"":-1.7202033996582031,""pitch_speed"":0.0,""yaw_speed"":0.0}",1.1108352
20930143527900,attitude,1108,"{""message_type"":""ATTITUDE"",""time_boot_ms"":117670,""roll"":-0.027475586161017418,""pitch"":0.12590818107128143,""yaw"":-3.066199541091919,""rollspeed"":-0.06034531444311142,""pitchspeed"":-0.07853163778781891,""yawspeed"":-0.013027826324105263}",1.124994
20930151012600,fov,2802,"{""zoom"":12.339999198913574,""hfov"":7.293355464935303,""vfov"":4.106302738189697,""state"":0,""max_aov_h"":90.0,""max_aov_v"":58.71550750732422,""min_aov_h"":1.40625,""min_aov_v"":0.7910428047180176,""max_zoom"":64.0}",1.1324787
20930151433900,gimbal,2802,"{""imu_roll"":0.0,""imu_pitch"":25.379499435424805,""imu_yaw"":-1.7463524341583252,""frame_roll"":0.0,""frame_pitch"":25.379499435424805,""frame_yaw"":-1.7463524341583252,""pitch_speed"":0.0,""yaw_speed"":0.0}",1.1329
20930160080400,target_offset,501,"{""x_angle_offset"":-0.2051256224513054,""y_angle_offset"":-0.31177483752921775}",1.1415465
20930175182600,fov,2803,"{""zoom"":12.339999198913574,""hfov"":7.293355464935303,""vfov"":4.106302738189697,""state"":0,""max_aov_h"":90.0,""max_aov_v"":58.71550750732422,""min_aov_h"":1.40625,""min_aov_v"":0.7910428047180176,""max_zoom"":64.0}",1.1566487
20930175910300,gimbal,2803,"{""imu_roll"":0.0,""imu_pitch"":25.300352096557617,""imu_yaw"":-1.7880834341049194,""frame_roll"":0.0,""frame_pitch"":25.300352096557617,""frame_yaw"":-1.7880834341049194,""pitch_speed"":0.0,""yaw_speed"":0.0}",1.1573764
20930185182100,position,556,"{""message_type"":""GLOBAL_POSITION_INT"",""lat"":469526838,""lon"":393490509}",1.1666482
20930185334100,attitude,1109,"{""message_type"":""ATTITUDE"",""time_boot_ms"":117710,""roll"":-0.029754435643553734,""pitch"":0.12205398082733154,""yaw"":-3.066579818725586,""rollspeed"":-0.05025329068303108,""pitchspeed"":-0.0843999981880188,""yawspeed"":-0.012889761477708817}",1.1668002
20930185594500,vfr,556,"{""message_type"":""VFR_HUD"",""airspeed"":27.75777244567871,""alt"":197.47999572753906}",1.1670606
20930196802500,fov,2804,"{""zoom"":12.339999198913574,""hfov"":7.293355464935303,""vfov"":4.106302738189697,""state"":0,""max_aov_h"":90.0,""max_aov_v"":58.71550750732422,""min_aov_h"":1.40625,""min_aov_v"":0.7910428047180176,""max_zoom"":64.0}",1.1782686
20930197193200,gimbal,2804,"{""imu_roll"":0.0,""imu_pitch"":25.249149322509766,""imu_yaw"":-1.812517523765564,""frame_roll"":0.0,""frame_pitch"":25.249149322509766,""frame_yaw"":-1.812517523765564,""pitch_speed"":0.0,""yaw_speed"":0.0}",1.1786593
20930207714900,target_offset,502,"{""x_angle_offset"":-0.19752837717533112,""y_angle_offset"":-0.31177483752921775}",1.189181
20930225061000,target_offset,503,"{""x_angle_offset"":-0.18233388662338257,""y_angle_offset"":-0.31177483752921775}",1.2065271
20930230696900,fov,2805,"{""zoom"":12.339999198913574,""hfov"":7.293355464935303,""vfov"":4.106302738189697,""state"":0,""max_aov_h"":90.0,""max_aov_v"":58.71550750732422,""min_aov_h"":1.40625,""min_aov_v"":0.7910428047180176,""max_zoom"":64.0}",1.212163
20930231859600,gimbal,2805,"{""imu_roll"":0.0,""imu_pitch"":25.146642684936523,""imu_yaw"":-1.866435170173645,""frame_roll"":0.0,""frame_pitch"":25.146642684936523,""frame_yaw"":-1.866435170173645,""pitch_speed"":0.0,""yaw_speed"":0.0}",1.2133257
20930232408200,range,1102,"{""message_type"":""GLOBAL_VISION_POSITION_ESTIMATE"",""x"":46.94822692871094,""y"":39.34867477416992}",1.2138743
20930233598900,range,1103,"{""message_type"":""GLOBAL_VISION_POSITION_ESTIMATE"",""x"":46.94822692871094,""y"":39.34867477416992}",1.215065
20930246441000,fov,2806,"{""zoom"":12.339999198913574,""hfov"":7.293355464935303,""vfov"":4.106302738189697,""state"":0,""max_aov_h"":90.0,""max_aov_v"":58.71550750732422,""min_aov_h"":1.40625,""min_aov_v"":0.7910428047180176,""max_zoom"":64.0}",1.2279071
20930246862300,gimbal,2806,"{""imu_roll"":0.0,""imu_pitch"":25.096033096313477,""imu_yaw"":-1.888007402420044,""frame_roll"":0.0,""frame_pitch"":25.096033096313477,""frame_yaw"":-1.888007402420044,""pitch_speed"":0.0,""yaw_speed"":0.0}",1.2283284
20930252662600,attitude,1110,"{""message_type"":""ATTITUDE"",""time_boot_ms"":117770,""roll"":-0.03233392536640167,""pitch"":0.11624995619058609,""yaw"":-3.0671238899230957,""rollspeed"":-0.03276295214891434,""pitchspeed"":-0.09281032532453537,""yawspeed"":-0.012514229863882065}",1.2341287
20930273994600,fov,2807,"{""zoom"":12.339999198913574,""hfov"":7.293355464935303,""vfov"":4.106302738189697,""state"":0,""max_aov_h"":90.0,""max_aov_v"":58.71550750732422,""min_aov_h"":1.40625,""min_aov_v"":0.7910428047180176,""max_zoom"":64.0}",1.2554607
20930274316200,gimbal,2807,"{""imu_roll"":0.0,""imu_pitch"":25.05159568786621,""imu_yaw"":-1.9041011333465576,""frame_roll"":0.0,""frame_pitch"":25.05159568786621,""frame_yaw"":-1.9041011333465576,""pitch_speed"":0.0,""yaw_speed"":0.0}",1.2557823
20930276684200,target_offset,504,"{""x_angle_offset"":-0.1443476602435112,""y_angle_offset"":-0.31937910185919866}",1.2581503
20930291565300,position,557,"{""message_type"":""GLOBAL_POSITION_INT"",""lat"":469526838,""lon"":393490509}",1.2730314
20930291779300,attitude,1111,"{""message_type"":""ATTITUDE"",""time_boot_ms"":117810,""roll"":-0.033447567373514175,""pitch"":0.11212941259145737,""yaw"":-3.0674591064453125,""rollspeed"":-0.020718200132250786,""pitchspeed"":-0.09754982590675354,""yawspeed"":-0.012216666713356972}",1.2732454
20930292045400,vfr,557,"{""message_type"":""VFR_HUD"",""airspeed"":27.619115829467773,""alt"":197.62998962402344}",1.2735115
20930293851300,fov,2808,"{""zoom"":12.339999198913574,""hfov"":7.293355464935303,""vfov"":4.106302738189697,""state"":0,""max_aov_h"":90.0,""max_aov_v"":58.71550750732422,""min_aov_h"":1.40625,""min_aov_v"":0.7910428047180176,""max_zoom"":64.0}",1.2753174
20930294198600,gimbal,2808,"{""imu_roll"":0.0,""imu_pitch"":24.97751808166504,""imu_yaw"":-1.9326887130737305,""frame_roll"":0.0,""frame_pitch"":24.97751808166504,""frame_yaw"":-1.9326887130737305,""pitch_speed"":0.0,""yaw_speed"":0.0}",1.2756647
20930319207100,fov,2809,"{""zoom"":12.339999198913574,""hfov"":7.293355464935303,""vfov"":4.106302738189697,""state"":0,""max_aov_h"":90.0,""max_aov_v"":58.71550750732422,""min_aov_h"":1.40625,""min_aov_v"":0.7910428047180176,""max_zoom"":64.0}",1.3006732
20930319812200,gimbal,2809,"{""imu_roll"":0.0,""imu_pitch"":24.91274070739746,""imu_yaw"":-1.9550049304962158,""frame_roll"":0.0,""frame_pitch"":24.91274070739746,""frame_yaw"":-1.9550049304962158,""pitch_speed"":0.0,""yaw_speed"":0.0}",1.3012783
20930327185200,target_offset,505,"{""x_angle_offset"":-0.10636143386363983,""y_angle_offset"":-0.3497961591791223}",1.3086513
20930348582400,fov,2810,"{""zoom"":12.339999198913574,""hfov"":7.293355464935303,""vfov"":4.106302738189697,""state"":0,""max_aov_h"":90.0,""max_aov_v"":58.71550750732422,""min_aov_h"":1.40625,""min_aov_v"":0.7910428047180176,""max_zoom"":64.0}",1.3300485
20930349390100,gimbal,2810,"{""imu_roll"":0.0,""imu_pitch"":24.807668685913086,""imu_yaw"":-1.9766077995300293,""frame_roll"":0.0,""frame_pitch"":24.807668685913086,""frame_yaw"":-1.9766077995300293,""pitch_speed"":0.0,""yaw_speed"":0.0}",1.3308562
20930353632100,target_offset,506,"{""x_angle_offset"":-0.09876418858766556,""y_angle_offset"":-0.4410473311388934}",1.3350982
20930358544500,attitude,1112,"{""message_type"":""ATTITUDE"",""time_boot_ms"":117870,""roll"":-0.03424005210399628,""pitch"":0.10562925785779953,""yaw"":-3.0679240226745605,""rollspeed"":-0.0034904596395790577,""pitchspeed"":-0.10362471640110016,""yawspeed"":-0.011587971821427345}",1.3400106
20930375386300,range,1104,"{""message_type"":""GLOBAL_VISION_POSITION_ESTIMATE"",""x"":46.94903564453125,""y"":39.348758697509766}",1.3568524
20930375979700,gimbal,2811,"{""imu_roll"":0.0,""imu_pitch"":24.692522048950195,""imu_yaw"":-1.995761513710022,""frame_roll"":0.0,""frame_pitch"":24.692522048950195,""frame_yaw"":-1.995761513710022,""pitch_speed"":0.0,""yaw_speed"":0.0}",1.3574458
20930377070600,fov,2811,"{""zoom"":12.339999198913574,""hfov"":7.293355464935303,""vfov"":4.106302738189697,""state"":0,""max_aov_h"":90.0,""max_aov_v"":58.71550750732422,""min_aov_h"":1.40625,""min_aov_v"":0.7910428047180176,""max_zoom"":64.0}",1.3585367
20930379019100,range,1105,"{""message_type"":""GLOBAL_VISION_POSITION_ESTIMATE"",""x"":46.94903564453125,""y"":39.348758697509766}",1.3604852
20930400731200,position,558,"{""message_type"":""GLOBAL_POSITION_INT"",""lat"":469526838,""lon"":393490509}",1.3821973
20930401030200,vfr,558,"{""message_type"":""VFR_HUD"",""airspeed"":27.489927291870117,""alt"":197.77999877929688}",1.3824963
20930401233700,attitude,1113,"{""message_type"":""ATTITUDE"",""time_boot_ms"":117910,""roll"":-0.03426387906074524,""pitch"":0.10112585872411728,""yaw"":-3.068213701248169,""rollspeed"":0.005658811889588833,""pitchspeed"":-0.10682506859302521,""yawspeed"":-0.011087886989116669}",1.3826998
20930415773800,target_offset,507,"{""x_angle_offset"":-0.06077796220779419,""y_angle_offset"":-0.479068652788798}",1.3972399
20930422285200,fov,2812,"{""zoom"":12.339999198913574,""hfov"":7.293355464935303,""vfov"":4.106302738189697,""state"":0,""max_aov_h"":90.0,""max_aov_v"":58.71550750732422,""min_aov_h"":1.40625,""min_aov_v"":0.7910428047180176,""max_zoom"":64.0}",1.4037513
20930422665600,gimbal,2812,"{""imu_roll"":0.0,""imu_pitch"":24.556625366210938,""imu_yaw"":-2.0138704776763916,""frame_roll"":0.0,""frame_pitch"":24.556625366210938,""frame_yaw"":-2.0138704776763916,""pitch_speed"":0.0,""yaw_speed"":0.0}",1.4041317
20930447790200,fov,2813,"{""zoom"":12.339999198913574,""hfov"":7.293355464935303,""vfov"":4.106302738189697,""state"":0,""max_aov_h"":90.0,""max_aov_v"":58.71550750732422,""min_aov_h"":1.40625,""min_aov_v"":0.7910428047180176,""max_zoom"":64.0}",1.4292563
20930448224700,gimbal,2813,"{""imu_roll"":0.0,""imu_pitch"":24.444713592529297,""imu_yaw"":-2.0204718112945557,""frame_roll"":0.0,""frame_pitch"":24.444713592529297,""frame_yaw"":-2.0204718112945557,""pitch_speed"":0.0,""yaw_speed"":0.0}",1.4296908
20930449561900,target_offset,508,"{""x_angle_offset"":-0.015194490551948547,""y_angle_offset"":-0.5246942387686835}",1.431028
20930477649300,fov,2814,"{""zoom"":12.339999198913574,""hfov"":7.293355464935303,""vfov"":4.106302738189697,""state"":0,""max_aov_h"":90.0,""max_aov_v"":58.71550750732422,""min_aov_h"":1.40625,""min_aov_v"":0.7910428047180176,""max_zoom"":64.0}",1.4591154
20930479386600,gimbal,2814,"{""imu_roll"":0.0,""imu_pitch"":24.26566505432129,""imu_yaw"":-2.0175511837005615,""frame_roll"":0.0,""frame_pitch"":24.26566505432129,""frame_yaw"":-2.0175511837005615,""pitch_speed"":0.0,""yaw_speed"":0.0}",1.4608527
20930480398200,target_offset,509,"{""x_angle_offset"":0.02279173582792282,""y_angle_offset"":-0.5551112960886072}",1.4618643
20930490383100,attitude,1114,"{""message_type"":""ATTITUDE"",""time_boot_ms"":117970,""roll"":-0.03356463834643364,""pitch"":0.09423340111970901,""yaw"":-3.068613290786743,""rollspeed"":0.016296422109007835,""pitchspeed"":-0.11189794540405273,""yawspeed"":-0.010694188065826893}",1.4718492
20930504898300,fov,2815,"{""zoom"":12.339999198913574,""hfov"":7.293355464935303,""vfov"":4.106302738189697,""state"":0,""max_aov_h"":90.0,""max_aov_v"":58.71550750732422,""min_aov_h"":1.40625,""min_aov_v"":0.7910428047180176,""max_zoom"":64.0}",1.4863644
20930505366800,gimbal,2815,"{""imu_roll"":0.0,""imu_pitch"":24.103504180908203,""imu_yaw"":-2.003401279449463,""frame_roll"":0.0,""frame_pitch"":24.103504180908203,""frame_yaw"":-2.003401279449463,""pitch_speed"":0.0,""yaw_speed"":0.0}",1.4868329
20930530094600,range,1106,"{""message_type"":""GLOBAL_VISION_POSITION_ESTIMATE"",""x"":46.94903564453125,""y"":39.34876251220703}",1.5115607
20930533872500,fov,2816,"{""zoom"":12.339999198913574,""hfov"":7.293355464935303,""vfov"":4.106302738189697,""state"":0,""max_aov_h"":90.0,""max_aov_v"":58.71550750732422,""min_aov_h"":1.40625,""min_aov_v"":0.7910428047180176,""max_zoom"":64.0}",1.5153386
20930534301700,gimbal,2816,"{""imu_roll"":0.0,""imu_pitch"":24.004261016845703,""imu_yaw"":-1.9926176071166992,""frame_roll"":0.0,""frame_pitch"":24.004261016845703,""frame_yaw"":-1.9926176071166992,""pitch_speed"":0.0,""yaw_speed"":0.0}",1.5157678
20930540120400,attitude,1115,"{""message_type"":""ATTITUDE"",""time_boot_ms"":118010,""roll"":-0.032789167016744614,""pitch"":0.08954137563705444,""yaw"":-3.0688674449920654,""rollspeed"":0.02032892219722271,""pitchspeed"":-0.11467418074607849,""yawspeed"":-0.01033586636185646}",1.5215865
20930540856800,vfr,559,"{""message_type"":""VFR_HUD"",""airspeed"":27.36728286743164,""alt"":197.89999389648438}",1.5223229
20930541442500,target_offset,510,"{""x_angle_offset"":0.053180716931819916,""y_angle_offset"":-0.5551112960886072}",1.5229086
20930546226500,range,1107,"{""message_type"":""GLOBAL_VISION_POSITION_ESTIMATE"",""x"":46.94903564453125,""y"":39.34876251220703}",1.5276926
20930547261000,position,559,"{""message_type"":""GLOBAL_POSITION_INT"",""lat"":469526311,""lon"":393490457}",1.5287271
20930565991500,fov,2817,"{""zoom"":12.339999198913574,""hfov"":7.293355464935303,""vfov"":4.106302738189697,""state"":0,""max_aov_h"":90.0,""max_aov_v"":58.71550750732422,""min_aov_h"":1.40625,""min_aov_v"":0.7910428047180176,""max_zoom"":64.0}",1.5474576
20930566920800,gimbal,2817,"{""imu_roll"":0.0,""imu_pitch"":23.82631492614746,""imu_yaw"":-1.9708679914474487,""frame_roll"":0.0,""frame_pitch"":23.82631492614746,""frame_yaw"":-1.9708679914474487,""pitch_speed"":0.0,""yaw_speed"":0.0}",1.5483869
20930567356300,target_offset,511,"{""x_angle_offset"":0.09116694331169128,""y_angle_offset"":-0.5018814457787407}",1.5488224
20930583436600,fov,2818,"{""zoom"":12.339999198913574,""hfov"":7.293355464935303,""vfov"":4.106302738189697,""state"":0,""max_aov_h"":90.0,""max_aov_v"":58.71550750732422,""min_aov_h"":1.40625,""min_aov_v"":0.7910428047180176,""max_zoom"":64.0}",1.5649027
20930583757200,gimbal,2818,"{""imu_roll"":0.0,""imu_pitch"":23.75703239440918,""imu_yaw"":-1.952850580215454,""frame_roll"":0.0,""frame_pitch"":23.75703239440918,""frame_yaw"":-1.952850580215454,""pitch_speed"":0.0,""yaw_speed"":0.0}",1.5652233
20930601694400,attitude,1116,"{""message_type"":""ATTITUDE"",""time_boot_ms"":118070,""roll"":-0.03156290203332901,""pitch"":0.08219823241233826,""yaw"":-3.0692498683929443,""rollspeed"":0.020341072231531143,""pitchspeed"":-0.12089711427688599,""yawspeed"":-0.010309737175703049}",1.5831605
20930608358700,fov,2819,"{""zoom"":12.339999198913574,""hfov"":7.293355464935303,""vfov"":4.106302738189697,""state"":0,""max_aov_h"":90.0,""max_aov_v"":58.71550750732422,""min_aov_h"":1.40625,""min_aov_v"":0.7910428047180176,""max_zoom"":64.0}",1.5898248
20930611686400,gimbal,2819,"{""imu_roll"":0.0,""imu_pitch"":23.688926696777344,""imu_yaw"":-1.9329854249954224,""frame_roll"":0.0,""frame_pitch"":23.688926696777344,""frame_yaw"":-1.9329854249954224,""pitch_speed"":0.0,""yaw_speed"":0.0}",1.5931525
20930615294600,target_offset,512,"{""x_angle_offset"":0.09116694331169128,""y_angle_offset"":-0.4486515954688743}",1.5967607
20930639780900,fov,2820,"{""zoom"":12.339999198913574,""hfov"":7.293355464935303,""vfov"":4.106302738189697,""state"":0,""max_aov_h"":90.0,""max_aov_v"":58.71550750732422,""min_aov_h"":1.40625,""min_aov_v"":0.7910428047180176,""max_zoom"":64.0}",1.621247
20930640243900,gimbal,2820,"{""imu_roll"":0.0,""imu_pitch"":23.556318283081055,""imu_yaw"":-1.8987350463867188,""frame_roll"":0.0,""frame_pitch"":23.556318283081055,""frame_yaw"":-1.8987350463867188,""pitch_speed"":0.0,""yaw_speed"":0.0}",1.62171
20930645475400,target_offset,513,"{""x_angle_offset"":0.09116694331169128,""y_angle_offset"":-0.4182345381489506}",1.6269415
20930649908900,vfr,560,"{""message_type"":""VFR_HUD"",""airspeed"":27.28110122680664,""alt"":197.989990234375}",1.631375
20930650055100,attitude,1117,"{""message_type"":""ATTITUDE"",""time_boot_ms"":118110,""roll"":-0.030839070677757263,""pitch"":0.07712467014789581,""yaw"":-3.0695173740386963,""rollspeed"":0.01750379614531994,""pitchspeed"":-0.12435166537761688,""yawspeed"":-0.01047894824296236}",1.6315212
20930650292800,position,560,"{""message_type"":""GLOBAL_POSITION_INT"",""lat"":469526311,""lon"":393490457}",1.6317589
20930660602800,fov,2821,"{""zoom"":12.339999198913574,""hfov"":7.293355464935303,""vfov"":4.106302738189697,""state"":0,""max_aov_h"":90.0,""max_aov_v"":58.71550750732422,""min_aov_h"":1.40625,""min_aov_v"":0.7910428047180176,""max_zoom"":64.0}",1.6420689
20930660945400,gimbal,2821,"{""imu_roll"":0.0,""imu_pitch"":23.46413803100586,""imu_yaw"":-1.8759055137634277,""frame_roll"":0.0,""frame_pitch"":23.46413803100586,""frame_yaw"":-1.8759055137634277,""pitch_speed"":0.0,""yaw_speed"":0.0}",1.6424115
20930685272200,fov,2822,"{""zoom"":12.339999198913574,""hfov"":7.293355464935303,""vfov"":4.106302738189697,""state"":0,""max_aov_h"":90.0,""max_aov_v"":58.71550750732422,""min_aov_h"":1.40625,""min_aov_v"":0.7910428047180176,""max_zoom"":64.0}",1.6667383
20930685821200,gimbal,2822,"{""imu_roll"":0.0,""imu_pitch"":23.382450103759766,""imu_yaw"":-1.8529330492019653,""frame_roll"":0.0,""frame_pitch"":23.382450103759766,""frame_yaw"":-1.8529330492019653,""pitch_speed"":0.0,""yaw_speed"":0.0}",1.6672873
20930691510900,target_offset,514,"{""x_angle_offset"":0.09116694331169128,""y_angle_offset"":-0.45625585979885525}",1.672977
20930697510900,range,1108,"{""message_type"":""GLOBAL_VISION_POSITION_ESTIMATE"",""x"":46.94898986816406,""y"":39.3487548828125}",1.678977
20930711654300,fov,2823,"{""zoom"":12.339999198913574,""hfov"":7.293355464935303,""vfov"":4.106302738189697,""state"":0,""max_aov_h"":90.0,""max_aov_v"":58.71550750732422,""min_aov_h"":1.40625,""min_aov_v"":0.7910428047180176,""max_zoom"":64.0}",1.6931204
20930712272300,gimbal,2823,"{""imu_roll"":0.0,""imu_pitch"":23.269100189208984,""imu_yaw"":-1.8277472257614136,""frame_roll"":0.0,""frame_pitch"":23.269100189208984,""frame_yaw"":-1.8277472257614136,""pitch_speed"":0.0,""yaw_speed"":0.0}",1.6937384
20930717385100,target_offset,515,"{""x_angle_offset"":0.09116694331169128,""y_angle_offset"":-0.5399027674286454}",1.6988512
20930720333800,range,1109,"{""message_type"":""GLOBAL_VISION_POSITION_ESTIMATE"",""x"":46.94898986816406,""y"":39.3487548828125}",1.7017999
20930721265000,attitude,1118,"{""message_type"":""ATTITUDE"",""time_boot_ms"":118170,""roll"":-0.030009690672159195,""pitch"":0.06952174752950668,""yaw"":-3.0699305534362793,""rollspeed"":0.010957295075058937,""pitchspeed"":-0.12938618659973145,""yawspeed"":-0.0109882652759552}",1.7027311
20930732408200,fov,2824,"{""zoom"":12.339999198913574,""hfov"":7.293355464935303,""vfov"":4.106302738189697,""state"":0,""max_aov_h"":90.0,""max_aov_v"":58.71550750732422,""min_aov_h"":1.40625,""min_aov_v"":0.7910428047180176,""max_zoom"":64.0}",1.7138743
20930732969000,gimbal,2824,"{""imu_roll"":0.0,""imu_pitch"":23.138153076171875,""imu_yaw"":-1.803585410118103,""frame_roll"":0.0,""frame_pitch"":23.138153076171875,""frame_yaw"":-1.803585410118103,""pitch_speed"":0.0,""yaw_speed"":0.0}",1.7144351
20930759128700,fov,2825,"{""zoom"":12.339999198913574,""hfov"":7.293355464935303,""vfov"":4.106302738189697,""state"":0,""max_aov_h"":90.0,""max_aov_v"":58.71550750732422,""min_aov_h"":1.40625,""min_aov_v"":0.7910428047180176,""max_zoom"":64.0}",1.7405948
20930759493000,gimbal,2825,"{""imu_roll"":0.0,""imu_pitch"":23.036602020263672,""imu_yaw"":-1.7830219268798828,""frame_roll"":0.0,""frame_pitch"":23.036602020263672,""frame_yaw"":-1.7830219268798828,""pitch_speed"":0.0,""yaw_speed"":0.0}",1.7409591
20930765887300,vfr,561,"{""message_type"":""VFR_HUD"",""airspeed"":27.220613479614258,""alt"":198.05999755859375}",1.7473534
20930767046200,position,561,"{""message_type"":""GLOBAL_POSITION_INT"",""lat"":469525788,""lon"":393490405}",1.7485123
20930767339900,attitude,1119,"{""message_type"":""ATTITUDE"",""time_boot_ms"":118210,""roll"":-0.02963508851826191,""pitch"":0.06465676426887512,""yaw"":-3.070211887359619,""rollspeed"":0.0059188976883888245,""pitchspeed"":-0.1319822072982788,""yawspeed"":-0.011216273531317711}",1.748806
20930767931000,target_offset,516,"{""x_angle_offset"":0.08356969803571701,""y_angle_offset"":-0.5475070317586263}",1.7493971
20930787448100,target_offset,517,"{""x_angle_offset"":0.07597245275974274,""y_angle_offset"":-0.6387582037183973}",1.7689142
20930794588100,fov,2826,"{""zoom"":12.339999198913574,""hfov"":7.293355464935303,""vfov"":4.106302738189697,""state"":0,""max_aov_h"":90.0,""max_aov_v"":58.71550750732422,""min_aov_h"":1.40625,""min_aov_v"":0.7910428047180176,""max_zoom"":64.0}",1.7760542
20930794991400,gimbal,2826,"{""imu_roll"":0.0,""imu_pitch"":22.85439109802246,""imu_yaw"":-1.7496967315673828,""frame_roll"":0.0,""frame_pitch"":22.85439109802246,""frame_yaw"":-1.7496967315673828,""pitch_speed"":0.0,""yaw_speed"":0.0}",1.7764575
20930813154800,fov,2827,"{""zoom"":12.339999198913574,""hfov"":7.293355464935303,""vfov"":4.106302738189697,""state"":0,""max_aov_h"":90.0,""max_aov_v"":58.71550750732422,""min_aov_h"":1.40625,""min_aov_v"":0.7910428047180176,""max_zoom"":64.0}",1.7946209
20930813585300,gimbal,2827,"{""imu_roll"":0.0,""imu_pitch"":22.750303268432617,""imu_yaw"":-1.734715223312378,""frame_roll"":0.0,""frame_pitch"":22.750303268432617,""frame_yaw"":-1.734715223312378,""pitch_speed"":0.0,""yaw_speed"":0.0}",1.7950514
20930831947500,attitude,1120,"{""message_type"":""ATTITUDE"",""time_boot_ms"":118270,""roll"":-0.02943197451531887,""pitch"":0.05724038556218147,""yaw"":-3.070655107498169,""rollspeed"":-0.0011423206888139248,""pitchspeed"":-0.13402163982391357,""yawspeed"":-0.01180909015238285}",1.8134136
20930838667500,fov,2828,"{""zoom"":12.339999198913574,""hfov"":7.293355464935303,""vfov"":4.106302738189697,""state"":0,""max_aov_h"":90.0,""max_aov_v"":58.71550750732422,""min_aov_h"":1.40625,""min_aov_v"":0.7910428047180176,""max_zoom"":64.0}",1.8201336
20930839081600,gimbal,2828,"{""imu_roll"":0.0,""imu_pitch"":22.653339385986328,""imu_yaw"":-1.7176495790481567,""frame_roll"":0.0,""frame_pitch"":22.653339385986328,""frame_yaw"":-1.7176495790481567,""pitch_speed"":0.0,""yaw_speed"":0.0}",1.8205477
20930843304800,target_offset,518,"{""x_angle_offset"":0.06837520748376846,""y_angle_offset"":-0.6539667323783591}",1.8247709
20930852833200,range,1110,"{""message_type"":""GLOBAL_VISION_POSITION_ESTIMATE"",""x"":46.94892883300781,""y"":39.348751068115234}",1.8342993
20930854138000,range,1111,"{""message_type"":""GLOBAL_VISION_POSITION_ESTIMATE"",""x"":46.94892883300781,""y"":39.348751068115234}",1.8356041
20930862361200,fov,2829,"{""zoom"":12.339999198913574,""hfov"":7.293355464935303,""vfov"":4.106302738189697,""state"":0,""max_aov_h"":90.0,""max_aov_v"":58.71550750732422,""min_aov_h"":1.40625,""min_aov_v"":0.7910428047180176,""max_zoom"":64.0}",1.8438273
20930862726600,gimbal,2829,"{""imu_roll"":0.0,""imu_pitch"":22.494735717773438,""imu_yaw"":-1.6983137130737305,""frame_roll"":0.0,""frame_pitch"":22.494735717773438,""frame_yaw"":-1.6983137130737305,""pitch_speed"":0.0,""yaw_speed"":0.0}",1.8441927
20930873557500,position,562,"{""message_type"":""GLOBAL_POSITION_INT"",""lat"":469525788,""lon"":393490405}",1.8550236
20930873718200,attitude,1121,"{""message_type"":""ATTITUDE"",""time_boot_ms"":118310,""roll"":-0.029505284503102303,""pitch"":0.05224032327532768,""yaw"":-3.070960283279419,""rollspeed"":-0.004920232575386763,""pitchspeed"":-0.13506445288658142,""yawspeed"":-0.012098146602511406}",1.8551843
20930873995800,vfr,562,"{""message_type"":""VFR_HUD"",""airspeed"":27.178192138671875,""alt"":198.0800018310547}",1.8554619
20930888038400,fov,2830,"{""zoom"":12.339999198913574,""hfov"":7.293355464935303,""vfov"":4.106302738189697,""state"":0,""max_aov_h"":90.0,""max_aov_v"":58.71550750732422,""min_aov_h"":1.40625,""min_aov_v"":0.7910428047180176,""max_zoom"":64.0}",1.8695045
20930888357000,gimbal,2830,"{""imu_roll"":0.0,""imu_pitch"":22.366943359375,""imu_yaw"":-1.6796693801879883,""frame_roll"":0.0,""frame_pitch"":22.366943359375,""frame_yaw"":-1.6796693801879883,""pitch_speed"":0.0,""yaw_speed"":0.0}",1.8698231
20930892184800,target_offset,519,"{""x_angle_offset"":0.030388981103897095,""y_angle_offset"":-0.6539667323783591}",1.8736509
20930914725900,fov,2831,"{""zoom"":12.339999198913574,""hfov"":7.293355464935303,""vfov"":4.106302738189697,""state"":0,""max_aov_h"":90.0,""max_aov_v"":58.71550750732422,""min_aov_h"":1.40625,""min_aov_v"":0.7910428047180176,""max_zoom"":64.0}",1.896192
20930916140100,gimbal,2831,"{""imu_roll"":0.0,""imu_pitch"":22.20680046081543,""imu_yaw"":-1.6695868968963623,""frame_roll"":0.0,""frame_pitch"":22.20680046081543,""frame_yaw"":-1.6695868968963623,""pitch_speed"":0.0,""yaw_speed"":0.0}",1.8976062
20930922211200,target_offset,520,"{""x_angle_offset"":0.02279173582792282,""y_angle_offset"":-0.7376136400081493}",1.9036773
20930937435500,fov,2832,"{""zoom"":12.339999198913574,""hfov"":7.293355464935303,""vfov"":4.106302738189697,""state"":0,""max_aov_h"":90.0,""max_aov_v"":58.71550750732422,""min_aov_h"":1.40625,""min_aov_v"":0.7910428047180176,""max_zoom"":64.0}",1.9189016
20930937824100,gimbal,2832,"{""imu_roll"":0.0,""imu_pitch"":22.01703453063965,""imu_yaw"":-1.6549347639083862,""frame_roll"":0.0,""frame_pitch"":22.01703453063965,""frame_yaw"":-1.6549347639083862,""pitch_speed"":0.0,""yaw_speed"":0.0}",1.9192902
20930940509000,attitude,1122,"{""message_type"":""ATTITUDE"",""time_boot_ms"":118370,""roll"":-0.029802778735756874,""pitch"":0.044665370136499405,""yaw"":-3.0714290142059326,""rollspeed"":-0.008240456692874432,""pitchspeed"":-0.13651612401008606,""yawspeed"":-0.012410294264554977}",1.9219751
20930961057700,fov,2833,"{""zoom"":12.339999198913574,""hfov"":7.293355464935303,""vfov"":4.106302738189697,""state"":0,""max_aov_h"":90.0,""max_aov_v"":58.71550750732422,""min_aov_h"":1.40625,""min_aov_v"":0.7910428047180176,""max_zoom"":64.0}",1.9425238
20930961373800,gimbal,2833,"{""imu_roll"":0.0,""imu_pitch"":21.899757385253906,""imu_yaw"":-1.643509864807129,""frame_roll"":0.0,""frame_pitch"":21.899757385253906,""frame_yaw"":-1.643509864807129,""pitch_speed"":0.0,""yaw_speed"":0.0}",1.9428399
20930970308800,target_offset,521,"{""x_angle_offset"":0.02279173582792282,""y_angle_offset"":-0.7376136400081493}",1.9517749
20930985016100,position,563,"{""message_type"":""GLOBAL_POSITION_INT"",""lat"":469525255,""lon"":393490354}",1.9664822
20930985324800,attitude,1123,"{""message_type"":""ATTITUDE"",""time_boot_ms"":118410,""roll"":-0.03005717508494854,""pitch"":0.039011407643556595,""yaw"":-3.071744918823242,""rollspeed"":-0.008224846795201302,""pitchspeed"":-0.1383124142885208,""yawspeed"":-0.012518418952822685}",1.9667909
20930985759800,vfr,563,"{""message_type"":""VFR_HUD"",""airspeed"":27.14845848083496,""alt"":198.0800018310547}",1.9672259
20930987063700,fov,2834,"{""zoom"":12.339999198913574,""hfov"":7.293355464935303,""vfov"":4.106302738189697,""state"":0,""max_aov_h"":90.0,""max_aov_v"":58.71550750732422,""min_aov_h"":1.40625,""min_aov_v"":0.7910428047180176,""max_zoom"":64.0}",1.9685298
20930987698700,gimbal,2834,"{""imu_roll"":0.0,""imu_pitch"":21.689144134521484,""imu_yaw"":-1.6294491291046143,""frame_roll"":0.0,""frame_pitch"":21.689144134521484,""frame_yaw"":-1.6294491291046143,""pitch_speed"":0.0,""yaw_speed"":0.0}",1.9691648
20930992324700,target_offset,522,"{""x_angle_offset"":0.015194490551948547,""y_angle_offset"":-0.7376136400081493}",1.9737908
20931008749600,range,1112,"{""message_type"":""GLOBAL_VISION_POSITION_ESTIMATE"",""x"":46.948875427246094,""y"":39.34874725341797}",1.9902157
20931011192000,fov,2835,"{""zoom"":12.339999198913574,""hfov"":7.293355464935303,""vfov"":4.106302738189697,""state"":0,""max_aov_h"":90.0,""max_aov_v"":58.71550750732422,""min_aov_h"":1.40625,""min_aov_v"":0.7910428047180176,""max_zoom"":64.0}",1.9926581
20931011778200,gimbal,2835,"{""imu_roll"":0.0,""imu_pitch"":21.51006507873535,""imu_yaw"":-1.6210036277770996,""frame_roll"":0.0,""frame_pitch"":21.51006507873535,""frame_yaw"":-1.6210036277770996,""pitch_speed"":0.0,""yaw_speed"":0.0}",1.9932443
20931034306900,range,1113,"{""message_type"":""GLOBAL_VISION_POSITION_ESTIMATE"",""x"":46.948875427246094,""y"":39.34874725341797}",2.015773
20931036023600,fov,2836,"{""zoom"":12.339999198913574,""hfov"":7.293355464935303,""vfov"":4.106302738189697,""state"":0,""max_aov_h"":90.0,""max_aov_v"":58.71550750732422,""min_aov_h"":1.40625,""min_aov_v"":0.7910428047180176,""max_zoom"":64.0}",2.0174897
20931036738000,gimbal,2836,"{""imu_roll"":0.0,""imu_pitch"":21.383310317993164,""imu_yaw"":-1.6128308773040771,""frame_roll"":0.0,""frame_pitch"":21.383310317993164,""frame_yaw"":-1.6128308773040771,""pitch_speed"":0.0,""yaw_speed"":0.0}",2.0182041
20931044339600,target_offset,523,"{""x_angle_offset"":0.007597245275974274,""y_angle_offset"":-0.7376136400081493}",2.0258057
20931059127800,attitude,1124,"{""message_type"":""ATTITUDE"",""time_boot_ms"":118470,""roll"":-0.030353279784321785,""pitch"":0.030430274084210396,""yaw"":-3.0722196102142334,""rollspeed"":-0.006195204332470894,""pitchspeed"":-0.13970573246479034,""yawspeed"":-0.012575406581163406}",2.0405939
20931065482800,fov,2837,"{""zoom"":12.339999198913574,""hfov"":7.293355464935303,""vfov"":4.106302738189697,""state"":0,""max_aov_h"":90.0,""max_aov_v"":58.71550750732422,""min_aov_h"":1.40625,""min_aov_v"":0.7910428047180176,""max_zoom"":64.0}",2.0469489
20931065743200,gimbal,2837,"{""imu_roll"":0.0,""imu_pitch"":21.149572372436523,""imu_yaw"":-1.6066404581069946,""frame_roll"":0.0,""frame_pitch"":21.149572372436523,""frame_yaw"":-1.6066404581069946,""pitch_speed"":0.0,""yaw_speed"":0.0}",2.0472093
20931066307300,target_offset,524,"{""x_angle_offset"":0.0,""y_angle_offset"":-0.6995923183582446}",2.0477734
20931086237700,fov,2838,"{""zoom"":12.339999198913574,""hfov"":7.293355464935303,""vfov"":4.106302738189697,""state"":0,""max_aov_h"":90.0,""max_aov_v"":58.71550750732422,""min_aov_h"":1.40625,""min_aov_v"":0.7910428047180176,""max_zoom"":64.0}",2.0677038
20931086621600,gimbal,2838,"{""imu_roll"":0.0,""imu_pitch"":21.047000885009766,""imu_yaw"":-1.6039527654647827,""frame_roll"":0.0,""frame_pitch"":21.047000885009766,""frame_yaw"":-1.6039527654647827,""pitch_speed"":0.0,""yaw_speed"":0.0}",2.0680877
20931100682800,position,564,"{""message_type"":""GLOBAL_POSITION_INT"",""lat"":469525255,""lon"":393490354}",2.0821489
20931100847000,attitude,1125,"{""message_type"":""ATTITUDE"",""time_boot_ms"":118510,""roll"":-0.03043290600180626,""pitch"":0.02469012700021267,""yaw"":-3.0725314617156982,""rollspeed"":-0.003468532580882311,""pitchspeed"":-0.14013800024986267,""yawspeed"":-0.012456361204385757}",2.0823131
20931101100500,vfr,564,"{""message_type"":""VFR_HUD"",""airspeed"":27.127622604370117,""alt"":198.05999755859375}",2.0825666
20931109849200,fov,2839,"{""zoom"":12.339999198913574,""hfov"":7.293355464935303,""vfov"":4.106302738189697,""state"":0,""max_aov_h"":90.0,""max_aov_v"":58.71550750732422,""min_aov_h"":1.40625,""min_aov_v"":0.7910428047180176,""max_zoom"":64.0}",2.0913153
20931112016600,gimbal,2839,"{""imu_roll"":0.0,""imu_pitch"":20.962181091308594,""imu_yaw"":-1.5992375612258911,""frame_roll"":0.0,""frame_pitch"":20.962181091308594,""frame_yaw"":-1.5992375612258911,""pitch_speed"":0.0,""yaw_speed"":0.0}",2.0934827
20931118171000,target_offset,525,"{""x_angle_offset"":-0.007597245275974274,""y_angle_offset"":-0.6615709967083401}",2.0996371
20931134135700,fov,2840,"{""zoom"":12.339999198913574,""hfov"":7.293355464935303,""vfov"":4.106302738189697,""state"":0,""max_aov_h"":90.0,""max_aov_v"":58.71550750732422,""min_aov_h"":1.40625,""min_aov_v"":0.7910428047180176,""max_zoom"":64.0}",2.1156018
20931134663600,gimbal,2840,"{""imu_roll"":0.0,""imu_pitch"":20.80259132385254,""imu_yaw"":-1.5981131792068481,""frame_roll"":0.0,""frame_pitch"":20.80259132385254,""frame_yaw"":-1.5981131792068481,""pitch_speed"":0.0,""yaw_speed"":0.0}",2.1161297
20931162450800,fov,2841,"{""zoom"":12.339999198913574,""hfov"":7.293355464935303,""vfov"":4.106302738189697,""state"":0,""max_aov_h"":90.0,""max_aov_v"":58.71550750732422,""min_aov_h"":1.40625,""min_aov_v"":0.7910428047180176,""max_zoom"":64.0}",2.1439169
20931163073500,gimbal,2841,"{""imu_roll"":0.0,""imu_pitch"":20.665210723876953,""imu_yaw"":-1.594040036201477,""frame_roll"":0.0,""frame_pitch"":20.665210723876953,""frame_yaw"":-1.594040036201477,""pitch_speed"":0.0,""yaw_speed"":0.0}",2.1445396
20931164341200,target_offset,526,"{""x_angle_offset"":-0.007597245275974274,""y_angle_offset"":-0.6083411463984736}",2.1458073
20931169746200,range,1114,"{""message_type"":""GLOBAL_VISION_POSITION_ESTIMATE"",""x"":46.948875427246094,""y"":39.34876251220703}",2.1512123
20931170141200,range,1115,"{""message_type"":""GLOBAL_VISION_POSITION_ESTIMATE"",""x"":46.948875427246094,""y"":39.34876251220703}",2.1516073
20931170250100,attitude,1126,"{""message_type"":""ATTITUDE"",""time_boot_ms"":118570,""roll"":-0.03030329756438732,""pitch"":0.016065873205661774,""yaw"":-3.0729925632476807,""rollspeed"":0.001701248693279922,""pitchspeed"":-0.14020347595214844,""yawspeed"":-0.01217566803097725}",2.1517162
20931184360900,fov,2842,"{""zoom"":12.339999198913574,""hfov"":7.293355464935303,""vfov"":4.106302738189697,""state"":0,""max_aov_h"":90.0,""max_aov_v"":58.71550750732422,""min_aov_h"":1.40625,""min_aov_v"":0.7910428047180176,""max_zoom"":64.0}",2.165827
20931184734900,gimbal,2842,"{""imu_roll"":0.0,""imu_pitch"":20.51000213623047,""imu_yaw"":-1.5884761810302734,""frame_roll"":0.0,""frame_pitch"":20.51000213623047,""frame_yaw"":-1.5884761810302734,""pitch_speed"":0.0,""yaw_speed"":0.0}",2.166201
20931193316800,target_offset,527,"{""x_angle_offset"":0.0,""y_angle_offset"":-0.6995923183582446}",2.1747829
20931209603100,fov,2843,"{""zoom"":12.339999198913574,""hfov"":7.293355464935303,""vfov"":4.106302738189697,""state"":0,""max_aov_h"":90.0,""max_aov_v"":58.71550750732422,""min_aov_h"":1.40625,""min_aov_v"":0.7910428047180176,""max_zoom"":64.0}",2.1910692
20931209984700,gimbal,2843,"{""imu_roll"":0.0,""imu_pitch"":20.323579788208008,""imu_yaw"":-1.5838124752044678,""frame_roll"":0.0,""frame_pitch"":20.323579788208008,""frame_yaw"":-1.5838124752044678,""pitch_speed"":0.0,""yaw_speed"":0.0}",2.1914508
20931212762000,position,565,"{""message_type"":""GLOBAL_POSITION_INT"",""lat"":469524718,""lon"":393490305}",2.1942281
20931212973400,attitude,1127,"{""message_type"":""ATTITUDE"",""time_boot_ms"":118610,""roll"":-0.030022574588656425,""pitch"":0.010457281023263931,""yaw"":-3.073298215866089,""rollspeed"":0.0062974607571959496,""pitchspeed"":-0.13901382684707642,""yawspeed"":-0.011971861124038696}",2.1944395
20931213323000,vfr,565,"{""message_type"":""VFR_HUD"",""airspeed"":27.14518165588379,""alt"":197.97999572753906}",2.1947891
20931234517400,fov,2844,"{""zoom"":12.339999198913574,""hfov"":7.293355464935303,""vfov"":4.106302738189697,""state"":0,""max_aov_h"":90.0,""max_aov_v"":58.71550750732422,""min_aov_h"":1.40625,""min_aov_v"":0.7910428047180176,""max_zoom"":64.0}",2.2159835
20931237294200,gimbal,2844,"{""imu_roll"":0.0,""imu_pitch"":20.195585250854492,""imu_yaw"":-1.5781683921813965,""frame_roll"":0.0,""frame_pitch"":20.195585250854492,""frame_yaw"":-1.5781683921813965,""pitch_speed"":0.0,""yaw_speed"":0.0}",2.2187603
20931242666600,target_offset,528,"{""x_angle_offset"":0.0,""y_angle_offset"":-0.6919880540282638}",2.2241327
20931254722400,fov,2845,"{""zoom"":12.339999198913574,""hfov"":7.293355464935303,""vfov"":4.106302738189697,""state"":0,""max_aov_h"":90.0,""max_aov_v"":58.71550750732422,""min_aov_h"":1.40625,""min_aov_v"":0.7910428047180176,""max_zoom"":64.0}",2.2361885
20931255126800,gimbal,2845,"{""imu_roll"":0.0,""imu_pitch"":20.051210403442383,""imu_yaw"":-1.5728974342346191,""frame_roll"":0.0,""frame_pitch"":20.051210403442383,""frame_yaw"":-1.5728974342346191,""pitch_speed"":0.0,""yaw_speed"":0.0}",2.2365929
20931273666000,attitude,1128,"{""message_type"":""ATTITUDE"",""time_boot_ms"":118670,""roll"":-0.029297206550836563,""pitch"":0.0023445715196430683,""yaw"":-3.073747396469116,""rollspeed"":0.01250796765089035,""pitchspeed"":-0.1358625292778015,""yawspeed"":-0.011353908106684685}",2.2551321
20931284723900,fov,2846,"{""zoom"":12.339999198913574,""hfov"":7.293355464935303,""vfov"":4.106302738189697,""state"":0,""max_aov_h"":90.0,""max_aov_v"":58.71550750732422,""min_aov_h"":1.40625,""min_aov_v"":0.7910428047180176,""max_zoom"":64.0}",2.26619
20931285144900,gimbal,2846,"{""imu_roll"":0.0,""imu_pitch"":19.895084381103516,""imu_yaw"":-1.5636247396469116,""frame_roll"":0.0,""frame_pitch"":19.895084381103516,""frame_yaw"":-1.5636247396469116,""pitch_speed"":0.0,""yaw_speed"":0.0}",2.266611
20931285710400,target_offset,529,"{""x_angle_offset"":0.015194490551948547,""y_angle_offset"":-0.7300093756781684}",2.2671765
20931307684400,fov,2847,"{""zoom"":12.339999198913574,""hfov"":7.293355464935303,""vfov"":4.106302738189697,""state"":0,""max_aov_h"":90.0,""max_aov_v"":58.71550750732422,""min_aov_h"":1.40625,""min_aov_v"":0.7910428047180176,""max_zoom"":64.0}",2.2891505
20931308108100,gimbal,2847,"{""imu_roll"":0.0,""imu_pitch"":19.7635440826416,""imu_yaw"":-1.5557092428207397,""frame_roll"":0.0,""frame_pitch"":19.7635440826416,""frame_yaw"":-1.5557092428207397,""pitch_speed"":0.0,""yaw_speed"":0.0}",2.2895742
20931308690000,range,1116,"{""message_type"":""GLOBAL_VISION_POSITION_ESTIMATE"",""x"":46.948822021484375,""y"":39.3487548828125}",2.2901561
20931314461500,target_offset,530,"{""x_angle_offset"":0.053180716931819916,""y_angle_offset"":-0.7376136400081493}",2.2959276
20931319138900,attitude,1129,"{""message_type"":""ATTITUDE"",""time_boot_ms"":118710,""roll"":-0.02862676978111267,""pitch"":-0.0029172489885240793,""yaw"":-3.0740458965301514,""rollspeed"":0.01601237803697586,""pitchspeed"":-0.13248392939567566,""yawspeed"":-0.01100999116897583}",2.300605
20931319342600,vfr,566,"{""message_type"":""VFR_HUD"",""airspeed"":27.1574649810791,""alt"":197.86000061035156}",2.3008087
20931319428100,range,1117,"{""message_type"":""GLOBAL_VISION_POSITION_ESTIMATE"",""x"":46.948822021484375,""y"":39.3487548828125}",2.3008942
20931319504100,position,566,"{""message_type"":""GLOBAL_POSITION_INT"",""lat"":469524718,""lon"":393490305}",2.3009702
20931334571600,fov,2848,"{""zoom"":12.339999198913574,""hfov"":7.293355464935303,""vfov"":4.106302738189697,""state"":0,""max_aov_h"":90.0,""max_aov_v"":58.71550750732422,""min_aov_h"":1.40625,""min_aov_v"":0.7910428047180176,""max_zoom"":64.0}",2.3160377
20931334964900,gimbal,2848,"{""imu_roll"":0.0,""imu_pitch"":19.537729263305664,""imu_yaw"":-1.5339804887771606,""frame_roll"":0.0,""frame_pitch"":19.537729263305664,""frame_yaw"":-1.5339804887771606,""pitch_speed"":0.0,""yaw_speed"":0.0}",2.316431
20931360646000,fov,2849,"{""zoom"":12.339999198913574,""hfov"":7.293355464935303,""vfov"":4.106302738189697,""state"":0,""max_aov_h"":90.0,""max_aov_v"":58.71550750732422,""min_aov_h"":1.40625,""min_aov_v"":0.7910428047180176,""max_zoom"":64.0}",2.3421121
20931361541100,gimbal,2849,"{""imu_roll"":0.0,""imu_pitch"":19.404937744140625,""imu_yaw"":-1.518686294555664,""frame_roll"":0.0,""frame_pitch"":19.404937744140625,""frame_yaw"":-1.518686294555664,""pitch_speed"":0.0,""yaw_speed"":0.0}",2.3430072
20931369769500,target_offset,531,"{""x_angle_offset"":0.04558347165584564,""y_angle_offset"":-0.7300093756781684}",2.3512356
20931375948200,attitude,1130,"{""message_type"":""ATTITUDE"",""time_boot_ms"":118770,""roll"":-0.02742505632340908,""pitch"":-0.010508447885513306,""yaw"":-3.0744879245758057,""rollspeed"":0.01943022757768631,""pitchspeed"":-0.12625132501125336,""yawspeed"":-0.010505232959985733}",2.3574143
20931400546400,target_offset,532,"{""x_angle_offset"":0.06077796220779419,""y_angle_offset"":-0.7756349616580539}",2.3820125
20931409240400,fov,2850,"{""zoom"":12.339999198913574,""hfov"":7.293355464935303,""vfov"":4.106302738189697,""state"":0,""max_aov_h"":90.0,""max_aov_v"":58.71550750732422,""min_aov_h"":1.40625,""min_aov_v"":0.7910428047180176,""max_zoom"":64.0}",2.3907065
20931409698000,gimbal,2850,"{""imu_roll"":0.0,""imu_pitch"":19.08702278137207,""imu_yaw"":-1.4926925897598267,""frame_roll"":0.0,""frame_pitch"":19.08702278137207,""frame_yaw"":-1.4926925897598267,""pitch_speed"":0.0,""yaw_speed"":0.0}",2.3911641
20931422070900,position,567,"{""message_type"":""GLOBAL_POSITION_INT"",""lat"":469524178,""lon"":393490256}",2.403537
20931422227200,attitude,1131,"{""message_type"":""ATTITUDE"",""time_boot_ms"":118810,""roll"":-0.0265449620783329,""pitch"":-0.015321788378059864,""yaw"":-3.0747900009155273,""rollspeed"":0.020591184496879578,""pitchspeed"":-0.12083815038204193,""yawspeed"":-0.010228365659713745}",2.4036933
20931422522600,vfr,567,"{""message_type"":""VFR_HUD"",""airspeed"":27.198150634765625,""alt"":197.72000122070312}",2.4039887
20931432426500,fov,2851,"{""zoom"":12.339999198913574,""hfov"":7.293355464935303,""vfov"":4.106302738189697,""state"":0,""max_aov_h"":90.0,""max_aov_v"":58.71550750732422,""min_aov_h"":1.40625,""min_aov_v"":0.7910428047180176,""max_zoom"":64.0}",2.4138926
20931433049500,gimbal,2851,"{""imu_roll"":0.0,""imu_pitch"":18.954437255859375,""imu_yaw"":-1.4778902530670166,""frame_roll"":0.0,""frame_pitch"":18.954437255859375,""frame_yaw"":-1.4778902530670166,""pitch_speed"":0.0,""yaw_speed"":0.0}",2.4145156
20931456904000,fov,2852,"{""zoom"":12.339999198913574,""hfov"":7.293355464935303,""vfov"":4.106302738189697,""state"":0,""max_aov_h"":90.0,""max_aov_v"":58.71550750732422,""min_aov_h"":1.40625,""min_aov_v"":0.7910428047180176,""max_zoom"":64.0}",2.4383701
20931457306700,gimbal,2852,"{""imu_roll"":0.0,""imu_pitch"":18.87087631225586,""imu_yaw"":-1.4664571285247803,""frame_roll"":0.0,""frame_pitch"":18.87087631225586,""frame_yaw"":-1.4664571285247803,""pitch_speed"":0.0,""yaw_speed"":0.0}",2.4387728
20931464109100,target_offset,533,"{""x_angle_offset"":0.06077796220779419,""y_angle_offset"":-0.7300093756781684}",2.4455752
20931477494400,range,1118,"{""message_type"":""GLOBAL_VISION_POSITION_ESTIMATE"",""x"":46.94877243041992,""y"":39.3487663269043}",2.4589605
20931485957800,fov,2853,"{""zoom"":12.339999198913574,""hfov"":7.293355464935303,""vfov"":4.106302738189697,""state"":0,""max_aov_h"":90.0,""max_aov_v"":58.71550750732422,""min_aov_h"":1.40625,""min_aov_v"":0.7910428047180176,""max_zoom"":64.0}",2.4674239
20931486284800,gimbal,2853,"{""imu_roll"":0.0,""imu_pitch"":18.639657974243164,""imu_yaw"":-1.4376472234725952,""frame_roll"":0.0,""frame_pitch"":18.639657974243164,""frame_yaw"":-1.4376472234725952,""pitch_speed"":0.0,""yaw_speed"":0.0}",2.4677509
20931489576000,target_offset,534,"{""x_angle_offset"":0.06837520748376846,""y_angle_offset"":-0.6843837896982828}",2.4710421
20931494751300,range,1119,"{""message_type"":""GLOBAL_VISION_POSITION_ESTIMATE"",""x"":46.94877243041992,""y"":39.3487663269043}",2.4762174
20931495022600,attitude,1132,"{""message_type"":""ATTITUDE"",""time_boot_ms"":118870,""roll"":-0.025211548432707787,""pitch"":-0.02177237905561924,""yaw"":-3.0752460956573486,""rollspeed"":0.01930646412074566,""pitchspeed"":-0.11261847615242004,""yawspeed"":-0.009761402383446693}",2.4764887
20931513344500,fov,2854,"{""zoom"":12.339999198913574,""hfov"":7.293355464935303,""vfov"":4.106302738189697,""state"":0,""max_aov_h"":90.0,""max_aov_v"":58.71550750732422,""min_aov_h"":1.40625,""min_aov_v"":0.7910428047180176,""max_zoom"":64.0}",2.4948106
20931516284900,gimbal,2854,"{""imu_roll"":0.0,""imu_pitch"":18.451555252075195,""imu_yaw"":-1.4147160053253174,""frame_roll"":0.0,""frame_pitch"":18.451555252075195,""frame_yaw"":-1.4147160053253174,""pitch_speed"":0.0,""yaw_speed"":0.0}",2.497751
20931521128100,target_offset,535,"{""x_angle_offset"":0.07597245275974274,""y_angle_offset"":-0.6919880540282638}",2.5025942
20931531067500,vfr,568,"{""message_type"":""VFR_HUD"",""airspeed"":27.258609771728516,""alt"":197.52999877929688}",2.5125336
20931531159100,position,568,"{""message_type"":""GLOBAL_POSITION_INT"",""lat"":469524178,""lon"":393490256}",2.5126252
20931531236500,attitude,1133,"{""message_type"":""ATTITUDE"",""time_boot_ms"":118910,""roll"":-0.02439926378428936,""pitch"":-0.02583683840930462,""yaw"":-3.0755581855773926,""rollspeed"":0.017499901354312897,""pitchspeed"":-0.10822917520999908,""yawspeed"":-0.00966394878923893}",2.5127026
20931537744700,fov,2855,"{""zoom"":12.339999198913574,""hfov"":7.293355464935303,""vfov"":4.106302738189697,""state"":0,""max_aov_h"":90.0,""max_aov_v"":58.71550750732422,""min_aov_h"":1.40625,""min_aov_v"":0.7910428047180176,""max_zoom"":64.0}",2.5192108
20931538119400,gimbal,2855,"{""imu_roll"":0.0,""imu_pitch"":18.27606773376465,""imu_yaw"":-1.3881102800369263,""frame_roll"":0.0,""frame_pitch"":18.27606773376465,""frame_yaw"":-1.3881102800369263,""pitch_speed"":0.0,""yaw_speed"":0.0}",2.5195855
20931565479500,fov,2856,"{""zoom"":12.339999198913574,""hfov"":7.293355464935303,""vfov"":4.106302738189697,""state"":0,""max_aov_h"":90.0,""max_aov_v"":58.71550750732422,""min_aov_h"":1.40625,""min_aov_v"":0.7910428047180176,""max_zoom"":64.0}",2.5469456
20931566127400,gimbal,2856,"{""imu_roll"":0.0,""imu_pitch"":18.156204223632812,""imu_yaw"":-1.3677799701690674,""frame_roll"":0.0,""frame_pitch"":18.156204223632812,""frame_yaw"":-1.3677799701690674,""pitch_speed"":0.0,""yaw_speed"":0.0}",2.5475935
20931571502600,target_offset,536,"{""x_angle_offset"":0.07597245275974274,""y_angle_offset"":-0.7376136400081493}",2.5529687
20931591865200,fov,2857,"{""zoom"":12.339999198913574,""hfov"":7.293355464935303,""vfov"":4.106302738189697,""state"":0,""max_aov_h"":90.0,""max_aov_v"":58.71550750732422,""min_aov_h"":1.40625,""min_aov_v"":0.7910428047180176,""max_zoom"":64.0}",2.5733313
20931592186400,gimbal,2857,"{""imu_roll"":0.0,""imu_pitch"":17.92991065979004,""imu_yaw"":-1.3372160196304321,""frame_roll"":0.0,""frame_pitch"":17.92991065979004,""frame_yaw"":-1.3372160196304321,""pitch_speed"":0.0,""yaw_speed"":0.0}",2.5736525
20931594931300,target_offset,537,"{""x_angle_offset"":0.07597245275974274,""y_angle_offset"":-0.6083411463984736}",2.5763974
20931599659000,attitude,1134,"{""message_type"":""ATTITUDE"",""time_boot_ms"":118970,""roll"":-0.02340821921825409,""pitch"":-0.03162534162402153,""yaw"":-3.0760295391082764,""rollspeed"":0.012246230617165565,""pitchspeed"":-0.10237204283475876,""yawspeed"":-0.009524421766400337}",2.5811251
20931615143000,fov,2858,"{""zoom"":12.339999198913574,""hfov"":7.293355464935303,""vfov"":4.106302738189697,""state"":0,""max_aov_h"":90.0,""max_aov_v"":58.71550750732422,""min_aov_h"":1.40625,""min_aov_v"":0.7910428047180176,""max_zoom"":64.0}",2.5966091
20931615474000,gimbal,2858,"{""imu_roll"":0.0,""imu_pitch"":17.7772159576416,""imu_yaw"":-1.3138477802276611,""frame_roll"":0.0,""frame_pitch"":17.7772159576416,""frame_yaw"":-1.3138477802276611,""pitch_speed"":0.0,""yaw_speed"":0.0}",2.5969401
20931634948000,range,1120,"{""message_type"":""GLOBAL_VISION_POSITION_ESTIMATE"",""x"":46.94877243041992,""y"":39.3487663269043}",2.6164141
20931640984000,fov,2859,"{""zoom"":12.339999198913574,""hfov"":7.293355464935303,""vfov"":4.106302738189697,""state"":0,""max_aov_h"":90.0,""max_aov_v"":58.71550750732422,""min_aov_h"":1.40625,""min_aov_v"":0.7910428047180176,""max_zoom"":64.0}",2.6224501
20931641305500,gimbal,2859,"{""imu_roll"":0.0,""imu_pitch"":17.675790786743164,""imu_yaw"":-1.296680212020874,""frame_roll"":0.0,""frame_pitch"":17.675790786743164,""frame_yaw"":-1.296680212020874,""pitch_speed"":0.0,""yaw_speed"":0.0}",2.6227716
20931642322500,range,1121,"{""message_type"":""GLOBAL_VISION_POSITION_ESTIMATE"",""x"":46.94877243041992,""y"":39.3487663269043}",2.6237886
20931642508000,position,569,"{""message_type"":""GLOBAL_POSITION_INT"",""lat"":469524178,""lon"":393490256}",2.6239741
20931642637500,attitude,1135,"{""message_type"":""ATTITUDE"",""time_boot_ms"":119010,""roll"":-0.02294069714844227,""pitch"":-0.03531470149755478,""yaw"":-3.076347589492798,""rollspeed"":0.00844461377710104,""pitchspeed"":-0.09904837608337402,""yawspeed"":-0.009418414905667305}",2.6241036
20931642847000,vfr,569,"{""message_type"":""VFR_HUD"",""airspeed"":27.332782745361328,""alt"":197.2899932861328}",2.6243131
20931647126500,target_offset,538,"{""x_angle_offset"":0.06837520748376846,""y_angle_offset"":-0.5627155604185882}",2.6285926
20931668180000,fov,2860,"{""zoom"":12.339999198913574,""hfov"":7.293355464935303,""vfov"":4.106302738189697,""state"":0,""max_aov_h"":90.0,""max_aov_v"":58.71550750732422,""min_aov_h"":1.40625,""min_aov_v"":0.7910428047180176,""max_zoom"":64.0}",2.6496461
20931668607300,gimbal,2860,"{""imu_roll"":0.0,""imu_pitch"":17.51058578491211,""imu_yaw"":-1.2689272165298462,""frame_roll"":0.0,""frame_pitch"":17.51058578491211,""frame_yaw"":-1.2689272165298462,""pitch_speed"":0.0,""yaw_speed"":0.0}",2.6500734
20931672730900,target_offset,539,"{""x_angle_offset"":0.030388981103897095,""y_angle_offset"":-0.46386012412883615}",2.654197
20931692739600,fov,2861,"{""zoom"":12.339999198913574,""hfov"":7.293355464935303,""vfov"":4.106302738189697,""state"":0,""max_aov_h"":90.0,""max_aov_v"":58.71550750732422,""min_aov_h"":1.40625,""min_aov_v"":0.7910428047180176,""max_zoom"":64.0}",2.6742057
20931693152000,gimbal,2861,"{""imu_roll"":0.0,""imu_pitch"":17.386484146118164,""imu_yaw"":-1.2563518285751343,""frame_roll"":0.0,""frame_pitch"":17.386484146118164,""frame_yaw"":-1.2563518285751343,""pitch_speed"":0.0,""yaw_speed"":0.0}",2.6746181
20931700977000,attitude,1136,"{""message_type"":""ATTITUDE"",""time_boot_ms"":119070,""roll"":-0.02255059778690338,""pitch"":-0.040538664907217026,""yaw"":-3.076831817626953,""rollspeed"":0.0018507718341425061,""pitchspeed"":-0.09366472065448761,""yawspeed"":-0.009324287064373493}",2.6824431
20931719157300,fov,2862,"{""zoom"":12.339999198913574,""hfov"":7.293355464935303,""vfov"":4.106302738189697,""state"":0,""max_aov_h"":90.0,""max_aov_v"":58.71550750732422,""min_aov_h"":1.40625,""min_aov_v"":0.7910428047180176,""max_zoom"":64.0}",2.7006234
20931719584200,gimbal,2862,"{""imu_roll"":0.0,""imu_pitch"":17.303232192993164,""imu_yaw"":-1.2457244396209717,""frame_roll"":0.0,""frame_pitch"":17.303232192993164,""frame_yaw"":-1.2457244396209717,""pitch_speed"":0.0,""yaw_speed"":0.0}",2.7010503
20931724729200,target_offset,540,"{""x_angle_offset"":0.030388981103897095,""y_angle_offset"":-0.4182345381489506}",2.7061953
20931744176500,fov,2863,"{""zoom"":12.339999198913574,""hfov"":7.293355464935303,""vfov"":4.106302738189697,""state"":0,""max_aov_h"":90.0,""max_aov_v"":58.71550750732422,""min_aov_h"":1.40625,""min_aov_v"":0.7910428047180176,""max_zoom"":64.0}",2.7256426
20931744692800,gimbal,2863,"{""imu_roll"":0.0,""imu_pitch"":17.18694496154785,""imu_yaw"":-1.2335723638534546,""frame_roll"":0.0,""frame_pitch"":17.18694496154785,""frame_yaw"":-1.2335723638534546,""pitch_speed"":0.0,""yaw_speed"":0.0}",2.7261589
20931747988500,attitude,1137,"{""message_type"":""ATTITUDE"",""time_boot_ms"":119110,""roll"":-0.02247011661529541,""pitch"":-0.043838419020175934,""yaw"":-3.0771543979644775,""rollspeed"":-0.0013123981188982725,""pitchspeed"":-0.09026062488555908,""yawspeed"":-0.009293286129832268}",2.7294546
20931748392500,vfr,570,"{""message_type"":""VFR_HUD"",""airspeed"":27.44833755493164,""alt"":197.02999877929688}",2.7298586
20931748563200,position,570,"{""message_type"":""GLOBAL_POSITION_INT"",""lat"":469523633,""lon"":393490209}",2.7300293
20931749603700,target_offset,541,"{""x_angle_offset"":-0.007597245275974274,""y_angle_offset"":-0.3726089521690651}",2.7310698
20931766334500,fov,2864,"{""zoom"":12.339999198913574,""hfov"":7.293355464935303,""vfov"":4.106302738189697,""state"":0,""max_aov_h"":90.0,""max_aov_v"":58.71550750732422,""min_aov_h"":1.40625,""min_aov_v"":0.7910428047180176,""max_zoom"":64.0}",2.7478006
20931767249900,gimbal,2864,"{""imu_roll"":0.0,""imu_pitch"":17.09553337097168,""imu_yaw"":-1.2310165166854858,""frame_roll"":0.0,""frame_pitch"":17.09553337097168,""frame_yaw"":-1.2310165166854858,""pitch_speed"":0.0,""yaw_speed"":0.0}",2.748716
20931789312800,range,1122,"{""message_type"":""GLOBAL_VISION_POSITION_ESTIMATE"",""x"":46.9487190246582,""y"":39.348758697509766}",2.7707789
20931791508800,fov,2865,"{""zoom"":12.339999198913574,""hfov"":7.293355464935303,""vfov"":4.106302738189697,""state"":0,""max_aov_h"":90.0,""max_aov_v"":58.71550750732422,""min_aov_h"":1.40625,""min_aov_v"":0.7910428047180176,""max_zoom"":64.0}",2.7729749
20931795104500,gimbal,2865,"{""imu_roll"":0.0,""imu_pitch"":17.023035049438477,""imu_yaw"":-1.2266414165496826,""frame_roll"":0.0,""frame_pitch"":17.023035049438477,""frame_yaw"":-1.2266414165496826,""pitch_speed"":0.0,""yaw_speed"":0.0}",2.7765706
20931796542100,target_offset,542,"{""x_angle_offset"":0.0,""y_angle_offset"":-0.3650046878390842}",2.7780082
20931811455200,fov,2866,"{""zoom"":12.339999198913574,""hfov"":7.293355464935303,""vfov"":4.106302738189697,""state"":0,""max_aov_h"":90.0,""max_aov_v"":58.71550750732422,""min_aov_h"":1.40625,""min_aov_v"":0.7910428047180176,""max_zoom"":64.0}",2.7929213
20931811849300,gimbal,2866,"{""imu_roll"":0.0,""imu_pitch"":16.955739974975586,""imu_yaw"":-1.222307562828064,""frame_roll"":0.0,""frame_pitch"":16.955739974975586,""frame_yaw"":-1.222307562828064,""pitch_speed"":0.0,""yaw_speed"":0.0}",2.7933154
20931815591100,range,1123,"{""message_type"":""GLOBAL_VISION_POSITION_ESTIMATE"",""x"":46.9487190246582,""y"":39.348758697509766}",2.7970572
20931815824700,attitude,1138,"{""message_type"":""ATTITUDE"",""time_boot_ms"":119170,""roll"":-0.022534778341650963,""pitch"":-0.048499368131160736,""yaw"":-3.0776352882385254,""rollspeed"":-0.00472985627129674,""pitchspeed"":-0.08407142013311386,""yawspeed"":-0.009180537424981594}",2.7972908
20931837992700,fov,2867,"{""zoom"":12.339999198913574,""hfov"":7.293355464935303,""vfov"":4.106302738189697,""state"":0,""max_aov_h"":90.0,""max_aov_v"":58.71550750732422,""min_aov_h"":1.40625,""min_aov_v"":0.7910428047180176,""max_zoom"":64.0}",2.8194588
20931838544900,gimbal,2867,"{""imu_roll"":0.0,""imu_pitch"":16.876562118530273,""imu_yaw"":-1.2148078680038452,""frame_roll"":0.0,""frame_pitch"":16.876562118530273,""frame_yaw"":-1.2148078680038452,""pitch_speed"":0.0,""yaw_speed"":0.0}",2.820011
20931839499500,target_offset,543,"{""x_angle_offset"":0.0,""y_angle_offset"":-0.3650046878390842}",2.8209656
20931853776800,position,571,"{""message_type"":""GLOBAL_POSITION_INT"",""lat"":469523633,""lon"":393490209}",2.8352429
20931853956100,attitude,1139,"{""message_type"":""ATTITUDE"",""time_boot_ms"":119210,""roll"":-0.02265387587249279,""pitch"":-0.05135427042841911,""yaw"":-3.077953815460205,""rollspeed"":-0.005899833515286446,""pitchspeed"":-0.07857046276330948,""yawspeed"":-0.009000930935144424}",2.8354222
20931854187100,vfr,571,"{""message_type"":""VFR_HUD"",""airspeed"":27.56060218811035,""alt"":196.72999572753906}",2.8356532
20931861160600,fov,2868,"{""zoom"":12.339999198913574,""hfov"":7.293355464935303,""vfov"":4.106302738189697,""state"":0,""max_aov_h"":90.0,""max_aov_v"":58.71550750732422,""min_aov_h"":1.40625,""min_aov_v"":0.7910428047180176,""max_zoom"":64.0}",2.8426267
20931862201500,gimbal,2868,"{""imu_roll"":0.0,""imu_pitch"":16.786083221435547,""imu_yaw"":-1.2111248970031738,""frame_roll"":0.0,""frame_pitch"":16.786083221435547,""frame_yaw"":-1.2111248970031738,""pitch_speed"":0.0,""yaw_speed"":0.0}",2.8436676
20931885574400,fov,2869,"{""zoom"":12.339999198913574,""hfov"":7.293355464935303,""vfov"":4.106302738189697,""state"":0,""max_aov_h"":90.0,""max_aov_v"":58.71550750732422,""min_aov_h"":1.40625,""min_aov_v"":0.7910428047180176,""max_zoom"":64.0}",2.8670405
20931886306400,gimbal,2869,"{""imu_roll"":0.0,""imu_pitch"":16.722469329833984,""imu_yaw"":-1.2069631814956665,""frame_roll"":0.0,""frame_pitch"":16.722469329833984,""frame_yaw"":-1.2069631814956665,""pitch_speed"":0.0,""yaw_speed"":0.0}",2.8677725
20931891350800,target_offset,544,"{""x_angle_offset"":0.0,""y_angle_offset"":-0.3726089521690651}",2.8728169
20931909810400,fov,2870,"{""zoom"":12.339999198913574,""hfov"":7.293355464935303,""vfov"":4.106302738189697,""state"":0,""max_aov_h"":90.0,""max_aov_v"":58.71550750732422,""min_aov_h"":1.40625,""min_aov_v"":0.7910428047180176,""max_zoom"":64.0}",2.8912765
20931910098000,gimbal,2870,"{""imu_roll"":0.0,""imu_pitch"":16.623382568359375,""imu_yaw"":-1.1995104551315308,""frame_roll"":0.0,""frame_pitch"":16.623382568359375,""frame_yaw"":-1.1995104551315308,""pitch_speed"":0.0,""yaw_speed"":0.0}",2.8915641
20931917838900,target_offset,545,"{""x_angle_offset"":0.0,""y_angle_offset"":-0.38021321649904605}",2.899305
20931922394600,attitude,1140,"{""message_type"":""ATTITUDE"",""time_boot_ms"":119270,""roll"":-0.022892888635396957,""pitch"":-0.05551358684897423,""yaw"":-3.078420400619507,""rollspeed"":-0.006707752123475075,""pitchspeed"":-0.0695469006896019,""yawspeed"":-0.008592763915657997}",2.9038607
20931935705800,fov,2871,"{""zoom"":12.339999198913574,""hfov"":7.293355464935303,""vfov"":4.106302738189697,""state"":0,""max_aov_h"":90.0,""max_aov_v"":58.71550750732422,""min_aov_h"":1.40625,""min_aov_v"":0.7910428047180176,""max_zoom"":64.0}",2.9171719
20931935997300,gimbal,2871,"{""imu_roll"":0.0,""imu_pitch"":16.526073455810547,""imu_yaw"":-1.1939187049865723,""frame_roll"":0.0,""frame_pitch"":16.526073455810547,""frame_yaw"":-1.1939187049865723,""pitch_speed"":0.0,""yaw_speed"":0.0}",2.9174634
20931956419300,fov,2872,"{""zoom"":12.339999198913574,""hfov"":7.293355464935303,""vfov"":4.106302738189697,""state"":0,""max_aov_h"":90.0,""max_aov_v"":58.71550750732422,""min_aov_h"":1.40625,""min_aov_v"":0.7910428047180176,""max_zoom"":64.0}",2.9378854
20931956773800,gimbal,2872,"{""imu_roll"":0.0,""imu_pitch"":16.467647552490234,""imu_yaw"":-1.1894171237945557,""frame_roll"":0.0,""frame_pitch"":16.467647552490234,""frame_yaw"":-1.1894171237945557,""pitch_speed"":0.0,""yaw_speed"":0.0}",2.9382399
20931958825100,range,1124,"{""message_type"":""GLOBAL_VISION_POSITION_ESTIMATE"",""x"":46.9487190246582,""y"":39.34876251220703}",2.9402912
20931963451600,attitude,1141,"{""message_type"":""ATTITUDE"",""time_boot_ms"":119310,""roll"":-0.023017484694719315,""pitch"":-0.05841810628771782,""yaw"":-3.0787229537963867,""rollspeed"":-0.005230544600635767,""pitchspeed"":-0.06319498270750046,""yawspeed"":-0.008196486160159111}",2.9449177
20931963862500,vfr,572,"{""message_type"":""VFR_HUD"",""airspeed"":27.67045783996582,""alt"":196.38999938964844}",2.9453286
20931964049000,range,1125,"{""message_type"":""GLOBAL_VISION_POSITION_ESTIMATE"",""x"":46.9487190246582,""y"":39.34876251220703}",2.9455151
20931964143100,position,572,"{""message_type"":""GLOBAL_POSITION_INT"",""lat"":469523068,""lon"":393490160}",2.9456092
20931965690800,target_offset,546,"{""x_angle_offset"":0.0,""y_angle_offset"":-0.38781748082902695}",2.9471569
20931981180000,fov,2873,"{""zoom"":12.339999198913574,""hfov"":7.293355464935303,""vfov"":4.106302738189697,""state"":0,""max_aov_h"":90.0,""max_aov_v"":58.71550750732422,""min_aov_h"":1.40625,""min_aov_v"":0.7910428047180176,""max_zoom"":64.0}",2.9626461
20931981558500,gimbal,2873,"{""imu_roll"":0.0,""imu_pitch"":16.370941162109375,""imu_yaw"":-1.187235713005066,""frame_roll"":0.0,""frame_pitch"":16.370941162109375,""frame_yaw"":-1.187235713005066,""pitch_speed"":0.0,""yaw_speed"":0.0}",2.9630246
20931990809200,target_offset,547,"{""x_angle_offset"":-0.007597245275974274,""y_angle_offset"":-0.38021321649904605}",2.9722753
20932006867300,fov,2874,"{""zoom"":12.339999198913574,""hfov"":7.293355464935303,""vfov"":4.106302738189697,""state"":0,""max_aov_h"":90.0,""max_aov_v"":58.71550750732422,""min_aov_h"":1.40625,""min_aov_v"":0.7910428047180176,""max_zoom"":64.0}",2.9883334
20932007215600,gimbal,2874,"{""imu_roll"":0.0,""imu_pitch"":16.266096115112305,""imu_yaw"":-1.1850639581680298,""frame_roll"":0.0,""frame_pitch"":16.266096115112305,""frame_yaw"":-1.1850639581680298,""pitch_speed"":0.0,""yaw_speed"":0.0}",2.9886817
20932025203500,attitude,1142,"{""message_type"":""ATTITUDE"",""time_boot_ms"":119370,""roll"":-0.02307101897895336,""pitch"":-0.062239594757556915,""yaw"":-3.0791609287261963,""rollspeed"":-0.0024167699739336967,""pitchspeed"":-0.052271656692028046,""yawspeed"":-0.007643118966370821}",3.0066696
20932035861900,fov,2875,"{""zoom"":12.339999198913574,""hfov"":7.293355464935303,""vfov"":4.106302738189697,""state"":0,""max_aov_h"":90.0,""max_aov_v"":58.71550750732422,""min_aov_h"":1.40625,""min_aov_v"":0.7910428047180176,""max_zoom"":64.0}",3.017328
20932037426200,gimbal,2875,"{""imu_roll"":0.0,""imu_pitch"":16.18548011779785,""imu_yaw"":-1.181414008140564,""frame_roll"":0.0,""frame_pitch"":16.18548011779785,""frame_yaw"":-1.181414008140564,""pitch_speed"":0.0,""yaw_speed"":0.0}",3.0188923
20932038016500,target_offset,548,"{""x_angle_offset"":-0.007597245275974274,""y_angle_offset"":-0.3726089521690651}",3.0194826
20932058269800,fov,2876,"{""zoom"":12.339999198913574,""hfov"":7.293355464935303,""vfov"":4.106302738189697,""state"":0,""max_aov_h"":90.0,""max_aov_v"":58.71550750732422,""min_aov_h"":1.40625,""min_aov_v"":0.7910428047180176,""max_zoom"":64.0}",3.0397359
20932058612600,gimbal,2876,"{""imu_roll"":0.0,""imu_pitch"":16.11358070373535,""imu_yaw"":-1.181017518043518,""frame_roll"":0.0,""frame_pitch"":16.11358070373535,""frame_yaw"":-1.181017518043518,""pitch_speed"":0.0,""yaw_speed"":0.0}",3.0400787
20932068631200,position,573,"{""message_type"":""GLOBAL_POSITION_INT"",""lat"":469523068,""lon"":393490160}",3.0500973
20932068820000,attitude,1143,"{""message_type"":""ATTITUDE"",""time_boot_ms"":119410,""roll"":-0.023011822253465652,""pitch"":-0.06441345065832138,""yaw"":-3.0794405937194824,""rollspeed"":-0.0005767950788140297,""pitchspeed"":-0.04470885172486305,""yawspeed"":-0.007154273800551891}",3.0502861
20932069079500,vfr,573,"{""message_type"":""VFR_HUD"",""airspeed"":27.80989646911621,""alt"":196.0399932861328}",3.0505456
20932080296900,fov,2877,"{""zoom"":12.339999198913574,""hfov"":7.293355464935303,""vfov"":4.106302738189697,""state"":0,""max_aov_h"":90.0,""max_aov_v"":58.71550750732422,""min_aov_h"":1.40625,""min_aov_v"":0.7910428047180176,""max_zoom"":64.0}",3.061763
20932080644000,gimbal,2877,"{""imu_roll"":0.0,""imu_pitch"":16.063688278198242,""imu_yaw"":-1.179620623588562,""frame_roll"":0.0,""frame_pitch"":16.063688278198242,""frame_yaw"":-1.179620623588562,""pitch_speed"":0.0,""yaw_speed"":0.0}",3.0621101
20932089911100,target_offset,549,"{""x_angle_offset"":-0.007597245275974274,""y_angle_offset"":-0.31937910185919866}",3.0713772
20932110088700,fov,2878,"{""zoom"":12.339999198913574,""hfov"":7.293355464935303,""vfov"":4.106302738189697,""state"":0,""max_aov_h"":90.0,""max_aov_v"":58.71550750732422,""min_aov_h"":1.40625,""min_aov_v"":0.7910428047180176,""max_zoom"":64.0}",3.0915548
20932110410100,gimbal,2878,"{""imu_roll"":0.0,""imu_pitch"":15.960014343261719,""imu_yaw"":-1.1800761222839355,""frame_roll"":0.0,""frame_pitch"":15.960014343261719,""frame_yaw"":-1.1800761222839355,""pitch_speed"":0.0,""yaw_speed"":0.0}",3.0918762
20932113231400,target_offset,550,"{""x_angle_offset"":-0.007597245275974274,""y_angle_offset"":-0.23573219422940853}",3.0946975
20932119268300,range,1126,"{""message_type"":""GLOBAL_VISION_POSITION_ESTIMATE"",""x"":46.948665618896484,""y"":39.3487548828125}",3.1007344
20932119373400,range,1127,"{""message_type"":""GLOBAL_VISION_POSITION_ESTIMATE"",""x"":46.948665618896484,""y"":39.3487548828125}",3.1008395
20932131950600,fov,2879,"{""zoom"":12.339999198913574,""hfov"":7.293355464935303,""vfov"":4.106302738189697,""state"":0,""max_aov_h"":90.0,""max_aov_v"":58.71550750732422,""min_aov_h"":1.40625,""min_aov_v"":0.7910428047180176,""max_zoom"":64.0}",3.1134167
20932132380600,gimbal,2879,"{""imu_roll"":0.0,""imu_pitch"":15.904139518737793,""imu_yaw"":-1.1802657842636108,""frame_roll"":0.0,""frame_pitch"":15.904139518737793,""frame_yaw"":-1.1802657842636108,""pitch_speed"":0.0,""yaw_speed"":0.0}",3.1138467
20932138375700,attitude,1144,"{""message_type"":""ATTITUDE"",""time_boot_ms"":119470,""roll"":-0.022774631157517433,""pitch"":-0.06709528714418411,""yaw"":-3.0798356533050537,""rollspeed"":0.0024626627564430237,""pitchspeed"":-0.03349319100379944,""yawspeed"":-0.006284649949520826}",3.1198418
20932156452500,fov,2880,"{""zoom"":12.339999198913574,""hfov"":7.293355464935303,""vfov"":4.106302738189697,""state"":0,""max_aov_h"":90.0,""max_aov_v"":58.71550750732422,""min_aov_h"":1.40625,""min_aov_v"":0.7910428047180176,""max_zoom"":64.0}",3.1379186
20932156791800,gimbal,2880,"{""imu_roll"":0.0,""imu_pitch"":15.862730979919434,""imu_yaw"":-1.1795223951339722,""frame_roll"":0.0,""frame_pitch"":15.862730979919434,""frame_yaw"":-1.1795223951339722,""pitch_speed"":0.0,""yaw_speed"":0.0}",3.1382579
20932167021800,target_offset,551,"{""x_angle_offset"":-0.007597245275974274,""y_angle_offset"":-0.19771087257950393}",3.1484879
20932182721700,fov,2881,"{""zoom"":12.339999198913574,""hfov"":7.293355464935303,""vfov"":4.106302738189697,""state"":0,""max_aov_h"":90.0,""max_aov_v"":58.71550750732422,""min_aov_h"":1.40625,""min_aov_v"":0.7910428047180176,""max_zoom"":64.0}",3.1641878
20932183039500,gimbal,2881,"{""imu_roll"":0.0,""imu_pitch"":15.802968978881836,""imu_yaw"":-1.1803909540176392,""frame_roll"":0.0,""frame_pitch"":15.802968978881836,""frame_yaw"":-1.1803909540176392,""pitch_speed"":0.0,""yaw_speed"":0.0}",3.1645056
20932187981400,vfr,574,"{""message_type"":""VFR_HUD"",""airspeed"":27.938570022583008,""alt"":195.63999938964844}",3.1694475
20932188225500,position,574,"{""message_type"":""GLOBAL_POSITION_INT"",""lat"":469522502,""lon"":393490113}",3.1696916
20932188320000,attitude,1145,"{""message_type"":""ATTITUDE"",""time_boot_ms"":119510,""roll"":-0.02248140424489975,""pitch"":-0.06802354007959366,""yaw"":-3.0800867080688477,""rollspeed"":0.004828561097383499,""pitchspeed"":-0.027370426803827286,""yawspeed"":-0.0057281143963336945}",3.1697861
20932189704800,target_offset,552,"{""x_angle_offset"":-0.007597245275974274,""y_angle_offset"":-0.1064597006197329}",3.1711709
20932208450600,fov,2882,"{""zoom"":12.339999198913574,""hfov"":7.293355464935303,""vfov"":4.106302738189697,""state"":0,""max_aov_h"":90.0,""max_aov_v"":58.71550750732422,""min_aov_h"":1.40625,""min_aov_v"":0.7910428047180176,""max_zoom"":64.0}",3.1899167
20932208799500,gimbal,2882,"{""imu_roll"":0.0,""imu_pitch"":15.773017883300781,""imu_yaw"":-1.180741786956787,""frame_roll"":0.0,""frame_pitch"":15.773017883300781,""frame_yaw"":-1.180741786956787,""pitch_speed"":0.0,""yaw_speed"":0.0}",3.1902656
20932226748500,fov,2883,"{""zoom"":12.339999198913574,""hfov"":7.293355464935303,""vfov"":4.106302738189697,""state"":0,""max_aov_h"":90.0,""max_aov_v"":58.71550750732422,""min_aov_h"":1.40625,""min_aov_v"":0.7910428047180176,""max_zoom"":64.0}",3.2082146
20932227294000,gimbal,2883,"{""imu_roll"":0.0,""imu_pitch"":15.756986618041992,""imu_yaw"":-1.1804782152175903,""frame_roll"":0.0,""frame_pitch"":15.756986618041992,""frame_yaw"":-1.1804782152175903,""pitch_speed"":0.0,""yaw_speed"":0.0}",3.2087601
20932238561600,target_offset,553,"{""x_angle_offset"":0.0,""y_angle_offset"":-0.09885543628975196}",3.2200277
20932244590700,attitude,1146,"{""message_type"":""ATTITUDE"",""time_boot_ms"":119570,""roll"":-0.021927202120423317,""pitch"":-0.0690079852938652,""yaw"":-3.080432653427124,""rollspeed"":0.006963987834751606,""pitchspeed"":-0.019660163670778275,""yawspeed"":-0.004938147030770779}",3.2260568
20932255673700,fov,2884,"{""zoom"":12.339999198913574,""hfov"":7.293355464935303,""vfov"":4.106302738189697,""state"":0,""max_aov_h"":90.0,""max_aov_v"":58.71550750732422,""min_aov_h"":1.40625,""min_aov_v"":0.7910428047180176,""max_zoom"":64.0}",3.2371398
20932256018200,gimbal,2884,"{""imu_roll"":0.0,""imu_pitch"":15.724590301513672,""imu_yaw"":-1.1745623350143433,""frame_roll"":0.0,""frame_pitch"":15.724590301513672,""frame_yaw"":-1.1745623350143433,""pitch_speed"":0.0,""yaw_speed"":0.0}",3.2374843
20932269209500,range,1128,"{""message_type"":""GLOBAL_VISION_POSITION_ESTIMATE"",""x"":46.9485969543457,""y"":39.34876251220703}",3.2506756
20932280682300,fov,2885,"{""zoom"":12.339999198913574,""hfov"":7.293355464935303,""vfov"":4.106302738189697,""state"":0,""max_aov_h"":90.0,""max_aov_v"":58.71550750732422,""min_aov_h"":1.40625,""min_aov_v"":0.7910428047180176,""max_zoom"":64.0}",3.2621484
20932281007000,gimbal,2885,"{""imu_roll"":0.0,""imu_pitch"":15.7060546875,""imu_yaw"":-1.170467495918274,""frame_roll"":0.0,""frame_pitch"":15.7060546875,""frame_yaw"":-1.170467495918274,""pitch_speed"":0.0,""yaw_speed"":0.0}",3.2624731
20932287788300,range,1129,"{""message_type"":""GLOBAL_VISION_POSITION_ESTIMATE"",""x"":46.9485969543457,""y"":39.34876251220703}",3.2692544
20932288025500,attitude,1147,"{""message_type"":""ATTITUDE"",""time_boot_ms"":119610,""roll"":-0.021532410755753517,""pitch"":-0.06945677101612091,""yaw"":-3.080648422241211,""rollspeed"":0.006793035194277763,""pitchspeed"":-0.01596209779381752,""yawspeed"":-0.004370642360299826}",3.2694916
20932288261500,position,575,"{""message_type"":""GLOBAL_POSITION_INT"",""lat"":469522502,""lon"":393490113}",3.2697276
20932288882900,vfr,575,"{""message_type"":""VFR_HUD"",""airspeed"":28.09033966064453,""alt"":195.22999572753906}",3.270349
20932289362900,target_offset,554,"{""x_angle_offset"":0.0,""y_angle_offset"":-0.0076042643299809205}",3.270829
20932309931900,target_offset,555,"{""x_angle_offset"":0.007597245275974274,""y_angle_offset"":-0.0076042643299809205}",3.291398
20932317907400,fov,2886,"{""zoom"":12.339999198913574,""hfov"":7.293355464935303,""vfov"":4.106302738189697,""state"":0,""max_aov_h"":90.0,""max_aov_v"":58.71550750732422,""min_aov_h"":1.40625,""min_aov_v"":0.7910428047180176,""max_zoom"":64.0}",3.2993735
20932318135800,gimbal,2886,"{""imu_roll"":0.0,""imu_pitch"":15.700456619262695,""imu_yaw"":-1.1676405668258667,""frame_roll"":0.0,""frame_pitch"":15.700456619262695,""frame_yaw"":-1.1676405668258667,""pitch_speed"":0.0,""yaw_speed"":0.0}",3.2996019
20932330949400,fov,2887,"{""zoom"":12.339999198913574,""hfov"":7.293355464935303,""vfov"":4.106302738189697,""state"":0,""max_aov_h"":90.0,""max_aov_v"":58.71550750732422,""min_aov_h"":1.40625,""min_aov_v"":0.7910428047180176,""max_zoom"":64.0}",3.3124155
20932331508500,gimbal,2887,"{""imu_roll"":0.0,""imu_pitch"":15.697897911071777,""imu_yaw"":-1.1618800163269043,""frame_roll"":0.0,""frame_pitch"":15.697897911071777,""frame_yaw"":-1.1618800163269043,""pitch_speed"":0.0,""yaw_speed"":0.0}",3.3129746
20932344230600,attitude,1148,"{""message_type"":""ATTITUDE"",""time_boot_ms"":119670,""roll"":-0.021024489775300026,""pitch"":-0.06989189237356186,""yaw"":-3.080949544906616,""rollspeed"":0.004829896613955498,""pitchspeed"":-0.011435240507125854,""yawspeed"":-0.0038430173881351948}",3.3256967
20932357945000,fov,2888,"{""zoom"":12.339999198913574,""hfov"":7.293355464935303,""vfov"":4.106302738189697,""state"":0,""max_aov_h"":90.0,""max_aov_v"":58.71550750732422,""min_aov_h"":1.40625,""min_aov_v"":0.7910428047180176,""max_zoom"":64.0}",3.3394111
20932358397000,gimbal,2888,"{""imu_roll"":0.0,""imu_pitch"":15.695575714111328,""imu_yaw"":-1.1561263799667358,""frame_roll"":0.0,""frame_pitch"":15.695575714111328,""frame_yaw"":-1.1561263799667358,""pitch_speed"":0.0,""yaw_speed"":0.0}",3.3398631
20932363533000,target_offset,556,"{""x_angle_offset"":0.007597245275974274,""y_angle_offset"":0.0380213216499046}",3.3449991
20932387499800,fov,2889,"{""zoom"":12.339999198913574,""hfov"":7.293355464935303,""vfov"":4.106302738189697,""state"":0,""max_aov_h"":90.0,""max_aov_v"":58.71550750732422,""min_aov_h"":1.40625,""min_aov_v"":0.7910428047180176,""max_zoom"":64.0}",3.3689659
20932387957300,gimbal,2889,"{""imu_roll"":0.0,""imu_pitch"":15.705826759338379,""imu_yaw"":-1.1518690586090088,""frame_roll"":0.0,""frame_pitch"":15.705826759338379,""frame_yaw"":-1.1518690586090088,""pitch_speed"":0.0,""yaw_speed"":0.0}",3.3694234
20932392586400,target_offset,557,"{""x_angle_offset"":0.015194490551948547,""y_angle_offset"":0.0380213216499046}",3.3740525
20932397772900,vfr,576,"{""message_type"":""VFR_HUD"",""airspeed"":28.22701072692871,""alt"":194.8000030517578}",3.379239
20932398137700,position,576,"{""message_type"":""GLOBAL_POSITION_INT"",""lat"":469521928,""lon"":393490066}",3.3796038
20932398637400,attitude,1149,"{""message_type"":""ATTITUDE"",""time_boot_ms"":119710,""roll"":-0.020778661593794823,""pitch"":-0.0700078159570694,""yaw"":-3.0811448097229004,""rollspeed"":0.0018079901346936822,""pitchspeed"":-0.009018546901643276,""yawspeed"":-0.003566920990124345}",3.3801035
20932418976800,fov,2890,"{""zoom"":12.339999198913574,""hfov"":7.293355464935303,""vfov"":4.106302738189697,""state"":0,""max_aov_h"":90.0,""max_aov_v"":58.71550750732422,""min_aov_h"":1.40625,""min_aov_v"":0.7910428047180176,""max_zoom"":64.0}",3.4004429
20932419701600,gimbal,2890,"{""imu_roll"":0.0,""imu_pitch"":15.714666366577148,""imu_yaw"":-1.1407675743103027,""frame_roll"":0.0,""frame_pitch"":15.714666366577148,""frame_yaw"":-1.1407675743103027,""pitch_speed"":0.0,""yaw_speed"":0.0}",3.4011677
20932425488100,range,1130,"{""message_type"":""GLOBAL_VISION_POSITION_ESTIMATE"",""x"":46.94854736328125,""y"":39.34876251220703}",3.4069542
20932435828000,range,1131,"{""message_type"":""GLOBAL_VISION_POSITION_ESTIMATE"",""x"":46.94854736328125,""y"":39.34876251220703}",3.4172941
20932446651100,fov,2891,"{""zoom"":12.339999198913574,""hfov"":7.293355464935303,""vfov"":4.106302738189697,""state"":0,""max_aov_h"":90.0,""max_aov_v"":58.71550750732422,""min_aov_h"":1.40625,""min_aov_v"":0.7910428047180176,""max_zoom"":64.0}",3.4281172
20932447340600,gimbal,2891,"{""imu_roll"":0.0,""imu_pitch"":15.719742774963379,""imu_yaw"":-1.1339083909988403,""frame_roll"":0.0,""frame_pitch"":15.719742774963379,""frame_yaw"":-1.1339083909988403,""pitch_speed"":0.0,""yaw_speed"":0.0}",3.4288067
20932453390900,target_offset,558,"{""x_angle_offset"":0.007597245275974274,""y_angle_offset"":0.04562558597988552}",3.434857
20932461994100,attitude,1150,"{""message_type"":""ATTITUDE"",""time_boot_ms"":119770,""roll"":-0.020697221159934998,""pitch"":-0.06993112713098526,""yaw"":-3.081432342529297,""rollspeed"":-0.005204413086175919,""pitchspeed"":-0.005326234269887209,""yawspeed"":-0.0033649804536253214}",3.4434602
20932473517800,fov,2892,"{""zoom"":12.339999198913574,""hfov"":7.293355464935303,""vfov"":4.106302738189697,""state"":0,""max_aov_h"":90.0,""max_aov_v"":58.71550750732422,""min_aov_h"":1.40625,""min_aov_v"":0.7910428047180176,""max_zoom"":64.0}",3.4549839
20932473955600,gimbal,2892,"{""imu_roll"":0.0,""imu_pitch"":15.72946548461914,""imu_yaw"":-1.1296964883804321,""frame_roll"":0.0,""frame_pitch"":15.72946548461914,""frame_yaw"":-1.1296964883804321,""pitch_speed"":0.0,""yaw_speed"":0.0}",3.4554217
20932480436400,target_offset,559,"{""x_angle_offset"":0.007597245275974274,""y_angle_offset"":0.05322985030986645}",3.4619025
20932500038500,fov,2893,"{""zoom"":12.339999198913574,""hfov"":7.293355464935303,""vfov"":4.106302738189697,""state"":0,""max_aov_h"":90.0,""max_aov_v"":58.71550750732422,""min_aov_h"":1.40625,""min_aov_v"":0.7910428047180176,""max_zoom"":64.0}",3.4815046
20932500366800,gimbal,2893,"{""imu_roll"":0.0,""imu_pitch"":15.741137504577637,""imu_yaw"":-1.1269936561584473,""frame_roll"":0.0,""frame_pitch"":15.741137504577637,""frame_yaw"":-1.1269936561584473,""pitch_speed"":0.0,""yaw_speed"":0.0}",3.4818329
20932503346200,position,577,"{""message_type"":""GLOBAL_POSITION_INT"",""lat"":469521928,""lon"":393490066}",3.4848123
20932503488300,attitude,1151,"{""message_type"":""ATTITUDE"",""time_boot_ms"":119810,""roll"":-0.02092408947646618,""pitch"":-0.06976723670959473,""yaw"":-3.0816285610198975,""rollspeed"":-0.011192933656275272,""pitchspeed"":-0.0031857588328421116,""yawspeed"":-0.003445870243012905}",3.4849544
20932503735500,vfr,577,"{""message_type"":""VFR_HUD"",""airspeed"":28.383813858032227,""alt"":194.33999633789062}",3.4852016
20932523777500,fov,2894,"{""zoom"":12.339999198913574,""hfov"":7.293355464935303,""vfov"":4.106302738189697,""state"":0,""max_aov_h"":90.0,""max_aov_v"":58.71550750732422,""min_aov_h"":1.40625,""min_aov_v"":0.7910428047180176,""max_zoom"":64.0}",3.5052436
20932524105500,gimbal,2894,"{""imu_roll"":0.0,""imu_pitch"":15.74956226348877,""imu_yaw"":-1.1246485710144043,""frame_roll"":0.0,""frame_pitch"":15.74956226348877,""frame_yaw"":-1.1246485710144043,""pitch_speed"":0.0,""yaw_speed"":0.0}",3.5055716
20932531513200,target_offset,560,"{""x_angle_offset"":0.0,""y_angle_offset"":0.05322985030986645}",3.5129793
20932550986000,fov,2895,"{""zoom"":12.339999198913574,""hfov"":7.293355464935303,""vfov"":4.106302738189697,""state"":0,""max_aov_h"":90.0,""max_aov_v"":58.71550750732422,""min_aov_h"":1.40625,""min_aov_v"":0.7910428047180176,""max_zoom"":64.0}",3.5324521
20932554627600,gimbal,2895,"{""imu_roll"":0.0,""imu_pitch"":15.763318061828613,""imu_yaw"":-1.123009204864502,""frame_roll"":0.0,""frame_pitch"":15.763318061828613,""frame_yaw"":-1.123009204864502,""pitch_speed"":0.0,""yaw_speed"":0.0}",3.5360937
20932556843100,target_offset,561,"{""x_angle_offset"":-0.03798622637987137,""y_angle_offset"":0.060834114639847364}",3.5383092
20932571513400,attitude,1152,"{""message_type"":""ATTITUDE"",""time_boot_ms"":119870,""roll"":-0.021728914231061935,""pitch"":-0.06939325481653214,""yaw"":-3.081928014755249,""rollspeed"":-0.020599061623215675,""pitchspeed"":-0.0009124745265580714,""yawspeed"":-0.0036850455217063427}",3.5529795
20932575966700,fov,2896,"{""zoom"":12.339999198913574,""hfov"":7.293355464935303,""vfov"":4.106302738189697,""state"":0,""max_aov_h"":90.0,""max_aov_v"":58.71550750732422,""min_aov_h"":1.40625,""min_aov_v"":0.7910428047180176,""max_zoom"":64.0}",3.5574328
20932576303500,gimbal,2896,"{""imu_roll"":0.0,""imu_pitch"":15.776870727539062,""imu_yaw"":-1.127216100692749,""frame_roll"":0.0,""frame_pitch"":15.776870727539062,""frame_yaw"":-1.127216100692749,""pitch_speed"":0.0,""yaw_speed"":0.0}",3.5577696
20932580590500,range,1132,"{""message_type"":""GLOBAL_VISION_POSITION_ESTIMATE"",""x"":46.94854736328125,""y"":39.34876251220703}",3.5620566
20932590124100,range,1133,"{""message_type"":""GLOBAL_VISION_POSITION_ESTIMATE"",""x"":46.94854736328125,""y"":39.34876251220703}",3.5715902
20932598547200,fov,2897,"{""zoom"":12.339999198913574,""hfov"":7.293355464935303,""vfov"":4.106302738189697,""state"":0,""max_aov_h"":90.0,""max_aov_v"":58.71550750732422,""min_aov_h"":1.40625,""min_aov_v"":0.7910428047180176,""max_zoom"":64.0}",3.5800133
20932598922100,gimbal,2897,"{""imu_roll"":0.0,""imu_pitch"":15.78603744506836,""imu_yaw"":-1.12973952293396,""frame_roll"":0.0,""frame_pitch"":15.78603744506836,""frame_yaw"":-1.12973952293396,""pitch_speed"":0.0,""yaw_speed"":0.0}",3.5803882
20932606631000,target_offset,562,"{""x_angle_offset"":-0.03798622637987137,""y_angle_offset"":0.06843837896982828}",3.5880971
20932614316700,position,578,"{""message_type"":""GLOBAL_POSITION_INT"",""lat"":469521345,""lon"":393490018}",3.5957828
20932614510100,attitude,1153,"{""message_type"":""ATTITUDE"",""time_boot_ms"":119910,""roll"":-0.022539172321558,""pitch"":-0.06911156326532364,""yaw"":-3.082132339477539,""rollspeed"":-0.02542988397181034,""pitchspeed"":-0.000714784546289593,""yawspeed"":-0.0037784548476338387}",3.5959762
20932614766400,vfr,578,"{""message_type"":""VFR_HUD"",""airspeed"":28.554462432861328,""alt"":193.88999938964844}",3.5962325
20932626151800,gimbal,2898,"{""imu_roll"":0.0,""imu_pitch"":15.8031644821167,""imu_yaw"":-1.1395633220672607,""frame_roll"":0.0,""frame_pitch"":15.8031644821167,""frame_yaw"":-1.1395633220672607,""pitch_speed"":0.0,""yaw_speed"":0.0}",3.6076179
20932626589900,fov,2898,"{""zoom"":12.339999198913574,""hfov"":7.293355464935303,""vfov"":4.106302738189697,""state"":0,""max_aov_h"":90.0,""max_aov_v"":58.71550750732422,""min_aov_h"":1.40625,""min_aov_v"":0.7910428047180176,""max_zoom"":64.0}",3.608056
20932629530800,target_offset,563,"{""x_angle_offset"":-0.04558347165584564,""y_angle_offset"":0.0760426432998092}",3.6109969
20932649543100,fov,2899,"{""zoom"":12.339999198913574,""hfov"":7.293355464935303,""vfov"":4.106302738189697,""state"":0,""max_aov_h"":90.0,""max_aov_v"":58.71550750732422,""min_aov_h"":1.40625,""min_aov_v"":0.7910428047180176,""max_zoom"":64.0}",3.6310092
20932650128800,gimbal,2899,"{""imu_roll"":0.0,""imu_pitch"":15.817211151123047,""imu_yaw"":-1.144698143005371,""frame_roll"":0.0,""frame_pitch"":15.817211151123047,""frame_yaw"":-1.144698143005371,""pitch_speed"":0.0,""yaw_speed"":0.0}",3.6315949
20932674005200,attitude,1154,"{""message_type"":""ATTITUDE"",""time_boot_ms"":119970,""roll"":-0.024003466591238976,""pitch"":-0.06885866820812225,""yaw"":-3.0824427604675293,""rollspeed"":-0.02962610498070717,""pitchspeed"":-0.0005452003097161651,""yawspeed"":-0.00393056683242321}",3.6554713
20932677084300,fov,2900,"{""zoom"":12.339999198913574,""hfov"":7.293355464935303,""vfov"":4.106302738189697,""state"":0,""max_aov_h"":90.0,""max_aov_v"":58.71550750732422,""min_aov_h"":1.40625,""min_aov_v"":0.7910428047180176,""max_zoom"":64.0}",3.6585504
20932677573600,gimbal,2900,"{""imu_roll"":0.0,""imu_pitch"":15.829285621643066,""imu_yaw"":-1.14847731590271,""frame_roll"":0.0,""frame_pitch"":15.829285621643066,""frame_yaw"":-1.14847731590271,""pitch_speed"":0.0,""yaw_speed"":0.0}",3.6590397
20932679974300,target_offset,564,"{""x_angle_offset"":-0.053180716931819916,""y_angle_offset"":0.0760426432998092}",3.6614404
20932698151300,fov,2901,"{""zoom"":12.339999198913574,""hfov"":7.293355464935303,""vfov"":4.106302738189697,""state"":0,""max_aov_h"":90.0,""max_aov_v"":58.71550750732422,""min_aov_h"":1.40625,""min_aov_v"":0.7910428047180176,""max_zoom"":64.0}",3.6796174
20932698451300,gimbal,2901,"{""imu_roll"":0.0,""imu_pitch"":15.842300415039062,""imu_yaw"":-1.156722903251648,""frame_roll"":0.0,""frame_pitch"":15.842300415039062,""frame_yaw"":-1.156722903251648,""pitch_speed"":0.0,""yaw_speed"":0.0}",3.6799174
20932713749100,position,579,"{""message_type"":""GLOBAL_POSITION_INT"",""lat"":469521345,""lon"":393490018}",3.6952152
20932713963000,attitude,1155,"{""message_type"":""ATTITUDE"",""time_boot_ms"":120010,""roll"":-0.02502143569290638,""pitch"":-0.06870128959417343,""yaw"":-3.082646608352661,""rollspeed"":-0.029417486861348152,""pitchspeed"":-0.0008922300767153502,""yawspeed"":-0.003932705614715815}",3.6954291
20932714459500,vfr,579,"{""message_type"":""VFR_HUD"",""airspeed"":28.703712463378906,""alt"":193.42999267578125}",3.6959256
20932725079000,fov,2902,"{""zoom"":12.339999198913574,""hfov"":7.293355464935303,""vfov"":4.106302738189697,""state"":0,""max_aov_h"":90.0,""max_aov_v"":58.71550750732422,""min_aov_h"":1.40625,""min_aov_v"":0.7910428047180176,""max_zoom"":64.0}",3.7065451
20932725570000,gimbal,2902,"{""imu_roll"":0.0,""imu_pitch"":15.852620124816895,""imu_yaw"":-1.1627410650253296,""frame_roll"":0.0,""frame_pitch"":15.852620124816895,""frame_yaw"":-1.1627410650253296,""pitch_speed"":0.0,""yaw_speed"":0.0}",3.7070361
20932731323000,target_offset,565,"{""x_angle_offset"":-0.06077796220779419,""y_angle_offset"":0.08364690762979013}",3.7127891
20932736908600,range,1134,"{""message_type"":""GLOBAL_VISION_POSITION_ESTIMATE"",""x"":46.948486328125,""y"":39.3487548828125}",3.7183747
20932739194300,range,1135,"{""message_type"":""GLOBAL_VISION_POSITION_ESTIMATE"",""x"":46.948486328125,""y"":39.3487548828125}",3.7206604
20932753466000,fov,2903,"{""zoom"":12.339999198913574,""hfov"":7.293355464935303,""vfov"":4.106302738189697,""state"":0,""max_aov_h"":90.0,""max_aov_v"":58.71550750732422,""min_aov_h"":1.40625,""min_aov_v"":0.7910428047180176,""max_zoom"":64.0}",3.7349321
20932754005600,gimbal,2903,"{""imu_roll"":0.0,""imu_pitch"":15.876436233520508,""imu_yaw"":-1.1759811639785767,""frame_roll"":0.0,""frame_pitch"":15.876436233520508,""frame_yaw"":-1.1759811639785767,""pitch_speed"":0.0,""yaw_speed"":0.0}",3.7354717
20932755467100,target_offset,566,"{""x_angle_offset"":-0.06837520748376846,""y_angle_offset"":0.09885543628975196}",3.7369332
20932775915100,fov,2904,"{""zoom"":12.339999198913574,""hfov"":7.293355464935303,""vfov"":4.106302738189697,""state"":0,""max_aov_h"":90.0,""max_aov_v"":58.71550750732422,""min_aov_h"":1.40625,""min_aov_v"":0.7910428047180176,""max_zoom"":64.0}",3.7573812
20932776188300,gimbal,2904,"{""imu_roll"":0.0,""imu_pitch"":15.898557662963867,""imu_yaw"":-1.1877986192703247,""frame_roll"":0.0,""frame_pitch"":15.898557662963867,""frame_yaw"":-1.1877986192703247,""pitch_speed"":0.0,""yaw_speed"":0.0}",3.7576544
20932780649800,attitude,1156,"{""message_type"":""ATTITUDE"",""time_boot_ms"":120070,""roll"":-0.026450518518686295,""pitch"":-0.06850408762693405,""yaw"":-3.082946300506592,""rollspeed"":-0.02683427929878235,""pitchspeed"":-0.0017101892735809088,""yawspeed"":-0.0038267585914582014}",3.7621159
20932799845400,fov,2905,"{""zoom"":12.339999198913574,""hfov"":7.293355464935303,""vfov"":4.106302738189697,""state"":0,""max_aov_h"":90.0,""max_aov_v"":58.71550750732422,""min_aov_h"":1.40625,""min_aov_v"":0.7910428047180176,""max_zoom"":64.0}",3.7813115
20932802117400,gimbal,2905,"{""imu_roll"":0.0,""imu_pitch"":15.917431831359863,""imu_yaw"":-1.197381854057312,""frame_roll"":0.0,""frame_pitch"":15.917431831359863,""frame_yaw"":-1.197381854057312,""pitch_speed"":0.0,""yaw_speed"":0.0}",3.7835835
20932806712200,target_offset,567,"{""x_angle_offset"":-0.07597245275974274,""y_angle_offset"":0.1064597006197329}",3.7881783
20932822500300,attitude,1157,"{""message_type"":""ATTITUDE"",""time_boot_ms"":120110,""roll"":-0.027254991233348846,""pitch"":-0.06841398775577545,""yaw"":-3.083139181137085,""rollspeed"":-0.023356977850198746,""pitchspeed"":-0.0027990834787487984,""yawspeed"":-0.0036427564918994904}",3.8039664
20932823190700,vfr,580,"{""message_type"":""VFR_HUD"",""airspeed"":28.868221282958984,""alt"":192.95999145507812}",3.8046568
20932823405600,position,580,"{""message_type"":""GLOBAL_POSITION_INT"",""lat"":469521345,""lon"":393490018}",3.8048717
20932827825000,fov,2906,"{""zoom"":12.339999198913574,""hfov"":7.293355464935303,""vfov"":4.106302738189697,""state"":0,""max_aov_h"":90.0,""max_aov_v"":58.71550750732422,""min_aov_h"":1.40625,""min_aov_v"":0.7910428047180176,""max_zoom"":64.0}",3.8092911
20932828219100,gimbal,2906,"{""imu_roll"":0.0,""imu_pitch"":15.943069458007812,""imu_yaw"":-1.2109425067901611,""frame_roll"":0.0,""frame_pitch"":15.943069458007812,""frame_yaw"":-1.2109425067901611,""pitch_speed"":0.0,""yaw_speed"":0.0}",3.8096852
20932833865400,target_offset,568,"{""x_angle_offset"":-0.08356969803571701,""y_angle_offset"":0.1064597006197329}",3.8153315
20932849806200,fov,2907,"{""zoom"":12.339999198913574,""hfov"":7.293355464935303,""vfov"":4.106302738189697,""state"":0,""max_aov_h"":90.0,""max_aov_v"":58.71550750732422,""min_aov_h"":1.40625,""min_aov_v"":0.7910428047180176,""max_zoom"":64.0}",3.8312723
20932850138400,gimbal,2907,"{""imu_roll"":0.0,""imu_pitch"":15.967010498046875,""imu_yaw"":-1.2262061834335327,""frame_roll"":0.0,""frame_pitch"":15.967010498046875,""frame_yaw"":-1.2262061834335327,""pitch_speed"":0.0,""yaw_speed"":0.0}",3.8316045
20932873692200,fov,2908,"{""zoom"":12.339999198913574,""hfov"":7.293355464935303,""vfov"":4.106302738189697,""state"":0,""max_aov_h"":90.0,""max_aov_v"":58.71550750732422,""min_aov_h"":1.40625,""min_aov_v"":0.7910428047180176,""max_zoom"":64.0}",3.8551583
20932874049300,gimbal,2908,"{""imu_roll"":0.0,""imu_pitch"":15.9833345413208,""imu_yaw"":-1.236289620399475,""frame_roll"":0.0,""frame_pitch"":15.9833345413208,""frame_yaw"":-1.236289620399475,""pitch_speed"":0.0,""yaw_speed"":0.0}",3.8555154
20932876668000,range,1136,"{""message_type"":""GLOBAL_VISION_POSITION_ESTIMATE"",""x"":46.948486328125,""y"":39.34877014160156}",3.8581341
20932884149500,target_offset,569,"{""x_angle_offset"":-0.08356969803571701,""y_angle_offset"":0.11406396494971381}",3.8656156
20932890567000,range,1137,"{""message_type"":""GLOBAL_VISION_POSITION_ESTIMATE"",""x"":46.948486328125,""y"":39.34877014160156}",3.8720331
20932890675300,attitude,1158,"{""message_type"":""ATTITUDE"",""time_boot_ms"":120170,""roll"":-0.02811599150300026,""pitch"":-0.06841393560171127,""yaw"":-3.0834126472473145,""rollspeed"":-0.01573319174349308,""pitchspeed"":-0.005707246251404285,""yawspeed"":-0.0032917740754783154}",3.8721414
20932901854000,fov,2909,"{""zoom"":12.339999198913574,""hfov"":7.293355464935303,""vfov"":4.106302738189697,""state"":0,""max_aov_h"":90.0,""max_aov_v"":58.71550750732422,""min_aov_h"":1.40625,""min_aov_v"":0.7910428047180176,""max_zoom"":64.0}",3.8833201
20932902175500,gimbal,2909,"{""imu_roll"":0.0,""imu_pitch"":16.011173248291016,""imu_yaw"":-1.2586513757705688,""frame_roll"":0.0,""frame_pitch"":16.011173248291016,""frame_yaw"":-1.2586513757705688,""pitch_speed"":0.0,""yaw_speed"":0.0}",3.8836416
20932924307100,fov,2910,"{""zoom"":12.339999198913574,""hfov"":7.293355464935303,""vfov"":4.106302738189697,""state"":0,""max_aov_h"":90.0,""max_aov_v"":58.71550750732422,""min_aov_h"":1.40625,""min_aov_v"":0.7910428047180176,""max_zoom"":64.0}",3.9057732
20932924847700,gimbal,2910,"{""imu_roll"":0.0,""imu_pitch"":16.029165267944336,""imu_yaw"":-1.2728594541549683,""frame_roll"":0.0,""frame_pitch"":16.029165267944336,""frame_yaw"":-1.2728594541549683,""pitch_speed"":0.0,""yaw_speed"":0.0}",3.9063138
20932932099800,target_offset,570,"{""x_angle_offset"":-0.08356969803571701,""y_angle_offset"":0.1064597006197329}",3.9135659
20932938237600,vfr,581,"{""message_type"":""VFR_HUD"",""airspeed"":29.042831420898438,""alt"":192.47999572753906}",3.9197037
20932938702000,position,581,"{""message_type"":""GLOBAL_POSITION_INT"",""lat"":469520758,""lon"":393489970}",3.9201681
20932939077400,attitude,1159,"{""message_type"":""ATTITUDE"",""time_boot_ms"":120210,""roll"":-0.028387239202857018,""pitch"":-0.06850428134202957,""yaw"":-3.083585262298584,""rollspeed"":-0.009229760617017746,""pitchspeed"":-0.0074424766935408115,""yawspeed"":-0.00301855499856174}",3.9205435
20932954756400,fov,2911,"{""zoom"":12.339999198913574,""hfov"":7.293355464935303,""vfov"":4.106302738189697,""state"":0,""max_aov_h"":90.0,""max_aov_v"":58.71550750732422,""min_aov_h"":1.40625,""min_aov_v"":0.7910428047180176,""max_zoom"":64.0}",3.9362225
20932955236500,gimbal,2911,"{""imu_roll"":0.0,""imu_pitch"":16.0589599609375,""imu_yaw"":-1.2930076122283936,""frame_roll"":0.0,""frame_pitch"":16.0589599609375,""frame_yaw"":-1.2930076122283936,""pitch_speed"":0.0,""yaw_speed"":0.0}",3.9367026
20932959359500,target_offset,571,"{""x_angle_offset"":-0.08356969803571701,""y_angle_offset"":0.09885543628975196}",3.9408256
20932979584100,fov,2912,"{""zoom"":12.339999198913574,""hfov"":7.293355464935303,""vfov"":4.106302738189697,""state"":0,""max_aov_h"":90.0,""max_aov_v"":58.71550750732422,""min_aov_h"":1.40625,""min_aov_v"":0.7910428047180176,""max_zoom"":64.0}",3.9610502
20932979921500,gimbal,2912,"{""imu_roll"":0.0,""imu_pitch"":16.08135223388672,""imu_yaw"":-1.3099720478057861,""frame_roll"":0.0,""frame_pitch"":16.08135223388672,""frame_yaw"":-1.3099720478057861,""pitch_speed"":0.0,""yaw_speed"":0.0}",3.9613876
20933003102100,fov,2913,"{""zoom"":12.339999198913574,""hfov"":7.293355464935303,""vfov"":4.106302738189697,""state"":0,""max_aov_h"":90.0,""max_aov_v"":58.71550750732422,""min_aov_h"":1.40625,""min_aov_v"":0.7910428047180176,""max_zoom"":64.0}",3.9845682
20933003447100,gimbal,2913,"{""imu_roll"":0.0,""imu_pitch"":16.097225189208984,""imu_yaw"":-1.3219479322433472,""frame_roll"":0.0,""frame_pitch"":16.097225189208984,""frame_yaw"":-1.3219479322433472,""pitch_speed"":0.0,""yaw_speed"":0.0}",3.9849132
20933006227900,attitude,1160,"{""message_type"":""ATTITUDE"",""time_boot_ms"":120270,""roll"":-0.02826056070625782,""pitch"":-0.0687427669763565,""yaw"":-3.0838210582733154,""rollspeed"":0.0016482971841469407,""pitchspeed"":-0.0092999916523695,""yawspeed"":-0.0024374527856707573}",3.987694
20933011368300,target_offset,572,"{""x_angle_offset"":-0.07597245275974274,""y_angle_offset"":0.060834114639847364}",3.9928344
20933029204000,range,1138,"{""message_type"":""GLOBAL_VISION_POSITION_ESTIMATE"",""x"":46.948429107666016,""y"":39.34876251220703}",4.0106701
20933031940700,fov,2914,"{""zoom"":12.339999198913574,""hfov"":7.293355464935303,""vfov"":4.106302738189697,""state"":0,""max_aov_h"":90.0,""max_aov_v"":58.71550750732422,""min_aov_h"":1.40625,""min_aov_v"":0.7910428047180176,""max_zoom"":64.0}",4.0134068
20933032387200,gimbal,2914,"{""imu_roll"":0.0,""imu_pitch"":16.11244773864746,""imu_yaw"":-1.3399913311004639,""frame_roll"":0.0,""frame_pitch"":16.11244773864746,""frame_yaw"":-1.3399913311004639,""pitch_speed"":0.0,""yaw_speed"":0.0}",4.0138533
20933037442000,target_offset,573,"{""x_angle_offset"":-0.030388981103897095,""y_angle_offset"":0.05322985030986645}",4.0189081
20933049445200,range,1139,"{""message_type"":""GLOBAL_VISION_POSITION_ESTIMATE"",""x"":46.948429107666016,""y"":39.34876251220703}",4.0309113
20933049685000,position,582,"{""message_type"":""GLOBAL_POSITION_INT"",""lat"":469520758,""lon"":393489970}",4.0311511
20933049827500,attitude,1161,"{""message_type"":""ATTITUDE"",""time_boot_ms"":120310,""roll"":-0.027839399874210358,""pitch"":-0.06895826756954193,""yaw"":-3.0839731693267822,""rollspeed"":0.008108331821858883,""pitchspeed"":-0.010533620603382587,""yawspeed"":-0.002153754699975252}",4.0312936
20933050058100,vfr,582,"{""message_type"":""VFR_HUD"",""airspeed"":29.194564819335938,""alt"":192.00999450683594}",4.0315242
20933055722600,fov,2915,"{""zoom"":12.339999198913574,""hfov"":7.293355464935303,""vfov"":4.106302738189697,""state"":0,""max_aov_h"":90.0,""max_aov_v"":58.71550750732422,""min_aov_h"":1.40625,""min_aov_v"":0.7910428047180176,""max_zoom"":64.0}",4.0371887
20933056019600,gimbal,2915,"{""imu_roll"":0.0,""imu_pitch"":16.121728897094727,""imu_yaw"":-1.3456149101257324,""frame_roll"":0.0,""frame_pitch"":16.121728897094727,""frame_yaw"":-1.3456149101257324,""pitch_speed"":0.0,""yaw_speed"":0.0}",4.0374857
20933081535400,fov,2916,"{""zoom"":12.339999198913574,""hfov"":7.293355464935303,""vfov"":4.106302738189697,""state"":0,""max_aov_h"":90.0,""max_aov_v"":58.71550750732422,""min_aov_h"":1.40625,""min_aov_v"":0.7910428047180176,""max_zoom"":64.0}",4.0630015
20933083364300,gimbal,2916,"{""imu_roll"":0.0,""imu_pitch"":16.128644943237305,""imu_yaw"":-1.3499399423599243,""frame_roll"":0.0,""frame_pitch"":16.128644943237305,""frame_yaw"":-1.3499399423599243,""pitch_speed"":0.0,""yaw_speed"":0.0}",4.0648304
20933090465600,target_offset,574,"{""x_angle_offset"":-0.030388981103897095,""y_angle_offset"":0.04562558597988552}",4.0719317
20933112434300,fov,2917,"{""zoom"":12.339999198913574,""hfov"":7.293355464935303,""vfov"":4.106302738189697,""state"":0,""max_aov_h"":90.0,""max_aov_v"":58.71550750732422,""min_aov_h"":1.40625,""min_aov_v"":0.7910428047180176,""max_zoom"":64.0}",4.0939004
20933112808300,gimbal,2917,"{""imu_roll"":0.0,""imu_pitch"":16.1420955657959,""imu_yaw"":-1.3540529012680054,""frame_roll"":0.0,""frame_pitch"":16.1420955657959,""frame_yaw"":-1.3540529012680054,""pitch_speed"":0.0,""yaw_speed"":0.0}",4.0942744
20933115586500,target_offset,575,"{""x_angle_offset"":0.007597245275974274,""y_angle_offset"":0.0076042643299809205}",4.0970526
20933121084600,attitude,1162,"{""message_type"":""ATTITUDE"",""time_boot_ms"":120370,""roll"":-0.026802970096468925,""pitch"":-0.06973683089017868,""yaw"":-3.0841941833496094,""rollspeed"":0.014936516061425209,""pitchspeed"":-0.01251114159822464,""yawspeed"":-0.0021210480481386185}",4.1025507
20933138057000,fov,2918,"{""zoom"":12.339999198913574,""hfov"":7.293355464935303,""vfov"":4.106302738189697,""state"":0,""max_aov_h"":90.0,""max_aov_v"":58.71550750732422,""min_aov_h"":1.40625,""min_aov_v"":0.7910428047180176,""max_zoom"":64.0}",4.1195231
20933138449100,gimbal,2918,"{""imu_roll"":0.0,""imu_pitch"":16.138431549072266,""imu_yaw"":-1.350745439529419,""frame_roll"":0.0,""frame_pitch"":16.138431549072266,""frame_yaw"":-1.350745439529419,""pitch_speed"":0.0,""yaw_speed"":0.0}",4.1199152
20933151091600,position,583,"{""message_type"":""GLOBAL_POSITION_INT"",""lat"":469520149,""lon"":393489920}",4.1325577
20933151267400,attitude,1163,"{""message_type"":""ATTITUDE"",""time_boot_ms"":120410,""roll"":-0.025977211073040962,""pitch"":-0.07080546021461487,""yaw"":-3.0843608379364014,""rollspeed"":0.016161585226655006,""pitchspeed"":-0.014173141680657864,""yawspeed"":-0.0021058537531644106}",4.1327335
20933151508000,vfr,583,"{""message_type"":""VFR_HUD"",""airspeed"":29.359785079956055,""alt"":191.52999877929688}",4.1329741
20933161954200,fov,2919,"{""zoom"":12.339999198913574,""hfov"":7.293355464935303,""vfov"":4.106302738189697,""state"":0,""max_aov_h"":90.0,""max_aov_v"":58.71550750732422,""min_aov_h"":1.40625,""min_aov_v"":0.7910428047180176,""max_zoom"":64.0}",4.1434203
20933164158900,gimbal,2919,"{""imu_roll"":0.0,""imu_pitch"":16.136005401611328,""imu_yaw"":-1.3487207889556885,""frame_roll"":0.0,""frame_pitch"":16.136005401611328,""frame_yaw"":-1.3487207889556885,""pitch_speed"":0.0,""yaw_speed"":0.0}",4.145625
20933170942200,range,1140,"{""message_type"":""GLOBAL_VISION_POSITION_ESTIMATE"",""x"":46.9483757019043,""y"":39.348777770996094}",4.1524083
20933173338000,target_offset,576,"{""x_angle_offset"":0.007597245275974274,""y_angle_offset"":0.0076042643299809205}",4.1548041
20933177870300,range,1141,"{""message_type"":""GLOBAL_VISION_POSITION_ESTIMATE"",""x"":46.9483757019043,""y"":39.348777770996094}",4.1593364
20933193018000,fov,2920,"{""zoom"":12.339999198913574,""hfov"":7.293355464935303,""vfov"":4.106302738189697,""state"":0,""max_aov_h"":90.0,""max_aov_v"":58.71550750732422,""min_aov_h"":1.40625,""min_aov_v"":0.7910428047180176,""max_zoom"":64.0}",4.1744841
20933193658300,gimbal,2920,"{""imu_roll"":0.0,""imu_pitch"":16.133474349975586,""imu_yaw"":-1.346331238746643,""frame_roll"":0.0,""frame_pitch"":16.133474349975586,""frame_yaw"":-1.346331238746643,""pitch_speed"":0.0,""yaw_speed"":0.0}",4.1751244
20933194801300,target_offset,577,"{""x_angle_offset"":0.015194490551948547,""y_angle_offset"":0.0076042643299809205}",4.1762674
20933215884200,fov,2921,"{""zoom"":12.339999198913574,""hfov"":7.293355464935303,""vfov"":4.106302738189697,""state"":0,""max_aov_h"":90.0,""max_aov_v"":58.71550750732422,""min_aov_h"":1.40625,""min_aov_v"":0.7910428047180176,""max_zoom"":64.0}",4.1973503
20933216949300,gimbal,2921,"{""imu_roll"":0.0,""imu_pitch"":16.132150650024414,""imu_yaw"":-1.339751958847046,""frame_roll"":0.0,""frame_pitch"":16.132150650024414,""frame_yaw"":-1.339751958847046,""pitch_speed"":0.0,""yaw_speed"":0.0}",4.1984154
20933218327600,attitude,1164,"{""message_type"":""ATTITUDE"",""time_boot_ms"":120470,""roll"":-0.02479744516313076,""pitch"":-0.07249395549297333,""yaw"":-3.0846269130706787,""rollspeed"":0.013581094332039356,""pitchspeed"":-0.015496334061026573,""yawspeed"":-0.002502722665667534}",4.1997937
20933240207900,fov,2922,"{""zoom"":12.339999198913574,""hfov"":7.293355464935303,""vfov"":4.106302738189697,""state"":0,""max_aov_h"":90.0,""max_aov_v"":58.71550750732422,""min_aov_h"":1.40625,""min_aov_v"":0.7910428047180176,""max_zoom"":64.0}",4.221674
20933240492400,gimbal,2922,"{""imu_roll"":0.0,""imu_pitch"":16.13118553161621,""imu_yaw"":-1.3349609375,""frame_roll"":0.0,""frame_pitch"":16.13118553161621,""frame_yaw"":-1.3349609375,""pitch_speed"":0.0,""yaw_speed"":0.0}",4.2219585
20933247384100,target_offset,578,"{""x_angle_offset"":0.015194490551948547,""y_angle_offset"":0.015208528659961841}",4.2288502
20933256491200,vfr,584,"{""message_type"":""VFR_HUD"",""airspeed"":29.534015655517578,""alt"":191.0500030517578}",4.2379573
20933256642500,position,584,"{""message_type"":""GLOBAL_POSITION_INT"",""lat"":469520149,""lon"":393489920}",4.2381086
20933256746300,attitude,1165,"{""message_type"":""ATTITUDE"",""time_boot_ms"":120510,""roll"":-0.02418316900730133,""pitch"":-0.07361796498298645,""yaw"":-3.084829092025757,""rollspeed"":0.009642668068408966,""pitchspeed"":-0.015066898427903652,""yawspeed"":-0.0028142849914729595}",4.2382124
20933269589200,fov,2923,"{""zoom"":12.339999198913574,""hfov"":7.293355464935303,""vfov"":4.106302738189697,""state"":0,""max_aov_h"":90.0,""max_aov_v"":58.71550750732422,""min_aov_h"":1.40625,""min_aov_v"":0.7910428047180176,""max_zoom"":64.0}",4.2510553
20933269936000,gimbal,2923,"{""imu_roll"":0.0,""imu_pitch"":16.130203247070312,""imu_yaw"":-1.3298182487487793,""frame_roll"":0.0,""frame_pitch"":16.130203247070312,""frame_yaw"":-1.3298182487487793,""pitch_speed"":0.0,""yaw_speed"":0.0}",4.2514021
20933271557900,target_offset,579,"{""x_angle_offset"":0.015194490551948547,""y_angle_offset"":0.015208528659961841}",4.253024
20933292127900,fov,2924,"{""zoom"":12.339999198913574,""hfov"":7.293355464935303,""vfov"":4.106302738189697,""state"":0,""max_aov_h"":90.0,""max_aov_v"":58.71550750732422,""min_aov_h"":1.40625,""min_aov_v"":0.7910428047180176,""max_zoom"":64.0}",4.273594
20933292769700,gimbal,2924,"{""imu_roll"":0.0,""imu_pitch"":16.129676818847656,""imu_yaw"":-1.3218305110931396,""frame_roll"":0.0,""frame_pitch"":16.129676818847656,""frame_yaw"":-1.3218305110931396,""pitch_speed"":0.0,""yaw_speed"":0.0}",4.2742358
20933314066000,range,1142,"{""message_type"":""GLOBAL_VISION_POSITION_ESTIMATE"",""x"":46.9483757019043,""y"":39.348777770996094}",4.2955321
20933317755200,fov,2925,"{""zoom"":12.339999198913574,""hfov"":7.293355464935303,""vfov"":4.106302738189697,""state"":0,""max_aov_h"":90.0,""max_aov_v"":58.71550750732422,""min_aov_h"":1.40625,""min_aov_v"":0.7910428047180176,""max_zoom"":64.0}",4.2992213
20933318068600,gimbal,2925,"{""imu_roll"":0.0,""imu_pitch"":16.12923812866211,""imu_yaw"":-1.3147562742233276,""frame_roll"":0.0,""frame_pitch"":16.12923812866211,""frame_yaw"":-1.3147562742233276,""pitch_speed"":0.0,""yaw_speed"":0.0}",4.2995347
20933320644600,attitude,1166,"{""message_type"":""ATTITUDE"",""time_boot_ms"":120570,""roll"":-0.023696377873420715,""pitch"":-0.07525701820850372,""yaw"":-3.0851786136627197,""rollspeed"":0.00016582314856350422,""pitchspeed"":-0.01400886569172144,""yawspeed"":-0.003927107434719801}",4.3021107
20933321172100,range,1143,"{""message_type"":""GLOBAL_VISION_POSITION_ESTIMATE"",""x"":46.9483757019043,""y"":39.348777770996094}",4.3026382
20933325898500,target_offset,580,"{""x_angle_offset"":0.015194490551948547,""y_angle_offset"":0.02281279298994276}",4.3073646
20933341214900,fov,2926,"{""zoom"":12.339999198913574,""hfov"":7.293355464935303,""vfov"":4.106302738189697,""state"":0,""max_aov_h"":90.0,""max_aov_v"":58.71550750732422,""min_aov_h"":1.40625,""min_aov_v"":0.7910428047180176,""max_zoom"":64.0}",4.322681
20933341584800,gimbal,2926,"{""imu_roll"":0.0,""imu_pitch"":16.133928298950195,""imu_yaw"":-1.31022310256958,""frame_roll"":0.0,""frame_pitch"":16.133928298950195,""frame_yaw"":-1.31022310256958,""pitch_speed"":0.0,""yaw_speed"":0.0}",4.3230509
20933350739300,target_offset,581,"{""x_angle_offset"":0.007597245275974274,""y_angle_offset"":0.030417057319923682}",4.3322054
20933365734100,fov,2927,"{""zoom"":12.339999198913574,""hfov"":7.293355464935303,""vfov"":4.106302738189697,""state"":0,""max_aov_h"":90.0,""max_aov_v"":58.71550750732422,""min_aov_h"":1.40625,""min_aov_v"":0.7910428047180176,""max_zoom"":64.0}",4.3472002
20933366108900,gimbal,2927,"{""imu_roll"":0.0,""imu_pitch"":16.138076782226562,""imu_yaw"":-1.305953025817871,""frame_roll"":0.0,""frame_pitch"":16.138076782226562,""frame_yaw"":-1.305953025817871,""pitch_speed"":0.0,""yaw_speed"":0.0}",4.347575
20933367416500,position,585,"{""message_type"":""GLOBAL_POSITION_INT"",""lat"":469519545,""lon"":393489874}",4.3488826
20933367576700,attitude,1167,"{""message_type"":""ATTITUDE"",""time_boot_ms"":120610,""roll"":-0.02374258078634739,""pitch"":-0.0757773295044899,""yaw"":-3.085449695587158,""rollspeed"":-0.006937137804925442,""pitchspeed"":-0.013656508177518845,""yawspeed"":-0.0047859912738204}",4.3490428
20933367792300,vfr,585,"{""message_type"":""VFR_HUD"",""airspeed"":29.684764862060547,""alt"":190.5699920654297}",4.3492584
20933395979600,fov,2928,"{""zoom"":12.339999198913574,""hfov"":7.293355464935303,""vfov"":4.106302738189697,""state"":0,""max_aov_h"":90.0,""max_aov_v"":58.71550750732422,""min_aov_h"":1.40625,""min_aov_v"":0.7910428047180176,""max_zoom"":64.0}",4.3774457
20933397986300,gimbal,2928,"{""imu_roll"":0.0,""imu_pitch"":16.141616821289062,""imu_yaw"":-1.301098108291626,""frame_roll"":0.0,""frame_pitch"":16.141616821289062,""frame_yaw"":-1.301098108291626,""pitch_speed"":0.0,""yaw_speed"":0.0}",4.3794524
20933400356500,target_offset,582,"{""x_angle_offset"":0.007597245275974274,""y_angle_offset"":0.0380213216499046}",4.3818226
20933422026000,fov,2929,"{""zoom"":12.339999198913574,""hfov"":7.293355464935303,""vfov"":4.106302738189697,""state"":0,""max_aov_h"":90.0,""max_aov_v"":58.71550750732422,""min_aov_h"":1.40625,""min_aov_v"":0.7910428047180176,""max_zoom"":64.0}",4.4034921
20933422416600,gimbal,2929,"{""imu_roll"":0.0,""imu_pitch"":16.149513244628906,""imu_yaw"":-1.2928285598754883,""frame_roll"":0.0,""frame_pitch"":16.149513244628906,""frame_yaw"":-1.2928285598754883,""pitch_speed"":0.0,""yaw_speed"":0.0}",4.4038827
20933428904300,attitude,1168,"{""message_type"":""ATTITUDE"",""time_boot_ms"":120670,""roll"":-0.024312665686011314,""pitch"":-0.07650887966156006,""yaw"":-3.0859110355377197,""rollspeed"":-0.016665127128362656,""pitchspeed"":-0.012583799660205841,""yawspeed"":-0.006045397371053696}",4.4103704
20933445763100,fov,2930,"{""zoom"":12.339999198913574,""hfov"":7.293355464935303,""vfov"":4.106302738189697,""state"":0,""max_aov_h"":90.0,""max_aov_v"":58.71550750732422,""min_aov_h"":1.40625,""min_aov_v"":0.7910428047180176,""max_zoom"":64.0}",4.4272292
20933446123300,gimbal,2930,"{""imu_roll"":0.0,""imu_pitch"":16.154281616210938,""imu_yaw"":-1.286929726600647,""frame_roll"":0.0,""frame_pitch"":16.154281616210938,""frame_yaw"":-1.286929726600647,""pitch_speed"":0.0,""yaw_speed"":0.0}",4.4275894
20933454615300,target_offset,583,"{""x_angle_offset"":0.0,""y_angle_offset"":0.0380213216499046}",4.4360814
20933466824500,range,1144,"{""message_type"":""GLOBAL_VISION_POSITION_ESTIMATE"",""x"":46.94831085205078,""y"":39.34877395629883}",4.4482906
20933473012100,fov,2931,"{""zoom"":12.339999198913574,""hfov"":7.293355464935303,""vfov"":4.106302738189697,""state"":0,""max_aov_h"":90.0,""max_aov_v"":58.71550750732422,""min_aov_h"":1.40625,""min_aov_v"":0.7910428047180176,""max_zoom"":64.0}",4.4544782
20933475462100,gimbal,2931,"{""imu_roll"":0.0,""imu_pitch"":16.1595516204834,""imu_yaw"":-1.281585693359375,""frame_roll"":0.0,""frame_pitch"":16.1595516204834,""frame_yaw"":-1.281585693359375,""pitch_speed"":0.0,""yaw_speed"":0.0}",4.4569282
20933477796600,target_offset,584,"{""x_angle_offset"":-0.03798622637987137,""y_angle_offset"":0.0380213216499046}",4.4592627
20933482658700,attitude,1169,"{""message_type"":""ATTITUDE"",""time_boot_ms"":120710,""roll"":-0.02496536634862423,""pitch"":-0.07698284834623337,""yaw"":-3.0862584114074707,""rollspeed"":-0.021615751087665558,""pitchspeed"":-0.012532571330666542,""yawspeed"":-0.006952754221856594}",4.4641248
20933482866000,vfr,586,"{""message_type"":""VFR_HUD"",""airspeed"":29.848451614379883,""alt"":190.0800018310547}",4.4643321
20933482960700,range,1145,"{""message_type"":""GLOBAL_VISION_POSITION_ESTIMATE"",""x"":46.94831085205078,""y"":39.34877395629883}",4.4644268
20933483038300,position,586,"{""message_type"":""GLOBAL_POSITION_INT"",""lat"":469519545,""lon"":393489874}",4.4645044
20933497767800,fov,2932,"{""zoom"":12.339999198913574,""hfov"":7.293355464935303,""vfov"":4.106302738189697,""state"":0,""max_aov_h"":90.0,""max_aov_v"":58.71550750732422,""min_aov_h"":1.40625,""min_aov_v"":0.7910428047180176,""max_zoom"":64.0}",4.4792339
20933498338100,gimbal,2932,"{""imu_roll"":0.0,""imu_pitch"":16.167932510375977,""imu_yaw"":-1.288953185081482,""frame_roll"":0.0,""frame_pitch"":16.167932510375977,""frame_yaw"":-1.288953185081482,""pitch_speed"":0.0,""yaw_speed"":0.0}",4.4798042
20933525503300,fov,2933,"{""zoom"":12.339999198913574,""hfov"":7.293355464935303,""vfov"":4.106302738189697,""state"":0,""max_aov_h"":90.0,""max_aov_v"":58.71550750732422,""min_aov_h"":1.40625,""min_aov_v"":0.7910428047180176,""max_zoom"":64.0}",4.5069694
20933526135900,gimbal,2933,"{""imu_roll"":0.0,""imu_pitch"":16.17434310913086,""imu_yaw"":-1.29259192943573,""frame_roll"":0.0,""frame_pitch"":16.17434310913086,""frame_yaw"":-1.29259192943573,""pitch_speed"":0.0,""yaw_speed"":0.0}",4.507602
20933530217500,target_offset,585,"{""x_angle_offset"":-0.03798622637987137,""y_angle_offset"":0.04562558597988552}",4.5116836
20933538291700,attitude,1170,"{""message_type"":""ATTITUDE"",""time_boot_ms"":120770,""roll"":-0.02613828517496586,""pitch"":-0.07768091559410095,""yaw"":-3.08683180809021,""rollspeed"":-0.024689437821507454,""pitchspeed"":-0.012228697538375854,""yawspeed"":-0.00809569749981165}",4.5197578
20933554293500,fov,2934,"{""zoom"":12.339999198913574,""hfov"":7.293355464935303,""vfov"":4.106302738189697,""state"":0,""max_aov_h"":90.0,""max_aov_v"":58.71550750732422,""min_aov_h"":1.40625,""min_aov_v"":0.7910428047180176,""max_zoom"":64.0}",4.5357596
20933554735500,gimbal,2934,"{""imu_roll"":0.0,""imu_pitch"":16.1867733001709,""imu_yaw"":-1.2979133129119873,""frame_roll"":0.0,""frame_pitch"":16.1867733001709,""frame_yaw"":-1.2979133129119873,""pitch_speed"":0.0,""yaw_speed"":0.0}",4.5362016
20933556849900,target_offset,586,"{""x_angle_offset"":-0.04558347165584564,""y_angle_offset"":0.04562558597988552}",4.538316
20933576434400,fov,2935,"{""zoom"":12.339999198913574,""hfov"":7.293355464935303,""vfov"":4.106302738189697,""state"":0,""max_aov_h"":90.0,""max_aov_v"":58.71550750732422,""min_aov_h"":1.40625,""min_aov_v"":0.7910428047180176,""max_zoom"":64.0}",4.5579005
20933576902400,gimbal,2935,"{""imu_roll"":0.0,""imu_pitch"":16.193944931030273,""imu_yaw"":-1.3062727451324463,""frame_roll"":0.0,""frame_pitch"":16.193944931030273,""frame_yaw"":-1.3062727451324463,""pitch_speed"":0.0,""yaw_speed"":0.0}",4.5583685
20933580183300,attitude,1171,"{""message_type"":""ATTITUDE"",""time_boot_ms"":120810,""roll"":-0.026999279856681824,""pitch"":-0.07815685123205185,""yaw"":-3.0872392654418945,""rollspeed"":-0.024552689865231514,""pitchspeed"":-0.012840880081057549,""yawspeed"":-0.008693060837686062}",4.5616494
20933580497700,vfr,587,"{""message_type"":""VFR_HUD"",""airspeed"":30.020666122436523,""alt"":189.58999633789062}",4.5619638
20933580638500,position,587,"{""message_type"":""GLOBAL_POSITION_INT"",""lat"":469518933,""lon"":393489830}",4.5621046
20933604852900,fov,2936,"{""zoom"":12.339999198913574,""hfov"":7.293355464935303,""vfov"":4.106302738189697,""state"":0,""max_aov_h"":90.0,""max_aov_v"":58.71550750732422,""min_aov_h"":1.40625,""min_aov_v"":0.7910428047180176,""max_zoom"":64.0}",4.586319
20933605302800,gimbal,2936,"{""imu_roll"":0.0,""imu_pitch"":16.199508666992188,""imu_yaw"":-1.310685157775879,""frame_roll"":0.0,""frame_pitch"":16.199508666992188,""frame_yaw"":-1.310685157775879,""pitch_speed"":0.0,""yaw_speed"":0.0}",4.5867689
20933610442700,target_offset,587,"{""x_angle_offset"":-0.053180716931819916,""y_angle_offset"":0.04562558597988552}",4.5919088
20933636447500,fov,2937,"{""zoom"":12.339999198913574,""hfov"":7.293355464935303,""vfov"":4.106302738189697,""state"":0,""max_aov_h"":90.0,""max_aov_v"":58.71550750732422,""min_aov_h"":1.40625,""min_aov_v"":0.7910428047180176,""max_zoom"":64.0}",4.6179136
20933636837000,gimbal,2937,"{""imu_roll"":0.0,""imu_pitch"":16.211299896240234,""imu_yaw"":-1.3236829042434692,""frame_roll"":0.0,""frame_pitch"":16.211299896240234,""frame_yaw"":-1.3236829042434692,""pitch_speed"":0.0,""yaw_speed"":0.0}",4.6183031
20933637251600,target_offset,588,"{""x_angle_offset"":-0.053180716931819916,""y_angle_offset"":0.04562558597988552}",4.6187177
20933642875400,range,1146,"{""message_type"":""GLOBAL_VISION_POSITION_ESTIMATE"",""x"":46.9482421875,""y"":39.348777770996094}",4.6243415
20933647140800,range,1147,"{""message_type"":""GLOBAL_VISION_POSITION_ESTIMATE"",""x"":46.9482421875,""y"":39.348777770996094}",4.6286069
20933647294800,attitude,1172,"{""message_type"":""ATTITUDE"",""time_boot_ms"":120870,""roll"":-0.028209784999489784,""pitch"":-0.07895627617835999,""yaw"":-3.087881088256836,""rollspeed"":-0.020310470834374428,""pitchspeed"":-0.015040019527077675,""yawspeed"":-0.009504176676273346}",4.6287609
20933656724900,fov,2938,"{""zoom"":12.339999198913574,""hfov"":7.293355464935303,""vfov"":4.106302738189697,""state"":0,""max_aov_h"":90.0,""max_aov_v"":58.71550750732422,""min_aov_h"":1.40625,""min_aov_v"":0.7910428047180176,""max_zoom"":64.0}",4.638191
20933656997800,gimbal,2938,"{""imu_roll"":0.0,""imu_pitch"":16.217384338378906,""imu_yaw"":-1.3305414915084839,""frame_roll"":0.0,""frame_pitch"":16.217384338378906,""frame_yaw"":-1.3305414915084839,""pitch_speed"":0.0,""yaw_speed"":0.0}",4.6384639
20933684976200,fov,2939,"{""zoom"":12.339999198913574,""hfov"":7.293355464935303,""vfov"":4.106302738189697,""state"":0,""max_aov_h"":90.0,""max_aov_v"":58.71550750732422,""min_aov_h"":1.40625,""min_aov_v"":0.7910428047180176,""max_zoom"":64.0}",4.6664423
20933685358500,gimbal,2939,"{""imu_roll"":0.0,""imu_pitch"":16.2231388092041,""imu_yaw"":-1.3336249589920044,""frame_roll"":0.0,""frame_pitch"":16.2231388092041,""frame_yaw"":-1.3336249589920044,""pitch_speed"":0.0,""yaw_speed"":0.0}",4.6668246
20933688560900,vfr,588,"{""message_type"":""VFR_HUD"",""airspeed"":30.1695556640625,""alt"":189.09999084472656}",4.670027
20933688691100,position,588,"{""message_type"":""GLOBAL_POSITION_INT"",""lat"":469518933,""lon"":393489830}",4.6701572
20933688781000,attitude,1173,"{""message_type"":""ATTITUDE"",""time_boot_ms"":120910,""roll"":-0.02878863923251629,""pitch"":-0.07956596463918686,""yaw"":-3.088327646255493,""rollspeed"":-0.01507980190217495,""pitchspeed"":-0.01652703247964382,""yawspeed"":-0.00984065979719162}",4.6702471
20933689359100,target_offset,589,"{""x_angle_offset"":-0.053180716931819916,""y_angle_offset"":0.0380213216499046}",4.6708252
20933712695700,fov,2940,"{""zoom"":12.339999198913574,""hfov"":7.293355464935303,""vfov"":4.106302738189697,""state"":0,""max_aov_h"":90.0,""max_aov_v"":58.71550750732422,""min_aov_h"":1.40625,""min_aov_v"":0.7910428047180176,""max_zoom"":64.0}",4.6941618
20933713040000,gimbal,2940,"{""imu_roll"":0.0,""imu_pitch"":16.233562469482422,""imu_yaw"":-1.345112681388855,""frame_roll"":0.0,""frame_pitch"":16.233562469482422,""frame_yaw"":-1.345112681388855,""pitch_speed"":0.0,""yaw_speed"":0.0}",4.6945061
20933717357200,target_offset,590,"{""x_angle_offset"":-0.053180716931819916,""y_angle_offset"":0.0380213216499046}",4.6988233
20933739577500,fov,2941,"{""zoom"":12.339999198913574,""hfov"":7.293355464935303,""vfov"":4.106302738189697,""state"":0,""max_aov_h"":90.0,""max_aov_v"":58.71550750732422,""min_aov_h"":1.40625,""min_aov_v"":0.7910428047180176,""max_zoom"":64.0}",4.7210436
20933739985200,gimbal,2941,"{""imu_roll"":0.0,""imu_pitch"":16.240732192993164,""imu_yaw"":-1.3523920774459839,""frame_roll"":0.0,""frame_pitch"":16.240732192993164,""frame_yaw"":-1.3523920774459839,""pitch_speed"":0.0,""yaw_speed"":0.0}",4.7214513
20933746336300,attitude,1174,"{""message_type"":""ATTITUDE"",""time_boot_ms"":120970,""roll"":-0.029149729758501053,""pitch"":-0.08060147613286972,""yaw"":-3.089017868041992,""rollspeed"":-0.004565264098346233,""pitchspeed"":-0.01882094331085682,""yawspeed"":-0.010195119306445122}",4.7278024
20933768615700,fov,2942,"{""zoom"":12.339999198913574,""hfov"":7.293355464935303,""vfov"":4.106302738189697,""state"":0,""max_aov_h"":90.0,""max_aov_v"":58.71550750732422,""min_aov_h"":1.40625,""min_aov_v"":0.7910428047180176,""max_zoom"":64.0}",4.7500818
20933769004200,gimbal,2942,"{""imu_roll"":0.0,""imu_pitch"":16.245487213134766,""imu_yaw"":-1.354570984840393,""frame_roll"":0.0,""frame_pitch"":16.245487213134766,""frame_yaw"":-1.354570984840393,""pitch_speed"":0.0,""yaw_speed"":0.0}",4.7504703
20933772502900,target_offset,591,"{""x_angle_offset"":-0.04558347165584564,""y_angle_offset"":0.0380213216499046}",4.753969
20933787872900,vfr,589,"{""message_type"":""VFR_HUD"",""airspeed"":30.330913543701172,""alt"":188.58999633789062}",4.769339
20933788065800,position,589,"{""message_type"":""GLOBAL_POSITION_INT"",""lat"":469518318,""lon"":393489789}",4.7695319
20933788173400,attitude,1175,"{""message_type"":""ATTITUDE"",""time_boot_ms"":121010,""roll"":-0.029033122584223747,""pitch"":-0.08135788887739182,""yaw"":-3.089492082595825,""rollspeed"":0.0025570907164365053,""pitchspeed"":-0.02006300911307335,""yawspeed"":-0.010393340140581131}",4.7696395
20933794203500,fov,2943,"{""zoom"":12.339999198913574,""hfov"":7.293355464935303,""vfov"":4.106302738189697,""state"":0,""max_aov_h"":90.0,""max_aov_v"":58.71550750732422,""min_aov_h"":1.40625,""min_aov_v"":0.7910428047180176,""max_zoom"":64.0}",4.7756696
20933794574200,gimbal,2943,"{""imu_roll"":0.0,""imu_pitch"":16.2558536529541,""imu_yaw"":-1.3599941730499268,""frame_roll"":0.0,""frame_pitch"":16.2558536529541,""frame_yaw"":-1.3599941730499268,""pitch_speed"":0.0,""yaw_speed"":0.0}",4.7760403
20933796114000,range,1148,"{""message_type"":""GLOBAL_VISION_POSITION_ESTIMATE"",""x"":46.94818115234375,""y"":39.34878158569336}",4.7775801
20933798951300,target_offset,592,"{""x_angle_offset"":-0.03798622637987137,""y_angle_offset"":0.02281279298994276}",4.7804174
20933810267500,range,1149,"{""message_type"":""GLOBAL_VISION_POSITION_ESTIMATE"",""x"":46.94818115234375,""y"":39.34878158569336}",4.7917336
20933819163800,fov,2944,"{""zoom"":12.339999198913574,""hfov"":7.293355464935303,""vfov"":4.106302738189697,""state"":0,""max_aov_h"":90.0,""max_aov_v"":58.71550750732422,""min_aov_h"":1.40625,""min_aov_v"":0.7910428047180176,""max_zoom"":64.0}",4.8006299
20933819542800,gimbal,2944,"{""imu_roll"":0.0,""imu_pitch"":16.25684928894043,""imu_yaw"":-1.363420009613037,""frame_roll"":0.0,""frame_pitch"":16.25684928894043,""frame_yaw"":-1.363420009613037,""pitch_speed"":0.0,""yaw_speed"":0.0}",4.8010089
20933844882300,fov,2945,"{""zoom"":12.339999198913574,""hfov"":7.293355464935303,""vfov"":4.106302738189697,""state"":0,""max_aov_h"":90.0,""max_aov_v"":58.71550750732422,""min_aov_h"":1.40625,""min_aov_v"":0.7910428047180176,""max_zoom"":64.0}",4.8263484
20933845599700,gimbal,2945,"{""imu_roll"":0.0,""imu_pitch"":16.257484436035156,""imu_yaw"":-1.363459587097168,""frame_roll"":0.0,""frame_pitch"":16.257484436035156,""frame_yaw"":-1.363459587097168,""pitch_speed"":0.0,""yaw_speed"":0.0}",4.8270658
20933852994500,target_offset,593,"{""x_angle_offset"":0.0,""y_angle_offset"":0.015208528659961841}",4.8344606
20933858059900,attitude,1176,"{""message_type"":""ATTITUDE"",""time_boot_ms"":121070,""roll"":-0.02844458632171154,""pitch"":-0.08242584764957428,""yaw"":-3.0902116298675537,""rollspeed"":0.012822210788726807,""pitchspeed"":-0.02165902405977249,""yawspeed"":-0.010567648336291313}",4.839526
20933873601000,target_offset,594,"{""x_angle_offset"":0.007597245275974274,""y_angle_offset"":-0.02281279298994276}",4.8550671
20933879647500,fov,2946,"{""zoom"":12.339999198913574,""hfov"":7.293355464935303,""vfov"":4.106302738189697,""state"":0,""max_aov_h"":90.0,""max_aov_v"":58.71550750732422,""min_aov_h"":1.40625,""min_aov_v"":0.7910428047180176,""max_zoom"":64.0}",4.8611136
20933880197300,gimbal,2946,"{""imu_roll"":0.0,""imu_pitch"":16.25823402404785,""imu_yaw"":-1.3594533205032349,""frame_roll"":0.0,""frame_pitch"":16.25823402404785,""frame_yaw"":-1.3594533205032349,""pitch_speed"":0.0,""yaw_speed"":0.0}",4.8616634
20933896102300,fov,2947,"{""zoom"":12.339999198913574,""hfov"":7.293355464935303,""vfov"":4.106302738189697,""state"":0,""max_aov_h"":90.0,""max_aov_v"":58.71550750732422,""min_aov_h"":1.40625,""min_aov_v"":0.7910428047180176,""max_zoom"":64.0}",4.8775684
20933896414200,gimbal,2947,"{""imu_roll"":0.0,""imu_pitch"":16.24911880493164,""imu_yaw"":-1.3534183502197266,""frame_roll"":0.0,""frame_pitch"":16.24911880493164,""frame_yaw"":-1.3534183502197266,""pitch_speed"":0.0,""yaw_speed"":0.0}",4.8778803
20933899897200,attitude,1177,"{""message_type"":""ATTITUDE"",""time_boot_ms"":121110,""roll"":-0.027769118547439575,""pitch"":-0.08317798376083374,""yaw"":-3.0907111167907715,""rollspeed"":0.017762845382094383,""pitchspeed"":-0.022418398410081863,""yawspeed"":-0.010816453024744987}",4.8813633
20933900178300,vfr,590,"{""message_type"":""VFR_HUD"",""airspeed"":30.500713348388672,""alt"":188.08999633789062}",4.8816444
20933900285100,position,590,"{""message_type"":""GLOBAL_POSITION_INT"",""lat"":469518318,""lon"":393489789}",4.8817512
20933924316100,fov,2948,"{""zoom"":12.339999198913574,""hfov"":7.293355464935303,""vfov"":4.106302738189697,""state"":0,""max_aov_h"":90.0,""max_aov_v"":58.71550750732422,""min_aov_h"":1.40625,""min_aov_v"":0.7910428047180176,""max_zoom"":64.0}",4.9057822
20933924870200,gimbal,2948,"{""imu_roll"":0.0,""imu_pitch"":16.23978042602539,""imu_yaw"":-1.3437365293502808,""frame_roll"":0.0,""frame_pitch"":16.23978042602539,""frame_yaw"":-1.3437365293502808,""pitch_speed"":0.0,""yaw_speed"":0.0}",4.9063363
20933928580600,target_offset,595,"{""x_angle_offset"":0.015194490551948547,""y_angle_offset"":-0.015208528659961841}",4.9100467
20933950950400,range,1150,"{""message_type"":""GLOBAL_VISION_POSITION_ESTIMATE"",""x"":46.94818115234375,""y"":39.34879684448242}",4.9324165
20933955692300,fov,2949,"{""zoom"":12.339999198913574,""hfov"":7.293355464935303,""vfov"":4.106302738189697,""state"":0,""max_aov_h"":90.0,""max_aov_v"":58.71550750732422,""min_aov_h"":1.40625,""min_aov_v"":0.7910428047180176,""max_zoom"":64.0}",4.9371584
20933956022600,gimbal,2949,"{""imu_roll"":0.0,""imu_pitch"":16.232398986816406,""imu_yaw"":-1.3312468528747559,""frame_roll"":0.0,""frame_pitch"":16.232398986816406,""frame_yaw"":-1.3312468528747559,""pitch_speed"":0.0,""yaw_speed"":0.0}",4.9374887
20933957347100,target_offset,596,"{""x_angle_offset"":0.06077796220779419,""y_angle_offset"":-0.015208528659961841}",4.9388132
20933962040100,range,1151,"{""message_type"":""GLOBAL_VISION_POSITION_ESTIMATE"",""x"":46.94818115234375,""y"":39.34879684448242}",4.9435062
20933962731100,attitude,1178,"{""message_type"":""ATTITUDE"",""time_boot_ms"":121170,""roll"":-0.026475343853235245,""pitch"":-0.08437901735305786,""yaw"":-3.0914759635925293,""rollspeed"":0.022252188995480537,""pitchspeed"":-0.02399779111146927,""yawspeed"":-0.011082548648118973}",4.9441972
20933978709800,fov,2950,"{""zoom"":12.339999198913574,""hfov"":7.293355464935303,""vfov"":4.106302738189697,""state"":0,""max_aov_h"":90.0,""max_aov_v"":58.71550750732422,""min_aov_h"":1.40625,""min_aov_v"":0.7910428047180176,""max_zoom"":64.0}",4.9601759
20933979062800,gimbal,2950,"{""imu_roll"":0.0,""imu_pitch"":16.22848892211914,""imu_yaw"":-1.3101023435592651,""frame_roll"":0.0,""frame_pitch"":16.22848892211914,""frame_yaw"":-1.3101023435592651,""pitch_speed"":0.0,""yaw_speed"":0.0}",4.9605289
20934000700800,position,591,"{""message_type"":""GLOBAL_POSITION_INT"",""lat"":469518318,""lon"":393489789}",4.9821669
20934001014300,attitude,1179,"{""message_type"":""ATTITUDE"",""time_boot_ms"":121210,""roll"":-0.025594763457775116,""pitch"":-0.085226871073246,""yaw"":-3.0920157432556152,""rollspeed"":0.021351443603634834,""pitchspeed"":-0.024815671145915985,""yawspeed"":-0.01152019202709198}",4.9824804
20934001793800,vfr,591,"{""message_type"":""VFR_HUD"",""airspeed"":30.675933837890625,""alt"":187.5800018310547}",4.9832599
20934003497100,fov,2951,"{""zoom"":12.339999198913574,""hfov"":7.293355464935303,""vfov"":4.106302738189697,""state"":0,""max_aov_h"":90.0,""max_aov_v"":58.71550750732422,""min_aov_h"":1.40625,""min_aov_v"":0.7910428047180176,""max_zoom"":64.0}",4.9849632
20934005403500,gimbal,2951,"{""imu_roll"":0.0,""imu_pitch"":16.225290298461914,""imu_yaw"":-1.289989709854126,""frame_roll"":0.0,""frame_pitch"":16.225290298461914,""frame_yaw"":-1.289989709854126,""pitch_speed"":0.0,""yaw_speed"":0.0}",4.9868696
20934012545300,target_offset,597,"{""x_angle_offset"":0.053180716931819916,""y_angle_offset"":-0.015208528659961841}",4.9940114
20934033614500,fov,2952,"{""zoom"":12.339999198913574,""hfov"":7.293355464935303,""vfov"":4.106302738189697,""state"":0,""max_aov_h"":90.0,""max_aov_v"":58.71550750732422,""min_aov_h"":1.40625,""min_aov_v"":0.7910428047180176,""max_zoom"":64.0}",5.0150806
20934033942900,gimbal,2952,"{""imu_roll"":0.0,""imu_pitch"":16.216203689575195,""imu_yaw"":-1.269057035446167,""frame_roll"":0.0,""frame_pitch"":16.216203689575195,""frame_yaw"":-1.269057035446167,""pitch_speed"":0.0,""yaw_speed"":0.0}",5.015409
20934037592000,target_offset,598,"{""x_angle_offset"":0.06077796220779419,""y_angle_offset"":-0.015208528659961841}",5.0190581
20934056304600,fov,2953,"{""zoom"":12.339999198913574,""hfov"":7.293355464935303,""vfov"":4.106302738189697,""state"":0,""max_aov_h"":90.0,""max_aov_v"":58.71550750732422,""min_aov_h"":1.40625,""min_aov_v"":0.7910428047180176,""max_zoom"":64.0}",5.0377707
20934057799200,gimbal,2953,"{""imu_roll"":0.0,""imu_pitch"":16.21059799194336,""imu_yaw"":-1.2449828386306763,""frame_roll"":0.0,""frame_pitch"":16.21059799194336,""frame_yaw"":-1.2449828386306763,""pitch_speed"":0.0,""yaw_speed"":0.0}",5.0392653
20934065335700,attitude,1180,"{""message_type"":""ATTITUDE"",""time_boot_ms"":121270,""roll"":-0.02453725039958954,""pitch"":-0.0866815373301506,""yaw"":-3.0928640365600586,""rollspeed"":0.015685129910707474,""pitchspeed"":-0.025515034794807434,""yawspeed"":-0.01244905311614275}",5.0468018
20934087383600,fov,2954,"{""zoom"":12.339999198913574,""hfov"":7.293355464935303,""vfov"":4.106302738189697,""state"":0,""max_aov_h"":90.0,""max_aov_v"":58.71550750732422,""min_aov_h"":1.40625,""min_aov_v"":0.7910428047180176,""max_zoom"":64.0}",5.0688497
20934087787900,gimbal,2954,"{""imu_roll"":0.0,""imu_pitch"":16.206178665161133,""imu_yaw"":-1.2222727537155151,""frame_roll"":0.0,""frame_pitch"":16.206178665161133,""frame_yaw"":-1.2222727537155151,""pitch_speed"":0.0,""yaw_speed"":0.0}",5.069254
20934091788800,target_offset,599,"{""x_angle_offset"":0.06837520748376846,""y_angle_offset"":-0.015208528659961841}",5.0732549
20934106005500,range,1152,"{""message_type"":""GLOBAL_VISION_POSITION_ESTIMATE"",""x"":46.94899368286133,""y"":39.34883499145508}",5.0874716
20934112343400,range,1153,"{""message_type"":""GLOBAL_VISION_POSITION_ESTIMATE"",""x"":46.94899368286133,""y"":39.34883499145508}",5.0938095
20934112757000,attitude,1181,"{""message_type"":""ATTITUDE"",""time_boot_ms"":121310,""roll"":-0.024123739451169968,""pitch"":-0.08772731572389603,""yaw"":-3.093468427658081,""rollspeed"":0.009224263951182365,""pitchspeed"":-0.02625236287713051,""yawspeed"":-0.013208454474806786}",5.0942231
20934113301600,vfr,592,"{""message_type"":""VFR_HUD"",""airspeed"":30.826303482055664,""alt"":187.0699920654297}",5.0947677
20934113396500,position,592,"{""message_type"":""GLOBAL_POSITION_INT"",""lat"":469517694,""lon"":393489753}",5.0948626
20934114775600,fov,2955,"{""zoom"":12.339999198913574,""hfov"":7.293355464935303,""vfov"":4.106302738189697,""state"":0,""max_aov_h"":90.0,""max_aov_v"":58.71550750732422,""min_aov_h"":1.40625,""min_aov_v"":0.7910428047180176,""max_zoom"":64.0}",5.0962417
20934115143800,gimbal,2955,"{""imu_roll"":0.0,""imu_pitch"":16.19538116455078,""imu_yaw"":-1.192497968673706,""frame_roll"":0.0,""frame_pitch"":16.19538116455078,""frame_yaw"":-1.192497968673706,""pitch_speed"":0.0,""yaw_speed"":0.0}",5.0966099
20934120773400,target_offset,600,"{""x_angle_offset"":0.06837520748376846,""y_angle_offset"":-0.015208528659961841}",5.1022395
20934138845200,fov,2956,"{""zoom"":12.339999198913574,""hfov"":7.293355464935303,""vfov"":4.106302738189697,""state"":0,""max_aov_h"":90.0,""max_aov_v"":58.71550750732422,""min_aov_h"":1.40625,""min_aov_v"":0.7910428047180176,""max_zoom"":64.0}",5.1203113
20934139298700,gimbal,2956,"{""imu_roll"":0.0,""imu_pitch"":16.19013214111328,""imu_yaw"":-1.1732988357543945,""frame_roll"":0.0,""frame_pitch"":16.19013214111328,""frame_yaw"":-1.1732988357543945,""pitch_speed"":0.0,""yaw_speed"":0.0}",5.1207648
20934165742700,fov,2957,"{""zoom"":12.339999198913574,""hfov"":7.293355464935303,""vfov"":4.106302738189697,""state"":0,""max_aov_h"":90.0,""max_aov_v"":58.71550750732422,""min_aov_h"":1.40625,""min_aov_v"":0.7910428047180176,""max_zoom"":64.0}",5.1472088
20934166312200,gimbal,2957,"{""imu_roll"":0.0,""imu_pitch"":16.18524932861328,""imu_yaw"":-1.1510320901870728,""frame_roll"":0.0,""frame_pitch"":16.18524932861328,""frame_yaw"":-1.1510320901870728,""pitch_speed"":0.0,""yaw_speed"":0.0}",5.1477783
20934168492400,target_offset,601,"{""x_angle_offset"":0.06077796220779419,""y_angle_offset"":-0.015208528659961841}",5.1499585
20934176646600,attitude,1182,"{""message_type"":""ATTITUDE"",""time_boot_ms"":121370,""roll"":-0.02405461110174656,""pitch"":-0.08933587372303009,""yaw"":-3.0944316387176514,""rollspeed"":-0.0018700670916587114,""pitchspeed"":-0.026866016909480095,""yawspeed"":-0.01460867840796709}",5.1581127
20934194225800,fov,2958,"{""zoom"":12.339999198913574,""hfov"":7.293355464935303,""vfov"":4.106302738189697,""state"":0,""max_aov_h"":90.0,""max_aov_v"":58.71550750732422,""min_aov_h"":1.40625,""min_aov_v"":0.7910428047180176,""max_zoom"":64.0}",5.1756919
20934194556800,gimbal,2958,"{""imu_roll"":0.0,""imu_pitch"":16.175140380859375,""imu_yaw"":-1.1243112087249756,""frame_roll"":0.0,""frame_pitch"":16.175140380859375,""frame_yaw"":-1.1243112087249756,""pitch_speed"":0.0,""yaw_speed"":0.0}",5.1760229
20934198969800,target_offset,602,"{""x_angle_offset"":0.053180716931819916,""y_angle_offset"":-0.015208528659961841}",5.1804359
20934216502300,fov,2959,"{""zoom"":12.339999198913574,""hfov"":7.293355464935303,""vfov"":4.106302738189697,""state"":0,""max_aov_h"":90.0,""max_aov_v"":58.71550750732422,""min_aov_h"":1.40625,""min_aov_v"":0.7910428047180176,""max_zoom"":64.0}",5.1979684
20934217103000,gimbal,2959,"{""imu_roll"":0.0,""imu_pitch"":16.16916275024414,""imu_yaw"":-1.1039495468139648,""frame_roll"":0.0,""frame_pitch"":16.16916275024414,""frame_yaw"":-1.1039495468139648,""pitch_speed"":0.0,""yaw_speed"":0.0}",5.1985691
20934218247900,position,593,"{""message_type"":""GLOBAL_POSITION_INT"",""lat"":469517694,""lon"":393489753}",5.199714
20934218398800,attitude,1183,"{""message_type"":""ATTITUDE"",""time_boot_ms"":121410,""roll"":-0.024356288835406303,""pitch"":-0.09042498469352722,""yaw"":-3.0951156616210938,""rollspeed"":-0.00885729305446148,""pitchspeed"":-0.027164626866579056,""yawspeed"":-0.015583517961204052}",5.1998649
20934218607200,vfr,593,"{""message_type"":""VFR_HUD"",""airspeed"":30.987693786621094,""alt"":186.5399932861328}",5.2000733
20934244781700,fov,2960,"{""zoom"":12.339999198913574,""hfov"":7.293355464935303,""vfov"":4.106302738189697,""state"":0,""max_aov_h"":90.0,""max_aov_v"":58.71550750732422,""min_aov_h"":1.40625,""min_aov_v"":0.7910428047180176,""max_zoom"":64.0}",5.2262478
20934245126000,gimbal,2960,"{""imu_roll"":0.0,""imu_pitch"":16.163955688476562,""imu_yaw"":-1.08002769947052,""frame_roll"":0.0,""frame_pitch"":16.163955688476562,""frame_yaw"":-1.08002769947052,""pitch_speed"":0.0,""yaw_speed"":0.0}",5.2265921
20934248597000,target_offset,603,"{""x_angle_offset"":0.04558347165584564,""y_angle_offset"":-0.015208528659961841}",5.2300631
20934273878900,fov,2961,"{""zoom"":12.339999198913574,""hfov"":7.293355464935303,""vfov"":4.106302738189697,""state"":0,""max_aov_h"":90.0,""max_aov_v"":58.71550750732422,""min_aov_h"":1.40625,""min_aov_v"":0.7910428047180176,""max_zoom"":64.0}",5.255345
20934274237700,gimbal,2961,"{""imu_roll"":0.0,""imu_pitch"":16.153636932373047,""imu_yaw"":-1.0607595443725586,""frame_roll"":0.0,""frame_pitch"":16.153636932373047,""frame_yaw"":-1.0607595443725586,""pitch_speed"":0.0,""yaw_speed"":0.0}",5.2557038
20934277580800,range,1154,"{""message_type"":""GLOBAL_VISION_POSITION_ESTIMATE"",""x"":46.948936462402344,""y"":39.34882736206055}",5.2590469
20934280187700,target_offset,604,"{""x_angle_offset"":0.0,""y_angle_offset"":-0.02281279298994276}",5.2616538
20934284617700,range,1155,"{""message_type"":""GLOBAL_VISION_POSITION_ESTIMATE"",""x"":46.948936462402344,""y"":39.34882736206055}",5.2660838
20934285214000,attitude,1184,"{""message_type"":""ATTITUDE"",""time_boot_ms"":121470,""roll"":-0.025312097743153572,""pitch"":-0.0923345610499382,""yaw"":-3.096193313598633,""rollspeed"":-0.01736409030854702,""pitchspeed"":-0.026881612837314606,""yawspeed"":-0.016956087201833725}",5.2666801
20934299706700,fov,2962,"{""zoom"":12.339999198913574,""hfov"":7.293355464935303,""vfov"":4.106302738189697,""state"":0,""max_aov_h"":90.0,""max_aov_v"":58.71550750732422,""min_aov_h"":1.40625,""min_aov_v"":0.7910428047180176,""max_zoom"":64.0}",5.2811728
20934300096200,gimbal,2962,"{""imu_roll"":0.0,""imu_pitch"":16.14698600769043,""imu_yaw"":-1.0538393259048462,""frame_roll"":0.0,""frame_pitch"":16.14698600769043,""frame_yaw"":-1.0538393259048462,""pitch_speed"":0.0,""yaw_speed"":0.0}",5.2815623
20934316533100,position,594,"{""message_type"":""GLOBAL_POSITION_INT"",""lat"":469517052,""lon"":393489720}",5.2979992
20934316857500,attitude,1185,"{""message_type"":""ATTITUDE"",""time_boot_ms"":121510,""roll"":-0.026235431432724,""pitch"":-0.09397877007722855,""yaw"":-3.096935272216797,""rollspeed"":-0.02098303847014904,""pitchspeed"":-0.026894720271229744,""yawspeed"":-0.01774057000875473}",5.2983236
20934317284000,vfr,594,"{""message_type"":""VFR_HUD"",""airspeed"":31.15610122680664,""alt"":186.00999450683594}",5.2987501
20934326637700,fov,2963,"{""zoom"":12.339999198913574,""hfov"":7.293355464935303,""vfov"":4.106302738189697,""state"":0,""max_aov_h"":90.0,""max_aov_v"":58.71550750732422,""min_aov_h"":1.40625,""min_aov_v"":0.7910428047180176,""max_zoom"":64.0}",5.3081038
20934327036700,gimbal,2963,"{""imu_roll"":0.0,""imu_pitch"":16.141916275024414,""imu_yaw"":-1.0428824424743652,""frame_roll"":0.0,""frame_pitch"":16.141916275024414,""frame_yaw"":-1.0428824424743652,""pitch_speed"":0.0,""yaw_speed"":0.0}",5.3085028
20934332623800,target_offset,605,"{""x_angle_offset"":0.0,""y_angle_offset"":-0.030417057319923682}",5.3140899
20934357259100,fov,2964,"{""zoom"":12.339999198913574,""hfov"":7.293355464935303,""vfov"":4.106302738189697,""state"":0,""max_aov_h"":90.0,""max_aov_v"":58.71550750732422,""min_aov_h"":1.40625,""min_aov_v"":0.7910428047180176,""max_zoom"":64.0}",5.3387252
20934357888500,gimbal,2964,"{""imu_roll"":0.0,""imu_pitch"":16.13086700439453,""imu_yaw"":-1.0323320627212524,""frame_roll"":0.0,""frame_pitch"":16.13086700439453,""frame_yaw"":-1.0323320627212524,""pitch_speed"":0.0,""yaw_speed"":0.0}",5.3393546
20934360150600,target_offset,606,"{""x_angle_offset"":0.0,""y_angle_offset"":-0.030417057319923682}",5.3416167
20934386209100,attitude,1186,"{""message_type"":""ATTITUDE"",""time_boot_ms"":121570,""roll"":-0.027730852365493774,""pitch"":-0.0964227244257927,""yaw"":-3.098083734512329,""rollspeed"":-0.022282151505351067,""pitchspeed"":-0.02625683881342411,""yawspeed"":-0.018701031804084778}",5.3676752
20934387774400,fov,2965,"{""zoom"":12.339999198913574,""hfov"":7.293355464935303,""vfov"":4.106302738189697,""state"":0,""max_aov_h"":90.0,""max_aov_v"":58.71550750732422,""min_aov_h"":1.40625,""min_aov_v"":0.7910428047180176,""max_zoom"":64.0}",5.3692405
20934388732400,gimbal,2965,"{""imu_roll"":0.0,""imu_pitch"":16.11642837524414,""imu_yaw"":-1.017336130142212,""frame_roll"":0.0,""frame_pitch"":16.11642837524414,""frame_yaw"":-1.017336130142212,""pitch_speed"":0.0,""yaw_speed"":0.0}",5.3701985
20934429870800,target_offset,607,"{""x_angle_offset"":-0.007597245275974274,""y_angle_offset"":-0.0380213216499046}",5.4113369
20934435676900,range,1156,"{""message_type"":""GLOBAL_VISION_POSITION_ESTIMATE"",""x"":46.94887161254883,""y"":39.34882736206055}",5.417143
20934436092900,attitude,1187,"{""message_type"":""ATTITUDE"",""time_boot_ms"":121610,""roll"":-0.028697766363620758,""pitch"":-0.09801623225212097,""yaw"":-3.098864793777466,""rollspeed"":-0.020980972796678543,""pitchspeed"":-0.02525968849658966,""yawspeed"":-0.019140899181365967}",5.417559
20934436404500,vfr,595,"{""message_type"":""VFR_HUD"",""airspeed"":31.329179763793945,""alt"":185.47000122070312}",5.4178706
20934436517100,position,595,"{""message_type"":""GLOBAL_POSITION_INT"",""lat"":469517052,""lon"":393489720}",5.4179832
20934437050600,fov,2966,"{""zoom"":12.339999198913574,""hfov"":7.293355464935303,""vfov"":4.106302738189697,""state"":0,""max_aov_h"":90.0,""max_aov_v"":58.71550750732422,""min_aov_h"":1.40625,""min_aov_v"":0.7910428047180176,""max_zoom"":64.0}",5.4185167
20934437293400,gimbal,2966,"{""imu_roll"":0.0,""imu_pitch"":16.1032772064209,""imu_yaw"":-0.9915062189102173,""frame_roll"":0.0,""frame_pitch"":16.1032772064209,""frame_yaw"":-0.9915062189102173,""pitch_speed"":0.0,""yaw_speed"":0.0}",5.4187595
20934458942000,range,1157,"{""message_type"":""GLOBAL_VISION_POSITION_ESTIMATE"",""x"":46.94887161254883,""y"":39.34882736206055}",5.4404081
20934459569400,target_offset,608,"{""x_angle_offset"":-0.007597245275974274,""y_angle_offset"":-0.0380213216499046}",5.4410355
20934468149300,fov,2967,"{""zoom"":12.339999198913574,""hfov"":7.293355464935303,""vfov"":4.106302738189697,""state"":0,""max_aov_h"":90.0,""max_aov_v"":58.71550750732422,""min_aov_h"":1.40625,""min_aov_v"":0.7910428047180176,""max_zoom"":64.0}",5.4496154
20934468473500,gimbal,2967,"{""imu_roll"":0.0,""imu_pitch"":16.0894832611084,""imu_yaw"":-0.9893009662628174,""frame_roll"":0.0,""frame_pitch"":16.0894832611084,""frame_yaw"":-0.9893009662628174,""pitch_speed"":0.0,""yaw_speed"":0.0}",5.4499396
20934489218900,fov,2968,"{""zoom"":12.339999198913574,""hfov"":7.293355464935303,""vfov"":4.106302738189697,""state"":0,""max_aov_h"":90.0,""max_aov_v"":58.71550750732422,""min_aov_h"":1.40625,""min_aov_v"":0.7910428047180176,""max_zoom"":64.0}",5.470685
20934491413300,gimbal,2968,"{""imu_roll"":0.0,""imu_pitch"":16.081735610961914,""imu_yaw"":-0.9824687838554382,""frame_roll"":0.0,""frame_pitch"":16.081735610961914,""frame_yaw"":-0.9824687838554382,""pitch_speed"":0.0,""yaw_speed"":0.0}",5.4728794
20934494047200,target_offset,609,"{""x_angle_offset"":-0.007597245275974274,""y_angle_offset"":-0.0380213216499046}",5.4755133
20934502127200,attitude,1188,"{""message_type"":""ATTITUDE"",""time_boot_ms"":121670,""roll"":-0.02990918606519699,""pitch"":-0.10030423104763031,""yaw"":-3.1000521183013916,""rollspeed"":-0.015729686245322227,""pitchspeed"":-0.023202043026685715,""yawspeed"":-0.019495990127325058}",5.4835933
20934515818200,fov,2969,"{""zoom"":12.339999198913574,""hfov"":7.293355464935303,""vfov"":4.106302738189697,""state"":0,""max_aov_h"":90.0,""max_aov_v"":58.71550750732422,""min_aov_h"":1.40625,""min_aov_v"":0.7910428047180176,""max_zoom"":64.0}",5.4972843
20934517135200,gimbal,2969,"{""imu_roll"":0.0,""imu_pitch"":16.070377349853516,""imu_yaw"":-0.9776886105537415,""frame_roll"":0.0,""frame_pitch"":16.070377349853516,""frame_yaw"":-0.9776886105537415,""pitch_speed"":0.0,""yaw_speed"":0.0}",5.4986013
20934525881900,target_offset,610,"{""x_angle_offset"":-0.015194490551948547,""y_angle_offset"":-0.0380213216499046}",5.507348
20934545458300,fov,2970,"{""zoom"":12.339999198913574,""hfov"":7.293355464935303,""vfov"":4.106302738189697,""state"":0,""max_aov_h"":90.0,""max_aov_v"":58.71550750732422,""min_aov_h"":1.40625,""min_aov_v"":0.7910428047180176,""max_zoom"":64.0}",5.5269244
20934545887100,gimbal,2970,"{""imu_roll"":0.0,""imu_pitch"":16.05561065673828,""imu_yaw"":-0.9733821153640747,""frame_roll"":0.0,""frame_pitch"":16.05561065673828,""frame_yaw"":-0.9733821153640747,""pitch_speed"":0.0,""yaw_speed"":0.0}",5.5273532
20934547008900,position,596,"{""message_type"":""GLOBAL_POSITION_INT"",""lat"":469516415,""lon"":393489693}",5.528475
20934547187000,attitude,1189,"{""message_type"":""ATTITUDE"",""time_boot_ms"":121710,""roll"":-0.030586881563067436,""pitch"":-0.10113418102264404,""yaw"":-3.1008377075195312,""rollspeed"":-0.010116389021277428,""pitchspeed"":-0.021202705800533295,""yawspeed"":-0.019557856023311615}",5.5286531
20934547522200,vfr,596,"{""message_type"":""VFR_HUD"",""airspeed"":31.477489471435547,""alt"":184.9199981689453}",5.5289883
20934574920600,target_offset,611,"{""x_angle_offset"":-0.007597245275974274,""y_angle_offset"":-0.0380213216499046}",5.5563867
20934582939500,fov,2971,"{""zoom"":12.339999198913574,""hfov"":7.293355464935303,""vfov"":4.106302738189697,""state"":0,""max_aov_h"":90.0,""max_aov_v"":58.71550750732422,""min_aov_h"":1.40625,""min_aov_v"":0.7910428047180176,""max_zoom"":64.0}",5.5644056
20934583165200,gimbal,2971,"{""imu_roll"":0.0,""imu_pitch"":16.044466018676758,""imu_yaw"":-0.9616256356239319,""frame_roll"":0.0,""frame_pitch"":16.044466018676758,""frame_yaw"":-0.9616256356239319,""pitch_speed"":0.0,""yaw_speed"":0.0}",5.5646313
20934589482100,range,1158,"{""message_type"":""GLOBAL_VISION_POSITION_ESTIMATE"",""x"":46.94880676269531,""y"":39.34883117675781}",5.5709482
20934602967400,fov,2972,"{""zoom"":12.339999198913574,""hfov"":7.293355464935303,""vfov"":4.106302738189697,""state"":0,""max_aov_h"":90.0,""max_aov_v"":58.71550750732422,""min_aov_h"":1.40625,""min_aov_v"":0.7910428047180176,""max_zoom"":64.0}",5.5844335
20934603643000,gimbal,2972,"{""imu_roll"":0.0,""imu_pitch"":16.03004264831543,""imu_yaw"":-0.9560969471931458,""frame_roll"":0.0,""frame_pitch"":16.03004264831543,""frame_yaw"":-0.9560969471931458,""pitch_speed"":0.0,""yaw_speed"":0.0}",5.5851091
20934610654700,target_offset,612,"{""x_angle_offset"":0.0,""y_angle_offset"":-0.030417057319923682}",5.5921208
20934615968900,range,1159,"{""message_type"":""GLOBAL_VISION_POSITION_ESTIMATE"",""x"":46.94880676269531,""y"":39.34883117675781}",5.597435
20934616099700,attitude,1190,"{""message_type"":""ATTITUDE"",""time_boot_ms"":121770,""roll"":-0.03111885115504265,""pitch"":-0.1022711843252182,""yaw"":-3.102008581161499,""rollspeed"":-0.0002190092345699668,""pitchspeed"":-0.019474133849143982,""yawspeed"":-0.019321812316775322}",5.5975658
20934636508200,fov,2973,"{""zoom"":12.339999198913574,""hfov"":7.293355464935303,""vfov"":4.106302738189697,""state"":0,""max_aov_h"":90.0,""max_aov_v"":58.71550750732422,""min_aov_h"":1.40625,""min_aov_v"":0.7910428047180176,""max_zoom"":64.0}",5.6179743
20934637153900,gimbal,2973,"{""imu_roll"":0.0,""imu_pitch"":16.019309997558594,""imu_yaw"":-0.9436332583427429,""frame_roll"":0.0,""frame_pitch"":16.019309997558594,""frame_yaw"":-0.9436332583427429,""pitch_speed"":0.0,""yaw_speed"":0.0}",5.61862
20934638288900,target_offset,613,"{""x_angle_offset"":0.007597245275974274,""y_angle_offset"":-0.015208528659961841}",5.619755
20934649942200,attitude,1191,"{""message_type"":""ATTITUDE"",""time_boot_ms"":121810,""roll"":-0.031122645363211632,""pitch"":-0.1030077412724495,""yaw"":-3.1027798652648926,""rollspeed"":0.007026366889476776,""pitchspeed"":-0.019401825964450836,""yawspeed"":-0.019038882106542587}",5.6314083
20934650203900,vfr,597,"{""message_type"":""VFR_HUD"",""airspeed"":31.63629722595215,""alt"":184.36000061035156}",5.63167
20934650317200,position,597,"{""message_type"":""GLOBAL_POSITION_INT"",""lat"":469516415,""lon"":393489693}",5.6317833
20934658734800,fov,2974,"{""zoom"":12.339999198913574,""hfov"":7.293355464935303,""vfov"":4.106302738189697,""state"":0,""max_aov_h"":90.0,""max_aov_v"":58.71550750732422,""min_aov_h"":1.40625,""min_aov_v"":0.7910428047180176,""max_zoom"":64.0}",5.6402009
20934659117500,gimbal,2974,"{""imu_roll"":0.0,""imu_pitch"":16.013769149780273,""imu_yaw"":-0.9336952567100525,""frame_roll"":0.0,""frame_pitch"":16.013769149780273,""frame_yaw"":-0.9336952567100525,""pitch_speed"":0.0,""yaw_speed"":0.0}",5.6405836
20934685542500,fov,2975,"{""zoom"":12.339999198913574,""hfov"":7.293355464935303,""vfov"":4.106302738189697,""state"":0,""max_aov_h"":90.0,""max_aov_v"":58.71550750732422,""min_aov_h"":1.40625,""min_aov_v"":0.7910428047180176,""max_zoom"":64.0}",5.6670086
20934685989900,gimbal,2975,"{""imu_roll"":0.0,""imu_pitch"":16.009706497192383,""imu_yaw"":-0.921150267124176,""frame_roll"":0.0,""frame_pitch"":16.009706497192383,""frame_yaw"":-0.921150267124176,""pitch_speed"":0.0,""yaw_speed"":0.0}",5.667456
20934693738800,target_offset,614,"{""x_angle_offset"":0.02279173582792282,""y_angle_offset"":-0.0076042643299809205}",5.6752049
20934710836900,fov,2976,"{""zoom"":12.339999198913574,""hfov"":7.293355464935303,""vfov"":4.106302738189697,""state"":0,""max_aov_h"":90.0,""max_aov_v"":58.71550750732422,""min_aov_h"":1.40625,""min_aov_v"":0.7910428047180176,""max_zoom"":64.0}",5.692303
20934711197900,gimbal,2976,"{""imu_roll"":0.0,""imu_pitch"":16.006059646606445,""imu_yaw"":-0.905602216720581,""frame_roll"":0.0,""frame_pitch"":16.006059646606445,""frame_yaw"":-0.905602216720581,""pitch_speed"":0.0,""yaw_speed"":0.0}",5.692664
20934717045900,target_offset,615,"{""x_angle_offset"":0.06837520748376846,""y_angle_offset"":0.0380213216499046}",5.698512
20934721227400,attitude,1192,"{""message_type"":""ATTITUDE"",""time_boot_ms"":121870,""roll"":-0.030630122870206833,""pitch"":-0.10413036495447159,""yaw"":-3.1039113998413086,""rollspeed"":0.016743279993534088,""pitchspeed"":-0.020040959119796753,""yawspeed"":-0.018475571647286415}",5.7026935
20934733246000,fov,2977,"{""zoom"":12.339999198913574,""hfov"":7.293355464935303,""vfov"":4.106302738189697,""state"":0,""max_aov_h"":90.0,""max_aov_v"":58.71550750732422,""min_aov_h"":1.40625,""min_aov_v"":0.7910428047180176,""max_zoom"":64.0}",5.7147121
20934733693300,gimbal,2977,"{""imu_roll"":0.0,""imu_pitch"":16.01462173461914,""imu_yaw"":-0.8816298842430115,""frame_roll"":0.0,""frame_pitch"":16.01462173461914,""frame_yaw"":-0.8816298842430115,""pitch_speed"":0.0,""yaw_speed"":0.0}",5.7151594
20934744987400,range,1160,"{""message_type"":""GLOBAL_VISION_POSITION_ESTIMATE"",""x"":46.94880676269531,""y"":39.34883499145508}",5.7264535
20934757692200,range,1161,"{""message_type"":""GLOBAL_VISION_POSITION_ESTIMATE"",""x"":46.94880676269531,""y"":39.34883499145508}",5.7391583
20934758127200,attitude,1193,"{""message_type"":""ATTITUDE"",""time_boot_ms"":121910,""roll"":-0.02999807707965374,""pitch"":-0.10491200536489487,""yaw"":-3.104656219482422,""rollspeed"":0.021606840193271637,""pitchspeed"":-0.020931363105773926,""yawspeed"":-0.018113598227500916}",5.7395933
20934758742600,vfr,598,"{""message_type"":""VFR_HUD"",""airspeed"":31.801891326904297,""alt"":183.8000030517578}",5.7402087
20934758873100,position,598,"{""message_type"":""GLOBAL_POSITION_INT"",""lat"":469515770,""lon"":393489670}",5.7403392
20934761434900,fov,2978,"{""zoom"":12.339999198913574,""hfov"":7.293355464935303,""vfov"":4.106302738189697,""state"":0,""max_aov_h"":90.0,""max_aov_v"":58.71550750732422,""min_aov_h"":1.40625,""min_aov_v"":0.7910428047180176,""max_zoom"":64.0}",5.742901
20934761881400,gimbal,2978,"{""imu_roll"":0.0,""imu_pitch"":16.020566940307617,""imu_yaw"":-0.859859824180603,""frame_roll"":0.0,""frame_pitch"":16.020566940307617,""frame_yaw"":-0.859859824180603,""pitch_speed"":0.0,""yaw_speed"":0.0}",5.7433475
20934767627600,target_offset,616,"{""x_angle_offset"":0.06837520748376846,""y_angle_offset"":0.0380213216499046}",5.7490937
20934790265800,target_offset,617,"{""x_angle_offset"":0.07597245275974274,""y_angle_offset"":0.04562558597988552}",5.7717319
20934796931500,fov,2979,"{""zoom"":12.339999198913574,""hfov"":7.293355464935303,""vfov"":4.106302738189697,""state"":0,""max_aov_h"":90.0,""max_aov_v"":58.71550750732422,""min_aov_h"":1.40625,""min_aov_v"":0.7910428047180176,""max_zoom"":64.0}",5.7783976
20934797261500,gimbal,2979,"{""imu_roll"":0.0,""imu_pitch"":16.02711296081543,""imu_yaw"":-0.828003466129303,""frame_roll"":0.0,""frame_pitch"":16.02711296081543,""frame_yaw"":-0.828003466129303,""pitch_speed"":0.0,""yaw_speed"":0.0}",5.7787276
20934812252900,fov,2980,"{""zoom"":12.339999198913574,""hfov"":7.293355464935303,""vfov"":4.106302738189697,""state"":0,""max_aov_h"":90.0,""max_aov_v"":58.71550750732422,""min_aov_h"":1.40625,""min_aov_v"":0.7910428047180176,""max_zoom"":64.0}",5.793719
20934814141100,gimbal,2980,"{""imu_roll"":0.0,""imu_pitch"":16.03453826904297,""imu_yaw"":-0.8118272423744202,""frame_roll"":0.0,""frame_pitch"":16.03453826904297,""frame_yaw"":-0.8118272423744202,""pitch_speed"":0.0,""yaw_speed"":0.0}",5.7956072
20934819996600,attitude,1194,"{""message_type"":""ATTITUDE"",""time_boot_ms"":121970,""roll"":-0.028799841180443764,""pitch"":-0.10614768415689468,""yaw"":-3.105752468109131,""rollspeed"":0.024163372814655304,""pitchspeed"":-0.0225446168333292,""yawspeed"":-0.0176374651491642}",5.8014627
20934839107300,fov,2981,"{""zoom"":12.339999198913574,""hfov"":7.293355464935303,""vfov"":4.106302738189697,""state"":0,""max_aov_h"":90.0,""max_aov_v"":58.71550750732422,""min_aov_h"":1.40625,""min_aov_v"":0.7910428047180176,""max_zoom"":64.0}",5.8205734
20934839701900,gimbal,2981,"{""imu_roll"":0.0,""imu_pitch"":16.04195213317871,""imu_yaw"":-0.7894011735916138,""frame_roll"":0.0,""frame_pitch"":16.04195213317871,""frame_yaw"":-0.7894011735916138,""pitch_speed"":0.0,""yaw_speed"":0.0}",5.821168
20934845152300,target_offset,618,"{""x_angle_offset"":0.08356969803571701,""y_angle_offset"":0.04562558597988552}",5.8266184
20934857428800,vfr,599,"{""message_type"":""VFR_HUD"",""airspeed"":31.971797943115234,""alt"":183.22000122070312}",5.8388949
20934857576500,position,599,"{""message_type"":""GLOBAL_POSITION_INT"",""lat"":469515770,""lon"":393489670}",5.8390426
20934857688600,attitude,1195,"{""message_type"":""ATTITUDE"",""time_boot_ms"":122010,""roll"":-0.02801998145878315,""pitch"":-0.10703863948583603,""yaw"":-3.1064743995666504,""rollspeed"":0.023108232766389847,""pitchspeed"":-0.024115795269608498,""yawspeed"":-0.017387431114912033}",5.8391547
20934869161300,fov,2982,"{""zoom"":12.339999198913574,""hfov"":7.293355464935303,""vfov"":4.106302738189697,""state"":0,""max_aov_h"":90.0,""max_aov_v"":58.71550750732422,""min_aov_h"":1.40625,""min_aov_v"":0.7910428047180176,""max_zoom"":64.0}",5.8506274
20934869774500,gimbal,2982,"{""imu_roll"":0.0,""imu_pitch"":16.053552627563477,""imu_yaw"":-0.7592333555221558,""frame_roll"":0.0,""frame_pitch"":16.053552627563477,""frame_yaw"":-0.7592333555221558,""pitch_speed"":0.0,""yaw_speed"":0.0}",5.8512406
20934875230900,target_offset,619,"{""x_angle_offset"":0.09116694331169128,""y_angle_offset"":0.0380213216499046}",5.856697
20934893579000,fov,2983,"{""zoom"":12.339999198913574,""hfov"":7.293355464935303,""vfov"":4.106302738189697,""state"":0,""max_aov_h"":90.0,""max_aov_v"":58.71550750732422,""min_aov_h"":1.40625,""min_aov_v"":0.7910428047180176,""max_zoom"":64.0}",5.8750451
20934893974400,gimbal,2983,"{""imu_roll"":0.0,""imu_pitch"":16.061843872070312,""imu_yaw"":-0.7257304787635803,""frame_roll"":0.0,""frame_pitch"":16.061843872070312,""frame_yaw"":-0.7257304787635803,""pitch_speed"":0.0,""yaw_speed"":0.0}",5.8754405
20934917353100,range,1162,"{""message_type"":""GLOBAL_VISION_POSITION_ESTIMATE"",""x"":46.9487419128418,""y"":39.34883499145508}",5.8988192
20934918348700,fov,2984,"{""zoom"":12.339999198913574,""hfov"":7.293355464935303,""vfov"":4.106302738189697,""state"":0,""max_aov_h"":90.0,""max_aov_v"":58.71550750732422,""min_aov_h"":1.40625,""min_aov_v"":0.7910428047180176,""max_zoom"":64.0}",5.8998148
20934918992900,gimbal,2984,"{""imu_roll"":0.0,""imu_pitch"":16.067201614379883,""imu_yaw"":-0.6990725994110107,""frame_roll"":0.0,""frame_pitch"":16.067201614379883,""frame_yaw"":-0.6990725994110107,""pitch_speed"":0.0,""yaw_speed"":0.0}",5.900459
20934922063900,range,1163,"{""message_type"":""GLOBAL_VISION_POSITION_ESTIMATE"",""x"":46.9487419128418,""y"":39.34883499145508}",5.90353
20934922255200,attitude,1196,"{""message_type"":""ATTITUDE"",""time_boot_ms"":122070,""roll"":-0.02703133411705494,""pitch"":-0.10848429054021835,""yaw"":-3.10754132270813,""rollspeed"":0.01887558214366436,""pitchspeed"":-0.02602948248386383,""yawspeed"":-0.017245229333639145}",5.9037213
20934927024800,target_offset,620,"{""x_angle_offset"":0.09876418858766556,""y_angle_offset"":0.0380213216499046}",5.9084909
20934951376500,fov,2985,"{""zoom"":12.339999198913574,""hfov"":7.293355464935303,""vfov"":4.106302738189697,""state"":0,""max_aov_h"":90.0,""max_aov_v"":58.71550750732422,""min_aov_h"":1.40625,""min_aov_v"":0.7910428047180176,""max_zoom"":64.0}",5.9328426
20934951905900,gimbal,2985,"{""imu_roll"":0.0,""imu_pitch"":16.072402954101562,""imu_yaw"":-0.6592313051223755,""frame_roll"":0.0,""frame_pitch"":16.072402954101562,""frame_yaw"":-0.6592313051223755,""pitch_speed"":0.0,""yaw_speed"":0.0}",5.933372
20934952744500,target_offset,621,"{""x_angle_offset"":0.10636143386363983,""y_angle_offset"":-0.0076042643299809205}",5.9342106
20934961020700,attitude,1197,"{""message_type"":""ATTITUDE"",""time_boot_ms"":122110,""roll"":-0.026583654806017876,""pitch"":-0.10951276868581772,""yaw"":-3.108248233795166,""rollspeed"":0.013979964889585972,""pitchspeed"":-0.027519147843122482,""yawspeed"":-0.017212098464369774}",5.9424868
20934961354700,vfr,600,"{""message_type"":""VFR_HUD"",""airspeed"":32.11737060546875,""alt"":182.63999938964844}",5.9428208
20934961481600,position,600,"{""message_type"":""GLOBAL_POSITION_INT"",""lat"":469515120,""lon"":393489649}",5.9429477
20934972825800,fov,2986,"{""zoom"":12.339999198913574,""hfov"":7.293355464935303,""vfov"":4.106302738189697,""state"":0,""max_aov_h"":90.0,""max_aov_v"":58.71550750732422,""min_aov_h"":1.40625,""min_aov_v"":0.7910428047180176,""max_zoom"":64.0}",5.9542919
20934973117300,gimbal,2986,"{""imu_roll"":0.0,""imu_pitch"":16.06989860534668,""imu_yaw"":-0.6272494196891785,""frame_roll"":0.0,""frame_pitch"":16.06989860534668,""frame_yaw"":-0.6272494196891785,""pitch_speed"":0.0,""yaw_speed"":0.0}",5.9545834
20934998520300,fov,2987,"{""zoom"":12.339999198913574,""hfov"":7.293355464935303,""vfov"":4.106302738189697,""state"":0,""max_aov_h"":90.0,""max_aov_v"":58.71550750732422,""min_aov_h"":1.40625,""min_aov_v"":0.7910428047180176,""max_zoom"":64.0}",5.9799864
20934999196500,gimbal,2987,"{""imu_roll"":0.0,""imu_pitch"":16.067989349365234,""imu_yaw"":-0.5988360643386841,""frame_roll"":0.0,""frame_pitch"":16.067989349365234,""frame_yaw"":-0.5988360643386841,""pitch_speed"":0.0,""yaw_speed"":0.0}",5.9806626
20935011277900,target_offset,622,"{""x_angle_offset"":0.1139586791396141,""y_angle_offset"":-0.0076042643299809205}",5.992744
20935030951300,fov,2988,"{""zoom"":12.339999198913574,""hfov"":7.293355464935303,""vfov"":4.106302738189697,""state"":0,""max_aov_h"":90.0,""max_aov_v"":58.71550750732422,""min_aov_h"":1.40625,""min_aov_v"":0.7910428047180176,""max_zoom"":64.0}",6.0124174
20935031562100,gimbal,2988,"{""imu_roll"":0.0,""imu_pitch"":16.059288024902344,""imu_yaw"":-0.5564292073249817,""frame_roll"":0.0,""frame_pitch"":16.059288024902344,""frame_yaw"":-0.5564292073249817,""pitch_speed"":0.0,""yaw_speed"":0.0}",6.0130282
20935032864000,attitude,1198,"{""message_type"":""ATTITUDE"",""time_boot_ms"":122170,""roll"":-0.026210617274045944,""pitch"":-0.11113805323839188,""yaw"":-3.1093037128448486,""rollspeed"":0.006544220261275768,""pitchspeed"":-0.029421960934996605,""yawspeed"":-0.01726546883583069}",6.0143301
20935034590300,target_offset,623,"{""x_angle_offset"":0.10636143386363983,""y_angle_offset"":-0.015208528659961841}",6.0160564
20935053963500,fov,2989,"{""zoom"":12.339999198913574,""hfov"":7.293355464935303,""vfov"":4.106302738189697,""state"":0,""max_aov_h"":90.0,""max_aov_v"":58.71550750732422,""min_aov_h"":1.40625,""min_aov_v"":0.7910428047180176,""max_zoom"":64.0}",6.0354296
20935054272600,gimbal,2989,"{""imu_roll"":0.0,""imu_pitch"":16.05425453186035,""imu_yaw"":-0.5209477543830872,""frame_roll"":0.0,""frame_pitch"":16.05425453186035,""frame_yaw"":-0.5209477543830872,""pitch_speed"":0.0,""yaw_speed"":0.0}",6.0357387
20935072895800,range,1164,"{""message_type"":""GLOBAL_VISION_POSITION_ESTIMATE"",""x"":46.94867706298828,""y"":39.34883499145508}",6.0543619
20935079733100,range,1165,"{""message_type"":""GLOBAL_VISION_POSITION_ESTIMATE"",""x"":46.94867706298828,""y"":39.34883499145508}",6.0611992
20935080011400,attitude,1199,"{""message_type"":""ATTITUDE"",""time_boot_ms"":122210,""roll"":-0.026209840551018715,""pitch"":-0.11230314522981644,""yaw"":-3.1100034713745117,""rollspeed"":0.001737047452479601,""pitchspeed"":-0.031264081597328186,""yawspeed"":-0.017337538301944733}",6.0614775
20935080450400,vfr,601,"{""message_type"":""VFR_HUD"",""airspeed"":32.27318572998047,""alt"":182.0399932861328}",6.0619165
20935080621700,position,601,"{""message_type"":""GLOBAL_POSITION_INT"",""lat"":469515120,""lon"":393489649}",6.0620878
20935081346100,fov,2990,"{""zoom"":12.339999198913574,""hfov"":7.293355464935303,""vfov"":4.106302738189697,""state"":0,""max_aov_h"":90.0,""max_aov_v"":58.71550750732422,""min_aov_h"":1.40625,""min_aov_v"":0.7910428047180176,""max_zoom"":64.0}",6.0628122
20935081955100,gimbal,2990,"{""imu_roll"":0.0,""imu_pitch"":16.050537109375,""imu_yaw"":-0.4903883635997772,""frame_roll"":0.0,""frame_pitch"":16.050537109375,""frame_yaw"":-0.4903883635997772,""pitch_speed"":0.0,""yaw_speed"":0.0}",6.0634212
20935088988900,target_offset,624,"{""x_angle_offset"":0.09876418858766556,""y_angle_offset"":-0.02281279298994276}",6.070455
20935114097500,fov,2991,"{""zoom"":12.339999198913574,""hfov"":7.293355464935303,""vfov"":4.106302738189697,""state"":0,""max_aov_h"":90.0,""max_aov_v"":58.71550750732422,""min_aov_h"":1.40625,""min_aov_v"":0.7910428047180176,""max_zoom"":64.0}",6.0955636
20935114609600,gimbal,2991,"{""imu_roll"":0.0,""imu_pitch"":16.040388107299805,""imu_yaw"":-0.44801321625709534,""frame_roll"":0.0,""frame_pitch"":16.040388107299805,""frame_yaw"":-0.44801321625709534,""pitch_speed"":0.0,""yaw_speed"":0.0}",6.0960757
20935118423700,target_offset,625,"{""x_angle_offset"":0.053180716931819916,""y_angle_offset"":-0.030417057319923682}",6.0998898
20935138174800,fov,2992,"{""zoom"":12.339999198913574,""hfov"":7.293355464935303,""vfov"":4.106302738189697,""state"":0,""max_aov_h"":90.0,""max_aov_v"":58.71550750732422,""min_aov_h"":1.40625,""min_aov_v"":0.7910428047180176,""max_zoom"":64.0}",6.1196409
20935138974300,gimbal,2992,"{""imu_roll"":0.0,""imu_pitch"":16.02882957458496,""imu_yaw"":-0.4236951172351837,""frame_roll"":0.0,""frame_pitch"":16.02882957458496,""frame_yaw"":-0.4236951172351837,""pitch_speed"":0.0,""yaw_speed"":0.0}",6.1204404
20935151454400,attitude,1200,"{""message_type"":""ATTITUDE"",""time_boot_ms"":122270,""roll"":-0.026517575606703758,""pitch"":-0.11418290436267853,""yaw"":-3.111039876937866,""rollspeed"":-0.004026498645544052,""pitchspeed"":-0.03370154649019241,""yawspeed"":-0.017336420714855194}",6.1329205
20935167842500,fov,2993,"{""zoom"":12.339999198913574,""hfov"":7.293355464935303,""vfov"":4.106302738189697,""state"":0,""max_aov_h"":90.0,""max_aov_v"":58.71550750732422,""min_aov_h"":1.40625,""min_aov_v"":0.7910428047180176,""max_zoom"":64.0}",6.1493086
20935168257500,gimbal,2993,"{""imu_roll"":0.0,""imu_pitch"":16.01984405517578,""imu_yaw"":-0.39854466915130615,""frame_roll"":0.0,""frame_pitch"":16.01984405517578,""frame_yaw"":-0.39854466915130615,""pitch_speed"":0.0,""yaw_speed"":0.0}",6.1497236
20935171239900,target_offset,626,"{""x_angle_offset"":0.053180716931819916,""y_angle_offset"":-0.0380213216499046}",6.152706
20935194677700,fov,2994,"{""zoom"":12.339999198913574,""hfov"":7.293355464935303,""vfov"":4.106302738189697,""state"":0,""max_aov_h"":90.0,""max_aov_v"":58.71550750732422,""min_aov_h"":1.40625,""min_aov_v"":0.7910428047180176,""max_zoom"":64.0}",6.1761438
20935194929100,attitude,1201,"{""message_type"":""ATTITUDE"",""time_boot_ms"":122310,""roll"":-0.02684939093887806,""pitch"":-0.11550336331129074,""yaw"":-3.1117138862609863,""rollspeed"":-0.005849024280905724,""pitchspeed"":-0.03506297245621681,""yawspeed"":-0.0171889029443264}",6.1763952
20935195273700,vfr,602,"{""message_type"":""VFR_HUD"",""airspeed"":32.43564224243164,""alt"":181.44000244140625}",6.1767398
20935195392100,position,602,"{""message_type"":""GLOBAL_POSITION_INT"",""lat"":469515120,""lon"":393489649}",6.1768582
20935196903600,gimbal,2994,"{""imu_roll"":0.0,""imu_pitch"":16.00635528564453,""imu_yaw"":-0.37214499711990356,""frame_roll"":0.0,""frame_pitch"":16.00635528564453,""frame_yaw"":-0.37214499711990356,""pitch_speed"":0.0,""yaw_speed"":0.0}",6.1783697
20935199288700,target_offset,627,"{""x_angle_offset"":0.0,""y_angle_offset"":-0.04562558597988552}",6.1807548
20935220057700,fov,2995,"{""zoom"":12.339999198913574,""hfov"":7.293355464935303,""vfov"":4.106302738189697,""state"":0,""max_aov_h"":90.0,""max_aov_v"":58.71550750732422,""min_aov_h"":1.40625,""min_aov_v"":0.7910428047180176,""max_zoom"":64.0}",6.2015238
20935222314000,gimbal,2995,"{""imu_roll"":0.0,""imu_pitch"":15.992509841918945,""imu_yaw"":-0.36117449402809143,""frame_roll"":0.0,""frame_pitch"":15.992509841918945,""frame_yaw"":-0.36117449402809143,""pitch_speed"":0.0,""yaw_speed"":0.0}",6.2037801
20935227006800,range,1166,"{""message_type"":""GLOBAL_VISION_POSITION_ESTIMATE"",""x"":46.94867706298828,""y"":39.34883499145508}",6.2084729
20935232155600,range,1167,"{""message_type"":""GLOBAL_VISION_POSITION_ESTIMATE"",""x"":46.94867706298828,""y"":39.34883499145508}",6.2136217
20935249627000,fov,2996,"{""zoom"":12.339999198913574,""hfov"":7.293355464935303,""vfov"":4.106302738189697,""state"":0,""max_aov_h"":90.0,""max_aov_v"":58.71550750732422,""min_aov_h"":1.40625,""min_aov_v"":0.7910428047180176,""max_zoom"":64.0}",6.2310931
20935249936000,gimbal,2996,"{""imu_roll"":0.0,""imu_pitch"":15.981964111328125,""imu_yaw"":-0.34705761075019836,""frame_roll"":0.0,""frame_pitch"":15.981964111328125,""frame_yaw"":-0.34705761075019836,""pitch_speed"":0.0,""yaw_speed"":0.0}",6.2314021
20935253170900,target_offset,628,"{""x_angle_offset"":0.0,""y_angle_offset"":-0.04562558597988552}",6.234637
20935257786100,attitude,1202,"{""message_type"":""ATTITUDE"",""time_boot_ms"":122370,""roll"":-0.02737705409526825,""pitch"":-0.1176670491695404,""yaw"":-3.112696886062622,""rollspeed"":-0.00575651228427887,""pitchspeed"":-0.03779105469584465,""yawspeed"":-0.016773510724306107}",6.2392522
20935275508200,fov,2997,"{""zoom"":12.339999198913574,""hfov"":7.293355464935303,""vfov"":4.106302738189697,""state"":0,""max_aov_h"":90.0,""max_aov_v"":58.71550750732422,""min_aov_h"":1.40625,""min_aov_v"":0.7910428047180176,""max_zoom"":64.0}",6.2569743
20935275832500,gimbal,2997,"{""imu_roll"":0.0,""imu_pitch"":15.967199325561523,""imu_yaw"":-0.3370181620121002,""frame_roll"":0.0,""frame_pitch"":15.967199325561523,""frame_yaw"":-0.3370181620121002,""pitch_speed"":0.0,""yaw_speed"":0.0}",6.2572986
20935281594300,target_offset,629,"{""x_angle_offset"":-0.007597245275974274,""y_angle_offset"":-0.05322985030986645}",6.2630604
20935294724600,position,603,"{""message_type"":""GLOBAL_POSITION_INT"",""lat"":469514466,""lon"":393489632}",6.2761907
20935294904200,attitude,1203,"{""message_type"":""ATTITUDE"",""time_boot_ms"":122410,""roll"":-0.027662524953484535,""pitch"":-0.11919867992401123,""yaw"":-3.113326072692871,""rollspeed"":-0.003947947174310684,""pitchspeed"":-0.039130598306655884,""yawspeed"":-0.016432706266641617}",6.2763703
20935295134500,vfr,603,"{""message_type"":""VFR_HUD"",""airspeed"":32.60242462158203,""alt"":180.83999633789062}",6.2766006
20935301039900,fov,2998,"{""zoom"":12.339999198913574,""hfov"":7.293355464935303,""vfov"":4.106302738189697,""state"":0,""max_aov_h"":90.0,""max_aov_v"":58.71550750732422,""min_aov_h"":1.40625,""min_aov_v"":0.7910428047180176,""max_zoom"":64.0}",6.282506
20935301557400,gimbal,2998,"{""imu_roll"":0.0,""imu_pitch"":15.95157527923584,""imu_yaw"":-0.3289209008216858,""frame_roll"":0.0,""frame_pitch"":15.95157527923584,""frame_yaw"":-0.3289209008216858,""pitch_speed"":0.0,""yaw_speed"":0.0}",6.2830235
20935330029600,fov,2999,"{""zoom"":12.339999198913574,""hfov"":7.293355464935303,""vfov"":4.106302738189697,""state"":0,""max_aov_h"":90.0,""max_aov_v"":58.71550750732422,""min_aov_h"":1.40625,""min_aov_v"":0.7910428047180176,""max_zoom"":64.0}",6.3114957
20935332077500,gimbal,2999,"{""imu_roll"":0.0,""imu_pitch"":15.939732551574707,""imu_yaw"":-0.31714552640914917,""frame_roll"":0.0,""frame_pitch"":15.939732551574707,""frame_yaw"":-0.31714552640914917,""pitch_speed"":0.0,""yaw_speed"":0.0}",6.3135436
20935333735300,target_offset,630,"{""x_angle_offset"":-0.007597245275974274,""y_angle_offset"":-0.060834114639847364}",6.3152014
20935357500200,fov,3000,"{""zoom"":12.339999198913574,""hfov"":7.293355464935303,""vfov"":4.106302738189697,""state"":0,""max_aov_h"":90.0,""max_aov_v"":58.71550750732422,""min_aov_h"":1.40625,""min_aov_v"":0.7910428047180176,""max_zoom"":64.0}",6.3389663
20935357738000,attitude,1204,"{""message_type"":""ATTITUDE"",""time_boot_ms"":122470,""roll"":-0.027871442958712578,""pitch"":-0.12155484408140182,""yaw"":-3.114227771759033,""rollspeed"":0.0008326331153512001,""pitchspeed"":-0.04002966359257698,""yawspeed"":-0.015616404823958874}",6.3392041
20935360074700,gimbal,3000,"{""imu_roll"":0.0,""imu_pitch"":15.919327735900879,""imu_yaw"":-0.30963563919067383,""frame_roll"":0.0,""frame_pitch"":15.919327735900879,""frame_yaw"":-0.30963563919067383,""pitch_speed"":0.0,""yaw_speed"":0.0}",6.3415408
20935363934400,target_offset,631,"{""x_angle_offset"":-0.007597245275974274,""y_angle_offset"":-0.0760426432998092}",6.3454005
20935394183800,position,604,"{""message_type"":""GLOBAL_POSITION_INT"",""lat"":469514466,""lon"":393489632}",6.3756499
20935394510800,attitude,1205,"{""message_type"":""ATTITUDE"",""time_boot_ms"":122510,""roll"":-0.027836641296744347,""pitch"":-0.12316776067018509,""yaw"":-3.114795684814453,""rollspeed"":0.004689473658800125,""pitchspeed"":-0.041136495769023895,""yawspeed"":-0.014959869906306267}",6.3759769
20935395088100,vfr,604,"{""message_type"":""VFR_HUD"",""airspeed"":32.74542236328125,""alt"":180.22000122070312}",6.3765542
20935397980900,fov,3001,"{""zoom"":12.339999198913574,""hfov"":7.293355464935303,""vfov"":4.106302738189697,""state"":0,""max_aov_h"":90.0,""max_aov_v"":58.71550750732422,""min_aov_h"":1.40625,""min_aov_v"":0.7910428047180176,""max_zoom"":64.0}",6.379447
20935398251400,gimbal,3001,"{""imu_roll"":0.0,""imu_pitch"":15.887911796569824,""imu_yaw"":-0.2967104911804199,""frame_roll"":0.0,""frame_pitch"":15.887911796569824,""frame_yaw"":-0.2967104911804199,""pitch_speed"":0.0,""yaw_speed"":0.0}",6.3797175
20935399563500,range,1168,"{""message_type"":""GLOBAL_VISION_POSITION_ESTIMATE"",""x"":46.948612213134766,""y"":39.348846435546875}",6.3810296
20935412876500,range,1169,"{""message_type"":""GLOBAL_VISION_POSITION_ESTIMATE"",""x"":46.948612213134766,""y"":39.348846435546875}",6.3943426
20935427111400,fov,3002,"{""zoom"":12.339999198913574,""hfov"":7.293355464935303,""vfov"":4.106302738189697,""state"":0,""max_aov_h"":90.0,""max_aov_v"":58.71550750732422,""min_aov_h"":1.40625,""min_aov_v"":0.7910428047180176,""max_zoom"":64.0}",6.4085775
20935427474700,gimbal,3002,"{""imu_roll"":0.0,""imu_pitch"":15.8746919631958,""imu_yaw"":-0.2860058546066284,""frame_roll"":0.0,""frame_pitch"":15.8746919631958,""frame_yaw"":-0.2860058546066284,""pitch_speed"":0.0,""yaw_speed"":0.0}",6.4089408
20935435309200,target_offset,632,"{""x_angle_offset"":0.0,""y_angle_offset"":-0.08364690762979013}",6.4167753
20935460886400,fov,3003,"{""zoom"":12.339999198913574,""hfov"":7.293355464935303,""vfov"":4.106302738189697,""state"":0,""max_aov_h"":90.0,""max_aov_v"":58.71550750732422,""min_aov_h"":1.40625,""min_aov_v"":0.7910428047180176,""max_zoom"":64.0}",6.4423525
20935461310400,gimbal,3003,"{""imu_roll"":0.0,""imu_pitch"":15.840893745422363,""imu_yaw"":-0.27992329001426697,""frame_roll"":0.0,""frame_pitch"":15.840893745422363,""frame_yaw"":-0.27992329001426697,""pitch_speed"":0.0,""yaw_speed"":0.0}",6.4427765
20935464759200,target_offset,633,"{""x_angle_offset"":0.015194490551948547,""y_angle_offset"":-0.09885543628975196}",6.4462253
20935469417800,attitude,1206,"{""message_type"":""ATTITUDE"",""time_boot_ms"":122570,""roll"":-0.027401208877563477,""pitch"":-0.12596078217029572,""yaw"":-3.1155948638916016,""rollspeed"":0.012123892083764076,""pitchspeed"":-0.042035188525915146,""yawspeed"":-0.013796049170196056}",6.4508839
20935484714300,fov,3004,"{""zoom"":12.339999198913574,""hfov"":7.293355464935303,""vfov"":4.106302738189697,""state"":0,""max_aov_h"":90.0,""max_aov_v"":58.71550750732422,""min_aov_h"":1.40625,""min_aov_v"":0.7910428047180176,""max_zoom"":64.0}",6.4661804
20935485632800,gimbal,3004,"{""imu_roll"":0.0,""imu_pitch"":15.817618370056152,""imu_yaw"":-0.2741638123989105,""frame_roll"":0.0,""frame_pitch"":15.817618370056152,""frame_yaw"":-0.2741638123989105,""pitch_speed"":0.0,""yaw_speed"":0.0}",6.4670989
20935498489000,target_offset,634,"{""x_angle_offset"":0.02279173582792282,""y_angle_offset"":-0.1064597006197329}",6.4799551
20935513667000,attitude,1207,"{""message_type"":""ATTITUDE"",""time_boot_ms"":122610,""roll"":-0.026839973405003548,""pitch"":-0.12824757397174835,""yaw"":-3.116093158721924,""rollspeed"":0.016481921076774597,""pitchspeed"":-0.041823986917734146,""yawspeed"":-0.012937975116074085}",6.4951331
20935514180300,vfr,605,"{""message_type"":""VFR_HUD"",""airspeed"":32.89822006225586,""alt"":179.5800018310547}",6.4956464
20935514286200,position,605,"{""message_type"":""GLOBAL_POSITION_INT"",""lat"":469513794,""lon"":393489617}",6.4957523
20935515170400,fov,3005,"{""zoom"":12.339999198913574,""hfov"":7.293355464935303,""vfov"":4.106302738189697,""state"":0,""max_aov_h"":90.0,""max_aov_v"":58.71550750732422,""min_aov_h"":1.40625,""min_aov_v"":0.7910428047180176,""max_zoom"":64.0}",6.4966365
20935515543000,gimbal,3005,"{""imu_roll"":0.0,""imu_pitch"":15.781145095825195,""imu_yaw"":-0.25769323110580444,""frame_roll"":0.0,""frame_pitch"":15.781145095825195,""frame_yaw"":-0.25769323110580444,""pitch_speed"":0.0,""yaw_speed"":0.0}",6.4970091
20935519411800,target_offset,635,"{""x_angle_offset"":0.03798622637987137,""y_angle_offset"":-0.12166822927969473}",6.5008779
20935540494900,fov,3006,"{""zoom"":12.339999198913574,""hfov"":7.293355464935303,""vfov"":4.106302738189697,""state"":0,""max_aov_h"":90.0,""max_aov_v"":58.71550750732422,""min_aov_h"":1.40625,""min_aov_v"":0.7910428047180176,""max_zoom"":64.0}",6.521961
20935541567300,gimbal,3006,"{""imu_roll"":0.0,""imu_pitch"":15.74806022644043,""imu_yaw"":-0.23985135555267334,""frame_roll"":0.0,""frame_pitch"":15.74806022644043,""frame_yaw"":-0.23985135555267334,""pitch_speed"":0.0,""yaw_speed"":0.0}",6.5230334
20935553112600,range,1170,"{""message_type"":""GLOBAL_VISION_POSITION_ESTIMATE"",""x"":46.94853973388672,""y"":39.348838806152344}",6.5345787
20935565542100,fov,3007,"{""zoom"":12.339999198913574,""hfov"":7.293355464935303,""vfov"":4.106302738189697,""state"":0,""max_aov_h"":90.0,""max_aov_v"":58.71550750732422,""min_aov_h"":1.40625,""min_aov_v"":0.7910428047180176,""max_zoom"":64.0}",6.5470082
20935565862000,gimbal,3007,"{""imu_roll"":0.0,""imu_pitch"":15.723546981811523,""imu_yaw"":-0.22354267537593842,""frame_roll"":0.0,""frame_pitch"":15.723546981811523,""frame_yaw"":-0.22354267537593842,""pitch_speed"":0.0,""yaw_speed"":0.0}",6.5473281
20935575683900,target_offset,636,"{""x_angle_offset"":0.04558347165584564,""y_angle_offset"":-0.12927249360967566}",6.55715
20935579785800,range,1171,"{""message_type"":""GLOBAL_VISION_POSITION_ESTIMATE"",""x"":46.94853973388672,""y"":39.348838806152344}",6.5612519
20935579915400,attitude,1208,"{""message_type"":""ATTITUDE"",""time_boot_ms"":122670,""roll"":-0.025744769722223282,""pitch"":-0.13167792558670044,""yaw"":-3.116786241531372,""rollspeed"":0.021363427862524986,""pitchspeed"":-0.0418240912258625,""yawspeed"":-0.011775909923017025}",6.5613815
20935596449000,fov,3008,"{""zoom"":12.339999198913574,""hfov"":7.293355464935303,""vfov"":4.106302738189697,""state"":0,""max_aov_h"":90.0,""max_aov_v"":58.71550750732422,""min_aov_h"":1.40625,""min_aov_v"":0.7910428047180176,""max_zoom"":64.0}",6.5779151
20935596892600,gimbal,3008,"{""imu_roll"":0.0,""imu_pitch"":15.678757667541504,""imu_yaw"":-0.20498232543468475,""frame_roll"":0.0,""frame_pitch"":15.678757667541504,""frame_yaw"":-0.20498232543468475,""pitch_speed"":0.0,""yaw_speed"":0.0}",6.5783587
20935599565600,target_offset,637,"{""x_angle_offset"":0.06077796220779419,""y_angle_offset"":-0.12166822927969473}",6.5810317
20935617130700,position,606,"{""message_type"":""GLOBAL_POSITION_INT"",""lat"":469513794,""lon"":393489617}",6.5985968
20935618348000,attitude,1209,"{""message_type"":""ATTITUDE"",""time_boot_ms"":122710,""roll"":-0.02488166280090809,""pitch"":-0.13396698236465454,""yaw"":-3.1172149181365967,""rollspeed"":0.023749670013785362,""pitchspeed"":-0.042036961764097214,""yawspeed"":-0.010971052572131157}",6.5998141
20935618705500,vfr,606,"{""message_type"":""VFR_HUD"",""airspeed"":33.05756759643555,""alt"":178.92999267578125}",6.6001716
20935619189500,fov,3009,"{""zoom"":12.339999198913574,""hfov"":7.293355464935303,""vfov"":4.106302738189697,""state"":0,""max_aov_h"":90.0,""max_aov_v"":58.71550750732422,""min_aov_h"":1.40625,""min_aov_v"":0.7910428047180176,""max_zoom"":64.0}",6.6006556
20935619629400,gimbal,3009,"{""imu_roll"":0.0,""imu_pitch"":15.65095043182373,""imu_yaw"":-0.18567174673080444,""frame_roll"":0.0,""frame_pitch"":15.65095043182373,""frame_yaw"":-0.18567174673080444,""pitch_speed"":0.0,""yaw_speed"":0.0}",6.6010955
20935643101300,fov,3010,"{""zoom"":12.339999198913574,""hfov"":7.293355464935303,""vfov"":4.106302738189697,""state"":0,""max_aov_h"":90.0,""max_aov_v"":58.71550750732422,""min_aov_h"":1.40625,""min_aov_v"":0.7910428047180176,""max_zoom"":64.0}",6.6245674
20935643528800,gimbal,3010,"{""imu_roll"":0.0,""imu_pitch"":15.627875328063965,""imu_yaw"":-0.16748589277267456,""frame_roll"":0.0,""frame_pitch"":15.627875328063965,""frame_yaw"":-0.16748589277267456,""pitch_speed"":0.0,""yaw_speed"":0.0}",6.6249949
20935654182000,target_offset,638,"{""x_angle_offset"":0.06837520748376846,""y_angle_offset"":-0.11406396494971381}",6.6356481
20935673424300,fov,3011,"{""zoom"":12.339999198913574,""hfov"":7.293355464935303,""vfov"":4.106302738189697,""state"":0,""max_aov_h"":90.0,""max_aov_v"":58.71550750732422,""min_aov_h"":1.40625,""min_aov_v"":0.7910428047180176,""max_zoom"":64.0}",6.6548904
20935674047600,gimbal,3011,"{""imu_roll"":0.0,""imu_pitch"":15.594228744506836,""imu_yaw"":-0.14117220044136047,""frame_roll"":0.0,""frame_pitch"":15.594228744506836,""frame_yaw"":-0.14117220044136047,""pitch_speed"":0.0,""yaw_speed"":0.0}",6.6555137
20935678541600,target_offset,639,"{""x_angle_offset"":0.07597245275974274,""y_angle_offset"":-0.1064597006197329}",6.6600077
20935684710200,attitude,1210,"{""message_type"":""ATTITUDE"",""time_boot_ms"":122770,""roll"":-0.023492861539125443,""pitch"":-0.13740390539169312,""yaw"":-3.1178038120269775,""rollspeed"":0.025056608021259308,""pitchspeed"":-0.04203855246305466,""yawspeed"":-0.009839757345616817}",6.6661763
20935695996300,fov,3012,"{""zoom"":12.339999198913574,""hfov"":7.293355464935303,""vfov"":4.106302738189697,""state"":0,""max_aov_h"":90.0,""max_aov_v"":58.71550750732422,""min_aov_h"":1.40625,""min_aov_v"":0.7910428047180176,""max_zoom"":64.0}",6.6774624
20935696361500,gimbal,3012,"{""imu_roll"":0.0,""imu_pitch"":15.562627792358398,""imu_yaw"":-0.11419624835252762,""frame_roll"":0.0,""frame_pitch"":15.562627792358398,""frame_yaw"":-0.11419624835252762,""pitch_speed"":0.0,""yaw_speed"":0.0}",6.6778276
20935709529500,range,1172,"{""message_type"":""GLOBAL_VISION_POSITION_ESTIMATE"",""x"":46.94853973388672,""y"":39.348838806152344}",6.6909956
20935722722100,fov,3013,"{""zoom"":12.339999198913574,""hfov"":7.293355464935303,""vfov"":4.106302738189697,""state"":0,""max_aov_h"":90.0,""max_aov_v"":58.71550750732422,""min_aov_h"":1.40625,""min_aov_v"":0.7910428047180176,""max_zoom"":64.0}",6.7041882
20935723119100,gimbal,3013,"{""imu_roll"":0.0,""imu_pitch"":15.539104461669922,""imu_yaw"":-0.09200921654701233,""frame_roll"":0.0,""frame_pitch"":15.539104461669922,""frame_yaw"":-0.09200921654701233,""pitch_speed"":0.0,""yaw_speed"":0.0}",6.7045852
20935731098700,range,1173,"{""message_type"":""GLOBAL_VISION_POSITION_ESTIMATE"",""x"":46.94853973388672,""y"":39.348838806152344}",6.7125648
20935731375600,attitude,1211,"{""message_type"":""ATTITUDE"",""time_boot_ms"":122810,""roll"":-0.022504644468426704,""pitch"":-0.13908898830413818,""yaw"":-3.118176221847534,""rollspeed"":0.023847948759794235,""pitchspeed"":-0.04137386009097099,""yawspeed"":-0.009163258597254753}",6.7128417
20935731860200,target_offset,640,"{""x_angle_offset"":0.07597245275974274,""y_angle_offset"":-0.09885543628975196}",6.7133263
20935735833000,vfr,607,"{""message_type"":""VFR_HUD"",""airspeed"":33.22121047973633,""alt"":178.26998901367188}",6.7172991
20935736010800,position,607,"{""message_type"":""GLOBAL_POSITION_INT"",""lat"":469513127,""lon"":393489600}",6.7174769
20935752672600,fov,3014,"{""zoom"":12.339999198913574,""hfov"":7.293355464935303,""vfov"":4.106302738189697,""state"":0,""max_aov_h"":90.0,""max_aov_v"":58.71550750732422,""min_aov_h"":1.40625,""min_aov_v"":0.7910428047180176,""max_zoom"":64.0}",6.7341387
20935752991900,gimbal,3014,"{""imu_roll"":0.0,""imu_pitch"":15.503487586975098,""imu_yaw"":-0.060314275324344635,""frame_roll"":0.0,""frame_pitch"":15.503487586975098,""frame_yaw"":-0.060314275324344635,""pitch_speed"":0.0,""yaw_speed"":0.0}",6.734458
20935758158600,target_offset,641,"{""x_angle_offset"":0.07597245275974274,""y_angle_offset"":-0.09125117195977105}",6.7396247
20935775875700,fov,3015,"{""zoom"":12.339999198913574,""hfov"":7.293355464935303,""vfov"":4.106302738189697,""state"":0,""max_aov_h"":90.0,""max_aov_v"":58.71550750732422,""min_aov_h"":1.40625,""min_aov_v"":0.7910428047180176,""max_zoom"":64.0}",6.7573418
20935778083100,gimbal,3015,"{""imu_roll"":0.0,""imu_pitch"":15.479959487915039,""imu_yaw"":-0.04427550733089447,""frame_roll"":0.0,""frame_pitch"":15.479959487915039,""frame_yaw"":-0.04427550733089447,""pitch_speed"":0.0,""yaw_speed"":0.0}",6.7595492
20935789060600,attitude,1212,"{""message_type"":""ATTITUDE"",""time_boot_ms"":122870,""roll"":-0.021191921085119247,""pitch"":-0.14159925282001495,""yaw"":-3.118687868118286,""rollspeed"":0.020103072747588158,""pitchspeed"":-0.0412851944565773,""yawspeed"":-0.00826918613165617}",6.7705267
20935802442700,fov,3016,"{""zoom"":12.339999198913574,""hfov"":7.293355464935303,""vfov"":4.106302738189697,""state"":0,""max_aov_h"":90.0,""max_aov_v"":58.71550750732422,""min_aov_h"":1.40625,""min_aov_v"":0.7910428047180176,""max_zoom"":64.0}",6.7839088
20935805147200,gimbal,3016,"{""imu_roll"":0.0,""imu_pitch"":15.459413528442383,""imu_yaw"":-0.02818477712571621,""frame_roll"":0.0,""frame_pitch"":15.459413528442383,""frame_yaw"":-0.02818477712571621,""pitch_speed"":0.0,""yaw_speed"":0.0}",6.7866133
20935809509100,target_offset,642,"{""x_angle_offset"":0.06837520748376846,""y_angle_offset"":-0.08364690762979013}",6.7909752
20935831550400,fov,3017,"{""zoom"":12.339999198913574,""hfov"":7.293355464935303,""vfov"":4.106302738189697,""state"":0,""max_aov_h"":90.0,""max_aov_v"":58.71550750732422,""min_aov_h"":1.40625,""min_aov_v"":0.7910428047180176,""max_zoom"":64.0}",6.8130165
20935831912900,gimbal,3017,"{""imu_roll"":0.0,""imu_pitch"":15.430143356323242,""imu_yaw"":-0.011225638911128044,""frame_roll"":0.0,""frame_pitch"":15.430143356323242,""frame_yaw"":-0.011225638911128044,""pitch_speed"":0.0,""yaw_speed"":0.0}",6.813379
20935835049600,vfr,608,"{""message_type"":""VFR_HUD"",""airspeed"":33.36153793334961,""alt"":177.5800018310547}",6.8165157
20935835311700,position,608,"{""message_type"":""GLOBAL_POSITION_INT"",""lat"":469513127,""lon"":393489600}",6.8167778
20935835492200,attitude,1213,"{""message_type"":""ATTITUDE"",""time_boot_ms"":122910,""roll"":-0.020450754091143608,""pitch"":-0.14327825605869293,""yaw"":-3.119004964828491,""rollspeed"":0.017591452226042747,""pitchspeed"":-0.041500434279441833,""yawspeed"":-0.007749414071440697}",6.8169583
20935838788000,target_offset,643,"{""x_angle_offset"":0.053180716931819916,""y_angle_offset"":-0.06843837896982828}",6.8202541
20935855150400,fov,3018,"{""zoom"":12.339999198913574,""hfov"":7.293355464935303,""vfov"":4.106302738189697,""state"":0,""max_aov_h"":90.0,""max_aov_v"":58.71550750732422,""min_aov_h"":1.40625,""min_aov_v"":0.7910428047180176,""max_zoom"":64.0}",6.8366165
20935855649500,gimbal,3018,"{""imu_roll"":0.0,""imu_pitch"":15.413296699523926,""imu_yaw"":-0.0017498424276709557,""frame_roll"":0.0,""frame_pitch"":15.413296699523926,""frame_yaw"":-0.0017498424276709557,""pitch_speed"":0.0,""yaw_speed"":0.0}",6.8371156
20935865243800,range,1174,"{""message_type"":""GLOBAL_VISION_POSITION_ESTIMATE"",""x"":46.9484748840332,""y"":39.348838806152344}",6.8467099
20935869801900,range,1175,"{""message_type"":""GLOBAL_VISION_POSITION_ESTIMATE"",""x"":46.9484748840332,""y"":39.348838806152344}",6.851268
20935879587300,fov,3019,"{""zoom"":12.339999198913574,""hfov"":7.293355464935303,""vfov"":4.106302738189697,""state"":0,""max_aov_h"":90.0,""max_aov_v"":58.71550750732422,""min_aov_h"":1.40625,""min_aov_v"":0.7910428047180176,""max_zoom"":64.0}",6.8610534
20935882252500,gimbal,3019,"{""imu_roll"":0.0,""imu_pitch"":15.400718688964844,""imu_yaw"":0.0066583165898919106,""frame_roll"":0.0,""frame_pitch"":15.400718688964844,""frame_yaw"":0.0066583165898919106,""pitch_speed"":0.0,""yaw_speed"":0.0}",6.8637186
20935890783400,target_offset,644,"{""x_angle_offset"":0.053180716931819916,""y_angle_offset"":-0.06843837896982828}",6.8722495
20935895400700,attitude,1214,"{""message_type"":""ATTITUDE"",""time_boot_ms"":122970,""roll"":-0.0195037592202425,""pitch"":-0.14584432542324066,""yaw"":-3.119433641433716,""rollspeed"":0.014622621238231659,""pitchspeed"":-0.042496614158153534,""yawspeed"":-0.006884873379021883}",6.8768668
20935909835400,fov,3020,"{""zoom"":12.339999198913574,""hfov"":7.293355464935303,""vfov"":4.106302738189697,""state"":0,""max_aov_h"":90.0,""max_aov_v"":58.71550750732422,""min_aov_h"":1.40625,""min_aov_v"":0.7910428047180176,""max_zoom"":64.0}",6.8913015
20935910828500,gimbal,3020,"{""imu_roll"":0.0,""imu_pitch"":15.37374210357666,""imu_yaw"":0.020266283303499222,""frame_roll"":0.0,""frame_pitch"":15.37374210357666,""frame_yaw"":0.020266283303499222,""pitch_speed"":0.0,""yaw_speed"":0.0}",6.8922946
20935915363500,target_offset,645,"{""x_angle_offset"":0.04558347165584564,""y_angle_offset"":-0.06843837896982828}",6.8968296
20935933059300,fov,3021,"{""zoom"":12.339999198913574,""hfov"":7.293355464935303,""vfov"":4.106302738189697,""state"":0,""max_aov_h"":90.0,""max_aov_v"":58.71550750732422,""min_aov_h"":1.40625,""min_aov_v"":0.7910428047180176,""max_zoom"":64.0}",6.9145254
20935933581700,gimbal,3021,"{""imu_roll"":0.0,""imu_pitch"":15.35496711730957,""imu_yaw"":0.027181994169950485,""frame_roll"":0.0,""frame_pitch"":15.35496711730957,""frame_yaw"":0.027181994169950485,""pitch_speed"":0.0,""yaw_speed"":0.0}",6.9150478
20935934466700,position,609,"{""message_type"":""GLOBAL_POSITION_INT"",""lat"":469512456,""lon"":393489584}",6.9159328
20935934600500,attitude,1215,"{""message_type"":""ATTITUDE"",""time_boot_ms"":123010,""roll"":-0.018895478919148445,""pitch"":-0.14748133718967438,""yaw"":-3.1197030544281006,""rollspeed"":0.013219743967056274,""pitchspeed"":-0.04280214384198189,""yawspeed"":-0.006459193304181099}",6.9160666
20935934904300,vfr,609,"{""message_type"":""VFR_HUD"",""airspeed"":33.511512756347656,""alt"":176.89999389648438}",6.9163704
20935957451200,fov,3022,"{""zoom"":12.339999198913574,""hfov"":7.293355464935303,""vfov"":4.106302738189697,""state"":0,""max_aov_h"":90.0,""max_aov_v"":58.71550750732422,""min_aov_h"":1.40625,""min_aov_v"":0.7910428047180176,""max_zoom"":64.0}",6.9389173
20935960682800,gimbal,3022,"{""imu_roll"":0.0,""imu_pitch"":15.340487480163574,""imu_yaw"":0.03358452394604683,""frame_roll"":0.0,""frame_pitch"":15.340487480163574,""frame_yaw"":0.03358452394604683,""pitch_speed"":0.0,""yaw_speed"":0.0}",6.9421489
20935967232300,target_offset,646,"{""x_angle_offset"":0.04558347165584564,""y_angle_offset"":-0.06843837896982828}",6.9486984
20935987276200,fov,3023,"{""zoom"":12.339999198913574,""hfov"":7.293355464935303,""vfov"":4.106302738189697,""state"":0,""max_aov_h"":90.0,""max_aov_v"":58.71550750732422,""min_aov_h"":1.40625,""min_aov_v"":0.7910428047180176,""max_zoom"":64.0}",6.9687423
20935987642600,gimbal,3023,"{""imu_roll"":0.0,""imu_pitch"":15.321613311767578,""imu_yaw"":0.04363033175468445,""frame_roll"":0.0,""frame_pitch"":15.321613311767578,""frame_yaw"":0.04363033175468445,""pitch_speed"":0.0,""yaw_speed"":0.0}",6.9691087
20935995461400,target_offset,647,"{""x_angle_offset"":0.03798622637987137,""y_angle_offset"":-0.0760426432998092}",6.9769275
20936000012500,attitude,1216,"{""message_type"":""ATTITUDE"",""time_boot_ms"":123070,""roll"":-0.01796611398458481,""pitch"":-0.1498054414987564,""yaw"":-3.1200778484344482,""rollspeed"":0.012379709631204605,""pitchspeed"":-0.04304651543498039,""yawspeed"":-0.005632705055177212}",6.9814786
20936010652200,fov,3024,"{""zoom"":12.339999198913574,""hfov"":7.293355464935303,""vfov"":4.106302738189697,""state"":0,""max_aov_h"":90.0,""max_aov_v"":58.71550750732422,""min_aov_h"":1.40625,""min_aov_v"":0.7910428047180176,""max_zoom"":64.0}",6.9921183
20936011230100,gimbal,3024,"{""imu_roll"":0.0,""imu_pitch"":15.295376777648926,""imu_yaw"":0.05098683759570122,""frame_roll"":0.0,""frame_pitch"":15.295376777648926,""frame_yaw"":0.05098683759570122,""pitch_speed"":0.0,""yaw_speed"":0.0}",6.9926962
20936036654500,range,1176,"{""message_type"":""GLOBAL_VISION_POSITION_ESTIMATE"",""x"":46.94841003417969,""y"":39.34883499145508}",7.0181206
20936038791400,fov,3025,"{""zoom"":12.339999198913574,""hfov"":7.293355464935303,""vfov"":4.106302738189697,""state"":0,""max_aov_h"":90.0,""max_aov_v"":58.71550750732422,""min_aov_h"":1.40625,""min_aov_v"":0.7910428047180176,""max_zoom"":64.0}",7.0202575
20936039237500,gimbal,3025,"{""imu_roll"":0.0,""imu_pitch"":15.278308868408203,""imu_yaw"":0.05680543929338455,""frame_roll"":0.0,""frame_pitch"":15.278308868408203,""frame_yaw"":0.05680543929338455,""pitch_speed"":0.0,""yaw_speed"":0.0}",7.0207036
20936041054400,attitude,1217,"{""message_type"":""ATTITUDE"",""time_boot_ms"":123110,""roll"":-0.017375214025378227,""pitch"":-0.15139205753803253,""yaw"":-3.1203041076660156,""rollspeed"":0.01178593747317791,""pitchspeed"":-0.04403179511427879,""yawspeed"":-0.0051758307963609695}",7.0225205
20936041442400,vfr,610,"{""message_type"":""VFR_HUD"",""airspeed"":33.66795349121094,""alt"":176.1699981689453}",7.0229085
20936041601100,position,610,"{""message_type"":""GLOBAL_POSITION_INT"",""lat"":469512456,""lon"":393489584}",7.0230672
20936041784800,range,1177,"{""message_type"":""GLOBAL_VISION_POSITION_ESTIMATE"",""x"":46.94841003417969,""y"":39.34883499145508}",7.0232509
20936046981600,target_offset,648,"{""x_angle_offset"":0.03798622637987137,""y_angle_offset"":-0.08364690762979013}",7.0284477
20936061329900,fov,3026,"{""zoom"":12.339999198913574,""hfov"":7.293355464935303,""vfov"":4.106302738189697,""state"":0,""max_aov_h"":90.0,""max_aov_v"":58.71550750732422,""min_aov_h"":1.40625,""min_aov_v"":0.7910428047180176,""max_zoom"":64.0}",7.042796
20936061613600,gimbal,3026,"{""imu_roll"":0.0,""imu_pitch"":15.255496978759766,""imu_yaw"":0.06497053802013397,""frame_roll"":0.0,""frame_pitch"":15.255496978759766,""frame_yaw"":0.06497053802013397,""pitch_speed"":0.0,""yaw_speed"":0.0}",7.0430797
20936089108800,fov,3027,"{""zoom"":12.339999198913574,""hfov"":7.293355464935303,""vfov"":4.106302738189697,""state"":0,""max_aov_h"":90.0,""max_aov_v"":58.71550750732422,""min_aov_h"":1.40625,""min_aov_v"":0.7910428047180176,""max_zoom"":64.0}",7.0705749
20936089674400,gimbal,3027,"{""imu_roll"":0.0,""imu_pitch"":15.236342430114746,""imu_yaw"":0.07260164618492126,""frame_roll"":0.0,""frame_pitch"":15.236342430114746,""frame_yaw"":0.07260164618492126,""pitch_speed"":0.0,""yaw_speed"":0.0}",7.0711405
20936092743000,target_offset,649,"{""x_angle_offset"":0.03798622637987137,""y_angle_offset"":-0.09125117195977105}",7.0742091
20936102166600,attitude,1218,"{""message_type"":""ATTITUDE"",""time_boot_ms"":123170,""roll"":-0.016456587240099907,""pitch"":-0.15391477942466736,""yaw"":-3.1206068992614746,""rollspeed"":0.012802383862435818,""pitchspeed"":-0.04727284982800484,""yawspeed"":-0.004384302534162998}",7.0836327
20936110910300,fov,3028,"{""zoom"":12.339999198913574,""hfov"":7.293355464935303,""vfov"":4.106302738189697,""state"":0,""max_aov_h"":90.0,""max_aov_v"":58.71550750732422,""min_aov_h"":1.40625,""min_aov_v"":0.7910428047180176,""max_zoom"":64.0}",7.0923764
20936111296700,gimbal,3028,"{""imu_roll"":0.0,""imu_pitch"":15.213650703430176,""imu_yaw"":0.08177231252193451,""frame_roll"":0.0,""frame_pitch"":15.213650703430176,""frame_yaw"":0.08177231252193451,""pitch_speed"":0.0,""yaw_speed"":0.0}",7.0927628
20936126226500,target_offset,650,"{""x_angle_offset"":0.03798622637987137,""y_angle_offset"":-0.09885543628975196}",7.1076926
20936141100700,fov,3029,"{""zoom"":12.339999198913574,""hfov"":7.293355464935303,""vfov"":4.106302738189697,""state"":0,""max_aov_h"":90.0,""max_aov_v"":58.71550750732422,""min_aov_h"":1.40625,""min_aov_v"":0.7910428047180176,""max_zoom"":64.0}",7.1225668
20936141467300,gimbal,3029,"{""imu_roll"":0.0,""imu_pitch"":15.179515838623047,""imu_yaw"":0.09032146632671356,""frame_roll"":0.0,""frame_pitch"":15.179515838623047,""frame_yaw"":0.09032146632671356,""pitch_speed"":0.0,""yaw_speed"":0.0}",7.1229334
20936153039700,position,611,"{""message_type"":""GLOBAL_POSITION_INT"",""lat"":469511779,""lon"":393489567}",7.1345058
20936153269400,attitude,1219,"{""message_type"":""ATTITUDE"",""time_boot_ms"":123210,""roll"":-0.01582181453704834,""pitch"":-0.15569353103637695,""yaw"":-3.1207892894744873,""rollspeed"":0.013116167858242989,""pitchspeed"":-0.049011897295713425,""yawspeed"":-0.0039919232949614525}",7.1347355
20936153523300,vfr,611,"{""message_type"":""VFR_HUD"",""airspeed"":33.82883834838867,""alt"":175.45999145507812}",7.1349894
20936169913000,target_offset,651,"{""x_angle_offset"":0.03798622637987137,""y_angle_offset"":-0.1064597006197329}",7.1513791
20936177751400,fov,3030,"{""zoom"":12.339999198913574,""hfov"":7.293355464935303,""vfov"":4.106302738189697,""state"":0,""max_aov_h"":90.0,""max_aov_v"":58.71550750732422,""min_aov_h"":1.40625,""min_aov_v"":0.7910428047180176,""max_zoom"":64.0}",7.1592175
20936178096700,gimbal,3030,"{""imu_roll"":0.0,""imu_pitch"":15.151444435119629,""imu_yaw"":0.09826156497001648,""frame_roll"":0.0,""frame_pitch"":15.151444435119629,""frame_yaw"":0.09826156497001648,""pitch_speed"":0.0,""yaw_speed"":0.0}",7.1595628
20936192216200,range,1178,"{""message_type"":""GLOBAL_VISION_POSITION_ESTIMATE"",""x"":46.94834518432617,""y"":39.34885025024414}",7.1736823
20936199830000,gimbal,3031,"{""imu_roll"":0.0,""imu_pitch"":15.127991676330566,""imu_yaw"":0.10126355290412903,""frame_roll"":0.0,""frame_pitch"":15.127991676330566,""frame_yaw"":0.10126355290412903,""pitch_speed"":0.0,""yaw_speed"":0.0}",7.1812961
20936200173000,fov,3031,"{""zoom"":12.339999198913574,""hfov"":7.293355464935303,""vfov"":4.106302738189697,""state"":0,""max_aov_h"":90.0,""max_aov_v"":58.71550750732422,""min_aov_h"":1.40625,""min_aov_v"":0.7910428047180176,""max_zoom"":64.0}",7.1816391
20936207992800,target_offset,652,"{""x_angle_offset"":0.03798622637987137,""y_angle_offset"":-0.11406396494971381}",7.1894589
20936214608800,range,1179,"{""message_type"":""GLOBAL_VISION_POSITION_ESTIMATE"",""x"":46.94834518432617,""y"":39.34885025024414}",7.1960749
20936214820300,attitude,1220,"{""message_type"":""ATTITUDE"",""time_boot_ms"":123270,""roll"":-0.014771193265914917,""pitch"":-0.15863370895385742,""yaw"":-3.1210434436798096,""rollspeed"":0.013846694491803646,""pitchspeed"":-0.05195729807019234,""yawspeed"":-0.0032722712494432926}",7.1962864
20936226034900,fov,3032,"{""zoom"":12.339999198913574,""hfov"":7.293355464935303,""vfov"":4.106302738189697,""state"":0,""max_aov_h"":90.0,""max_aov_v"":58.71550750732422,""min_aov_h"":1.40625,""min_aov_v"":0.7910428047180176,""max_zoom"":64.0}",7.207501
20936226848400,gimbal,3032,"{""imu_roll"":0.0,""imu_pitch"":15.094721794128418,""imu_yaw"":0.10994100570678711,""frame_roll"":0.0,""frame_pitch"":15.094721794128418,""frame_yaw"":0.10994100570678711,""pitch_speed"":0.0,""yaw_speed"":0.0}",7.2083145
20936232439300,target_offset,653,"{""x_angle_offset"":0.030388981103897095,""y_angle_offset"":-0.11406396494971381}",7.2139054
20936246742700,fov,3033,"{""zoom"":12.339999198913574,""hfov"":7.293355464935303,""vfov"":4.106302738189697,""state"":0,""max_aov_h"":90.0,""max_aov_v"":58.71550750732422,""min_aov_h"":1.40625,""min_aov_v"":0.7910428047180176,""max_zoom"":64.0}",7.2282088
20936247255900,gimbal,3033,"{""imu_roll"":0.0,""imu_pitch"":15.06471061706543,""imu_yaw"":0.11507291346788406,""frame_roll"":0.0,""frame_pitch"":15.06471061706543,""frame_yaw"":0.11507291346788406,""pitch_speed"":0.0,""yaw_speed"":0.0}",7.228722
20936257829400,attitude,1221,"{""message_type"":""ATTITUDE"",""time_boot_ms"":123310,""roll"":-0.014053050428628922,""pitch"":-0.1606471687555313,""yaw"":-3.12119722366333,""rollspeed"":0.013839663937687874,""pitchspeed"":-0.05246329680085182,""yawspeed"":-0.002866953145712614}",7.2392955
20936258143200,vfr,612,"{""message_type"":""VFR_HUD"",""airspeed"":33.99226379394531,""alt"":174.70999145507812}",7.2396093
20936258283900,position,612,"{""message_type"":""GLOBAL_POSITION_INT"",""lat"":469511779,""lon"":393489567}",7.23975
20936269770600,fov,3034,"{""zoom"":12.339999198913574,""hfov"":7.293355464935303,""vfov"":4.106302738189697,""state"":0,""max_aov_h"":90.0,""max_aov_v"":58.71550750732422,""min_aov_h"":1.40625,""min_aov_v"":0.7910428047180176,""max_zoom"":64.0}",7.2512367
20936270225100,gimbal,3034,"{""imu_roll"":0.0,""imu_pitch"":15.041242599487305,""imu_yaw"":0.11917772889137268,""frame_roll"":0.0,""frame_pitch"":15.041242599487305,""frame_yaw"":0.11917772889137268,""pitch_speed"":0.0,""yaw_speed"":0.0}",7.2516912
20936280471200,target_offset,654,"{""x_angle_offset"":0.030388981103897095,""y_angle_offset"":-0.12166822927969473}",7.2619373
20936291772300,fov,3035,"{""zoom"":12.339999198913574,""hfov"":7.293355464935303,""vfov"":4.106302738189697,""state"":0,""max_aov_h"":90.0,""max_aov_v"":58.71550750732422,""min_aov_h"":1.40625,""min_aov_v"":0.7910428047180176,""max_zoom"":64.0}",7.2732384
20936292417200,gimbal,3035,"{""imu_roll"":0.0,""imu_pitch"":15.013577461242676,""imu_yaw"":0.12208037078380585,""frame_roll"":0.0,""frame_pitch"":15.013577461242676,""frame_yaw"":0.12208037078380585,""pitch_speed"":0.0,""yaw_speed"":0.0}",7.2738833
20936316715200,fov,3036,"{""zoom"":12.339999198913574,""hfov"":7.293355464935303,""vfov"":4.106302738189697,""state"":0,""max_aov_h"":90.0,""max_aov_v"":58.71550750732422,""min_aov_h"":1.40625,""min_aov_v"":0.7910428047180176,""max_zoom"":64.0}",7.2981813
20936317335200,gimbal,3036,"{""imu_roll"":0.0,""imu_pitch"":14.990304946899414,""imu_yaw"":0.1244957223534584,""frame_roll"":0.0,""frame_pitch"":14.990304946899414,""frame_yaw"":0.1244957223534584,""pitch_speed"":0.0,""yaw_speed"":0.0}",7.2988013
20936325902500,attitude,1222,"{""message_type"":""ATTITUDE"",""time_boot_ms"":123370,""roll"":-0.01296344492584467,""pitch"":-0.16370682418346405,""yaw"":-3.1214025020599365,""rollspeed"":0.014404436573386192,""pitchspeed"":-0.053610458970069885,""yawspeed"":-0.002298116683959961}",7.3073686
20936327169500,target_offset,655,"{""x_angle_offset"":0.030388981103897095,""y_angle_offset"":-0.13687675793965656}",7.3086356
20936333345100,range,1180,"{""message_type"":""GLOBAL_VISION_POSITION_ESTIMATE"",""x"":46.94834518432617,""y"":39.34885025024414}",7.3148112
20936344852000,range,1181,"{""message_type"":""GLOBAL_VISION_POSITION_ESTIMATE"",""x"":46.94834518432617,""y"":39.34885025024414}",7.3263181
20936345755300,fov,3037,"{""zoom"":12.339999198913574,""hfov"":7.293355464935303,""vfov"":4.106302738189697,""state"":0,""max_aov_h"":90.0,""max_aov_v"":58.71550750732422,""min_aov_h"":1.40625,""min_aov_v"":0.7910428047180176,""max_zoom"":64.0}",7.3272214
20936347002700,gimbal,3037,"{""imu_roll"":0.0,""imu_pitch"":14.945784568786621,""imu_yaw"":0.132587268948555,""frame_roll"":0.0,""frame_pitch"":14.945784568786621,""frame_yaw"":0.132587268948555,""pitch_speed"":0.0,""yaw_speed"":0.0}",7.3284688
20936355738900,target_offset,656,"{""x_angle_offset"":0.030388981103897095,""y_angle_offset"":-0.1520852865996184}",7.337205
20936362995300,position,613,"{""message_type"":""GLOBAL_POSITION_INT"",""lat"":469511779,""lon"":393489567}",7.3444614
20936363164500,attitude,1223,"{""message_type"":""ATTITUDE"",""time_boot_ms"":123410,""roll"":-0.012218051590025425,""pitch"":-0.16578958928585052,""yaw"":-3.1215291023254395,""rollspeed"":0.014823207631707191,""pitchspeed"":-0.05430016294121742,""yawspeed"":-0.0019728022161871195}",7.3446306
20936363478900,vfr,613,"{""message_type"":""VFR_HUD"",""airspeed"":34.15730285644531,""alt"":173.94000244140625}",7.344945
20936369489900,fov,3038,"{""zoom"":12.339999198913574,""hfov"":7.293355464935303,""vfov"":4.106302738189697,""state"":0,""max_aov_h"":90.0,""max_aov_v"":58.71550750732422,""min_aov_h"":1.40625,""min_aov_v"":0.7910428047180176,""max_zoom"":64.0}",7.350956
20936369770800,gimbal,3038,"{""imu_roll"":0.0,""imu_pitch"":14.906760215759277,""imu_yaw"":0.13766436278820038,""frame_roll"":0.0,""frame_pitch"":14.906760215759277,""frame_yaw"":0.13766436278820038,""pitch_speed"":0.0,""yaw_speed"":0.0}",7.3512369
20936407954000,target_offset,657,"{""x_angle_offset"":0.030388981103897095,""y_angle_offset"":-0.15968955092959933}",7.3894201
20936416157300,fov,3039,"{""zoom"":12.339999198913574,""hfov"":7.293355464935303,""vfov"":4.106302738189697,""state"":0,""max_aov_h"":90.0,""max_aov_v"":58.71550750732422,""min_aov_h"":1.40625,""min_aov_v"":0.7910428047180176,""max_zoom"":64.0}",7.3976234
20936416666000,gimbal,3039,"{""imu_roll"":0.0,""imu_pitch"":14.859048843383789,""imu_yaw"":0.14330962300300598,""frame_roll"":0.0,""frame_pitch"":14.859048843383789,""frame_yaw"":0.14330962300300598,""pitch_speed"":0.0,""yaw_speed"":0.0}",7.3981321
20936430906800,attitude,1224,"{""message_type"":""ATTITUDE"",""time_boot_ms"":123470,""roll"":-0.011052682995796204,""pitch"":-0.16901756823062897,""yaw"":-3.1217050552368164,""rollspeed"":0.015023652464151382,""pitchspeed"":-0.05565093830227852,""yawspeed"":-0.0015342344995588064}",7.4123729
20936439385900,fov,3040,"{""zoom"":12.339999198913574,""hfov"":7.293355464935303,""vfov"":4.106302738189697,""state"":0,""max_aov_h"":90.0,""max_aov_v"":58.71550750732422,""min_aov_h"":1.40625,""min_aov_v"":0.7910428047180176,""max_zoom"":64.0}",7.420852
20936439826700,gimbal,3040,"{""imu_roll"":0.0,""imu_pitch"":14.82654094696045,""imu_yaw"":0.14592339098453522,""frame_roll"":0.0,""frame_pitch"":14.82654094696045,""frame_yaw"":0.14592339098453522,""pitch_speed"":0.0,""yaw_speed"":0.0}",7.4212928
20936463092400,fov,3041,"{""zoom"":12.339999198913574,""hfov"":7.293355464935303,""vfov"":4.106302738189697,""state"":0,""max_aov_h"":90.0,""max_aov_v"":58.71550750732422,""min_aov_h"":1.40625,""min_aov_v"":0.7910428047180176,""max_zoom"":64.0}",7.4445585
20936463396800,gimbal,3041,"{""imu_roll"":0.0,""imu_pitch"":14.805760383605957,""imu_yaw"":0.1472804993391037,""frame_roll"":0.0,""frame_pitch"":14.805760383605957,""frame_yaw"":0.1472804993391037,""pitch_speed"":0.0,""yaw_speed"":0.0}",7.4448629
20936478888900,target_offset,658,"{""x_angle_offset"":0.030388981103897095,""y_angle_offset"":-0.16729381525958026}",7.460355
20936485576300,vfr,614,"{""message_type"":""VFR_HUD"",""airspeed"":34.323421478271484,""alt"":173.16000366210938}",7.4670424
20936486655600,position,614,"{""message_type"":""GLOBAL_POSITION_INT"",""lat"":469511097,""lon"":393489549}",7.4681217
20936486974600,attitude,1225,"{""message_type"":""ATTITUDE"",""time_boot_ms"":123510,""roll"":-0.010295403189957142,""pitch"":-0.17122027277946472,""yaw"":-3.121821165084839,""rollspeed"":0.014103967696428299,""pitchspeed"":-0.056420259177684784,""yawspeed"":-0.0013642993289977312}",7.4684407
20936491088100,range,1182,"{""message_type"":""GLOBAL_VISION_POSITION_ESTIMATE"",""x"":46.948280334472656,""y"":39.34885025024414}",7.4725542
20936491327900,fov,3042,"{""zoom"":12.339999198913574,""hfov"":7.293355464935303,""vfov"":4.106302738189697,""state"":0,""max_aov_h"":90.0,""max_aov_v"":58.71550750732422,""min_aov_h"":1.40625,""min_aov_v"":0.7910428047180176,""max_zoom"":64.0}",7.472794
20936491780800,gimbal,3042,"{""imu_roll"":0.0,""imu_pitch"":14.790464401245117,""imu_yaw"":0.14802014827728271,""frame_roll"":0.0,""frame_pitch"":14.790464401245117,""frame_yaw"":0.14802014827728271,""pitch_speed"":0.0,""yaw_speed"":0.0}",7.4732469
20936500841900,target_offset,659,"{""x_angle_offset"":0.02279173582792282,""y_angle_offset"":-0.17489807958956116}",7.482308
20936507451900,range,1183,"{""message_type"":""GLOBAL_VISION_POSITION_ESTIMATE"",""x"":46.948280334472656,""y"":39.34885025024414}",7.488918
20936516115000,fov,3043,"{""zoom"":12.339999198913574,""hfov"":7.293355464935303,""vfov"":4.106302738189697,""state"":0,""max_aov_h"":90.0,""max_aov_v"":58.71550750732422,""min_aov_h"":1.40625,""min_aov_v"":0.7910428047180176,""max_zoom"":64.0}",7.4975811
20936516819000,gimbal,3043,"{""imu_roll"":0.0,""imu_pitch"":14.739501953125,""imu_yaw"":0.1493101269006729,""frame_roll"":0.0,""frame_pitch"":14.739501953125,""frame_yaw"":0.1493101269006729,""pitch_speed"":0.0,""yaw_speed"":0.0}",7.4982851
20936525521300,target_offset,660,"{""x_angle_offset"":0.02279173582792282,""y_angle_offset"":-0.1825023439195421}",7.5069874
20936537093000,fov,3044,"{""zoom"":12.339999198913574,""hfov"":7.293355464935303,""vfov"":4.106302738189697,""state"":0,""max_aov_h"":90.0,""max_aov_v"":58.71550750732422,""min_aov_h"":1.40625,""min_aov_v"":0.7910428047180176,""max_zoom"":64.0}",7.5185591
20936537594500,gimbal,3044,"{""imu_roll"":0.0,""imu_pitch"":14.698933601379395,""imu_yaw"":0.1499713808298111,""frame_roll"":0.0,""frame_pitch"":14.698933601379395,""frame_yaw"":0.1499713808298111,""pitch_speed"":0.0,""yaw_speed"":0.0}",7.5190606
20936551395100,attitude,1226,"{""message_type"":""ATTITUDE"",""time_boot_ms"":123570,""roll"":-0.009240026585757732,""pitch"":-0.1745576560497284,""yaw"":-3.121986150741577,""rollspeed"":0.012702584266662598,""pitchspeed"":-0.05684683471918106,""yawspeed"":-0.0010874492581933737}",7.5328612
20936566705500,fov,3045,"{""zoom"":12.339999198913574,""hfov"":7.293355464935303,""vfov"":4.106302738189697,""state"":0,""max_aov_h"":90.0,""max_aov_v"":58.71550750732422,""min_aov_h"":1.40625,""min_aov_v"":0.7910428047180176,""max_zoom"":64.0}",7.5481716
20936567826400,gimbal,3045,"{""imu_roll"":0.0,""imu_pitch"":14.654662132263184,""imu_yaw"":0.15012356638908386,""frame_roll"":0.0,""frame_pitch"":14.654662132263184,""frame_yaw"":0.15012356638908386,""pitch_speed"":0.0,""yaw_speed"":0.0}",7.5492925
20936569863600,target_offset,661,"{""x_angle_offset"":0.02279173582792282,""y_angle_offset"":-0.19771087257950393}",7.5513297
20936593471800,fov,3046,"{""zoom"":12.339999198913574,""hfov"":7.293355464935303,""vfov"":4.106302738189697,""state"":0,""max_aov_h"":90.0,""max_aov_v"":58.71550750732422,""min_aov_h"":1.40625,""min_aov_v"":0.7910428047180176,""max_zoom"":64.0}",7.5749379
20936593799600,gimbal,3046,"{""imu_roll"":0.0,""imu_pitch"":14.59986686706543,""imu_yaw"":0.15057675540447235,""frame_roll"":0.0,""frame_pitch"":14.59986686706543,""frame_yaw"":0.15057675540447235,""pitch_speed"":0.0,""yaw_speed"":0.0}",7.5752657
20936598754500,attitude,1227,"{""message_type"":""ATTITUDE"",""time_boot_ms"":123610,""roll"":-0.008564229123294353,""pitch"":-0.176801398396492,""yaw"":-3.122096061706543,""rollspeed"":0.012315752916038036,""pitchspeed"":-0.057512082159519196,""yawspeed"":-0.000955803319811821}",7.5802206
20936599154400,vfr,615,"{""message_type"":""VFR_HUD"",""airspeed"":34.48984146118164,""alt"":172.36000061035156}",7.5806205
20936599295100,position,615,"{""message_type"":""GLOBAL_POSITION_INT"",""lat"":469511097,""lon"":393489549}",7.5807612
20936603730700,target_offset,662,"{""x_angle_offset"":0.02279173582792282,""y_angle_offset"":-0.19771087257950393}",7.5851968
20936611922700,fov,3047,"{""zoom"":12.339999198913574,""hfov"":7.293355464935303,""vfov"":4.106302738189697,""state"":0,""max_aov_h"":90.0,""max_aov_v"":58.71550750732422,""min_aov_h"":1.40625,""min_aov_v"":0.7910428047180176,""max_zoom"":64.0}",7.5933888
20936612194000,gimbal,3047,"{""imu_roll"":0.0,""imu_pitch"":14.554670333862305,""imu_yaw"":0.1509876698255539,""frame_roll"":0.0,""frame_pitch"":14.554670333862305,""frame_yaw"":0.1509876698255539,""pitch_speed"":0.0,""yaw_speed"":0.0}",7.5936601
20936632178900,fov,3048,"{""zoom"":12.339999198913574,""hfov"":7.293355464935303,""vfov"":4.106302738189697,""state"":0,""max_aov_h"":90.0,""max_aov_v"":58.71550750732422,""min_aov_h"":1.40625,""min_aov_v"":0.7910428047180176,""max_zoom"":64.0}",7.613645
20936632660700,gimbal,3048,"{""imu_roll"":0.0,""imu_pitch"":14.52487564086914,""imu_yaw"":0.1510516256093979,""frame_roll"":0.0,""frame_pitch"":14.52487564086914,""frame_yaw"":0.1510516256093979,""pitch_speed"":0.0,""yaw_speed"":0.0}",7.6141268
20936649618900,target_offset,663,"{""x_angle_offset"":0.02279173582792282,""y_angle_offset"":-0.20531513690948486}",7.631085
20936660658000,range,1184,"{""message_type"":""GLOBAL_VISION_POSITION_ESTIMATE"",""x"":46.948280334472656,""y"":39.34885025024414}",7.6421241
20936662443700,fov,3049,"{""zoom"":12.339999198913574,""hfov"":7.293355464935303,""vfov"":4.106302738189697,""state"":0,""max_aov_h"":90.0,""max_aov_v"":58.71550750732422,""min_aov_h"":1.40625,""min_aov_v"":0.7910428047180176,""max_zoom"":64.0}",7.6439098
20936662942200,gimbal,3049,"{""imu_roll"":0.0,""imu_pitch"":14.45589828491211,""imu_yaw"":0.15132196247577667,""frame_roll"":0.0,""frame_pitch"":14.45589828491211,""frame_yaw"":0.15132196247577667,""pitch_speed"":0.0,""yaw_speed"":0.0}",7.6444083
20936669262800,target_offset,664,"{""x_angle_offset"":0.02279173582792282,""y_angle_offset"":-0.19771087257950393}",7.6507289
20936673533500,range,1185,"{""message_type"":""GLOBAL_VISION_POSITION_ESTIMATE"",""x"":46.948280334472656,""y"":39.34885025024414}",7.6549996
20936673850300,attitude,1228,"{""message_type"":""ATTITUDE"",""time_boot_ms"":123670,""roll"":-0.0076348865404725075,""pitch"":-0.1806357353925705,""yaw"":-3.122260332107544,""rollspeed"":0.010381720960140228,""pitchspeed"":-0.05909186601638794,""yawspeed"":-0.000943751772865653}",7.6553164
20936688240500,fov,3050,"{""zoom"":12.339999198913574,""hfov"":7.293355464935303,""vfov"":4.106302738189697,""state"":0,""max_aov_h"":90.0,""max_aov_v"":58.71550750732422,""min_aov_h"":1.40625,""min_aov_v"":0.7910428047180176,""max_zoom"":64.0}",7.6697066
20936689516700,gimbal,3050,"{""imu_roll"":0.0,""imu_pitch"":14.399344444274902,""imu_yaw"":0.15143682062625885,""frame_roll"":0.0,""frame_pitch"":14.399344444274902,""frame_yaw"":0.15143682062625885,""pitch_speed"":0.0,""yaw_speed"":0.0}",7.6709828
20936706015600,position,616,"{""message_type"":""GLOBAL_POSITION_INT"",""lat"":469510396,""lon"":393489532}",7.6874817
20936706168100,attitude,1229,"{""message_type"":""ATTITUDE"",""time_boot_ms"":123710,""roll"":-0.007060596253722906,""pitch"":-0.1837705820798874,""yaw"":-3.1223745346069336,""rollspeed"":0.010006723925471306,""pitchspeed"":-0.06054157391190529,""yawspeed"":-0.0009419224224984646}",7.6876342
20936706405300,vfr,616,"{""message_type"":""VFR_HUD"",""airspeed"":34.65623474121094,""alt"":171.52999877929688}",7.6878714
20936715288400,fov,3051,"{""zoom"":12.339999198913574,""hfov"":7.293355464935303,""vfov"":4.106302738189697,""state"":0,""max_aov_h"":90.0,""max_aov_v"":58.71550750732422,""min_aov_h"":1.40625,""min_aov_v"":0.7910428047180176,""max_zoom"":64.0}",7.6967545
20936715821300,gimbal,3051,"{""imu_roll"":0.0,""imu_pitch"":14.3538179397583,""imu_yaw"":0.1510203331708908,""frame_roll"":0.0,""frame_pitch"":14.3538179397583,""frame_yaw"":0.1510203331708908,""pitch_speed"":0.0,""yaw_speed"":0.0}",7.6972874
20936721203700,target_offset,665,"{""x_angle_offset"":0.02279173582792282,""y_angle_offset"":-0.19010660824952302}",7.7026698
20936741104000,fov,3052,"{""zoom"":12.339999198913574,""hfov"":7.293355464935303,""vfov"":4.106302738189697,""state"":0,""max_aov_h"":90.0,""max_aov_v"":58.71550750732422,""min_aov_h"":1.40625,""min_aov_v"":0.7910428047180176,""max_zoom"":64.0}",7.7225701
20936741449300,gimbal,3052,"{""imu_roll"":0.0,""imu_pitch"":14.302533149719238,""imu_yaw"":0.15124626457691193,""frame_roll"":0.0,""frame_pitch"":14.302533149719238,""frame_yaw"":0.15124626457691193,""pitch_speed"":0.0,""yaw_speed"":0.0}",7.7229154
20936762971800,fov,3053,"{""zoom"":12.339999198913574,""hfov"":7.293355464935303,""vfov"":4.106302738189697,""state"":0,""max_aov_h"":90.0,""max_aov_v"":58.71550750732422,""min_aov_h"":1.40625,""min_aov_v"":0.7910428047180176,""max_zoom"":64.0}",7.7444379
20936763369000,gimbal,3053,"{""imu_roll"":0.0,""imu_pitch"":14.270378112792969,""imu_yaw"":0.15108799934387207,""frame_roll"":0.0,""frame_pitch"":14.270378112792969,""frame_yaw"":0.15108799934387207,""pitch_speed"":0.0,""yaw_speed"":0.0}",7.7448351
20936770265400,attitude,1230,"{""message_type"":""ATTITUDE"",""time_boot_ms"":123770,""roll"":-0.0062545896507799625,""pitch"":-0.1885771006345749,""yaw"":-3.1225523948669434,""rollspeed"":0.008825724013149738,""pitchspeed"":-0.0623563677072525,""yawspeed"":-0.0010939105413854122}",7.7517315
20936776679000,target_offset,666,"{""x_angle_offset"":0.030388981103897095,""y_angle_offset"":-0.17489807958956116}",7.7581451
20936790818900,fov,3054,"{""zoom"":12.339999198913574,""hfov"":7.293355464935303,""vfov"":4.106302738189697,""state"":0,""max_aov_h"":90.0,""max_aov_v"":58.71550750732422,""min_aov_h"":1.40625,""min_aov_v"":0.7910428047180176,""max_zoom"":64.0}",7.772285
20936791248300,gimbal,3054,"{""imu_roll"":0.0,""imu_pitch"":14.225682258605957,""imu_yaw"":0.15677900612354279,""frame_roll"":0.0,""frame_pitch"":14.225682258605957,""frame_yaw"":0.15677900612354279,""pitch_speed"":0.0,""yaw_speed"":0.0}",7.7727144
20936800775800,target_offset,667,"{""x_angle_offset"":0.030388981103897095,""y_angle_offset"":-0.16729381525958026}",7.7822419
20936812151700,fov,3055,"{""zoom"":12.339999198913574,""hfov"":7.293355464935303,""vfov"":4.106302738189697,""state"":0,""max_aov_h"":90.0,""max_aov_v"":58.71550750732422,""min_aov_h"":1.40625,""min_aov_v"":0.7910428047180176,""max_zoom"":64.0}",7.7936178
20936812456000,gimbal,3055,"{""imu_roll"":0.0,""imu_pitch"":14.177055358886719,""imu_yaw"":0.16142092645168304,""frame_roll"":0.0,""frame_pitch"":14.177055358886719,""frame_yaw"":0.16142092645168304,""pitch_speed"":0.0,""yaw_speed"":0.0}",7.7939221
20936814013500,range,1186,"{""message_type"":""GLOBAL_VISION_POSITION_ESTIMATE"",""x"":46.94902038574219,""y"":39.3488883972168}",7.7954796
20936815221100,range,1187,"{""message_type"":""GLOBAL_VISION_POSITION_ESTIMATE"",""x"":46.94902038574219,""y"":39.3488883972168}",7.7966872
20936815405300,attitude,1231,"{""message_type"":""ATTITUDE"",""time_boot_ms"":123810,""roll"":-0.005770913790911436,""pitch"":-0.19179750978946686,""yaw"":-3.122680902481079,""rollspeed"":0.007336663082242012,""pitchspeed"":-0.062175337225198746,""yawspeed"":-0.0012320000678300858}",7.7968714
20936815610700,vfr,617,"{""message_type"":""VFR_HUD"",""airspeed"":34.822269439697266,""alt"":170.69000244140625}",7.7970768
20936815704000,position,617,"{""message_type"":""GLOBAL_POSITION_INT"",""lat"":469510396,""lon"":393489532}",7.7971701
20936841311400,fov,3056,"{""zoom"":12.339999198913574,""hfov"":7.293355464935303,""vfov"":4.106302738189697,""state"":0,""max_aov_h"":90.0,""max_aov_v"":58.71550750732422,""min_aov_h"":1.40625,""min_aov_v"":0.7910428047180176,""max_zoom"":64.0}",7.8227775
20936841752900,gimbal,3056,"{""imu_roll"":0.0,""imu_pitch"":14.141572952270508,""imu_yaw"":0.16452644765377045,""frame_roll"":0.0,""frame_pitch"":14.141572952270508,""frame_yaw"":0.16452644765377045,""pitch_speed"":0.0,""yaw_speed"":0.0}",7.823219
20936847768300,target_offset,668,"{""x_angle_offset"":0.030388981103897095,""y_angle_offset"":-0.15968955092959933}",7.8292344
20936865100800,fov,3057,"{""zoom"":12.339999198913574,""hfov"":7.293355464935303,""vfov"":4.106302738189697,""state"":0,""max_aov_h"":90.0,""max_aov_v"":58.71550750732422,""min_aov_h"":1.40625,""min_aov_v"":0.7910428047180176,""max_zoom"":64.0}",7.8465669
20936865540600,gimbal,3057,"{""imu_roll"":0.0,""imu_pitch"":14.101397514343262,""imu_yaw"":0.16704000532627106,""frame_roll"":0.0,""frame_pitch"":14.101397514343262,""frame_yaw"":0.16704000532627106,""pitch_speed"":0.0,""yaw_speed"":0.0}",7.8470067
20936875295200,target_offset,669,"{""x_angle_offset"":0.030388981103897095,""y_angle_offset"":-0.15968955092959933}",7.8567613
20936879442100,attitude,1232,"{""message_type"":""ATTITUDE"",""time_boot_ms"":123870,""roll"":-0.005160972476005554,""pitch"":-0.19655568897724152,""yaw"":-3.1228928565979004,""rollspeed"":0.004999945871531963,""pitchspeed"":-0.06054677441716194,""yawspeed"":-0.001619237009435892}",7.8609082
20936885883000,fov,3058,"{""zoom"":12.339999198913574,""hfov"":7.293355464935303,""vfov"":4.106302738189697,""state"":0,""max_aov_h"":90.0,""max_aov_v"":58.71550750732422,""min_aov_h"":1.40625,""min_aov_v"":0.7910428047180176,""max_zoom"":64.0}",7.8673491
20936886172700,gimbal,3058,"{""imu_roll"":0.0,""imu_pitch"":14.063504219055176,""imu_yaw"":0.16885815560817719,""frame_roll"":0.0,""frame_pitch"":14.063504219055176,""frame_yaw"":0.16885815560817719,""pitch_speed"":0.0,""yaw_speed"":0.0}",7.8676388
20936905144700,fov,3059,"{""zoom"":12.339999198913574,""hfov"":7.293355464935303,""vfov"":4.106302738189697,""state"":0,""max_aov_h"":90.0,""max_aov_v"":58.71550750732422,""min_aov_h"":1.40625,""min_aov_v"":0.7910428047180176,""max_zoom"":64.0}",7.8866108
20936905403200,gimbal,3059,"{""imu_roll"":0.0,""imu_pitch"":14.038041114807129,""imu_yaw"":0.1700184941291809,""frame_roll"":0.0,""frame_pitch"":14.038041114807129,""frame_yaw"":0.1700184941291809,""pitch_speed"":0.0,""yaw_speed"":0.0}",7.8868693
20936917919000,target_offset,670,"{""x_angle_offset"":0.02279173582792282,""y_angle_offset"":-0.15968955092959933}",7.8993851
20936923614500,vfr,618,"{""message_type"":""VFR_HUD"",""airspeed"":34.98811340332031,""alt"":169.8199920654297}",7.9050806
20936923908000,position,618,"{""message_type"":""GLOBAL_POSITION_INT"",""lat"":469509705,""lon"":393489514}",7.9053741
20936924052500,attitude,1233,"{""message_type"":""ATTITUDE"",""time_boot_ms"":123910,""roll"":-0.0049246931448578835,""pitch"":-0.19879800081253052,""yaw"":-3.1230409145355225,""rollspeed"":0.0021500091534107924,""pitchspeed"":-0.059207793325185776,""yawspeed"":-0.0019040806218981743}",7.9055186
20936930797700,fov,3060,"{""zoom"":12.339999198913574,""hfov"":7.293355464935303,""vfov"":4.106302738189697,""state"":0,""max_aov_h"":90.0,""max_aov_v"":58.71550750732422,""min_aov_h"":1.40625,""min_aov_v"":0.7910428047180176,""max_zoom"":64.0}",7.9122638
20936931495600,gimbal,3060,"{""imu_roll"":0.0,""imu_pitch"":13.994470596313477,""imu_yaw"":0.17142900824546814,""frame_roll"":0.0,""frame_pitch"":13.994470596313477,""frame_yaw"":0.17142900824546814,""pitch_speed"":0.0,""yaw_speed"":0.0}",7.9129617
20936960345500,fov,3061,"{""zoom"":12.339999198913574,""hfov"":7.293355464935303,""vfov"":4.106302738189697,""state"":0,""max_aov_h"":90.0,""max_aov_v"":58.71550750732422,""min_aov_h"":1.40625,""min_aov_v"":0.7910428047180176,""max_zoom"":64.0}",7.9418116
20936960967900,gimbal,3061,"{""imu_roll"":0.0,""imu_pitch"":13.957230567932129,""imu_yaw"":0.1726827770471573,""frame_roll"":0.0,""frame_pitch"":13.957230567932129,""frame_yaw"":0.1726827770471573,""pitch_speed"":0.0,""yaw_speed"":0.0}",7.942434
20936962522900,target_offset,671,"{""x_angle_offset"":0.015194490551948547,""y_angle_offset"":-0.17489807958956116}",7.943989
20936968503300,range,1188,"{""message_type"":""GLOBAL_VISION_POSITION_ESTIMATE"",""x"":46.948944091796875,""y"":39.3488883972168}",7.9499694
20936979016700,fov,3062,"{""zoom"":12.339999198913574,""hfov"":7.293355464935303,""vfov"":4.106302738189697,""state"":0,""max_aov_h"":90.0,""max_aov_v"":58.71550750732422,""min_aov_h"":1.40625,""min_aov_v"":0.7910428047180176,""max_zoom"":64.0}",7.9604828
20936979355000,gimbal,3062,"{""imu_roll"":0.0,""imu_pitch"":13.918496131896973,""imu_yaw"":0.17344646155834198,""frame_roll"":0.0,""frame_pitch"":13.918496131896973,""frame_yaw"":0.17344646155834198,""pitch_speed"":0.0,""yaw_speed"":0.0}",7.9608211
20936981997700,range,1189,"{""message_type"":""GLOBAL_VISION_POSITION_ESTIMATE"",""x"":46.948944091796875,""y"":39.3488883972168}",7.9634638
20936982189000,attitude,1234,"{""message_type"":""ATTITUDE"",""time_boot_ms"":123970,""roll"":-0.004737073089927435,""pitch"":-0.20205868780612946,""yaw"":-3.123288631439209,""rollspeed"":-0.0010134282056242228,""pitchspeed"":-0.05728046968579292,""yawspeed"":-0.0024907574988901615}",7.9636551
20937004620000,fov,3063,"{""zoom"":12.339999198913574,""hfov"":7.293355464935303,""vfov"":4.106302738189697,""state"":0,""max_aov_h"":90.0,""max_aov_v"":58.71550750732422,""min_aov_h"":1.40625,""min_aov_v"":0.7910428047180176,""max_zoom"":64.0}",7.9860861
20937005329800,gimbal,3063,"{""imu_roll"":0.0,""imu_pitch"":13.883907318115234,""imu_yaw"":0.17430725693702698,""frame_roll"":0.0,""frame_pitch"":13.883907318115234,""frame_yaw"":0.17430725693702698,""pitch_speed"":0.0,""yaw_speed"":0.0}",7.9867959
20937013882200,target_offset,672,"{""x_angle_offset"":0.015194490551948547,""y_angle_offset"":-0.1825023439195421}",7.9953483
20937021529900,vfr,619,"{""message_type"":""VFR_HUD"",""airspeed"":35.15340042114258,""alt"":168.92999267578125}",8.002996
20937021733500,position,619,"{""message_type"":""GLOBAL_POSITION_INT"",""lat"":469509705,""lon"":393489514}",8.0031996
20937021888500,attitude,1235,"{""message_type"":""ATTITUDE"",""time_boot_ms"":124010,""roll"":-0.004716010764241219,""pitch"":-0.204201340675354,""yaw"":-3.1234755516052246,""rollspeed"":-0.0032832499127835035,""pitchspeed"":-0.056948937475681305,""yawspeed"":-0.002895097015425563}",8.0033546
20937032155200,fov,3064,"{""zoom"":12.339999198913574,""hfov"":7.293355464935303,""vfov"":4.106302738189697,""state"":0,""max_aov_h"":90.0,""max_aov_v"":58.71550750732422,""min_aov_h"":1.40625,""min_aov_v"":0.7910428047180176,""max_zoom"":64.0}",8.0136213
20937032739200,gimbal,3064,"{""imu_roll"":0.0,""imu_pitch"":13.834985733032227,""imu_yaw"":0.17493756115436554,""frame_roll"":0.0,""frame_pitch"":13.834985733032227,""frame_yaw"":0.17493756115436554,""pitch_speed"":0.0,""yaw_speed"":0.0}",8.0142053
20937043552700,target_offset,673,"{""x_angle_offset"":0.007597245275974274,""y_angle_offset"":-0.19010660824952302}",8.0250188
20937052709000,fov,3065,"{""zoom"":12.339999198913574,""hfov"":7.293355464935303,""vfov"":4.106302738189697,""state"":0,""max_aov_h"":90.0,""max_aov_v"":58.71550750732422,""min_aov_h"":1.40625,""min_aov_v"":0.7910428047180176,""max_zoom"":64.0}",8.0341751
20937053202300,gimbal,3065,"{""imu_roll"":0.0,""imu_pitch"":13.783252716064453,""imu_yaw"":0.17538931965827942,""frame_roll"":0.0,""frame_pitch"":13.783252716064453,""frame_yaw"":0.17538931965827942,""pitch_speed"":0.0,""yaw_speed"":0.0}",8.0346684
20937081641300,fov,3066,"{""zoom"":12.339999198913574,""hfov"":7.293355464935303,""vfov"":4.106302738189697,""state"":0,""max_aov_h"":90.0,""max_aov_v"":58.71550750732422,""min_aov_h"":1.40625,""min_aov_v"":0.7910428047180176,""max_zoom"":64.0}",8.0631074
20937082095600,gimbal,3066,"{""imu_roll"":0.0,""imu_pitch"":13.743389129638672,""imu_yaw"":0.17616645991802216,""frame_roll"":0.0,""frame_pitch"":13.743389129638672,""frame_yaw"":0.17616645991802216,""pitch_speed"":0.0,""yaw_speed"":0.0}",8.0635617
20937089362900,target_offset,674,"{""x_angle_offset"":0.007597245275974274,""y_angle_offset"":-0.19771087257950393}",8.070829
20937095169200,attitude,1236,"{""message_type"":""ATTITUDE"",""time_boot_ms"":124070,""roll"":-0.004762172233313322,""pitch"":-0.20740190148353577,""yaw"":-3.1237804889678955,""rollspeed"":-0.004315207712352276,""pitchspeed"":-0.05681562423706055,""yawspeed"":-0.0034669465385377407}",8.0766353
20937107803300,fov,3067,"{""zoom"":12.339999198913574,""hfov"":7.293355464935303,""vfov"":4.106302738189697,""state"":0,""max_aov_h"":90.0,""max_aov_v"":58.71550750732422,""min_aov_h"":1.40625,""min_aov_v"":0.7910428047180176,""max_zoom"":64.0}",8.0892694
20937108115600,gimbal,3067,"{""imu_roll"":0.0,""imu_pitch"":13.68813705444336,""imu_yaw"":0.17650151252746582,""frame_roll"":0.0,""frame_pitch"":13.68813705444336,""frame_yaw"":0.17650151252746582,""pitch_speed"":0.0,""yaw_speed"":0.0}",8.0895817
20937110943600,range,1190,"{""message_type"":""GLOBAL_VISION_POSITION_ESTIMATE"",""x"":46.948944091796875,""y"":39.3488883972168}",8.0924097
20937117081100,target_offset,675,"{""x_angle_offset"":0.0,""y_angle_offset"":-0.19771087257950393}",8.0985472
20937121563900,range,1191,"{""message_type"":""GLOBAL_VISION_POSITION_ESTIMATE"",""x"":46.948944091796875,""y"":39.3488883972168}",8.10303
20937134801800,fov,3068,"{""zoom"":12.339999198913574,""hfov"":7.293355464935303,""vfov"":4.106302738189697,""state"":0,""max_aov_h"":90.0,""max_aov_v"":58.71550750732422,""min_aov_h"":1.40625,""min_aov_v"":0.7910428047180176,""max_zoom"":64.0}",8.1162679
20937135113700,gimbal,3068,"{""imu_roll"":0.0,""imu_pitch"":13.625716209411621,""imu_yaw"":0.17703582346439362,""frame_roll"":0.0,""frame_pitch"":13.625716209411621,""frame_yaw"":0.17703582346439362,""pitch_speed"":0.0,""yaw_speed"":0.0}",8.1165798
20937142473800,attitude,1237,"{""message_type"":""ATTITUDE"",""time_boot_ms"":124110,""roll"":-0.004826451651751995,""pitch"":-0.20952995121479034,""yaw"":-3.1240005493164062,""rollspeed"":-0.004246433265507221,""pitchspeed"":-0.05703377723693848,""yawspeed"":-0.0039146700873970985}",8.1239399
20937142879300,vfr,620,"{""message_type"":""VFR_HUD"",""airspeed"":35.31806564331055,""alt"":168.00999450683594}",8.1243454
20937143012700,position,620,"{""message_type"":""GLOBAL_POSITION_INT"",""lat"":469509007,""lon"":393489500}",8.1244788
20937154132900,fov,3069,"{""zoom"":12.339999198913574,""hfov"":7.293355464935303,""vfov"":4.106302738189697,""state"":0,""max_aov_h"":90.0,""max_aov_v"":58.71550750732422,""min_aov_h"":1.40625,""min_aov_v"":0.7910428047180176,""max_zoom"":64.0}",8.135599
20937154671800,gimbal,3069,"{""imu_roll"":0.0,""imu_pitch"":13.596256256103516,""imu_yaw"":0.17758388817310333,""frame_roll"":0.0,""frame_pitch"":13.596256256103516,""frame_yaw"":0.17758388817310333,""pitch_speed"":0.0,""yaw_speed"":0.0}",8.1361379
20937172750500,target_offset,676,"{""x_angle_offset"":0.0,""y_angle_offset"":-0.1825023439195421}",8.1542166
20937189056800,target_offset,677,"{""x_angle_offset"":0.0,""y_angle_offset"":-0.16729381525958026}",8.1705229
20937197086300,fov,3070,"{""zoom"":12.339999198913574,""hfov"":7.293355464935303,""vfov"":4.106302738189697,""state"":0,""max_aov_h"":90.0,""max_aov_v"":58.71550750732422,""min_aov_h"":1.40625,""min_aov_v"":0.7910428047180176,""max_zoom"":64.0}",8.1785524
20937197425700,gimbal,3070,"{""imu_roll"":0.0,""imu_pitch"":13.527566909790039,""imu_yaw"":0.17786020040512085,""frame_roll"":0.0,""frame_pitch"":13.527566909790039,""frame_yaw"":0.17786020040512085,""pitch_speed"":0.0,""yaw_speed"":0.0}",8.1788918
20937208107800,fov,3071,"{""zoom"":12.339999198913574,""hfov"":7.293355464935303,""vfov"":4.106302738189697,""state"":0,""max_aov_h"":90.0,""max_aov_v"":58.71550750732422,""min_aov_h"":1.40625,""min_aov_v"":0.7910428047180176,""max_zoom"":64.0}",8.1895739
20937209689300,gimbal,3071,"{""imu_roll"":0.0,""imu_pitch"":13.506385803222656,""imu_yaw"":0.17788153886795044,""frame_roll"":0.0,""frame_pitch"":13.506385803222656,""frame_yaw"":0.17788153886795044,""pitch_speed"":0.0,""yaw_speed"":0.0}",8.1911554
20937219692300,attitude,1238,"{""message_type"":""ATTITUDE"",""time_boot_ms"":124170,""roll"":-0.004941533785313368,""pitch"":-0.21278327703475952,""yaw"":-3.1243436336517334,""rollspeed"":-0.003789273789152503,""pitchspeed"":-0.058882053941488266,""yawspeed"":-0.004319091327488422}",8.2011584
20937239733700,fov,3072,"{""zoom"":12.339999198913574,""hfov"":7.293355464935303,""vfov"":4.106302738189697,""state"":0,""max_aov_h"":90.0,""max_aov_v"":58.71550750732422,""min_aov_h"":1.40625,""min_aov_v"":0.7910428047180176,""max_zoom"":64.0}",8.2211998
20937240074300,gimbal,3072,"{""imu_roll"":0.0,""imu_pitch"":13.481218338012695,""imu_yaw"":0.1791902482509613,""frame_roll"":0.0,""frame_pitch"":13.481218338012695,""frame_yaw"":0.1791902482509613,""pitch_speed"":0.0,""yaw_speed"":0.0}",8.2215404
20937243212400,target_offset,678,"{""x_angle_offset"":0.0,""y_angle_offset"":-0.1520852865996184}",8.2246785
20937260260000,fov,3073,"{""zoom"":12.339999198913574,""hfov"":7.293355464935303,""vfov"":4.106302738189697,""state"":0,""max_aov_h"":90.0,""max_aov_v"":58.71550750732422,""min_aov_h"":1.40625,""min_aov_v"":0.7910428047180176,""max_zoom"":64.0}",8.2417261
20937260792000,gimbal,3073,"{""imu_roll"":0.0,""imu_pitch"":13.446964263916016,""imu_yaw"":0.17902816832065582,""frame_roll"":0.0,""frame_pitch"":13.446964263916016,""frame_yaw"":0.17902816832065582,""pitch_speed"":0.0,""yaw_speed"":0.0}",8.2422581
20937263940600,position,621,"{""message_type"":""GLOBAL_POSITION_INT"",""lat"":469509007,""lon"":393489500}",8.2454067
20937264108200,attitude,1239,"{""message_type"":""ATTITUDE"",""time_boot_ms"":124210,""roll"":-0.004976531490683556,""pitch"":-0.215030238032341,""yaw"":-3.1245930194854736,""rollspeed"":-0.002870009047910571,""pitchspeed"":-0.06061137840151787,""yawspeed"":-0.004747615195810795}",8.2455743
20937264347700,vfr,621,"{""message_type"":""VFR_HUD"",""airspeed"":35.48217010498047,""alt"":167.0699920654297}",8.2458138
20937281626700,range,1192,"{""message_type"":""GLOBAL_VISION_POSITION_ESTIMATE"",""x"":46.94887161254883,""y"":39.348876953125}",8.2630928
20937285644500,fov,3074,"{""zoom"":12.339999198913574,""hfov"":7.293355464935303,""vfov"":4.106302738189697,""state"":0,""max_aov_h"":90.0,""max_aov_v"":58.71550750732422,""min_aov_h"":1.40625,""min_aov_v"":0.7910428047180176,""max_zoom"":64.0}",8.2671106
20937286074600,gimbal,3074,"{""imu_roll"":0.0,""imu_pitch"":13.414177894592285,""imu_yaw"":0.17987333238124847,""frame_roll"":0.0,""frame_pitch"":13.414177894592285,""frame_yaw"":0.17987333238124847,""pitch_speed"":0.0,""yaw_speed"":0.0}",8.2675407
20937295442100,target_offset,679,"{""x_angle_offset"":-0.007597245275974274,""y_angle_offset"":-0.09885543628975196}",8.2769082
20937306435600,range,1193,"{""message_type"":""GLOBAL_VISION_POSITION_ESTIMATE"",""x"":46.94887161254883,""y"":39.348876953125}",8.2879017
20937307106400,fov,3075,"{""zoom"":12.339999198913574,""hfov"":7.293355464935303,""vfov"":4.106302738189697,""state"":0,""max_aov_h"":90.0,""max_aov_v"":58.71550750732422,""min_aov_h"":1.40625,""min_aov_v"":0.7910428047180176,""max_zoom"":64.0}",8.2885725
20937308428800,gimbal,3075,"{""imu_roll"":0.0,""imu_pitch"":13.387682914733887,""imu_yaw"":0.17490297555923462,""frame_roll"":0.0,""frame_pitch"":13.387682914733887,""frame_yaw"":0.17490297555923462,""pitch_speed"":0.0,""yaw_speed"":0.0}",8.2898949
20937323198800,target_offset,680,"{""x_angle_offset"":-0.007597245275974274,""y_angle_offset"":-0.1520852865996184}",8.3046649
20937326822700,attitude,1240,"{""message_type"":""ATTITUDE"",""time_boot_ms"":124270,""roll"":-0.004963673185557127,""pitch"":-0.21857643127441406,""yaw"":-3.124990940093994,""rollspeed"":-0.0014697773149237037,""pitchspeed"":-0.0642700120806694,""yawspeed"":-0.005230349488556385}",8.3082888
20937335887500,fov,3076,"{""zoom"":12.339999198913574,""hfov"":7.293355464935303,""vfov"":4.106302738189697,""state"":0,""max_aov_h"":90.0,""max_aov_v"":58.71550750732422,""min_aov_h"":1.40625,""min_aov_v"":0.7910428047180176,""max_zoom"":64.0}",8.3173536
20937336189400,gimbal,3076,"{""imu_roll"":0.0,""imu_pitch"":13.343535423278809,""imu_yaw"":0.17033714056015015,""frame_roll"":0.0,""frame_pitch"":13.343535423278809,""frame_yaw"":0.17033714056015015,""pitch_speed"":0.0,""yaw_speed"":0.0}",8.3176555
20937355211100,fov,3077,"{""zoom"":12.339999198913574,""hfov"":7.293355464935303,""vfov"":4.106302738189697,""state"":0,""max_aov_h"":90.0,""max_aov_v"":58.71550750732422,""min_aov_h"":1.40625,""min_aov_v"":0.7910428047180176,""max_zoom"":64.0}",8.3366772
20937355778500,gimbal,3077,"{""imu_roll"":0.0,""imu_pitch"":13.321370124816895,""imu_yaw"":0.16877657175064087,""frame_roll"":0.0,""frame_pitch"":13.321370124816895,""frame_yaw"":0.16877657175064087,""pitch_speed"":0.0,""yaw_speed"":0.0}",8.3372446
20937371271000,attitude,1241,"{""message_type"":""ATTITUDE"",""time_boot_ms"":124310,""roll"":-0.004896225873380899,""pitch"":-0.22103753685951233,""yaw"":-3.125274896621704,""rollspeed"":-0.0004106209962628782,""pitchspeed"":-0.06587200611829758,""yawspeed"":-0.00553542748093605}",8.3527371
20937371904000,vfr,622,"{""message_type"":""VFR_HUD"",""airspeed"":35.64556884765625,""alt"":166.09999084472656}",8.3533701
20937372707000,target_offset,681,"{""x_angle_offset"":-0.007597245275974274,""y_angle_offset"":-0.1520852865996184}",8.3541731
20937379154400,position,622,"{""message_type"":""GLOBAL_POSITION_INT"",""lat"":469508306,""lon"":393489487}",8.3606205
20937393351400,fov,3078,"{""zoom"":12.339999198913574,""hfov"":7.293355464935303,""vfov"":4.106302738189697,""state"":0,""max_aov_h"":90.0,""max_aov_v"":58.71550750732422,""min_aov_h"":1.40625,""min_aov_v"":0.7910428047180176,""max_zoom"":64.0}",8.3748175
20937393903000,gimbal,3078,"{""imu_roll"":0.0,""imu_pitch"":13.258915901184082,""imu_yaw"":0.16531100869178772,""frame_roll"":0.0,""frame_pitch"":13.258915901184082,""frame_yaw"":0.16531100869178772,""pitch_speed"":0.0,""yaw_speed"":0.0}",8.3753691
20937395667500,target_offset,682,"{""x_angle_offset"":0.0,""y_angle_offset"":-0.15968955092959933}",8.3771336
20937417660000,fov,3079,"{""zoom"":12.339999198913574,""hfov"":7.293355464935303,""vfov"":4.106302738189697,""state"":0,""max_aov_h"":90.0,""max_aov_v"":58.71550750732422,""min_aov_h"":1.40625,""min_aov_v"":0.7910428047180176,""max_zoom"":64.0}",8.3991261
20937418491700,gimbal,3079,"{""imu_roll"":0.0,""imu_pitch"":13.21744441986084,""imu_yaw"":0.16361737251281738,""frame_roll"":0.0,""frame_pitch"":13.21744441986084,""frame_yaw"":0.16361737251281738,""pitch_speed"":0.0,""yaw_speed"":0.0}",8.3999578
20937435293400,attitude,1242,"{""message_type"":""ATTITUDE"",""time_boot_ms"":124370,""roll"":-0.00484495609998703,""pitch"":-0.22470133006572723,""yaw"":-3.125696897506714,""rollspeed"":0.0008616842096671462,""pitchspeed"":-0.06710546463727951,""yawspeed"":-0.006021757610142231}",8.4167595
20937436533400,range,1194,"{""message_type"":""GLOBAL_VISION_POSITION_ESTIMATE"",""x"":46.94880676269531,""y"":39.34889221191406}",8.4179995
20937446996700,fov,3080,"{""zoom"":12.339999198913574,""hfov"":7.293355464935303,""vfov"":4.106302738189697,""state"":0,""max_aov_h"":90.0,""max_aov_v"":58.71550750732422,""min_aov_h"":1.40625,""min_aov_v"":0.7910428047180176,""max_zoom"":64.0}",8.4284628
20937447402800,gimbal,3080,"{""imu_roll"":0.0,""imu_pitch"":13.181857109069824,""imu_yaw"":0.1643228977918625,""frame_roll"":0.0,""frame_pitch"":13.181857109069824,""frame_yaw"":0.1643228977918625,""pitch_speed"":0.0,""yaw_speed"":0.0}",8.4288689
20937451938200,target_offset,683,"{""x_angle_offset"":0.007597245275974274,""y_angle_offset"":-0.16729381525958026}",8.4334043
20937457609500,range,1195,"{""message_type"":""GLOBAL_VISION_POSITION_ESTIMATE"",""x"":46.94880676269531,""y"":39.34889221191406}",8.4390756
20937470737300,fov,3081,"{""zoom"":12.339999198913574,""hfov"":7.293355464935303,""vfov"":4.106302738189697,""state"":0,""max_aov_h"":90.0,""max_aov_v"":58.71550750732422,""min_aov_h"":1.40625,""min_aov_v"":0.7910428047180176,""max_zoom"":64.0}",8.4522034
20937471052800,gimbal,3081,"{""imu_roll"":0.0,""imu_pitch"":13.14297866821289,""imu_yaw"":0.16317740082740784,""frame_roll"":0.0,""frame_pitch"":13.14297866821289,""frame_yaw"":0.16317740082740784,""pitch_speed"":0.0,""yaw_speed"":0.0}",8.4525189
20937479491100,vfr,623,"{""message_type"":""VFR_HUD"",""airspeed"":35.832698822021484,""alt"":165.09999084472656}",8.4609572
20937479722900,position,623,"{""message_type"":""GLOBAL_POSITION_INT"",""lat"":469508306,""lon"":393489487}",8.461189
20937479865400,attitude,1243,"{""message_type"":""ATTITUDE"",""time_boot_ms"":124410,""roll"":-0.004744221922010183,""pitch"":-0.22717517614364624,""yaw"":-3.1260011196136475,""rollspeed"":0.0023001651279628277,""pitchspeed"":-0.06779679656028748,""yawspeed"":-0.006414026953279972}",8.4613315
20937483673700,target_offset,684,"{""x_angle_offset"":0.015194490551948547,""y_angle_offset"":-0.1825023439195421}",8.4651398
20937493024000,fov,3082,"{""zoom"":12.339999198913574,""hfov"":7.293355464935303,""vfov"":4.106302738189697,""state"":0,""max_aov_h"":90.0,""max_aov_v"":58.71550750732422,""min_aov_h"":1.40625,""min_aov_v"":0.7910428047180176,""max_zoom"":64.0}",8.4744901
20937493498400,gimbal,3082,"{""imu_roll"":0.0,""imu_pitch"":13.113405227661133,""imu_yaw"":0.16325420141220093,""frame_roll"":0.0,""frame_pitch"":13.113405227661133,""frame_yaw"":0.16325420141220093,""pitch_speed"":0.0,""yaw_speed"":0.0}",8.4749645
20937519306200,fov,3083,"{""zoom"":12.339999198913574,""hfov"":7.293355464935303,""vfov"":4.106302738189697,""state"":0,""max_aov_h"":90.0,""max_aov_v"":58.71550750732422,""min_aov_h"":1.40625,""min_aov_v"":0.7910428047180176,""max_zoom"":64.0}",8.5007723
20937522210400,gimbal,3083,"{""imu_roll"":0.0,""imu_pitch"":13.066969871520996,""imu_yaw"":0.168756902217865,""frame_roll"":0.0,""frame_pitch"":13.066969871520996,""frame_yaw"":0.168756902217865,""pitch_speed"":0.0,""yaw_speed"":0.0}",8.5036765
20937526241800,target_offset,685,"{""x_angle_offset"":0.02279173582792282,""y_angle_offset"":-0.19010660824952302}",8.5077079
20937538898800,attitude,1244,"{""message_type"":""ATTITUDE"",""time_boot_ms"":124470,""roll"":-0.0045377337373793125,""pitch"":-0.2309555560350418,""yaw"":-3.1264750957489014,""rollspeed"":0.0030591764952987432,""pitchspeed"":-0.06913400441408157,""yawspeed"":-0.006752056069672108}",8.5203649
20937546462900,fov,3084,"{""zoom"":12.339999198913574,""hfov"":7.293355464935303,""vfov"":4.106302738189697,""state"":0,""max_aov_h"":90.0,""max_aov_v"":58.71550750732422,""min_aov_h"":1.40625,""min_aov_v"":0.7910428047180176,""max_zoom"":64.0}",8.527929
20937546950000,gimbal,3084,"{""imu_roll"":0.0,""imu_pitch"":13.020612716674805,""imu_yaw"":0.17195063829421997,""frame_roll"":0.0,""frame_pitch"":13.020612716674805,""frame_yaw"":0.17195063829421997,""pitch_speed"":0.0,""yaw_speed"":0.0}",8.5284161
20937556873100,target_offset,686,"{""x_angle_offset"":0.030388981103897095,""y_angle_offset"":-0.2585449872193513}",8.5383392
20937570903900,fov,3085,"{""zoom"":12.339999198913574,""hfov"":7.293355464935303,""vfov"":4.106302738189697,""state"":0,""max_aov_h"":90.0,""max_aov_v"":58.71550750732422,""min_aov_h"":1.40625,""min_aov_v"":0.7910428047180176,""max_zoom"":64.0}",8.55237
20937571204100,gimbal,3085,"{""imu_roll"":0.0,""imu_pitch"":12.943236351013184,""imu_yaw"":0.18138857185840607,""frame_roll"":0.0,""frame_pitch"":12.943236351013184,""frame_yaw"":0.18138857185840607,""pitch_speed"":0.0,""yaw_speed"":0.0}",8.5526702
20937580971700,position,624,"{""message_type"":""GLOBAL_POSITION_INT"",""lat"":469508306,""lon"":393489487}",8.5624378
20937581146200,attitude,1245,"{""message_type"":""ATTITUDE"",""time_boot_ms"":124510,""roll"":-0.0043988036923110485,""pitch"":-0.23351098597049713,""yaw"":-3.126812696456909,""rollspeed"":0.00246551469899714,""pitchspeed"":-0.06976993381977081,""yawspeed"":-0.007132258266210556}",8.5626123
20937581374300,vfr,624,"{""message_type"":""VFR_HUD"",""airspeed"":36.0115852355957,""alt"":164.08999633789062}",8.5628404
20937592134700,range,1196,"{""message_type"":""GLOBAL_VISION_POSITION_ESTIMATE"",""x"":46.94880676269531,""y"":39.34889221191406}",8.5736008
20937592932100,fov,3086,"{""zoom"":12.339999198913574,""hfov"":7.293355464935303,""vfov"":4.106302738189697,""state"":0,""max_aov_h"":90.0,""max_aov_v"":58.71550750732422,""min_aov_h"":1.40625,""min_aov_v"":0.7910428047180176,""max_zoom"":64.0}",8.5743982
20937595824200,gimbal,3086,"{""imu_roll"":0.0,""imu_pitch"":12.89900016784668,""imu_yaw"":0.18812677264213562,""frame_roll"":0.0,""frame_pitch"":12.89900016784668,""frame_yaw"":0.18812677264213562,""pitch_speed"":0.0,""yaw_speed"":0.0}",8.5772903
20937603903200,range,1197,"{""message_type"":""GLOBAL_VISION_POSITION_ESTIMATE"",""x"":46.94880676269531,""y"":39.34889221191406}",8.5853693
20937607009500,target_offset,687,"{""x_angle_offset"":0.03798622637987137,""y_angle_offset"":-0.2661492515493322}",8.5884756
20937616492000,fov,3087,"{""zoom"":12.339999198913574,""hfov"":7.293355464935303,""vfov"":4.106302738189697,""state"":0,""max_aov_h"":90.0,""max_aov_v"":58.71550750732422,""min_aov_h"":1.40625,""min_aov_v"":0.7910428047180176,""max_zoom"":64.0}",8.5979581
20937616890800,gimbal,3087,"{""imu_roll"":0.0,""imu_pitch"":12.835996627807617,""imu_yaw"":0.19663365185260773,""frame_roll"":0.0,""frame_pitch"":12.835996627807617,""frame_yaw"":0.19663365185260773,""pitch_speed"":0.0,""yaw_speed"":0.0}",8.5983569
20937641026900,fov,3088,"{""zoom"":12.339999198913574,""hfov"":7.293355464935303,""vfov"":4.106302738189697,""state"":0,""max_aov_h"":90.0,""max_aov_v"":58.71550750732422,""min_aov_h"":1.40625,""min_aov_v"":0.7910428047180176,""max_zoom"":64.0}",8.622493
20937642642300,gimbal,3088,"{""imu_roll"":0.0,""imu_pitch"":12.78645133972168,""imu_yaw"":0.20497597754001617,""frame_roll"":0.0,""frame_pitch"":12.78645133972168,""frame_yaw"":0.20497597754001617,""pitch_speed"":0.0,""yaw_speed"":0.0}",8.6241084
20937643932500,attitude,1246,"{""message_type"":""ATTITUDE"",""time_boot_ms"":124570,""roll"":-0.0043585700914263725,""pitch"":-0.23746897280216217,""yaw"":-3.127331495285034,""rollspeed"":-0.00023294269340112805,""pitchspeed"":-0.0695180594921112,""yawspeed"":-0.00778918107971549}",8.6253986
20937650366000,target_offset,688,"{""x_angle_offset"":0.03798622637987137,""y_angle_offset"":-0.2813577802092941}",8.6318321
20937663972700,fov,3089,"{""zoom"":12.339999198913574,""hfov"":7.293355464935303,""vfov"":4.106302738189697,""state"":0,""max_aov_h"":90.0,""max_aov_v"":58.71550750732422,""min_aov_h"":1.40625,""min_aov_v"":0.7910428047180176,""max_zoom"":64.0}",8.6454388
20937665495100,gimbal,3089,"{""imu_roll"":0.0,""imu_pitch"":12.71825122833252,""imu_yaw"":0.2154580056667328,""frame_roll"":0.0,""frame_pitch"":12.71825122833252,""frame_yaw"":0.2154580056667328,""pitch_speed"":0.0,""yaw_speed"":0.0}",8.6469612
20937676453500,target_offset,689,"{""x_angle_offset"":0.03798622637987137,""y_angle_offset"":-0.288962044539275}",8.6579196
20937683845000,fov,3090,"{""zoom"":12.339999198913574,""hfov"":7.293355464935303,""vfov"":4.106302738189697,""state"":0,""max_aov_h"":90.0,""max_aov_v"":58.71550750732422,""min_aov_h"":1.40625,""min_aov_v"":0.7910428047180176,""max_zoom"":64.0}",8.6653111
20937684379800,gimbal,3090,"{""imu_roll"":0.0,""imu_pitch"":12.648733139038086,""imu_yaw"":0.22291773557662964,""frame_roll"":0.0,""frame_pitch"":12.648733139038086,""frame_yaw"":0.22291773557662964,""pitch_speed"":0.0,""yaw_speed"":0.0}",8.6658459
20937691268600,position,625,"{""message_type"":""GLOBAL_POSITION_INT"",""lat"":469507598,""lon"":393489477}",8.6727347
20937691499300,attitude,1247,"{""message_type"":""ATTITUDE"",""time_boot_ms"":124610,""roll"":-0.00450279051437974,""pitch"":-0.24013501405715942,""yaw"":-3.127699613571167,""rollspeed"":-0.003641989780589938,""pitchspeed"":-0.06951085478067398,""yawspeed"":-0.008326547220349312}",8.6729654
20937691852900,vfr,625,"{""message_type"":""VFR_HUD"",""airspeed"":36.18452072143555,""alt"":163.0399932861328}",8.673319
20937704687200,fov,3091,"{""zoom"":12.339999198913574,""hfov"":7.293355464935303,""vfov"":4.106302738189697,""state"":0,""max_aov_h"":90.0,""max_aov_v"":58.71550750732422,""min_aov_h"":1.40625,""min_aov_v"":0.7910428047180176,""max_zoom"":64.0}",8.6861533
20937705036300,gimbal,3091,"{""imu_roll"":0.0,""imu_pitch"":12.604475975036621,""imu_yaw"":0.22873370349407196,""frame_roll"":0.0,""frame_pitch"":12.604475975036621,""frame_yaw"":0.22873370349407196,""pitch_speed"":0.0,""yaw_speed"":0.0}",8.6865024
20937726952300,fov,3092,"{""zoom"":12.339999198913574,""hfov"":7.293355464935303,""vfov"":4.106302738189697,""state"":0,""max_aov_h"":90.0,""max_aov_v"":58.71550750732422,""min_aov_h"":1.40625,""min_aov_v"":0.7910428047180176,""max_zoom"":64.0}",8.7084184
20937727331900,gimbal,3092,"{""imu_roll"":0.0,""imu_pitch"":12.561074256896973,""imu_yaw"":0.23644934594631195,""frame_roll"":0.0,""frame_pitch"":12.561074256896973,""frame_yaw"":0.23644934594631195,""pitch_speed"":0.0,""yaw_speed"":0.0}",8.708798
20937748028600,range,1198,"{""message_type"":""GLOBAL_VISION_POSITION_ESTIMATE"",""x"":46.948734283447266,""y"":39.34889221191406}",8.7294947
20937751784400,fov,3093,"{""zoom"":12.339999198913574,""hfov"":7.293355464935303,""vfov"":4.106302738189697,""state"":0,""max_aov_h"":90.0,""max_aov_v"":58.71550750732422,""min_aov_h"":1.40625,""min_aov_v"":0.7910428047180176,""max_zoom"":64.0}",8.7332505
20937752152500,gimbal,3093,"{""imu_roll"":0.0,""imu_pitch"":12.527532577514648,""imu_yaw"":0.2445218563079834,""frame_roll"":0.0,""frame_pitch"":12.527532577514648,""frame_yaw"":0.2445218563079834,""pitch_speed"":0.0,""yaw_speed"":0.0}",8.7336186
20937757924600,target_offset,690,"{""x_angle_offset"":0.03798622637987137,""y_angle_offset"":-0.2737535158793131}",8.7393907
20937762190800,range,1199,"{""message_type"":""GLOBAL_VISION_POSITION_ESTIMATE"",""x"":46.948734283447266,""y"":39.34889221191406}",8.7436569
20937762435600,attitude,1248,"{""message_type"":""ATTITUDE"",""time_boot_ms"":124670,""roll"":-0.004935458302497864,""pitch"":-0.24419373273849487,""yaw"":-3.1282858848571777,""rollspeed"":-0.008196474984288216,""pitchspeed"":-0.07088031619787216,""yawspeed"":-0.009231635369360447}",8.7439017
20937778480900,fov,3094,"{""zoom"":12.339999198913574,""hfov"":7.293355464935303,""vfov"":4.106302738189697,""state"":0,""max_aov_h"":90.0,""max_aov_v"":58.71550750732422,""min_aov_h"":1.40625,""min_aov_v"":0.7910428047180176,""max_zoom"":64.0}",8.759947
20937778899400,gimbal,3094,"{""imu_roll"":0.0,""imu_pitch"":12.442007064819336,""imu_yaw"":0.2537097632884979,""frame_roll"":0.0,""frame_pitch"":12.442007064819336,""frame_yaw"":0.2537097632884979,""pitch_speed"":0.0,""yaw_speed"":0.0}",8.7603655
20937795704100,position,626,"{""message_type"":""GLOBAL_POSITION_INT"",""lat"":469507598,""lon"":393489477}",8.7771702
20937795936100,attitude,1249,"{""message_type"":""ATTITUDE"",""time_boot_ms"":124710,""roll"":-0.005389007739722729,""pitch"":-0.2469542771577835,""yaw"":-3.1287004947662354,""rollspeed"":-0.011808410286903381,""pitchspeed"":-0.0720013901591301,""yawspeed"":-0.009744483977556229}",8.7774022
20937796342800,vfr,626,"{""message_type"":""VFR_HUD"",""airspeed"":36.37727737426758,""alt"":161.97000122070312}",8.7778089
20937802592600,fov,3095,"{""zoom"":12.339999198913574,""hfov"":7.293355464935303,""vfov"":4.106302738189697,""state"":0,""max_aov_h"":90.0,""max_aov_v"":58.71550750732422,""min_aov_h"":1.40625,""min_aov_v"":0.7910428047180176,""max_zoom"":64.0}",8.7840587
20937802894100,gimbal,3095,"{""imu_roll"":0.0,""imu_pitch"":12.39592456817627,""imu_yaw"":0.2609679698944092,""frame_roll"":0.0,""frame_pitch"":12.39592456817627,""frame_yaw"":0.2609679698944092,""pitch_speed"":0.0,""yaw_speed"":0.0}",8.7843602
20937813895100,target_offset,691,"{""x_angle_offset"":0.03798622637987137,""y_angle_offset"":-0.24333645855938946}",8.7953612
20937833195100,fov,3096,"{""zoom"":12.339999198913574,""hfov"":7.293355464935303,""vfov"":4.106302738189697,""state"":0,""max_aov_h"":90.0,""max_aov_v"":58.71550750732422,""min_aov_h"":1.40625,""min_aov_v"":0.7910428047180176,""max_zoom"":64.0}",8.8146612
20937833524500,gimbal,3096,"{""imu_roll"":0.0,""imu_pitch"":12.326125144958496,""imu_yaw"":0.2710132300853729,""frame_roll"":0.0,""frame_pitch"":12.326125144958496,""frame_yaw"":0.2710132300853729,""pitch_speed"":0.0,""yaw_speed"":0.0}",8.8149906
20937835295300,target_offset,692,"{""x_angle_offset"":0.030388981103897095,""y_angle_offset"":-0.2661492515493322}",8.8167614
20937859962700,fov,3097,"{""zoom"":12.339999198913574,""hfov"":7.293355464935303,""vfov"":4.106302738189697,""state"":0,""max_aov_h"":90.0,""max_aov_v"":58.71550750732422,""min_aov_h"":1.40625,""min_aov_v"":0.7910428047180176,""max_zoom"":64.0}",8.8414288
20937860286000,gimbal,3097,"{""imu_roll"":0.0,""imu_pitch"":12.244250297546387,""imu_yaw"":0.27980273962020874,""frame_roll"":0.0,""frame_pitch"":12.244250297546387,""frame_yaw"":0.27980273962020874,""pitch_speed"":0.0,""yaw_speed"":0.0}",8.8417521
20937862301800,attitude,1250,"{""message_type"":""ATTITUDE"",""time_boot_ms"":124770,""roll"":-0.006340709049254656,""pitch"":-0.25157031416893005,""yaw"":-3.129343271255493,""rollspeed"":-0.01605529896914959,""pitchspeed"":-0.07249639183282852,""yawspeed"":-0.010633774101734161}",8.8437679
20937883340300,fov,3098,"{""zoom"":12.339999198913574,""hfov"":7.293355464935303,""vfov"":4.106302738189697,""state"":0,""max_aov_h"":90.0,""max_aov_v"":58.71550750732422,""min_aov_h"":1.40625,""min_aov_v"":0.7910428047180176,""max_zoom"":64.0}",8.8648064
20937883765800,gimbal,3098,"{""imu_roll"":0.0,""imu_pitch"":12.197218894958496,""imu_yaw"":0.28751057386398315,""frame_roll"":0.0,""frame_pitch"":12.197218894958496,""frame_yaw"":0.28751057386398315,""pitch_speed"":0.0,""yaw_speed"":0.0}",8.8652319
20937890807600,target_offset,693,"{""x_angle_offset"":0.030388981103897095,""y_angle_offset"":-0.25094072288937036}",8.8722737
20937906742400,fov,3099,"{""zoom"":12.339999198913574,""hfov"":7.293355464935303,""vfov"":4.106302738189697,""state"":0,""max_aov_h"":90.0,""max_aov_v"":58.71550750732422,""min_aov_h"":1.40625,""min_aov_v"":0.7910428047180176,""max_zoom"":64.0}",8.8882085
20937906961600,attitude,1251,"{""message_type"":""ATTITUDE"",""time_boot_ms"":124810,""roll"":-0.007104959804564714,""pitch"":-0.2552553713321686,""yaw"":-3.129772663116455,""rollspeed"":-0.017000902444124222,""pitchspeed"":-0.07287278026342392,""yawspeed"":-0.011094287037849426}",8.8884277
20937907306000,vfr,627,"{""message_type"":""VFR_HUD"",""airspeed"":36.55925750732422,""alt"":160.86000061035156}",8.8887721
20937907414100,position,627,"{""message_type"":""GLOBAL_POSITION_INT"",""lat"":469506873,""lon"":393489472}",8.8888802
20937907916400,gimbal,3099,"{""imu_roll"":0.0,""imu_pitch"":12.134771347045898,""imu_yaw"":0.2943820655345917,""frame_roll"":0.0,""frame_pitch"":12.134771347045898,""frame_yaw"":0.2943820655345917,""pitch_speed"":0.0,""yaw_speed"":0.0}",8.8893825
20937916771300,target_offset,694,"{""x_angle_offset"":0.02279173582792282,""y_angle_offset"":-0.25094072288937036}",8.8982374
20937924142900,range,1200,"{""message_type"":""GLOBAL_VISION_POSITION_ESTIMATE"",""x"":46.94865798950195,""y"":39.3488883972168}",8.905609
20937925861800,fov,3100,"{""zoom"":12.339999198913574,""hfov"":7.293355464935303,""vfov"":4.106302738189697,""state"":0,""max_aov_h"":90.0,""max_aov_v"":58.71550750732422,""min_aov_h"":1.40625,""min_aov_v"":0.7910428047180176,""max_zoom"":64.0}",8.9073279
20937926202100,gimbal,3100,"{""imu_roll"":0.0,""imu_pitch"":12.097408294677734,""imu_yaw"":0.2999633252620697,""frame_roll"":0.0,""frame_pitch"":12.097408294677734,""frame_yaw"":0.2999633252620697,""pitch_speed"":0.0,""yaw_speed"":0.0}",8.9076682
20937929350000,range,1201,"{""message_type"":""GLOBAL_VISION_POSITION_ESTIMATE"",""x"":46.94865798950195,""y"":39.3488883972168}",8.9108161
20937938439200,fov,3101,"{""zoom"":12.339999198913574,""hfov"":7.293355464935303,""vfov"":4.106302738189697,""state"":0,""max_aov_h"":90.0,""max_aov_v"":58.71550750732422,""min_aov_h"":1.40625,""min_aov_v"":0.7910428047180176,""max_zoom"":64.0}",8.9199053
20937938921500,gimbal,3101,"{""imu_roll"":0.0,""imu_pitch"":12.066097259521484,""imu_yaw"":0.3019091784954071,""frame_roll"":0.0,""frame_pitch"":12.066097259521484,""frame_yaw"":0.3019091784954071,""pitch_speed"":0.0,""yaw_speed"":0.0}",8.9203876
20937951502700,target_offset,695,"{""x_angle_offset"":0.02279173582792282,""y_angle_offset"":-0.25094072288937036}",8.9329688
20937959477700,fov,3102,"{""zoom"":12.339999198913574,""hfov"":7.293355464935303,""vfov"":4.106302738189697,""state"":0,""max_aov_h"":90.0,""max_aov_v"":58.71550750732422,""min_aov_h"":1.40625,""min_aov_v"":0.7910428047180176,""max_zoom"":64.0}",8.9409438
20937959890200,gimbal,3102,"{""imu_roll"":0.0,""imu_pitch"":12.007978439331055,""imu_yaw"":0.30584853887557983,""frame_roll"":0.0,""frame_pitch"":12.007978439331055,""frame_yaw"":0.30584853887557983,""pitch_speed"":0.0,""yaw_speed"":0.0}",8.9413563
20937968941100,attitude,1252,"{""message_type"":""ATTITUDE"",""time_boot_ms"":124870,""roll"":-0.008277659304440022,""pitch"":-0.26076367497444153,""yaw"":-3.1304330825805664,""rollspeed"":-0.01717476174235344,""pitchspeed"":-0.07198302447795868,""yawspeed"":-0.011717908084392548}",8.9504072
20937971044500,fov,3103,"{""zoom"":12.339999198913574,""hfov"":7.293355464935303,""vfov"":4.106302738189697,""state"":0,""max_aov_h"":90.0,""max_aov_v"":58.71550750732422,""min_aov_h"":1.40625,""min_aov_v"":0.7910428047180176,""max_zoom"":64.0}",8.9525106
20937971400000,gimbal,3103,"{""imu_roll"":0.0,""imu_pitch"":11.98183536529541,""imu_yaw"":0.3084923326969147,""frame_roll"":0.0,""frame_pitch"":11.98183536529541,""frame_yaw"":0.3084923326969147,""pitch_speed"":0.0,""yaw_speed"":0.0}",8.9528661
20937987424800,target_offset,696,"{""x_angle_offset"":0.015194490551948547,""y_angle_offset"":-0.25094072288937036}",8.9688909
20937994003300,fov,3104,"{""zoom"":12.339999198913574,""hfov"":7.293355464935303,""vfov"":4.106302738189697,""state"":0,""max_aov_h"":90.0,""max_aov_v"":58.71550750732422,""min_aov_h"":1.40625,""min_aov_v"":0.7910428047180176,""max_zoom"":64.0}",8.9754694
20937994244100,gimbal,3104,"{""imu_roll"":0.0,""imu_pitch"":11.942822456359863,""imu_yaw"":0.3148445785045624,""frame_roll"":0.0,""frame_pitch"":11.942822456359863,""frame_yaw"":0.3148445785045624,""pitch_speed"":0.0,""yaw_speed"":0.0}",8.9757102
20938003772700,fov,3105,"{""zoom"":12.339999198913574,""hfov"":7.293355464935303,""vfov"":4.106302738189697,""state"":0,""max_aov_h"":90.0,""max_aov_v"":58.71550750732422,""min_aov_h"":1.40625,""min_aov_v"":0.7910428047180176,""max_zoom"":64.0}",8.9852388
20938004184900,gimbal,3105,"{""imu_roll"":0.0,""imu_pitch"":11.913613319396973,""imu_yaw"":0.3150070309638977,""frame_roll"":0.0,""frame_pitch"":11.913613319396973,""frame_yaw"":0.3150070309638977,""pitch_speed"":0.0,""yaw_speed"":0.0}",8.985651
20938007265400,position,628,"{""message_type"":""GLOBAL_POSITION_INT"",""lat"":469506873,""lon"":393489472}",8.9887315
20938007486500,attitude,1253,"{""message_type"":""ATTITUDE"",""time_boot_ms"":124910,""roll"":-0.009000658057630062,""pitch"":-0.2643723785877228,""yaw"":-3.1308774948120117,""rollspeed"":-0.015488898381590843,""pitchspeed"":-0.07047229260206223,""yawspeed"":-0.011962802149355412}",8.9889526
20938007848000,vfr,628,"{""message_type"":""VFR_HUD"",""airspeed"":36.757362365722656,""alt"":159.72000122070312}",8.9893141
20938020273700,target_offset,697,"{""x_angle_offset"":0.015194490551948547,""y_angle_offset"":-0.25094072288937036}",9.0017398
20938027130900,fov,3106,"{""zoom"":12.339999198913574,""hfov"":7.293355464935303,""vfov"":4.106302738189697,""state"":0,""max_aov_h"":90.0,""max_aov_v"":58.71550750732422,""min_aov_h"":1.40625,""min_aov_v"":0.7910428047180176,""max_zoom"":64.0}",9.008597
20938027375800,gimbal,3106,"{""imu_roll"":0.0,""imu_pitch"":11.87043571472168,""imu_yaw"":0.3186001777648926,""frame_roll"":0.0,""frame_pitch"":11.87043571472168,""frame_yaw"":0.3186001777648926,""pitch_speed"":0.0,""yaw_speed"":0.0}",9.0088419
20938037033300,fov,3107,"{""zoom"":12.339999198913574,""hfov"":7.293355464935303,""vfov"":4.106302738189697,""state"":0,""max_aov_h"":90.0,""max_aov_v"":58.71550750732422,""min_aov_h"":1.40625,""min_aov_v"":0.7910428047180176,""max_zoom"":64.0}",9.0184994
20938037505200,gimbal,3107,"{""imu_roll"":0.0,""imu_pitch"":11.844493865966797,""imu_yaw"":0.32069480419158936,""frame_roll"":0.0,""frame_pitch"":11.844493865966797,""frame_yaw"":0.32069480419158936,""pitch_speed"":0.0,""yaw_speed"":0.0}",9.0189713
20938050585800,fov,3108,"{""zoom"":12.339999198913574,""hfov"":7.293355464935303,""vfov"":4.106302738189697,""state"":0,""max_aov_h"":90.0,""max_aov_v"":58.71550750732422,""min_aov_h"":1.40625,""min_aov_v"":0.7910428047180176,""max_zoom"":64.0}",9.0320519
20938051159600,gimbal,3108,"{""imu_roll"":0.0,""imu_pitch"":11.817519187927246,""imu_yaw"":0.3240414559841156,""frame_roll"":0.0,""frame_pitch"":11.817519187927246,""frame_yaw"":0.3240414559841156,""pitch_speed"":0.0,""yaw_speed"":0.0}",9.0326257
20938056992400,attitude,1254,"{""message_type"":""ATTITUDE"",""time_boot_ms"":124970,""roll"":-0.00988815724849701,""pitch"":-0.26962029933929443,""yaw"":-3.1315455436706543,""rollspeed"":-0.011404817923903465,""pitchspeed"":-0.06706900149583817,""yawspeed"":-0.012080620042979717}",9.0384585
20938066364500,target_offset,698,"{""x_angle_offset"":0.015194490551948547,""y_angle_offset"":-0.25094072288937036}",9.0478306
20938073417200,range,1202,"{""message_type"":""GLOBAL_VISION_POSITION_ESTIMATE"",""x"":46.94865798950195,""y"":39.34889602661133}",9.0548833
20938073842900,fov,3109,"{""zoom"":12.339999198913574,""hfov"":7.293355464935303,""vfov"":4.106302738189697,""state"":0,""max_aov_h"":90.0,""max_aov_v"":58.71550750732422,""min_aov_h"":1.40625,""min_aov_v"":0.7910428047180176,""max_zoom"":64.0}",9.055309
20938074081200,gimbal,3109,"{""imu_roll"":0.0,""imu_pitch"":11.781089782714844,""imu_yaw"":0.3312983810901642,""frame_roll"":0.0,""frame_pitch"":11.781089782714844,""frame_yaw"":0.3312983810901642,""pitch_speed"":0.0,""yaw_speed"":0.0}",9.0555473
20938077339200,range,1203,"{""message_type"":""GLOBAL_VISION_POSITION_ESTIMATE"",""x"":46.94865798950195,""y"":39.34889602661133}",9.0588053
20938084444800,fov,3110,"{""zoom"":12.339999198913574,""hfov"":7.293355464935303,""vfov"":4.106302738189697,""state"":0,""max_aov_h"":90.0,""max_aov_v"":58.71550750732422,""min_aov_h"":1.40625,""min_aov_v"":0.7910428047180176,""max_zoom"":64.0}",9.0659109
20938085372800,gimbal,3110,"{""imu_roll"":0.0,""imu_pitch"":11.7533540725708,""imu_yaw"":0.33197641372680664,""frame_roll"":0.0,""frame_pitch"":11.7533540725708,""frame_yaw"":0.33197641372680664,""pitch_speed"":0.0,""yaw_speed"":0.0}",9.0668389
20938095063000,position,629,"{""message_type"":""GLOBAL_POSITION_INT"",""lat"":469506157,""lon"":393489469}",9.0765291
20938095307200,attitude,1255,"{""message_type"":""ATTITUDE"",""time_boot_ms"":125010,""roll"":-0.010404379107058048,""pitch"":-0.27197593450546265,""yaw"":-3.131962537765503,""rollspeed"":-0.007908057421445847,""pitchspeed"":-0.06413865834474564,""yawspeed"":-0.012088952586054802}",9.0767733
20938095648600,vfr,629,"{""message_type"":""VFR_HUD"",""airspeed"":36.94283676147461,""alt"":158.55999755859375}",9.0771147
20938101043200,target_offset,699,"{""x_angle_offset"":0.02279173582792282,""y_angle_offset"":-0.288962044539275}",9.0825093
20938107742800,fov,3111,"{""zoom"":12.339999198913574,""hfov"":7.293355464935303,""vfov"":4.106302738189697,""state"":0,""max_aov_h"":90.0,""max_aov_v"":58.71550750732422,""min_aov_h"":1.40625,""min_aov_v"":0.7910428047180176,""max_zoom"":64.0}",9.0892089
20938108487700,gimbal,3111,"{""imu_roll"":0.0,""imu_pitch"":11.711519241333008,""imu_yaw"":0.3357483446598053,""frame_roll"":0.0,""frame_pitch"":11.711519241333008,""frame_yaw"":0.3357483446598053,""pitch_speed"":0.0,""yaw_speed"":0.0}",9.0899538
20938118944600,fov,3112,"{""zoom"":12.339999198913574,""hfov"":7.293355464935303,""vfov"":4.106302738189697,""state"":0,""max_aov_h"":90.0,""max_aov_v"":58.71550750732422,""min_aov_h"":1.40625,""min_aov_v"":0.7910428047180176,""max_zoom"":64.0}",9.1004107
20938119395900,gimbal,3112,"{""imu_roll"":0.0,""imu_pitch"":11.67884349822998,""imu_yaw"":0.33893799781799316,""frame_roll"":0.0,""frame_pitch"":11.67884349822998,""frame_yaw"":0.33893799781799316,""pitch_speed"":0.0,""yaw_speed"":0.0}",9.100862
20938133037500,fov,3113,"{""zoom"":12.339999198913574,""hfov"":7.293355464935303,""vfov"":4.106302738189697,""state"":0,""max_aov_h"":90.0,""max_aov_v"":58.71550750732422,""min_aov_h"":1.40625,""min_aov_v"":0.7910428047180176,""max_zoom"":64.0}",9.1145036
20938133289100,gimbal,3113,"{""imu_roll"":0.0,""imu_pitch"":11.645345687866211,""imu_yaw"":0.3436344861984253,""frame_roll"":0.0,""frame_pitch"":11.645345687866211,""frame_yaw"":0.3436344861984253,""pitch_speed"":0.0,""yaw_speed"":0.0}",9.1147552
20938144550200,attitude,1256,"{""message_type"":""ATTITUDE"",""time_boot_ms"":125070,""roll"":-0.010903296060860157,""pitch"":-0.2752128839492798,""yaw"":-3.132577419281006,""rollspeed"":-0.0021596953738480806,""pitchspeed"":-0.057990625500679016,""yawspeed"":-0.01182268001139164}",9.1260163
20938148298900,target_offset,700,"{""x_angle_offset"":0.030388981103897095,""y_angle_offset"":-0.2965663088692559}",9.129765
20938155460700,fov,3114,"{""zoom"":12.339999198913574,""hfov"":7.293355464935303,""vfov"":4.106302738189697,""state"":0,""max_aov_h"":90.0,""max_aov_v"":58.71550750732422,""min_aov_h"":1.40625,""min_aov_v"":0.7910428047180176,""max_zoom"":64.0}",9.1369268
20938155758100,gimbal,3114,"{""imu_roll"":0.0,""imu_pitch"":11.604220390319824,""imu_yaw"":0.3525826334953308,""frame_roll"":0.0,""frame_pitch"":11.604220390319824,""frame_yaw"":0.3525826334953308,""pitch_speed"":0.0,""yaw_speed"":0.0}",9.1372242
20938166355300,fov,3115,"{""zoom"":12.339999198913574,""hfov"":7.293355464935303,""vfov"":4.106302738189697,""state"":0,""max_aov_h"":90.0,""max_aov_v"":58.71550750732422,""min_aov_h"":1.40625,""min_aov_v"":0.7910428047180176,""max_zoom"":64.0}",9.1478214
20938166802400,gimbal,3115,"{""imu_roll"":0.0,""imu_pitch"":11.569698333740234,""imu_yaw"":0.3561885952949524,""frame_roll"":0.0,""frame_pitch"":11.569698333740234,""frame_yaw"":0.3561885952949524,""pitch_speed"":0.0,""yaw_speed"":0.0}",9.1482685
20938180253800,attitude,1257,"{""message_type"":""ATTITUDE"",""time_boot_ms"":125110,""roll"":-0.011039363220334053,""pitch"":-0.27719414234161377,""yaw"":-3.132978677749634,""rollspeed"":0.0016272461507469416,""pitchspeed"":-0.0548044890165329,""yawspeed"":-0.011630999855697155}",9.1617199
20938180645800,vfr,630,"{""message_type"":""VFR_HUD"",""airspeed"":37.14263916015625,""alt"":157.34999084472656}",9.1621119
20938180759900,position,630,"{""message_type"":""GLOBAL_POSITION_INT"",""lat"":469506157,""lon"":393489469}",9.162226
20938185586400,target_offset,701,"{""x_angle_offset"":0.053180716931819916,""y_angle_offset"":-0.31937910185919866}",9.1670525
20938193856800,fov,3116,"{""zoom"":12.339999198913574,""hfov"":7.293355464935303,""vfov"":4.106302738189697,""state"":0,""max_aov_h"":90.0,""max_aov_v"":58.71550750732422,""min_aov_h"":1.40625,""min_aov_v"":0.7910428047180176,""max_zoom"":64.0}",9.1753229
20938194086800,gimbal,3116,"{""imu_roll"":0.0,""imu_pitch"":11.518351554870605,""imu_yaw"":0.3645566403865814,""frame_roll"":0.0,""frame_pitch"":11.518351554870605,""frame_yaw"":0.3645566403865814,""pitch_speed"":0.0,""yaw_speed"":0.0}",9.1755529
20938202491200,fov,3117,"{""zoom"":12.339999198913574,""hfov"":7.293355464935303,""vfov"":4.106302738189697,""state"":0,""max_aov_h"":90.0,""max_aov_v"":58.71550750732422,""min_aov_h"":1.40625,""min_aov_v"":0.7910428047180176,""max_zoom"":64.0}",9.1839573
20938202888200,gimbal,3117,"{""imu_roll"":0.0,""imu_pitch"":11.48456859588623,""imu_yaw"":0.3692964017391205,""frame_roll"":0.0,""frame_pitch"":11.48456859588623,""frame_yaw"":0.3692964017391205,""pitch_speed"":0.0,""yaw_speed"":0.0}",9.1843543
20938214831400,fov,3118,"{""zoom"":12.339999198913574,""hfov"":7.293355464935303,""vfov"":4.106302738189697,""state"":0,""max_aov_h"":90.0,""max_aov_v"":58.71550750732422,""min_aov_h"":1.40625,""min_aov_v"":0.7910428047180176,""max_zoom"":64.0}",9.1962975
20938215172100,gimbal,3118,"{""imu_roll"":0.0,""imu_pitch"":11.452567100524902,""imu_yaw"":0.3750477731227875,""frame_roll"":0.0,""frame_pitch"":11.452567100524902,""frame_yaw"":0.3750477731227875,""pitch_speed"":0.0,""yaw_speed"":0.0}",9.1966382
20938228379300,range,1204,"{""message_type"":""GLOBAL_VISION_POSITION_ESTIMATE"",""x"":46.94858932495117,""y"":39.34889602661133}",9.2098454
20938231950100,target_offset,702,"{""x_angle_offset"":0.053180716931819916,""y_angle_offset"":-0.31177483752921775}",9.2134162
20938237176900,range,1205,"{""message_type"":""GLOBAL_VISION_POSITION_ESTIMATE"",""x"":46.94858932495117,""y"":39.34889602661133}",9.218643
20938237899400,attitude,1258,"{""message_type"":""ATTITUDE"",""time_boot_ms"":125170,""roll"":-0.011016394942998886,""pitch"":-0.2799580991268158,""yaw"":-3.1335599422454834,""rollspeed"":0.005894990637898445,""pitchspeed"":-0.05091269686818123,""yawspeed"":-0.011099273338913918}",9.2193655
20938239325200,fov,3119,"{""zoom"":12.339999198913574,""hfov"":7.293355464935303,""vfov"":4.106302738189697,""state"":0,""max_aov_h"":90.0,""max_aov_v"":58.71550750732422,""min_aov_h"":1.40625,""min_aov_v"":0.7910428047180176,""max_zoom"":64.0}",9.2207913
20938239644200,gimbal,3119,"{""imu_roll"":0.0,""imu_pitch"":11.411236763000488,""imu_yaw"":0.3848510980606079,""frame_roll"":0.0,""frame_pitch"":11.411236763000488,""frame_yaw"":0.3848510980606079,""pitch_speed"":0.0,""yaw_speed"":0.0}",9.2211103
20938248013800,fov,3120,"{""zoom"":12.339999198913574,""hfov"":7.293355464935303,""vfov"":4.106302738189697,""state"":0,""max_aov_h"":90.0,""max_aov_v"":58.71550750732422,""min_aov_h"":1.40625,""min_aov_v"":0.7910428047180176,""max_zoom"":64.0}",9.2294799
20938248439500,gimbal,3120,"{""imu_roll"":0.0,""imu_pitch"":11.376425743103027,""imu_yaw"":0.3898580074310303,""frame_roll"":0.0,""frame_pitch"":11.376425743103027,""frame_yaw"":0.3898580074310303,""pitch_speed"":0.0,""yaw_speed"":0.0}",9.2299056
20938266550100,target_offset,703,"{""x_angle_offset"":0.07597245275974274,""y_angle_offset"":-0.288962044539275}",9.2480162
20938271293600,position,631,"{""message_type"":""GLOBAL_POSITION_INT"",""lat"":469505432,""lon"":393489468}",9.2527597
20938271547500,attitude,1259,"{""message_type"":""ATTITUDE"",""time_boot_ms"":125210,""roll"":-0.010765823535621166,""pitch"":-0.28178858757019043,""yaw"":-3.1339526176452637,""rollspeed"":0.009352733381092548,""pitchspeed"":-0.049798764288425446,""yawspeed"":-0.010703220963478088}",9.2530136
20938271804300,vfr,631,"{""message_type"":""VFR_HUD"",""airspeed"":37.328529357910156,""alt"":156.12998962402344}",9.2532704
20938272959200,fov,3121,"{""zoom"":12.339999198913574,""hfov"":7.293355464935303,""vfov"":4.106302738189697,""state"":0,""max_aov_h"":90.0,""max_aov_v"":58.71550750732422,""min_aov_h"":1.40625,""min_aov_v"":0.7910428047180176,""max_zoom"":64.0}",9.2544253
20938273191600,gimbal,3121,"{""imu_roll"":0.0,""imu_pitch"":11.325766563415527,""imu_yaw"":0.40007537603378296,""frame_roll"":0.0,""frame_pitch"":11.325766563415527,""frame_yaw"":0.40007537603378296,""pitch_speed"":0.0,""yaw_speed"":0.0}",9.2546577
20938281718900,fov,3122,"{""zoom"":12.339999198913574,""hfov"":7.293355464935303,""vfov"":4.106302738189697,""state"":0,""max_aov_h"":90.0,""max_aov_v"":58.71550750732422,""min_aov_h"":1.40625,""min_aov_v"":0.7910428047180176,""max_zoom"":64.0}",9.263185
20938282158300,gimbal,3122,"{""imu_roll"":0.0,""imu_pitch"":11.296147346496582,""imu_yaw"":0.40815261006355286,""frame_roll"":0.0,""frame_pitch"":11.296147346496582,""frame_yaw"":0.40815261006355286,""pitch_speed"":0.0,""yaw_speed"":0.0}",9.2636244
20938295196000,fov,3123,"{""zoom"":12.339999198913574,""hfov"":7.293355464935303,""vfov"":4.106302738189697,""state"":0,""max_aov_h"":90.0,""max_aov_v"":58.71550750732422,""min_aov_h"":1.40625,""min_aov_v"":0.7910428047180176,""max_zoom"":64.0}",9.2766621
20938296093300,gimbal,3123,"{""imu_roll"":0.0,""imu_pitch"":11.265724182128906,""imu_yaw"":0.4174281358718872,""frame_roll"":0.0,""frame_pitch"":11.265724182128906,""frame_yaw"":0.4174281358718872,""pitch_speed"":0.0,""yaw_speed"":0.0}",9.2775594
20938312425600,target_offset,704,"{""x_angle_offset"":0.07597245275974274,""y_angle_offset"":-0.2585449872193513}",9.2938917
20938318579300,fov,3124,"{""zoom"":12.339999198913574,""hfov"":7.293355464935303,""vfov"":4.106302738189697,""state"":0,""max_aov_h"":90.0,""max_aov_v"":58.71550750732422,""min_aov_h"":1.40625,""min_aov_v"":0.7910428047180176,""max_zoom"":64.0}",9.3000454
20938318780000,attitude,1260,"{""message_type"":""ATTITUDE"",""time_boot_ms"":125270,""roll"":-0.010064477100968361,""pitch"":-0.2846129238605499,""yaw"":-3.134542465209961,""rollspeed"":0.012700031511485577,""pitchspeed"":-0.04962969198822975,""yawspeed"":-0.010037736967206001}",9.3002461
20938319133900,gimbal,3124,"{""imu_roll"":0.0,""imu_pitch"":11.22413158416748,""imu_yaw"":0.4328661561012268,""frame_roll"":0.0,""frame_pitch"":11.22413158416748,""frame_yaw"":0.4328661561012268,""pitch_speed"":0.0,""yaw_speed"":0.0}",9.3006
20938329225500,fov,3125,"{""zoom"":12.339999198913574,""hfov"":7.293355464935303,""vfov"":4.106302738189697,""state"":0,""max_aov_h"":90.0,""max_aov_v"":58.71550750732422,""min_aov_h"":1.40625,""min_aov_v"":0.7910428047180176,""max_zoom"":64.0}",9.3106916
20938329620500,gimbal,3125,"{""imu_roll"":0.0,""imu_pitch"":11.194490432739258,""imu_yaw"":0.4398685693740845,""frame_roll"":0.0,""frame_pitch"":11.194490432739258,""frame_yaw"":0.4398685693740845,""pitch_speed"":0.0,""yaw_speed"":0.0}",9.3110866
20938345866200,target_offset,705,"{""x_angle_offset"":0.07597245275974274,""y_angle_offset"":-0.2129194012394658}",9.3273323
20938351979100,fov,3126,"{""zoom"":12.339999198913574,""hfov"":7.293355464935303,""vfov"":4.106302738189697,""state"":0,""max_aov_h"":90.0,""max_aov_v"":58.71550750732422,""min_aov_h"":1.40625,""min_aov_v"":0.7910428047180176,""max_zoom"":64.0}",9.3334452
20938352263200,gimbal,3126,"{""imu_roll"":0.0,""imu_pitch"":11.148414611816406,""imu_yaw"":0.45343172550201416,""frame_roll"":0.0,""frame_pitch"":11.148414611816406,""frame_yaw"":0.45343172550201416,""pitch_speed"":0.0,""yaw_speed"":0.0}",9.3337293
20938352507300,vfr,632,"{""message_type"":""VFR_HUD"",""airspeed"":37.528079986572266,""alt"":154.8699951171875}",9.3339734
20938352674800,position,632,"{""message_type"":""GLOBAL_POSITION_INT"",""lat"":469505432,""lon"":393489468}",9.3341409
20938352781100,attitude,1261,"{""message_type"":""ATTITUDE"",""time_boot_ms"":125310,""roll"":-0.00954389851540327,""pitch"":-0.2865164577960968,""yaw"":-3.134918689727783,""rollspeed"":0.01357157900929451,""pitchspeed"":-0.05010064318776131,""yawspeed"":-0.009624430909752846}",9.3342472
20938363399400,fov,3127,"{""zoom"":12.339999198913574,""hfov"":7.293355464935303,""vfov"":4.106302738189697,""state"":0,""max_aov_h"":90.0,""max_aov_v"":58.71550750732422,""min_aov_h"":1.40625,""min_aov_v"":0.7910428047180176,""max_zoom"":64.0}",9.3448655
20938363811700,gimbal,3127,"{""imu_roll"":0.0,""imu_pitch"":11.127236366271973,""imu_yaw"":0.4600277841091156,""frame_roll"":0.0,""frame_pitch"":11.127236366271973,""frame_yaw"":0.4600277841091156,""pitch_speed"":0.0,""yaw_speed"":0.0}",9.3452778
20938378218500,fov,3128,"{""zoom"":12.339999198913574,""hfov"":7.293355464935303,""vfov"":4.106302738189697,""state"":0,""max_aov_h"":90.0,""max_aov_v"":58.71550750732422,""min_aov_h"":1.40625,""min_aov_v"":0.7910428047180176,""max_zoom"":64.0}",9.3596846
20938378762000,gimbal,3128,"{""imu_roll"":0.0,""imu_pitch"":11.1029052734375,""imu_yaw"":0.4685518145561218,""frame_roll"":0.0,""frame_pitch"":11.1029052734375,""frame_yaw"":0.4685518145561218,""pitch_speed"":0.0,""yaw_speed"":0.0}",9.3602281
20938399996000,range,1206,"{""message_type"":""GLOBAL_VISION_POSITION_ESTIMATE"",""x"":46.948516845703125,""y"":39.34889602661133}",9.3814621
20938403396500,gimbal,3129,"{""imu_roll"":0.0,""imu_pitch"":11.069517135620117,""imu_yaw"":0.4824955463409424,""frame_roll"":0.0,""frame_pitch"":11.069517135620117,""frame_yaw"":0.4824955463409424,""pitch_speed"":0.0,""yaw_speed"":0.0}",9.3848626
20938403654800,fov,3129,"{""zoom"":12.339999198913574,""hfov"":7.293355464935303,""vfov"":4.106302738189697,""state"":0,""max_aov_h"":90.0,""max_aov_v"":58.71550750732422,""min_aov_h"":1.40625,""min_aov_v"":0.7910428047180176,""max_zoom"":64.0}",9.3851209
20938404502000,target_offset,706,"{""x_angle_offset"":0.08356969803571701,""y_angle_offset"":-0.19010660824952302}",9.3859681
20938413638000,fov,3130,"{""zoom"":12.339999198913574,""hfov"":7.293355464935303,""vfov"":4.106302738189697,""state"":0,""max_aov_h"":90.0,""max_aov_v"":58.71550750732422,""min_aov_h"":1.40625,""min_aov_v"":0.7910428047180176,""max_zoom"":64.0}",9.3951041
20938414102500,gimbal,3130,"{""imu_roll"":0.0,""imu_pitch"":11.046777725219727,""imu_yaw"":0.4908425211906433,""frame_roll"":0.0,""frame_pitch"":11.046777725219727,""frame_yaw"":0.4908425211906433,""pitch_speed"":0.0,""yaw_speed"":0.0}",9.3955686
20938414411600,range,1207,"{""message_type"":""GLOBAL_VISION_POSITION_ESTIMATE"",""x"":46.948516845703125,""y"":39.34889602661133}",9.3958777
20938414606000,attitude,1262,"{""message_type"":""ATTITUDE"",""time_boot_ms"":125370,""roll"":-0.008736900985240936,""pitch"":-0.28943324089050293,""yaw"":-3.135453462600708,""rollspeed"":0.013694368302822113,""pitchspeed"":-0.05169520154595375,""yawspeed"":-0.009080246090888977}",9.3960721
20938431645700,target_offset,707,"{""x_angle_offset"":0.08356969803571701,""y_angle_offset"":-0.15968955092959933}",9.4131118
20938438202900,fov,3131,"{""zoom"":12.339999198913574,""hfov"":7.293355464935303,""vfov"":4.106302738189697,""state"":0,""max_aov_h"":90.0,""max_aov_v"":58.71550750732422,""min_aov_h"":1.40625,""min_aov_v"":0.7910428047180176,""max_zoom"":64.0}",9.419669
20938438403700,gimbal,3131,"{""imu_roll"":0.0,""imu_pitch"":11.009259223937988,""imu_yaw"":0.5067961812019348,""frame_roll"":0.0,""frame_pitch"":11.009259223937988,""frame_yaw"":0.5067961812019348,""pitch_speed"":0.0,""yaw_speed"":0.0}",9.4198698
20938447900100,fov,3132,"{""zoom"":12.339999198913574,""hfov"":7.293355464935303,""vfov"":4.106302738189697,""state"":0,""max_aov_h"":90.0,""max_aov_v"":58.71550750732422,""min_aov_h"":1.40625,""min_aov_v"":0.7910428047180176,""max_zoom"":64.0}",9.4293662
20938448579500,gimbal,3132,"{""imu_roll"":0.0,""imu_pitch"":10.993010520935059,""imu_yaw"":0.5152774453163147,""frame_roll"":0.0,""frame_pitch"":10.993010520935059,""frame_yaw"":0.5152774453163147,""pitch_speed"":0.0,""yaw_speed"":0.0}",9.4300456
20938449934100,position,633,"{""message_type"":""GLOBAL_POSITION_INT"",""lat"":469504703,""lon"":393489468}",9.4314002
20938450197500,attitude,1263,"{""message_type"":""ATTITUDE"",""time_boot_ms"":125410,""roll"":-0.00820842944085598,""pitch"":-0.2914123833179474,""yaw"":-3.135794162750244,""rollspeed"":0.013873406685888767,""pitchspeed"":-0.0519089512526989,""yawspeed"":-0.008682377636432648}",9.4316636
20938450654700,vfr,633,"{""message_type"":""VFR_HUD"",""airspeed"":37.71342086791992,""alt"":153.5800018310547}",9.4321208
20938464348700,target_offset,708,"{""x_angle_offset"":0.08356969803571701,""y_angle_offset"":-0.1520852865996184}",9.4458148
20938470364800,fov,3133,"{""zoom"":12.339999198913574,""hfov"":7.293355464935303,""vfov"":4.106302738189697,""state"":0,""max_aov_h"":90.0,""max_aov_v"":58.71550750732422,""min_aov_h"":1.40625,""min_aov_v"":0.7910428047180176,""max_zoom"":64.0}",9.4518309
20938470602100,gimbal,3133,"{""imu_roll"":0.0,""imu_pitch"":10.967681884765625,""imu_yaw"":0.5307396650314331,""frame_roll"":0.0,""frame_pitch"":10.967681884765625,""frame_yaw"":0.5307396650314331,""pitch_speed"":0.0,""yaw_speed"":0.0}",9.4520682
20938482801600,fov,3134,"{""zoom"":12.339999198913574,""hfov"":7.293355464935303,""vfov"":4.106302738189697,""state"":0,""max_aov_h"":90.0,""max_aov_v"":58.71550750732422,""min_aov_h"":1.40625,""min_aov_v"":0.7910428047180176,""max_zoom"":64.0}",9.4642677
20938483379700,gimbal,3134,"{""imu_roll"":0.0,""imu_pitch"":10.951754570007324,""imu_yaw"":0.5388517379760742,""frame_roll"":0.0,""frame_pitch"":10.951754570007324,""frame_yaw"":0.5388517379760742,""pitch_speed"":0.0,""yaw_speed"":0.0}",9.4648458
20938494649100,fov,3135,"{""zoom"":12.339999198913574,""hfov"":7.293355464935303,""vfov"":4.106302738189697,""state"":0,""max_aov_h"":90.0,""max_aov_v"":58.71550750732422,""min_aov_h"":1.40625,""min_aov_v"":0.7910428047180176,""max_zoom"":64.0}",9.4761152
20938494912300,gimbal,3135,"{""imu_roll"":0.0,""imu_pitch"":10.935393333435059,""imu_yaw"":0.5479130148887634,""frame_roll"":0.0,""frame_pitch"":10.935393333435059,""frame_yaw"":0.5479130148887634,""pitch_speed"":0.0,""yaw_speed"":0.0}",9.4763784
20938498089500,attitude,1264,"{""message_type"":""ATTITUDE"",""time_boot_ms"":125470,""roll"":-0.007394210435450077,""pitch"":-0.29425978660583496,""yaw"":-3.1363296508789062,""rollspeed"":0.01242524478584528,""pitchspeed"":-0.05058249458670616,""yawspeed"":-0.008610332384705544}",9.4795556
20938512371200,target_offset,709,"{""x_angle_offset"":0.08356969803571701,""y_angle_offset"":-0.12927249360967566}",9.4938373
20938520116700,fov,3136,"{""zoom"":12.339999198913574,""hfov"":7.293355464935303,""vfov"":4.106302738189697,""state"":0,""max_aov_h"":90.0,""max_aov_v"":58.71550750732422,""min_aov_h"":1.40625,""min_aov_v"":0.7910428047180176,""max_zoom"":64.0}",9.5015828
20938520328600,gimbal,3136,"{""imu_roll"":0.0,""imu_pitch"":10.913131713867188,""imu_yaw"":0.5622731447219849,""frame_roll"":0.0,""frame_pitch"":10.913131713867188,""frame_yaw"":0.5622731447219849,""pitch_speed"":0.0,""yaw_speed"":0.0}",9.5017947
20938529653000,fov,3137,"{""zoom"":12.339999198913574,""hfov"":7.293355464935303,""vfov"":4.106302738189697,""state"":0,""max_aov_h"":90.0,""max_aov_v"":58.71550750732422,""min_aov_h"":1.40625,""min_aov_v"":0.7910428047180176,""max_zoom"":64.0}",9.5111191
20938530131600,gimbal,3137,"{""imu_roll"":0.0,""imu_pitch"":10.897253036499023,""imu_yaw"":0.5696547627449036,""frame_roll"":0.0,""frame_pitch"":10.897253036499023,""frame_yaw"":0.5696547627449036,""pitch_speed"":0.0,""yaw_speed"":0.0}",9.5115977
20938530940800,position,634,"{""message_type"":""GLOBAL_POSITION_INT"",""lat"":469504703,""lon"":393489468}",9.5124069
20938531078300,attitude,1265,"{""message_type"":""ATTITUDE"",""time_boot_ms"":125510,""roll"":-0.006884731352329254,""pitch"":-0.2961033582687378,""yaw"":-3.136669635772705,""rollspeed"":0.0118990084156394,""pitchspeed"":-0.049450911581516266,""yawspeed"":-0.00832047313451767}",9.5125444
20938531320900,vfr,634,"{""message_type"":""VFR_HUD"",""airspeed"":37.91179275512695,""alt"":152.26998901367188}",9.512787
20938545601900,target_offset,710,"{""x_angle_offset"":0.07597245275974274,""y_angle_offset"":-0.12927249360967566}",9.527068
20938551854100,fov,3138,"{""zoom"":12.339999198913574,""hfov"":7.293355464935303,""vfov"":4.106302738189697,""state"":0,""max_aov_h"":90.0,""max_aov_v"":58.71550750732422,""min_aov_h"":1.40625,""min_aov_v"":0.7910428047180176,""max_zoom"":64.0}",9.5333202
20938552069700,gimbal,3138,"{""imu_roll"":0.0,""imu_pitch"":10.873458862304688,""imu_yaw"":0.5824535489082336,""frame_roll"":0.0,""frame_pitch"":10.873458862304688,""frame_yaw"":0.5824535489082336,""pitch_speed"":0.0,""yaw_speed"":0.0}",9.5335358
20938555432600,range,1208,"{""message_type"":""GLOBAL_VISION_POSITION_ESTIMATE"",""x"":46.94844436645508,""y"":39.34889602661133}",9.5368987
20938564563800,fov,3139,"{""zoom"":12.339999198913574,""hfov"":7.293355464935303,""vfov"":4.106302738189697,""state"":0,""max_aov_h"":90.0,""max_aov_v"":58.71550750732422,""min_aov_h"":1.40625,""min_aov_v"":0.7910428047180176,""max_zoom"":64.0}",9.5460299
20938565077900,gimbal,3139,"{""imu_roll"":0.0,""imu_pitch"":10.859938621520996,""imu_yaw"":0.5899604558944702,""frame_roll"":0.0,""frame_pitch"":10.859938621520996,""frame_yaw"":0.5899604558944702,""pitch_speed"":0.0,""yaw_speed"":0.0}",9.546544
20938565682800,range,1209,"{""message_type"":""GLOBAL_VISION_POSITION_ESTIMATE"",""x"":46.94844436645508,""y"":39.34889602661133}",9.5471489
20938576406100,fov,3140,"{""zoom"":12.339999198913574,""hfov"":7.293355464935303,""vfov"":4.106302738189697,""state"":0,""max_aov_h"":90.0,""max_aov_v"":58.71550750732422,""min_aov_h"":1.40625,""min_aov_v"":0.7910428047180176,""max_zoom"":64.0}",9.5578722
20938576775200,gimbal,3140,"{""imu_roll"":0.0,""imu_pitch"":10.847844123840332,""imu_yaw"":0.5972529053688049,""frame_roll"":0.0,""frame_pitch"":10.847844123840332,""frame_yaw"":0.5972529053688049,""pitch_speed"":0.0,""yaw_speed"":0.0}",9.5582413
20938581068500,attitude,1266,"{""message_type"":""ATTITUDE"",""time_boot_ms"":125570,""roll"":-0.006168736144900322,""pitch"":-0.29877281188964844,""yaw"":-3.13714599609375,""rollspeed"":0.011182066984474659,""pitchspeed"":-0.04745645448565483,""yawspeed"":-0.007599390111863613}",9.5625346
20938593368000,target_offset,711,"{""x_angle_offset"":0.07597245275974274,""y_angle_offset"":-0.13687675793965656}",9.5748341
20938599723900,fov,3141,"{""zoom"":12.339999198913574,""hfov"":7.293355464935303,""vfov"":4.106302738189697,""state"":0,""max_aov_h"":90.0,""max_aov_v"":58.71550750732422,""min_aov_h"":1.40625,""min_aov_v"":0.7910428047180176,""max_zoom"":64.0}",9.58119
20938600424500,gimbal,3141,"{""imu_roll"":0.0,""imu_pitch"":10.831254005432129,""imu_yaw"":0.6088545322418213,""frame_roll"":0.0,""frame_pitch"":10.831254005432129,""frame_yaw"":0.6088545322418213,""pitch_speed"":0.0,""yaw_speed"":0.0}",9.5818906
20938610739600,fov,3142,"{""zoom"":12.339999198913574,""hfov"":7.293355464935303,""vfov"":4.106302738189697,""state"":0,""max_aov_h"":90.0,""max_aov_v"":58.71550750732422,""min_aov_h"":1.40625,""min_aov_v"":0.7910428047180176,""max_zoom"":64.0}",9.5922057
20938611199900,gimbal,3142,"{""imu_roll"":0.0,""imu_pitch"":10.813164710998535,""imu_yaw"":0.6163952946662903,""frame_roll"":0.0,""frame_pitch"":10.813164710998535,""frame_yaw"":0.6163952946662903,""pitch_speed"":0.0,""yaw_speed"":0.0}",9.592666
20938613244400,position,635,"{""message_type"":""GLOBAL_POSITION_INT"",""lat"":469504703,""lon"":393489468}",9.5947105
20938613426100,attitude,1267,"{""message_type"":""ATTITUDE"",""time_boot_ms"":125610,""roll"":-0.005711355712264776,""pitch"":-0.30048707127571106,""yaw"":-3.1374433040618896,""rollspeed"":0.010930106975138187,""pitchspeed"":-0.04621988162398338,""yawspeed"":-0.007211586460471153}",9.5948922
20938613690600,vfr,635,"{""message_type"":""VFR_HUD"",""airspeed"":38.118743896484375,""alt"":150.9199981689453}",9.5951567
20938627181300,target_offset,712,"{""x_angle_offset"":0.07597245275974274,""y_angle_offset"":-0.16729381525958026}",9.6086474
20938634873900,fov,3143,"{""zoom"":12.339999198913574,""hfov"":7.293355464935303,""vfov"":4.106302738189697,""state"":0,""max_aov_h"":90.0,""max_aov_v"":58.71550750732422,""min_aov_h"":1.40625,""min_aov_v"":0.7910428047180176,""max_zoom"":64.0}",9.61634
20938635190700,gimbal,3143,"{""imu_roll"":0.0,""imu_pitch"":10.789766311645508,""imu_yaw"":0.6274981498718262,""frame_roll"":0.0,""frame_pitch"":10.789766311645508,""frame_yaw"":0.6274981498718262,""pitch_speed"":0.0,""yaw_speed"":0.0}",9.6166568
20938644364800,fov,3144,"{""zoom"":12.339999198913574,""hfov"":7.293355464935303,""vfov"":4.106302738189697,""state"":0,""max_aov_h"":90.0,""max_aov_v"":58.71550750732422,""min_aov_h"":1.40625,""min_aov_v"":0.7910428047180176,""max_zoom"":64.0}",9.6258309
20938644745700,gimbal,3144,"{""imu_roll"":0.0,""imu_pitch"":10.770898818969727,""imu_yaw"":0.634408175945282,""frame_roll"":0.0,""frame_pitch"":10.770898818969727,""frame_yaw"":0.634408175945282,""pitch_speed"":0.0,""yaw_speed"":0.0}",9.6262118
20938660554600,target_offset,713,"{""x_angle_offset"":0.06837520748376846,""y_angle_offset"":-0.16729381525958026}",9.6420207
20938665757500,fov,3145,"{""zoom"":12.339999198913574,""hfov"":7.293355464935303,""vfov"":4.106302738189697,""state"":0,""max_aov_h"":90.0,""max_aov_v"":58.71550750732422,""min_aov_h"":1.40625,""min_aov_v"":0.7910428047180176,""max_zoom"":64.0}",9.6472236
20938666015300,gimbal,3145,"{""imu_roll"":0.0,""imu_pitch"":10.741863250732422,""imu_yaw"":0.6455594301223755,""frame_roll"":0.0,""frame_pitch"":10.741863250732422,""frame_yaw"":0.6455594301223755,""pitch_speed"":0.0,""yaw_speed"":0.0}",9.6474814
20938677288100,attitude,1268,"{""message_type"":""ATTITUDE"",""time_boot_ms"":125670,""roll"":-0.004994877148419619,""pitch"":-0.30301252007484436,""yaw"":-3.137871503829956,""rollspeed"":0.010881371796131134,""pitchspeed"":-0.04445144534111023,""yawspeed"":-0.0066336048766970634}",9.6587542
20938677738700,fov,3146,"{""zoom"":12.339999198913574,""hfov"":7.293355464935303,""vfov"":4.106302738189697,""state"":0,""max_aov_h"":90.0,""max_aov_v"":58.71550750732422,""min_aov_h"":1.40625,""min_aov_v"":0.7910428047180176,""max_zoom"":64.0}",9.6592048
20938678117600,gimbal,3146,"{""imu_roll"":0.0,""imu_pitch"":10.723916053771973,""imu_yaw"":0.6502091884613037,""frame_roll"":0.0,""frame_pitch"":10.723916053771973,""frame_yaw"":0.6502091884613037,""pitch_speed"":0.0,""yaw_speed"":0.0}",9.6595837
20938691238300,fov,3147,"{""zoom"":12.339999198913574,""hfov"":7.293355464935303,""vfov"":4.106302738189697,""state"":0,""max_aov_h"":90.0,""max_aov_v"":58.71550750732422,""min_aov_h"":1.40625,""min_aov_v"":0.7910428047180176,""max_zoom"":64.0}",9.6727044
20938691666200,gimbal,3147,"{""imu_roll"":0.0,""imu_pitch"":10.705057144165039,""imu_yaw"":0.6556553244590759,""frame_roll"":0.0,""frame_pitch"":10.705057144165039,""frame_yaw"":0.6556553244590759,""pitch_speed"":0.0,""yaw_speed"":0.0}",9.6731323
20938707583700,target_offset,714,"{""x_angle_offset"":0.06837520748376846,""y_angle_offset"":-0.16729381525958026}",9.6890498
20938713593700,range,1210,"{""message_type"":""GLOBAL_VISION_POSITION_ESTIMATE"",""x"":46.94844436645508,""y"":39.34889602661133}",9.6950598
20938713758100,attitude,1269,"{""message_type"":""ATTITUDE"",""time_boot_ms"":125710,""roll"":-0.004508307669311762,""pitch"":-0.3046489357948303,""yaw"":-3.13814115524292,""rollspeed"":0.01090167835354805,""pitchspeed"":-0.04313896968960762,""yawspeed"":-0.00620549451559782}",9.6952242
20938714053000,vfr,636,"{""message_type"":""VFR_HUD"",""airspeed"":38.33135986328125,""alt"":149.55999755859375}",9.6955191
20938714177400,range,1211,"{""message_type"":""GLOBAL_VISION_POSITION_ESTIMATE"",""x"":46.94844436645508,""y"":39.34889602661133}",9.6956435
20938714289400,position,636,"{""message_type"":""GLOBAL_POSITION_INT"",""lat"":469503966,""lon"":393489470}",9.6957555
20938715935900,fov,3148,"{""zoom"":12.339999198913574,""hfov"":7.293355464935303,""vfov"":4.106302738189697,""state"":0,""max_aov_h"":90.0,""max_aov_v"":58.71550750732422,""min_aov_h"":1.40625,""min_aov_v"":0.7910428047180176,""max_zoom"":64.0}",9.697402
20938716225000,gimbal,3148,"{""imu_roll"":0.0,""imu_pitch"":10.680136680603027,""imu_yaw"":0.6640235185623169,""frame_roll"":0.0,""frame_pitch"":10.680136680603027,""frame_yaw"":0.6640235185623169,""pitch_speed"":0.0,""yaw_speed"":0.0}",9.6976911
20938725536200,fov,3149,"{""zoom"":12.339999198913574,""hfov"":7.293355464935303,""vfov"":4.106302738189697,""state"":0,""max_aov_h"":90.0,""max_aov_v"":58.71550750732422,""min_aov_h"":1.40625,""min_aov_v"":0.7910428047180176,""max_zoom"":64.0}",9.7070023
20938725949600,gimbal,3149,"{""imu_roll"":0.0,""imu_pitch"":10.661270141601562,""imu_yaw"":0.669087290763855,""frame_roll"":0.0,""frame_pitch"":10.661270141601562,""frame_yaw"":0.669087290763855,""pitch_speed"":0.0,""yaw_speed"":0.0}",9.7074157
20938743569300,target_offset,715,"{""x_angle_offset"":0.04558347165584564,""y_angle_offset"":-0.1444810222696375}",9.7250354
20938748889700,fov,3150,"{""zoom"":12.339999198913574,""hfov"":7.293355464935303,""vfov"":4.106302738189697,""state"":0,""max_aov_h"":90.0,""max_aov_v"":58.71550750732422,""min_aov_h"":1.40625,""min_aov_v"":0.7910428047180176,""max_zoom"":64.0}",9.7303558
20938749170700,gimbal,3150,"{""imu_roll"":0.0,""imu_pitch"":10.630914688110352,""imu_yaw"":0.6781042218208313,""frame_roll"":0.0,""frame_pitch"":10.630914688110352,""frame_yaw"":0.6781042218208313,""pitch_speed"":0.0,""yaw_speed"":0.0}",9.7306368
20938759521000,fov,3151,"{""zoom"":12.339999198913574,""hfov"":7.293355464935303,""vfov"":4.106302738189697,""state"":0,""max_aov_h"":90.0,""max_aov_v"":58.71550750732422,""min_aov_h"":1.40625,""min_aov_v"":0.7910428047180176,""max_zoom"":64.0}",9.7409871
20938759964700,gimbal,3151,"{""imu_roll"":0.0,""imu_pitch"":10.616321563720703,""imu_yaw"":0.6810110211372375,""frame_roll"":0.0,""frame_pitch"":10.616321563720703,""frame_yaw"":0.6810110211372375,""pitch_speed"":0.0,""yaw_speed"":0.0}",9.7414308
20938773797900,fov,3152,"{""zoom"":12.339999198913574,""hfov"":7.293355464935303,""vfov"":4.106302738189697,""state"":0,""max_aov_h"":90.0,""max_aov_v"":58.71550750732422,""min_aov_h"":1.40625,""min_aov_v"":0.7910428047180176,""max_zoom"":64.0}",9.755264
20938774284500,gimbal,3152,"{""imu_roll"":0.0,""imu_pitch"":10.60073471069336,""imu_yaw"":0.6844955682754517,""frame_roll"":0.0,""frame_pitch"":10.60073471069336,""frame_yaw"":0.6844955682754517,""pitch_speed"":0.0,""yaw_speed"":0.0}",9.7557506
20938778520900,attitude,1270,"{""message_type"":""ATTITUDE"",""time_boot_ms"":125770,""roll"":-0.0037802911829203367,""pitch"":-0.3070107102394104,""yaw"":-3.1385202407836914,""rollspeed"":0.011017929762601852,""pitchspeed"":-0.041255611926317215,""yawspeed"":-0.005686369724571705}",9.759987
20938788137800,target_offset,716,"{""x_angle_offset"":0.04558347165584564,""y_angle_offset"":-0.13687675793965656}",9.7696039
20938794516500,fov,3153,"{""zoom"":12.339999198913574,""hfov"":7.293355464935303,""vfov"":4.106302738189697,""state"":0,""max_aov_h"":90.0,""max_aov_v"":58.71550750732422,""min_aov_h"":1.40625,""min_aov_v"":0.7910428047180176,""max_zoom"":64.0}",9.7759826
20938794899800,gimbal,3153,"{""imu_roll"":0.0,""imu_pitch"":10.580175399780273,""imu_yaw"":0.6899992823600769,""frame_roll"":0.0,""frame_pitch"":10.580175399780273,""frame_yaw"":0.6899992823600769,""pitch_speed"":0.0,""yaw_speed"":0.0}",9.7763659
20938806849400,fov,3154,"{""zoom"":12.339999198913574,""hfov"":7.293355464935303,""vfov"":4.106302738189697,""state"":0,""max_aov_h"":90.0,""max_aov_v"":58.71550750732422,""min_aov_h"":1.40625,""min_aov_v"":0.7910428047180176,""max_zoom"":64.0}",9.7883155
20938807223600,gimbal,3154,"{""imu_roll"":0.0,""imu_pitch"":10.564801216125488,""imu_yaw"":0.6947596669197083,""frame_roll"":0.0,""frame_pitch"":10.564801216125488,""frame_yaw"":0.6947596669197083,""pitch_speed"":0.0,""yaw_speed"":0.0}",9.7886897
20938813176700,position,637,"{""message_type"":""GLOBAL_POSITION_INT"",""lat"":469503966,""lon"":393489470}",9.7946428
20938813296800,attitude,1271,"{""message_type"":""ATTITUDE"",""time_boot_ms"":125810,""roll"":-0.0032944390550255775,""pitch"":-0.3085194528102875,""yaw"":-3.13875412940979,""rollspeed"":0.011162832379341125,""pitchspeed"":-0.04000399261713028,""yawspeed"":-0.005258728284388781}",9.7947629
20938813631900,vfr,637,"{""message_type"":""VFR_HUD"",""airspeed"":38.524803161621094,""alt"":148.16000366210938}",9.795098
20938824081900,target_offset,717,"{""x_angle_offset"":0.04558347165584564,""y_angle_offset"":-0.1064597006197329}",9.805548
20938830356200,fov,3155,"{""zoom"":12.339999198913574,""hfov"":7.293355464935303,""vfov"":4.106302738189697,""state"":0,""max_aov_h"":90.0,""max_aov_v"":58.71550750732422,""min_aov_h"":1.40625,""min_aov_v"":0.7910428047180176,""max_zoom"":64.0}",9.8118223
20938830551200,gimbal,3155,"{""imu_roll"":0.0,""imu_pitch"":10.541457176208496,""imu_yaw"":0.7028967142105103,""frame_roll"":0.0,""frame_pitch"":10.541457176208496,""frame_yaw"":0.7028967142105103,""pitch_speed"":0.0,""yaw_speed"":0.0}",9.8120173
20938840909200,fov,3156,"{""zoom"":12.339999198913574,""hfov"":7.293355464935303,""vfov"":4.106302738189697,""state"":0,""max_aov_h"":90.0,""max_aov_v"":58.71550750732422,""min_aov_h"":1.40625,""min_aov_v"":0.7910428047180176,""max_zoom"":64.0}",9.8223753
20938841161900,gimbal,3156,"{""imu_roll"":0.0,""imu_pitch"":10.529324531555176,""imu_yaw"":0.7056386470794678,""frame_roll"":0.0,""frame_pitch"":10.529324531555176,""frame_yaw"":0.7056386470794678,""pitch_speed"":0.0,""yaw_speed"":0.0}",9.822628
20938854216600,fov,3157,"{""zoom"":12.339999198913574,""hfov"":7.293355464935303,""vfov"":4.106302738189697,""state"":0,""max_aov_h"":90.0,""max_aov_v"":58.71550750732422,""min_aov_h"":1.40625,""min_aov_v"":0.7910428047180176,""max_zoom"":64.0}",9.8356827
20938854669700,gimbal,3157,"{""imu_roll"":0.0,""imu_pitch"":10.516654014587402,""imu_yaw"":0.7085943818092346,""frame_roll"":0.0,""frame_pitch"":10.516654014587402,""frame_yaw"":0.7085943818092346,""pitch_speed"":0.0,""yaw_speed"":0.0}",9.8361358
20938864881800,range,1212,"{""message_type"":""GLOBAL_VISION_POSITION_ESTIMATE"",""x"":46.9483757019043,""y"":39.34889602661133}",9.8463479
20938869166800,target_offset,718,"{""x_angle_offset"":0.04558347165584564,""y_angle_offset"":-0.0760426432998092}",9.8506329
20938876163900,fov,3158,"{""zoom"":12.339999198913574,""hfov"":7.293355464935303,""vfov"":4.106302738189697,""state"":0,""max_aov_h"":90.0,""max_aov_v"":58.71550750732422,""min_aov_h"":1.40625,""min_aov_v"":0.7910428047180176,""max_zoom"":64.0}",9.85763
20938876528700,gimbal,3158,"{""imu_roll"":0.0,""imu_pitch"":10.500468254089355,""imu_yaw"":0.7129531502723694,""frame_roll"":0.0,""frame_pitch"":10.500468254089355,""frame_yaw"":0.7129531502723694,""pitch_speed"":0.0,""yaw_speed"":0.0}",9.8579948
20938877570000,range,1213,"{""message_type"":""GLOBAL_VISION_POSITION_ESTIMATE"",""x"":46.9483757019043,""y"":39.34889602661133}",9.8590361
20938877758100,attitude,1272,"{""message_type"":""ATTITUDE"",""time_boot_ms"":125870,""roll"":-0.0025259973481297493,""pitch"":-0.3112688958644867,""yaw"":-3.139085531234741,""rollspeed"":0.01179379690438509,""pitchspeed"":-0.04080917686223984,""yawspeed"":-0.004696701653301716}",9.8592242
20938887155500,fov,3159,"{""zoom"":12.339999198913574,""hfov"":7.293355464935303,""vfov"":4.106302738189697,""state"":0,""max_aov_h"":90.0,""max_aov_v"":58.71550750732422,""min_aov_h"":1.40625,""min_aov_v"":0.7910428047180176,""max_zoom"":64.0}",9.8686216
20938887426900,gimbal,3159,"{""imu_roll"":0.0,""imu_pitch"":10.492255210876465,""imu_yaw"":0.7175900340080261,""frame_roll"":0.0,""frame_pitch"":10.492255210876465,""frame_yaw"":0.7175900340080261,""pitch_speed"":0.0,""yaw_speed"":0.0}",9.868893
20938904312500,target_offset,719,"{""x_angle_offset"":0.04558347165584564,""y_angle_offset"":-0.05322985030986645}",9.8857786
20938910616800,vfr,638,"{""message_type"":""VFR_HUD"",""airspeed"":38.72726058959961,""alt"":146.75}",9.8920829
20938910746700,position,638,"{""message_type"":""GLOBAL_POSITION_INT"",""lat"":469503206,""lon"":393489472}",9.8922128
20938910874900,attitude,1273,"{""message_type"":""ATTITUDE"",""time_boot_ms"":125910,""roll"":-0.0019457647576928139,""pitch"":-0.3137234151363373,""yaw"":-3.139296293258667,""rollspeed"":0.012491096742451191,""pitchspeed"":-0.03988777473568916,""yawspeed"":-0.004193529486656189}",9.892341
20938911229100,fov,3160,"{""zoom"":12.339999198913574,""hfov"":7.293355464935303,""vfov"":4.106302738189697,""state"":0,""max_aov_h"":90.0,""max_aov_v"":58.71550750732422,""min_aov_h"":1.40625,""min_aov_v"":0.7910428047180176,""max_zoom"":64.0}",9.8926952
20938911420400,gimbal,3160,"{""imu_roll"":0.0,""imu_pitch"":10.480666160583496,""imu_yaw"":0.7247346639633179,""frame_roll"":0.0,""frame_pitch"":10.480666160583496,""frame_yaw"":0.7247346639633179,""pitch_speed"":0.0,""yaw_speed"":0.0}",9.8928865
20938920836300,fov,3161,"{""zoom"":12.339999198913574,""hfov"":7.293355464935303,""vfov"":4.106302738189697,""state"":0,""max_aov_h"":90.0,""max_aov_v"":58.71550750732422,""min_aov_h"":1.40625,""min_aov_v"":0.7910428047180176,""max_zoom"":64.0}",9.9023024
20938921077400,gimbal,3161,"{""imu_roll"":0.0,""imu_pitch"":10.475144386291504,""imu_yaw"":0.7277354001998901,""frame_roll"":0.0,""frame_pitch"":10.475144386291504,""frame_yaw"":0.7277354001998901,""pitch_speed"":0.0,""yaw_speed"":0.0}",9.9025435
20938933595800,fov,3162,"{""zoom"":12.339999198913574,""hfov"":7.293355464935303,""vfov"":4.106302738189697,""state"":0,""max_aov_h"":90.0,""max_aov_v"":58.71550750732422,""min_aov_h"":1.40625,""min_aov_v"":0.7910428047180176,""max_zoom"":64.0}",9.9150619
20938934048100,gimbal,3162,"{""imu_roll"":0.0,""imu_pitch"":10.470243453979492,""imu_yaw"":0.7304537296295166,""frame_roll"":0.0,""frame_pitch"":10.470243453979492,""frame_yaw"":0.7304537296295166,""pitch_speed"":0.0,""yaw_speed"":0.0}",9.9155142
20938951736900,target_offset,720,"{""x_angle_offset"":0.04558347165584564,""y_angle_offset"":-0.04562558597988552}",9.933203
20938959102400,fov,3163,"{""zoom"":12.339999198913574,""hfov"":7.293355464935303,""vfov"":4.106302738189697,""state"":0,""max_aov_h"":90.0,""max_aov_v"":58.71550750732422,""min_aov_h"":1.40625,""min_aov_v"":0.7910428047180176,""max_zoom"":64.0}",9.9405685
20938959321900,gimbal,3163,"{""imu_roll"":0.0,""imu_pitch"":10.463114738464355,""imu_yaw"":0.7346762418746948,""frame_roll"":0.0,""frame_pitch"":10.463114738464355,""frame_yaw"":0.7346762418746948,""pitch_speed"":0.0,""yaw_speed"":0.0}",9.940788
20938967657600,fov,3164,"{""zoom"":12.339999198913574,""hfov"":7.293355464935303,""vfov"":4.106302738189697,""state"":0,""max_aov_h"":90.0,""max_aov_v"":58.71550750732422,""min_aov_h"":1.40625,""min_aov_v"":0.7910428047180176,""max_zoom"":64.0}",9.9491237
20938967994600,gimbal,3164,"{""imu_roll"":0.0,""imu_pitch"":10.45710277557373,""imu_yaw"":0.7391169667243958,""frame_roll"":0.0,""frame_pitch"":10.45710277557373,""frame_yaw"":0.7391169667243958,""pitch_speed"":0.0,""yaw_speed"":0.0}",9.9494607
20938976232600,attitude,1274,"{""message_type"":""ATTITUDE"",""time_boot_ms"":125970,""roll"":-0.0010946422116830945,""pitch"":-0.3173871338367462,""yaw"":-3.139587640762329,""rollspeed"":0.011689532548189163,""pitchspeed"":-0.039830613881349564,""yawspeed"":-0.00371891469694674}",9.9576987
20938985071100,target_offset,721,"{""x_angle_offset"":0.04558347165584564,""y_angle_offset"":-0.04562558597988552}",9.9665372
20938991254000,fov,3165,"{""zoom"":12.339999198913574,""hfov"":7.293355464935303,""vfov"":4.106302738189697,""state"":0,""max_aov_h"":90.0,""max_aov_v"":58.71550750732422,""min_aov_h"":1.40625,""min_aov_v"":0.7910428047180176,""max_zoom"":64.0}",9.9727201
20938991484800,gimbal,3165,"{""imu_roll"":0.0,""imu_pitch"":10.448019981384277,""imu_yaw"":0.7461590766906738,""frame_roll"":0.0,""frame_pitch"":10.448019981384277,""frame_yaw"":0.7461590766906738,""pitch_speed"":0.0,""yaw_speed"":0.0}",9.9729509
20939002572100,fov,3166,"{""zoom"":12.339999198913574,""hfov"":7.293355464935303,""vfov"":4.106302738189697,""state"":0,""max_aov_h"":90.0,""max_aov_v"":58.71550750732422,""min_aov_h"":1.40625,""min_aov_v"":0.7910428047180176,""max_zoom"":64.0}",9.9840382
20939002971700,gimbal,3166,"{""imu_roll"":0.0,""imu_pitch"":10.440823554992676,""imu_yaw"":0.7492896914482117,""frame_roll"":0.0,""frame_pitch"":10.440823554992676,""frame_yaw"":0.7492896914482117,""pitch_speed"":0.0,""yaw_speed"":0.0}",9.9844378
20939012113500,position,639,"{""message_type"":""GLOBAL_POSITION_INT"",""lat"":469503206,""lon"":393489472}",9.9935796
20939012281300,attitude,1275,"{""message_type"":""ATTITUDE"",""time_boot_ms"":126010,""roll"":-0.0005513767246156931,""pitch"":-0.3197900950908661,""yaw"":-3.139765739440918,""rollspeed"":0.0118687329813838,""pitchspeed"":-0.03853747993707657,""yawspeed"":-0.0033909231424331665}",9.9937474
20939012678400,vfr,639,"{""message_type"":""VFR_HUD"",""airspeed"":38.935707092285156,""alt"":145.30999755859375}",9.9941445
20939016541200,fov,3167,"{""zoom"":12.339999198913574,""hfov"":7.293355464935303,""vfov"":4.106302738189697,""state"":0,""max_aov_h"":90.0,""max_aov_v"":58.71550750732422,""min_aov_h"":1.40625,""min_aov_v"":0.7910428047180176,""max_zoom"":64.0}",9.9980073
20939016907500,gimbal,3167,"{""imu_roll"":0.0,""imu_pitch"":10.434000968933105,""imu_yaw"":0.7523666620254517,""frame_roll"":0.0,""frame_pitch"":10.434000968933105,""frame_yaw"":0.7523666620254517,""pitch_speed"":0.0,""yaw_speed"":0.0}",9.9983736
20939019503800,range,1214,"{""message_type"":""GLOBAL_VISION_POSITION_ESTIMATE"",""x"":46.949100494384766,""y"":39.34891891479492}",10.0009699
20939030003000,range,1215,"{""message_type"":""GLOBAL_VISION_POSITION_ESTIMATE"",""x"":46.949100494384766,""y"":39.34891891479492}",10.0114691
20939033007400,target_offset,722,"{""x_angle_offset"":0.04558347165584564,""y_angle_offset"":-0.0380213216499046}",10.0144735
20939039530900,fov,3168,"{""zoom"":12.339999198913574,""hfov"":7.293355464935303,""vfov"":4.106302738189697,""state"":0,""max_aov_h"":90.0,""max_aov_v"":58.71550750732422,""min_aov_h"":1.40625,""min_aov_v"":0.7910428047180176,""max_zoom"":64.0}",10.020997
20939039777700,gimbal,3168,"{""imu_roll"":0.0,""imu_pitch"":10.425477981567383,""imu_yaw"":0.756420373916626,""frame_roll"":0.0,""frame_pitch"":10.425477981567383,""frame_yaw"":0.756420373916626,""pitch_speed"":0.0,""yaw_speed"":0.0}",10.0212438
20939049481400,fov,3169,"{""zoom"":12.339999198913574,""hfov"":7.293355464935303,""vfov"":4.106302738189697,""state"":0,""max_aov_h"":90.0,""max_aov_v"":58.71550750732422,""min_aov_h"":1.40625,""min_aov_v"":0.7910428047180176,""max_zoom"":64.0}",10.0309475
20939050027400,gimbal,3169,"{""imu_roll"":0.0,""imu_pitch"":10.42144775390625,""imu_yaw"":0.7607625126838684,""frame_roll"":0.0,""frame_pitch"":10.42144775390625,""frame_yaw"":0.7607625126838684,""pitch_speed"":0.0,""yaw_speed"":0.0}",10.0314935
20939066789000,target_offset,723,"{""x_angle_offset"":0.04558347165584564,""y_angle_offset"":-0.0380213216499046}",10.0482551
20939074141800,fov,3170,"{""zoom"":12.339999198913574,""hfov"":7.293355464935303,""vfov"":4.106302738189697,""state"":0,""max_aov_h"":90.0,""max_aov_v"":58.71550750732422,""min_aov_h"":1.40625,""min_aov_v"":0.7910428047180176,""max_zoom"":64.0}",10.0556079
20939074410600,gimbal,3170,"{""imu_roll"":0.0,""imu_pitch"":10.415254592895508,""imu_yaw"":0.7675303220748901,""frame_roll"":0.0,""frame_pitch"":10.415254592895508,""frame_yaw"":0.7675303220748901,""pitch_speed"":0.0,""yaw_speed"":0.0}",10.0558767
20939075113000,attitude,1276,"{""message_type"":""ATTITUDE"",""time_boot_ms"":126070,""roll"":0.00029804944642819464,""pitch"":-0.3232777714729309,""yaw"":-3.1400089263916016,""rollspeed"":0.012475751340389252,""pitchspeed"":-0.0362653024494648,""yawspeed"":-0.0029135574586689472}",10.0565791
20939083912600,fov,3171,"{""zoom"":12.339999198913574,""hfov"":7.293355464935303,""vfov"":4.106302738189697,""state"":0,""max_aov_h"":90.0,""max_aov_v"":58.71550750732422,""min_aov_h"":1.40625,""min_aov_v"":0.7910428047180176,""max_zoom"":64.0}",10.0653787
20939084368700,gimbal,3171,"{""imu_roll"":0.0,""imu_pitch"":10.410011291503906,""imu_yaw"":0.7703476548194885,""frame_roll"":0.0,""frame_pitch"":10.410011291503906,""frame_yaw"":0.7703476548194885,""pitch_speed"":0.0,""yaw_speed"":0.0}",10.0658348
20939097701600,fov,3172,"{""zoom"":12.339999198913574,""hfov"":7.293355464935303,""vfov"":4.106302738189697,""state"":0,""max_aov_h"":90.0,""max_aov_v"":58.71550750732422,""min_aov_h"":1.40625,""min_aov_v"":0.7910428047180176,""max_zoom"":64.0}",10.0791677
20939098108400,gimbal,3172,"{""imu_roll"":0.0,""imu_pitch"":10.404401779174805,""imu_yaw"":0.7733994126319885,""frame_roll"":0.0,""frame_pitch"":10.404401779174805,""frame_yaw"":0.7733994126319885,""pitch_speed"":0.0,""yaw_speed"":0.0}",10.0795745
20939108233900,attitude,1277,"{""message_type"":""ATTITUDE"",""time_boot_ms"":126110,""roll"":0.0008821082301437855,""pitch"":-0.3244984745979309,""yaw"":-3.1401641368865967,""rollspeed"":0.012610404752194881,""pitchspeed"":-0.03430068492889404,""yawspeed"":-0.002703780075535178}",10.0897
20939108686000,vfr,640,"{""message_type"":""VFR_HUD"",""airspeed"":39.147857666015625,""alt"":143.84999084472656}",10.0901521
20939108813500,position,640,"{""message_type"":""GLOBAL_POSITION_INT"",""lat"":469502458,""lon"":393489473}",10.0902796
20939115501800,target_offset,724,"{""x_angle_offset"":0.04558347165584564,""y_angle_offset"":-0.0380213216499046}",10.0969679
20939121766600,fov,3173,"{""zoom"":12.339999198913574,""hfov"":7.293355464935303,""vfov"":4.106302738189697,""state"":0,""max_aov_h"":90.0,""max_aov_v"":58.71550750732422,""min_aov_h"":1.40625,""min_aov_v"":0.7910428047180176,""max_zoom"":64.0}",10.1032327
20939121976100,gimbal,3173,"{""imu_roll"":0.0,""imu_pitch"":10.397616386413574,""imu_yaw"":0.7771250605583191,""frame_roll"":0.0,""frame_pitch"":10.397616386413574,""frame_yaw"":0.7771250605583191,""pitch_speed"":0.0,""yaw_speed"":0.0}",10.1034422
20939132300000,fov,3174,"{""zoom"":12.339999198913574,""hfov"":7.293355464935303,""vfov"":4.106302738189697,""state"":0,""max_aov_h"":90.0,""max_aov_v"":58.71550750732422,""min_aov_h"":1.40625,""min_aov_v"":0.7910428047180176,""max_zoom"":64.0}",10.1137661
20939132668500,gimbal,3174,"{""imu_roll"":0.0,""imu_pitch"":10.391425132751465,""imu_yaw"":0.7817052602767944,""frame_roll"":0.0,""frame_pitch"":10.391425132751465,""frame_yaw"":0.7817052602767944,""pitch_speed"":0.0,""yaw_speed"":0.0}",10.1141346
20939150021200,target_offset,725,"{""x_angle_offset"":0.04558347165584564,""y_angle_offset"":-0.0380213216499046}",10.1314873
20939155884800,fov,3175,"{""zoom"":12.339999198913574,""hfov"":7.293355464935303,""vfov"":4.106302738189697,""state"":0,""max_aov_h"":90.0,""max_aov_v"":58.71550750732422,""min_aov_h"":1.40625,""min_aov_v"":0.7910428047180176,""max_zoom"":64.0}",10.1373509
20939156107400,gimbal,3175,"{""imu_roll"":0.0,""imu_pitch"":10.382288932800293,""imu_yaw"":0.7884779572486877,""frame_roll"":0.0,""frame_pitch"":10.382288932800293,""frame_yaw"":0.7884779572486877,""pitch_speed"":0.0,""yaw_speed"":0.0}",10.1375735
20939165572400,fov,3176,"{""zoom"":12.339999198913574,""hfov"":7.293355464935303,""vfov"":4.106302738189697,""state"":0,""max_aov_h"":90.0,""max_aov_v"":58.71550750732422,""min_aov_h"":1.40625,""min_aov_v"":0.7910428047180176,""max_zoom"":64.0}",10.1470385
20939165934400,gimbal,3176,"{""imu_roll"":0.0,""imu_pitch"":10.37800121307373,""imu_yaw"":0.7916405200958252,""frame_roll"":0.0,""frame_pitch"":10.37800121307373,""frame_yaw"":0.7916405200958252,""pitch_speed"":0.0,""yaw_speed"":0.0}",10.1474005
20939174773900,attitude,1278,"{""message_type"":""ATTITUDE"",""time_boot_ms"":126170,""roll"":0.001953624654561281,""pitch"":-0.3261982798576355,""yaw"":-3.140388250350952,""rollspeed"":0.016702964901924133,""pitchspeed"":-0.032218847423791885,""yawspeed"":-0.0024447531905025244}",10.15624
20939175296200,range,1216,"{""message_type"":""GLOBAL_VISION_POSITION_ESTIMATE"",""x"":46.94902801513672,""y"":39.34891891479492}",10.1567623
20939183266300,target_offset,726,"{""x_angle_offset"":0.03798622637987137,""y_angle_offset"":-0.030417057319923682}",10.1647324
20939191217000,fov,3177,"{""zoom"":12.339999198913574,""hfov"":7.293355464935303,""vfov"":4.106302738189697,""state"":0,""max_aov_h"":90.0,""max_aov_v"":58.71550750732422,""min_aov_h"":1.40625,""min_aov_v"":0.7910428047180176,""max_zoom"":64.0}",10.1726831
20939191464400,gimbal,3177,"{""imu_roll"":0.0,""imu_pitch"":10.371744155883789,""imu_yaw"":0.7962162494659424,""frame_roll"":0.0,""frame_pitch"":10.371744155883789,""frame_yaw"":0.7962162494659424,""pitch_speed"":0.0,""yaw_speed"":0.0}",10.1729305
20939192343800,range,1217,"{""message_type"":""GLOBAL_VISION_POSITION_ESTIMATE"",""x"":46.94902801513672,""y"":39.34891891479492}",10.1738099
20939200714500,fov,3178,"{""zoom"":12.339999198913574,""hfov"":7.293355464935303,""vfov"":4.106302738189697,""state"":0,""max_aov_h"":90.0,""max_aov_v"":58.71550750732422,""min_aov_h"":1.40625,""min_aov_v"":0.7910428047180176,""max_zoom"":64.0}",10.1821806
20939201087400,gimbal,3178,"{""imu_roll"":0.0,""imu_pitch"":10.366246223449707,""imu_yaw"":0.7982650995254517,""frame_roll"":0.0,""frame_pitch"":10.366246223449707,""frame_yaw"":0.7982650995254517,""pitch_speed"":0.0,""yaw_speed"":0.0}",10.1825535
20939208288100,position,641,"{""message_type"":""GLOBAL_POSITION_INT"",""lat"":469502458,""lon"":393489473}",10.1897542
20939208526500,attitude,1279,"{""message_type"":""ATTITUDE"",""time_boot_ms"":126210,""roll"":0.002770528197288513,""pitch"":-0.3273017406463623,""yaw"":-3.1405365467071533,""rollspeed"":0.018596135079860687,""pitchspeed"":-0.0319594070315361,""yawspeed"":-0.0023784462828189135}",10.1899926
20939208954500,vfr,641,"{""message_type"":""VFR_HUD"",""airspeed"":39.3402214050293,""alt"":142.36000061035156}",10.1904206
20939214062100,fov,3179,"{""zoom"":12.339999198913574,""hfov"":7.293355464935303,""vfov"":4.106302738189697,""state"":0,""max_aov_h"":90.0,""max_aov_v"":58.71550750732422,""min_aov_h"":1.40625,""min_aov_v"":0.7910428047180176,""max_zoom"":64.0}",10.1955282
20939214481900,gimbal,3179,"{""imu_roll"":0.0,""imu_pitch"":10.360520362854004,""imu_yaw"":0.8003720641136169,""frame_roll"":0.0,""frame_pitch"":10.360520362854004,""frame_yaw"":0.8003720641136169,""pitch_speed"":0.0,""yaw_speed"":0.0}",10.195948
20939230920300,target_offset,727,"{""x_angle_offset"":0.03798622637987137,""y_angle_offset"":-0.0076042643299809205}",10.2123864
20939237555200,fov,3180,"{""zoom"":12.339999198913574,""hfov"":7.293355464935303,""vfov"":4.106302738189697,""state"":0,""max_aov_h"":90.0,""max_aov_v"":58.71550750732422,""min_aov_h"":1.40625,""min_aov_v"":0.7910428047180176,""max_zoom"":64.0}",10.2190213
20939237840500,gimbal,3180,"{""imu_roll"":0.0,""imu_pitch"":10.353665351867676,""imu_yaw"":0.8028820157051086,""frame_roll"":0.0,""frame_pitch"":10.353665351867676,""frame_yaw"":0.8028820157051086,""pitch_speed"":0.0,""yaw_speed"":0.0}",10.2193066
20939247888000,fov,3181,"{""zoom"":12.339999198913574,""hfov"":7.293355464935303,""vfov"":4.106302738189697,""state"":0,""max_aov_h"":90.0,""max_aov_v"":58.71550750732422,""min_aov_h"":1.40625,""min_aov_v"":0.7910428047180176,""max_zoom"":64.0}",10.2293541
20939248271400,gimbal,3181,"{""imu_roll"":0.0,""imu_pitch"":10.353093147277832,""imu_yaw"":0.80690598487854,""frame_roll"":0.0,""frame_pitch"":10.353093147277832,""frame_yaw"":0.80690598487854,""pitch_speed"":0.0,""yaw_speed"":0.0}",10.2297375
20939268503200,target_offset,728,"{""x_angle_offset"":0.03798622637987137,""y_angle_offset"":0.0}",10.2499693
20939275290300,fov,3182,"{""zoom"":12.339999198913574,""hfov"":7.293355464935303,""vfov"":4.106302738189697,""state"":0,""max_aov_h"":90.0,""max_aov_v"":58.71550750732422,""min_aov_h"":1.40625,""min_aov_v"":0.7910428047180176,""max_zoom"":64.0}",10.2567564
20939275501000,gimbal,3182,"{""imu_roll"":0.0,""imu_pitch"":10.352267265319824,""imu_yaw"":0.8126733899116516,""frame_roll"":0.0,""frame_pitch"":10.352267265319824,""frame_yaw"":0.8126733899116516,""pitch_speed"":0.0,""yaw_speed"":0.0}",10.2569671
20939282133500,fov,3183,"{""zoom"":12.339999198913574,""hfov"":7.293355464935303,""vfov"":4.106302738189697,""state"":0,""max_aov_h"":90.0,""max_aov_v"":58.71550750732422,""min_aov_h"":1.40625,""min_aov_v"":0.7910428047180176,""max_zoom"":64.0}",10.2635996
20939282825500,gimbal,3183,"{""imu_roll"":0.0,""imu_pitch"":10.351861000061035,""imu_yaw"":0.815529465675354,""frame_roll"":0.0,""frame_pitch"":10.351861000061035,""frame_yaw"":0.815529465675354,""pitch_speed"":0.0,""yaw_speed"":0.0}",10.2642916
20939284437600,attitude,1280,"{""message_type"":""ATTITUDE"",""time_boot_ms"":126270,""roll"":0.004089764319360256,""pitch"":-0.329079270362854,""yaw"":-3.140758991241455,""rollspeed"":0.01975538395345211,""pitchspeed"":-0.03511161357164383,""yawspeed"":-0.002304387278854847}",10.2659037
20939294672100,fov,3184,"{""zoom"":12.339999198913574,""hfov"":7.293355464935303,""vfov"":4.106302738189697,""state"":0,""max_aov_h"":90.0,""max_aov_v"":58.71550750732422,""min_aov_h"":1.40625,""min_aov_v"":0.7910428047180176,""max_zoom"":64.0}",10.2761382
20939294972200,gimbal,3184,"{""imu_roll"":0.0,""imu_pitch"":10.351487159729004,""imu_yaw"":0.8181433081626892,""frame_roll"":0.0,""frame_pitch"":10.351487159729004,""frame_yaw"":0.8181433081626892,""pitch_speed"":0.0,""yaw_speed"":0.0}",10.2764383
20939312924100,target_offset,729,"{""x_angle_offset"":0.03798622637987137,""y_angle_offset"":0.030417057319923682}",10.2943902
20939319349400,fov,3185,"{""zoom"":12.339999198913574,""hfov"":7.293355464935303,""vfov"":4.106302738189697,""state"":0,""max_aov_h"":90.0,""max_aov_v"":58.71550750732422,""min_aov_h"":1.40625,""min_aov_v"":0.7910428047180176,""max_zoom"":64.0}",10.3008155
20939319585300,gimbal,3185,"{""imu_roll"":0.0,""imu_pitch"":10.35099983215332,""imu_yaw"":0.8215278387069702,""frame_roll"":0.0,""frame_pitch"":10.35099983215332,""frame_yaw"":0.8215278387069702,""pitch_speed"":0.0,""yaw_speed"":0.0}",10.3010514
20939322117800,position,642,"{""message_type"":""GLOBAL_POSITION_INT"",""lat"":469501702,""lon"":393489475}",10.3035839
20939322341700,attitude,1281,"{""message_type"":""ATTITUDE"",""time_boot_ms"":126310,""roll"":0.0049885851331055164,""pitch"":-0.3303912580013275,""yaw"":-3.140925645828247,""rollspeed"":0.019594533368945122,""pitchspeed"":-0.0388764888048172,""yawspeed"":-0.0023345400113612413}",10.3038078
20939322826500,vfr,642,"{""message_type"":""VFR_HUD"",""airspeed"":39.518489837646484,""alt"":140.86000061035156}",10.3042926
20939329169300,range,1218,"{""message_type"":""GLOBAL_VISION_POSITION_ESTIMATE"",""x"":46.948951721191406,""y"":39.34891891479492}",10.3106354
20939329510800,fov,3186,"{""zoom"":12.339999198913574,""hfov"":7.293355464935303,""vfov"":4.106302738189697,""state"":0,""max_aov_h"":90.0,""max_aov_v"":58.71550750732422,""min_aov_h"":1.40625,""min_aov_v"":0.7910428047180176,""max_zoom"":64.0}",10.3109769
20939329854700,gimbal,3186,"{""imu_roll"":0.0,""imu_pitch"":10.353657722473145,""imu_yaw"":0.8233045935630798,""frame_roll"":0.0,""frame_pitch"":10.353657722473145,""frame_yaw"":0.8233045935630798,""pitch_speed"":0.0,""yaw_speed"":0.0}",10.3113208
20939342141800,range,1219,"{""message_type"":""GLOBAL_VISION_POSITION_ESTIMATE"",""x"":46.948951721191406,""y"":39.34891891479492}",10.3236079
20939346817100,target_offset,730,"{""x_angle_offset"":0.03798622637987137,""y_angle_offset"":0.030417057319923682}",10.3282832
20939352901300,fov,3187,"{""zoom"":12.339999198913574,""hfov"":7.293355464935303,""vfov"":4.106302738189697,""state"":0,""max_aov_h"":90.0,""max_aov_v"":58.71550750732422,""min_aov_h"":1.40625,""min_aov_v"":0.7910428047180176,""max_zoom"":64.0}",10.3343674
20939353710800,gimbal,3187,"{""imu_roll"":0.0,""imu_pitch"":10.357358932495117,""imu_yaw"":0.8257983922958374,""frame_roll"":0.0,""frame_pitch"":10.357358932495117,""frame_yaw"":0.8257983922958374,""pitch_speed"":0.0,""yaw_speed"":0.0}",10.3351769
20939362862300,fov,3188,"{""zoom"":12.339999198913574,""hfov"":7.293355464935303,""vfov"":4.106302738189697,""state"":0,""max_aov_h"":90.0,""max_aov_v"":58.71550750732422,""min_aov_h"":1.40625,""min_aov_v"":0.7910428047180176,""max_zoom"":64.0}",10.3443284
20939363295000,gimbal,3188,"{""imu_roll"":0.0,""imu_pitch"":10.358942985534668,""imu_yaw"":0.8294045925140381,""frame_roll"":0.0,""frame_pitch"":10.358942985534668,""frame_yaw"":0.8294045925140381,""pitch_speed"":0.0,""yaw_speed"":0.0}",10.3447611
20939375869700,fov,3189,"{""zoom"":12.339999198913574,""hfov"":7.293355464935303,""vfov"":4.106302738189697,""state"":0,""max_aov_h"":90.0,""max_aov_v"":58.71550750732422,""min_aov_h"":1.40625,""min_aov_v"":0.7910428047180176,""max_zoom"":64.0}",10.3573358
20939376168300,gimbal,3189,"{""imu_roll"":0.0,""imu_pitch"":10.360630989074707,""imu_yaw"":0.833280086517334,""frame_roll"":0.0,""frame_pitch"":10.360630989074707,""frame_yaw"":0.833280086517334,""pitch_speed"":0.0,""yaw_speed"":0.0}",10.3576344
20939376715900,attitude,1282,"{""message_type"":""ATTITUDE"",""time_boot_ms"":126370,""roll"":0.00635015033185482,""pitch"":-0.3326092064380646,""yaw"":-3.14119815826416,""rollspeed"":0.019086012616753578,""pitchspeed"":-0.04471037536859512,""yawspeed"":-0.0024964045733213425}",10.358182
20939399406000,target_offset,731,"{""x_angle_offset"":0.03798622637987137,""y_angle_offset"":0.030417057319923682}",10.3808721
20939407753600,fov,3190,"{""zoom"":12.339999198913574,""hfov"":7.293355464935303,""vfov"":4.106302738189697,""state"":0,""max_aov_h"":90.0,""max_aov_v"":58.71550750732422,""min_aov_h"":1.40625,""min_aov_v"":0.7910428047180176,""max_zoom"":64.0}",10.3892197
20939408022200,gimbal,3190,"{""imu_roll"":0.0,""imu_pitch"":10.36314582824707,""imu_yaw"":0.8391709327697754,""frame_roll"":0.0,""frame_pitch"":10.36314582824707,""frame_yaw"":0.8391709327697754,""pitch_speed"":0.0,""yaw_speed"":0.0}",10.3894883
20939410899400,fov,3191,"{""zoom"":12.339999198913574,""hfov"":7.293355464935303,""vfov"":4.106302738189697,""state"":0,""max_aov_h"":90.0,""max_aov_v"":58.71550750732422,""min_aov_h"":1.40625,""min_aov_v"":0.7910428047180176,""max_zoom"":64.0}",10.3923655
20939411342600,gimbal,3191,"{""imu_roll"":0.0,""imu_pitch"":10.364011764526367,""imu_yaw"":0.8411468267440796,""frame_roll"":0.0,""frame_pitch"":10.364011764526367,""frame_yaw"":0.8411468267440796,""pitch_speed"":0.0,""yaw_speed"":0.0}",10.3928087
20939416145100,position,643,"{""message_type"":""GLOBAL_POSITION_INT"",""lat"":469501702,""lon"":393489475}",10.3976112
20939416303100,attitude,1283,"{""message_type"":""ATTITUDE"",""time_boot_ms"":126410,""roll"":0.007199304178357124,""pitch"":-0.3342728912830353,""yaw"":-3.141392707824707,""rollspeed"":0.01738653890788555,""pitchspeed"":-0.04829670488834381,""yawspeed"":-0.0025721683632582426}",10.3977692
20939416565500,vfr,643,"{""message_type"":""VFR_HUD"",""airspeed"":39.68669128417969,""alt"":139.33999633789062}",10.3980316
20939429065100,target_offset,732,"{""x_angle_offset"":0.03798622637987137,""y_angle_offset"":0.0}",10.4105312
20939435846600,fov,3192,"{""zoom"":12.339999198913574,""hfov"":7.293355464935303,""vfov"":4.106302738189697,""state"":0,""max_aov_h"":90.0,""max_aov_v"":58.71550750732422,""min_aov_h"":1.40625,""min_aov_v"":0.7910428047180176,""max_zoom"":64.0}",10.4173127
20939436305400,gimbal,3192,"{""imu_roll"":0.0,""imu_pitch"":10.365644454956055,""imu_yaw"":0.8451021313667297,""frame_roll"":0.0,""frame_pitch"":10.365644454956055,""frame_yaw"":0.8451021313667297,""pitch_speed"":0.0,""yaw_speed"":0.0}",10.4177715
20939446185200,fov,3193,"{""zoom"":12.339999198913574,""hfov"":7.293355464935303,""vfov"":4.106302738189697,""state"":0,""max_aov_h"":90.0,""max_aov_v"":58.71550750732422,""min_aov_h"":1.40625,""min_aov_v"":0.7910428047180176,""max_zoom"":64.0}",10.4276513
20939446614600,gimbal,3193,"{""imu_roll"":0.0,""imu_pitch"":10.363457679748535,""imu_yaw"":0.8496714234352112,""frame_roll"":0.0,""frame_pitch"":10.363457679748535,""frame_yaw"":0.8496714234352112,""pitch_speed"":0.0,""yaw_speed"":0.0}",10.4280807
20939462915200,target_offset,733,"{""x_angle_offset"":0.03798622637987137,""y_angle_offset"":0.0}",10.4443813
20939467979200,fov,3194,"{""zoom"":12.339999198913574,""hfov"":7.293355464935303,""vfov"":4.106302738189697,""state"":0,""max_aov_h"":90.0,""max_aov_v"":58.71550750732422,""min_aov_h"":1.40625,""min_aov_v"":0.7910428047180176,""max_zoom"":64.0}",10.4494453
20939468225400,gimbal,3194,"{""imu_roll"":0.0,""imu_pitch"":10.360616683959961,""imu_yaw"":0.8557729721069336,""frame_roll"":0.0,""frame_pitch"":10.360616683959961,""frame_yaw"":0.8557729721069336,""pitch_speed"":0.0,""yaw_speed"":0.0}",10.4496915
20939476082400,attitude,1284,"{""message_type"":""ATTITUDE"",""time_boot_ms"":126470,""roll"":0.008343770168721676,""pitch"":-0.33702802658081055,""yaw"":3.1414763927459717,""rollspeed"":0.014246143400669098,""pitchspeed"":-0.053274109959602356,""yawspeed"":-0.003056076355278492}",10.4575485
20939479476500,fov,3195,"{""zoom"":12.339999198913574,""hfov"":7.293355464935303,""vfov"":4.106302738189697,""state"":0,""max_aov_h"":90.0,""max_aov_v"":58.71550750732422,""min_aov_h"":1.40625,""min_aov_v"":0.7910428047180176,""max_zoom"":64.0}",10.4609426
20939479776000,gimbal,3195,"{""imu_roll"":0.0,""imu_pitch"":10.359244346618652,""imu_yaw"":0.8586317300796509,""frame_roll"":0.0,""frame_pitch"":10.359244346618652,""frame_yaw"":0.8586317300796509,""pitch_speed"":0.0,""yaw_speed"":0.0}",10.4612421
20939491592500,fov,3196,"{""zoom"":12.339999198913574,""hfov"":7.293355464935303,""vfov"":4.106302738189697,""state"":0,""max_aov_h"":90.0,""max_aov_v"":58.71550750732422,""min_aov_h"":1.40625,""min_aov_v"":0.7910428047180176,""max_zoom"":64.0}",10.4730586
20939492075000,gimbal,3196,"{""imu_roll"":0.0,""imu_pitch"":10.357867240905762,""imu_yaw"":0.8616437315940857,""frame_roll"":0.0,""frame_pitch"":10.357867240905762,""frame_yaw"":0.8616437315940857,""pitch_speed"":0.0,""yaw_speed"":0.0}",10.4735411
20939499591600,range,1220,"{""message_type"":""GLOBAL_VISION_POSITION_ESTIMATE"",""x"":46.948951721191406,""y"":39.34891891479492}",10.4810577
20939508899100,target_offset,734,"{""x_angle_offset"":0.04558347165584564,""y_angle_offset"":-0.0380213216499046}",10.4903652
20939513847800,range,1221,"{""message_type"":""GLOBAL_VISION_POSITION_ESTIMATE"",""x"":46.948951721191406,""y"":39.34891891479492}",10.4953139
20939514662200,attitude,1285,"{""message_type"":""ATTITUDE"",""time_boot_ms"":126510,""roll"":0.00899683777242899,""pitch"":-0.3389813005924225,""yaw"":3.141247272491455,""rollspeed"":0.01221028808504343,""pitchspeed"":-0.05522993206977844,""yawspeed"":-0.003238449804484844}",10.4961283
20939514891600,vfr,644,"{""message_type"":""VFR_HUD"",""airspeed"":39.847984313964844,""alt"":137.7899932861328}",10.4963577
20939514972900,position,644,"{""message_type"":""GLOBAL_POSITION_INT"",""lat"":469500947,""lon"":393489479}",10.496439
20939516169400,fov,3197,"{""zoom"":12.339999198913574,""hfov"":7.293355464935303,""vfov"":4.106302738189697,""state"":0,""max_aov_h"":90.0,""max_aov_v"":58.71550750732422,""min_aov_h"":1.40625,""min_aov_v"":0.7910428047180176,""max_zoom"":64.0}",10.4976355
20939516373500,gimbal,3197,"{""imu_roll"":0.0,""imu_pitch"":10.356060028076172,""imu_yaw"":0.8659678101539612,""frame_roll"":0.0,""frame_pitch"":10.356060028076172,""frame_yaw"":0.8659678101539612,""pitch_speed"":0.0,""yaw_speed"":0.0}",10.4978396
20939524368500,fov,3198,"{""zoom"":12.339999198913574,""hfov"":7.293355464935303,""vfov"":4.106302738189697,""state"":0,""max_aov_h"":90.0,""max_aov_v"":58.71550750732422,""min_aov_h"":1.40625,""min_aov_v"":0.7910428047180176,""max_zoom"":64.0}",10.5058346
20939524699400,gimbal,3198,"{""imu_roll"":0.0,""imu_pitch"":10.34981632232666,""imu_yaw"":0.8703880310058594,""frame_roll"":0.0,""frame_pitch"":10.34981632232666,""frame_yaw"":0.8703880310058594,""pitch_speed"":0.0,""yaw_speed"":0.0}",10.5061655
20939541061300,target_offset,735,"{""x_angle_offset"":0.04558347165584564,""y_angle_offset"":-0.0760426432998092}",10.5225274
20939546477300,fov,3199,"{""zoom"":12.339999198913574,""hfov"":7.293355464935303,""vfov"":4.106302738189697,""state"":0,""max_aov_h"":90.0,""max_aov_v"":58.71550750732422,""min_aov_h"":1.40625,""min_aov_v"":0.7910428047180176,""max_zoom"":64.0}",10.5279434
20939546768700,gimbal,3199,"{""imu_roll"":0.0,""imu_pitch"":10.340384483337402,""imu_yaw"":0.8774816393852234,""frame_roll"":0.0,""frame_pitch"":10.340384483337402,""frame_yaw"":0.8774816393852234,""pitch_speed"":0.0,""yaw_speed"":0.0}",10.5282348
20939558209800,fov,3200,"{""zoom"":12.339999198913574,""hfov"":7.293355464935303,""vfov"":4.106302738189697,""state"":0,""max_aov_h"":90.0,""max_aov_v"":58.71550750732422,""min_aov_h"":1.40625,""min_aov_v"":0.7910428047180176,""max_zoom"":64.0}",10.5396759
20939558568800,gimbal,3200,"{""imu_roll"":0.0,""imu_pitch"":10.331093788146973,""imu_yaw"":0.8803836703300476,""frame_roll"":0.0,""frame_pitch"":10.331093788146973,""frame_yaw"":0.8803836703300476,""pitch_speed"":0.0,""yaw_speed"":0.0}",10.5400349
20939570176400,attitude,1286,"{""message_type"":""ATTITUDE"",""time_boot_ms"":126570,""roll"":0.009728281758725643,""pitch"":-0.34237655997276306,""yaw"":3.140923261642456,""rollspeed"":0.009630399756133556,""pitchspeed"":-0.05839820206165314,""yawspeed"":-0.003685927949845791}",10.5516425
20939570866000,fov,3201,"{""zoom"":12.339999198913574,""hfov"":7.293355464935303,""vfov"":4.106302738189697,""state"":0,""max_aov_h"":90.0,""max_aov_v"":58.71550750732422,""min_aov_h"":1.40625,""min_aov_v"":0.7910428047180176,""max_zoom"":64.0}",10.5523321
20939571130400,gimbal,3201,"{""imu_roll"":0.0,""imu_pitch"":10.32197380065918,""imu_yaw"":0.883457362651825,""frame_roll"":0.0,""frame_pitch"":10.32197380065918,""frame_yaw"":0.883457362651825,""pitch_speed"":0.0,""yaw_speed"":0.0}",10.5525965
20939588127900,target_offset,736,"{""x_angle_offset"":0.04558347165584564,""y_angle_offset"":-0.11406396494971381}",10.569594
20939594221900,fov,3202,"{""zoom"":12.339999198913574,""hfov"":7.293355464935303,""vfov"":4.106302738189697,""state"":0,""max_aov_h"":90.0,""max_aov_v"":58.71550750732422,""min_aov_h"":1.40625,""min_aov_v"":0.7910428047180176,""max_zoom"":64.0}",10.575688
20939594458800,gimbal,3202,"{""imu_roll"":0.0,""imu_pitch"":10.309837341308594,""imu_yaw"":0.8878498673439026,""frame_roll"":0.0,""frame_pitch"":10.309837341308594,""frame_yaw"":0.8878498673439026,""pitch_speed"":0.0,""yaw_speed"":0.0}",10.5759249
20939603551500,fov,3203,"{""zoom"":12.339999198913574,""hfov"":7.293355464935303,""vfov"":4.106302738189697,""state"":0,""max_aov_h"":90.0,""max_aov_v"":58.71550750732422,""min_aov_h"":1.40625,""min_aov_v"":0.7910428047180176,""max_zoom"":64.0}",10.5850176
20939603924400,gimbal,3203,"{""imu_roll"":0.0,""imu_pitch"":10.294915199279785,""imu_yaw"":0.8925793170928955,""frame_roll"":0.0,""frame_pitch"":10.294915199279785,""frame_yaw"":0.8925793170928955,""pitch_speed"":0.0,""yaw_speed"":0.0}",10.5853905
20939618575100,attitude,1287,"{""message_type"":""ATTITUDE"",""time_boot_ms"":126610,""roll"":0.010134982876479626,""pitch"":-0.34472668170928955,""yaw"":3.1406896114349365,""rollspeed"":0.008042223751544952,""pitchspeed"":-0.06011073291301727,""yawspeed"":-0.004000738263130188}",10.6000412
20939618909400,vfr,645,"{""message_type"":""VFR_HUD"",""airspeed"":40.00413513183594,""alt"":136.22999572753906}",10.6003755
20939619062800,position,645,"{""message_type"":""GLOBAL_POSITION_INT"",""lat"":469500947,""lon"":393489479}",10.6005289
20939622414500,target_offset,737,"{""x_angle_offset"":0.04558347165584564,""y_angle_offset"":-0.1520852865996184}",10.6038806
20939628908700,fov,3204,"{""zoom"":12.339999198913574,""hfov"":7.293355464935303,""vfov"":4.106302738189697,""state"":0,""max_aov_h"":90.0,""max_aov_v"":58.71550750732422,""min_aov_h"":1.40625,""min_aov_v"":0.7910428047180176,""max_zoom"":64.0}",10.6103748
20939629141900,gimbal,3204,"{""imu_roll"":0.0,""imu_pitch"":10.272422790527344,""imu_yaw"":0.9005042910575867,""frame_roll"":0.0,""frame_pitch"":10.272422790527344,""frame_yaw"":0.9005042910575867,""pitch_speed"":0.0,""yaw_speed"":0.0}",10.610608
20939638921000,fov,3205,"{""zoom"":12.339999198913574,""hfov"":7.293355464935303,""vfov"":4.106302738189697,""state"":0,""max_aov_h"":90.0,""max_aov_v"":58.71550750732422,""min_aov_h"":1.40625,""min_aov_v"":0.7910428047180176,""max_zoom"":64.0}",10.6203871
20939639757600,gimbal,3205,"{""imu_roll"":0.0,""imu_pitch"":10.2554931640625,""imu_yaw"":0.9033770561218262,""frame_roll"":0.0,""frame_pitch"":10.2554931640625,""frame_yaw"":0.9033770561218262,""pitch_speed"":0.0,""yaw_speed"":0.0}",10.6212237
20939651198400,fov,3206,"{""zoom"":12.339999198913574,""hfov"":7.293355464935303,""vfov"":4.106302738189697,""state"":0,""max_aov_h"":90.0,""max_aov_v"":58.71550750732422,""min_aov_h"":1.40625,""min_aov_v"":0.7910428047180176,""max_zoom"":64.0}",10.6326645
20939651986500,gimbal,3206,"{""imu_roll"":0.0,""imu_pitch"":10.239337921142578,""imu_yaw"":0.9064350724220276,""frame_roll"":0.0,""frame_pitch"":10.239337921142578,""frame_yaw"":0.9064350724220276,""pitch_speed"":0.0,""yaw_speed"":0.0}",10.6334526
20939654430900,range,1222,"{""message_type"":""GLOBAL_VISION_POSITION_ESTIMATE"",""x"":46.948875427246094,""y"":39.34892272949219}",10.635897
20939667686100,range,1223,"{""message_type"":""GLOBAL_VISION_POSITION_ESTIMATE"",""x"":46.948875427246094,""y"":39.34892272949219}",10.6491522
20939668045700,attitude,1288,"{""message_type"":""ATTITUDE"",""time_boot_ms"":126670,""roll"":0.010618593543767929,""pitch"":-0.34845367074012756,""yaw"":3.1403045654296875,""rollspeed"":0.004801742732524872,""pitchspeed"":-0.06448284536600113,""yawspeed"":-0.0046027651987969875}",10.6495118
20939668786200,target_offset,738,"{""x_angle_offset"":0.04558347165584564,""y_angle_offset"":-0.17489807958956116}",10.6502523
20939674950500,fov,3207,"{""zoom"":12.339999198913574,""hfov"":7.293355464935303,""vfov"":4.106302738189697,""state"":0,""max_aov_h"":90.0,""max_aov_v"":58.71550750732422,""min_aov_h"":1.40625,""min_aov_v"":0.7910428047180176,""max_zoom"":64.0}",10.6564166
20939675194000,gimbal,3207,"{""imu_roll"":0.0,""imu_pitch"":10.215596199035645,""imu_yaw"":0.9120988249778748,""frame_roll"":0.0,""frame_pitch"":10.215596199035645,""frame_yaw"":0.9120988249778748,""pitch_speed"":0.0,""yaw_speed"":0.0}",10.6566601
20939684261800,fov,3208,"{""zoom"":12.339999198913574,""hfov"":7.293355464935303,""vfov"":4.106302738189697,""state"":0,""max_aov_h"":90.0,""max_aov_v"":58.71550750732422,""min_aov_h"":1.40625,""min_aov_v"":0.7910428047180176,""max_zoom"":64.0}",10.6657279
20939684520400,gimbal,3208,"{""imu_roll"":0.0,""imu_pitch"":10.198277473449707,""imu_yaw"":0.9160470366477966,""frame_roll"":0.0,""frame_pitch"":10.198277473449707,""frame_yaw"":0.9160470366477966,""pitch_speed"":0.0,""yaw_speed"":0.0}",10.6659865
20939700789900,target_offset,739,"{""x_angle_offset"":0.03798622637987137,""y_angle_offset"":-0.17489807958956116}",10.682256
20939707025200,fov,3209,"{""zoom"":12.339999198913574,""hfov"":7.293355464935303,""vfov"":4.106302738189697,""state"":0,""max_aov_h"":90.0,""max_aov_v"":58.71550750732422,""min_aov_h"":1.40625,""min_aov_v"":0.7910428047180176,""max_zoom"":64.0}",10.6884913
20939707240000,gimbal,3209,"{""imu_roll"":0.0,""imu_pitch"":10.169012069702148,""imu_yaw"":0.923049807548523,""frame_roll"":0.0,""frame_pitch"":10.169012069702148,""frame_yaw"":0.923049807548523,""pitch_speed"":0.0,""yaw_speed"":0.0}",10.6887061
20939716737100,vfr,646,"{""message_type"":""VFR_HUD"",""airspeed"":40.15653991699219,""alt"":134.64999389648438}",10.6982032
20939716907400,position,646,"{""message_type"":""GLOBAL_POSITION_INT"",""lat"":469500947,""lon"":393489479}",10.6983735
20939717012800,attitude,1289,"{""message_type"":""ATTITUDE"",""time_boot_ms"":126710,""roll"":0.010781096294522285,""pitch"":-0.3511003851890564,""yaw"":3.140026330947876,""rollspeed"":0.0009308246662840247,""pitchspeed"":-0.06782355159521103,""yawspeed"":-0.004980064928531647}",10.6984789
20939721249700,fov,3210,"{""zoom"":12.339999198913574,""hfov"":7.293355464935303,""vfov"":4.106302738189697,""state"":0,""max_aov_h"":90.0,""max_aov_v"":58.71550750732422,""min_aov_h"":1.40625,""min_aov_v"":0.7910428047180176,""max_zoom"":64.0}",10.7027158
20939721752600,gimbal,3210,"{""imu_roll"":0.0,""imu_pitch"":10.149596214294434,""imu_yaw"":0.9264330267906189,""frame_roll"":0.0,""frame_pitch"":10.149596214294434,""frame_yaw"":0.9264330267906189,""pitch_speed"":0.0,""yaw_speed"":0.0}",10.7032187
20939732481400,fov,3211,"{""zoom"":12.339999198913574,""hfov"":7.293355464935303,""vfov"":4.106302738189697,""state"":0,""max_aov_h"":90.0,""max_aov_v"":58.71550750732422,""min_aov_h"":1.40625,""min_aov_v"":0.7910428047180176,""max_zoom"":64.0}",10.7139475
20939733680000,gimbal,3211,"{""imu_roll"":0.0,""imu_pitch"":10.131622314453125,""imu_yaw"":0.929955005645752,""frame_roll"":0.0,""frame_pitch"":10.131622314453125,""frame_yaw"":0.929955005645752,""pitch_speed"":0.0,""yaw_speed"":0.0}",10.7151461
20939749148400,target_offset,740,"{""x_angle_offset"":0.03798622637987137,""y_angle_offset"":-0.1825023439195421}",10.7306145
20939756590100,fov,3212,"{""zoom"":12.339999198913574,""hfov"":7.293355464935303,""vfov"":4.106302738189697,""state"":0,""max_aov_h"":90.0,""max_aov_v"":58.71550750732422,""min_aov_h"":1.40625,""min_aov_v"":0.7910428047180176,""max_zoom"":64.0}",10.7380562
20939756816400,gimbal,3212,"{""imu_roll"":0.0,""imu_pitch"":10.108490943908691,""imu_yaw"":0.9356024265289307,""frame_roll"":0.0,""frame_pitch"":10.108490943908691,""frame_yaw"":0.9356024265289307,""pitch_speed"":0.0,""yaw_speed"":0.0}",10.7382825
20939766403900,fov,3213,"{""zoom"":12.339999198913574,""hfov"":7.293355464935303,""vfov"":4.106302738189697,""state"":0,""max_aov_h"":90.0,""max_aov_v"":58.71550750732422,""min_aov_h"":1.40625,""min_aov_v"":0.7910428047180176,""max_zoom"":64.0}",10.74787
20939766668800,gimbal,3213,"{""imu_roll"":0.0,""imu_pitch"":10.08623218536377,""imu_yaw"":0.9399358630180359,""frame_roll"":0.0,""frame_pitch"":10.08623218536377,""frame_yaw"":0.9399358630180359,""pitch_speed"":0.0,""yaw_speed"":0.0}",10.7481349
20939771075300,attitude,1290,"{""message_type"":""ATTITUDE"",""time_boot_ms"":126770,""roll"":0.010687802918255329,""pitch"":-0.3551100194454193,""yaw"":3.139608383178711,""rollspeed"":-0.003045711200684309,""pitchspeed"":-0.07174254953861237,""yawspeed"":-0.005857096519321203}",10.7525414
20939785133900,target_offset,741,"{""x_angle_offset"":0.03798622637987137,""y_angle_offset"":-0.1825023439195421}",10.7666
20939792011600,fov,3214,"{""zoom"":12.339999198913574,""hfov"":7.293355464935303,""vfov"":4.106302738189697,""state"":0,""max_aov_h"":90.0,""max_aov_v"":58.71550750732422,""min_aov_h"":1.40625,""min_aov_v"":0.7910428047180176,""max_zoom"":64.0}",10.7734777
20939792312200,gimbal,3214,"{""imu_roll"":0.0,""imu_pitch"":10.052509307861328,""imu_yaw"":0.9482018947601318,""frame_roll"":0.0,""frame_pitch"":10.052509307861328,""frame_yaw"":0.9482018947601318,""pitch_speed"":0.0,""yaw_speed"":0.0}",10.7737783
20939799143200,fov,3215,"{""zoom"":12.339999198913574,""hfov"":7.293355464935303,""vfov"":4.106302738189697,""state"":0,""max_aov_h"":90.0,""max_aov_v"":58.71550750732422,""min_aov_h"":1.40625,""min_aov_v"":0.7910428047180176,""max_zoom"":64.0}",10.7806093
20939799646600,gimbal,3215,"{""imu_roll"":0.0,""imu_pitch"":10.033527374267578,""imu_yaw"":0.9506071209907532,""frame_roll"":0.0,""frame_pitch"":10.033527374267578,""frame_yaw"":0.9506071209907532,""pitch_speed"":0.0,""yaw_speed"":0.0}",10.7811127
20939810507900,range,1224,"{""message_type"":""GLOBAL_VISION_POSITION_ESTIMATE"",""x"":46.948875427246094,""y"":39.34892272949219}",10.791974
20939811899500,fov,3216,"{""zoom"":12.339999198913574,""hfov"":7.293355464935303,""vfov"":4.106302738189697,""state"":0,""max_aov_h"":90.0,""max_aov_v"":58.71550750732422,""min_aov_h"":1.40625,""min_aov_v"":0.7910428047180176,""max_zoom"":64.0}",10.7933656
20939812422500,gimbal,3216,"{""imu_roll"":0.0,""imu_pitch"":10.014404296875,""imu_yaw"":0.9530301690101624,""frame_roll"":0.0,""frame_pitch"":10.014404296875,""frame_yaw"":0.9530301690101624,""pitch_speed"":0.0,""yaw_speed"":0.0}",10.7938886
20939820228500,range,1225,"{""message_type"":""GLOBAL_VISION_POSITION_ESTIMATE"",""x"":46.948875427246094,""y"":39.34892272949219}",10.8016946
20939820342600,position,647,"{""message_type"":""GLOBAL_POSITION_INT"",""lat"":469500196,""lon"":393489485}",10.8018087
20939820415800,attitude,1291,"{""message_type"":""ATTITUDE"",""time_boot_ms"":126810,""roll"":0.010527117177844048,""pitch"":-0.35790327191352844,""yaw"":3.139310598373413,""rollspeed"":-0.004333491902798414,""pitchspeed"":-0.07551923394203186,""yawspeed"":-0.006558770313858986}",10.8018819
20939820950500,vfr,647,"{""message_type"":""VFR_HUD"",""airspeed"":40.306270599365234,""alt"":133.02999877929688}",10.8024166
20939829841000,target_offset,742,"{""x_angle_offset"":0.03798622637987137,""y_angle_offset"":-0.2129194012394658}",10.8113071
20939836057600,fov,3217,"{""zoom"":12.339999198913574,""hfov"":7.293355464935303,""vfov"":4.106302738189697,""state"":0,""max_aov_h"":90.0,""max_aov_v"":58.71550750732422,""min_aov_h"":1.40625,""min_aov_v"":0.7910428047180176,""max_zoom"":64.0}",10.8175237
20939836626600,gimbal,3217,"{""imu_roll"":0.0,""imu_pitch"":9.987285614013672,""imu_yaw"":0.958579421043396,""frame_roll"":0.0,""frame_pitch"":9.987285614013672,""frame_yaw"":0.958579421043396,""pitch_speed"":0.0,""yaw_speed"":0.0}",10.8180927
20939845725200,fov,3218,"{""zoom"":12.339999198913574,""hfov"":7.293355464935303,""vfov"":4.106302738189697,""state"":0,""max_aov_h"":90.0,""max_aov_v"":58.71550750732422,""min_aov_h"":1.40625,""min_aov_v"":0.7910428047180176,""max_zoom"":64.0}",10.8271913
20939845971600,gimbal,3218,"{""imu_roll"":0.0,""imu_pitch"":9.965018272399902,""imu_yaw"":0.9625874757766724,""frame_roll"":0.0,""frame_pitch"":9.965018272399902,""frame_yaw"":0.9625874757766724,""pitch_speed"":0.0,""yaw_speed"":0.0}",10.8274377
20939864466800,target_offset,743,"{""x_angle_offset"":0.03798622637987137,""y_angle_offset"":-0.25094072288937036}",10.8459329
20939869732600,fov,3219,"{""zoom"":12.339999198913574,""hfov"":7.293355464935303,""vfov"":4.106302738189697,""state"":0,""max_aov_h"":90.0,""max_aov_v"":58.71550750732422,""min_aov_h"":1.40625,""min_aov_v"":0.7910428047180176,""max_zoom"":64.0}",10.8511987
20939869927100,gimbal,3219,"{""imu_roll"":0.0,""imu_pitch"":9.930098533630371,""imu_yaw"":0.9708917737007141,""frame_roll"":0.0,""frame_pitch"":9.930098533630371,""frame_yaw"":0.9708917737007141,""pitch_speed"":0.0,""yaw_speed"":0.0}",10.8513932
20939872302900,attitude,1292,"{""message_type"":""ATTITUDE"",""time_boot_ms"":126870,""roll"":0.010304131545126438,""pitch"":-0.36234423518180847,""yaw"":3.138801336288452,""rollspeed"":-0.003825755324214697,""pitchspeed"":-0.08059555292129517,""yawspeed"":-0.007804724853485823}",10.853769
20939879329800,fov,3220,"{""zoom"":12.339999198913574,""hfov"":7.293355464935303,""vfov"":4.106302738189697,""state"":0,""max_aov_h"":90.0,""max_aov_v"":58.71550750732422,""min_aov_h"":1.40625,""min_aov_v"":0.7910428047180176,""max_zoom"":64.0}",10.8607959
20939879591700,gimbal,3220,"{""imu_roll"":0.0,""imu_pitch"":9.903675079345703,""imu_yaw"":0.9738034009933472,""frame_roll"":0.0,""frame_pitch"":9.903675079345703,""frame_yaw"":0.9738034009933472,""pitch_speed"":0.0,""yaw_speed"":0.0}",10.8610578
20939891760500,fov,3221,"{""zoom"":12.339999198913574,""hfov"":7.293355464935303,""vfov"":4.106302738189697,""state"":0,""max_aov_h"":90.0,""max_aov_v"":58.71550750732422,""min_aov_h"":1.40625,""min_aov_v"":0.7910428047180176,""max_zoom"":64.0}",10.8732266
20939892242400,gimbal,3221,"{""imu_roll"":0.0,""imu_pitch"":9.879291534423828,""imu_yaw"":0.9774488210678101,""frame_roll"":0.0,""frame_pitch"":9.879291534423828,""frame_yaw"":0.9774488210678101,""pitch_speed"":0.0,""yaw_speed"":0.0}",10.8737085
20939909853700,target_offset,744,"{""x_angle_offset"":0.030388981103897095,""y_angle_offset"":-0.2129194012394658}",10.8913198
20939915451200,vfr,648,"{""message_type"":""VFR_HUD"",""airspeed"":40.45389938354492,""alt"":131.38999938964844}",10.8969173
20939915529100,position,648,"{""message_type"":""GLOBAL_POSITION_INT"",""lat"":469500196,""lon"":393489485}",10.8969952
20939915596000,attitude,1293,"{""message_type"":""ATTITUDE"",""time_boot_ms"":126910,""roll"":0.01016788650304079,""pitch"":-0.36553916335105896,""yaw"":3.1384220123291016,""rollspeed"":-0.004336833022534847,""pitchspeed"":-0.08608503639698029,""yawspeed"":-0.0085956621915102}",10.8970621
20939916274100,fov,3222,"{""zoom"":12.339999198913574,""hfov"":7.293355464935303,""vfov"":4.106302738189697,""state"":0,""max_aov_h"":90.0,""max_aov_v"":58.71550750732422,""min_aov_h"":1.40625,""min_aov_v"":0.7910428047180176,""max_zoom"":64.0}",10.8977402
20939917018800,gimbal,3222,"{""imu_roll"":0.0,""imu_pitch"":9.842124938964844,""imu_yaw"":0.984519898891449,""frame_roll"":0.0,""frame_pitch"":9.842124938964844,""frame_yaw"":0.984519898891449,""pitch_speed"":0.0,""yaw_speed"":0.0}",10.8984849
20939925739500,fov,3223,"{""zoom"":12.339999198913574,""hfov"":7.293355464935303,""vfov"":4.106302738189697,""state"":0,""max_aov_h"":90.0,""max_aov_v"":58.71550750732422,""min_aov_h"":1.40625,""min_aov_v"":0.7910428047180176,""max_zoom"":64.0}",10.9072056
20939926244900,gimbal,3223,"{""imu_roll"":0.0,""imu_pitch"":9.817760467529297,""imu_yaw"":0.9857832789421082,""frame_roll"":0.0,""frame_pitch"":9.817760467529297,""frame_yaw"":0.9857832789421082,""pitch_speed"":0.0,""yaw_speed"":0.0}",10.907711
20939944630900,target_offset,745,"{""x_angle_offset"":0.030388981103897095,""y_angle_offset"":-0.288962044539275}",10.926097
20939951113000,fov,3224,"{""zoom"":12.339999198913574,""hfov"":7.293355464935303,""vfov"":4.106302738189697,""state"":0,""max_aov_h"":90.0,""max_aov_v"":58.71550750732422,""min_aov_h"":1.40625,""min_aov_v"":0.7910428047180176,""max_zoom"":64.0}",10.9325791
20939951336500,gimbal,3224,"{""imu_roll"":0.0,""imu_pitch"":9.782890319824219,""imu_yaw"":0.9904072284698486,""frame_roll"":0.0,""frame_pitch"":9.782890319824219,""frame_yaw"":0.9904072284698486,""pitch_speed"":0.0,""yaw_speed"":0.0}",10.9328026
20939959114800,fov,3225,"{""zoom"":12.339999198913574,""hfov"":7.293355464935303,""vfov"":4.106302738189697,""state"":0,""max_aov_h"":90.0,""max_aov_v"":58.71550750732422,""min_aov_h"":1.40625,""min_aov_v"":0.7910428047180176,""max_zoom"":64.0}",10.9405809
20939959361300,gimbal,3225,"{""imu_roll"":0.0,""imu_pitch"":9.750114440917969,""imu_yaw"":0.993371307849884,""frame_roll"":0.0,""frame_pitch"":9.750114440917969,""frame_yaw"":0.993371307849884,""pitch_speed"":0.0,""yaw_speed"":0.0}",10.9408274
20939965601500,range,1226,"{""message_type"":""GLOBAL_VISION_POSITION_ESTIMATE"",""x"":46.94880294799805,""y"":39.34892272949219}",10.9470676
20939972047300,fov,3226,"{""zoom"":12.339999198913574,""hfov"":7.293355464935303,""vfov"":4.106302738189697,""state"":0,""max_aov_h"":90.0,""max_aov_v"":58.71550750732422,""min_aov_h"":1.40625,""min_aov_v"":0.7910428047180176,""max_zoom"":64.0}",10.9535134
20939972361700,gimbal,3226,"{""imu_roll"":0.0,""imu_pitch"":9.720009803771973,""imu_yaw"":0.9966096878051758,""frame_roll"":0.0,""frame_pitch"":9.720009803771973,""frame_yaw"":0.9966096878051758,""pitch_speed"":0.0,""yaw_speed"":0.0}",10.9538278
20939976601000,range,1227,"{""message_type"":""GLOBAL_VISION_POSITION_ESTIMATE"",""x"":46.94880294799805,""y"":39.34892272949219}",10.9580671
20939976756400,attitude,1294,"{""message_type"":""ATTITUDE"",""time_boot_ms"":126970,""roll"":0.009923556819558144,""pitch"":-0.3710978627204895,""yaw"":3.1378142833709717,""rollspeed"":-0.003908198792487383,""pitchspeed"":-0.09570148587226868,""yawspeed"":-0.009811542928218842}",10.9582225
20939989395200,target_offset,746,"{""x_angle_offset"":0.03798622637987137,""y_angle_offset"":-0.31937910185919866}",10.9708613
20939996033400,fov,3227,"{""zoom"":12.339999198913574,""hfov"":7.293355464935303,""vfov"":4.106302738189697,""state"":0,""max_aov_h"":90.0,""max_aov_v"":58.71550750732422,""min_aov_h"":1.40625,""min_aov_v"":0.7910428047180176,""max_zoom"":64.0}",10.9774995
20939996488700,gimbal,3227,"{""imu_roll"":0.0,""imu_pitch"":9.67760944366455,""imu_yaw"":1.0040621757507324,""frame_roll"":0.0,""frame_pitch"":9.67760944366455,""frame_yaw"":1.0040621757507324,""pitch_speed"":0.0,""yaw_speed"":0.0}",10.9779548
20940004973400,fov,3228,"{""zoom"":12.339999198913574,""hfov"":7.293355464935303,""vfov"":4.106302738189697,""state"":0,""max_aov_h"":90.0,""max_aov_v"":58.71550750732422,""min_aov_h"":1.40625,""min_aov_v"":0.7910428047180176,""max_zoom"":64.0}",10.9864395
20940005341500,gimbal,3228,"{""imu_roll"":0.0,""imu_pitch"":9.639569282531738,""imu_yaw"":1.0085042715072632,""frame_roll"":0.0,""frame_pitch"":9.639569282531738,""frame_yaw"":1.0085042715072632,""pitch_speed"":0.0,""yaw_speed"":0.0}",10.9868076
20940011986700,position,649,"{""message_type"":""GLOBAL_POSITION_INT"",""lat"":469499436,""lon"":393489496}",10.9934528
20940012195600,attitude,1295,"{""message_type"":""ATTITUDE"",""time_boot_ms"":127010,""roll"":0.00967823900282383,""pitch"":-0.3754396438598633,""yaw"":3.137407064437866,""rollspeed"":-0.0039206906221807,""pitchspeed"":-0.0998409241437912,""yawspeed"":-0.010543270036578178}",10.9936617
20940012522800,vfr,649,"{""message_type"":""VFR_HUD"",""airspeed"":40.59990692138672,""alt"":129.72000122070312}",10.9939889
20940023249200,target_offset,747,"{""x_angle_offset"":0.04558347165584564,""y_angle_offset"":-0.3650046878390842}",11.0047153
20940029924700,fov,3229,"{""zoom"":12.339999198913574,""hfov"":7.293355464935303,""vfov"":4.106302738189697,""state"":0,""max_aov_h"":90.0,""max_aov_v"":58.71550750732422,""min_aov_h"":1.40625,""min_aov_v"":0.7910428047180176,""max_zoom"":64.0}",11.0113908
20940030177600,gimbal,3229,"{""imu_roll"":0.0,""imu_pitch"":9.583559036254883,""imu_yaw"":1.0186660289764404,""frame_roll"":0.0,""frame_pitch"":9.583559036254883,""frame_yaw"":1.0186660289764404,""pitch_speed"":0.0,""yaw_speed"":0.0}",11.0116437
20940038928500,fov,3230,"{""zoom"":12.339999198913574,""hfov"":7.293355464935303,""vfov"":4.106302738189697,""state"":0,""max_aov_h"":90.0,""max_aov_v"":58.71550750732422,""min_aov_h"":1.40625,""min_aov_v"":0.7910428047180176,""max_zoom"":64.0}",11.0203946
20940039269600,gimbal,3230,"{""imu_roll"":0.0,""imu_pitch"":9.547332763671875,""imu_yaw"":1.0212187767028809,""frame_roll"":0.0,""frame_pitch"":9.547332763671875,""frame_yaw"":1.0212187767028809,""pitch_speed"":0.0,""yaw_speed"":0.0}",11.0207357
20940051123200,fov,3231,"{""zoom"":12.339999198913574,""hfov"":7.293355464935303,""vfov"":4.106302738189697,""state"":0,""max_aov_h"":90.0,""max_aov_v"":58.71550750732422,""min_aov_h"":1.40625,""min_aov_v"":0.7910428047180176,""max_zoom"":64.0}",11.0325893
20940051369200,gimbal,3231,"{""imu_roll"":0.0,""imu_pitch"":9.51213550567627,""imu_yaw"":1.024939775466919,""frame_roll"":0.0,""frame_pitch"":9.51213550567627,""frame_yaw"":1.024939775466919,""pitch_speed"":0.0,""yaw_speed"":0.0}",11.0328353
20940067599300,target_offset,748,"{""x_angle_offset"":0.04558347165584564,""y_angle_offset"":-0.3650046878390842}",11.0490654
20940073313100,fov,3232,"{""zoom"":12.339999198913574,""hfov"":7.293355464935303,""vfov"":4.106302738189697,""state"":0,""max_aov_h"":90.0,""max_aov_v"":58.71550750732422,""min_aov_h"":1.40625,""min_aov_v"":0.7910428047180176,""max_zoom"":64.0}",11.0547792
20940074053100,gimbal,3232,"{""imu_roll"":0.0,""imu_pitch"":9.465044975280762,""imu_yaw"":1.030241847038269,""frame_roll"":0.0,""frame_pitch"":9.465044975280762,""frame_yaw"":1.030241847038269,""pitch_speed"":0.0,""yaw_speed"":0.0}",11.0555192
20940082792400,fov,3233,"{""zoom"":12.339999198913574,""hfov"":7.293355464935303,""vfov"":4.106302738189697,""state"":0,""max_aov_h"":90.0,""max_aov_v"":58.71550750732422,""min_aov_h"":1.40625,""min_aov_v"":0.7910428047180176,""max_zoom"":64.0}",11.0642585
20940083344000,gimbal,3233,"{""imu_roll"":0.0,""imu_pitch"":9.425111770629883,""imu_yaw"":1.0342764854431152,""frame_roll"":0.0,""frame_pitch"":9.425111770629883,""frame_yaw"":1.0342764854431152,""pitch_speed"":0.0,""yaw_speed"":0.0}",11.0648101
20940084363800,attitude,1296,"{""message_type"":""ATTITUDE"",""time_boot_ms"":127070,""roll"":0.009366645477712154,""pitch"":-0.38222262263298035,""yaw"":3.1367485523223877,""rollspeed"":-0.003149968571960926,""pitchspeed"":-0.10540401190519333,""yawspeed"":-0.011571845039725304}",11.0658299
20940102623200,target_offset,749,"{""x_angle_offset"":0.053180716931819916,""y_angle_offset"":-0.4334430668089125}",11.0840893
20940108382500,fov,3234,"{""zoom"":12.339999198913574,""hfov"":7.293355464935303,""vfov"":4.106302738189697,""state"":0,""max_aov_h"":90.0,""max_aov_v"":58.71550750732422,""min_aov_h"":1.40625,""min_aov_v"":0.7910428047180176,""max_zoom"":64.0}",11.0898486
20940108646800,gimbal,3234,"{""imu_roll"":0.0,""imu_pitch"":9.363948822021484,""imu_yaw"":1.044169545173645,""frame_roll"":0.0,""frame_pitch"":9.363948822021484,""frame_yaw"":1.044169545173645,""pitch_speed"":0.0,""yaw_speed"":0.0}",11.0901129
20940116721300,fov,3235,"{""zoom"":12.339999198913574,""hfov"":7.293355464935303,""vfov"":4.106302738189697,""state"":0,""max_aov_h"":90.0,""max_aov_v"":58.71550750732422,""min_aov_h"":1.40625,""min_aov_v"":0.7910428047180176,""max_zoom"":64.0}",11.0981874
20940117367400,attitude,1297,"{""message_type"":""ATTITUDE"",""time_boot_ms"":127110,""roll"":0.00921645574271679,""pitch"":-0.3869362473487854,""yaw"":3.136277675628662,""rollspeed"":-0.001995917409658432,""pitchspeed"":-0.10903828591108322,""yawspeed"":-0.012313698418438435}",11.0988335
20940117712800,vfr,650,"{""message_type"":""VFR_HUD"",""airspeed"":40.7661247253418,""alt"":128.02000427246094}",11.0991789
20940117796500,position,650,"{""message_type"":""GLOBAL_POSITION_INT"",""lat"":469499436,""lon"":393489496}",11.0992626
20940118206500,gimbal,3235,"{""imu_roll"":0.0,""imu_pitch"":9.316314697265625,""imu_yaw"":1.0496301651000977,""frame_roll"":0.0,""frame_pitch"":9.316314697265625,""frame_yaw"":1.0496301651000977,""pitch_speed"":0.0,""yaw_speed"":0.0}",11.0996726
20940118515200,range,1228,"{""message_type"":""GLOBAL_VISION_POSITION_ESTIMATE"",""x"":46.94873046875,""y"":39.34892654418945}",11.0999813
20940130010100,fov,3236,"{""zoom"":12.339999198913574,""hfov"":7.293355464935303,""vfov"":4.106302738189697,""state"":0,""max_aov_h"":90.0,""max_aov_v"":58.71550750732422,""min_aov_h"":1.40625,""min_aov_v"":0.7910428047180176,""max_zoom"":64.0}",11.1114762
20940130333100,gimbal,3236,"{""imu_roll"":0.0,""imu_pitch"":9.272208213806152,""imu_yaw"":1.0561569929122925,""frame_roll"":0.0,""frame_pitch"":9.272208213806152,""frame_yaw"":1.0561569929122925,""pitch_speed"":0.0,""yaw_speed"":0.0}",11.1117992
20940133802800,range,1229,"{""message_type"":""GLOBAL_VISION_POSITION_ESTIMATE"",""x"":46.94873046875,""y"":39.34892654418945}",11.1152689
20940148837300,target_offset,750,"{""x_angle_offset"":0.06077796220779419,""y_angle_offset"":-0.47146438845881705}",11.1303034
20940156221400,fov,3237,"{""zoom"":12.339999198913574,""hfov"":7.293355464935303,""vfov"":4.106302738189697,""state"":0,""max_aov_h"":90.0,""max_aov_v"":58.71550750732422,""min_aov_h"":1.40625,""min_aov_v"":0.7910428047180176,""max_zoom"":64.0}",11.1376875
20940156502500,gimbal,3237,"{""imu_roll"":0.0,""imu_pitch"":9.21707534790039,""imu_yaw"":1.067976474761963,""frame_roll"":0.0,""frame_pitch"":9.21707534790039,""frame_yaw"":1.067976474761963,""pitch_speed"":0.0,""yaw_speed"":0.0}",11.1379686
20940163542400,fov,3238,"{""zoom"":12.339999198913574,""hfov"":7.293355464935303,""vfov"":4.106302738189697,""state"":0,""max_aov_h"":90.0,""max_aov_v"":58.71550750732422,""min_aov_h"":1.40625,""min_aov_v"":0.7910428047180176,""max_zoom"":64.0}",11.1450085
20940163781300,gimbal,3238,"{""imu_roll"":0.0,""imu_pitch"":9.160910606384277,""imu_yaw"":1.0735329389572144,""frame_roll"":0.0,""frame_pitch"":9.160910606384277,""frame_yaw"":1.0735329389572144,""pitch_speed"":0.0,""yaw_speed"":0.0}",11.1452474
20940168710800,attitude,1298,"{""message_type"":""ATTITUDE"",""time_boot_ms"":127170,""roll"":0.009055348113179207,""pitch"":-0.3942693769931793,""yaw"":3.135523557662964,""rollspeed"":-0.0015815601218491793,""pitchspeed"":-0.11443693190813065,""yawspeed"":-0.01325138844549656}",11.1501769
20940179910200,target_offset,751,"{""x_angle_offset"":0.06837520748376846,""y_angle_offset"":-0.47146438845881705}",11.1613763
20940185870900,fov,3239,"{""zoom"":12.339999198913574,""hfov"":7.293355464935303,""vfov"":4.106302738189697,""state"":0,""max_aov_h"":90.0,""max_aov_v"":58.71550750732422,""min_aov_h"":1.40625,""min_aov_v"":0.7910428047180176,""max_zoom"":64.0}",11.167337
20940186111300,gimbal,3239,"{""imu_roll"":0.0,""imu_pitch"":9.082734107971191,""imu_yaw"":1.084189772605896,""frame_roll"":0.0,""frame_pitch"":9.082734107971191,""frame_yaw"":1.084189772605896,""pitch_speed"":0.0,""yaw_speed"":0.0}",11.1675774
20940196069900,fov,3240,"{""zoom"":12.339999198913574,""hfov"":7.293355464935303,""vfov"":4.106302738189697,""state"":0,""max_aov_h"":90.0,""max_aov_v"":58.71550750732422,""min_aov_h"":1.40625,""min_aov_v"":0.7910428047180176,""max_zoom"":64.0}",11.177536
20940196532700,gimbal,3240,"{""imu_roll"":0.0,""imu_pitch"":9.03679084777832,""imu_yaw"":1.0883357524871826,""frame_roll"":0.0,""frame_pitch"":9.03679084777832,""frame_yaw"":1.0883357524871826,""pitch_speed"":0.0,""yaw_speed"":0.0}",11.1779988
20940209607900,fov,3241,"{""zoom"":12.339999198913574,""hfov"":7.293355464935303,""vfov"":4.106302738189697,""state"":0,""max_aov_h"":90.0,""max_aov_v"":58.71550750732422,""min_aov_h"":1.40625,""min_aov_v"":0.7910428047180176,""max_zoom"":64.0}",11.191074
20940210023700,gimbal,3241,"{""imu_roll"":0.0,""imu_pitch"":8.98769760131836,""imu_yaw"":1.094427227973938,""frame_roll"":0.0,""frame_pitch"":8.98769760131836,""frame_yaw"":1.094427227973938,""pitch_speed"":0.0,""yaw_speed"":0.0}",11.1914898
20940220939000,vfr,651,"{""message_type"":""VFR_HUD"",""airspeed"":40.92472457885742,""alt"":126.2699966430664}",11.2024051
20940221131500,position,651,"{""message_type"":""GLOBAL_POSITION_INT"",""lat"":469498695,""lon"":393489511}",11.2025976
20940221241000,attitude,1299,"{""message_type"":""ATTITUDE"",""time_boot_ms"":127210,""roll"":0.008635083213448524,""pitch"":-0.397829532623291,""yaw"":3.13511323928833,""rollspeed"":-0.0028857148718088865,""pitchspeed"":-0.11710900068283081,""yawspeed"":-0.013732832856476307}",11.2027071
20940227316200,target_offset,752,"{""x_angle_offset"":0.07597245275974274,""y_angle_offset"":-0.5018814457787407}",11.2087823
20940235155100,fov,3242,"{""zoom"":12.339999198913574,""hfov"":7.293355464935303,""vfov"":4.106302738189697,""state"":0,""max_aov_h"":90.0,""max_aov_v"":58.71550750732422,""min_aov_h"":1.40625,""min_aov_v"":0.7910428047180176,""max_zoom"":64.0}",11.2166212
20940235383400,gimbal,3242,"{""imu_roll"":0.0,""imu_pitch"":8.924882888793945,""imu_yaw"":1.1059961318969727,""frame_roll"":0.0,""frame_pitch"":8.924882888793945,""frame_yaw"":1.1059961318969727,""pitch_speed"":0.0,""yaw_speed"":0.0}",11.2168495
20940241716800,fov,3243,"{""zoom"":12.339999198913574,""hfov"":7.293355464935303,""vfov"":4.106302738189697,""state"":0,""max_aov_h"":90.0,""max_aov_v"":58.71550750732422,""min_aov_h"":1.40625,""min_aov_v"":0.7910428047180176,""max_zoom"":64.0}",11.2231829
20940242107000,gimbal,3243,"{""imu_roll"":0.0,""imu_pitch"":8.871294021606445,""imu_yaw"":1.114590048789978,""frame_roll"":0.0,""frame_pitch"":8.871294021606445,""frame_yaw"":1.114590048789978,""pitch_speed"":0.0,""yaw_speed"":0.0}",11.2235731
20940253982500,fov,3244,"{""zoom"":12.339999198913574,""hfov"":7.293355464935303,""vfov"":4.106302738189697,""state"":0,""max_aov_h"":90.0,""max_aov_v"":58.71550750732422,""min_aov_h"":1.40625,""min_aov_v"":0.7910428047180176,""max_zoom"":64.0}",11.2354486
20940254355100,gimbal,3244,"{""imu_roll"":0.0,""imu_pitch"":8.82109546661377,""imu_yaw"":1.1240075826644897,""frame_roll"":0.0,""frame_pitch"":8.82109546661377,""frame_yaw"":1.1240075826644897,""pitch_speed"":0.0,""yaw_speed"":0.0}",11.2358212
20940272773300,target_offset,753,"{""x_angle_offset"":0.1139586791396141,""y_angle_offset"":-0.5475070317586263}",11.2542394
20940277762700,attitude,1300,"{""message_type"":""ATTITUDE"",""time_boot_ms"":127270,""roll"":0.00796114094555378,""pitch"":-0.4032789468765259,""yaw"":3.1344704627990723,""rollspeed"":-0.004022110719233751,""pitchspeed"":-0.1193782240152359,""yawspeed"":-0.014372860081493855}",11.2592288
20940278688300,range,1230,"{""message_type"":""GLOBAL_VISION_POSITION_ESTIMATE"",""x"":46.94865417480469,""y"":39.34892654418945}",11.2601544
20940279401300,fov,3245,"{""zoom"":12.339999198913574,""hfov"":7.293355464935303,""vfov"":4.106302738189697,""state"":0,""max_aov_h"":90.0,""max_aov_v"":58.71550750732422,""min_aov_h"":1.40625,""min_aov_v"":0.7910428047180176,""max_zoom"":64.0}",11.2608674
20940279739300,gimbal,3245,"{""imu_roll"":0.0,""imu_pitch"":8.751623153686523,""imu_yaw"":1.1414543390274048,""frame_roll"":0.0,""frame_pitch"":8.751623153686523,""frame_yaw"":1.1414543390274048,""pitch_speed"":0.0,""yaw_speed"":0.0}",11.2612054
20940286374700,fov,3246,"{""zoom"":12.339999198913574,""hfov"":7.293355464935303,""vfov"":4.106302738189697,""state"":0,""max_aov_h"":90.0,""max_aov_v"":58.71550750732422,""min_aov_h"":1.40625,""min_aov_v"":0.7910428047180176,""max_zoom"":64.0}",11.2678408
20940286817000,gimbal,3246,"{""imu_roll"":0.0,""imu_pitch"":8.692564964294434,""imu_yaw"":1.153502106666565,""frame_roll"":0.0,""frame_pitch"":8.692564964294434,""frame_yaw"":1.153502106666565,""pitch_speed"":0.0,""yaw_speed"":0.0}",11.2682831
20940291238500,range,1231,"{""message_type"":""GLOBAL_VISION_POSITION_ESTIMATE"",""x"":46.94865417480469,""y"":39.34892654418945}",11.2727046
20940305905100,target_offset,754,"{""x_angle_offset"":0.1139586791396141,""y_angle_offset"":-0.5551112960886072}",11.2873712
20940310883600,vfr,652,"{""message_type"":""VFR_HUD"",""airspeed"":41.0778694152832,""alt"":124.47999572753906}",11.2923497
20940310959300,position,652,"{""message_type"":""GLOBAL_POSITION_INT"",""lat"":469498695,""lon"":393489511}",11.2924254
20940311032100,attitude,1301,"{""message_type"":""ATTITUDE"",""time_boot_ms"":127310,""roll"":0.007437945809215307,""pitch"":-0.4070627689361572,""yaw"":3.1340343952178955,""rollspeed"":-0.006017869804054499,""pitchspeed"":-0.12314127385616302,""yawspeed"":-0.014672706834971905}",11.2924982
20940312346800,fov,3247,"{""zoom"":12.339999198913574,""hfov"":7.293355464935303,""vfov"":4.106302738189697,""state"":0,""max_aov_h"":90.0,""max_aov_v"":58.71550750732422,""min_aov_h"":1.40625,""min_aov_v"":0.7910428047180176,""max_zoom"":64.0}",11.2938129
20940312547900,gimbal,3247,"{""imu_roll"":0.0,""imu_pitch"":8.604710578918457,""imu_yaw"":1.1759421825408936,""frame_roll"":0.0,""frame_pitch"":8.604710578918457,""frame_yaw"":1.1759421825408936,""pitch_speed"":0.0,""yaw_speed"":0.0}",11.294014
20940319560000,fov,3248,"{""zoom"":12.339999198913574,""hfov"":7.293355464935303,""vfov"":4.106302738189697,""state"":0,""max_aov_h"":90.0,""max_aov_v"":58.71550750732422,""min_aov_h"":1.40625,""min_aov_v"":0.7910428047180176,""max_zoom"":64.0}",11.3010261
20940319922600,gimbal,3248,"{""imu_roll"":0.0,""imu_pitch"":8.546843528747559,""imu_yaw"":1.1863566637039185,""frame_roll"":0.0,""frame_pitch"":8.546843528747559,""frame_yaw"":1.1863566637039185,""pitch_speed"":0.0,""yaw_speed"":0.0}",11.3013887
20940332415200,fov,3249,"{""zoom"":12.339999198913574,""hfov"":7.293355464935303,""vfov"":4.106302738189697,""state"":0,""max_aov_h"":90.0,""max_aov_v"":58.71550750732422,""min_aov_h"":1.40625,""min_aov_v"":0.7910428047180176,""max_zoom"":64.0}",11.3138813
20940332736800,gimbal,3249,"{""imu_roll"":0.0,""imu_pitch"":8.492280006408691,""imu_yaw"":1.1979477405548096,""frame_roll"":0.0,""frame_pitch"":8.492280006408691,""frame_yaw"":1.1979477405548096,""pitch_speed"":0.0,""yaw_speed"":0.0}",11.3142029
20940351079300,target_offset,755,"{""x_angle_offset"":0.1139586791396141,""y_angle_offset"":-0.5855283534085309}",11.3325454
20940358802400,fov,3250,"{""zoom"":12.339999198913574,""hfov"":7.293355464935303,""vfov"":4.106302738189697,""state"":0,""max_aov_h"":90.0,""max_aov_v"":58.71550750732422,""min_aov_h"":1.40625,""min_aov_v"":0.7910428047180176,""max_zoom"":64.0}",11.3402685
20940359174700,gimbal,3250,"{""imu_roll"":0.0,""imu_pitch"":8.420564651489258,""imu_yaw"":1.2149790525436401,""frame_roll"":0.0,""frame_pitch"":8.420564651489258,""frame_yaw"":1.2149790525436401,""pitch_speed"":0.0,""yaw_speed"":0.0}",11.3406408
20940364242100,fov,3251,"{""zoom"":12.339999198913574,""hfov"":7.293355464935303,""vfov"":4.106302738189697,""state"":0,""max_aov_h"":90.0,""max_aov_v"":58.71550750732422,""min_aov_h"":1.40625,""min_aov_v"":0.7910428047180176,""max_zoom"":64.0}",11.3457082
20940364532700,gimbal,3251,"{""imu_roll"":0.0,""imu_pitch"":8.355070114135742,""imu_yaw"":1.2263981103897095,""frame_roll"":0.0,""frame_pitch"":8.355070114135742,""frame_yaw"":1.2263981103897095,""pitch_speed"":0.0,""yaw_speed"":0.0}",11.3459988
20940375585500,attitude,1302,"{""message_type"":""ATTITUDE"",""time_boot_ms"":127370,""roll"":0.006533296778798103,""pitch"":-0.41303446888923645,""yaw"":3.1333706378936768,""rollspeed"":-0.008303378708660603,""pitchspeed"":-0.12934991717338562,""yawspeed"":-0.014982270076870918}",11.3570516
20940393589000,target_offset,756,"{""x_angle_offset"":0.10636143386363983,""y_angle_offset"":-0.6615709967083401}",11.3750551
20940405663200,fov,3252,"{""zoom"":12.339999198913574,""hfov"":7.293355464935303,""vfov"":4.106302738189697,""state"":0,""max_aov_h"":90.0,""max_aov_v"":58.71550750732422,""min_aov_h"":1.40625,""min_aov_v"":0.7910428047180176,""max_zoom"":64.0}",11.3871293
20940406645400,gimbal,3252,"{""imu_roll"":0.0,""imu_pitch"":8.229912757873535,""imu_yaw"":1.2544327974319458,""frame_roll"":0.0,""frame_pitch"":8.229912757873535,""frame_yaw"":1.2544327974319458,""pitch_speed"":0.0,""yaw_speed"":0.0}",11.3881115
20940413061400,fov,3253,"{""zoom"":12.339999198913574,""hfov"":7.293355464935303,""vfov"":4.106302738189697,""state"":0,""max_aov_h"":90.0,""max_aov_v"":58.71550750732422,""min_aov_h"":1.40625,""min_aov_v"":0.7910428047180176,""max_zoom"":64.0}",11.3945275
20940413593200,gimbal,3253,"{""imu_roll"":0.0,""imu_pitch"":8.135026931762695,""imu_yaw"":1.2677321434020996,""frame_roll"":0.0,""frame_pitch"":8.135026931762695,""frame_yaw"":1.2677321434020996,""pitch_speed"":0.0,""yaw_speed"":0.0}",11.3950593
20940424503400,fov,3254,"{""zoom"":12.339999198913574,""hfov"":7.293355464935303,""vfov"":4.106302738189697,""state"":0,""max_aov_h"":90.0,""max_aov_v"":58.71550750732422,""min_aov_h"":1.40625,""min_aov_v"":0.7910428047180176,""max_zoom"":64.0}",11.4059695
20940425409300,gimbal,3254,"{""imu_roll"":0.0,""imu_pitch"":8.065051078796387,""imu_yaw"":1.2793941497802734,""frame_roll"":0.0,""frame_pitch"":8.065051078796387,""frame_yaw"":1.2793941497802734,""pitch_speed"":0.0,""yaw_speed"":0.0}",11.4068754
20940426988400,vfr,653,"{""message_type"":""VFR_HUD"",""airspeed"":41.24829864501953,""alt"":122.63999938964844}",11.4084545
20940427142200,position,653,"{""message_type"":""GLOBAL_POSITION_INT"",""lat"":469497951,""lon"":393489528}",11.4086083
20940427225500,attitude,1303,"{""message_type"":""ATTITUDE"",""time_boot_ms"":127410,""roll"":0.005970891565084457,""pitch"":-0.4176352322101593,""yaw"":3.1328954696655273,""rollspeed"":-0.009710694663226604,""pitchspeed"":-0.13528960943222046,""yawspeed"":-0.01520624291151762}",11.4086916
20940429809800,range,1232,"{""message_type"":""GLOBAL_VISION_POSITION_ESTIMATE"",""x"":46.948577880859375,""y"":39.34892272949219}",11.4112759
20940444820200,target_offset,757,"{""x_angle_offset"":0.10636143386363983,""y_angle_offset"":-0.6615709967083401}",11.4262863
20940449979000,range,1233,"{""message_type"":""GLOBAL_VISION_POSITION_ESTIMATE"",""x"":46.948577880859375,""y"":39.34892272949219}",11.4314451
20940450816800,fov,3255,"{""zoom"":12.339999198913574,""hfov"":7.293355464935303,""vfov"":4.106302738189697,""state"":0,""max_aov_h"":90.0,""max_aov_v"":58.71550750732422,""min_aov_h"":1.40625,""min_aov_v"":0.7910428047180176,""max_zoom"":64.0}",11.4322829
20940451086300,gimbal,3255,"{""imu_roll"":0.0,""imu_pitch"":7.986584186553955,""imu_yaw"":1.2969520092010498,""frame_roll"":0.0,""frame_pitch"":7.986584186553955,""frame_yaw"":1.2969520092010498,""pitch_speed"":0.0,""yaw_speed"":0.0}",11.4325524
20940456494800,fov,3256,"{""zoom"":12.339999198913574,""hfov"":7.293355464935303,""vfov"":4.106302738189697,""state"":0,""max_aov_h"":90.0,""max_aov_v"":58.71550750732422,""min_aov_h"":1.40625,""min_aov_v"":0.7910428047180176,""max_zoom"":64.0}",11.4379609
20940456746900,gimbal,3256,"{""imu_roll"":0.0,""imu_pitch"":7.9186482429504395,""imu_yaw"":1.3081307411193848,""frame_roll"":0.0,""frame_pitch"":7.9186482429504395,""frame_yaw"":1.3081307411193848,""pitch_speed"":0.0,""yaw_speed"":0.0}",11.438213
20940476135700,target_offset,758,"{""x_angle_offset"":0.09876418858766556,""y_angle_offset"":-0.6615709967083401}",11.4576018
20940481585800,fov,3257,"{""zoom"":12.339999198913574,""hfov"":7.293355464935303,""vfov"":4.106302738189697,""state"":0,""max_aov_h"":90.0,""max_aov_v"":58.71550750732422,""min_aov_h"":1.40625,""min_aov_v"":0.7910428047180176,""max_zoom"":64.0}",11.4630519
20940481804200,attitude,1304,"{""message_type"":""ATTITUDE"",""time_boot_ms"":127470,""roll"":0.00522802397608757,""pitch"":-0.42560210824012756,""yaw"":3.1321215629577637,""rollspeed"":-0.010380140505731106,""pitchspeed"":-0.14611728489398956,""yawspeed"":-0.015479226596653461}",11.4632703
20940482034700,gimbal,3257,"{""imu_roll"":0.0,""imu_pitch"":7.811858177185059,""imu_yaw"":1.3305562734603882,""frame_roll"":0.0,""frame_pitch"":7.811858177185059,""frame_yaw"":1.3305562734603882,""pitch_speed"":0.0,""yaw_speed"":0.0}",11.4635008
20940489706900,fov,3258,"{""zoom"":12.339999198913574,""hfov"":7.293355464935303,""vfov"":4.106302738189697,""state"":0,""max_aov_h"":90.0,""max_aov_v"":58.71550750732422,""min_aov_h"":1.40625,""min_aov_v"":0.7910428047180176,""max_zoom"":64.0}",11.471173
20940490074000,gimbal,3258,"{""imu_roll"":0.0,""imu_pitch"":7.739357948303223,""imu_yaw"":1.341928243637085,""frame_roll"":0.0,""frame_pitch"":7.739357948303223,""frame_yaw"":1.341928243637085,""pitch_speed"":0.0,""yaw_speed"":0.0}",11.4715401
20940508622000,target_offset,759,"{""x_angle_offset"":0.09116694331169128,""y_angle_offset"":-0.6159454107284545}",11.4900881
20940513622600,vfr,654,"{""message_type"":""VFR_HUD"",""airspeed"":41.43039321899414,""alt"":120.75}",11.4950887
20940513738600,position,654,"{""message_type"":""GLOBAL_POSITION_INT"",""lat"":469497951,""lon"":393489528}",11.4952047
20940513813900,attitude,1305,"{""message_type"":""ATTITUDE"",""time_boot_ms"":127510,""roll"":0.00472097797319293,""pitch"":-0.43119916319847107,""yaw"":3.1316077709198,""rollspeed"":-0.010793604888021946,""pitchspeed"":-0.15111443400382996,""yawspeed"":-0.015650324523448944}",11.49528
20940514471800,fov,3259,"{""zoom"":12.339999198913574,""hfov"":7.293355464935303,""vfov"":4.106302738189697,""state"":0,""max_aov_h"":90.0,""max_aov_v"":58.71550750732422,""min_aov_h"":1.40625,""min_aov_v"":0.7910428047180176,""max_zoom"":64.0}",11.4959379
20940514712700,gimbal,3259,"{""imu_roll"":0.0,""imu_pitch"":7.6378960609436035,""imu_yaw"":1.3635046482086182,""frame_roll"":0.0,""frame_pitch"":7.6378960609436035,""frame_yaw"":1.3635046482086182,""pitch_speed"":0.0,""yaw_speed"":0.0}",11.4961788
20940522513700,fov,3260,"{""zoom"":12.339999198913574,""hfov"":7.293355464935303,""vfov"":4.106302738189697,""state"":0,""max_aov_h"":90.0,""max_aov_v"":58.71550750732422,""min_aov_h"":1.40625,""min_aov_v"":0.7910428047180176,""max_zoom"":64.0}",11.5039798
20940523031700,gimbal,3260,"{""imu_roll"":0.0,""imu_pitch"":7.577870845794678,""imu_yaw"":1.3727270364761353,""frame_roll"":0.0,""frame_pitch"":7.577870845794678,""frame_yaw"":1.3727270364761353,""pitch_speed"":0.0,""yaw_speed"":0.0}",11.5044978
20940535610800,fov,3261,"{""zoom"":12.339999198913574,""hfov"":7.293355464935303,""vfov"":4.106302738189697,""state"":0,""max_aov_h"":90.0,""max_aov_v"":58.71550750732422,""min_aov_h"":1.40625,""min_aov_v"":0.7910428047180176,""max_zoom"":64.0}",11.5170769
20940536366400,gimbal,3261,"{""imu_roll"":0.0,""imu_pitch"":7.515846252441406,""imu_yaw"":1.3842846155166626,""frame_roll"":0.0,""frame_pitch"":7.515846252441406,""frame_yaw"":1.3842846155166626,""pitch_speed"":0.0,""yaw_speed"":0.0}",11.5178325
20940553474700,target_offset,760,"{""x_angle_offset"":0.09116694331169128,""y_angle_offset"":-0.669175261038321}",11.5349408
20940559749300,fov,3262,"{""zoom"":12.339999198913574,""hfov"":7.293355464935303,""vfov"":4.106302738189697,""state"":0,""max_aov_h"":90.0,""max_aov_v"":58.71550750732422,""min_aov_h"":1.40625,""min_aov_v"":0.7910428047180176,""max_zoom"":64.0}",11.5412154
20940560139400,gimbal,3262,"{""imu_roll"":0.0,""imu_pitch"":7.435437202453613,""imu_yaw"":1.4013030529022217,""frame_roll"":0.0,""frame_pitch"":7.435437202453613,""frame_yaw"":1.4013030529022217,""pitch_speed"":0.0,""yaw_speed"":0.0}",11.5416055
20940567860500,fov,3263,"{""zoom"":12.339999198913574,""hfov"":7.293355464935303,""vfov"":4.106302738189697,""state"":0,""max_aov_h"":90.0,""max_aov_v"":58.71550750732422,""min_aov_h"":1.40625,""min_aov_v"":0.7910428047180176,""max_zoom"":64.0}",11.5493266
20940568338900,gimbal,3263,"{""imu_roll"":0.0,""imu_pitch"":7.3621506690979,""imu_yaw"":1.411457896232605,""frame_roll"":0.0,""frame_pitch"":7.3621506690979,""frame_yaw"":1.411457896232605,""pitch_speed"":0.0,""yaw_speed"":0.0}",11.549805
20940576192100,attitude,1306,"{""message_type"":""ATTITUDE"",""time_boot_ms"":127570,""roll"":0.003926022909581661,""pitch"":-0.43996065855026245,""yaw"":3.1308388710021973,""rollspeed"":-0.011461235582828522,""pitchspeed"":-0.15800562500953674,""yawspeed"":-0.015679292380809784}",11.5576582
20940587871600,target_offset,761,"{""x_angle_offset"":0.09116694331169128,""y_angle_offset"":-0.8060520189779776}",11.5693377
20940594841500,fov,3264,"{""zoom"":12.339999198913574,""hfov"":7.293355464935303,""vfov"":4.106302738189697,""state"":0,""max_aov_h"":90.0,""max_aov_v"":58.71550750732422,""min_aov_h"":1.40625,""min_aov_v"":0.7910428047180176,""max_zoom"":64.0}",11.5763076
20940595061200,gimbal,3264,"{""imu_roll"":0.0,""imu_pitch"":7.2516093254089355,""imu_yaw"":1.432058572769165,""frame_roll"":0.0,""frame_pitch"":7.2516093254089355,""frame_yaw"":1.432058572769165,""pitch_speed"":0.0,""yaw_speed"":0.0}",11.5765273
20940599999700,range,1234,"{""message_type"":""GLOBAL_VISION_POSITION_ESTIMATE"",""x"":46.948577880859375,""y"":39.34892272949219}",11.5814658
20940600264100,fov,3265,"{""zoom"":12.339999198913574,""hfov"":7.293355464935303,""vfov"":4.106302738189697,""state"":0,""max_aov_h"":90.0,""max_aov_v"":58.71550750732422,""min_aov_h"":1.40625,""min_aov_v"":0.7910428047180176,""max_zoom"":64.0}",11.5817302
20940600774800,gimbal,3265,"{""imu_roll"":0.0,""imu_pitch"":7.174158096313477,""imu_yaw"":1.4402847290039062,""frame_roll"":0.0,""frame_pitch"":7.174158096313477,""frame_yaw"":1.4402847290039062,""pitch_speed"":0.0,""yaw_speed"":0.0}",11.5822409
20940612367300,range,1235,"{""message_type"":""GLOBAL_VISION_POSITION_ESTIMATE"",""x"":46.948577880859375,""y"":39.34892272949219}",11.5938334
20940612701500,attitude,1307,"{""message_type"":""ATTITUDE"",""time_boot_ms"":127610,""roll"":0.003433503210544586,""pitch"":-0.4459891617298126,""yaw"":3.1303346157073975,""rollspeed"":-0.010023306123912334,""pitchspeed"":-0.16150978207588196,""yawspeed"":-0.015712663531303406}",11.5941676
20940612903700,vfr,655,"{""message_type"":""VFR_HUD"",""airspeed"":41.59950256347656,""alt"":118.79999542236328}",11.5943698
20940612974200,position,655,"{""message_type"":""GLOBAL_POSITION_INT"",""lat"":469497224,""lon"":393489550}",11.5944403
20940613179900,gimbal,3266,"{""imu_roll"":0.0,""imu_pitch"":7.092108249664307,""imu_yaw"":1.4510003328323364,""frame_roll"":0.0,""frame_pitch"":7.092108249664307,""frame_yaw"":1.4510003328323364,""pitch_speed"":0.0,""yaw_speed"":0.0}",11.594646
20940613443500,fov,3266,"{""zoom"":12.339999198913574,""hfov"":7.293355464935303,""vfov"":4.106302738189697,""state"":0,""max_aov_h"":90.0,""max_aov_v"":58.71550750732422,""min_aov_h"":1.40625,""min_aov_v"":0.7910428047180176,""max_zoom"":64.0}",11.5949096
20940630810400,target_offset,762,"{""x_angle_offset"":0.09116694331169128,""y_angle_offset"":-0.8973031909377486}",11.6122765
20940638403400,fov,3267,"{""zoom"":12.339999198913574,""hfov"":7.293355464935303,""vfov"":4.106302738189697,""state"":0,""max_aov_h"":90.0,""max_aov_v"":58.71550750732422,""min_aov_h"":1.40625,""min_aov_v"":0.7910428047180176,""max_zoom"":64.0}",11.6198695
20940638696000,gimbal,3267,"{""imu_roll"":0.0,""imu_pitch"":6.981044292449951,""imu_yaw"":1.470711350440979,""frame_roll"":0.0,""frame_pitch"":6.981044292449951,""frame_yaw"":1.470711350440979,""pitch_speed"":0.0,""yaw_speed"":0.0}",11.6201621
20940645119500,fov,3268,"{""zoom"":12.339999198913574,""hfov"":7.293355464935303,""vfov"":4.106302738189697,""state"":0,""max_aov_h"":90.0,""max_aov_v"":58.71550750732422,""min_aov_h"":1.40625,""min_aov_v"":0.7910428047180176,""max_zoom"":64.0}",11.6265856
20940645471200,gimbal,3268,"{""imu_roll"":0.0,""imu_pitch"":6.885969161987305,""imu_yaw"":1.4795544147491455,""frame_roll"":0.0,""frame_pitch"":6.885969161987305,""frame_yaw"":1.4795544147491455,""pitch_speed"":0.0,""yaw_speed"":0.0}",11.6269373
20940663702700,target_offset,763,"{""x_angle_offset"":0.09116694331169128,""y_angle_offset"":-0.9505330412476151}",11.6451688
20940668892700,attitude,1308,"{""message_type"":""ATTITUDE"",""time_boot_ms"":127670,""roll"":0.002346244640648365,""pitch"":-0.45340511202812195,""yaw"":3.1297967433929443,""rollspeed"":-0.007765183225274086,""pitchspeed"":-0.1635763943195343,""yawspeed"":-0.0157035980373621}",11.6503588
20940669476100,fov,3269,"{""zoom"":12.339999198913574,""hfov"":7.293355464935303,""vfov"":4.106302738189697,""state"":0,""max_aov_h"":90.0,""max_aov_v"":58.71550750732422,""min_aov_h"":1.40625,""min_aov_v"":0.7910428047180176,""max_zoom"":64.0}",11.6509422
20940669710300,gimbal,3269,"{""imu_roll"":0.0,""imu_pitch"":6.740573406219482,""imu_yaw"":1.497785210609436,""frame_roll"":0.0,""frame_pitch"":6.740573406219482,""frame_yaw"":1.497785210609436,""pitch_speed"":0.0,""yaw_speed"":0.0}",11.6511764
20940678076300,fov,3270,"{""zoom"":12.339999198913574,""hfov"":7.293355464935303,""vfov"":4.106302738189697,""state"":0,""max_aov_h"":90.0,""max_aov_v"":58.71550750732422,""min_aov_h"":1.40625,""min_aov_v"":0.7910428047180176,""max_zoom"":64.0}",11.6595424
20940678846600,gimbal,3270,"{""imu_roll"":0.0,""imu_pitch"":6.645173072814941,""imu_yaw"":1.5063471794128418,""frame_roll"":0.0,""frame_pitch"":6.645173072814941,""frame_yaw"":1.5063471794128418,""pitch_speed"":0.0,""yaw_speed"":0.0}",11.6603127
20940690552800,fov,3271,"{""zoom"":12.339999198913574,""hfov"":7.293355464935303,""vfov"":4.106302738189697,""state"":0,""max_aov_h"":90.0,""max_aov_v"":58.71550750732422,""min_aov_h"":1.40625,""min_aov_v"":0.7910428047180176,""max_zoom"":64.0}",11.6720189
20940690921700,gimbal,3271,"{""imu_roll"":0.0,""imu_pitch"":6.553947448730469,""imu_yaw"":1.5161676406860352,""frame_roll"":0.0,""frame_pitch"":6.553947448730469,""frame_yaw"":1.5161676406860352,""pitch_speed"":0.0,""yaw_speed"":0.0}",11.6723878
20940708837000,target_offset,764,"{""x_angle_offset"":0.09116694331169128,""y_angle_offset"":-0.9961586272275006}",11.6903031
20940715354000,fov,3272,"{""zoom"":12.339999198913574,""hfov"":7.293355464935303,""vfov"":4.106302738189697,""state"":0,""max_aov_h"":90.0,""max_aov_v"":58.71550750732422,""min_aov_h"":1.40625,""min_aov_v"":0.7910428047180176,""max_zoom"":64.0}",11.6968201
20940715657900,gimbal,3272,"{""imu_roll"":0.0,""imu_pitch"":6.431831359863281,""imu_yaw"":1.533323049545288,""frame_roll"":0.0,""frame_pitch"":6.431831359863281,""frame_yaw"":1.533323049545288,""pitch_speed"":0.0,""yaw_speed"":0.0}",11.697124
20940722687600,fov,3273,"{""zoom"":12.339999198913574,""hfov"":7.293355464935303,""vfov"":4.106302738189697,""state"":0,""max_aov_h"":90.0,""max_aov_v"":58.71550750732422,""min_aov_h"":1.40625,""min_aov_v"":0.7910428047180176,""max_zoom"":64.0}",11.7041537
20940722936600,gimbal,3273,"{""imu_roll"":0.0,""imu_pitch"":6.31995964050293,""imu_yaw"":1.5421606302261353,""frame_roll"":0.0,""frame_pitch"":6.31995964050293,""frame_yaw"":1.5421606302261353,""pitch_speed"":0.0,""yaw_speed"":0.0}",11.7044027
20940725970900,vfr,656,"{""message_type"":""VFR_HUD"",""airspeed"":41.780147552490234,""alt"":116.79000091552734}",11.707437
20940726143100,position,656,"{""message_type"":""GLOBAL_POSITION_INT"",""lat"":469497224,""lon"":393489550}",11.7076092
20940726252700,attitude,1309,"{""message_type"":""ATTITUDE"",""time_boot_ms"":127710,""roll"":0.0017053448827937245,""pitch"":-0.45831620693206787,""yaw"":3.1294493675231934,""rollspeed"":-0.00593600096181035,""pitchspeed"":-0.1617801934480667,""yawspeed"":-0.01569412276148796}",11.7077188
20940744064100,fov,3274,"{""zoom"":12.339999198913574,""hfov"":7.293355464935303,""vfov"":4.106302738189697,""state"":0,""max_aov_h"":90.0,""max_aov_v"":58.71550750732422,""min_aov_h"":1.40625,""min_aov_v"":0.7910428047180176,""max_zoom"":64.0}",11.7255302
20940744609200,gimbal,3274,"{""imu_roll"":0.0,""imu_pitch"":6.156431674957275,""imu_yaw"":1.5593467950820923,""frame_roll"":0.0,""frame_pitch"":6.156431674957275,""frame_yaw"":1.5593467950820923,""pitch_speed"":0.0,""yaw_speed"":0.0}",11.7260753
20940756022700,fov,3275,"{""zoom"":12.339999198913574,""hfov"":7.293355464935303,""vfov"":4.106302738189697,""state"":0,""max_aov_h"":90.0,""max_aov_v"":58.71550750732422,""min_aov_h"":1.40625,""min_aov_v"":0.7910428047180176,""max_zoom"":64.0}",11.7374888
20940756503400,range,1236,"{""message_type"":""GLOBAL_VISION_POSITION_ESTIMATE"",""x"":46.948509216308594,""y"":39.34891891479492}",11.7379695
20940756798500,gimbal,3275,"{""imu_roll"":0.0,""imu_pitch"":6.083907604217529,""imu_yaw"":1.568462610244751,""frame_roll"":0.0,""frame_pitch"":6.083907604217529,""frame_yaw"":1.568462610244751,""pitch_speed"":0.0,""yaw_speed"":0.0}",11.7382646
20940763598400,range,1237,"{""message_type"":""GLOBAL_VISION_POSITION_ESTIMATE"",""x"":46.948509216308594,""y"":39.34891891479492}",11.7450645
20940767746800,fov,3276,"{""zoom"":12.339999198913574,""hfov"":7.293355464935303,""vfov"":4.106302738189697,""state"":0,""max_aov_h"":90.0,""max_aov_v"":58.71550750732422,""min_aov_h"":1.40625,""min_aov_v"":0.7910428047180176,""max_zoom"":64.0}",11.7492129
20940768122500,gimbal,3276,"{""imu_roll"":0.0,""imu_pitch"":6.015371322631836,""imu_yaw"":1.5786741971969604,""frame_roll"":0.0,""frame_pitch"":6.015371322631836,""frame_yaw"":1.5786741971969604,""pitch_speed"":0.0,""yaw_speed"":0.0}",11.7495886
20940779761700,attitude,1310,"{""message_type"":""ATTITUDE"",""time_boot_ms"":127770,""roll"":0.0009291715687140822,""pitch"":-0.46556356549263,""yaw"":3.1289350986480713,""rollspeed"":-0.0022919834591448307,""pitchspeed"":-0.1602802276611328,""yawspeed"":-0.015581315383315086}",11.7612278
20940783269900,target_offset,765,"{""x_angle_offset"":0.09116694331169128,""y_angle_offset"":-1.0341799488774053}",11.764736
20940789640100,fov,3277,"{""zoom"":12.339999198913574,""hfov"":7.293355464935303,""vfov"":4.106302738189697,""state"":0,""max_aov_h"":90.0,""max_aov_v"":58.71550750732422,""min_aov_h"":1.40625,""min_aov_v"":0.7910428047180176,""max_zoom"":64.0}",11.7711062
20940790376300,gimbal,3277,"{""imu_roll"":0.0,""imu_pitch"":5.9220099449157715,""imu_yaw"":1.5975559949874878,""frame_roll"":0.0,""frame_pitch"":5.9220099449157715,""frame_yaw"":1.5975559949874878,""pitch_speed"":0.0,""yaw_speed"":0.0}",11.7718424
20940798804500,fov,3278,"{""zoom"":12.339999198913574,""hfov"":7.293355464935303,""vfov"":4.106302738189697,""state"":0,""max_aov_h"":90.0,""max_aov_v"":58.71550750732422,""min_aov_h"":1.40625,""min_aov_v"":0.7910428047180176,""max_zoom"":64.0}",11.7802706
20940799430700,gimbal,3278,"{""imu_roll"":0.0,""imu_pitch"":5.814197540283203,""imu_yaw"":1.6046762466430664,""frame_roll"":0.0,""frame_pitch"":5.814197540283203,""frame_yaw"":1.6046762466430664,""pitch_speed"":0.0,""yaw_speed"":0.0}",11.7808968
20940812223200,fov,3279,"{""zoom"":12.339999198913574,""hfov"":7.293355464935303,""vfov"":4.106302738189697,""state"":0,""max_aov_h"":90.0,""max_aov_v"":58.71550750732422,""min_aov_h"":1.40625,""min_aov_v"":0.7910428047180176,""max_zoom"":64.0}",11.7936893
20940812550900,position,657,"{""message_type"":""GLOBAL_POSITION_INT"",""lat"":469497224,""lon"":393489550}",11.794017
20940812667300,attitude,1311,"{""message_type"":""ATTITUDE"",""time_boot_ms"":127810,""roll"":0.0005265447543933988,""pitch"":-0.47047358751296997,""yaw"":3.1286046504974365,""rollspeed"":0.00020613952074199915,""pitchspeed"":-0.16278915107250214,""yawspeed"":-0.015465997159481049}",11.7941334
20940812871500,vfr,657,"{""message_type"":""VFR_HUD"",""airspeed"":41.968448638916016,""alt"":114.70999908447266}",11.7943376
20940813067700,gimbal,3279,"{""imu_roll"":0.0,""imu_pitch"":5.698732376098633,""imu_yaw"":1.6147316694259644,""frame_roll"":0.0,""frame_pitch"":5.698732376098633,""frame_yaw"":1.6147316694259644,""pitch_speed"":0.0,""yaw_speed"":0.0}",11.7945338
20940828806100,target_offset,766,"{""x_angle_offset"":0.08356969803571701,""y_angle_offset"":-0.9353245125876533}",11.8102722
20940834997700,fov,3280,"{""zoom"":12.339999198913574,""hfov"":7.293355464935303,""vfov"":4.106302738189697,""state"":0,""max_aov_h"":90.0,""max_aov_v"":58.71550750732422,""min_aov_h"":1.40625,""min_aov_v"":0.7910428047180176,""max_zoom"":64.0}",11.8164638
20940835205300,gimbal,3280,"{""imu_roll"":0.0,""imu_pitch"":5.554533958435059,""imu_yaw"":1.631798505783081,""frame_roll"":0.0,""frame_pitch"":5.554533958435059,""frame_yaw"":1.631798505783081,""pitch_speed"":0.0,""yaw_speed"":0.0}",11.8166714
20940843620800,fov,3281,"{""zoom"":12.339999198913574,""hfov"":7.293355464935303,""vfov"":4.106302738189697,""state"":0,""max_aov_h"":90.0,""max_aov_v"":58.71550750732422,""min_aov_h"":1.40625,""min_aov_v"":0.7910428047180176,""max_zoom"":64.0}",11.8250869
20940843908600,gimbal,3281,"{""imu_roll"":0.0,""imu_pitch"":5.455643177032471,""imu_yaw"":1.6410161256790161,""frame_roll"":0.0,""frame_pitch"":5.455643177032471,""frame_yaw"":1.6410161256790161,""pitch_speed"":0.0,""yaw_speed"":0.0}",11.8253747
20940859477800,target_offset,767,"{""x_angle_offset"":0.09116694331169128,""y_angle_offset"":-1.0722012705273098}",11.8409439
20940865249100,fov,3282,"{""zoom"":12.339999198913574,""hfov"":7.293355464935303,""vfov"":4.106302738189697,""state"":0,""max_aov_h"":90.0,""max_aov_v"":58.71550750732422,""min_aov_h"":1.40625,""min_aov_v"":0.7910428047180176,""max_zoom"":64.0}",11.8467152
20940865512400,gimbal,3282,"{""imu_roll"":0.0,""imu_pitch"":5.236604690551758,""imu_yaw"":1.6578044891357422,""frame_roll"":0.0,""frame_pitch"":5.236604690551758,""frame_yaw"":1.6578044891357422,""pitch_speed"":0.0,""yaw_speed"":0.0}",11.8469785
20940875634200,fov,3283,"{""zoom"":12.339999198913574,""hfov"":7.293355464935303,""vfov"":4.106302738189697,""state"":0,""max_aov_h"":90.0,""max_aov_v"":58.71550750732422,""min_aov_h"":1.40625,""min_aov_v"":0.7910428047180176,""max_zoom"":64.0}",11.8571003
20940876062700,gimbal,3283,"{""imu_roll"":0.0,""imu_pitch"":5.138655662536621,""imu_yaw"":1.666463851928711,""frame_roll"":0.0,""frame_pitch"":5.138655662536621,""frame_yaw"":1.666463851928711,""pitch_speed"":0.0,""yaw_speed"":0.0}",11.8575288
20940879536500,attitude,1312,"{""message_type"":""ATTITUDE"",""time_boot_ms"":127870,""roll"":0.0007476492319256067,""pitch"":-0.4794427752494812,""yaw"":3.1278443336486816,""rollspeed"":0.0036116628907620907,""pitchspeed"":-0.1645997315645218,""yawspeed"":-0.015155725181102753}",11.8610026
20940888872500,fov,3284,"{""zoom"":12.339999198913574,""hfov"":7.293355464935303,""vfov"":4.106302738189697,""state"":0,""max_aov_h"":90.0,""max_aov_v"":58.71550750732422,""min_aov_h"":1.40625,""min_aov_v"":0.7910428047180176,""max_zoom"":64.0}",11.8703386
20940889157000,gimbal,3284,"{""imu_roll"":0.0,""imu_pitch"":5.03450870513916,""imu_yaw"":1.6777392625808716,""frame_roll"":0.0,""frame_pitch"":5.03450870513916,""frame_yaw"":1.6777392625808716,""pitch_speed"":0.0,""yaw_speed"":0.0}",11.8706231
20940905726000,target_offset,768,"{""x_angle_offset"":0.1139586791396141,""y_angle_offset"":-1.0798055348572908}",11.8871921
20940911262100,range,1238,"{""message_type"":""GLOBAL_VISION_POSITION_ESTIMATE"",""x"":46.948509216308594,""y"":39.348915100097656}",11.8927282
20940912196100,fov,3285,"{""zoom"":12.339999198913574,""hfov"":7.293355464935303,""vfov"":4.106302738189697,""state"":0,""max_aov_h"":90.0,""max_aov_v"":58.71550750732422,""min_aov_h"":1.40625,""min_aov_v"":0.7910428047180176,""max_zoom"":64.0}",11.8936622
20940912418800,gimbal,3285,"{""imu_roll"":0.0,""imu_pitch"":4.904616355895996,""imu_yaw"":1.6962692737579346,""frame_roll"":0.0,""frame_pitch"":4.904616355895996,""frame_yaw"":1.6962692737579346,""pitch_speed"":0.0,""yaw_speed"":0.0}",11.8938849
20940913479700,attitude,1313,"{""message_type"":""ATTITUDE"",""time_boot_ms"":127910,""roll"":0.0012150456896051764,""pitch"":-0.4860483705997467,""yaw"":3.1272530555725098,""rollspeed"":0.005337464157491922,""pitchspeed"":-0.1669350117444992,""yawspeed"":-0.014923296868801117}",11.8949458
20940913842400,vfr,658,"{""message_type"":""VFR_HUD"",""airspeed"":42.16202926635742,""alt"":112.56999969482422}",11.8953085
20940913975600,range,1239,"{""message_type"":""GLOBAL_VISION_POSITION_ESTIMATE"",""x"":46.948509216308594,""y"":39.348915100097656}",11.8954417
20940914066500,position,658,"{""message_type"":""GLOBAL_POSITION_INT"",""lat"":469496495,""lon"":393489571}",11.8955326
20940921014000,fov,3286,"{""zoom"":12.339999198913574,""hfov"":7.293355464935303,""vfov"":4.106302738189697,""state"":0,""max_aov_h"":90.0,""max_aov_v"":58.71550750732422,""min_aov_h"":1.40625,""min_aov_v"":0.7910428047180176,""max_zoom"":64.0}",11.9024801
20940921612900,gimbal,3286,"{""imu_roll"":0.0,""imu_pitch"":4.786439895629883,""imu_yaw"":1.7082676887512207,""frame_roll"":0.0,""frame_pitch"":4.786439895629883,""frame_yaw"":1.7082676887512207,""pitch_speed"":0.0,""yaw_speed"":0.0}",11.903079
20940933951300,fov,3287,"{""zoom"":12.339999198913574,""hfov"":7.293355464935303,""vfov"":4.106302738189697,""state"":0,""max_aov_h"":90.0,""max_aov_v"":58.71550750732422,""min_aov_h"":1.40625,""min_aov_v"":0.7910428047180176,""max_zoom"":64.0}",11.9154174
20940934314300,gimbal,3287,"{""imu_roll"":0.0,""imu_pitch"":4.672769546508789,""imu_yaw"":1.7214834690093994,""frame_roll"":0.0,""frame_pitch"":4.672769546508789,""frame_yaw"":1.7214834690093994,""pitch_speed"":0.0,""yaw_speed"":0.0}",11.9157804
20940951526300,target_offset,769,"{""x_angle_offset"":0.1139586791396141,""y_angle_offset"":-0.9809500985675388}",11.9329924
20940958509800,fov,3288,"{""zoom"":12.339999198913574,""hfov"":7.293355464935303,""vfov"":4.106302738189697,""state"":0,""max_aov_h"":90.0,""max_aov_v"":58.71550750732422,""min_aov_h"":1.40625,""min_aov_v"":0.7910428047180176,""max_zoom"":64.0}",11.9399759
20940958768100,gimbal,3288,"{""imu_roll"":0.0,""imu_pitch"":4.522689342498779,""imu_yaw"":1.744022250175476,""frame_roll"":0.0,""frame_pitch"":4.522689342498779,""frame_yaw"":1.744022250175476,""pitch_speed"":0.0,""yaw_speed"":0.0}",11.9402342
20940965394200,fov,3289,"{""zoom"":12.339999198913574,""hfov"":7.293355464935303,""vfov"":4.106302738189697,""state"":0,""max_aov_h"":90.0,""max_aov_v"":58.71550750732422,""min_aov_h"":1.40625,""min_aov_v"":0.7910428047180176,""max_zoom"":64.0}",11.9468603
20940965665600,gimbal,3289,"{""imu_roll"":0.0,""imu_pitch"":4.433013916015625,""imu_yaw"":1.7536990642547607,""frame_roll"":0.0,""frame_pitch"":4.433013916015625,""frame_yaw"":1.7536990642547607,""pitch_speed"":0.0,""yaw_speed"":0.0}",11.9471317
20940967618800,attitude,1314,"{""message_type"":""ATTITUDE"",""time_boot_ms"":127970,""roll"":0.0020352709107100964,""pitch"":-0.49610447883605957,""yaw"":3.1263742446899414,""rollspeed"":0.007880599237978458,""pitchspeed"":-0.16947396099567413,""yawspeed"":-0.014496350660920143}",11.9490849
20940984331400,target_offset,770,"{""x_angle_offset"":0.13675041496753693,""y_angle_offset"":-1.0341799488774053}",11.9657975
20940989027100,fov,3290,"{""zoom"":12.339999198913574,""hfov"":7.293355464935303,""vfov"":4.106302738189697,""state"":0,""max_aov_h"":90.0,""max_aov_v"":58.71550750732422,""min_aov_h"":1.40625,""min_aov_v"":0.7910428047180176,""max_zoom"":64.0}",11.9704932
20940989246200,gimbal,3290,"{""imu_roll"":0.0,""imu_pitch"":4.280145645141602,""imu_yaw"":1.7717361450195312,""frame_roll"":0.0,""frame_pitch"":4.280145645141602,""frame_yaw"":1.7717361450195312,""pitch_speed"":0.0,""yaw_speed"":0.0}",11.9707123
20940998439100,fov,3291,"{""zoom"":12.339999198913574,""hfov"":7.293355464935303,""vfov"":4.106302738189697,""state"":0,""max_aov_h"":90.0,""max_aov_v"":58.71550750732422,""min_aov_h"":1.40625,""min_aov_v"":0.7910428047180176,""max_zoom"":64.0}",11.9799052
20940998771300,gimbal,3291,"{""imu_roll"":0.0,""imu_pitch"":4.167975425720215,""imu_yaw"":1.7877366542816162,""frame_roll"":0.0,""frame_pitch"":4.167975425720215,""frame_yaw"":1.7877366542816162,""pitch_speed"":0.0,""yaw_speed"":0.0}",11.9802374
20941010676400,fov,3292,"{""zoom"":12.339999198913574,""hfov"":7.293355464935303,""vfov"":4.106302738189697,""state"":0,""max_aov_h"":90.0,""max_aov_v"":58.71550750732422,""min_aov_h"":1.40625,""min_aov_v"":0.7910428047180176,""max_zoom"":64.0}",11.9921425
20941011156500,gimbal,3292,"{""imu_roll"":0.0,""imu_pitch"":4.07159423828125,""imu_yaw"":1.8030078411102295,""frame_roll"":0.0,""frame_pitch"":4.07159423828125,""frame_yaw"":1.8030078411102295,""pitch_speed"":0.0,""yaw_speed"":0.0}",11.9926226
20941021692100,vfr,659,"{""message_type"":""VFR_HUD"",""airspeed"":42.37950134277344,""alt"":110.3499984741211}",12.0031582
20941021934500,position,659,"{""message_type"":""GLOBAL_POSITION_INT"",""lat"":469496495,""lon"":393489571}",12.0034006
20941022059000,attitude,1315,"{""message_type"":""ATTITUDE"",""time_boot_ms"":128010,""roll"":0.002634830540046096,""pitch"":-0.5028473138809204,""yaw"":3.1257948875427246,""rollspeed"":0.008265801705420017,""pitchspeed"":-0.1698264330625534,""yawspeed"":-0.014116921462118626}",12.0035251
20941030150500,target_offset,771,"{""x_angle_offset"":0.12915316969156265,""y_angle_offset"":-1.0341799488774053}",12.0116166
20941036462700,fov,3293,"{""zoom"":12.339999198913574,""hfov"":7.293355464935303,""vfov"":4.106302738189697,""state"":0,""max_aov_h"":90.0,""max_aov_v"":58.71550750732422,""min_aov_h"":1.40625,""min_aov_v"":0.7910428047180176,""max_zoom"":64.0}",12.0179288
20941036677800,gimbal,3293,"{""imu_roll"":0.0,""imu_pitch"":3.9342856407165527,""imu_yaw"":1.8291897773742676,""frame_roll"":0.0,""frame_pitch"":3.9342856407165527,""frame_yaw"":1.8291897773742676,""pitch_speed"":0.0,""yaw_speed"":0.0}",12.0181439
20941043737700,fov,3294,"{""zoom"":12.339999198913574,""hfov"":7.293355464935303,""vfov"":4.106302738189697,""state"":0,""max_aov_h"":90.0,""max_aov_v"":58.71550750732422,""min_aov_h"":1.40625,""min_aov_v"":0.7910428047180176,""max_zoom"":64.0}",12.0252038
20941044204800,gimbal,3294,"{""imu_roll"":0.0,""imu_pitch"":3.8158299922943115,""imu_yaw"":1.8419359922409058,""frame_roll"":0.0,""frame_pitch"":3.8158299922943115,""frame_yaw"":1.8419359922409058,""pitch_speed"":0.0,""yaw_speed"":0.0}",12.0256709
20941061542400,target_offset,772,"{""x_angle_offset"":0.12915316969156265,""y_angle_offset"":-0.9961586272275006}",12.0430085
20941069638800,fov,3295,"{""zoom"":12.339999198913574,""hfov"":7.293355464935303,""vfov"":4.106302738189697,""state"":0,""max_aov_h"":90.0,""max_aov_v"":58.71550750732422,""min_aov_h"":1.40625,""min_aov_v"":0.7910428047180176,""max_zoom"":64.0}",12.0511049
20941069953200,gimbal,3295,"{""imu_roll"":0.0,""imu_pitch"":3.663776397705078,""imu_yaw"":1.862048864364624,""frame_roll"":0.0,""frame_pitch"":3.663776397705078,""frame_yaw"":1.862048864364624,""pitch_speed"":0.0,""yaw_speed"":0.0}",12.0514193
20941079725300,fov,3296,"{""zoom"":12.339999198913574,""hfov"":7.293355464935303,""vfov"":4.106302738189697,""state"":0,""max_aov_h"":90.0,""max_aov_v"":58.71550750732422,""min_aov_h"":1.40625,""min_aov_v"":0.7910428047180176,""max_zoom"":64.0}",12.0611914
20941080296100,gimbal,3296,"{""imu_roll"":0.0,""imu_pitch"":3.549283027648926,""imu_yaw"":1.8762356042861938,""frame_roll"":0.0,""frame_pitch"":3.549283027648926,""frame_yaw"":1.8762356042861938,""pitch_speed"":0.0,""yaw_speed"":0.0}",12.0617622
20941080727400,range,1240,"{""message_type"":""GLOBAL_VISION_POSITION_ESTIMATE"",""x"":46.948463439941406,""y"":39.348915100097656}",12.0621935
20941082956300,range,1241,"{""message_type"":""GLOBAL_VISION_POSITION_ESTIMATE"",""x"":46.948463439941406,""y"":39.348915100097656}",12.0644224
20941083212100,attitude,1316,"{""message_type"":""ATTITUDE"",""time_boot_ms"":128070,""roll"":0.003024353412911296,""pitch"":-0.5128617286682129,""yaw"":3.125197172164917,""rollspeed"":0.00844896025955677,""pitchspeed"":-0.1653931885957718,""yawspeed"":-0.013508519157767296}",12.0646782
20941091691800,fov,3297,"{""zoom"":12.339999198913574,""hfov"":7.293355464935303,""vfov"":4.106302738189697,""state"":0,""max_aov_h"":90.0,""max_aov_v"":58.71550750732422,""min_aov_h"":1.40625,""min_aov_v"":0.7910428047180176,""max_zoom"":64.0}",12.0731579
20941092202500,gimbal,3297,"{""imu_roll"":0.0,""imu_pitch"":3.456193447113037,""imu_yaw"":1.8889713287353516,""frame_roll"":0.0,""frame_pitch"":3.456193447113037,""frame_yaw"":1.8889713287353516,""pitch_speed"":0.0,""yaw_speed"":0.0}",12.0736686
20941110862900,target_offset,773,"{""x_angle_offset"":0.12155592441558838,""y_angle_offset"":-0.9733458342375578}",12.092329
20941117759100,fov,3298,"{""zoom"":12.339999198913574,""hfov"":7.293355464935303,""vfov"":4.106302738189697,""state"":0,""max_aov_h"":90.0,""max_aov_v"":58.71550750732422,""min_aov_h"":1.40625,""min_aov_v"":0.7910428047180176,""max_zoom"":64.0}",12.0992252
20941118143600,gimbal,3298,"{""imu_roll"":0.0,""imu_pitch"":3.329653024673462,""imu_yaw"":1.909525990486145,""frame_roll"":0.0,""frame_pitch"":3.329653024673462,""frame_yaw"":1.909525990486145,""pitch_speed"":0.0,""yaw_speed"":0.0}",12.0996097
20941122955800,fov,3299,"{""zoom"":12.339999198913574,""hfov"":7.293355464935303,""vfov"":4.106302738189697,""state"":0,""max_aov_h"":90.0,""max_aov_v"":58.71550750732422,""min_aov_h"":1.40625,""min_aov_v"":0.7910428047180176,""max_zoom"":64.0}",12.1044219
20941123709800,gimbal,3299,"{""imu_roll"":0.0,""imu_pitch"":3.2226803302764893,""imu_yaw"":1.9217510223388672,""frame_roll"":0.0,""frame_pitch"":3.2226803302764893,""frame_yaw"":1.9217510223388672,""pitch_speed"":0.0,""yaw_speed"":0.0}",12.1051759
20941132781800,attitude,1317,"{""message_type"":""ATTITUDE"",""time_boot_ms"":128110,""roll"":0.002568561350926757,""pitch"":-0.519493818283081,""yaw"":3.125159978866577,""rollspeed"":0.007828379981219769,""pitchspeed"":-0.161871537566185,""yawspeed"":-0.012976724654436111}",12.1142479
20941133228100,vfr,660,"{""message_type"":""VFR_HUD"",""airspeed"":42.59254455566406,""alt"":108.05999755859375}",12.1146942
20941133410900,position,660,"{""message_type"":""GLOBAL_POSITION_INT"",""lat"":469495772,""lon"":393489599}",12.114877
20941134025200,fov,3300,"{""zoom"":12.339999198913574,""hfov"":7.293355464935303,""vfov"":4.106302738189697,""state"":0,""max_aov_h"":90.0,""max_aov_v"":58.71550750732422,""min_aov_h"":1.40625,""min_aov_v"":0.7910428047180176,""max_zoom"":64.0}",12.1154913
20941134364000,gimbal,3300,"{""imu_roll"":0.0,""imu_pitch"":3.1289119720458984,""imu_yaw"":1.9333178997039795,""frame_roll"":0.0,""frame_pitch"":3.1289119720458984,""frame_yaw"":1.9333178997039795,""pitch_speed"":0.0,""yaw_speed"":0.0}",12.1158301
20941155526800,target_offset,774,"{""x_angle_offset"":0.12155592441558838,""y_angle_offset"":-1.056992741867348}",12.1369929
20941162169000,fov,3301,"{""zoom"":12.339999198913574,""hfov"":7.293355464935303,""vfov"":4.106302738189697,""state"":0,""max_aov_h"":90.0,""max_aov_v"":58.71550750732422,""min_aov_h"":1.40625,""min_aov_v"":0.7910428047180176,""max_zoom"":64.0}",12.1436351
20941162487800,gimbal,3301,"{""imu_roll"":0.0,""imu_pitch"":2.9922664165496826,""imu_yaw"":1.9534233808517456,""frame_roll"":0.0,""frame_pitch"":2.9922664165496826,""frame_yaw"":1.9534233808517456,""pitch_speed"":0.0,""yaw_speed"":0.0}",12.1439539
20941166675200,fov,3302,"{""zoom"":12.339999198913574,""hfov"":7.293355464935303,""vfov"":4.106302738189697,""state"":0,""max_aov_h"":90.0,""max_aov_v"":58.71550750732422,""min_aov_h"":1.40625,""min_aov_v"":0.7910428047180176,""max_zoom"":64.0}",12.1481413
20941167040300,gimbal,3302,"{""imu_roll"":0.0,""imu_pitch"":2.8759632110595703,""imu_yaw"":1.9658393859863281,""frame_roll"":0.0,""frame_pitch"":2.8759632110595703,""frame_yaw"":1.9658393859863281,""pitch_speed"":0.0,""yaw_speed"":0.0}",12.1485064
20941188078300,target_offset,775,"{""x_angle_offset"":0.1139586791396141,""y_angle_offset"":-1.056992741867348}",12.1695444
20941194792800,fov,3303,"{""zoom"":12.339999198913574,""hfov"":7.293355464935303,""vfov"":4.106302738189697,""state"":0,""max_aov_h"":90.0,""max_aov_v"":58.71550750732422,""min_aov_h"":1.40625,""min_aov_v"":0.7910428047180176,""max_zoom"":64.0}",12.1762589
20941195203100,gimbal,3303,"{""imu_roll"":0.0,""imu_pitch"":2.7140769958496094,""imu_yaw"":1.9861844778060913,""frame_roll"":0.0,""frame_pitch"":2.7140769958496094,""frame_yaw"":1.9861844778060913,""pitch_speed"":0.0,""yaw_speed"":0.0}",12.1766692
20941198441800,fov,3304,"{""zoom"":12.339999198913574,""hfov"":7.293355464935303,""vfov"":4.106302738189697,""state"":0,""max_aov_h"":90.0,""max_aov_v"":58.71550750732422,""min_aov_h"":1.40625,""min_aov_v"":0.7910428047180176,""max_zoom"":64.0}",12.1799079
20941199066100,gimbal,3304,"{""imu_roll"":0.0,""imu_pitch"":2.6099019050598145,""imu_yaw"":1.9962141513824463,""frame_roll"":0.0,""frame_pitch"":2.6099019050598145,""frame_yaw"":1.9962141513824463,""pitch_speed"":0.0,""yaw_speed"":0.0}",12.1805322
20941201756100,attitude,1318,"{""message_type"":""ATTITUDE"",""time_boot_ms"":128170,""roll"":0.001701571512967348,""pitch"":-0.5291017293930054,""yaw"":3.1251821517944336,""rollspeed"":0.004681592807173729,""pitchspeed"":-0.15488426387310028,""yawspeed"":-0.011964282020926476}",12.1832222
20941210726600,fov,3305,"{""zoom"":12.339999198913574,""hfov"":7.293355464935303,""vfov"":4.106302738189697,""state"":0,""max_aov_h"":90.0,""max_aov_v"":58.71550750732422,""min_aov_h"":1.40625,""min_aov_v"":0.7910428047180176,""max_zoom"":64.0}",12.1921927
20941211104300,gimbal,3305,"{""imu_roll"":0.0,""imu_pitch"":2.5059237480163574,""imu_yaw"":2.007587432861328,""frame_roll"":0.0,""frame_pitch"":2.5059237480163574,""frame_yaw"":2.007587432861328,""pitch_speed"":0.0,""yaw_speed"":0.0}",12.1925704
20941229137900,target_offset,776,"{""x_angle_offset"":0.1139586791396141,""y_angle_offset"":-1.0037628915574814}",12.210604
20941235538000,fov,3306,"{""zoom"":12.339999198913574,""hfov"":7.293355464935303,""vfov"":4.106302738189697,""state"":0,""max_aov_h"":90.0,""max_aov_v"":58.71550750732422,""min_aov_h"":1.40625,""min_aov_v"":0.7910428047180176,""max_zoom"":64.0}",12.2170041
20941235694600,range,1242,"{""message_type"":""GLOBAL_VISION_POSITION_ESTIMATE"",""x"":46.94841003417969,""y"":39.34891891479492}",12.2171607
20941235923200,gimbal,3306,"{""imu_roll"":0.0,""imu_pitch"":2.363011121749878,""imu_yaw"":2.027009963989258,""frame_roll"":0.0,""frame_pitch"":2.363011121749878,""frame_yaw"":2.027009963989258,""pitch_speed"":0.0,""yaw_speed"":0.0}",12.2173893
20941238939500,attitude,1319,"{""message_type"":""ATTITUDE"",""time_boot_ms"":128210,""roll"":0.0010398656595498323,""pitch"":-0.5352659225463867,""yaw"":3.1252620220184326,""rollspeed"":0.004400075878947973,""pitchspeed"":-0.14985570311546326,""yawspeed"":-0.01130424253642559}",12.2204056
20941239381200,vfr,661,"{""message_type"":""VFR_HUD"",""airspeed"":42.82267761230469,""alt"":105.68000030517578}",12.2208473
20941239560800,range,1243,"{""message_type"":""GLOBAL_VISION_POSITION_ESTIMATE"",""x"":46.94841003417969,""y"":39.34891891479492}",12.2210269
20941239752600,position,661,"{""message_type"":""GLOBAL_POSITION_INT"",""lat"":469495772,""lon"":393489599}",12.2212187
20941243271500,fov,3307,"{""zoom"":12.339999198913574,""hfov"":7.293355464935303,""vfov"":4.106302738189697,""state"":0,""max_aov_h"":90.0,""max_aov_v"":58.71550750732422,""min_aov_h"":1.40625,""min_aov_v"":0.7910428047180176,""max_zoom"":64.0}",12.2247376
20941243705100,gimbal,3307,"{""imu_roll"":0.0,""imu_pitch"":2.257359027862549,""imu_yaw"":2.038259267807007,""frame_roll"":0.0,""frame_pitch"":2.257359027862549,""frame_yaw"":2.038259267807007,""pitch_speed"":0.0,""yaw_speed"":0.0}",12.2251712
20941261140000,target_offset,777,"{""x_angle_offset"":0.10636143386363983,""y_angle_offset"":-0.9733458342375578}",12.2426061
20941267131900,fov,3308,"{""zoom"":12.339999198913574,""hfov"":7.293355464935303,""vfov"":4.106302738189697,""state"":0,""max_aov_h"":90.0,""max_aov_v"":58.71550750732422,""min_aov_h"":1.40625,""min_aov_v"":0.7910428047180176,""max_zoom"":64.0}",12.248598
20941267361500,gimbal,3308,"{""imu_roll"":0.0,""imu_pitch"":2.1067988872528076,""imu_yaw"":2.057814836502075,""frame_roll"":0.0,""frame_pitch"":2.1067988872528076,""frame_yaw"":2.057814836502075,""pitch_speed"":0.0,""yaw_speed"":0.0}",12.2488276
20941275172200,fov,3309,"{""zoom"":12.339999198913574,""hfov"":7.293355464935303,""vfov"":4.106302738189697,""state"":0,""max_aov_h"":90.0,""max_aov_v"":58.71550750732422,""min_aov_h"":1.40625,""min_aov_v"":0.7910428047180176,""max_zoom"":64.0}",12.2566383
20941275768800,gimbal,3309,"{""imu_roll"":0.0,""imu_pitch"":2.0089495182037354,""imu_yaw"":2.0678255558013916,""frame_roll"":0.0,""frame_pitch"":2.0089495182037354,""frame_yaw"":2.0678255558013916,""pitch_speed"":0.0,""yaw_speed"":0.0}",12.2572349
20941286634300,fov,3310,"{""zoom"":12.339999198913574,""hfov"":7.293355464935303,""vfov"":4.106302738189697,""state"":0,""max_aov_h"":90.0,""max_aov_v"":58.71550750732422,""min_aov_h"":1.40625,""min_aov_v"":0.7910428047180176,""max_zoom"":64.0}",12.2681004
20941287008300,gimbal,3310,"{""imu_roll"":0.0,""imu_pitch"":1.9191334247589111,""imu_yaw"":2.0781750679016113,""frame_roll"":0.0,""frame_pitch"":1.9191334247589111,""frame_yaw"":2.0781750679016113,""pitch_speed"":0.0,""yaw_speed"":0.0}",12.2684744
20941291336500,attitude,1320,"{""message_type"":""ATTITUDE"",""time_boot_ms"":128270,""roll"":2.987650441355072e-05,""pitch"":-0.5441458225250244,""yaw"":3.1254560947418213,""rollspeed"":0.004782851319760084,""pitchspeed"":-0.1427558958530426,""yawspeed"":-0.010453911498188972}",12.2728026
20941303609200,target_offset,778,"{""x_angle_offset"":0.10636143386363983,""y_angle_offset"":-0.9429287769176341}",12.2850753
20941309791100,fov,3311,"{""zoom"":12.339999198913574,""hfov"":7.293355464935303,""vfov"":4.106302738189697,""state"":0,""max_aov_h"":90.0,""max_aov_v"":58.71550750732422,""min_aov_h"":1.40625,""min_aov_v"":0.7910428047180176,""max_zoom"":64.0}",12.2912572
20941310052000,gimbal,3311,"{""imu_roll"":0.0,""imu_pitch"":1.7932873964309692,""imu_yaw"":2.0959317684173584,""frame_roll"":0.0,""frame_pitch"":1.7932873964309692,""frame_yaw"":2.0959317684173584,""pitch_speed"":0.0,""yaw_speed"":0.0}",12.2915181
20941317998800,fov,3312,"{""zoom"":12.339999198913574,""hfov"":7.293355464935303,""vfov"":4.106302738189697,""state"":0,""max_aov_h"":90.0,""max_aov_v"":58.71550750732422,""min_aov_h"":1.40625,""min_aov_v"":0.7910428047180176,""max_zoom"":64.0}",12.2994649
20941318450200,gimbal,3312,"{""imu_roll"":0.0,""imu_pitch"":1.7012255191802979,""imu_yaw"":2.105776309967041,""frame_roll"":0.0,""frame_pitch"":1.7012255191802979,""frame_yaw"":2.105776309967041,""pitch_speed"":0.0,""yaw_speed"":0.0}",12.2999163
20941328207500,position,662,"{""message_type"":""GLOBAL_POSITION_INT"",""lat"":469495067,""lon"":393489615}",12.3096736
20941328366100,attitude,1321,"{""message_type"":""ATTITUDE"",""time_boot_ms"":128310,""roll"":0.0014706423971801996,""pitch"":-0.5497207641601562,""yaw"":3.124570369720459,""rollspeed"":0.004904436878859997,""pitchspeed"":-0.13840243220329285,""yawspeed"":-0.00972756464034319}",12.3098322
20941328568200,vfr,662,"{""message_type"":""VFR_HUD"",""airspeed"":43.04387283325195,""alt"":103.22000122070312}",12.3100343
20941330130000,fov,3313,"{""zoom"":12.339999198913574,""hfov"":7.293355464935303,""vfov"":4.106302738189697,""state"":0,""max_aov_h"":90.0,""max_aov_v"":58.71550750732422,""min_aov_h"":1.40625,""min_aov_v"":0.7910428047180176,""max_zoom"":64.0}",12.3115961
20941331159500,gimbal,3313,"{""imu_roll"":0.0,""imu_pitch"":1.6085516214370728,""imu_yaw"":2.1167972087860107,""frame_roll"":0.0,""frame_pitch"":1.6085516214370728,""frame_yaw"":2.1167972087860107,""pitch_speed"":0.0,""yaw_speed"":0.0}",12.3126256
20941346971000,target_offset,779,"{""x_angle_offset"":0.10636143386363983,""y_angle_offset"":-1.0037628915574814}",12.3284371
20941354439300,fov,3314,"{""zoom"":12.339999198913574,""hfov"":7.293355464935303,""vfov"":4.106302738189697,""state"":0,""max_aov_h"":90.0,""max_aov_v"":58.71550750732422,""min_aov_h"":1.40625,""min_aov_v"":0.7910428047180176,""max_zoom"":64.0}",12.3359054
20941354832100,gimbal,3314,"{""imu_roll"":0.0,""imu_pitch"":1.464339017868042,""imu_yaw"":2.138514280319214,""frame_roll"":0.0,""frame_pitch"":1.464339017868042,""frame_yaw"":2.138514280319214,""pitch_speed"":0.0,""yaw_speed"":0.0}",12.3362982
20941363519600,fov,3315,"{""zoom"":12.339999198913574,""hfov"":7.293355464935303,""vfov"":4.106302738189697,""state"":0,""max_aov_h"":90.0,""max_aov_v"":58.71550750732422,""min_aov_h"":1.40625,""min_aov_v"":0.7910428047180176,""max_zoom"":64.0}",12.3449857
20941363926200,gimbal,3315,"{""imu_roll"":0.0,""imu_pitch"":1.370002269744873,""imu_yaw"":2.147787094116211,""frame_roll"":0.0,""frame_pitch"":1.370002269744873,""frame_yaw"":2.147787094116211,""pitch_speed"":0.0,""yaw_speed"":0.0}",12.3453923
20941389940800,target_offset,780,"{""x_angle_offset"":0.1139586791396141,""y_angle_offset"":-1.0874097991872715}",12.3714069
20941398035700,range,1244,"{""message_type"":""GLOBAL_VISION_POSITION_ESTIMATE"",""x"":46.9490966796875,""y"":39.34894561767578}",12.3795018
20941399805200,attitude,1322,"{""message_type"":""ATTITUDE"",""time_boot_ms"":128370,""roll"":0.00362965720705688,""pitch"":-0.5576189160346985,""yaw"":3.1232686042785645,""rollspeed"":0.00501969875767827,""pitchspeed"":-0.1281963288784027,""yawspeed"":-0.008723286911845207}",12.3812713
20941401402000,fov,3316,"{""zoom"":12.339999198913574,""hfov"":7.293355464935303,""vfov"":4.106302738189697,""state"":0,""max_aov_h"":90.0,""max_aov_v"":58.71550750732422,""min_aov_h"":1.40625,""min_aov_v"":0.7910428047180176,""max_zoom"":64.0}",12.3828681
20941401785200,gimbal,3316,"{""imu_roll"":0.0,""imu_pitch"":1.164113163948059,""imu_yaw"":2.171790361404419,""frame_roll"":0.0,""frame_pitch"":1.164113163948059,""frame_yaw"":2.171790361404419,""pitch_speed"":0.0,""yaw_speed"":0.0}",12.3832513
20941407366400,fov,3317,"{""zoom"":12.339999198913574,""hfov"":7.293355464935303,""vfov"":4.106302738189697,""state"":0,""max_aov_h"":90.0,""max_aov_v"":58.71550750732422,""min_aov_h"":1.40625,""min_aov_v"":0.7910428047180176,""max_zoom"":64.0}",12.3888325
20941407697600,gimbal,3317,"{""imu_roll"":0.0,""imu_pitch"":1.0136781930923462,""imu_yaw"":2.1844003200531006,""frame_roll"":0.0,""frame_pitch"":1.0136781930923462,""frame_yaw"":2.1844003200531006,""pitch_speed"":0.0,""yaw_speed"":0.0}",12.3891637
20941416316800,range,1245,"{""message_type"":""GLOBAL_VISION_POSITION_ESTIMATE"",""x"":46.9490966796875,""y"":39.34894561767578}",12.3977829
20941421002300,fov,3318,"{""zoom"":12.339999198913574,""hfov"":7.293355464935303,""vfov"":4.106302738189697,""state"":0,""max_aov_h"":90.0,""max_aov_v"":58.71550750732422,""min_aov_h"":1.40625,""min_aov_v"":0.7910428047180176,""max_zoom"":64.0}",12.4024684
20941421303000,gimbal,3318,"{""imu_roll"":0.0,""imu_pitch"":0.9131960868835449,""imu_yaw"":2.1938085556030273,""frame_roll"":0.0,""frame_pitch"":0.9131960868835449,""frame_yaw"":2.1938085556030273,""pitch_speed"":0.0,""yaw_speed"":0.0}",12.4027691
20941434717600,vfr,663,"{""message_type"":""VFR_HUD"",""airspeed"":43.278804779052734,""alt"":100.68999481201172}",12.4161837
20941434912800,position,663,"{""message_type"":""GLOBAL_POSITION_INT"",""lat"":469495067,""lon"":393489615}",12.4163789
20941435052600,attitude,1323,"{""message_type"":""ATTITUDE"",""time_boot_ms"":128410,""roll"":0.005031554959714413,""pitch"":-0.5624896287918091,""yaw"":3.122426748275757,""rollspeed"":0.003978077322244644,""pitchspeed"":-0.1200142353773117,""yawspeed"":-0.00792030431330204}",12.4165187
20941441196900,target_offset,781,"{""x_angle_offset"":0.1139586791396141,""y_angle_offset"":-1.0874097991872715}",12.422663
20941447271700,fov,3319,"{""zoom"":12.339999198913574,""hfov"":7.293355464935303,""vfov"":4.106302738189697,""state"":0,""max_aov_h"":90.0,""max_aov_v"":58.71550750732422,""min_aov_h"":1.40625,""min_aov_v"":0.7910428047180176,""max_zoom"":64.0}",12.4287378
20941447579900,gimbal,3319,"{""imu_roll"":0.0,""imu_pitch"":0.7760724425315857,""imu_yaw"":2.20930814743042,""frame_roll"":0.0,""frame_pitch"":0.7760724425315857,""frame_yaw"":2.20930814743042,""pitch_speed"":0.0,""yaw_speed"":0.0}",12.429046
20941454405800,fov,3320,"{""zoom"":12.339999198913574,""hfov"":7.293355464935303,""vfov"":4.106302738189697,""state"":0,""max_aov_h"":90.0,""max_aov_v"":58.71550750732422,""min_aov_h"":1.40625,""min_aov_v"":0.7910428047180176,""max_zoom"":64.0}",12.4358719
20941454887600,gimbal,3320,"{""imu_roll"":0.0,""imu_pitch"":0.6585122346878052,""imu_yaw"":2.222184419631958,""frame_roll"":0.0,""frame_pitch"":0.6585122346878052,""frame_yaw"":2.222184419631958,""pitch_speed"":0.0,""yaw_speed"":0.0}",12.4363537
20941472234400,target_offset,782,"{""x_angle_offset"":0.12155592441558838,""y_angle_offset"":-1.0950140635172525}",12.4537005
20941479149500,fov,3321,"{""zoom"":12.339999198913574,""hfov"":7.293355464935303,""vfov"":4.106302738189697,""state"":0,""max_aov_h"":90.0,""max_aov_v"":58.71550750732422,""min_aov_h"":1.40625,""min_aov_v"":0.7910428047180176,""max_zoom"":64.0}",12.4606156
20941479459500,gimbal,3321,"{""imu_roll"":0.0,""imu_pitch"":0.5048089027404785,""imu_yaw"":2.2412195205688477,""frame_roll"":0.0,""frame_pitch"":0.5048089027404785,""frame_yaw"":2.2412195205688477,""pitch_speed"":0.0,""yaw_speed"":0.0}",12.4609256
20941485283000,fov,3322,"{""zoom"":12.339999198913574,""hfov"":7.293355464935303,""vfov"":4.106302738189697,""state"":0,""max_aov_h"":90.0,""max_aov_v"":58.71550750732422,""min_aov_h"":1.40625,""min_aov_v"":0.7910428047180176,""max_zoom"":64.0}",12.4667491
20941486276600,gimbal,3322,"{""imu_roll"":0.0,""imu_pitch"":0.39600181579589844,""imu_yaw"":2.2521705627441406,""frame_roll"":0.0,""frame_pitch"":0.39600181579589844,""frame_yaw"":2.2521705627441406,""pitch_speed"":0.0,""yaw_speed"":0.0}",12.4677427
20941497422500,attitude,1324,"{""message_type"":""ATTITUDE"",""time_boot_ms"":128470,""roll"":0.0071306386962533,""pitch"":-0.5692317485809326,""yaw"":3.1211936473846436,""rollspeed"":0.004511148203164339,""pitchspeed"":-0.10945740342140198,""yawspeed"":-0.006889552343636751}",12.4788886
20941501911400,target_offset,783,"{""x_angle_offset"":0.12155592441558838,""y_angle_offset"":-1.0113671558874624}",12.4833775
20941508967200,fov,3323,"{""zoom"":12.339999198913574,""hfov"":7.293355464935303,""vfov"":4.106302738189697,""state"":0,""max_aov_h"":90.0,""max_aov_v"":58.71550750732422,""min_aov_h"":1.40625,""min_aov_v"":0.7910428047180176,""max_zoom"":64.0}",12.4904333
20941509654800,gimbal,3323,"{""imu_roll"":0.0,""imu_pitch"":0.23359008133411407,""imu_yaw"":2.2704086303710938,""frame_roll"":0.0,""frame_pitch"":0.23359008133411407,""frame_yaw"":2.2704086303710938,""pitch_speed"":0.0,""yaw_speed"":0.0}",12.4911209
20941517514700,fov,3324,"{""zoom"":12.339999198913574,""hfov"":7.293355464935303,""vfov"":4.106302738189697,""state"":0,""max_aov_h"":90.0,""max_aov_v"":58.71550750732422,""min_aov_h"":1.40625,""min_aov_v"":0.7910428047180176,""max_zoom"":64.0}",12.4989808
20941518640500,gimbal,3324,"{""imu_roll"":0.0,""imu_pitch"":0.12736311554908752,""imu_yaw"":2.284095525741577,""frame_roll"":0.0,""frame_pitch"":0.12736311554908752,""frame_yaw"":2.284095525741577,""pitch_speed"":0.0,""yaw_speed"":0.0}",12.5001066
20941529272000,fov,3325,"{""zoom"":12.339999198913574,""hfov"":7.293355464935303,""vfov"":4.106302738189697,""state"":0,""max_aov_h"":90.0,""max_aov_v"":58.71550750732422,""min_aov_h"":1.40625,""min_aov_v"":0.7910428047180176,""max_zoom"":64.0}",12.5107381
20941529903400,gimbal,3325,"{""imu_roll"":0.0,""imu_pitch"":0.03939574956893921,""imu_yaw"":2.296196222305298,""frame_roll"":0.0,""frame_pitch"":0.03939574956893921,""frame_yaw"":2.296196222305298,""pitch_speed"":0.0,""yaw_speed"":0.0}",12.5113695
20941532650600,vfr,664,"{""message_type"":""VFR_HUD"",""airspeed"":43.542930603027344,""alt"":98.0999984741211}",12.5141167
20941532747600,position,664,"{""message_type"":""GLOBAL_POSITION_INT"",""lat"":469494356,""lon"":393489653}",12.5142137
20941532820200,attitude,1325,"{""message_type"":""ATTITUDE"",""time_boot_ms"":128510,""roll"":0.007877970114350319,""pitch"":-0.5747621655464172,""yaw"":3.1207361221313477,""rollspeed"":0.004810857120901346,""pitchspeed"":-0.10478712618350983,""yawspeed"":-0.006160003133118153}",12.5142863
20941545264600,range,1246,"{""message_type"":""GLOBAL_VISION_POSITION_ESTIMATE"",""x"":46.949031829833984,""y"":39.34894943237305}",12.5267307
20941548925300,target_offset,784,"{""x_angle_offset"":0.12155592441558838,""y_angle_offset"":-0.9733458342375578}",12.5303914
20941552816100,range,1247,"{""message_type"":""GLOBAL_VISION_POSITION_ESTIMATE"",""x"":46.949031829833984,""y"":39.34894943237305}",12.5342822
20941554206200,fov,3326,"{""zoom"":12.339999198913574,""hfov"":7.293355464935303,""vfov"":4.106302738189697,""state"":0,""max_aov_h"":90.0,""max_aov_v"":58.71550750732422,""min_aov_h"":1.40625,""min_aov_v"":0.7910428047180176,""max_zoom"":64.0}",12.5356723
20941554402800,gimbal,3326,"{""imu_roll"":0.0,""imu_pitch"":-0.08208919316530228,""imu_yaw"":2.3144166469573975,""frame_roll"":0.0,""frame_pitch"":-0.08208919316530228,""frame_yaw"":2.3144166469573975,""pitch_speed"":0.0,""yaw_speed"":0.0}",12.5358689
20941560520200,fov,3327,"{""zoom"":12.339999198913574,""hfov"":7.293355464935303,""vfov"":4.106302738189697,""state"":0,""max_aov_h"":90.0,""max_aov_v"":58.71550750732422,""min_aov_h"":1.40625,""min_aov_v"":0.7910428047180176,""max_zoom"":64.0}",12.5419863
20941561313800,gimbal,3327,"{""imu_roll"":0.0,""imu_pitch"":-0.1879546344280243,""imu_yaw"":2.328054904937744,""frame_roll"":0.0,""frame_pitch"":-0.1879546344280243,""frame_yaw"":2.328054904937744,""pitch_speed"":0.0,""yaw_speed"":0.0}",12.5427799
20941572179000,fov,3328,"{""zoom"":12.339999198913574,""hfov"":7.293355464935303,""vfov"":4.106302738189697,""state"":0,""max_aov_h"":90.0,""max_aov_v"":58.71550750732422,""min_aov_h"":1.40625,""min_aov_v"":0.7910428047180176,""max_zoom"":64.0}",12.5536451
20941572566700,gimbal,3328,"{""imu_roll"":0.0,""imu_pitch"":-0.27687349915504456,""imu_yaw"":2.340060234069824,""frame_roll"":0.0,""frame_pitch"":-0.27687349915504456,""frame_yaw"":2.340060234069824,""pitch_speed"":0.0,""yaw_speed"":0.0}",12.5540328
20941589905400,target_offset,785,"{""x_angle_offset"":0.12155592441558838,""y_angle_offset"":-0.9049074552677295}",12.5713715
20941594142200,attitude,1326,"{""message_type"":""ATTITUDE"",""time_boot_ms"":128570,""roll"":0.008004378527402878,""pitch"":-0.5846424102783203,""yaw"":3.1206278800964355,""rollspeed"":0.005400918889790773,""pitchspeed"":-0.09657906740903854,""yawspeed"":-0.005154517479240894}",12.5756083
20941595906400,gimbal,3329,"{""imu_roll"":0.0,""imu_pitch"":-0.3993677496910095,""imu_yaw"":2.3577330112457275,""frame_roll"":0.0,""frame_pitch"":-0.3993677496910095,""frame_yaw"":2.3577330112457275,""pitch_speed"":0.0,""yaw_speed"":0.0}",12.5773725
20941596114200,fov,3329,"{""zoom"":12.339999198913574,""hfov"":7.293355464935303,""vfov"":4.106302738189697,""state"":0,""max_aov_h"":90.0,""max_aov_v"":58.71550750732422,""min_aov_h"":1.40625,""min_aov_v"":0.7910428047180176,""max_zoom"":64.0}",12.5775803
20941603334300,fov,3330,"{""zoom"":12.339999198913574,""hfov"":7.293355464935303,""vfov"":4.106302738189697,""state"":0,""max_aov_h"":90.0,""max_aov_v"":58.71550750732422,""min_aov_h"":1.40625,""min_aov_v"":0.7910428047180176,""max_zoom"":64.0}",12.5848004
20941603625800,gimbal,3330,"{""imu_roll"":0.0,""imu_pitch"":-0.49383115768432617,""imu_yaw"":2.370967388153076,""frame_roll"":0.0,""frame_pitch"":-0.49383115768432617,""frame_yaw"":2.370967388153076,""pitch_speed"":0.0,""yaw_speed"":0.0}",12.5850919
20941621427100,target_offset,786,"{""x_angle_offset"":0.12155592441558838,""y_angle_offset"":-0.9125117195977105}",12.6028932
20941627079900,vfr,665,"{""message_type"":""VFR_HUD"",""airspeed"":43.80658721923828,""alt"":95.43000030517578}",12.608546
20941627388600,attitude,1327,"{""message_type"":""ATTITUDE"",""time_boot_ms"":128610,""roll"":0.008081875741481781,""pitch"":-0.5908516049385071,""yaw"":3.120607376098633,""rollspeed"":0.005831271875649691,""pitchspeed"":-0.08788260072469711,""yawspeed"":-0.004431826528161764}",12.6088547
20941627583300,position,665,"{""message_type"":""GLOBAL_POSITION_INT"",""lat"":469494356,""lon"":393489653}",12.6090494
20941627959800,fov,3331,"{""zoom"":12.339999198913574,""hfov"":7.293355464935303,""vfov"":4.106302738189697,""state"":0,""max_aov_h"":90.0,""max_aov_v"":58.71550750732422,""min_aov_h"":1.40625,""min_aov_v"":0.7910428047180176,""max_zoom"":64.0}",12.6094259
20941628180900,gimbal,3331,"{""imu_roll"":0.0,""imu_pitch"":-0.6292722225189209,""imu_yaw"":2.391261577606201,""frame_roll"":0.0,""frame_pitch"":-0.6292722225189209,""frame_yaw"":2.391261577606201,""pitch_speed"":0.0,""yaw_speed"":0.0}",12.609647
20941635738100,fov,3332,"{""zoom"":12.339999198913574,""hfov"":7.293355464935303,""vfov"":4.106302738189697,""state"":0,""max_aov_h"":90.0,""max_aov_v"":58.71550750732422,""min_aov_h"":1.40625,""min_aov_v"":0.7910428047180176,""max_zoom"":64.0}",12.6172042
20941636145200,gimbal,3332,"{""imu_roll"":0.0,""imu_pitch"":-0.7205430269241333,""imu_yaw"":2.4024109840393066,""frame_roll"":0.0,""frame_pitch"":-0.7205430269241333,""frame_yaw"":2.4024109840393066,""pitch_speed"":0.0,""yaw_speed"":0.0}",12.6176113
20941648152000,fov,3333,"{""zoom"":12.339999198913574,""hfov"":7.293355464935303,""vfov"":4.106302738189697,""state"":0,""max_aov_h"":90.0,""max_aov_v"":58.71550750732422,""min_aov_h"":1.40625,""min_aov_v"":0.7910428047180176,""max_zoom"":64.0}",12.6296181
20941648592600,gimbal,3333,"{""imu_roll"":0.0,""imu_pitch"":-0.81024169921875,""imu_yaw"":2.4138314723968506,""frame_roll"":0.0,""frame_pitch"":-0.81024169921875,""frame_yaw"":2.4138314723968506,""pitch_speed"":0.0,""yaw_speed"":0.0}",12.6300587
20941666001800,target_offset,787,"{""x_angle_offset"":0.12155592441558838,""y_angle_offset"":-0.9049074552677295}",12.6474679
20941671423000,fov,3334,"{""zoom"":12.339999198913574,""hfov"":7.293355464935303,""vfov"":4.106302738189697,""state"":0,""max_aov_h"":90.0,""max_aov_v"":58.71550750732422,""min_aov_h"":1.40625,""min_aov_v"":0.7910428047180176,""max_zoom"":64.0}",12.6528891
20941671683600,gimbal,3334,"{""imu_roll"":0.0,""imu_pitch"":-0.926908552646637,""imu_yaw"":2.4295876026153564,""frame_roll"":0.0,""frame_pitch"":-0.926908552646637,""frame_yaw"":2.4295876026153564,""pitch_speed"":0.0,""yaw_speed"":0.0}",12.6531497
20941679715400,attitude,1328,"{""message_type"":""ATTITUDE"",""time_boot_ms"":128670,""roll"":0.008233534172177315,""pitch"":-0.5994139909744263,""yaw"":3.120659112930298,""rollspeed"":0.008215595036745071,""pitchspeed"":-0.07198061048984528,""yawspeed"":-0.0033854921348392963}",12.6611815
20941680763600,fov,3335,"{""zoom"":12.339999198913574,""hfov"":7.293355464935303,""vfov"":4.106302738189697,""state"":0,""max_aov_h"":90.0,""max_aov_v"":58.71550750732422,""min_aov_h"":1.40625,""min_aov_v"":0.7910428047180176,""max_zoom"":64.0}",12.6622297
20941681172000,gimbal,3335,"{""imu_roll"":0.0,""imu_pitch"":-1.0202938318252563,""imu_yaw"":2.4414432048797607,""frame_roll"":0.0,""frame_pitch"":-1.0202938318252563,""frame_yaw"":2.4414432048797607,""pitch_speed"":0.0,""yaw_speed"":0.0}",12.6626381
20941692443700,fov,3336,"{""zoom"":12.339999198913574,""hfov"":7.293355464935303,""vfov"":4.106302738189697,""state"":0,""max_aov_h"":90.0,""max_aov_v"":58.71550750732422,""min_aov_h"":1.40625,""min_aov_v"":0.7910428047180176,""max_zoom"":64.0}",12.6739098
20941692829200,gimbal,3336,"{""imu_roll"":0.0,""imu_pitch"":-1.1093437671661377,""imu_yaw"":2.452993392944336,""frame_roll"":0.0,""frame_pitch"":-1.1093437671661377,""frame_yaw"":2.452993392944336,""pitch_speed"":0.0,""yaw_speed"":0.0}",12.6742953
20941699422000,range,1248,"{""message_type"":""GLOBAL_VISION_POSITION_ESTIMATE"",""x"":46.949031829833984,""y"":39.34894943237305}",12.6808881
20941711718700,fov,3337,"{""zoom"":12.339999198913574,""hfov"":7.293355464935303,""vfov"":4.106302738189697,""state"":0,""max_aov_h"":90.0,""max_aov_v"":58.71550750732422,""min_aov_h"":1.40625,""min_aov_v"":0.7910428047180176,""max_zoom"":64.0}",12.6931848
20941712154500,gimbal,3337,"{""imu_roll"":0.0,""imu_pitch"":-1.2201215028762817,""imu_yaw"":2.467817544937134,""frame_roll"":0.0,""frame_pitch"":-1.2201215028762817,""frame_yaw"":2.467817544937134,""pitch_speed"":0.0,""yaw_speed"":0.0}",12.6936206
20941713134900,target_offset,788,"{""x_angle_offset"":0.12155592441558838,""y_angle_offset"":-0.8820946622777868}",12.694601
20941717210900,attitude,1329,"{""message_type"":""ATTITUDE"",""time_boot_ms"":128710,""roll"":0.008421688340604305,""pitch"":-0.6044837236404419,""yaw"":3.120756149291992,""rollspeed"":0.010692807845771313,""pitchspeed"":-0.058163512498140335,""yawspeed"":-0.0028249528259038925}",12.698677
20941717467700,vfr,666,"{""message_type"":""VFR_HUD"",""airspeed"":44.08931350708008,""alt"":92.69999694824219}",12.6989338
20941717570900,range,1249,"{""message_type"":""GLOBAL_VISION_POSITION_ESTIMATE"",""x"":46.949031829833984,""y"":39.34894943237305}",12.699037
20941717652100,position,666,"{""message_type"":""GLOBAL_POSITION_INT"",""lat"":469493661,""lon"":393489674}",12.6991182
20941723430800,fov,3338,"{""zoom"":12.339999198913574,""hfov"":7.293355464935303,""vfov"":4.106302738189697,""state"":0,""max_aov_h"":90.0,""max_aov_v"":58.71550750732422,""min_aov_h"":1.40625,""min_aov_v"":0.7910428047180176,""max_zoom"":64.0}",12.7048969
20941724250600,gimbal,3338,"{""imu_roll"":0.0,""imu_pitch"":-1.3248083591461182,""imu_yaw"":2.4803900718688965,""frame_roll"":0.0,""frame_pitch"":-1.3248083591461182,""frame_yaw"":2.4803900718688965,""pitch_speed"":0.0,""yaw_speed"":0.0}",12.7057167
20941742665800,target_offset,789,"{""x_angle_offset"":0.12915316969156265,""y_angle_offset"":-0.8820946622777868}",12.7241319
20941748467500,fov,3339,"{""zoom"":12.339999198913574,""hfov"":7.293355464935303,""vfov"":4.106302738189697,""state"":0,""max_aov_h"":90.0,""max_aov_v"":58.71550750732422,""min_aov_h"":1.40625,""min_aov_v"":0.7910428047180176,""max_zoom"":64.0}",12.7299336
20941748701100,gimbal,3339,"{""imu_roll"":0.0,""imu_pitch"":-1.4805521965026855,""imu_yaw"":2.499387502670288,""frame_roll"":0.0,""frame_pitch"":-1.4805521965026855,""frame_yaw"":2.499387502670288,""pitch_speed"":0.0,""yaw_speed"":0.0}",12.7301672
20941755181300,fov,3340,"{""zoom"":12.339999198913574,""hfov"":7.293355464935303,""vfov"":4.106302738189697,""state"":0,""max_aov_h"":90.0,""max_aov_v"":58.71550750732422,""min_aov_h"":1.40625,""min_aov_v"":0.7910428047180176,""max_zoom"":64.0}",12.7366474
20941756321400,gimbal,3340,"{""imu_roll"":0.0,""imu_pitch"":-1.5646262168884277,""imu_yaw"":2.510390520095825,""frame_roll"":0.0,""frame_pitch"":-1.5646262168884277,""frame_yaw"":2.510390520095825,""pitch_speed"":0.0,""yaw_speed"":0.0}",12.7377875
20941768001100,fov,3341,"{""zoom"":12.339999198913574,""hfov"":7.293355464935303,""vfov"":4.106302738189697,""state"":0,""max_aov_h"":90.0,""max_aov_v"":58.71550750732422,""min_aov_h"":1.40625,""min_aov_v"":0.7910428047180176,""max_zoom"":64.0}",12.7494672
20941768377100,gimbal,3341,"{""imu_roll"":0.0,""imu_pitch"":-1.642177700996399,""imu_yaw"":2.5205492973327637,""frame_roll"":0.0,""frame_pitch"":-1.642177700996399,""frame_yaw"":2.5205492973327637,""pitch_speed"":0.0,""yaw_speed"":0.0}",12.7498432
20941771666600,attitude,1330,"{""message_type"":""ATTITUDE"",""time_boot_ms"":128770,""roll"":0.010799703188240528,""pitch"":-0.6055730581283569,""yaw"":3.1198813915252686,""rollspeed"":0.014810075052082539,""pitchspeed"":-0.036347560584545135,""yawspeed"":-0.001821534475311637}",12.7531327
20941786400600,target_offset,790,"{""x_angle_offset"":0.13675041496753693,""y_angle_offset"":-0.8440733406278822}",12.7678667
20941792634300,fov,3342,"{""zoom"":12.339999198913574,""hfov"":7.293355464935303,""vfov"":4.106302738189697,""state"":0,""max_aov_h"":90.0,""max_aov_v"":58.71550750732422,""min_aov_h"":1.40625,""min_aov_v"":0.7910428047180176,""max_zoom"":64.0}",12.7741004
20941792858000,gimbal,3342,"{""imu_roll"":0.0,""imu_pitch"":-1.7501201629638672,""imu_yaw"":2.5345849990844727,""frame_roll"":0.0,""frame_pitch"":-1.7501201629638672,""frame_yaw"":2.5345849990844727,""pitch_speed"":0.0,""yaw_speed"":0.0}",12.7743241
20941799085300,fov,3343,"{""zoom"":12.339999198913574,""hfov"":7.293355464935303,""vfov"":4.106302738189697,""state"":0,""max_aov_h"":90.0,""max_aov_v"":58.71550750732422,""min_aov_h"":1.40625,""min_aov_v"":0.7910428047180176,""max_zoom"":64.0}",12.7805514
20941799366000,gimbal,3343,"{""imu_roll"":0.0,""imu_pitch"":-1.8357378244400024,""imu_yaw"":2.5464539527893066,""frame_roll"":0.0,""frame_pitch"":-1.8357378244400024,""frame_yaw"":2.5464539527893066,""pitch_speed"":0.0,""yaw_speed"":0.0}",12.7808321
20941810445300,position,667,"{""message_type"":""GLOBAL_POSITION_INT"",""lat"":469493661,""lon"":393489674}",12.7919114
20941810604400,attitude,1331,"{""message_type"":""ATTITUDE"",""time_boot_ms"":128810,""roll"":0.012475368566811085,""pitch"":-0.6056931614875793,""yaw"":3.119344711303711,""rollspeed"":0.017413489520549774,""pitchspeed"":-0.025600207969546318,""yawspeed"":-0.0011596395634114742}",12.7920705
20941810901400,vfr,667,"{""message_type"":""VFR_HUD"",""airspeed"":44.364933013916016,""alt"":89.9000015258789}",12.7923675
20941811278800,fov,3344,"{""zoom"":12.339999198913574,""hfov"":7.293355464935303,""vfov"":4.106302738189697,""state"":0,""max_aov_h"":90.0,""max_aov_v"":58.71550750732422,""min_aov_h"":1.40625,""min_aov_v"":0.7910428047180176,""max_zoom"":64.0}",12.7927449
20941811505700,gimbal,3344,"{""imu_roll"":0.0,""imu_pitch"":-1.9119261503219604,""imu_yaw"":2.556882858276367,""frame_roll"":0.0,""frame_pitch"":-1.9119261503219604,""frame_yaw"":2.556882858276367,""pitch_speed"":0.0,""yaw_speed"":0.0}",12.7929718
20941830213900,target_offset,791,"{""x_angle_offset"":0.13675041496753693,""y_angle_offset"":-0.7300093756781684}",12.81168
20941835574700,fov,3345,"{""zoom"":12.339999198913574,""hfov"":7.293355464935303,""vfov"":4.106302738189697,""state"":0,""max_aov_h"":90.0,""max_aov_v"":58.71550750732422,""min_aov_h"":1.40625,""min_aov_v"":0.7910428047180176,""max_zoom"":64.0}",12.8170408
20941835963100,gimbal,3345,"{""imu_roll"":0.0,""imu_pitch"":-2.025360584259033,""imu_yaw"":2.5722219944000244,""frame_roll"":0.0,""frame_pitch"":-2.025360584259033,""frame_yaw"":2.5722219944000244,""pitch_speed"":0.0,""yaw_speed"":0.0}",12.8174292
20941842894600,fov,3346,"{""zoom"":12.339999198913574,""hfov"":7.293355464935303,""vfov"":4.106302738189697,""state"":0,""max_aov_h"":90.0,""max_aov_v"":58.71550750732422,""min_aov_h"":1.40625,""min_aov_v"":0.7910428047180176,""max_zoom"":64.0}",12.8243607
20941843194100,gimbal,3346,"{""imu_roll"":0.0,""imu_pitch"":-2.103116750717163,""imu_yaw"":2.5859813690185547,""frame_roll"":0.0,""frame_pitch"":-2.103116750717163,""frame_yaw"":2.5859813690185547,""pitch_speed"":0.0,""yaw_speed"":0.0}",12.8246602
20941853855100,range,1250,"{""message_type"":""GLOBAL_VISION_POSITION_ESTIMATE"",""x"":46.9489631652832,""y"":39.34894943237305}",12.8353212
20941861472300,target_offset,792,"{""x_angle_offset"":0.1443476602435112,""y_angle_offset"":-0.6539667323783591}",12.8429384
20941866221700,range,1251,"{""message_type"":""GLOBAL_VISION_POSITION_ESTIMATE"",""x"":46.9489631652832,""y"":39.34894943237305}",12.8476878
20941867248500,fov,3347,"{""zoom"":12.339999198913574,""hfov"":7.293355464935303,""vfov"":4.106302738189697,""state"":0,""max_aov_h"":90.0,""max_aov_v"":58.71550750732422,""min_aov_h"":1.40625,""min_aov_v"":0.7910428047180176,""max_zoom"":64.0}",12.8487146
20941867478400,gimbal,3347,"{""imu_roll"":0.0,""imu_pitch"":-2.2097079753875732,""imu_yaw"":2.604193925857544,""frame_roll"":0.0,""frame_pitch"":-2.2097079753875732,""frame_yaw"":2.604193925857544,""pitch_speed"":0.0,""yaw_speed"":0.0}",12.8489445
20941875782800,fov,3348,"{""zoom"":12.339999198913574,""hfov"":7.293355464935303,""vfov"":4.106302738189697,""state"":0,""max_aov_h"":90.0,""max_aov_v"":58.71550750732422,""min_aov_h"":1.40625,""min_aov_v"":0.7910428047180176,""max_zoom"":64.0}",12.8572489
20941876136300,gimbal,3348,"{""imu_roll"":0.0,""imu_pitch"":-2.275195837020874,""imu_yaw"":2.6185247898101807,""frame_roll"":0.0,""frame_pitch"":-2.275195837020874,""frame_yaw"":2.6185247898101807,""pitch_speed"":0.0,""yaw_speed"":0.0}",12.8576024
20941879113400,attitude,1332,"{""message_type"":""ATTITUDE"",""time_boot_ms"":128870,""roll"":0.015418168157339096,""pitch"":-0.6053070425987244,""yaw"":3.1185762882232666,""rollspeed"":0.02777189016342163,""pitchspeed"":-0.015441644936800003,""yawspeed"":1.0523945093154907e-05}",12.8605795
20941886763000,fov,3349,"{""zoom"":12.339999198913574,""hfov"":7.293355464935303,""vfov"":4.106302738189697,""state"":0,""max_aov_h"":90.0,""max_aov_v"":58.71550750732422,""min_aov_h"":1.40625,""min_aov_v"":0.7910428047180176,""max_zoom"":64.0}",12.8682291
20941887081500,gimbal,3349,"{""imu_roll"":0.0,""imu_pitch"":-2.328503131866455,""imu_yaw"":2.6299123764038086,""frame_roll"":0.0,""frame_pitch"":-2.328503131866455,""frame_yaw"":2.6299123764038086,""pitch_speed"":0.0,""yaw_speed"":0.0}",12.8685476
20941904889700,target_offset,793,"{""x_angle_offset"":0.15194490551948547,""y_angle_offset"":-0.5855283534085309}",12.8863558
20941910531700,fov,3350,"{""zoom"":12.339999198913574,""hfov"":7.293355464935303,""vfov"":4.106302738189697,""state"":0,""max_aov_h"":90.0,""max_aov_v"":58.71550750732422,""min_aov_h"":1.40625,""min_aov_v"":0.7910428047180176,""max_zoom"":64.0}",12.8919978
20941910716700,gimbal,3350,"{""imu_roll"":0.0,""imu_pitch"":-2.416715383529663,""imu_yaw"":2.6475136280059814,""frame_roll"":0.0,""frame_pitch"":-2.416715383529663,""frame_yaw"":2.6475136280059814,""pitch_speed"":0.0,""yaw_speed"":0.0}",12.8921828
20941913367800,position,668,"{""message_type"":""GLOBAL_POSITION_INT"",""lat"":469493661,""lon"":393489674}",12.8948339
20941913523100,attitude,1333,"{""message_type"":""ATTITUDE"",""time_boot_ms"":128910,""roll"":0.01782117411494255,""pitch"":-0.6047602891921997,""yaw"":3.1180825233459473,""rollspeed"":0.0377279631793499,""pitchspeed"":-0.010056555271148682,""yawspeed"":0.0010034693405032158}",12.8949892
20941913733700,vfr,668,"{""message_type"":""VFR_HUD"",""airspeed"":44.654624938964844,""alt"":87.05999755859375}",12.8951998
20941919493100,fov,3351,"{""zoom"":12.339999198913574,""hfov"":7.293355464935303,""vfov"":4.106302738189697,""state"":0,""max_aov_h"":90.0,""max_aov_v"":58.71550750732422,""min_aov_h"":1.40625,""min_aov_v"":0.7910428047180176,""max_zoom"":64.0}",12.9009592
20941919951900,gimbal,3351,"{""imu_roll"":0.0,""imu_pitch"":-2.4703147411346436,""imu_yaw"":2.6606242656707764,""frame_roll"":0.0,""frame_pitch"":-2.4703147411346436,""frame_yaw"":2.6606242656707764,""pitch_speed"":0.0,""yaw_speed"":0.0}",12.901418
20941931256300,fov,3352,"{""zoom"":12.339999198913574,""hfov"":7.293355464935303,""vfov"":4.106302738189697,""state"":0,""max_aov_h"":90.0,""max_aov_v"":58.71550750732422,""min_aov_h"":1.40625,""min_aov_v"":0.7910428047180176,""max_zoom"":64.0}",12.9127224
20941931676700,gimbal,3352,"{""imu_roll"":0.0,""imu_pitch"":-2.5249009132385254,""imu_yaw"":2.673403024673462,""frame_roll"":0.0,""frame_pitch"":-2.5249009132385254,""frame_yaw"":2.673403024673462,""pitch_speed"":0.0,""yaw_speed"":0.0}",12.9131428
20941948252400,target_offset,794,"{""x_angle_offset"":0.15194490551948547,""y_angle_offset"":-0.4182345381489506}",12.9297185
20941954136200,fov,3353,"{""zoom"":12.339999198913574,""hfov"":7.293355464935303,""vfov"":4.106302738189697,""state"":0,""max_aov_h"":90.0,""max_aov_v"":58.71550750732422,""min_aov_h"":1.40625,""min_aov_v"":0.7910428047180176,""max_zoom"":64.0}",12.9356023
20941954384300,gimbal,3353,"{""imu_roll"":0.0,""imu_pitch"":-2.597712755203247,""imu_yaw"":2.6891112327575684,""frame_roll"":0.0,""frame_pitch"":-2.597712755203247,""frame_yaw"":2.6891112327575684,""pitch_speed"":0.0,""yaw_speed"":0.0}",12.9358504
20941961555900,fov,3354,"{""zoom"":12.339999198913574,""hfov"":7.293355464935303,""vfov"":4.106302738189697,""state"":0,""max_aov_h"":90.0,""max_aov_v"":58.71550750732422,""min_aov_h"":1.40625,""min_aov_v"":0.7910428047180176,""max_zoom"":64.0}",12.943022
20941961929400,gimbal,3354,"{""imu_roll"":0.0,""imu_pitch"":-2.6328859329223633,""imu_yaw"":2.702479362487793,""frame_roll"":0.0,""frame_pitch"":-2.6328859329223633,""frame_yaw"":2.702479362487793,""pitch_speed"":0.0,""yaw_speed"":0.0}",12.9433955
20941980692600,attitude,1334,"{""message_type"":""ATTITUDE"",""time_boot_ms"":128970,""roll"":0.02154412865638733,""pitch"":-0.6073319315910339,""yaw"":3.1178033351898193,""rollspeed"":0.055691156536340714,""pitchspeed"":-0.0030067567713558674,""yawspeed"":0.0029930854216217995}",12.9621587
20941982411400,target_offset,795,"{""x_angle_offset"":0.15954215079545975,""y_angle_offset"":-0.4106302738189697}",12.9638775
20941987836100,fov,3355,"{""zoom"":12.339999198913574,""hfov"":7.293355464935303,""vfov"":4.106302738189697,""state"":0,""max_aov_h"":90.0,""max_aov_v"":58.71550750732422,""min_aov_h"":1.40625,""min_aov_v"":0.7910428047180176,""max_zoom"":64.0}",12.9693022
20941988170800,gimbal,3355,"{""imu_roll"":0.0,""imu_pitch"":-2.692030191421509,""imu_yaw"":2.723099946975708,""frame_roll"":0.0,""frame_pitch"":-2.692030191421509,""frame_yaw"":2.723099946975708,""pitch_speed"":0.0,""yaw_speed"":0.0}",12.9696369
20941993979300,fov,3356,"{""zoom"":12.339999198913574,""hfov"":7.293355464935303,""vfov"":4.106302738189697,""state"":0,""max_aov_h"":90.0,""max_aov_v"":58.71550750732422,""min_aov_h"":1.40625,""min_aov_v"":0.7910428047180176,""max_zoom"":64.0}",12.9754454
20941994511200,gimbal,3356,"{""imu_roll"":0.0,""imu_pitch"":-2.731545925140381,""imu_yaw"":2.7377824783325195,""frame_roll"":0.0,""frame_pitch"":-2.731545925140381,""frame_yaw"":2.7377824783325195,""pitch_speed"":0.0,""yaw_speed"":0.0}",12.9759773
20942005447500,fov,3357,"{""zoom"":12.339999198913574,""hfov"":7.293355464935303,""vfov"":4.106302738189697,""state"":0,""max_aov_h"":90.0,""max_aov_v"":58.71550750732422,""min_aov_h"":1.40625,""min_aov_v"":0.7910428047180176,""max_zoom"":64.0}",12.9869136
20942005861100,gimbal,3357,"{""imu_roll"":0.0,""imu_pitch"":-2.768117904663086,""imu_yaw"":2.750593423843384,""frame_roll"":0.0,""frame_pitch"":-2.768117904663086,""frame_yaw"":2.750593423843384,""pitch_speed"":0.0,""yaw_speed"":0.0}",12.9873272
20942009401100,range,1252,"{""message_type"":""GLOBAL_VISION_POSITION_ESTIMATE"",""x"":46.9489631652832,""y"":39.34894943237305}",12.9908672
20942012621700,range,1253,"{""message_type"":""GLOBAL_VISION_POSITION_ESTIMATE"",""x"":46.9489631652832,""y"":39.34894943237305}",12.9940878
20942012826200,position,669,"{""message_type"":""GLOBAL_POSITION_INT"",""lat"":469492906,""lon"":393489710}",12.9942923
20942012987500,attitude,1335,"{""message_type"":""ATTITUDE"",""time_boot_ms"":129010,""roll"":0.024538544937968254,""pitch"":-0.609976053237915,""yaw"":3.11779522895813,""rollspeed"":0.07250072807073593,""pitchspeed"":0.00431524682790041,""yawspeed"":0.004586886614561081}",12.9944536
20942013266900,vfr,669,"{""message_type"":""VFR_HUD"",""airspeed"":44.953495025634766,""alt"":84.15999603271484}",12.994733
20942026062900,target_offset,796,"{""x_angle_offset"":0.15954215079545975,""y_angle_offset"":-0.3726089521690651}",13.007529
20942031259300,fov,3358,"{""zoom"":12.339999198913574,""hfov"":7.293355464935303,""vfov"":4.106302738189697,""state"":0,""max_aov_h"":90.0,""max_aov_v"":58.71550750732422,""min_aov_h"":1.40625,""min_aov_v"":0.7910428047180176,""max_zoom"":64.0}",13.0127254
20942031468000,gimbal,3358,"{""imu_roll"":0.0,""imu_pitch"":-2.818959951400757,""imu_yaw"":2.7658650875091553,""frame_roll"":0.0,""frame_pitch"":-2.818959951400757,""frame_yaw"":2.7658650875091553,""pitch_speed"":0.0,""yaw_speed"":0.0}",13.0129341
20942038074800,fov,3359,"{""zoom"":12.339999198913574,""hfov"":7.293355464935303,""vfov"":4.106302738189697,""state"":0,""max_aov_h"":90.0,""max_aov_v"":58.71550750732422,""min_aov_h"":1.40625,""min_aov_v"":0.7910428047180176,""max_zoom"":64.0}",13.0195409
20942038751200,gimbal,3359,"{""imu_roll"":0.0,""imu_pitch"":-2.855395793914795,""imu_yaw"":2.7809243202209473,""frame_roll"":0.0,""frame_pitch"":-2.855395793914795,""frame_yaw"":2.7809243202209473,""pitch_speed"":0.0,""yaw_speed"":0.0}",13.0202173
20942049333600,fov,3360,"{""zoom"":12.339999198913574,""hfov"":7.293355464935303,""vfov"":4.106302738189697,""state"":0,""max_aov_h"":90.0,""max_aov_v"":58.71550750732422,""min_aov_h"":1.40625,""min_aov_v"":0.7910428047180176,""max_zoom"":64.0}",13.0307997
20942049782900,gimbal,3360,"{""imu_roll"":0.0,""imu_pitch"":-2.8868494033813477,""imu_yaw"":2.7925844192504883,""frame_roll"":0.0,""frame_pitch"":-2.8868494033813477,""frame_yaw"":2.7925844192504883,""pitch_speed"":0.0,""yaw_speed"":0.0}",13.031249
20942067430300,target_offset,797,"{""x_angle_offset"":0.15194490551948547,""y_angle_offset"":-0.3650046878390842}",13.0488964
20942073213900,fov,3361,"{""zoom"":12.339999198913574,""hfov"":7.293355464935303,""vfov"":4.106302738189697,""state"":0,""max_aov_h"":90.0,""max_aov_v"":58.71550750732422,""min_aov_h"":1.40625,""min_aov_v"":0.7910428047180176,""max_zoom"":64.0}",13.05468
20942073433400,gimbal,3361,"{""imu_roll"":0.0,""imu_pitch"":-2.9346041679382324,""imu_yaw"":2.809459686279297,""frame_roll"":0.0,""frame_pitch"":-2.9346041679382324,""frame_yaw"":2.809459686279297,""pitch_speed"":0.0,""yaw_speed"":0.0}",13.0548995
20942081453800,fov,3362,"{""zoom"":12.339999198913574,""hfov"":7.293355464935303,""vfov"":4.106302738189697,""state"":0,""max_aov_h"":90.0,""max_aov_v"":58.71550750732422,""min_aov_h"":1.40625,""min_aov_v"":0.7910428047180176,""max_zoom"":64.0}",13.0629199
20942081713600,gimbal,3362,"{""imu_roll"":0.0,""imu_pitch"":-2.9659981727600098,""imu_yaw"":2.8228883743286133,""frame_roll"":0.0,""frame_pitch"":-2.9659981727600098,""frame_yaw"":2.8228883743286133,""pitch_speed"":0.0,""yaw_speed"":0.0}",13.0631797
20942083041800,attitude,1336,"{""message_type"":""ATTITUDE"",""time_boot_ms"":129070,""roll"":0.0302803423255682,""pitch"":-0.6131327748298645,""yaw"":3.117981195449829,""rollspeed"":0.10069563239812851,""pitchspeed"":0.022510487586259842,""yawspeed"":0.008142976090312004}",13.0645079
20942093177000,gimbal,3363,"{""imu_roll"":0.0,""imu_pitch"":-3.0008223056793213,""imu_yaw"":2.835940361022949,""frame_roll"":0.0,""frame_pitch"":-3.0008223056793213,""frame_yaw"":2.835940361022949,""pitch_speed"":0.0,""yaw_speed"":0.0}",13.0746431
20942094089600,fov,3363,"{""zoom"":12.339999198913574,""hfov"":7.293355464935303,""vfov"":4.106302738189697,""state"":0,""max_aov_h"":90.0,""max_aov_v"":58.71550750732422,""min_aov_h"":1.40625,""min_aov_v"":0.7910428047180176,""max_zoom"":64.0}",13.0755557
20942111352800,target_offset,798,"{""x_angle_offset"":0.15194490551948547,""y_angle_offset"":-0.3726089521690651}",13.0928189
20942117333300,attitude,1337,"{""message_type"":""ATTITUDE"",""time_boot_ms"":129110,""roll"":0.03505852073431015,""pitch"":-0.6144568920135498,""yaw"":3.118279218673706,""rollspeed"":0.12252220511436462,""pitchspeed"":0.03991231694817543,""yawspeed"":0.011219104751944542}",13.0987994
20942117797100,vfr,670,"{""message_type"":""VFR_HUD"",""airspeed"":45.25806427001953,""alt"":81.25}",13.0992632
20942118845400,position,670,"{""message_type"":""GLOBAL_POSITION_INT"",""lat"":469492906,""lon"":393489710}",13.1003115
20942119497300,fov,3364,"{""zoom"":12.339999198913574,""hfov"":7.293355464935303,""vfov"":4.106302738189697,""state"":0,""max_aov_h"":90.0,""max_aov_v"":58.71550750732422,""min_aov_h"":1.40625,""min_aov_v"":0.7910428047180176,""max_zoom"":64.0}",13.1009634
20942119761000,gimbal,3364,"{""imu_roll"":0.0,""imu_pitch"":-3.0438668727874756,""imu_yaw"":2.8470261096954346,""frame_roll"":0.0,""frame_pitch"":-3.0438668727874756,""frame_yaw"":2.8470261096954346,""pitch_speed"":0.0,""yaw_speed"":0.0}",13.1012271
20942124503200,fov,3365,"{""zoom"":12.339999198913574,""hfov"":7.293355464935303,""vfov"":4.106302738189697,""state"":0,""max_aov_h"":90.0,""max_aov_v"":58.71550750732422,""min_aov_h"":1.40625,""min_aov_v"":0.7910428047180176,""max_zoom"":64.0}",13.1059693
20942124863900,gimbal,3365,"{""imu_roll"":0.0,""imu_pitch"":-3.0843241214752197,""imu_yaw"":2.8602664470672607,""frame_roll"":0.0,""frame_pitch"":-3.0843241214752197,""frame_yaw"":2.8602664470672607,""pitch_speed"":0.0,""yaw_speed"":0.0}",13.10633
20942143850500,target_offset,799,"{""x_angle_offset"":0.1443476602435112,""y_angle_offset"":-0.3726089521690651}",13.1253166
20942149196800,fov,3366,"{""zoom"":12.339999198913574,""hfov"":7.293355464935303,""vfov"":4.106302738189697,""state"":0,""max_aov_h"":90.0,""max_aov_v"":58.71550750732422,""min_aov_h"":1.40625,""min_aov_v"":0.7910428047180176,""max_zoom"":64.0}",13.1306629
20942149461100,gimbal,3366,"{""imu_roll"":0.0,""imu_pitch"":-3.138400077819824,""imu_yaw"":2.872670888900757,""frame_roll"":0.0,""frame_pitch"":-3.138400077819824,""frame_yaw"":2.872670888900757,""pitch_speed"":0.0,""yaw_speed"":0.0}",13.1309272
20942156484800,fov,3367,"{""zoom"":12.339999198913574,""hfov"":7.293355464935303,""vfov"":4.106302738189697,""state"":0,""max_aov_h"":90.0,""max_aov_v"":58.71550750732422,""min_aov_h"":1.40625,""min_aov_v"":0.7910428047180176,""max_zoom"":64.0}",13.1379509
20942156775000,gimbal,3367,"{""imu_roll"":0.0,""imu_pitch"":-3.1756324768066406,""imu_yaw"":2.8837804794311523,""frame_roll"":0.0,""frame_pitch"":-3.1756324768066406,""frame_yaw"":2.8837804794311523,""pitch_speed"":0.0,""yaw_speed"":0.0}",13.1382411
20942165135300,range,1254,"{""message_type"":""GLOBAL_VISION_POSITION_ESTIMATE"",""x"":46.94888687133789,""y"":39.34894943237305}",13.1466014
20942167873400,fov,3368,"{""zoom"":12.339999198913574,""hfov"":7.293355464935303,""vfov"":4.106302738189697,""state"":0,""max_aov_h"":90.0,""max_aov_v"":58.71550750732422,""min_aov_h"":1.40625,""min_aov_v"":0.7910428047180176,""max_zoom"":64.0}",13.1493395
20942168281500,gimbal,3368,"{""imu_roll"":0.0,""imu_pitch"":-3.20729660987854,""imu_yaw"":2.890864610671997,""frame_roll"":0.0,""frame_pitch"":-3.20729660987854,""frame_yaw"":2.890864610671997,""pitch_speed"":0.0,""yaw_speed"":0.0}",13.1497476
20942171109700,range,1255,"{""message_type"":""GLOBAL_VISION_POSITION_ESTIMATE"",""x"":46.94888687133789,""y"":39.34894943237305}",13.1525758
20942171415400,attitude,1338,"{""message_type"":""ATTITUDE"",""time_boot_ms"":129170,""roll"":0.043893106281757355,""pitch"":-0.6144548654556274,""yaw"":3.1190185546875,""rollspeed"":0.15718616545200348,""pitchspeed"":0.06980165094137192,""yawspeed"":0.01669788919389248}",13.1528815
20942188431700,fov,3369,"{""zoom"":12.339999198913574,""hfov"":7.293355464935303,""vfov"":4.106302738189697,""state"":0,""max_aov_h"":90.0,""max_aov_v"":58.71550750732422,""min_aov_h"":1.40625,""min_aov_v"":0.7910428047180176,""max_zoom"":64.0}",13.1698978
20942188707800,gimbal,3369,"{""imu_roll"":0.0,""imu_pitch"":-3.2556889057159424,""imu_yaw"":2.895489454269409,""frame_roll"":0.0,""frame_pitch"":-3.2556889057159424,""frame_yaw"":2.895489454269409,""pitch_speed"":0.0,""yaw_speed"":0.0}",13.1701739
20942200223500,fov,3370,"{""zoom"":12.339999198913574,""hfov"":7.293355464935303,""vfov"":4.106302738189697,""state"":0,""max_aov_h"":90.0,""max_aov_v"":58.71550750732422,""min_aov_h"":1.40625,""min_aov_v"":0.7910428047180176,""max_zoom"":64.0}",13.1816896
20942200623000,gimbal,3370,"{""imu_roll"":0.0,""imu_pitch"":-3.2775535583496094,""imu_yaw"":2.8965163230895996,""frame_roll"":0.0,""frame_pitch"":-3.2775535583496094,""frame_yaw"":2.8965163230895996,""pitch_speed"":0.0,""yaw_speed"":0.0}",13.1820891
20942211874500,fov,3371,"{""zoom"":12.339999198913574,""hfov"":7.293355464935303,""vfov"":4.106302738189697,""state"":0,""max_aov_h"":90.0,""max_aov_v"":58.71550750732422,""min_aov_h"":1.40625,""min_aov_v"":0.7910428047180176,""max_zoom"":64.0}",13.1933406
20942212279100,gimbal,3371,"{""imu_roll"":0.0,""imu_pitch"":-3.299868106842041,""imu_yaw"":2.894364356994629,""frame_roll"":0.0,""frame_pitch"":-3.299868106842041,""frame_yaw"":2.894364356994629,""pitch_speed"":0.0,""yaw_speed"":0.0}",13.1937452
20942218548700,position,671,"{""message_type"":""GLOBAL_POSITION_INT"",""lat"":469492141,""lon"":393489732}",13.2000148
20942218775900,attitude,1339,"{""message_type"":""ATTITUDE"",""time_boot_ms"":129210,""roll"":0.050955433398485184,""pitch"":-0.6127945184707642,""yaw"":3.1196987628936768,""rollspeed"":0.17928244173526764,""pitchspeed"":0.08878278732299805,""yawspeed"":0.020835043862462044}",13.200242
20942219224100,vfr,671,"{""message_type"":""VFR_HUD"",""airspeed"":45.56601333618164,""alt"":78.30999755859375}",13.2006902
20942229377500,target_offset,800,"{""x_angle_offset"":0.12915316969156265,""y_angle_offset"":-0.3497961591791223}",13.2108436
20942235721600,fov,3372,"{""zoom"":12.339999198913574,""hfov"":7.293355464935303,""vfov"":4.106302738189697,""state"":0,""max_aov_h"":90.0,""max_aov_v"":58.71550750732422,""min_aov_h"":1.40625,""min_aov_v"":0.7910428047180176,""max_zoom"":64.0}",13.2171877
20942235955500,gimbal,3372,"{""imu_roll"":0.0,""imu_pitch"":-3.3303253650665283,""imu_yaw"":2.8815484046936035,""frame_roll"":0.0,""frame_pitch"":-3.3303253650665283,""frame_yaw"":2.8815484046936035,""pitch_speed"":0.0,""yaw_speed"":0.0}",13.2174216
20942246567000,fov,3373,"{""zoom"":12.339999198913574,""hfov"":7.293355464935303,""vfov"":4.106302738189697,""state"":0,""max_aov_h"":90.0,""max_aov_v"":58.71550750732422,""min_aov_h"":1.40625,""min_aov_v"":0.7910428047180176,""max_zoom"":64.0}",13.2280331
20942247255800,gimbal,3373,"{""imu_roll"":0.0,""imu_pitch"":-3.368985414505005,""imu_yaw"":2.8929264545440674,""frame_roll"":0.0,""frame_pitch"":-3.368985414505005,""frame_yaw"":2.8929264545440674,""pitch_speed"":0.0,""yaw_speed"":0.0}",13.2287219
20942261788800,target_offset,801,"{""x_angle_offset"":0.1139586791396141,""y_angle_offset"":-0.2737535158793131}",13.2432549
20942268158000,fov,3374,"{""zoom"":12.339999198913574,""hfov"":7.293355464935303,""vfov"":4.106302738189697,""state"":0,""max_aov_h"":90.0,""max_aov_v"":58.71550750732422,""min_aov_h"":1.40625,""min_aov_v"":0.7910428047180176,""max_zoom"":64.0}",13.2496241
20942268438600,gimbal,3374,"{""imu_roll"":0.0,""imu_pitch"":-3.420132637023926,""imu_yaw"":2.90104603767395,""frame_roll"":0.0,""frame_pitch"":-3.420132637023926,""frame_yaw"":2.90104603767395,""pitch_speed"":0.0,""yaw_speed"":0.0}",13.2499047
20942276343900,fov,3375,"{""zoom"":12.339999198913574,""hfov"":7.293355464935303,""vfov"":4.106302738189697,""state"":0,""max_aov_h"":90.0,""max_aov_v"":58.71550750732422,""min_aov_h"":1.40625,""min_aov_v"":0.7910428047180176,""max_zoom"":64.0}",13.25781
20942276877800,gimbal,3375,"{""imu_roll"":0.0,""imu_pitch"":-3.444288969039917,""imu_yaw"":2.907392978668213,""frame_roll"":0.0,""frame_pitch"":-3.444288969039917,""frame_yaw"":2.907392978668213,""pitch_speed"":0.0,""yaw_speed"":0.0}",13.2583439
20942278953000,attitude,1340,"{""message_type"":""ATTITUDE"",""time_boot_ms"":129270,""roll"":0.0630006343126297,""pitch"":-0.6090115308761597,""yaw"":3.1212353706359863,""rollspeed"":0.21332183480262756,""pitchspeed"":0.11378993093967438,""yawspeed"":0.027426786720752716}",13.2604191
20942287948600,fov,3376,"{""zoom"":12.339999198913574,""hfov"":7.293355464935303,""vfov"":4.106302738189697,""state"":0,""max_aov_h"":90.0,""max_aov_v"":58.71550750732422,""min_aov_h"":1.40625,""min_aov_v"":0.7910428047180176,""max_zoom"":64.0}",13.2694147
20942288467600,gimbal,3376,"{""imu_roll"":0.0,""imu_pitch"":-3.467301368713379,""imu_yaw"":2.9080889225006104,""frame_roll"":0.0,""frame_pitch"":-3.467301368713379,""frame_yaw"":2.9080889225006104,""pitch_speed"":0.0,""yaw_speed"":0.0}",13.2699337
20942305306600,target_offset,802,"{""x_angle_offset"":0.1139586791396141,""y_angle_offset"":-0.2205236655694467}",13.2867727
20942310510800,fov,3377,"{""zoom"":12.339999198913574,""hfov"":7.293355464935303,""vfov"":4.106302738189697,""state"":0,""max_aov_h"":90.0,""max_aov_v"":58.71550750732422,""min_aov_h"":1.40625,""min_aov_v"":0.7910428047180176,""max_zoom"":64.0}",13.2919769
20942310727800,gimbal,3377,"{""imu_roll"":0.0,""imu_pitch"":-3.499194383621216,""imu_yaw"":2.895357131958008,""frame_roll"":0.0,""frame_pitch"":-3.499194383621216,""frame_yaw"":2.895357131958008,""pitch_speed"":0.0,""yaw_speed"":0.0}",13.2921939
20942313040500,vfr,672,"{""message_type"":""VFR_HUD"",""airspeed"":45.87543487548828,""alt"":75.33999633789062}",13.2945066
20942313230400,position,672,"{""message_type"":""GLOBAL_POSITION_INT"",""lat"":469492141,""lon"":393489732}",13.2946965
20942313388000,attitude,1341,"{""message_type"":""ATTITUDE"",""time_boot_ms"":129310,""roll"":0.07196133583784103,""pitch"":-0.6058093905448914,""yaw"":3.122620105743408,""rollspeed"":0.23717853426933289,""pitchspeed"":0.12725429236888885,""yawspeed"":0.03196169063448906}",13.2948541
20942320107800,fov,3378,"{""zoom"":12.339999198913574,""hfov"":7.293355464935303,""vfov"":4.106302738189697,""state"":0,""max_aov_h"":90.0,""max_aov_v"":58.71550750732422,""min_aov_h"":1.40625,""min_aov_v"":0.7910428047180176,""max_zoom"":64.0}",13.3015739
20942320678300,range,1256,"{""message_type"":""GLOBAL_VISION_POSITION_ESTIMATE"",""x"":46.94880676269531,""y"":39.34894561767578}",13.3021444
20942321201500,gimbal,3378,"{""imu_roll"":0.0,""imu_pitch"":-3.5209145545959473,""imu_yaw"":2.9038195610046387,""frame_roll"":0.0,""frame_pitch"":-3.5209145545959473,""frame_yaw"":2.9038195610046387,""pitch_speed"":0.0,""yaw_speed"":0.0}",13.3026676
20942330845100,fov,3379,"{""zoom"":12.339999198913574,""hfov"":7.293355464935303,""vfov"":4.106302738189697,""state"":0,""max_aov_h"":90.0,""max_aov_v"":58.71550750732422,""min_aov_h"":1.40625,""min_aov_v"":0.7910428047180176,""max_zoom"":64.0}",13.3123112
20942331318300,gimbal,3379,"{""imu_roll"":0.0,""imu_pitch"":-3.537095785140991,""imu_yaw"":2.9064266681671143,""frame_roll"":0.0,""frame_pitch"":-3.537095785140991,""frame_yaw"":2.9064266681671143,""pitch_speed"":0.0,""yaw_speed"":0.0}",13.3127844
20942331490300,range,1257,"{""message_type"":""GLOBAL_VISION_POSITION_ESTIMATE"",""x"":46.94880676269531,""y"":39.34894561767578}",13.3129564
20942348338800,target_offset,803,"{""x_angle_offset"":0.10636143386363983,""y_angle_offset"":-0.09125117195977105}",13.3298049
20942354030000,gimbal,3380,"{""imu_roll"":0.0,""imu_pitch"":-3.56351375579834,""imu_yaw"":2.8963911533355713,""frame_roll"":0.0,""frame_pitch"":-3.56351375579834,""frame_yaw"":2.8963911533355713,""pitch_speed"":0.0,""yaw_speed"":0.0}",13.3354961
20942354265600,fov,3380,"{""zoom"":12.339999198913574,""hfov"":7.293355464935303,""vfov"":4.106302738189697,""state"":0,""max_aov_h"":90.0,""max_aov_v"":58.71550750732422,""min_aov_h"":1.40625,""min_aov_v"":0.7910428047180176,""max_zoom"":64.0}",13.3357317
20942361873800,fov,3381,"{""zoom"":12.339999198913574,""hfov"":7.293355464935303,""vfov"":4.106302738189697,""state"":0,""max_aov_h"":90.0,""max_aov_v"":58.71550750732422,""min_aov_h"":1.40625,""min_aov_v"":0.7910428047180176,""max_zoom"":64.0}",13.3433399
20942362138200,gimbal,3381,"{""imu_roll"":0.0,""imu_pitch"":-3.5700595378875732,""imu_yaw"":2.9084174633026123,""frame_roll"":0.0,""frame_pitch"":-3.5700595378875732,""frame_yaw"":2.9084174633026123,""pitch_speed"":0.0,""yaw_speed"":0.0}",13.3436043
20942389144400,fov,3382,"{""zoom"":12.339999198913574,""hfov"":7.293355464935303,""vfov"":4.106302738189697,""state"":0,""max_aov_h"":90.0,""max_aov_v"":58.71550750732422,""min_aov_h"":1.40625,""min_aov_v"":0.7910428047180176,""max_zoom"":64.0}",13.3706105
20942389449000,gimbal,3382,"{""imu_roll"":0.0,""imu_pitch"":-3.584351062774658,""imu_yaw"":2.9148812294006348,""frame_roll"":0.0,""frame_pitch"":-3.584351062774658,""frame_yaw"":2.9148812294006348,""pitch_speed"":0.0,""yaw_speed"":0.0}",13.3709151
20942390393300,attitude,1342,"{""message_type"":""ATTITUDE"",""time_boot_ms"":129370,""roll"":0.08706846088171005,""pitch"":-0.6000163555145264,""yaw"":3.125319480895996,""rollspeed"":0.27789831161499023,""pitchspeed"":0.14827391505241394,""yawspeed"":0.03957520052790642}",13.3718594
20942396167100,fov,3383,"{""zoom"":12.339999198913574,""hfov"":7.293355464935303,""vfov"":4.106302738189697,""state"":0,""max_aov_h"":90.0,""max_aov_v"":58.71550750732422,""min_aov_h"":1.40625,""min_aov_v"":0.7910428047180176,""max_zoom"":64.0}",13.3776332
20942396726900,gimbal,3383,"{""imu_roll"":0.0,""imu_pitch"":-3.5879411697387695,""imu_yaw"":2.9147565364837646,""frame_roll"":0.0,""frame_pitch"":-3.5879411697387695,""frame_yaw"":2.9147565364837646,""pitch_speed"":0.0,""yaw_speed"":0.0}",13.378193
20942417621800,fov,3384,"{""zoom"":12.339999198913574,""hfov"":7.293355464935303,""vfov"":4.106302738189697,""state"":0,""max_aov_h"":90.0,""max_aov_v"":58.71550750732422,""min_aov_h"":1.40625,""min_aov_v"":0.7910428047180176,""max_zoom"":64.0}",13.3990879
20942418035500,gimbal,3384,"{""imu_roll"":0.0,""imu_pitch"":-3.5945193767547607,""imu_yaw"":2.901792287826538,""frame_roll"":0.0,""frame_pitch"":-3.5945193767547607,""frame_yaw"":2.901792287826538,""pitch_speed"":0.0,""yaw_speed"":0.0}",13.3995016
20942433400600,fov,3385,"{""zoom"":12.339999198913574,""hfov"":7.293355464935303,""vfov"":4.106302738189697,""state"":0,""max_aov_h"":90.0,""max_aov_v"":58.71550750732422,""min_aov_h"":1.40625,""min_aov_v"":0.7910428047180176,""max_zoom"":64.0}",13.4148667
20942433909500,gimbal,3385,"{""imu_roll"":0.0,""imu_pitch"":-3.6004364490509033,""imu_yaw"":2.879725933074951,""frame_roll"":0.0,""frame_pitch"":-3.6004364490509033,""frame_yaw"":2.879725933074951,""pitch_speed"":0.0,""yaw_speed"":0.0}",13.4153756
20942435796500,target_offset,804,"{""x_angle_offset"":0.12915316969156265,""y_angle_offset"":-0.08364690762979013}",13.4172626
20942440983700,vfr,673,"{""message_type"":""VFR_HUD"",""airspeed"":46.18546676635742,""alt"":72.3699951171875}",13.4224498
20942441147800,position,673,"{""message_type"":""GLOBAL_POSITION_INT"",""lat"":469491332,""lon"":393489729}",13.4226139
20942441257100,attitude,1343,"{""message_type"":""ATTITUDE"",""time_boot_ms"":129410,""roll"":0.0984683558344841,""pitch"":-0.5946411490440369,""yaw"":3.1275012493133545,""rollspeed"":0.30355730652809143,""pitchspeed"":0.16049112379550934,""yawspeed"":0.044935621321201324}",13.4227232
20942444477100,fov,3386,"{""zoom"":12.339999198913574,""hfov"":7.293355464935303,""vfov"":4.106302738189697,""state"":0,""max_aov_h"":90.0,""max_aov_v"":58.71550750732422,""min_aov_h"":1.40625,""min_aov_v"":0.7910428047180176,""max_zoom"":64.0}",13.4259432
20942444940700,gimbal,3386,"{""imu_roll"":0.0,""imu_pitch"":-3.607761859893799,""imu_yaw"":2.885242462158203,""frame_roll"":0.0,""frame_pitch"":-3.607761859893799,""frame_yaw"":2.885242462158203,""pitch_speed"":0.0,""yaw_speed"":0.0}",13.4264068
20942461240300,target_offset,805,"{""x_angle_offset"":0.08356969803571701,""y_angle_offset"":0.015208528659961841}",13.4427064
20942467183000,fov,3387,"{""zoom"":12.339999198913574,""hfov"":7.293355464935303,""vfov"":4.106302738189697,""state"":0,""max_aov_h"":90.0,""max_aov_v"":58.71550750732422,""min_aov_h"":1.40625,""min_aov_v"":0.7910428047180176,""max_zoom"":64.0}",13.4486491
20942467507000,gimbal,3387,"{""imu_roll"":0.0,""imu_pitch"":-3.6187968254089355,""imu_yaw"":2.8765432834625244,""frame_roll"":0.0,""frame_pitch"":-3.6187968254089355,""frame_yaw"":2.8765432834625244,""pitch_speed"":0.0,""yaw_speed"":0.0}",13.4489731
20942473563700,fov,3388,"{""zoom"":12.339999198913574,""hfov"":7.293355464935303,""vfov"":4.106302738189697,""state"":0,""max_aov_h"":90.0,""max_aov_v"":58.71550750732422,""min_aov_h"":1.40625,""min_aov_v"":0.7910428047180176,""max_zoom"":64.0}",13.4550298
20942473838600,gimbal,3388,"{""imu_roll"":0.0,""imu_pitch"":-3.614229202270508,""imu_yaw"":2.8783819675445557,""frame_roll"":0.0,""frame_pitch"":-3.614229202270508,""frame_yaw"":2.8783819675445557,""pitch_speed"":0.0,""yaw_speed"":0.0}",13.4553047
20942475381400,range,1258,"{""message_type"":""GLOBAL_VISION_POSITION_ESTIMATE"",""x"":46.948734283447266,""y"":39.348941802978516}",13.4568475
20942484838200,fov,3389,"{""zoom"":12.339999198913574,""hfov"":7.293355464935303,""vfov"":4.106302738189697,""state"":0,""max_aov_h"":90.0,""max_aov_v"":58.71550750732422,""min_aov_h"":1.40625,""min_aov_v"":0.7910428047180176,""max_zoom"":64.0}",13.4663043
20942485205300,gimbal,3389,"{""imu_roll"":0.0,""imu_pitch"":-3.6105663776397705,""imu_yaw"":2.8726320266723633,""frame_roll"":0.0,""frame_pitch"":-3.6105663776397705,""frame_yaw"":2.8726320266723633,""pitch_speed"":0.0,""yaw_speed"":0.0}",13.4666714
20942488744700,range,1259,"{""message_type"":""GLOBAL_VISION_POSITION_ESTIMATE"",""x"":46.948734283447266,""y"":39.348941802978516}",13.4702108
20942488946500,attitude,1344,"{""message_type"":""ATTITUDE"",""time_boot_ms"":129470,""roll"":0.11704547703266144,""pitch"":-0.585895299911499,""yaw"":3.1314783096313477,""rollspeed"":0.3395080864429474,""pitchspeed"":0.17431972920894623,""yawspeed"":0.052895139902830124}",13.4704126
20942502840800,target_offset,806,"{""x_angle_offset"":0.08356969803571701,""y_angle_offset"":0.060834114639847364}",13.4843069
20942509495500,fov,3390,"{""zoom"":12.339999198913574,""hfov"":7.293355464935303,""vfov"":4.106302738189697,""state"":0,""max_aov_h"":90.0,""max_aov_v"":58.71550750732422,""min_aov_h"":1.40625,""min_aov_v"":0.7910428047180176,""max_zoom"":64.0}",13.4909616
20942509720000,gimbal,3390,"{""imu_roll"":0.0,""imu_pitch"":-3.6052095890045166,""imu_yaw"":2.8419129848480225,""frame_roll"":0.0,""frame_pitch"":-3.6052095890045166,""frame_yaw"":2.8419129848480225,""pitch_speed"":0.0,""yaw_speed"":0.0}",13.4911861
20942514292100,fov,3391,"{""zoom"":12.339999198913574,""hfov"":7.293355464935303,""vfov"":4.106302738189697,""state"":0,""max_aov_h"":90.0,""max_aov_v"":58.71550750732422,""min_aov_h"":1.40625,""min_aov_v"":0.7910428047180176,""max_zoom"":64.0}",13.4957582
20942514614700,gimbal,3391,"{""imu_roll"":0.0,""imu_pitch"":-3.597674608230591,""imu_yaw"":2.8455135822296143,""frame_roll"":0.0,""frame_pitch"":-3.597674608230591,""frame_yaw"":2.8455135822296143,""pitch_speed"":0.0,""yaw_speed"":0.0}",13.4960808
20942523219100,position,674,"{""message_type"":""GLOBAL_POSITION_INT"",""lat"":469491332,""lon"":393489729}",13.5046852
20942523525400,attitude,1345,"{""message_type"":""ATTITUDE"",""time_boot_ms"":129510,""roll"":0.13035351037979126,""pitch"":-0.5797672867774963,""yaw"":3.1345787048339844,""rollspeed"":0.3631940484046936,""pitchspeed"":0.1823255717754364,""yawspeed"":0.058044206351041794}",13.5049915
20942524006200,vfr,674,"{""message_type"":""VFR_HUD"",""airspeed"":46.47645950317383,""alt"":69.43000030517578}",13.5054723
20942527257600,fov,3392,"{""zoom"":12.339999198913574,""hfov"":7.293355464935303,""vfov"":4.106302738189697,""state"":0,""max_aov_h"":90.0,""max_aov_v"":58.71550750732422,""min_aov_h"":1.40625,""min_aov_v"":0.7910428047180176,""max_zoom"":64.0}",13.5087237
20942527580300,gimbal,3392,"{""imu_roll"":0.0,""imu_pitch"":-3.5900352001190186,""imu_yaw"":2.8380868434906006,""frame_roll"":0.0,""frame_pitch"":-3.5900352001190186,""frame_yaw"":2.8380868434906006,""pitch_speed"":0.0,""yaw_speed"":0.0}",13.5090464
20942546240800,fov,3393,"{""zoom"":12.339999198913574,""hfov"":7.293355464935303,""vfov"":4.106302738189697,""state"":0,""max_aov_h"":90.0,""max_aov_v"":58.71550750732422,""min_aov_h"":1.40625,""min_aov_v"":0.7910428047180176,""max_zoom"":64.0}",13.5277069
20942546606100,gimbal,3393,"{""imu_roll"":0.0,""imu_pitch"":-3.580514907836914,""imu_yaw"":2.803987979888916,""frame_roll"":0.0,""frame_pitch"":-3.580514907836914,""frame_yaw"":2.803987979888916,""pitch_speed"":0.0,""yaw_speed"":0.0}",13.5280722
20942556430900,fov,3394,"{""zoom"":12.339999198913574,""hfov"":7.293355464935303,""vfov"":4.106302738189697,""state"":0,""max_aov_h"":90.0,""max_aov_v"":58.71550750732422,""min_aov_h"":1.40625,""min_aov_v"":0.7910428047180176,""max_zoom"":64.0}",13.537897
20942556786200,gimbal,3394,"{""imu_roll"":0.0,""imu_pitch"":-3.575751781463623,""imu_yaw"":2.7781381607055664,""frame_roll"":0.0,""frame_pitch"":-3.575751781463623,""frame_yaw"":2.7781381607055664,""pitch_speed"":0.0,""yaw_speed"":0.0}",13.5382523
20942569626300,fov,3395,"{""zoom"":12.339999198913574,""hfov"":7.293355464935303,""vfov"":4.106302738189697,""state"":0,""max_aov_h"":90.0,""max_aov_v"":58.71550750732422,""min_aov_h"":1.40625,""min_aov_v"":0.7910428047180176,""max_zoom"":64.0}",13.5510924
20942569932800,gimbal,3395,"{""imu_roll"":0.0,""imu_pitch"":-3.571166753768921,""imu_yaw"":2.7394766807556152,""frame_roll"":0.0,""frame_pitch"":-3.571166753768921,""frame_yaw"":2.7394766807556152,""pitch_speed"":0.0,""yaw_speed"":0.0}",13.5513989
20942572788500,attitude,1346,"{""message_type"":""ATTITUDE"",""time_boot_ms"":129570,""roll"":0.15173891186714172,""pitch"":-0.5698439478874207,""yaw"":3.1399829387664795,""rollspeed"":0.3978620767593384,""pitchspeed"":0.20030954480171204,""yawspeed"":0.06560716032981873}",13.5542546
20942588853600,fov,3396,"{""zoom"":12.339999198913574,""hfov"":7.293355464935303,""vfov"":4.106302738189697,""state"":0,""max_aov_h"":90.0,""max_aov_v"":58.71550750732422,""min_aov_h"":1.40625,""min_aov_v"":0.7910428047180176,""max_zoom"":64.0}",13.5703197
20942589191600,gimbal,3396,"{""imu_roll"":0.0,""imu_pitch"":-3.5644924640655518,""imu_yaw"":2.656067371368408,""frame_roll"":0.0,""frame_pitch"":-3.5644924640655518,""frame_yaw"":2.656067371368408,""pitch_speed"":0.0,""yaw_speed"":0.0}",13.5706577
20942598004500,fov,3397,"{""zoom"":12.339999198913574,""hfov"":7.293355464935303,""vfov"":4.106302738189697,""state"":0,""max_aov_h"":90.0,""max_aov_v"":58.71550750732422,""min_aov_h"":1.40625,""min_aov_v"":0.7910428047180176,""max_zoom"":64.0}",13.5794706
20942598654800,gimbal,3397,"{""imu_roll"":0.0,""imu_pitch"":-3.5618185997009277,""imu_yaw"":2.613901376724243,""frame_roll"":0.0,""frame_pitch"":-3.5618185997009277,""frame_yaw"":2.613901376724243,""pitch_speed"":0.0,""yaw_speed"":0.0}",13.5801209
20942609696300,fov,3398,"{""zoom"":12.339999198913574,""hfov"":7.293355464935303,""vfov"":4.106302738189697,""state"":0,""max_aov_h"":90.0,""max_aov_v"":58.71550750732422,""min_aov_h"":1.40625,""min_aov_v"":0.7910428047180176,""max_zoom"":64.0}",13.5911624
20942609962200,gimbal,3398,"{""imu_roll"":0.0,""imu_pitch"":-3.558980941772461,""imu_yaw"":2.567060947418213,""frame_roll"":0.0,""frame_pitch"":-3.558980941772461,""frame_yaw"":2.567060947418213,""pitch_speed"":0.0,""yaw_speed"":0.0}",13.5914283
20942622985600,attitude,1347,"{""message_type"":""ATTITUDE"",""time_boot_ms"":129610,""roll"":0.1668892353773117,""pitch"":-0.5625869035720825,""yaw"":-3.139145851135254,""rollspeed"":0.41619226336479187,""pitchspeed"":0.20967426896095276,""yawspeed"":0.07017205655574799}",13.6044517
20942623413900,vfr,675,"{""message_type"":""VFR_HUD"",""airspeed"":46.75382995605469,""alt"":66.5199966430664}",13.60488
20942623534000,position,675,"{""message_type"":""GLOBAL_POSITION_INT"",""lat"":469490468,""lon"":393489671}",13.6050001
20942628034100,target_offset,807,"{""x_angle_offset"":0.5925851315259933,""y_angle_offset"":1.627312566615917}",13.6095002
20942633258500,range,1260,"{""message_type"":""GLOBAL_VISION_POSITION_ESTIMATE"",""x"":46.94864273071289,""y"":39.34893035888672}",13.6147246
20942633724500,fov,3399,"{""zoom"":12.339999198913574,""hfov"":7.293355464935303,""vfov"":4.106302738189697,""state"":0,""max_aov_h"":90.0,""max_aov_v"":58.71550750732422,""min_aov_h"":1.40625,""min_aov_v"":0.7910428047180176,""max_zoom"":64.0}",13.6151906
20942633930600,gimbal,3399,"{""imu_roll"":0.0,""imu_pitch"":-3.5548136234283447,""imu_yaw"":2.4771013259887695,""frame_roll"":0.0,""frame_pitch"":-3.5548136234283447,""frame_yaw"":2.4771013259887695,""pitch_speed"":0.0,""yaw_speed"":0.0}",13.6153967
20942640371200,range,1261,"{""message_type"":""GLOBAL_VISION_POSITION_ESTIMATE"",""x"":46.94864273071289,""y"":39.34893035888672}",13.6218373
20942641602100,fov,3400,"{""zoom"":12.339999198913574,""hfov"":7.293355464935303,""vfov"":4.106302738189697,""state"":0,""max_aov_h"":90.0,""max_aov_v"":58.71550750732422,""min_aov_h"":1.40625,""min_aov_v"":0.7910428047180176,""max_zoom"":64.0}",13.6230682
20942641954100,gimbal,3400,"{""imu_roll"":0.0,""imu_pitch"":-3.3539037704467773,""imu_yaw"":2.5448055267333984,""frame_roll"":0.0,""frame_pitch"":-3.3539037704467773,""frame_yaw"":2.5448055267333984,""pitch_speed"":0.0,""yaw_speed"":0.0}",13.6234202
20942653846400,fov,3401,"{""zoom"":12.339999198913574,""hfov"":7.293355464935303,""vfov"":4.106302738189697,""state"":0,""max_aov_h"":90.0,""max_aov_v"":58.71550750732422,""min_aov_h"":1.40625,""min_aov_v"":0.7910428047180176,""max_zoom"":64.0}",13.6353125
20942654282300,gimbal,3401,"{""imu_roll"":0.0,""imu_pitch"":-3.1842899322509766,""imu_yaw"":2.5908522605895996,""frame_roll"":0.0,""frame_pitch"":-3.1842899322509766,""frame_yaw"":2.5908522605895996,""pitch_speed"":0.0,""yaw_speed"":0.0}",13.6357484
20942671643400,target_offset,808,"{""x_angle_offset"":0.721738301217556,""y_angle_offset"":1.81741917486544}",13.6531095
20942677277900,attitude,1348,"{""message_type"":""ATTITUDE"",""time_boot_ms"":129670,""roll"":0.1903981864452362,""pitch"":-0.5512827634811401,""yaw"":-3.1324996948242188,""rollspeed"":0.42946234345436096,""pitchspeed"":0.21170459687709808,""yawspeed"":0.07585218548774719}",13.658744
20942678550100,fov,3402,"{""zoom"":12.339999198913574,""hfov"":7.293355464935303,""vfov"":4.106302738189697,""state"":0,""max_aov_h"":90.0,""max_aov_v"":58.71550750732422,""min_aov_h"":1.40625,""min_aov_v"":0.7910428047180176,""max_zoom"":64.0}",13.6600162
20942678775300,gimbal,3402,"{""imu_roll"":0.0,""imu_pitch"":-2.948608160018921,""imu_yaw"":2.619069814682007,""frame_roll"":0.0,""frame_pitch"":-2.948608160018921,""frame_yaw"":2.619069814682007,""pitch_speed"":0.0,""yaw_speed"":0.0}",13.6602414
20942683245600,fov,3403,"{""zoom"":12.339999198913574,""hfov"":7.293355464935303,""vfov"":4.106302738189697,""state"":0,""max_aov_h"":90.0,""max_aov_v"":58.71550750732422,""min_aov_h"":1.40625,""min_aov_v"":0.7910428047180176,""max_zoom"":64.0}",13.6647117
20942683772600,gimbal,3403,"{""imu_roll"":0.0,""imu_pitch"":-2.7609896659851074,""imu_yaw"":2.6898176670074463,""frame_roll"":0.0,""frame_pitch"":-2.7609896659851074,""frame_yaw"":2.6898176670074463,""pitch_speed"":0.0,""yaw_speed"":0.0}",13.6652387
20942700405300,target_offset,809,"{""x_angle_offset"":0.8964749425649643,""y_angle_offset"":1.9390874041451347}",13.6818714
20942706280100,fov,3404,"{""zoom"":12.339999198913574,""hfov"":7.293355464935303,""vfov"":4.106302738189697,""state"":0,""max_aov_h"":90.0,""max_aov_v"":58.71550750732422,""min_aov_h"":1.40625,""min_aov_v"":0.7910428047180176,""max_zoom"":64.0}",13.6877462
20942706491500,gimbal,3404,"{""imu_roll"":0.0,""imu_pitch"":-2.4924044609069824,""imu_yaw"":2.7525806427001953,""frame_roll"":0.0,""frame_pitch"":-2.4924044609069824,""frame_yaw"":2.7525806427001953,""pitch_speed"":0.0,""yaw_speed"":0.0}",13.6879576
20942710513400,position,676,"{""message_type"":""GLOBAL_POSITION_INT"",""lat"":469490468,""lon"":393489671}",13.6919795
20942710771100,attitude,1349,"{""message_type"":""ATTITUDE"",""time_boot_ms"":129710,""roll"":0.2059173882007599,""pitch"":-0.5438165068626404,""yaw"":-3.1277523040771484,""rollspeed"":0.42382848262786865,""pitchspeed"":0.2142590582370758,""yawspeed"":0.07842321693897247}",13.6922372
20942711297800,vfr,676,"{""message_type"":""VFR_HUD"",""airspeed"":47.021270751953125,""alt"":63.63999938964844}",13.6927639
20942713969300,fov,3405,"{""zoom"":12.339999198913574,""hfov"":7.293355464935303,""vfov"":4.106302738189697,""state"":0,""max_aov_h"":90.0,""max_aov_v"":58.71550750732422,""min_aov_h"":1.40625,""min_aov_v"":0.7910428047180176,""max_zoom"":64.0}",13.6954354
20942714218300,gimbal,3405,"{""imu_roll"":0.0,""imu_pitch"":-2.321094036102295,""imu_yaw"":2.8287906646728516,""frame_roll"":0.0,""frame_pitch"":-2.321094036102295,""frame_yaw"":2.8287906646728516,""pitch_speed"":0.0,""yaw_speed"":0.0}",13.6956844
20942725130800,fov,3406,"{""zoom"":12.339999198913574,""hfov"":7.293355464935303,""vfov"":4.106302738189697,""state"":0,""max_aov_h"":90.0,""max_aov_v"":58.71550750732422,""min_aov_h"":1.40625,""min_aov_v"":0.7910428047180176,""max_zoom"":64.0}",13.7065969
20942725467700,gimbal,3406,"{""imu_roll"":0.0,""imu_pitch"":-2.1480932235717773,""imu_yaw"":2.8938779830932617,""frame_roll"":0.0,""frame_pitch"":-2.1480932235717773,""frame_yaw"":2.8938779830932617,""pitch_speed"":0.0,""yaw_speed"":0.0}",13.7069338
20942743736300,target_offset,810,"{""x_angle_offset"":0.805307999253273,""y_angle_offset"":1.6729381525958025}",13.7252024
20942748887300,fov,3407,"{""zoom"":12.339999198913574,""hfov"":7.293355464935303,""vfov"":4.106302738189697,""state"":0,""max_aov_h"":90.0,""max_aov_v"":58.71550750732422,""min_aov_h"":1.40625,""min_aov_v"":0.7910428047180176,""max_zoom"":64.0}",13.7303534
20942749094400,gimbal,3407,"{""imu_roll"":0.0,""imu_pitch"":-1.8931655883789062,""imu_yaw"":2.977813720703125,""frame_roll"":0.0,""frame_pitch"":-1.8931655883789062,""frame_yaw"":2.977813720703125,""pitch_speed"":0.0,""yaw_speed"":0.0}",13.7305605
20942755513500,fov,3408,"{""zoom"":12.339999198913574,""hfov"":7.293355464935303,""vfov"":4.106302738189697,""state"":0,""max_aov_h"":90.0,""max_aov_v"":58.71550750732422,""min_aov_h"":1.40625,""min_aov_v"":0.7910428047180176,""max_zoom"":64.0}",13.7369796
20942756074000,gimbal,3408,"{""imu_roll"":0.0,""imu_pitch"":-1.7296608686447144,""imu_yaw"":3.0448219776153564,""frame_roll"":0.0,""frame_pitch"":-1.7296608686447144,""frame_yaw"":3.0448219776153564,""pitch_speed"":0.0,""yaw_speed"":0.0}",13.7375401
20942767488700,fov,3409,"{""zoom"":12.339999198913574,""hfov"":7.293355464935303,""vfov"":4.106302738189697,""state"":0,""max_aov_h"":90.0,""max_aov_v"":58.71550750732422,""min_aov_h"":1.40625,""min_aov_v"":0.7910428047180176,""max_zoom"":64.0}",13.7489548
20942767967000,gimbal,3409,"{""imu_roll"":0.0,""imu_pitch"":-1.5750668048858643,""imu_yaw"":3.095123052597046,""frame_roll"":0.0,""frame_pitch"":-1.5750668048858643,""frame_yaw"":3.095123052597046,""pitch_speed"":0.0,""yaw_speed"":0.0}",13.7494331
20942772396400,attitude,1350,"{""message_type"":""ATTITUDE"",""time_boot_ms"":129770,""roll"":0.22760218381881714,""pitch"":-0.5321307182312012,""yaw"":-3.120149612426758,""rollspeed"":0.39053526520729065,""pitchspeed"":0.22874769568443298,""yawspeed"":0.07990969717502594}",13.7538625
20942784131700,target_offset,811,"{""x_angle_offset"":0.9800446406006813,""y_angle_offset"":1.7717935888855545}",13.7655978
20942790515400,range,1262,"{""message_type"":""GLOBAL_VISION_POSITION_ESTIMATE"",""x"":46.94864273071289,""y"":39.34891891479492}",13.7719815
20942791072100,range,1263,"{""message_type"":""GLOBAL_VISION_POSITION_ESTIMATE"",""x"":46.94864273071289,""y"":39.34891891479492}",13.7725382
20942791980000,fov,3410,"{""zoom"":12.339999198913574,""hfov"":7.293355464935303,""vfov"":4.106302738189697,""state"":0,""max_aov_h"":90.0,""max_aov_v"":58.71550750732422,""min_aov_h"":1.40625,""min_aov_v"":0.7910428047180176,""max_zoom"":64.0}",13.7734461
20942792268800,gimbal,3410,"{""imu_roll"":0.0,""imu_pitch"":-1.372437596321106,""imu_yaw"":3.1214208602905273,""frame_roll"":0.0,""frame_pitch"":-1.372437596321106,""frame_yaw"":3.1214208602905273,""pitch_speed"":0.0,""yaw_speed"":0.0}",13.7737349
20942796729000,fov,3411,"{""zoom"":12.339999198913574,""hfov"":7.293355464935303,""vfov"":4.106302738189697,""state"":0,""max_aov_h"":90.0,""max_aov_v"":58.71550750732422,""min_aov_h"":1.40625,""min_aov_v"":0.7910428047180176,""max_zoom"":64.0}",13.7781951
20942797180200,gimbal,3411,"{""imu_roll"":0.0,""imu_pitch"":-1.1987924575805664,""imu_yaw"":3.217338800430298,""frame_roll"":0.0,""frame_pitch"":-1.1987924575805664,""frame_yaw"":3.217338800430298,""pitch_speed"":0.0,""yaw_speed"":0.0}",13.7786463
20942809040700,fov,3412,"{""zoom"":12.339999198913574,""hfov"":7.293355464935303,""vfov"":4.106302738189697,""state"":0,""max_aov_h"":90.0,""max_aov_v"":58.71550750732422,""min_aov_h"":1.40625,""min_aov_v"":0.7910428047180176,""max_zoom"":64.0}",13.7905068
20942809506600,gimbal,3412,"{""imu_roll"":0.0,""imu_pitch"":-1.0381337404251099,""imu_yaw"":3.2956912517547607,""frame_roll"":0.0,""frame_pitch"":-1.0381337404251099,""frame_yaw"":3.2956912517547607,""pitch_speed"":0.0,""yaw_speed"":0.0}",13.7909727
20942810562300,position,677,"{""message_type"":""GLOBAL_POSITION_INT"",""lat"":469489568,""lon"":393489540}",13.7920284
20942810714100,attitude,1351,"{""message_type"":""ATTITUDE"",""time_boot_ms"":129810,""roll"":0.2404775172472,""pitch"":-0.523826003074646,""yaw"":-3.1148030757904053,""rollspeed"":0.35740989446640015,""pitchspeed"":0.24141748249530792,""yawspeed"":0.07942791283130646}",13.7921802
20942810942100,vfr,677,"{""message_type"":""VFR_HUD"",""airspeed"":47.26312255859375,""alt"":60.82999801635742}",13.7924082
20942826295100,target_offset,812,"{""x_angle_offset"":0.8280997350811958,""y_angle_offset"":1.6805424169257834}",13.8077612
20942830820700,fov,3413,"{""zoom"":12.339999198913574,""hfov"":7.293355464935303,""vfov"":4.106302738189697,""state"":0,""max_aov_h"":90.0,""max_aov_v"":58.71550750732422,""min_aov_h"":1.40625,""min_aov_v"":0.7910428047180176,""max_zoom"":64.0}",13.8122868
20942831044600,gimbal,3413,"{""imu_roll"":0.0,""imu_pitch"":-0.8057976961135864,""imu_yaw"":3.3918747901916504,""frame_roll"":0.0,""frame_pitch"":-0.8057976961135864,""frame_yaw"":3.3918747901916504,""pitch_speed"":0.0,""yaw_speed"":0.0}",13.8125107
20942840496500,fov,3414,"{""zoom"":12.339999198913574,""hfov"":7.293355464935303,""vfov"":4.106302738189697,""state"":0,""max_aov_h"":90.0,""max_aov_v"":58.71550750732422,""min_aov_h"":1.40625,""min_aov_v"":0.7910428047180176,""max_zoom"":64.0}",13.8219626
20942840798400,gimbal,3414,"{""imu_roll"":0.0,""imu_pitch"":-0.639807403087616,""imu_yaw"":3.466602325439453,""frame_roll"":0.0,""frame_pitch"":-0.639807403087616,""frame_yaw"":3.466602325439453,""pitch_speed"":0.0,""yaw_speed"":0.0}",13.8222645
20942851498000,fov,3415,"{""zoom"":12.339999198913574,""hfov"":7.293355464935303,""vfov"":4.106302738189697,""state"":0,""max_aov_h"":90.0,""max_aov_v"":58.71550750732422,""min_aov_h"":1.40625,""min_aov_v"":0.7910428047180176,""max_zoom"":64.0}",13.8329641
20942852551100,gimbal,3415,"{""imu_roll"":0.0,""imu_pitch"":-0.4776623547077179,""imu_yaw"":3.525275230407715,""frame_roll"":0.0,""frame_pitch"":-0.4776623547077179,""frame_yaw"":3.525275230407715,""pitch_speed"":0.0,""yaw_speed"":0.0}",13.8340172
20942868653300,target_offset,813,"{""x_angle_offset"":0.638168603181839,""y_angle_offset"":1.6121040379559552}",13.8501194
20942874439500,fov,3416,"{""zoom"":12.339999198913574,""hfov"":7.293355464935303,""vfov"":4.106302738189697,""state"":0,""max_aov_h"":90.0,""max_aov_v"":58.71550750732422,""min_aov_h"":1.40625,""min_aov_v"":0.7910428047180176,""max_zoom"":64.0}",13.8559056
20942874625000,gimbal,3416,"{""imu_roll"":0.0,""imu_pitch"":-0.2655172049999237,""imu_yaw"":3.5674798488616943,""frame_roll"":0.0,""frame_pitch"":-0.2655172049999237,""frame_yaw"":3.5674798488616943,""pitch_speed"":0.0,""yaw_speed"":0.0}",13.8560911
20942880255700,fov,3417,"{""zoom"":12.339999198913574,""hfov"":7.293355464935303,""vfov"":4.106302738189697,""state"":0,""max_aov_h"":90.0,""max_aov_v"":58.71550750732422,""min_aov_h"":1.40625,""min_aov_v"":0.7910428047180176,""max_zoom"":64.0}",13.8617218
20942880614600,gimbal,3417,"{""imu_roll"":0.0,""imu_pitch"":-0.12985184788703918,""imu_yaw"":3.6158459186553955,""frame_roll"":0.0,""frame_pitch"":-0.12985184788703918,""frame_yaw"":3.6158459186553955,""pitch_speed"":0.0,""yaw_speed"":0.0}",13.8620807
20942883200000,attitude,1352,"{""message_type"":""ATTITUDE"",""time_boot_ms"":129870,""roll"":0.25685766339302063,""pitch"":-0.5100629925727844,""yaw"":-3.1064369678497314,""rollspeed"":0.2967662811279297,""pitchspeed"":0.25835859775543213,""yawspeed"":0.07655481994152069}",13.8646661
20942900621100,fov,3418,"{""zoom"":12.339999198913574,""hfov"":7.293355464935303,""vfov"":4.106302738189697,""state"":0,""max_aov_h"":90.0,""max_aov_v"":58.71550750732422,""min_aov_h"":1.40625,""min_aov_v"":0.7910428047180176,""max_zoom"":64.0}",13.8820872
20942900934900,gimbal,3418,"{""imu_roll"":0.0,""imu_pitch"":0.11345966160297394,""imu_yaw"":3.662557363510132,""frame_roll"":0.0,""frame_pitch"":0.11345966160297394,""frame_yaw"":3.662557363510132,""pitch_speed"":0.0,""yaw_speed"":0.0}",13.882401
20942901895000,target_offset,814,"{""x_angle_offset"":0.6001823768019676,""y_angle_offset"":1.8706490251753065}",13.8833611
20942910919200,fov,3419,"{""zoom"":12.339999198913574,""hfov"":7.293355464935303,""vfov"":4.106302738189697,""state"":0,""max_aov_h"":90.0,""max_aov_v"":58.71550750732422,""min_aov_h"":1.40625,""min_aov_v"":0.7910428047180176,""max_zoom"":64.0}",13.8923853
20942911723600,gimbal,3419,"{""imu_roll"":0.0,""imu_pitch"":0.31620997190475464,""imu_yaw"":3.7129039764404297,""frame_roll"":0.0,""frame_pitch"":0.31620997190475464,""frame_yaw"":3.7129039764404297,""pitch_speed"":0.0,""yaw_speed"":0.0}",13.8931897
20942916507300,position,678,"{""message_type"":""GLOBAL_POSITION_INT"",""lat"":469489568,""lon"":393489540}",13.8979734
20942916709300,attitude,1353,"{""message_type"":""ATTITUDE"",""time_boot_ms"":129910,""roll"":0.2656126916408539,""pitch"":-0.5004131197929382,""yaw"":-3.1007699966430664,""rollspeed"":0.25147637724876404,""pitchspeed"":0.2679459750652313,""yawspeed"":0.07334135472774506}",13.8981754
20942916942100,vfr,678,"{""message_type"":""VFR_HUD"",""airspeed"":47.48674774169922,""alt"":58.07999801635742}",13.8984082
20942923720200,fov,3420,"{""zoom"":12.339999198913574,""hfov"":7.293355464935303,""vfov"":4.106302738189697,""state"":0,""max_aov_h"":90.0,""max_aov_v"":58.71550750732422,""min_aov_h"":1.40625,""min_aov_v"":0.7910428047180176,""max_zoom"":64.0}",13.9051863
20942923958800,gimbal,3420,"{""imu_roll"":0.0,""imu_pitch"":0.520501971244812,""imu_yaw"":3.7467780113220215,""frame_roll"":0.0,""frame_pitch"":0.520501971244812,""frame_yaw"":3.7467780113220215,""pitch_speed"":0.0,""yaw_speed"":0.0}",13.9054249
20942943161600,fov,3421,"{""zoom"":12.339999198913574,""hfov"":7.293355464935303,""vfov"":4.106302738189697,""state"":0,""max_aov_h"":90.0,""max_aov_v"":58.71550750732422,""min_aov_h"":1.40625,""min_aov_v"":0.7910428047180176,""max_zoom"":64.0}",13.9246277
20942943817800,gimbal,3421,"{""imu_roll"":0.0,""imu_pitch"":0.8028072118759155,""imu_yaw"":3.7539005279541016,""frame_roll"":0.0,""frame_pitch"":0.8028072118759155,""frame_yaw"":3.7539005279541016,""pitch_speed"":0.0,""yaw_speed"":0.0}",13.9252839
20942954987600,fov,3422,"{""zoom"":12.339999198913574,""hfov"":7.293355464935303,""vfov"":4.106302738189697,""state"":0,""max_aov_h"":90.0,""max_aov_v"":58.71550750732422,""min_aov_h"":1.40625,""min_aov_v"":0.7910428047180176,""max_zoom"":64.0}",13.9364537
20942955412400,gimbal,3422,"{""imu_roll"":0.0,""imu_pitch"":0.938791811466217,""imu_yaw"":3.74685001373291,""frame_roll"":0.0,""frame_pitch"":0.938791811466217,""frame_yaw"":3.74685001373291,""pitch_speed"":0.0,""yaw_speed"":0.0}",13.9368785
20942957076100,range,1264,"{""message_type"":""GLOBAL_VISION_POSITION_ESTIMATE"",""x"":46.948551177978516,""y"":39.3488883972168}",13.9385422
20942966340700,fov,3423,"{""zoom"":12.339999198913574,""hfov"":7.293355464935303,""vfov"":4.106302738189697,""state"":0,""max_aov_h"":90.0,""max_aov_v"":58.71550750732422,""min_aov_h"":1.40625,""min_aov_v"":0.7910428047180176,""max_zoom"":64.0}",13.9478068
20942966646300,gimbal,3423,"{""imu_roll"":0.0,""imu_pitch"":1.0677056312561035,""imu_yaw"":3.7317638397216797,""frame_roll"":0.0,""frame_pitch"":1.0677056312561035,""frame_yaw"":3.7317638397216797,""pitch_speed"":0.0,""yaw_speed"":0.0}",13.9481124
20942976387800,range,1265,"{""message_type"":""GLOBAL_VISION_POSITION_ESTIMATE"",""x"":46.948551177978516,""y"":39.3488883972168}",13.9578539
20942976674400,attitude,1354,"{""message_type"":""ATTITUDE"",""time_boot_ms"":129970,""roll"":0.2755201756954193,""pitch"":-0.4853815734386444,""yaw"":-3.0923047065734863,""rollspeed"":0.18592841923236847,""pitchspeed"":0.27815133333206177,""yawspeed"":0.0672958493232727}",13.9581405
20942983621200,target_offset,815,"{""x_angle_offset"":0.3722650185227394,""y_angle_offset"":1.9542959328050966}",13.9650873
20942989116600,fov,3424,"{""zoom"":12.339999198913574,""hfov"":7.293355464935303,""vfov"":4.106302738189697,""state"":0,""max_aov_h"":90.0,""max_aov_v"":58.71550750732422,""min_aov_h"":1.40625,""min_aov_v"":0.7910428047180176,""max_zoom"":64.0}",13.9705827
20942989361000,gimbal,3424,"{""imu_roll"":0.0,""imu_pitch"":1.2383484840393066,""imu_yaw"":3.669776678085327,""frame_roll"":0.0,""frame_pitch"":1.2383484840393066,""frame_yaw"":3.669776678085327,""pitch_speed"":0.0,""yaw_speed"":0.0}",13.9708271
20942995417600,fov,3425,"{""zoom"":12.339999198913574,""hfov"":7.293355464935303,""vfov"":4.106302738189697,""state"":0,""max_aov_h"":90.0,""max_aov_v"":58.71550750732422,""min_aov_h"":1.40625,""min_aov_v"":0.7910428047180176,""max_zoom"":64.0}",13.9768837
20942995855400,gimbal,3425,"{""imu_roll"":0.0,""imu_pitch"":1.4169477224349976,""imu_yaw"":3.705113172531128,""frame_roll"":0.0,""frame_pitch"":1.4169477224349976,""frame_yaw"":3.705113172531128,""pitch_speed"":0.0,""yaw_speed"":0.0}",13.9773215
20943008023500,fov,3426,"{""zoom"":12.339999198913574,""hfov"":7.293355464935303,""vfov"":4.106302738189697,""state"":0,""max_aov_h"":90.0,""max_aov_v"":58.71550750732422,""min_aov_h"":1.40625,""min_aov_v"":0.7910428047180176,""max_zoom"":64.0}",13.9894896
20943008982200,gimbal,3426,"{""imu_roll"":0.0,""imu_pitch"":1.5986084938049316,""imu_yaw"":3.726010322570801,""frame_roll"":0.0,""frame_pitch"":1.5986084938049316,""frame_yaw"":3.726010322570801,""pitch_speed"":0.0,""yaw_speed"":0.0}",13.9904483
20943010053100,position,679,"{""message_type"":""GLOBAL_POSITION_INT"",""lat"":469489568,""lon"":393489540}",13.9915192
20943010195800,attitude,1355,"{""message_type"":""ATTITUDE"",""time_boot_ms"":130010,""roll"":0.2801516652107239,""pitch"":-0.4751041531562805,""yaw"":-3.0867903232574463,""rollspeed"":0.14510852098464966,""pitchspeed"":0.28149861097335815,""yawspeed"":0.0624607615172863}",13.9916619
20943010523800,vfr,679,"{""message_type"":""VFR_HUD"",""airspeed"":47.697696685791016,""alt"":55.41999816894531}",13.9919899
20943024376400,target_offset,816,"{""x_angle_offset"":0.2962925657629967,""y_angle_offset"":1.9542959328050966}",14.0058425
20943031354700,fov,3427,"{""zoom"":12.339999198913574,""hfov"":7.293355464935303,""vfov"":4.106302738189697,""state"":0,""max_aov_h"":90.0,""max_aov_v"":58.71550750732422,""min_aov_h"":1.40625,""min_aov_v"":0.7910428047180176,""max_zoom"":64.0}",14.0128208
20943031555600,gimbal,3427,"{""imu_roll"":0.0,""imu_pitch"":1.8629701137542725,""imu_yaw"":3.732063055038452,""frame_roll"":0.0,""frame_pitch"":1.8629701137542725,""frame_yaw"":3.732063055038452,""pitch_speed"":0.0,""yaw_speed"":0.0}",14.0130217
20943038760800,fov,3428,"{""zoom"":12.339999198913574,""hfov"":7.293355464935303,""vfov"":4.106302738189697,""state"":0,""max_aov_h"":90.0,""max_aov_v"":58.71550750732422,""min_aov_h"":1.40625,""min_aov_v"":0.7910428047180176,""max_zoom"":64.0}",14.0202269
20943039278500,gimbal,3428,"{""imu_roll"":0.0,""imu_pitch"":2.062619209289551,""imu_yaw"":3.7512779235839844,""frame_roll"":0.0,""frame_pitch"":2.062619209289551,""frame_yaw"":3.7512779235839844,""pitch_speed"":0.0,""yaw_speed"":0.0}",14.0207446
20943049289900,fov,3429,"{""zoom"":12.339999198913574,""hfov"":7.293355464935303,""vfov"":4.106302738189697,""state"":0,""max_aov_h"":90.0,""max_aov_v"":58.71550750732422,""min_aov_h"":1.40625,""min_aov_v"":0.7910428047180176,""max_zoom"":64.0}",14.030756
20943049598100,gimbal,3429,"{""imu_roll"":0.0,""imu_pitch"":2.2315175533294678,""imu_yaw"":3.757946014404297,""frame_roll"":0.0,""frame_pitch"":2.2315175533294678,""frame_yaw"":3.757946014404297,""pitch_speed"":0.0,""yaw_speed"":0.0}",14.0310642
20943067932200,target_offset,817,"{""x_angle_offset"":0.41784849017858505,""y_angle_offset"":1.8858575538352682}",14.0493983
20943072308700,attitude,1356,"{""message_type"":""ATTITUDE"",""time_boot_ms"":130070,""roll"":0.2840571999549866,""pitch"":-0.45978844165802,""yaw"":-3.078667640686035,""rollspeed"":0.09185373038053513,""pitchspeed"":0.27232638001441956,""yawspeed"":0.05482669919729233}",14.0537748
20943073926600,fov,3430,"{""zoom"":12.339999198913574,""hfov"":7.293355464935303,""vfov"":4.106302738189697,""state"":0,""max_aov_h"":90.0,""max_aov_v"":58.71550750732422,""min_aov_h"":1.40625,""min_aov_v"":0.7910428047180176,""max_zoom"":64.0}",14.0553927
20943074151800,gimbal,3430,"{""imu_roll"":0.0,""imu_pitch"":1.75149405002594,""imu_yaw"":4.246102809906006,""frame_roll"":0.0,""frame_pitch"":1.75149405002594,""frame_yaw"":4.246102809906006,""pitch_speed"":0.0,""yaw_speed"":0.0}",14.0556179
20943079545800,fov,3431,"{""zoom"":12.339999198913574,""hfov"":7.293355464935303,""vfov"":4.106302738189697,""state"":0,""max_aov_h"":90.0,""max_aov_v"":58.71550750732422,""min_aov_h"":1.40625,""min_aov_v"":0.7910428047180176,""max_zoom"":64.0}",14.0610119
20943079809600,gimbal,3431,"{""imu_roll"":0.0,""imu_pitch"":2.0096237659454346,""imu_yaw"":4.2295355796813965,""frame_roll"":0.0,""frame_pitch"":2.0096237659454346,""frame_yaw"":4.2295355796813965,""pitch_speed"":0.0,""yaw_speed"":0.0}",14.0612757
20943090813700,fov,3432,"{""zoom"":12.339999198913574,""hfov"":7.293355464935303,""vfov"":4.106302738189697,""state"":0,""max_aov_h"":90.0,""max_aov_v"":58.71550750732422,""min_aov_h"":1.40625,""min_aov_v"":0.7910428047180176,""max_zoom"":64.0}",14.0722798
20943091795000,gimbal,3432,"{""imu_roll"":0.0,""imu_pitch"":2.262721300125122,""imu_yaw"":4.203820705413818,""frame_roll"":0.0,""frame_pitch"":2.262721300125122,""frame_yaw"":4.203820705413818,""pitch_speed"":0.0,""yaw_speed"":0.0}",14.0732611
20943110468500,attitude,1357,"{""message_type"":""ATTITUDE"",""time_boot_ms"":130110,""roll"":0.28515520691871643,""pitch"":-0.4499901831150055,""yaw"":-3.0736026763916016,""rollspeed"":0.06227036193013191,""pitchspeed"":0.25945255160331726,""yawspeed"":0.04938594996929169}",14.0919346
20943110852700,vfr,680,"{""message_type"":""VFR_HUD"",""airspeed"":47.881256103515625,""alt"":52.82999801635742}",14.0923188
20943110957800,position,680,"{""message_type"":""GLOBAL_POSITION_INT"",""lat"":469488631,""lon"":393489344}",14.0924239
20943111242200,fov,3433,"{""zoom"":12.339999198913574,""hfov"":7.293355464935303,""vfov"":4.106302738189697,""state"":0,""max_aov_h"":90.0,""max_aov_v"":58.71550750732422,""min_aov_h"":1.40625,""min_aov_v"":0.7910428047180176,""max_zoom"":64.0}",14.0927083
20943111781600,gimbal,3433,"{""imu_roll"":0.0,""imu_pitch"":2.62375545501709,""imu_yaw"":4.130042552947998,""frame_roll"":0.0,""frame_pitch"":2.62375545501709,""frame_yaw"":4.130042552947998,""pitch_speed"":0.0,""yaw_speed"":0.0}",14.0932477
20943112410300,range,1266,"{""message_type"":""GLOBAL_VISION_POSITION_ESTIMATE"",""x"":46.948463439941406,""y"":39.34885787963867}",14.0938764
20943123075800,fov,3434,"{""zoom"":12.339999198913574,""hfov"":7.293355464935303,""vfov"":4.106302738189697,""state"":0,""max_aov_h"":90.0,""max_aov_v"":58.71550750732422,""min_aov_h"":1.40625,""min_aov_v"":0.7910428047180176,""max_zoom"":64.0}",14.1045419
20943123591300,gimbal,3434,"{""imu_roll"":0.0,""imu_pitch"":2.209808826446533,""imu_yaw"":4.675926685333252,""frame_roll"":0.0,""frame_pitch"":2.209808826446533,""frame_yaw"":4.675926685333252,""pitch_speed"":0.0,""yaw_speed"":0.0}",14.1050574
20943131125000,range,1267,"{""message_type"":""GLOBAL_VISION_POSITION_ESTIMATE"",""x"":46.948463439941406,""y"":39.34885787963867}",14.1125911
20943143326500,fov,3435,"{""zoom"":12.339999198913574,""hfov"":7.293355464935303,""vfov"":4.106302738189697,""state"":0,""max_aov_h"":90.0,""max_aov_v"":58.71550750732422,""min_aov_h"":1.40625,""min_aov_v"":0.7910428047180176,""max_zoom"":64.0}",14.1247926
20943144466600,gimbal,3435,"{""imu_roll"":0.0,""imu_pitch"":1.6758909225463867,""imu_yaw"":5.3535943031311035,""frame_roll"":0.0,""frame_pitch"":1.6758909225463867,""frame_yaw"":5.3535943031311035,""pitch_speed"":0.0,""yaw_speed"":0.0}",14.1259327
20943152899500,fov,3436,"{""zoom"":12.339999198913574,""hfov"":7.293355464935303,""vfov"":4.106302738189697,""state"":0,""max_aov_h"":90.0,""max_aov_v"":58.71550750732422,""min_aov_h"":1.40625,""min_aov_v"":0.7910428047180176,""max_zoom"":64.0}",14.1343656
20943153214700,gimbal,3436,"{""imu_roll"":0.0,""imu_pitch"":1.4227616786956787,""imu_yaw"":5.667454242706299,""frame_roll"":0.0,""frame_pitch"":1.4227616786956787,""frame_yaw"":5.667454242706299,""pitch_speed"":0.0,""yaw_speed"":0.0}",14.1346808
20943165305000,fov,3437,"{""zoom"":12.339999198913574,""hfov"":7.293355464935303,""vfov"":4.106302738189697,""state"":0,""max_aov_h"":90.0,""max_aov_v"":58.71550750732422,""min_aov_h"":1.40625,""min_aov_v"":0.7910428047180176,""max_zoom"":64.0}",14.1467711
20943165726600,gimbal,3437,"{""imu_roll"":0.0,""imu_pitch"":1.0455117225646973,""imu_yaw"":6.492672920227051,""frame_roll"":0.0,""frame_pitch"":1.0455117225646973,""frame_yaw"":6.492672920227051,""pitch_speed"":0.0,""yaw_speed"":0.0}",14.1471927
20943169044300,attitude,1358,"{""message_type"":""ATTITUDE"",""time_boot_ms"":130170,""roll"":0.2854141891002655,""pitch"":-0.4364889860153198,""yaw"":-3.066885232925415,""rollspeed"":0.027998752892017365,""pitchspeed"":0.23016753792762756,""yawspeed"":0.04126867279410362}",14.1505104
20943183054700,target_offset,818,"{""x_angle_offset"":0.38745950907468796,""y_angle_offset"":1.8706490251753065}",14.1645208
20943187551900,fov,3438,"{""zoom"":12.339999198913574,""hfov"":7.293355464935303,""vfov"":4.106302738189697,""state"":0,""max_aov_h"":90.0,""max_aov_v"":58.71550750732422,""min_aov_h"":1.40625,""min_aov_v"":0.7910428047180176,""max_zoom"":64.0}",14.169018
20943187792800,gimbal,3438,"{""imu_roll"":0.0,""imu_pitch"":0.5407949090003967,""imu_yaw"":7.578648567199707,""frame_roll"":0.0,""frame_pitch"":0.5407949090003967,""frame_yaw"":7.578648567199707,""pitch_speed"":0.0,""yaw_speed"":0.0}",14.1692589
20943197285200,fov,3439,"{""zoom"":12.339999198913574,""hfov"":7.293355464935303,""vfov"":4.106302738189697,""state"":0,""max_aov_h"":90.0,""max_aov_v"":58.71550750732422,""min_aov_h"":1.40625,""min_aov_v"":0.7910428047180176,""max_zoom"":64.0}",14.1787513
20943197594700,gimbal,3439,"{""imu_roll"":0.0,""imu_pitch"":0.8182550668716431,""imu_yaw"":7.490805149078369,""frame_roll"":0.0,""frame_pitch"":0.8182550668716431,""frame_yaw"":7.490805149078369,""pitch_speed"":0.0,""yaw_speed"":0.0}",14.1790608
20943208465100,fov,3440,"{""zoom"":12.339999198913574,""hfov"":7.293355464935303,""vfov"":4.106302738189697,""state"":0,""max_aov_h"":90.0,""max_aov_v"":58.71550750732422,""min_aov_h"":1.40625,""min_aov_v"":0.7910428047180176,""max_zoom"":64.0}",14.1899312
20943208851700,gimbal,3440,"{""imu_roll"":0.0,""imu_pitch"":1.0721590518951416,""imu_yaw"":7.401394844055176,""frame_roll"":0.0,""frame_pitch"":1.0721590518951416,""frame_yaw"":7.401394844055176,""pitch_speed"":0.0,""yaw_speed"":0.0}",14.1903178
20943216479700,position,681,"{""message_type"":""GLOBAL_POSITION_INT"",""lat"":469488631,""lon"":393489344}",14.1979458
20943216668100,attitude,1359,"{""message_type"":""ATTITUDE"",""time_boot_ms"":130210,""roll"":0.2850070297718048,""pitch"":-0.42848730087280273,""yaw"":-3.0630569458007812,""rollspeed"":0.012593488208949566,""pitchspeed"":0.20647569000720978,""yawspeed"":0.035886000841856}",14.1981342
20943217300500,vfr,681,"{""message_type"":""VFR_HUD"",""airspeed"":48.045654296875,""alt"":50.36000061035156}",14.1987666
20943230238900,fov,3441,"{""zoom"":12.339999198913574,""hfov"":7.293355464935303,""vfov"":4.106302738189697,""state"":0,""max_aov_h"":90.0,""max_aov_v"":58.71550750732422,""min_aov_h"":1.40625,""min_aov_v"":0.7910428047180176,""max_zoom"":64.0}",14.211705
20943230565000,gimbal,3441,"{""imu_roll"":0.0,""imu_pitch"":0.1462687849998474,""imu_yaw"":9.717050552368164,""frame_roll"":0.0,""frame_pitch"":0.1462687849998474,""frame_yaw"":9.717050552368164,""pitch_speed"":0.0,""yaw_speed"":0.0}",14.2120311
20943239475600,fov,3442,"{""zoom"":12.339999198913574,""hfov"":7.293355464935303,""vfov"":4.106302738189697,""state"":0,""max_aov_h"":90.0,""max_aov_v"":58.71550750732422,""min_aov_h"":1.40625,""min_aov_v"":0.7910428047180176,""max_zoom"":64.0}",14.2209417
20943240021600,gimbal,3442,"{""imu_roll"":0.0,""imu_pitch"":-0.2736629843711853,""imu_yaw"":10.726117134094238,""frame_roll"":0.0,""frame_pitch"":-0.2736629843711853,""frame_yaw"":10.726117134094238,""pitch_speed"":0.0,""yaw_speed"":0.0}",14.2214877
20943251789600,fov,3443,"{""zoom"":12.339999198913574,""hfov"":7.293355464935303,""vfov"":4.106302738189697,""state"":0,""max_aov_h"":90.0,""max_aov_v"":58.71550750732422,""min_aov_h"":1.40625,""min_aov_v"":0.7910428047180176,""max_zoom"":64.0}",14.2332557
20943252168500,gimbal,3443,"{""imu_roll"":0.0,""imu_pitch"":-0.702627956867218,""imu_yaw"":11.426939964294434,""frame_roll"":0.0,""frame_pitch"":-0.702627956867218,""frame_yaw"":11.426939964294434,""pitch_speed"":0.0,""yaw_speed"":0.0}",14.2336346
20943268931300,range,1268,"{""message_type"":""GLOBAL_VISION_POSITION_ESTIMATE"",""x"":46.9484748840332,""y"":39.34876251220703}",14.2503974
20943272559500,fov,3444,"{""zoom"":12.339999198913574,""hfov"":7.293355464935303,""vfov"":4.106302738189697,""state"":0,""max_aov_h"":90.0,""max_aov_v"":58.71550750732422,""min_aov_h"":1.40625,""min_aov_v"":0.7910428047180176,""max_zoom"":64.0}",14.2540256
20943272910800,gimbal,3444,"{""imu_roll"":0.0,""imu_pitch"":2.3922476768493652,""imu_yaw"":15.02051067352295,""frame_roll"":0.0,""frame_pitch"":2.3922476768493652,""frame_yaw"":15.02051067352295,""pitch_speed"":0.0,""yaw_speed"":0.0}",14.2543769
20943276218500,attitude,1360,"{""message_type"":""ATTITUDE"",""time_boot_ms"":130270,""roll"":-0.029033062979578972,""pitch"":0.14234495162963867,""yaw"":-2.915639638900757,""rollspeed"":-11.107244491577148,""pitchspeed"":16.09642219543457,""yawspeed"":2.615595817565918}",14.2576846
20943276574200,range,1269,"{""message_type"":""GLOBAL_VISION_POSITION_ESTIMATE"",""x"":46.9484748840332,""y"":39.34876251220703}",14.2580403
20943297548900,fov,3445,"{""zoom"":12.339999198913574,""hfov"":7.293355464935303,""vfov"":4.106302738189697,""state"":0,""max_aov_h"":90.0,""max_aov_v"":58.71550750732422,""min_aov_h"":1.40625,""min_aov_v"":0.7910428047180176,""max_zoom"":64.0}",14.279015
20943297917100,gimbal,3445,"{""imu_roll"":0.0,""imu_pitch"":5.430845260620117,""imu_yaw"":18.548734664916992,""frame_roll"":0.0,""frame_pitch"":5.430845260620117,""frame_yaw"":18.548734664916992,""pitch_speed"":0.0,""yaw_speed"":0.0}",14.2793832
20943314129000,fov,3446,"{""zoom"":12.339999198913574,""hfov"":7.293355464935303,""vfov"":4.106302738189697,""state"":0,""max_aov_h"":90.0,""max_aov_v"":58.71550750732422,""min_aov_h"":1.40625,""min_aov_v"":0.7910428047180176,""max_zoom"":64.0}",14.2955951
20943314486600,gimbal,3446,"{""imu_roll"":0.0,""imu_pitch"":7.322331428527832,""imu_yaw"":20.745006561279297,""frame_roll"":0.0,""frame_pitch"":7.322331428527832,""frame_yaw"":20.745006561279297,""pitch_speed"":0.0,""yaw_speed"":0.0}",14.2959527
20943322311900,position,682,"{""message_type"":""GLOBAL_POSITION_INT"",""lat"":469487536,""lon"":393488705}",14.303778
20943322546700,attitude,1361,"{""message_type"":""ATTITUDE"",""time_boot_ms"":130310,""roll"":-0.1369268298149109,""pitch"":0.5071502923965454,""yaw"":-2.887277126312256,""rollspeed"":-1.9388068914413452,""pitchspeed"":8.03085994720459,""yawspeed"":1.2153815031051636}",14.3040128
20943322907200,vfr,682,"{""message_type"":""VFR_HUD"",""airspeed"":46.70661544799805,""alt"":48.0}",14.3043733
20943336727500,fov,3447,"{""zoom"":12.339999198913574,""hfov"":7.293355464935303,""vfov"":4.106302738189697,""state"":0,""max_aov_h"":90.0,""max_aov_v"":58.71550750732422,""min_aov_h"":1.40625,""min_aov_v"":0.7910428047180176,""max_zoom"":64.0}",14.3181936
20943337032600,gimbal,3447,"{""imu_roll"":0.0,""imu_pitch"":9.032096862792969,""imu_yaw"":22.730276107788086,""frame_roll"":0.0,""frame_pitch"":9.032096862792969,""frame_yaw"":22.730276107788086,""pitch_speed"":0.0,""yaw_speed"":0.0}",14.3184987
20943354514300,fov,3448,"{""zoom"":12.339999198913574,""hfov"":7.293355464935303,""vfov"":4.106302738189697,""state"":0,""max_aov_h"":90.0,""max_aov_v"":58.71550750732422,""min_aov_h"":1.40625,""min_aov_v"":0.7910428047180176,""max_zoom"":64.0}",14.3359804
20943355431400,gimbal,3448,"{""imu_roll"":0.0,""imu_pitch"":10.181743621826172,""imu_yaw"":24.06517219543457,""frame_roll"":0.0,""frame_pitch"":10.181743621826172,""frame_yaw"":24.06517219543457,""pitch_speed"":0.0,""yaw_speed"":0.0}",14.3368975
20943373235900,fov,3449,"{""zoom"":12.339999198913574,""hfov"":7.293355464935303,""vfov"":4.106302738189697,""state"":0,""max_aov_h"":90.0,""max_aov_v"":58.71550750732422,""min_aov_h"":1.40625,""min_aov_v"":0.7910428047180176,""max_zoom"":64.0}",14.354702
20943373688600,gimbal,3449,"{""imu_roll"":0.0,""imu_pitch"":11.072813987731934,""imu_yaw"":25.09982681274414,""frame_roll"":0.0,""frame_pitch"":11.072813987731934,""frame_yaw"":25.09982681274414,""pitch_speed"":0.0,""yaw_speed"":0.0}",14.3551547
20943389875800,fov,3450,"{""zoom"":12.339999198913574,""hfov"":7.293355464935303,""vfov"":4.106302738189697,""state"":0,""max_aov_h"":90.0,""max_aov_v"":58.71550750732422,""min_aov_h"":1.40625,""min_aov_v"":0.7910428047180176,""max_zoom"":64.0}",14.3713419
20943390250800,attitude,1362,"{""message_type"":""ATTITUDE"",""time_boot_ms"":130370,""roll"":-0.2982959449291229,""pitch"":0.9997382164001465,""yaw"":-2.9120242595672607,""rollspeed"":-2.582697868347168,""pitchspeed"":7.626852035522461,""yawspeed"":1.3591699600219727}",14.3717169
20943390862200,gimbal,3450,"{""imu_roll"":0.0,""imu_pitch"":11.848360061645508,""imu_yaw"":26.000341415405273,""frame_roll"":0.0,""frame_pitch"":11.848360061645508,""frame_yaw"":26.000341415405273,""pitch_speed"":0.0,""yaw_speed"":0.0}",14.3723283
20943402713900,fov,3451,"{""zoom"":12.339999198913574,""hfov"":7.293355464935303,""vfov"":4.106302738189697,""state"":0,""max_aov_h"":90.0,""max_aov_v"":58.71550750732422,""min_aov_h"":1.40625,""min_aov_v"":0.7910428047180176,""max_zoom"":64.0}",14.38418
20943403386100,gimbal,3451,"{""imu_roll"":0.0,""imu_pitch"":12.226192474365234,""imu_yaw"":26.439056396484375,""frame_roll"":0.0,""frame_pitch"":12.226192474365234,""frame_yaw"":26.439056396484375,""pitch_speed"":0.0,""yaw_speed"":0.0}",14.3848522
20943418117600,fov,3452,"{""zoom"":12.339999198913574,""hfov"":7.293355464935303,""vfov"":4.106302738189697,""state"":0,""max_aov_h"":90.0,""max_aov_v"":58.71550750732422,""min_aov_h"":1.40625,""min_aov_v"":0.7910428047180176,""max_zoom"":64.0}",14.3995837
20943418418400,gimbal,3452,"{""imu_roll"":0.0,""imu_pitch"":12.759614944458008,""imu_yaw"":27.058433532714844,""frame_roll"":0.0,""frame_pitch"":12.759614944458008,""frame_yaw"":27.058433532714844,""pitch_speed"":0.0,""yaw_speed"":0.0}",14.3998845
20943428946000,fov,3453,"{""zoom"":12.339999198913574,""hfov"":7.293355464935303,""vfov"":4.106302738189697,""state"":0,""max_aov_h"":90.0,""max_aov_v"":58.71550750732422,""min_aov_h"":1.40625,""min_aov_v"":0.7910428047180176,""max_zoom"":64.0}",14.4104121
20943429349800,gimbal,3453,"{""imu_roll"":0.0,""imu_pitch"":13.011285781860352,""imu_yaw"":27.350658416748047,""frame_roll"":0.0,""frame_pitch"":13.011285781860352,""frame_yaw"":27.350658416748047,""pitch_speed"":0.0,""yaw_speed"":0.0}",14.4108159
20943435749800,vfr,683,"{""message_type"":""VFR_HUD"",""airspeed"":42.13029479980469,""alt"":48.43000030517578}",14.4172159
20943436005200,position,683,"{""message_type"":""GLOBAL_POSITION_INT"",""lat"":469487536,""lon"":393488705}",14.4174713
20943436134500,attitude,1363,"{""message_type"":""ATTITUDE"",""time_boot_ms"":130410,""roll"":-0.5531228184700012,""pitch"":1.2990295886993408,""yaw"":-3.0755839347839355,""rollspeed"":-2.7030858993530273,""pitchspeed"":7.144752502441406,""yawspeed"":1.4121887683868408}",14.4176006
20943436770500,fov,3454,"{""zoom"":12.339999198913574,""hfov"":7.293355464935303,""vfov"":4.106302738189697,""state"":0,""max_aov_h"":90.0,""max_aov_v"":58.71550750732422,""min_aov_h"":1.40625,""min_aov_v"":0.7910428047180176,""max_zoom"":64.0}",14.4182366
20943437159200,gimbal,3454,"{""imu_roll"":0.0,""imu_pitch"":13.191123008728027,""imu_yaw"":27.55947494506836,""frame_roll"":0.0,""frame_pitch"":13.191123008728027,""frame_yaw"":27.55947494506836,""pitch_speed"":0.0,""yaw_speed"":0.0}",14.4186253
20943438369600,range,1270,"{""message_type"":""GLOBAL_VISION_POSITION_ESTIMATE"",""x"":46.82915496826172,""y"":38.78315353393555}",14.4198357
20943453639400,fov,3455,"{""zoom"":12.339999198913574,""hfov"":7.293355464935303,""vfov"":4.106302738189697,""state"":0,""max_aov_h"":90.0,""max_aov_v"":58.71550750732422,""min_aov_h"":1.40625,""min_aov_v"":0.7910428047180176,""max_zoom"":64.0}",14.4351055
20943454088500,gimbal,3455,"{""imu_roll"":0.0,""imu_pitch"":13.548762321472168,""imu_yaw"":27.974742889404297,""frame_roll"":0.0,""frame_pitch"":13.548762321472168,""frame_yaw"":27.974742889404297,""pitch_speed"":0.0,""yaw_speed"":0.0}",14.4355546
20943455340800,range,1271,"{""message_type"":""GLOBAL_VISION_POSITION_ESTIMATE"",""x"":46.82915496826172,""y"":38.78315353393555}",14.4368069
20943463275200,fov,3456,"{""zoom"":12.339999198913574,""hfov"":7.293355464935303,""vfov"":4.106302738189697,""state"":0,""max_aov_h"":90.0,""max_aov_v"":58.71550750732422,""min_aov_h"":1.40625,""min_aov_v"":0.7910428047180176,""max_zoom"":64.0}",14.4447413
20943463587200,gimbal,3456,"{""imu_roll"":0.0,""imu_pitch"":13.705409049987793,""imu_yaw"":28.156631469726562,""frame_roll"":0.0,""frame_pitch"":13.705409049987793,""frame_yaw"":28.156631469726562,""pitch_speed"":0.0,""yaw_speed"":0.0}",14.4450533
20943473549900,fov,3457,"{""zoom"":12.339999198913574,""hfov"":7.293355464935303,""vfov"":4.106302738189697,""state"":0,""max_aov_h"":90.0,""max_aov_v"":58.71550750732422,""min_aov_h"":1.40625,""min_aov_v"":0.7910428047180176,""max_zoom"":64.0}",14.455016
20943473995800,gimbal,3457,"{""imu_roll"":0.0,""imu_pitch"":13.881522178649902,""imu_yaw"":28.361122131347656,""frame_roll"":0.0,""frame_pitch"":13.881522178649902,""frame_yaw"":28.361122131347656,""pitch_speed"":0.0,""yaw_speed"":0.0}",14.4554619
20943487384800,fov,3458,"{""zoom"":12.339999198913574,""hfov"":7.293355464935303,""vfov"":4.106302738189697,""state"":0,""max_aov_h"":90.0,""max_aov_v"":58.71550750732422,""min_aov_h"":1.40625,""min_aov_v"":0.7910428047180176,""max_zoom"":64.0}",14.4688509
20943487729000,gimbal,3458,"{""imu_roll"":0.0,""imu_pitch"":14.080565452575684,""imu_yaw"":28.59223747253418,""frame_roll"":0.0,""frame_pitch"":14.080565452575684,""frame_yaw"":28.59223747253418,""pitch_speed"":0.0,""yaw_speed"":0.0}",14.4691951
20943496157800,fov,3459,"{""zoom"":12.339999198913574,""hfov"":7.293355464935303,""vfov"":4.106302738189697,""state"":0,""max_aov_h"":90.0,""max_aov_v"":58.71550750732422,""min_aov_h"":1.40625,""min_aov_v"":0.7910428047180176,""max_zoom"":64.0}",14.4776239
20943496435800,gimbal,3459,"{""imu_roll"":0.0,""imu_pitch"":14.192011833190918,""imu_yaw"":28.721641540527344,""frame_roll"":0.0,""frame_pitch"":14.192011833190918,""frame_yaw"":28.721641540527344,""pitch_speed"":0.0,""yaw_speed"":0.0}",14.4779019
20943499056800,attitude,1364,"{""message_type"":""ATTITUDE"",""time_boot_ms"":130470,""roll"":-2.900768518447876,""pitch"":1.3671226501464844,""yaw"":1.0056263208389282,""rollspeed"":-2.867708444595337,""pitchspeed"":6.45585298538208,""yawspeed"":1.4849820137023926}",14.4805229
20943507178600,fov,3460,"{""zoom"":12.339999198913574,""hfov"":7.293355464935303,""vfov"":4.106302738189697,""state"":0,""max_aov_h"":90.0,""max_aov_v"":58.71550750732422,""min_aov_h"":1.40625,""min_aov_v"":0.7910428047180176,""max_zoom"":64.0}",14.4886447
20943507617300,gimbal,3460,"{""imu_roll"":0.0,""imu_pitch"":14.310349464416504,""imu_yaw"":28.859046936035156,""frame_roll"":0.0,""frame_pitch"":14.310349464416504,""frame_yaw"":28.859046936035156,""pitch_speed"":0.0,""yaw_speed"":0.0}",14.4890834
20943519545600,fov,3461,"{""zoom"":12.339999198913574,""hfov"":7.293355464935303,""vfov"":4.106302738189697,""state"":0,""max_aov_h"":90.0,""max_aov_v"":58.71550750732422,""min_aov_h"":1.40625,""min_aov_v"":0.7910428047180176,""max_zoom"":64.0}",14.5010117
20943519994900,gimbal,3461,"{""imu_roll"":0.0,""imu_pitch"":14.425728797912598,""imu_yaw"":28.993017196655273,""frame_roll"":0.0,""frame_pitch"":14.425728797912598,""frame_yaw"":28.993017196655273,""pitch_speed"":0.0,""yaw_speed"":0.0}",14.501461
20943532805200,fov,3462,"{""zoom"":12.339999198913574,""hfov"":7.293355464935303,""vfov"":4.106302738189697,""state"":0,""max_aov_h"":90.0,""max_aov_v"":58.71550750732422,""min_aov_h"":1.40625,""min_aov_v"":0.7910428047180176,""max_zoom"":64.0}",14.5142713
20943533128000,gimbal,3462,"{""imu_roll"":0.0,""imu_pitch"":14.540826797485352,""imu_yaw"":29.12666130065918,""frame_roll"":0.0,""frame_pitch"":14.540826797485352,""frame_yaw"":29.12666130065918,""pitch_speed"":0.0,""yaw_speed"":0.0}",14.5145941
20943541184900,fov,3463,"{""zoom"":12.339999198913574,""hfov"":7.293355464935303,""vfov"":4.106302738189697,""state"":0,""max_aov_h"":90.0,""max_aov_v"":58.71550750732422,""min_aov_h"":1.40625,""min_aov_v"":0.7910428047180176,""max_zoom"":64.0}",14.522651
20943541613700,gimbal,3463,"{""imu_roll"":0.0,""imu_pitch"":14.605440139770508,""imu_yaw"":29.20168685913086,""frame_roll"":0.0,""frame_pitch"":14.605440139770508,""frame_yaw"":29.20168685913086,""pitch_speed"":0.0,""yaw_speed"":0.0}",14.5230798
20943542822000,vfr,684,"{""message_type"":""VFR_HUD"",""airspeed"":38.08196258544922,""alt"":49.529998779296875}",14.5242881
20943543008600,position,684,"{""message_type"":""GLOBAL_POSITION_INT"",""lat"":469490741,""lon"":393490150}",14.5244747
20943543142200,attitude,1365,"{""message_type"":""ATTITUDE"",""time_boot_ms"":130510,""roll"":3.0043911933898926,""pitch"":1.1061705350875854,""yaw"":0.7375612258911133,""rollspeed"":-2.969456195831299,""pitchspeed"":6.030473709106445,""yawspeed"":1.5343846082687378}",14.5246083
20943551923900,fov,3464,"{""zoom"":12.339999198913574,""hfov"":7.293355464935303,""vfov"":4.106302738189697,""state"":0,""max_aov_h"":90.0,""max_aov_v"":58.71550750732422,""min_aov_h"":1.40625,""min_aov_v"":0.7910428047180176,""max_zoom"":64.0}",14.53339
20943552514000,gimbal,3464,"{""imu_roll"":0.0,""imu_pitch"":14.679793357849121,""imu_yaw"":29.288021087646484,""frame_roll"":0.0,""frame_pitch"":14.679793357849121,""frame_yaw"":29.288021087646484,""pitch_speed"":0.0,""yaw_speed"":0.0}",14.5339801
20943566729000,fov,3465,"{""zoom"":12.339999198913574,""hfov"":7.293355464935303,""vfov"":4.106302738189697,""state"":0,""max_aov_h"":90.0,""max_aov_v"":58.71550750732422,""min_aov_h"":1.40625,""min_aov_v"":0.7910428047180176,""max_zoom"":64.0}",14.5481951
20943567170900,gimbal,3465,"{""imu_roll"":0.0,""imu_pitch"":14.773451805114746,""imu_yaw"":29.396770477294922,""frame_roll"":0.0,""frame_pitch"":14.773451805114746,""frame_yaw"":29.396770477294922,""pitch_speed"":0.0,""yaw_speed"":0.0}",14.548637
20943574596500,fov,3466,"{""zoom"":12.339999198913574,""hfov"":7.293355464935303,""vfov"":4.106302738189697,""state"":0,""max_aov_h"":90.0,""max_aov_v"":58.71550750732422,""min_aov_h"":1.40625,""min_aov_v"":0.7910428047180176,""max_zoom"":64.0}",14.5560626
20943574904300,gimbal,3466,"{""imu_roll"":0.0,""imu_pitch"":14.813830375671387,""imu_yaw"":29.443655014038086,""frame_roll"":0.0,""frame_pitch"":14.813830375671387,""frame_yaw"":29.443655014038086,""pitch_speed"":0.0,""yaw_speed"":0.0}",14.5563704
20943584988200,fov,3467,"{""zoom"":12.339999198913574,""hfov"":7.293355464935303,""vfov"":4.106302738189697,""state"":0,""max_aov_h"":90.0,""max_aov_v"":58.71550750732422,""min_aov_h"":1.40625,""min_aov_v"":0.7910428047180176,""max_zoom"":64.0}",14.5664543
20943585294200,gimbal,3467,"{""imu_roll"":0.0,""imu_pitch"":14.862338066101074,""imu_yaw"":29.49997901916504,""frame_roll"":0.0,""frame_pitch"":14.862338066101074,""frame_yaw"":29.49997901916504,""pitch_speed"":0.0,""yaw_speed"":0.0}",14.5667603
20943593536000,range,1272,"{""message_type"":""GLOBAL_VISION_POSITION_ESTIMATE"",""x"":47.314308166503906,""y"":39.092811584472656}",14.5750021
20943596188900,fov,3468,"{""zoom"":12.339999198913574,""hfov"":7.293355464935303,""vfov"":4.106302738189697,""state"":0,""max_aov_h"":90.0,""max_aov_v"":58.71550750732422,""min_aov_h"":1.40625,""min_aov_v"":0.7910428047180176,""max_zoom"":64.0}",14.577655
20943596723900,gimbal,3468,"{""imu_roll"":0.0,""imu_pitch"":14.911954879760742,""imu_yaw"":29.55759048461914,""frame_roll"":0.0,""frame_pitch"":14.911954879760742,""frame_yaw"":29.55759048461914,""pitch_speed"":0.0,""yaw_speed"":0.0}",14.57819
20943603576400,range,1273,"{""message_type"":""GLOBAL_VISION_POSITION_ESTIMATE"",""x"":47.314308166503906,""y"":39.092811584472656}",14.5850425
20943603751600,attitude,1366,"{""message_type"":""ATTITUDE"",""time_boot_ms"":130570,""roll"":2.787673234939575,""pitch"":0.7233285903930664,""yaw"":0.705997109413147,""rollspeed"":-3.035127639770508,""pitchspeed"":5.515172481536865,""yawspeed"":1.6155451536178589}",14.5852177
20943608895300,fov,3469,"{""zoom"":12.339999198913574,""hfov"":7.293355464935303,""vfov"":4.106302738189697,""state"":0,""max_aov_h"":90.0,""max_aov_v"":58.71550750732422,""min_aov_h"":1.40625,""min_aov_v"":0.7910428047180176,""max_zoom"":64.0}",14.5903614
20943609280700,gimbal,3469,"{""imu_roll"":0.0,""imu_pitch"":14.960091590881348,""imu_yaw"":29.613483428955078,""frame_roll"":0.0,""frame_pitch"":14.960091590881348,""frame_yaw"":29.613483428955078,""pitch_speed"":0.0,""yaw_speed"":0.0}",14.5907468
20943616640000,fov,3470,"{""zoom"":12.339999198913574,""hfov"":7.293355464935303,""vfov"":4.106302738189697,""state"":0,""max_aov_h"":90.0,""max_aov_v"":58.71550750732422,""min_aov_h"":1.40625,""min_aov_v"":0.7910428047180176,""max_zoom"":64.0}",14.5981061
20943617125900,gimbal,3470,"{""imu_roll"":0.0,""imu_pitch"":14.988239288330078,""imu_yaw"":29.64616584777832,""frame_roll"":0.0,""frame_pitch"":14.988239288330078,""frame_yaw"":29.64616584777832,""pitch_speed"":0.0,""yaw_speed"":0.0}",14.598592
20943628245400,fov,3471,"{""zoom"":12.339999198913574,""hfov"":7.293355464935303,""vfov"":4.106302738189697,""state"":0,""max_aov_h"":90.0,""max_aov_v"":58.71550750732422,""min_aov_h"":1.40625,""min_aov_v"":0.7910428047180176,""max_zoom"":64.0}",14.6097115
20943628545600,gimbal,3471,"{""imu_roll"":0.0,""imu_pitch"":15.021112442016602,""imu_yaw"":29.684337615966797,""frame_roll"":0.0,""frame_pitch"":15.021112442016602,""frame_yaw"":29.684337615966797,""pitch_speed"":0.0,""yaw_speed"":0.0}",14.6100117
20943640123800,fov,3472,"{""zoom"":12.339999198913574,""hfov"":7.293355464935303,""vfov"":4.106302738189697,""state"":0,""max_aov_h"":90.0,""max_aov_v"":58.71550750732422,""min_aov_h"":1.40625,""min_aov_v"":0.7910428047180176,""max_zoom"":64.0}",14.6215899
20943640512700,gimbal,3472,"{""imu_roll"":0.0,""imu_pitch"":15.052186012268066,""imu_yaw"":29.72041893005371,""frame_roll"":0.0,""frame_pitch"":15.052186012268066,""frame_yaw"":29.72041893005371,""pitch_speed"":0.0,""yaw_speed"":0.0}",14.6219788
20943646484000,attitude,1367,"{""message_type"":""ATTITUDE"",""time_boot_ms"":130610,""roll"":2.6740570068359375,""pitch"":0.48529118299484253,""yaw"":0.7354308366775513,""rollspeed"":-3.097642421722412,""pitchspeed"":5.1783552169799805,""yawspeed"":1.6648774147033691}",14.6279501
20943646927100,vfr,685,"{""message_type"":""VFR_HUD"",""airspeed"":34.366065979003906,""alt"":50.56999969482422}",14.6283932
20943647083000,position,685,"{""message_type"":""GLOBAL_POSITION_INT"",""lat"":469490741,""lon"":393490150}",14.6285491
20943652366400,fov,3473,"{""zoom"":12.339999198913574,""hfov"":7.293355464935303,""vfov"":4.106302738189697,""state"":0,""max_aov_h"":90.0,""max_aov_v"":58.71550750732422,""min_aov_h"":1.40625,""min_aov_v"":0.7910428047180176,""max_zoom"":64.0}",14.6338325
20943652645800,gimbal,3473,"{""imu_roll"":0.0,""imu_pitch"":15.083267211914062,""imu_yaw"":29.756507873535156,""frame_roll"":0.0,""frame_pitch"":15.083267211914062,""frame_yaw"":29.756507873535156,""pitch_speed"":0.0,""yaw_speed"":0.0}",14.6341119
20943660862100,fov,3474,"{""zoom"":12.339999198913574,""hfov"":7.293355464935303,""vfov"":4.106302738189697,""state"":0,""max_aov_h"":90.0,""max_aov_v"":58.71550750732422,""min_aov_h"":1.40625,""min_aov_v"":0.7910428047180176,""max_zoom"":64.0}",14.6423282
20943661436900,gimbal,3474,"{""imu_roll"":0.0,""imu_pitch"":15.101924896240234,""imu_yaw"":29.77817153930664,""frame_roll"":0.0,""frame_pitch"":15.101924896240234,""frame_yaw"":29.77817153930664,""pitch_speed"":0.0,""yaw_speed"":0.0}",14.642903
20943674139300,fov,3475,"{""zoom"":12.339999198913574,""hfov"":7.293355464935303,""vfov"":4.106302738189697,""state"":0,""max_aov_h"":90.0,""max_aov_v"":58.71550750732422,""min_aov_h"":1.40625,""min_aov_v"":0.7910428047180176,""max_zoom"":64.0}",14.6556054
20943674572900,gimbal,3475,"{""imu_roll"":0.0,""imu_pitch"":15.12457275390625,""imu_yaw"":29.804468154907227,""frame_roll"":0.0,""frame_pitch"":15.12457275390625,""frame_yaw"":29.804468154907227,""pitch_speed"":0.0,""yaw_speed"":0.0}",14.656039
20943687925100,fov,3476,"{""zoom"":12.339999198913574,""hfov"":7.293355464935303,""vfov"":4.106302738189697,""state"":0,""max_aov_h"":90.0,""max_aov_v"":58.71550750732422,""min_aov_h"":1.40625,""min_aov_v"":0.7910428047180176,""max_zoom"":64.0}",14.6693912
20943688283600,gimbal,3476,"{""imu_roll"":0.0,""imu_pitch"":15.14840030670166,""imu_yaw"":29.832134246826172,""frame_roll"":0.0,""frame_pitch"":15.14840030670166,""frame_yaw"":29.832134246826172,""pitch_speed"":0.0,""yaw_speed"":0.0}",14.6697497
20943701552100,fov,3477,"{""zoom"":12.339999198913574,""hfov"":7.293355464935303,""vfov"":4.106302738189697,""state"":0,""max_aov_h"":90.0,""max_aov_v"":58.71550750732422,""min_aov_h"":1.40625,""min_aov_v"":0.7910428047180176,""max_zoom"":64.0}",14.6830182
20943702029300,gimbal,3477,"{""imu_roll"":0.0,""imu_pitch"":15.16820240020752,""imu_yaw"":29.855127334594727,""frame_roll"":0.0,""frame_pitch"":15.16820240020752,""frame_yaw"":29.855127334594727,""pitch_speed"":0.0,""yaw_speed"":0.0}",14.6834954
20943705528800,attitude,1368,"{""message_type"":""ATTITUDE"",""time_boot_ms"":130670,""roll"":2.496450901031494,""pitch"":0.1554112732410431,""yaw"":0.8115236759185791,""rollspeed"":-3.210690498352051,""pitchspeed"":4.714701175689697,""yawspeed"":1.730946660041809}",14.6869949
20943712263100,fov,3478,"{""zoom"":12.339999198913574,""hfov"":7.293355464935303,""vfov"":4.106302738189697,""state"":0,""max_aov_h"":90.0,""max_aov_v"":58.71550750732422,""min_aov_h"":1.40625,""min_aov_v"":0.7910428047180176,""max_zoom"":64.0}",14.6937292
20943712800200,gimbal,3478,"{""imu_roll"":0.0,""imu_pitch"":15.182233810424805,""imu_yaw"":29.87141990661621,""frame_roll"":0.0,""frame_pitch"":15.182233810424805,""frame_yaw"":29.87141990661621,""pitch_speed"":0.0,""yaw_speed"":0.0}",14.6942663
20943724811700,fov,3479,"{""zoom"":12.339999198913574,""hfov"":7.293355464935303,""vfov"":4.106302738189697,""state"":0,""max_aov_h"":90.0,""max_aov_v"":58.71550750732422,""min_aov_h"":1.40625,""min_aov_v"":0.7910428047180176,""max_zoom"":64.0}",14.7062778
20943725219000,gimbal,3479,"{""imu_roll"":0.0,""imu_pitch"":15.195531845092773,""imu_yaw"":29.886859893798828,""frame_roll"":0.0,""frame_pitch"":15.195531845092773,""frame_yaw"":29.886859893798828,""pitch_speed"":0.0,""yaw_speed"":0.0}",14.7066851
20943739768700,fov,3480,"{""zoom"":12.339999198913574,""hfov"":7.293355464935303,""vfov"":4.106302738189697,""state"":0,""max_aov_h"":90.0,""max_aov_v"":58.71550750732422,""min_aov_h"":1.40625,""min_aov_v"":0.7910428047180176,""max_zoom"":64.0}",14.7212348
20943740168900,gimbal,3480,"{""imu_roll"":0.0,""imu_pitch"":15.209575653076172,""imu_yaw"":29.903167724609375,""frame_roll"":0.0,""frame_pitch"":15.209575653076172,""frame_yaw"":29.903167724609375,""pitch_speed"":0.0,""yaw_speed"":0.0}",14.721635
20943743035200,vfr,686,"{""message_type"":""VFR_HUD"",""airspeed"":31.171018600463867,""alt"":51.36000061035156}",14.7245013
20943743199100,position,686,"{""message_type"":""GLOBAL_POSITION_INT"",""lat"":469492189,""lon"":393492369}",14.7246652
20943743327900,attitude,1369,"{""message_type"":""ATTITUDE"",""time_boot_ms"":130710,""roll"":2.3574399948120117,""pitch"":-0.06221872940659523,""yaw"":0.8797347545623779,""rollspeed"":-3.248438835144043,""pitchspeed"":4.5088067054748535,""yawspeed"":1.773101806640625}",14.724794
20943748961100,range,1274,"{""message_type"":""GLOBAL_VISION_POSITION_ESTIMATE"",""x"":46.94960403442383,""y"":39.34941482543945}",14.7304272
20943751662400,fov,3481,"{""zoom"":12.339999198913574,""hfov"":7.293355464935303,""vfov"":4.106302738189697,""state"":0,""max_aov_h"":90.0,""max_aov_v"":58.71550750732422,""min_aov_h"":1.40625,""min_aov_v"":0.7910428047180176,""max_zoom"":64.0}",14.7331285
20943752084700,gimbal,3481,"{""imu_roll"":0.0,""imu_pitch"":15.21979808807373,""imu_yaw"":29.915037155151367,""frame_roll"":0.0,""frame_pitch"":15.21979808807373,""frame_yaw"":29.915037155151367,""pitch_speed"":0.0,""yaw_speed"":0.0}",14.7335508
20943763671100,range,1275,"{""message_type"":""GLOBAL_VISION_POSITION_ESTIMATE"",""x"":46.94960403442383,""y"":39.34941482543945}",14.7451372
20943765889000,fov,3482,"{""zoom"":12.339999198913574,""hfov"":7.293355464935303,""vfov"":4.106302738189697,""state"":0,""max_aov_h"":90.0,""max_aov_v"":58.71550750732422,""min_aov_h"":1.40625,""min_aov_v"":0.7910428047180176,""max_zoom"":64.0}",14.7473551
20943766906700,gimbal,3482,"{""imu_roll"":0.0,""imu_pitch"":15.230201721191406,""imu_yaw"":29.9271183013916,""frame_roll"":0.0,""frame_pitch"":15.230201721191406,""frame_yaw"":29.9271183013916,""pitch_speed"":0.0,""yaw_speed"":0.0}",14.7483728
20943787871300,fov,3483,"{""zoom"":12.339999198913574,""hfov"":7.293355464935303,""vfov"":4.106302738189697,""state"":0,""max_aov_h"":90.0,""max_aov_v"":58.71550750732422,""min_aov_h"":1.40625,""min_aov_v"":0.7910428047180176,""max_zoom"":64.0}",14.7693374
20943788325500,gimbal,3483,"{""imu_roll"":0.0,""imu_pitch"":15.244638442993164,""imu_yaw"":29.94388198852539,""frame_roll"":0.0,""frame_pitch"":15.244638442993164,""frame_yaw"":29.94388198852539,""pitch_speed"":0.0,""yaw_speed"":0.0}",14.7697916
20943794892500,attitude,1370,"{""message_type"":""ATTITUDE"",""time_boot_ms"":130770,""roll"":2.0986971855163574,""pitch"":-0.37552332878112793,""yaw"":1.0319684743881226,""rollspeed"":-3.288870334625244,""pitchspeed"":4.1765456199646,""yawspeed"":1.8368979692459106}",14.7763586
20943801951400,fov,3484,"{""zoom"":12.339999198913574,""hfov"":7.293355464935303,""vfov"":4.106302738189697,""state"":0,""max_aov_h"":90.0,""max_aov_v"":58.71550750732422,""min_aov_h"":1.40625,""min_aov_v"":0.7910428047180176,""max_zoom"":64.0}",14.7834175
20943802243700,gimbal,3484,"{""imu_roll"":0.0,""imu_pitch"":15.251102447509766,""imu_yaw"":29.951387405395508,""frame_roll"":0.0,""frame_pitch"":15.251102447509766,""frame_yaw"":29.951387405395508,""pitch_speed"":0.0,""yaw_speed"":0.0}",14.7837098
20943814335800,fov,3485,"{""zoom"":12.339999198913574,""hfov"":7.293355464935303,""vfov"":4.106302738189697,""state"":0,""max_aov_h"":90.0,""max_aov_v"":58.71550750732422,""min_aov_h"":1.40625,""min_aov_v"":0.7910428047180176,""max_zoom"":64.0}",14.7958019
20943814709700,gimbal,3485,"{""imu_roll"":0.0,""imu_pitch"":15.256464958190918,""imu_yaw"":29.957612991333008,""frame_roll"":0.0,""frame_pitch"":15.256464958190918,""frame_yaw"":29.957612991333008,""pitch_speed"":0.0,""yaw_speed"":0.0}",14.7961758
20943833261500,fov,3486,"{""zoom"":12.339999198913574,""hfov"":7.293355464935303,""vfov"":4.106302738189697,""state"":0,""max_aov_h"":90.0,""max_aov_v"":58.71550750732422,""min_aov_h"":1.40625,""min_aov_v"":0.7910428047180176,""max_zoom"":64.0}",14.8147276
20943833514800,gimbal,3486,"{""imu_roll"":0.0,""imu_pitch"":15.263274192810059,""imu_yaw"":29.96552085876465,""frame_roll"":0.0,""frame_pitch"":15.263274192810059,""frame_yaw"":29.96552085876465,""pitch_speed"":0.0,""yaw_speed"":0.0}",14.8149809
20943834957900,position,687,"{""message_type"":""GLOBAL_POSITION_INT"",""lat"":469492189,""lon"":393492369}",14.816424
20943835121100,attitude,1371,"{""message_type"":""ATTITUDE"",""time_boot_ms"":130810,""roll"":1.880192756652832,""pitch"":-0.5521275997161865,""yaw"":1.1827775239944458,""rollspeed"":-3.344702959060669,""pitchspeed"":3.9146218299865723,""yawspeed"":1.8818376064300537}",14.8165872
20943835459100,vfr,687,"{""message_type"":""VFR_HUD"",""airspeed"":28.602075576782227,""alt"":51.91999816894531}",14.8169252
20943846720700,fov,3487,"{""zoom"":12.339999198913574,""hfov"":7.293355464935303,""vfov"":4.106302738189697,""state"":0,""max_aov_h"":90.0,""max_aov_v"":58.71550750732422,""min_aov_h"":1.40625,""min_aov_v"":0.7910428047180176,""max_zoom"":64.0}",14.8281868
20943847698000,gimbal,3487,"{""imu_roll"":0.0,""imu_pitch"":15.267163276672363,""imu_yaw"":29.970035552978516,""frame_roll"":0.0,""frame_pitch"":15.267163276672363,""frame_yaw"":29.970035552978516,""pitch_speed"":0.0,""yaw_speed"":0.0}",14.8291641
20943863569400,fov,3488,"{""zoom"":12.339999198913574,""hfov"":7.293355464935303,""vfov"":4.106302738189697,""state"":0,""max_aov_h"":90.0,""max_aov_v"":58.71550750732422,""min_aov_h"":1.40625,""min_aov_v"":0.7910428047180176,""max_zoom"":64.0}",14.8450355
20943863881500,gimbal,3488,"{""imu_roll"":0.0,""imu_pitch"":15.271737098693848,""imu_yaw"":29.975345611572266,""frame_roll"":0.0,""frame_pitch"":15.271737098693848,""frame_yaw"":29.975345611572266,""pitch_speed"":0.0,""yaw_speed"":0.0}",14.8453476
20943875551700,fov,3489,"{""zoom"":12.339999198913574,""hfov"":7.293355464935303,""vfov"":4.106302738189697,""state"":0,""max_aov_h"":90.0,""max_aov_v"":58.71550750732422,""min_aov_h"":1.40625,""min_aov_v"":0.7910428047180176,""max_zoom"":64.0}",14.8570178
20943876376000,gimbal,3489,"{""imu_roll"":0.0,""imu_pitch"":15.274277687072754,""imu_yaw"":29.978296279907227,""frame_roll"":0.0,""frame_pitch"":15.274277687072754,""frame_yaw"":29.978296279907227,""pitch_speed"":0.0,""yaw_speed"":0.0}",14.8578421
20943888125400,fov,3490,"{""zoom"":12.339999198913574,""hfov"":7.293355464935303,""vfov"":4.106302738189697,""state"":0,""max_aov_h"":90.0,""max_aov_v"":58.71550750732422,""min_aov_h"":1.40625,""min_aov_v"":0.7910428047180176,""max_zoom"":64.0}",14.8695915
20943888381000,gimbal,3490,"{""imu_roll"":0.0,""imu_pitch"":15.27657413482666,""imu_yaw"":29.9809627532959,""frame_roll"":0.0,""frame_pitch"":15.27657413482666,""frame_yaw"":29.9809627532959,""pitch_speed"":0.0,""yaw_speed"":0.0}",14.8698471
20943889845600,attitude,1372,"{""message_type"":""ATTITUDE"",""time_boot_ms"":130870,""roll"":1.4558900594711304,""pitch"":-0.7421565651893616,""yaw"":1.5036323070526123,""rollspeed"":-3.4123034477233887,""pitchspeed"":3.505537509918213,""yawspeed"":1.9453177452087402}",14.8713117
20943907021200,fov,3491,"{""zoom"":12.339999198913574,""hfov"":7.293355464935303,""vfov"":4.106302738189697,""state"":0,""max_aov_h"":90.0,""max_aov_v"":58.71550750732422,""min_aov_h"":1.40625,""min_aov_v"":0.7910428047180176,""max_zoom"":64.0}",14.8884873
20943907418100,gimbal,3491,"{""imu_roll"":0.0,""imu_pitch"":15.279766082763672,""imu_yaw"":29.984668731689453,""frame_roll"":0.0,""frame_pitch"":15.279766082763672,""frame_yaw"":29.984668731689453,""pitch_speed"":0.0,""yaw_speed"":0.0}",14.8888842
20943918137900,range,1276,"{""message_type"":""GLOBAL_VISION_POSITION_ESTIMATE"",""x"":46.94927215576172,""y"":39.349327087402344}",14.899604
20943919801500,fov,3492,"{""zoom"":12.339999198913574,""hfov"":7.293355464935303,""vfov"":4.106302738189697,""state"":0,""max_aov_h"":90.0,""max_aov_v"":58.71550750732422,""min_aov_h"":1.40625,""min_aov_v"":0.7910428047180176,""max_zoom"":64.0}",14.9012676
20943920153600,gimbal,3492,"{""imu_roll"":0.0,""imu_pitch"":15.281283378601074,""imu_yaw"":29.986431121826172,""frame_roll"":0.0,""frame_pitch"":15.281283378601074,""frame_yaw"":29.986431121826172,""pitch_speed"":0.0,""yaw_speed"":0.0}",14.9016197
20943924994200,range,1277,"{""message_type"":""GLOBAL_VISION_POSITION_ESTIMATE"",""x"":46.94927215576172,""y"":39.349327087402344}",14.9064603
20943925175500,position,688,"{""message_type"":""GLOBAL_POSITION_INT"",""lat"":469490585,""lon"":393492409}",14.9066416
20943925251900,attitude,1373,"{""message_type"":""ATTITUDE"",""time_boot_ms"":130910,""roll"":1.1137816905975342,""pitch"":-0.800591230392456,""yaw"":1.773247241973877,""rollspeed"":-3.4593911170959473,""pitchspeed"":3.2276344299316406,""yawspeed"":1.9866219758987427}",14.906718
20943925452400,vfr,688,"{""message_type"":""VFR_HUD"",""airspeed"":26.459733963012695,""alt"":52.44999694824219}",14.9069185
20943933724000,fov,3493,"{""zoom"":12.339999198913574,""hfov"":7.293355464935303,""vfov"":4.106302738189697,""state"":0,""max_aov_h"":90.0,""max_aov_v"":58.71550750732422,""min_aov_h"":1.40625,""min_aov_v"":0.7910428047180176,""max_zoom"":64.0}",14.9151901
20943933973800,gimbal,3493,"{""imu_roll"":0.0,""imu_pitch"":15.282998085021973,""imu_yaw"":29.988422393798828,""frame_roll"":0.0,""frame_pitch"":15.282998085021973,""frame_yaw"":29.988422393798828,""pitch_speed"":0.0,""yaw_speed"":0.0}",14.9154399
20943952418600,fov,3494,"{""zoom"":12.339999198913574,""hfov"":7.293355464935303,""vfov"":4.106302738189697,""state"":0,""max_aov_h"":90.0,""max_aov_v"":58.71550750732422,""min_aov_h"":1.40625,""min_aov_v"":0.7910428047180176,""max_zoom"":64.0}",14.9338847
20943952709300,gimbal,3494,"{""imu_roll"":0.0,""imu_pitch"":15.284842491149902,""imu_yaw"":29.990564346313477,""frame_roll"":0.0,""frame_pitch"":15.284842491149902,""frame_yaw"":29.990564346313477,""pitch_speed"":0.0,""yaw_speed"":0.0}",14.9341754
20943965301900,fov,3495,"{""zoom"":12.339999198913574,""hfov"":7.293355464935303,""vfov"":4.106302738189697,""state"":0,""max_aov_h"":90.0,""max_aov_v"":58.71550750732422,""min_aov_h"":1.40625,""min_aov_v"":0.7910428047180176,""max_zoom"":64.0}",14.946768
20943966195000,gimbal,3495,"{""imu_roll"":0.0,""imu_pitch"":15.28590202331543,""imu_yaw"":29.99179458618164,""frame_roll"":0.0,""frame_pitch"":15.28590202331543,""frame_yaw"":29.99179458618164,""pitch_speed"":0.0,""yaw_speed"":0.0}",14.9476611
20943974508300,attitude,1374,"{""message_type"":""ATTITUDE"",""time_boot_ms"":130970,""roll"":0.5958789587020874,""pitch"":-0.7883104681968689,""yaw"":2.144124984741211,""rollspeed"":-3.5320284366607666,""pitchspeed"":2.825613498687744,""yawspeed"":2.049915313720703}",14.9559744
20943986694700,fov,3496,"{""zoom"":12.339999198913574,""hfov"":7.293355464935303,""vfov"":4.106302738189697,""state"":0,""max_aov_h"":90.0,""max_aov_v"":58.71550750732422,""min_aov_h"":1.40625,""min_aov_v"":0.7910428047180176,""max_zoom"":64.0}",14.9681608
20943987008800,gimbal,3496,"{""imu_roll"":0.0,""imu_pitch"":15.28740406036377,""imu_yaw"":29.99353790283203,""frame_roll"":0.0,""frame_pitch"":15.28740406036377,""frame_yaw"":29.99353790283203,""pitch_speed"":0.0,""yaw_speed"":0.0}",14.9684749
20944000025500,fov,3497,"{""zoom"":12.339999198913574,""hfov"":7.293355464935303,""vfov"":4.106302738189697,""state"":0,""max_aov_h"":90.0,""max_aov_v"":58.71550750732422,""min_aov_h"":1.40625,""min_aov_v"":0.7910428047180176,""max_zoom"":64.0}",14.9814916
20944000347500,gimbal,3497,"{""imu_roll"":0.0,""imu_pitch"":15.288140296936035,""imu_yaw"":29.99439239501953,""frame_roll"":0.0,""frame_pitch"":15.288140296936035,""frame_yaw"":29.99439239501953,""pitch_speed"":0.0,""yaw_speed"":0.0}",14.9818136
20944012281300,fov,3498,"{""zoom"":12.339999198913574,""hfov"":7.293355464935303,""vfov"":4.106302738189697,""state"":0,""max_aov_h"":90.0,""max_aov_v"":58.71550750732422,""min_aov_h"":1.40625,""min_aov_v"":0.7910428047180176,""max_zoom"":64.0}",14.9937474
20944012669500,gimbal,3498,"{""imu_roll"":0.0,""imu_pitch"":15.288766860961914,""imu_yaw"":29.995121002197266,""frame_roll"":0.0,""frame_pitch"":15.288766860961914,""frame_yaw"":29.995121002197266,""pitch_speed"":0.0,""yaw_speed"":0.0}",14.9941356
20944016307000,position,689,"{""message_type"":""GLOBAL_POSITION_INT"",""lat"":469490585,""lon"":393492409}",14.9977731
20944016469400,attitude,1375,"{""message_type"":""ATTITUDE"",""time_boot_ms"":131010,""roll"":0.28316834568977356,""pitch"":-0.7237722277641296,""yaw"":2.3525500297546387,""rollspeed"":-3.564028263092041,""pitchspeed"":2.5649092197418213,""yawspeed"":2.0878546237945557}",14.9979355
20944016753400,vfr,689,"{""message_type"":""VFR_HUD"",""airspeed"":24.638673782348633,""alt"":52.869998931884766}",14.9982195
20944032026400,fov,3499,"{""zoom"":12.339999198913574,""hfov"":7.293355464935303,""vfov"":4.106302738189697,""state"":0,""max_aov_h"":90.0,""max_aov_v"":58.71550750732422,""min_aov_h"":1.40625,""min_aov_v"":0.7910428047180176,""max_zoom"":64.0}",15.0134925
20944032920300,gimbal,3499,"{""imu_roll"":0.0,""imu_pitch"":15.289518356323242,""imu_yaw"":29.99599266052246,""frame_roll"":0.0,""frame_pitch"":15.289518356323242,""frame_yaw"":29.99599266052246,""pitch_speed"":0.0,""yaw_speed"":0.0}",15.0143864
20944041342000,fov,3500,"{""zoom"":12.339999198913574,""hfov"":7.293355464935303,""vfov"":4.106302738189697,""state"":0,""max_aov_h"":90.0,""max_aov_v"":58.71550750732422,""min_aov_h"":1.40625,""min_aov_v"":0.7910428047180176,""max_zoom"":64.0}",15.0228081
20944042503600,gimbal,3500,"{""imu_roll"":0.0,""imu_pitch"":15.289896011352539,""imu_yaw"":29.996431350708008,""frame_roll"":0.0,""frame_pitch"":15.289896011352539,""frame_yaw"":29.996431350708008,""pitch_speed"":0.0,""yaw_speed"":0.0}",15.0239697
20944060271800,fov,3501,"{""zoom"":12.339999198913574,""hfov"":7.293355464935303,""vfov"":4.106302738189697,""state"":0,""max_aov_h"":90.0,""max_aov_v"":58.71550750732422,""min_aov_h"":1.40625,""min_aov_v"":0.7910428047180176,""max_zoom"":64.0}",15.0417379
20944060662700,gimbal,3501,"{""imu_roll"":0.0,""imu_pitch"":15.290484428405762,""imu_yaw"":29.997114181518555,""frame_roll"":0.0,""frame_pitch"":15.290484428405762,""frame_yaw"":29.997114181518555,""pitch_speed"":0.0,""yaw_speed"":0.0}",15.0421288
20944071761900,fov,3502,"{""zoom"":12.339999198913574,""hfov"":7.293355464935303,""vfov"":4.106302738189697,""state"":0,""max_aov_h"":90.0,""max_aov_v"":58.71550750732422,""min_aov_h"":1.40625,""min_aov_v"":0.7910428047180176,""max_zoom"":64.0}",15.053228
20944072384500,gimbal,3502,"{""imu_roll"":0.0,""imu_pitch"":15.290764808654785,""imu_yaw"":29.997440338134766,""frame_roll"":0.0,""frame_pitch"":15.290764808654785,""frame_yaw"":29.997440338134766,""pitch_speed"":0.0,""yaw_speed"":0.0}",15.0538506
20944073179400,range,1278,"{""message_type"":""GLOBAL_VISION_POSITION_ESTIMATE"",""x"":46.94890594482422,""y"":39.34923553466797}",15.0546455
20944078732300,range,1279,"{""message_type"":""GLOBAL_VISION_POSITION_ESTIMATE"",""x"":46.94890594482422,""y"":39.34923553466797}",15.0601984
20944078897100,attitude,1376,"{""message_type"":""ATTITUDE"",""time_boot_ms"":131070,""roll"":-0.11238428950309753,""pitch"":-0.5742666721343994,""yaw"":2.5798795223236084,""rollspeed"":-3.6240897178649902,""pitchspeed"":2.162341594696045,""yawspeed"":2.1438112258911133}",15.0603632
20944083497800,fov,3503,"{""zoom"":12.339999198913574,""hfov"":7.293355464935303,""vfov"":4.106302738189697,""state"":0,""max_aov_h"":90.0,""max_aov_v"":58.71550750732422,""min_aov_h"":1.40625,""min_aov_v"":0.7910428047180176,""max_zoom"":64.0}",15.0649639
20944083905600,gimbal,3503,"{""imu_roll"":0.0,""imu_pitch"":15.291029930114746,""imu_yaw"":29.99774932861328,""frame_roll"":0.0,""frame_pitch"":15.291029930114746,""frame_yaw"":29.99774932861328,""pitch_speed"":0.0,""yaw_speed"":0.0}",15.0653717
20944102013500,fov,3504,"{""zoom"":12.339999198913574,""hfov"":7.293355464935303,""vfov"":4.106302738189697,""state"":0,""max_aov_h"":90.0,""max_aov_v"":58.71550750732422,""min_aov_h"":1.40625,""min_aov_v"":0.7910428047180176,""max_zoom"":64.0}",15.0834796
20944102329700,gimbal,3504,"{""imu_roll"":0.0,""imu_pitch"":15.2913818359375,""imu_yaw"":29.998157501220703,""frame_roll"":0.0,""frame_pitch"":15.2913818359375,""frame_yaw"":29.998157501220703,""pitch_speed"":0.0,""yaw_speed"":0.0}",15.0837958
20944112034900,fov,3505,"{""zoom"":12.339999198913574,""hfov"":7.293355464935303,""vfov"":4.106302738189697,""state"":0,""max_aov_h"":90.0,""max_aov_v"":58.71550750732422,""min_aov_h"":1.40625,""min_aov_v"":0.7910428047180176,""max_zoom"":64.0}",15.093501
20944112691000,gimbal,3505,"{""imu_roll"":0.0,""imu_pitch"":15.291546821594238,""imu_yaw"":29.998348236083984,""frame_roll"":0.0,""frame_pitch"":15.291546821594238,""frame_yaw"":29.998348236083984,""pitch_speed"":0.0,""yaw_speed"":0.0}",15.0941571
20944114319500,attitude,1377,"{""message_type"":""ATTITUDE"",""time_boot_ms"":131110,""roll"":-0.3366258144378662,""pitch"":-0.45535025000572205,""yaw"":2.6829946041107178,""rollspeed"":-3.6615800857543945,""pitchspeed"":1.8897502422332764,""yawspeed"":2.1810340881347656}",15.0957856
20944114611800,vfr,690,"{""message_type"":""VFR_HUD"",""airspeed"":23.05327033996582,""alt"":53.189998626708984}",15.0960779
20944114689200,position,690,"{""message_type"":""GLOBAL_POSITION_INT"",""lat"":469490585,""lon"":393492409}",15.0961553
20944123957100,fov,3506,"{""zoom"":12.339999198913574,""hfov"":7.293355464935303,""vfov"":4.106302738189697,""state"":0,""max_aov_h"":90.0,""max_aov_v"":58.71550750732422,""min_aov_h"":1.40625,""min_aov_v"":0.7910428047180176,""max_zoom"":64.0}",15.1054232
20944124231500,gimbal,3506,"{""imu_roll"":0.0,""imu_pitch"":15.291707992553711,""imu_yaw"":29.99853515625,""frame_roll"":0.0,""frame_pitch"":15.291707992553711,""frame_yaw"":29.99853515625,""pitch_speed"":0.0,""yaw_speed"":0.0}",15.1056976
20944144117100,fov,3507,"{""zoom"":12.339999198913574,""hfov"":7.293355464935303,""vfov"":4.106302738189697,""state"":0,""max_aov_h"":90.0,""max_aov_v"":58.71550750732422,""min_aov_h"":1.40625,""min_aov_v"":0.7910428047180176,""max_zoom"":64.0}",15.1255832
20944144616700,gimbal,3507,"{""imu_roll"":0.0,""imu_pitch"":15.291967391967773,""imu_yaw"":29.998836517333984,""frame_roll"":0.0,""frame_pitch"":15.291967391967773,""frame_yaw"":29.998836517333984,""pitch_speed"":0.0,""yaw_speed"":0.0}",15.1260828
20944155352500,fov,3508,"{""zoom"":12.339999198913574,""hfov"":7.293355464935303,""vfov"":4.106302738189697,""state"":0,""max_aov_h"":90.0,""max_aov_v"":58.71550750732422,""min_aov_h"":1.40625,""min_aov_v"":0.7910428047180176,""max_zoom"":64.0}",15.1368186
20944155608500,gimbal,3508,"{""imu_roll"":0.0,""imu_pitch"":15.29206371307373,""imu_yaw"":29.99894905090332,""frame_roll"":0.0,""frame_pitch"":15.29206371307373,""frame_yaw"":29.99894905090332,""pitch_speed"":0.0,""yaw_speed"":0.0}",15.1370746
20944165156100,fov,3509,"{""zoom"":12.339999198913574,""hfov"":7.293355464935303,""vfov"":4.106302738189697,""state"":0,""max_aov_h"":90.0,""max_aov_v"":58.71550750732422,""min_aov_h"":1.40625,""min_aov_v"":0.7910428047180176,""max_zoom"":64.0}",15.1466222
20944165649800,gimbal,3509,"{""imu_roll"":0.0,""imu_pitch"":15.292171478271484,""imu_yaw"":29.999073028564453,""frame_roll"":0.0,""frame_pitch"":15.292171478271484,""frame_yaw"":29.999073028564453,""pitch_speed"":0.0,""yaw_speed"":0.0}",15.1471159
20944183931500,attitude,1378,"{""message_type"":""ATTITUDE"",""time_boot_ms"":131170,""roll"":-0.5992119312286377,""pitch"":-0.320169061422348,""yaw"":2.77457594871521,""rollspeed"":-3.6112680435180664,""pitchspeed"":1.498206615447998,""yawspeed"":2.2271718978881836}",15.1653976
20944185281000,fov,3510,"{""zoom"":12.339999198913574,""hfov"":7.293355464935303,""vfov"":4.106302738189697,""state"":0,""max_aov_h"":90.0,""max_aov_v"":58.71550750732422,""min_aov_h"":1.40625,""min_aov_v"":0.7910428047180176,""max_zoom"":64.0}",15.1667471
20944186077100,gimbal,3510,"{""imu_roll"":0.0,""imu_pitch"":15.29232406616211,""imu_yaw"":29.999250411987305,""frame_roll"":0.0,""frame_pitch"":15.29232406616211,""frame_yaw"":29.999250411987305,""pitch_speed"":0.0,""yaw_speed"":0.0}",15.1675432
20944195522400,fov,3511,"{""zoom"":12.339999198913574,""hfov"":7.293355464935303,""vfov"":4.106302738189697,""state"":0,""max_aov_h"":90.0,""max_aov_v"":58.71550750732422,""min_aov_h"":1.40625,""min_aov_v"":0.7910428047180176,""max_zoom"":64.0}",15.1769885
20944195830200,gimbal,3511,"{""imu_roll"":0.0,""imu_pitch"":15.292388916015625,""imu_yaw"":29.999324798583984,""frame_roll"":0.0,""frame_pitch"":15.292388916015625,""frame_yaw"":29.999324798583984,""pitch_speed"":0.0,""yaw_speed"":0.0}",15.1772963
20944207536500,fov,3512,"{""zoom"":12.339999198913574,""hfov"":7.293355464935303,""vfov"":4.106302738189697,""state"":0,""max_aov_h"":90.0,""max_aov_v"":58.71550750732422,""min_aov_h"":1.40625,""min_aov_v"":0.7910428047180176,""max_zoom"":64.0}",15.1890026
20944207821400,gimbal,3512,"{""imu_roll"":0.0,""imu_pitch"":15.292461395263672,""imu_yaw"":29.999408721923828,""frame_roll"":0.0,""frame_pitch"":15.292461395263672,""frame_yaw"":29.999408721923828,""pitch_speed"":0.0,""yaw_speed"":0.0}",15.1892875
20944218611600,vfr,691,"{""message_type"":""VFR_HUD"",""airspeed"":21.674785614013672,""alt"":53.369998931884766}",15.2000777
20944218789800,position,691,"{""message_type"":""GLOBAL_POSITION_INT"",""lat"":469489209,""lon"":393491795}",15.2002559
20944218923300,attitude,1379,"{""message_type"":""ATTITUDE"",""time_boot_ms"":131210,""roll"":-0.7505319714546204,""pitch"":-0.2476116418838501,""yaw"":2.820168972015381,""rollspeed"":-3.536175489425659,""pitchspeed"":1.247894287109375,""yawspeed"":2.251882791519165}",15.2003894
20944226009100,fov,3513,"{""zoom"":12.339999198913574,""hfov"":7.293355464935303,""vfov"":4.106302738189697,""state"":0,""max_aov_h"":90.0,""max_aov_v"":58.71550750732422,""min_aov_h"":1.40625,""min_aov_v"":0.7910428047180176,""max_zoom"":64.0}",15.2074752
20944226294400,gimbal,3513,"{""imu_roll"":0.0,""imu_pitch"":15.292553901672363,""imu_yaw"":29.9995174407959,""frame_roll"":0.0,""frame_pitch"":15.292553901672363,""frame_yaw"":29.9995174407959,""pitch_speed"":0.0,""yaw_speed"":0.0}",15.2077605
20944227949100,range,1280,"{""message_type"":""GLOBAL_VISION_POSITION_ESTIMATE"",""x"":46.94852828979492,""y"":39.34903335571289}",15.2094152
20944234712700,range,1281,"{""message_type"":""GLOBAL_VISION_POSITION_ESTIMATE"",""x"":46.94852828979492,""y"":39.34903335571289}",15.2161788
20944236528800,fov,3514,"{""zoom"":12.339999198913574,""hfov"":7.293355464935303,""vfov"":4.106302738189697,""state"":0,""max_aov_h"":90.0,""max_aov_v"":58.71550750732422,""min_aov_h"":1.40625,""min_aov_v"":0.7910428047180176,""max_zoom"":64.0}",15.2179949
20944236869000,gimbal,3514,"{""imu_roll"":0.0,""imu_pitch"":15.292596817016602,""imu_yaw"":29.99956703186035,""frame_roll"":0.0,""frame_pitch"":15.292596817016602,""frame_yaw"":29.99956703186035,""pitch_speed"":0.0,""yaw_speed"":0.0}",15.2183351
20944247539700,fov,3515,"{""zoom"":12.339999198913574,""hfov"":7.293355464935303,""vfov"":4.106302738189697,""state"":0,""max_aov_h"":90.0,""max_aov_v"":58.71550750732422,""min_aov_h"":1.40625,""min_aov_v"":0.7910428047180176,""max_zoom"":64.0}",15.2290058
20944247934600,gimbal,3515,"{""imu_roll"":0.0,""imu_pitch"":15.292638778686523,""imu_yaw"":29.999616622924805,""frame_roll"":0.0,""frame_pitch"":15.292638778686523,""frame_yaw"":29.999616622924805,""pitch_speed"":0.0,""yaw_speed"":0.0}",15.2294007
20944266391200,fov,3516,"{""zoom"":12.339999198913574,""hfov"":7.293355464935303,""vfov"":4.106302738189697,""state"":0,""max_aov_h"":90.0,""max_aov_v"":58.71550750732422,""min_aov_h"":1.40625,""min_aov_v"":0.7910428047180176,""max_zoom"":64.0}",15.2478573
20944266763100,gimbal,3516,"{""imu_roll"":0.0,""imu_pitch"":15.292701721191406,""imu_yaw"":29.99968910217285,""frame_roll"":0.0,""frame_pitch"":15.292701721191406,""frame_yaw"":29.99968910217285,""pitch_speed"":0.0,""yaw_speed"":0.0}",15.2482292
20944272190800,attitude,1380,"{""message_type"":""ATTITUDE"",""time_boot_ms"":131270,""roll"":-0.9632093906402588,""pitch"":-0.13914816081523895,""yaw"":2.8807716369628906,""rollspeed"":-3.399576425552368,""pitchspeed"":0.8835950493812561,""yawspeed"":2.281620979309082}",15.2536569
