recv_monotonic_ns,stream,stream_seq,payload_json,session_time_s
11465807547500,target_offset,252,"{""x_angle_offset"":0.10636143386363983,""y_angle_offset"":0.2661492515493322}",-5.001003
11465809031000,attitude,1045,"{""message_type"":""ATTITUDE"",""time_boot_ms"":114470,""roll"":-0.012274816632270813,""pitch"":0.17982041835784912,""yaw"":-3.1011600494384766,""rollspeed"":0.043998684734106064,""pitchspeed"":0.01692984439432621,""yawspeed"":0.0013098404742777348}",-4.9995195
11465822483200,gimbal,2759,"{""imu_roll"":0.0,""imu_pitch"":17.276756286621094,""imu_yaw"":-0.8840135335922241,""frame_roll"":0.0,""frame_pitch"":17.276756286621094,""frame_yaw"":-0.8840135335922241,""pitch_speed"":0.0,""yaw_speed"":0.0}",-4.9860673
11465822749800,fov,2759,"{""zoom"":12.339999198913574,""hfov"":7.293355464935303,""vfov"":4.106302738189697,""state"":0,""max_aov_h"":90.0,""max_aov_v"":58.71550750732422,""min_aov_h"":1.40625,""min_aov_v"":0.7910428047180176,""max_zoom"":64.0}",-4.9858007
11465848742200,gimbal,2760,"{""imu_roll"":0.0,""imu_pitch"":17.32705307006836,""imu_yaw"":-0.8627786040306091,""frame_roll"":0.0,""frame_pitch"":17.32705307006836,""frame_yaw"":-0.8627786040306091,""pitch_speed"":0.0,""yaw_speed"":0.0}",-4.9598083
11465849002600,fov,2760,"{""zoom"":12.339999198913574,""hfov"":7.293355464935303,""vfov"":4.106302738189697,""state"":0,""max_aov_h"":90.0,""max_aov_v"":58.71550750732422,""min_aov_h"":1.40625,""min_aov_v"":0.7910428047180176,""max_zoom"":64.0}",-4.9595479
11465850916000,attitude,1046,"{""message_type"":""ATTITUDE"",""time_boot_ms"":114510,""roll"":-0.010295379906892776,""pitch"":0.17973195016384125,""yaw"":-3.1010682582855225,""rollspeed"":0.03672626242041588,""pitchspeed"":0.016527095809578896,""yawspeed"":0.001850290223956108}",-4.9576345
11465851260800,vfr,523,"{""message_type"":""VFR_HUD"",""airspeed"":33.96500015258789,""alt"":134.6999969482422}",-4.9572897
11465851362700,position,523,"{""message_type"":""GLOBAL_POSITION_INT"",""lat"":469535444,""lon"":393492103}",-4.9571878
11465854263200,target_offset,253,"{""x_angle_offset"":0.08356969803571701,""y_angle_offset"":0.2661492515493322}",-4.9542873
11465867575200,gimbal,2761,"{""imu_roll"":0.0,""imu_pitch"":17.377519607543945,""imu_yaw"":-0.8439375758171082,""frame_roll"":0.0,""frame_pitch"":17.377519607543945,""frame_yaw"":-0.8439375758171082,""pitch_speed"":0.0,""yaw_speed"":0.0}",-4.9409753
11465867832800,fov,2761,"{""zoom"":12.339999198913574,""hfov"":7.293355464935303,""vfov"":4.106302738189697,""state"":0,""max_aov_h"":90.0,""max_aov_v"":58.71550750732422,""min_aov_h"":1.40625,""min_aov_v"":0.7910428047180176,""max_zoom"":64.0}",-4.9407177
11465887802000,range,1047,"{""message_type"":""GLOBAL_VISION_POSITION_ESTIMATE"",""x"":46.94746398925781,""y"":39.34895324707031}",-4.9207485
11465890037900,gimbal,2762,"{""imu_roll"":0.0,""imu_pitch"":17.41971206665039,""imu_yaw"":-0.8290325999259949,""frame_roll"":0.0,""frame_pitch"":17.41971206665039,""frame_yaw"":-0.8290325999259949,""pitch_speed"":0.0,""yaw_speed"":0.0}",-4.9185126
11465890407200,fov,2762,"{""zoom"":12.339999198913574,""hfov"":7.293355464935303,""vfov"":4.106302738189697,""state"":0,""max_aov_h"":90.0,""max_aov_v"":58.71550750732422,""min_aov_h"":1.40625,""min_aov_v"":0.7910428047180176,""max_zoom"":64.0}",-4.9181433
11465897766900,target_offset,254,"{""x_angle_offset"":0.04558347165584564,""y_angle_offset"":0.2661492515493322}",-4.9107836
11465899886300,range,1048,"{""message_type"":""GLOBAL_VISION_POSITION_ESTIMATE"",""x"":46.94746398925781,""y"":39.34895324707031}",-4.9086642
11465909422700,gimbal,2763,"{""imu_roll"":0.0,""imu_pitch"":17.469602584838867,""imu_yaw"":-0.8168814182281494,""frame_roll"":0.0,""frame_pitch"":17.469602584838867,""frame_yaw"":-0.8168814182281494,""pitch_speed"":0.0,""yaw_speed"":0.0}",-4.8991278
11465909602600,fov,2763,"{""zoom"":12.339999198913574,""hfov"":7.293355464935303,""vfov"":4.106302738189697,""state"":0,""max_aov_h"":90.0,""max_aov_v"":58.71550750732422,""min_aov_h"":1.40625,""min_aov_v"":0.7910428047180176,""max_zoom"":64.0}",-4.8989479
11465915759200,attitude,1047,"{""message_type"":""ATTITUDE"",""time_boot_ms"":114570,""roll"":-0.0077321031130850315,""pitch"":0.17956934869289398,""yaw"":-3.100872755050659,""rollspeed"":0.02883150614798069,""pitchspeed"":0.01596004329621792,""yawspeed"":0.0028582592494785786}",-4.8927913
11465931037700,gimbal,2764,"{""imu_roll"":0.0,""imu_pitch"":17.51288414001465,""imu_yaw"":-0.8073686361312866,""frame_roll"":0.0,""frame_pitch"":17.51288414001465,""frame_yaw"":-0.8073686361312866,""pitch_speed"":0.0,""yaw_speed"":0.0}",-4.8775128
11465932255800,fov,2764,"{""zoom"":12.339999198913574,""hfov"":7.293355464935303,""vfov"":4.106302738189697,""state"":0,""max_aov_h"":90.0,""max_aov_v"":58.71550750732422,""min_aov_h"":1.40625,""min_aov_v"":0.7910428047180176,""max_zoom"":64.0}",-4.8762947
11465939212500,target_offset,255,"{""x_angle_offset"":0.02279173582792282,""y_angle_offset"":0.2661492515493322}",-4.869338
11465949071600,gimbal,2765,"{""imu_roll"":0.0,""imu_pitch"":17.563922882080078,""imu_yaw"":-0.7999309301376343,""frame_roll"":0.0,""frame_pitch"":17.563922882080078,""frame_yaw"":-0.7999309301376343,""pitch_speed"":0.0,""yaw_speed"":0.0}",-4.8594789
11465949676500,fov,2765,"{""zoom"":12.339999198913574,""hfov"":7.293355464935303,""vfov"":4.106302738189697,""state"":0,""max_aov_h"":90.0,""max_aov_v"":58.71550750732422,""min_aov_h"":1.40625,""min_aov_v"":0.7910428047180176,""max_zoom"":64.0}",-4.858874
11465959852200,position,524,"{""message_type"":""GLOBAL_POSITION_INT"",""lat"":469535444,""lon"":393492103}",-4.8486983
11465959936700,attitude,1048,"{""message_type"":""ATTITUDE"",""time_boot_ms"":114610,""roll"":-0.00623908918350935,""pitch"":0.17944447696208954,""yaw"":-3.1007018089294434,""rollspeed"":0.024744128808379173,""pitchspeed"":0.015632642433047295,""yawspeed"":0.003574907314032316}",-4.8486138
11465960100000,vfr,524,"{""message_type"":""VFR_HUD"",""airspeed"":33.958892822265625,""alt"":134.8300018310547}",-4.8484505
11465970212800,gimbal,2766,"{""imu_roll"":0.0,""imu_pitch"":17.603832244873047,""imu_yaw"":-0.7951119542121887,""frame_roll"":0.0,""frame_pitch"":17.603832244873047,""frame_yaw"":-0.7951119542121887,""pitch_speed"":0.0,""yaw_speed"":0.0}",-4.8383377
11465972087500,fov,2766,"{""zoom"":12.339999198913574,""hfov"":7.293355464935303,""vfov"":4.106302738189697,""state"":0,""max_aov_h"":90.0,""max_aov_v"":58.71550750732422,""min_aov_h"":1.40625,""min_aov_v"":0.7910428047180176,""max_zoom"":64.0}",-4.836463
11465982204600,target_offset,256,"{""x_angle_offset"":0.015194490551948547,""y_angle_offset"":0.2661492515493322}",-4.8263459
11465998094200,gimbal,2767,"{""imu_roll"":0.0,""imu_pitch"":17.673070907592773,""imu_yaw"":-0.7881680727005005,""frame_roll"":0.0,""frame_pitch"":17.673070907592773,""frame_yaw"":-0.7881680727005005,""pitch_speed"":0.0,""yaw_speed"":0.0}",-4.8104563
11465998416800,fov,2767,"{""zoom"":12.339999198913574,""hfov"":7.293355464935303,""vfov"":4.106302738189697,""state"":0,""max_aov_h"":90.0,""max_aov_v"":58.71550750732422,""min_aov_h"":1.40625,""min_aov_v"":0.7910428047180176,""max_zoom"":64.0}",-4.8101337
11466003449000,target_offset,257,"{""x_angle_offset"":0.007597245275974274,""y_angle_offset"":0.2737535158793131}",-4.8051015
11466019077400,gimbal,2768,"{""imu_roll"":0.0,""imu_pitch"":17.735065460205078,""imu_yaw"":-0.7835477590560913,""frame_roll"":0.0,""frame_pitch"":17.735065460205078,""frame_yaw"":-0.7835477590560913,""pitch_speed"":0.0,""yaw_speed"":0.0}",-4.7894731
11466019448100,fov,2768,"{""zoom"":12.339999198913574,""hfov"":7.293355464935303,""vfov"":4.106302738189697,""state"":0,""max_aov_h"":90.0,""max_aov_v"":58.71550750732422,""min_aov_h"":1.40625,""min_aov_v"":0.7910428047180176,""max_zoom"":64.0}",-4.7891024
11466031955300,attitude,1049,"{""message_type"":""ATTITUDE"",""time_boot_ms"":114670,""roll"":-0.004301394335925579,""pitch"":0.17918679118156433,""yaw"":-3.100404739379883,""rollspeed"":0.019824422895908356,""pitchspeed"":0.01524470467120409,""yawspeed"":0.004396053031086922}",-4.7765952
11466040514800,gimbal,2769,"{""imu_roll"":0.0,""imu_pitch"":17.7738037109375,""imu_yaw"":-0.7820577621459961,""frame_roll"":0.0,""frame_pitch"":17.7738037109375,""frame_yaw"":-0.7820577621459961,""pitch_speed"":0.0,""yaw_speed"":0.0}",-4.7680357
11466040761500,fov,2769,"{""zoom"":12.339999198913574,""hfov"":7.293355464935303,""vfov"":4.106302738189697,""state"":0,""max_aov_h"":90.0,""max_aov_v"":58.71550750732422,""min_aov_h"":1.40625,""min_aov_v"":0.7910428047180176,""max_zoom"":64.0}",-4.767789
11466043726400,range,1049,"{""message_type"":""GLOBAL_VISION_POSITION_ESTIMATE"",""x"":46.94746398925781,""y"":39.34895324707031}",-4.7648241
11466051533800,target_offset,258,"{""x_angle_offset"":0.007597245275974274,""y_angle_offset"":0.2661492515493322}",-4.7570167
11466061142800,range,1050,"{""message_type"":""GLOBAL_VISION_POSITION_ESTIMATE"",""x"":46.94746398925781,""y"":39.34895324707031}",-4.7474077
11466061735100,gimbal,2770,"{""imu_roll"":0.0,""imu_pitch"":17.83527946472168,""imu_yaw"":-0.7790470123291016,""frame_roll"":0.0,""frame_pitch"":17.83527946472168,""frame_yaw"":-0.7790470123291016,""pitch_speed"":0.0,""yaw_speed"":0.0}",-4.7468154
11466061929300,fov,2770,"{""zoom"":12.339999198913574,""hfov"":7.293355464935303,""vfov"":4.106302738189697,""state"":0,""max_aov_h"":90.0,""max_aov_v"":58.71550750732422,""min_aov_h"":1.40625,""min_aov_v"":0.7910428047180176,""max_zoom"":64.0}",-4.7466212
11466084995900,gimbal,2771,"{""imu_roll"":0.0,""imu_pitch"":17.878496170043945,""imu_yaw"":-0.7781346440315247,""frame_roll"":0.0,""frame_pitch"":17.878496170043945,""frame_yaw"":-0.7781346440315247,""pitch_speed"":0.0,""yaw_speed"":0.0}",-4.7235546
11466085175600,attitude,1050,"{""message_type"":""ATTITUDE"",""time_boot_ms"":114710,""roll"":-0.0031629924196749926,""pitch"":0.1789923757314682,""yaw"":-3.1001839637756348,""rollspeed"":0.0170911755412817,""pitchspeed"":0.015223710797727108,""yawspeed"":0.004904585890471935}",-4.7233749
11466085505200,position,525,"{""message_type"":""GLOBAL_POSITION_INT"",""lat"":469534785,""lon"":393492061}",-4.7230453
11466085679700,vfr,525,"{""message_type"":""VFR_HUD"",""airspeed"":33.95461654663086,""alt"":134.97000122070312}",-4.7228708
11466085787900,fov,2771,"{""zoom"":12.339999198913574,""hfov"":7.293355464935303,""vfov"":4.106302738189697,""state"":0,""max_aov_h"":90.0,""max_aov_v"":58.71550750732422,""min_aov_h"":1.40625,""min_aov_v"":0.7910428047180176,""max_zoom"":64.0}",-4.7227626
11466093312600,target_offset,259,"{""x_angle_offset"":0.0,""y_angle_offset"":0.24333645855938946}",-4.7152379
11466108139500,gimbal,2772,"{""imu_roll"":0.0,""imu_pitch"":17.934589385986328,""imu_yaw"":-0.7758877277374268,""frame_roll"":0.0,""frame_pitch"":17.934589385986328,""frame_yaw"":-0.7758877277374268,""pitch_speed"":0.0,""yaw_speed"":0.0}",-4.700411
11466108590900,fov,2772,"{""zoom"":12.339999198913574,""hfov"":7.293355464935303,""vfov"":4.106302738189697,""state"":0,""max_aov_h"":90.0,""max_aov_v"":58.71550750732422,""min_aov_h"":1.40625,""min_aov_v"":0.7910428047180176,""max_zoom"":64.0}",-4.6999596
11466131138100,gimbal,2773,"{""imu_roll"":0.0,""imu_pitch"":17.972326278686523,""imu_yaw"":-0.7764080762863159,""frame_roll"":0.0,""frame_pitch"":17.972326278686523,""frame_yaw"":-0.7764080762863159,""pitch_speed"":0.0,""yaw_speed"":0.0}",-4.6774124
11466131497900,fov,2773,"{""zoom"":12.339999198913574,""hfov"":7.293355464935303,""vfov"":4.106302738189697,""state"":0,""max_aov_h"":90.0,""max_aov_v"":58.71550750732422,""min_aov_h"":1.40625,""min_aov_v"":0.7910428047180176,""max_zoom"":64.0}",-4.6770526
11466139662600,target_offset,260,"{""x_angle_offset"":-0.007597245275974274,""y_angle_offset"":0.24333645855938946}",-4.6688879
11466150780400,attitude,1051,"{""message_type"":""ATTITUDE"",""time_boot_ms"":114770,""roll"":-0.0017135824309661984,""pitch"":0.17871294915676117,""yaw"":-3.099815607070923,""rollspeed"":0.011462032794952393,""pitchspeed"":0.015376361086964607,""yawspeed"":0.005643477663397789}",-4.6577701
11466152425200,gimbal,2774,"{""imu_roll"":0.0,""imu_pitch"":18.02605628967285,""imu_yaw"":-0.7747796177864075,""frame_roll"":0.0,""frame_pitch"":18.02605628967285,""frame_yaw"":-0.7747796177864075,""pitch_speed"":0.0,""yaw_speed"":0.0}",-4.6561253
11466152697900,fov,2774,"{""zoom"":12.339999198913574,""hfov"":7.293355464935303,""vfov"":4.106302738189697,""state"":0,""max_aov_h"":90.0,""max_aov_v"":58.71550750732422,""min_aov_h"":1.40625,""min_aov_v"":0.7910428047180176,""max_zoom"":64.0}",-4.6558526
11466176416200,gimbal,2775,"{""imu_roll"":0.0,""imu_pitch"":18.0679988861084,""imu_yaw"":-0.7754255533218384,""frame_roll"":0.0,""frame_pitch"":18.0679988861084,""frame_yaw"":-0.7754255533218384,""pitch_speed"":0.0,""yaw_speed"":0.0}",-4.6321343
11466176735500,fov,2775,"{""zoom"":12.339999198913574,""hfov"":7.293355464935303,""vfov"":4.106302738189697,""state"":0,""max_aov_h"":90.0,""max_aov_v"":58.71550750732422,""min_aov_h"":1.40625,""min_aov_v"":0.7910428047180176,""max_zoom"":64.0}",-4.631815
11466183741800,target_offset,261,"{""x_angle_offset"":-0.007597245275974274,""y_angle_offset"":0.2129194012394658}",-4.6248087
11466193441100,vfr,526,"{""message_type"":""VFR_HUD"",""airspeed"":33.92592239379883,""alt"":135.09999084472656}",-4.6151094
11466193572300,position,526,"{""message_type"":""GLOBAL_POSITION_INT"",""lat"":469534785,""lon"":393492061}",-4.6149782
11466193683300,attitude,1052,"{""message_type"":""ATTITUDE"",""time_boot_ms"":114810,""roll"":-0.0009275393094867468,""pitch"":0.1785191148519516,""yaw"":-3.099555253982544,""rollspeed"":0.007967815734446049,""pitchspeed"":0.015199363231658936,""yawspeed"":0.0059767235070466995}",-4.6148672
11466198383700,range,1051,"{""message_type"":""GLOBAL_VISION_POSITION_ESTIMATE"",""x"":46.9473991394043,""y"":39.34894943237305}",-4.6101668
11466205852900,target_offset,262,"{""x_angle_offset"":-0.015194490551948547,""y_angle_offset"":0.2205236655694467}",-4.6026976
11466209197100,gimbal,2776,"{""imu_roll"":0.0,""imu_pitch"":18.124408721923828,""imu_yaw"":-0.7735432982444763,""frame_roll"":0.0,""frame_pitch"":18.124408721923828,""frame_yaw"":-0.7735432982444763,""pitch_speed"":0.0,""yaw_speed"":0.0}",-4.5993534
11466209401000,fov,2776,"{""zoom"":12.339999198913574,""hfov"":7.293355464935303,""vfov"":4.106302738189697,""state"":0,""max_aov_h"":90.0,""max_aov_v"":58.71550750732422,""min_aov_h"":1.40625,""min_aov_v"":0.7910428047180176,""max_zoom"":64.0}",-4.5991495
11466217443500,range,1052,"{""message_type"":""GLOBAL_VISION_POSITION_ESTIMATE"",""x"":46.9473991394043,""y"":39.34894943237305}",-4.591107
11466227850700,gimbal,2777,"{""imu_roll"":0.0,""imu_pitch"":18.159317016601562,""imu_yaw"":-0.7725416421890259,""frame_roll"":0.0,""frame_pitch"":18.159317016601562,""frame_yaw"":-0.7725416421890259,""pitch_speed"":0.0,""yaw_speed"":0.0}",-4.5806998
11466228130400,fov,2777,"{""zoom"":12.339999198913574,""hfov"":7.293355464935303,""vfov"":4.106302738189697,""state"":0,""max_aov_h"":90.0,""max_aov_v"":58.71550750732422,""min_aov_h"":1.40625,""min_aov_v"":0.7910428047180176,""max_zoom"":64.0}",-4.5804201
11466249162300,gimbal,2778,"{""imu_roll"":0.0,""imu_pitch"":18.186784744262695,""imu_yaw"":-0.7738674283027649,""frame_roll"":0.0,""frame_pitch"":18.186784744262695,""frame_yaw"":-0.7738674283027649,""pitch_speed"":0.0,""yaw_speed"":0.0}",-4.5593882
11466249397700,fov,2778,"{""zoom"":12.339999198913574,""hfov"":7.293355464935303,""vfov"":4.106302738189697,""state"":0,""max_aov_h"":90.0,""max_aov_v"":58.71550750732422,""min_aov_h"":1.40625,""min_aov_v"":0.7910428047180176,""max_zoom"":64.0}",-4.5591528
11466258673000,target_offset,263,"{""x_angle_offset"":-0.015194490551948547,""y_angle_offset"":0.2205236655694467}",-4.5498775
11466261435600,attitude,1053,"{""message_type"":""ATTITUDE"",""time_boot_ms"":114870,""roll"":2.4878801923478022e-05,""pitch"":0.17828144133090973,""yaw"":-3.099137306213379,""rollspeed"":0.004004671238362789,""pitchspeed"":0.01491403765976429,""yawspeed"":0.006528462283313274}",-4.5471149
11466272151800,gimbal,2779,"{""imu_roll"":0.0,""imu_pitch"":18.23541831970215,""imu_yaw"":-0.772719144821167,""frame_roll"":0.0,""frame_pitch"":18.23541831970215,""frame_yaw"":-0.772719144821167,""pitch_speed"":0.0,""yaw_speed"":0.0}",-4.5363987
11466272358900,fov,2779,"{""zoom"":12.339999198913574,""hfov"":7.293355464935303,""vfov"":4.106302738189697,""state"":0,""max_aov_h"":90.0,""max_aov_v"":58.71550750732422,""min_aov_h"":1.40625,""min_aov_v"":0.7910428047180176,""max_zoom"":64.0}",-4.5361916
11466296717300,gimbal,2780,"{""imu_roll"":0.0,""imu_pitch"":18.269817352294922,""imu_yaw"":-0.7743308544158936,""frame_roll"":0.0,""frame_pitch"":18.269817352294922,""frame_yaw"":-0.7743308544158936,""pitch_speed"":0.0,""yaw_speed"":0.0}",-4.5118332
11466297037700,fov,2780,"{""zoom"":12.339999198913574,""hfov"":7.293355464935303,""vfov"":4.106302738189697,""state"":0,""max_aov_h"":90.0,""max_aov_v"":58.71550750732422,""min_aov_h"":1.40625,""min_aov_v"":0.7910428047180176,""max_zoom"":64.0}",-4.5115128
11466307603900,target_offset,264,"{""x_angle_offset"":-0.02279173582792282,""y_angle_offset"":0.25094072288937036}",-4.5009466
11466312680700,attitude,1054,"{""message_type"":""ATTITUDE"",""time_boot_ms"":114910,""roll"":0.0005310175474733114,""pitch"":0.17820630967617035,""yaw"":-3.0988497734069824,""rollspeed"":0.001993441255763173,""pitchspeed"":0.014711115509271622,""yawspeed"":0.006752557121217251}",-4.4958698
11466312890400,vfr,527,"{""message_type"":""VFR_HUD"",""airspeed"":33.90582275390625,""alt"":135.239990234375}",-4.4956601
11466312959900,position,527,"{""message_type"":""GLOBAL_POSITION_INT"",""lat"":469534130,""lon"":393492016}",-4.4955906
11466325654400,gimbal,2781,"{""imu_roll"":0.0,""imu_pitch"":18.339515686035156,""imu_yaw"":-0.7793616056442261,""frame_roll"":0.0,""frame_pitch"":18.339515686035156,""frame_yaw"":-0.7793616056442261,""pitch_speed"":0.0,""yaw_speed"":0.0}",-4.4828961
11466325933600,fov,2781,"{""zoom"":12.339999198913574,""hfov"":7.293355464935303,""vfov"":4.106302738189697,""state"":0,""max_aov_h"":90.0,""max_aov_v"":58.71550750732422,""min_aov_h"":1.40625,""min_aov_v"":0.7910428047180176,""max_zoom"":64.0}",-4.4826169
11466330474500,target_offset,265,"{""x_angle_offset"":-0.053180716931819916,""y_angle_offset"":0.288962044539275}",-4.478076
11466350376300,gimbal,2782,"{""imu_roll"":0.0,""imu_pitch"":18.409128189086914,""imu_yaw"":-0.7879889607429504,""frame_roll"":0.0,""frame_pitch"":18.409128189086914,""frame_yaw"":-0.7879889607429504,""pitch_speed"":0.0,""yaw_speed"":0.0}",-4.4581742
11466350549300,fov,2782,"{""zoom"":12.339999198913574,""hfov"":7.293355464935303,""vfov"":4.106302738189697,""state"":0,""max_aov_h"":90.0,""max_aov_v"":58.71550750732422,""min_aov_h"":1.40625,""min_aov_v"":0.7910428047180176,""max_zoom"":64.0}",-4.4580012
11466371657100,range,1053,"{""message_type"":""GLOBAL_VISION_POSITION_ESTIMATE"",""x"":46.948143005371094,""y"":39.34897994995117}",-4.4368934
11466375171400,gimbal,2783,"{""imu_roll"":0.0,""imu_pitch"":18.455272674560547,""imu_yaw"":-0.7969087362289429,""frame_roll"":0.0,""frame_pitch"":18.455272674560547,""frame_yaw"":-0.7969087362289429,""pitch_speed"":0.0,""yaw_speed"":0.0}",-4.4333791
11466375512700,fov,2783,"{""zoom"":12.339999198913574,""hfov"":7.293355464935303,""vfov"":4.106302738189697,""state"":0,""max_aov_h"":90.0,""max_aov_v"":58.71550750732422,""min_aov_h"":1.40625,""min_aov_v"":0.7910428047180176,""max_zoom"":64.0}",-4.4330378
11466377561800,range,1054,"{""message_type"":""GLOBAL_VISION_POSITION_ESTIMATE"",""x"":46.948143005371094,""y"":39.34897994995117}",-4.4309887
11466377674600,attitude,1055,"{""message_type"":""ATTITUDE"",""time_boot_ms"":114970,""roll"":0.0011185588082298636,""pitch"":0.1781078428030014,""yaw"":-3.0984020233154297,""rollspeed"":-0.001680430956184864,""pitchspeed"":0.01517870370298624,""yawspeed"":0.007027732208371162}",-4.4308759
11466382231900,target_offset,266,"{""x_angle_offset"":-0.053180716931819916,""y_angle_offset"":0.288962044539275}",-4.4263186
11466401769300,gimbal,2784,"{""imu_roll"":0.0,""imu_pitch"":18.52727508544922,""imu_yaw"":-0.8064417839050293,""frame_roll"":0.0,""frame_pitch"":18.52727508544922,""frame_yaw"":-0.8064417839050293,""pitch_speed"":0.0,""yaw_speed"":0.0}",-4.4067812
11466402301100,fov,2784,"{""zoom"":12.339999198913574,""hfov"":7.293355464935303,""vfov"":4.106302738189697,""state"":0,""max_aov_h"":90.0,""max_aov_v"":58.71550750732422,""min_aov_h"":1.40625,""min_aov_v"":0.7910428047180176,""max_zoom"":64.0}",-4.4062494
11466408632500,target_offset,267,"{""x_angle_offset"":-0.053180716931819916,""y_angle_offset"":0.288962044539275}",-4.399918
11466417248100,attitude,1056,"{""message_type"":""ATTITUDE"",""time_boot_ms"":115010,""roll"":0.0013993268366903067,""pitch"":0.17805662751197815,""yaw"":-3.0981009006500244,""rollspeed"":-0.003762733656913042,""pitchspeed"":0.015423854812979698,""yawspeed"":0.0071897925809025764}",-4.3913024
11466417443500,vfr,528,"{""message_type"":""VFR_HUD"",""airspeed"":33.891746520996094,""alt"":135.38999938964844}",-4.391107
11466417506600,position,528,"{""message_type"":""GLOBAL_POSITION_INT"",""lat"":469534130,""lon"":393492016}",-4.3910439
11466422316300,gimbal,2785,"{""imu_roll"":0.0,""imu_pitch"":18.596656799316406,""imu_yaw"":-0.8188945055007935,""frame_roll"":0.0,""frame_pitch"":18.596656799316406,""frame_yaw"":-0.8188945055007935,""pitch_speed"":0.0,""yaw_speed"":0.0}",-4.3862342
11466422574100,fov,2785,"{""zoom"":12.339999198913574,""hfov"":7.293355464935303,""vfov"":4.106302738189697,""state"":0,""max_aov_h"":90.0,""max_aov_v"":58.71550750732422,""min_aov_h"":1.40625,""min_aov_v"":0.7910428047180176,""max_zoom"":64.0}",-4.3859764
11466447857700,gimbal,2786,"{""imu_roll"":0.0,""imu_pitch"":18.641712188720703,""imu_yaw"":-0.8295014500617981,""frame_roll"":0.0,""frame_pitch"":18.641712188720703,""frame_yaw"":-0.8295014500617981,""pitch_speed"":0.0,""yaw_speed"":0.0}",-4.3606928
11466448194800,fov,2786,"{""zoom"":12.339999198913574,""hfov"":7.293355464935303,""vfov"":4.106302738189697,""state"":0,""max_aov_h"":90.0,""max_aov_v"":58.71550750732422,""min_aov_h"":1.40625,""min_aov_v"":0.7910428047180176,""max_zoom"":64.0}",-4.3603557
11466456044100,target_offset,268,"{""x_angle_offset"":-0.06077796220779419,""y_angle_offset"":0.288962044539275}",-4.3525064
11466469686400,gimbal,2787,"{""imu_roll"":0.0,""imu_pitch"":18.70658302307129,""imu_yaw"":-0.8410823941230774,""frame_roll"":0.0,""frame_pitch"":18.70658302307129,""frame_yaw"":-0.8410823941230774,""pitch_speed"":0.0,""yaw_speed"":0.0}",-4.3388641
11466470034600,fov,2787,"{""zoom"":12.339999198913574,""hfov"":7.293355464935303,""vfov"":4.106302738189697,""state"":0,""max_aov_h"":90.0,""max_aov_v"":58.71550750732422,""min_aov_h"":1.40625,""min_aov_v"":0.7910428047180176,""max_zoom"":64.0}",-4.3385159
11466479444900,attitude,1057,"{""message_type"":""ATTITUDE"",""time_boot_ms"":115070,""roll"":0.001699164160527289,""pitch"":0.17799673974514008,""yaw"":-3.097637176513672,""rollspeed"":-0.006159309297800064,""pitchspeed"":0.015661219134926796,""yawspeed"":0.007394039072096348}",-4.3291056
11466489611200,gimbal,2788,"{""imu_roll"":0.0,""imu_pitch"":18.75127601623535,""imu_yaw"":-0.8515942692756653,""frame_roll"":0.0,""frame_pitch"":18.75127601623535,""frame_yaw"":-0.8515942692756653,""pitch_speed"":0.0,""yaw_speed"":0.0}",-4.3189393
11466489970100,fov,2788,"{""zoom"":12.339999198913574,""hfov"":7.293355464935303,""vfov"":4.106302738189697,""state"":0,""max_aov_h"":90.0,""max_aov_v"":58.71550750732422,""min_aov_h"":1.40625,""min_aov_v"":0.7910428047180176,""max_zoom"":64.0}",-4.3185804
11466499361400,target_offset,269,"{""x_angle_offset"":-0.06077796220779419,""y_angle_offset"":0.288962044539275}",-4.3091891
11466511624500,gimbal,2789,"{""imu_roll"":0.0,""imu_pitch"":18.815876007080078,""imu_yaw"":-0.8630862236022949,""frame_roll"":0.0,""frame_pitch"":18.815876007080078,""frame_yaw"":-0.8630862236022949,""pitch_speed"":0.0,""yaw_speed"":0.0}",-4.296926
11466512099600,fov,2789,"{""zoom"":12.339999198913574,""hfov"":7.293355464935303,""vfov"":4.106302738189697,""state"":0,""max_aov_h"":90.0,""max_aov_v"":58.71550750732422,""min_aov_h"":1.40625,""min_aov_v"":0.7910428047180176,""max_zoom"":64.0}",-4.2964509
11466523328900,vfr,529,"{""message_type"":""VFR_HUD"",""airspeed"":33.88188934326172,""alt"":135.5500030517578}",-4.2852216
11466523430900,position,529,"{""message_type"":""GLOBAL_POSITION_INT"",""lat"":469533473,""lon"":393491970}",-4.2851196
11466523519600,attitude,1058,"{""message_type"":""ATTITUDE"",""time_boot_ms"":115110,""roll"":0.0017644595354795456,""pitch"":0.17786505818367004,""yaw"":-3.0973360538482666,""rollspeed"":-0.00834878720343113,""pitchspeed"":0.015230948105454445,""yawspeed"":0.007364358752965927}",-4.2850309
11466525546100,range,1055,"{""message_type"":""GLOBAL_VISION_POSITION_ESTIMATE"",""x"":46.94807815551758,""y"":39.348976135253906}",-4.2830044
11466537349200,gimbal,2790,"{""imu_roll"":0.0,""imu_pitch"":18.864479064941406,""imu_yaw"":-0.8741762042045593,""frame_roll"":0.0,""frame_pitch"":18.864479064941406,""frame_yaw"":-0.8741762042045593,""pitch_speed"":0.0,""yaw_speed"":0.0}",-4.2712013
11466537773500,fov,2790,"{""zoom"":12.339999198913574,""hfov"":7.293355464935303,""vfov"":4.106302738189697,""state"":0,""max_aov_h"":90.0,""max_aov_v"":58.71550750732422,""min_aov_h"":1.40625,""min_aov_v"":0.7910428047180176,""max_zoom"":64.0}",-4.270777
11466545312900,target_offset,270,"{""x_angle_offset"":-0.06837520748376846,""y_angle_offset"":0.2965663088692559}",-4.2632376
11466549637000,range,1056,"{""message_type"":""GLOBAL_VISION_POSITION_ESTIMATE"",""x"":46.94807815551758,""y"":39.348976135253906}",-4.2589135
11466564039900,gimbal,2791,"{""imu_roll"":0.0,""imu_pitch"":18.948162078857422,""imu_yaw"":-0.8879523277282715,""frame_roll"":0.0,""frame_pitch"":18.948162078857422,""frame_yaw"":-0.8879523277282715,""pitch_speed"":0.0,""yaw_speed"":0.0}",-4.2445106
11466564271700,fov,2791,"{""zoom"":12.339999198913574,""hfov"":7.293355464935303,""vfov"":4.106302738189697,""state"":0,""max_aov_h"":90.0,""max_aov_v"":58.71550750732422,""min_aov_h"":1.40625,""min_aov_v"":0.7910428047180176,""max_zoom"":64.0}",-4.2442788
11466570483500,target_offset,271,"{""x_angle_offset"":-0.06837520748376846,""y_angle_offset"":0.2965663088692559}",-4.238067
11466585890900,gimbal,2792,"{""imu_roll"":0.0,""imu_pitch"":19.011272430419922,""imu_yaw"":-0.9008670449256897,""frame_roll"":0.0,""frame_pitch"":19.011272430419922,""frame_yaw"":-0.9008670449256897,""pitch_speed"":0.0,""yaw_speed"":0.0}",-4.2226596
11466586102800,fov,2792,"{""zoom"":12.339999198913574,""hfov"":7.293355464935303,""vfov"":4.106302738189697,""state"":0,""max_aov_h"":90.0,""max_aov_v"":58.71550750732422,""min_aov_h"":1.40625,""min_aov_v"":0.7910428047180176,""max_zoom"":64.0}",-4.2224477
11466594351000,attitude,1059,"{""message_type"":""ATTITUDE"",""time_boot_ms"":115170,""roll"":0.0017343159997835755,""pitch"":0.1776348203420639,""yaw"":-3.0968847274780273,""rollspeed"":-0.010755481198430061,""pitchspeed"":0.01457518432289362,""yawspeed"":0.007326177321374416}",-4.2141995
11466611167100,gimbal,2793,"{""imu_roll"":0.0,""imu_pitch"":19.058738708496094,""imu_yaw"":-0.9129208326339722,""frame_roll"":0.0,""frame_pitch"":19.058738708496094,""frame_yaw"":-0.9129208326339722,""pitch_speed"":0.0,""yaw_speed"":0.0}",-4.1973834
11466611517500,fov,2793,"{""zoom"":12.339999198913574,""hfov"":7.293355464935303,""vfov"":4.106302738189697,""state"":0,""max_aov_h"":90.0,""max_aov_v"":58.71550750732422,""min_aov_h"":1.40625,""min_aov_v"":0.7910428047180176,""max_zoom"":64.0}",-4.197033
11466628848300,gimbal,2794,"{""imu_roll"":0.0,""imu_pitch"":19.094623565673828,""imu_yaw"":-0.9245691299438477,""frame_roll"":0.0,""frame_pitch"":19.094623565673828,""frame_yaw"":-0.9245691299438477,""pitch_speed"":0.0,""yaw_speed"":0.0}",-4.1797022
11466630697400,fov,2794,"{""zoom"":12.339999198913574,""hfov"":7.293355464935303,""vfov"":4.106302738189697,""state"":0,""max_aov_h"":90.0,""max_aov_v"":58.71550750732422,""min_aov_h"":1.40625,""min_aov_v"":0.7910428047180176,""max_zoom"":64.0}",-4.1778531
11466636411600,position,530,"{""message_type"":""GLOBAL_POSITION_INT"",""lat"":469533473,""lon"":393491970}",-4.1721389
11466636544300,attitude,1060,"{""message_type"":""ATTITUDE"",""time_boot_ms"":115210,""roll"":0.001647914876230061,""pitch"":0.17746105790138245,""yaw"":-3.0965936183929443,""rollspeed"":-0.011890796944499016,""pitchspeed"":0.01418081670999527,""yawspeed"":0.007140732370316982}",-4.1720062
11466636855000,vfr,530,"{""message_type"":""VFR_HUD"",""airspeed"":33.84922790527344,""alt"":135.70999145507812}",-4.1716955
11466652891100,gimbal,2795,"{""imu_roll"":0.0,""imu_pitch"":19.123119354248047,""imu_yaw"":-0.9360849857330322,""frame_roll"":0.0,""frame_pitch"":19.123119354248047,""frame_yaw"":-0.9360849857330322,""pitch_speed"":0.0,""yaw_speed"":0.0}",-4.1556594
11466653152500,fov,2795,"{""zoom"":12.339999198913574,""hfov"":7.293355464935303,""vfov"":4.106302738189697,""state"":0,""max_aov_h"":90.0,""max_aov_v"":58.71550750732422,""min_aov_h"":1.40625,""min_aov_v"":0.7910428047180176,""max_zoom"":64.0}",-4.155398
11466678815700,gimbal,2796,"{""imu_roll"":0.0,""imu_pitch"":19.150836944580078,""imu_yaw"":-0.9500842094421387,""frame_roll"":0.0,""frame_pitch"":19.150836944580078,""frame_yaw"":-0.9500842094421387,""pitch_speed"":0.0,""yaw_speed"":0.0}",-4.1297348
11466679144600,fov,2796,"{""zoom"":12.339999198913574,""hfov"":7.293355464935303,""vfov"":4.106302738189697,""state"":0,""max_aov_h"":90.0,""max_aov_v"":58.71550750732422,""min_aov_h"":1.40625,""min_aov_v"":0.7910428047180176,""max_zoom"":64.0}",-4.1294059
11466682249000,range,1057,"{""message_type"":""GLOBAL_VISION_POSITION_ESTIMATE"",""x"":46.94807815551758,""y"":39.348976135253906}",-4.1263015
11466683307600,target_offset,272,"{""x_angle_offset"":0.6077796220779419,""y_angle_offset"":-1.809814910535459}",-4.1252429
11466699068400,range,1058,"{""message_type"":""GLOBAL_VISION_POSITION_ESTIMATE"",""x"":46.94807815551758,""y"":39.348976135253906}",-4.1094821
11466699247300,attitude,1061,"{""message_type"":""ATTITUDE"",""time_boot_ms"":115270,""roll"":0.0014572730287909508,""pitch"":0.17717288434505463,""yaw"":-3.096165180206299,""rollspeed"":-0.012944362126290798,""pitchspeed"":0.01362151000648737,""yawspeed"":0.006998462602496147}",-4.1093032
11466701440900,gimbal,2797,"{""imu_roll"":0.0,""imu_pitch"":18.727201461791992,""imu_yaw"":-0.805208683013916,""frame_roll"":0.0,""frame_pitch"":18.727201461791992,""frame_yaw"":-0.805208683013916,""pitch_speed"":0.0,""yaw_speed"":0.0}",-4.1071096
11466701625300,fov,2797,"{""zoom"":12.339999198913574,""hfov"":7.293355464935303,""vfov"":4.106302738189697,""state"":0,""max_aov_h"":90.0,""max_aov_v"":58.71550750732422,""min_aov_h"":1.40625,""min_aov_v"":0.7910428047180176,""max_zoom"":64.0}",-4.1069252
11466724397800,gimbal,2798,"{""imu_roll"":0.0,""imu_pitch"":18.42522430419922,""imu_yaw"":-0.7046917080879211,""frame_roll"":0.0,""frame_pitch"":18.42522430419922,""frame_yaw"":-0.7046917080879211,""pitch_speed"":0.0,""yaw_speed"":0.0}",-4.0841527
11466724742600,fov,2798,"{""zoom"":12.339999198913574,""hfov"":7.293355464935303,""vfov"":4.106302738189697,""state"":0,""max_aov_h"":90.0,""max_aov_v"":58.71550750732422,""min_aov_h"":1.40625,""min_aov_v"":0.7910428047180176,""max_zoom"":64.0}",-4.0838079
11466733407200,target_offset,273,"{""x_angle_offset"":0.6077796220779419,""y_angle_offset"":-1.809814910535459}",-4.0751433
11466739596800,vfr,531,"{""message_type"":""VFR_HUD"",""airspeed"":33.82634735107422,""alt"":135.8699951171875}",-4.0689537
11466739706200,position,531,"{""message_type"":""GLOBAL_POSITION_INT"",""lat"":469532819,""lon"":393491921}",-4.0688443
11466739773300,attitude,1062,"{""message_type"":""ATTITUDE"",""time_boot_ms"":115310,""roll"":0.0012855817331001163,""pitch"":0.17702458798885345,""yaw"":-3.0958969593048096,""rollspeed"":-0.013276469893753529,""pitchspeed"":0.013355515897274017,""yawspeed"":0.006763174198567867}",-4.0687772
11466751755900,gimbal,2799,"{""imu_roll"":0.0,""imu_pitch"":17.905250549316406,""imu_yaw"":-0.5278788805007935,""frame_roll"":0.0,""frame_pitch"":17.905250549316406,""frame_yaw"":-0.5278788805007935,""pitch_speed"":0.0,""yaw_speed"":0.0}",-4.0567946
11466752017600,fov,2799,"{""zoom"":12.339999198913574,""hfov"":7.293355464935303,""vfov"":4.106302738189697,""state"":0,""max_aov_h"":90.0,""max_aov_v"":58.71550750732422,""min_aov_h"":1.40625,""min_aov_v"":0.7910428047180176,""max_zoom"":64.0}",-4.0565329
11466775000100,gimbal,2800,"{""imu_roll"":0.0,""imu_pitch"":17.628944396972656,""imu_yaw"":-0.43681636452674866,""frame_roll"":0.0,""frame_pitch"":17.628944396972656,""frame_yaw"":-0.43681636452674866,""pitch_speed"":0.0,""yaw_speed"":0.0}",-4.0335504
11466775300600,fov,2800,"{""zoom"":12.339999198913574,""hfov"":7.293355464935303,""vfov"":4.106302738189697,""state"":0,""max_aov_h"":90.0,""max_aov_v"":58.71550750732422,""min_aov_h"":1.40625,""min_aov_v"":0.7910428047180176,""max_zoom"":64.0}",-4.0332499
11466783975100,target_offset,274,"{""x_angle_offset"":0.6001823768019676,""y_angle_offset"":-1.7641893245555735}",-4.0245754
11466800103600,gimbal,2801,"{""imu_roll"":0.0,""imu_pitch"":17.16240119934082,""imu_yaw"":-0.2806687355041504,""frame_roll"":0.0,""frame_pitch"":17.16240119934082,""frame_yaw"":-0.2806687355041504,""pitch_speed"":0.0,""yaw_speed"":0.0}",-4.0084469
11466800232800,attitude,1063,"{""message_type"":""ATTITUDE"",""time_boot_ms"":115370,""roll"":0.0009720538510009646,""pitch"":0.17687082290649414,""yaw"":-3.095518112182617,""rollspeed"":-0.013783075846731663,""pitchspeed"":0.013084211386740208,""yawspeed"":0.006354516372084618}",-4.0083177
11466800593100,fov,2801,"{""zoom"":12.339999198913574,""hfov"":7.293355464935303,""vfov"":4.106302738189697,""state"":0,""max_aov_h"":90.0,""max_aov_v"":58.71550750732422,""min_aov_h"":1.40625,""min_aov_v"":0.7910428047180176,""max_zoom"":64.0}",-4.0079574
11466805131700,target_offset,275,"{""x_angle_offset"":0.3722650185227394,""y_angle_offset"":-1.6881466812557644}",-4.0034188
11466822453900,gimbal,2802,"{""imu_roll"":0.0,""imu_pitch"":16.77081298828125,""imu_yaw"":-0.19545447826385498,""frame_roll"":0.0,""frame_pitch"":16.77081298828125,""frame_yaw"":-0.19545447826385498,""pitch_speed"":0.0,""yaw_speed"":0.0}",-3.9860966
11466822865900,fov,2802,"{""zoom"":12.339999198913574,""hfov"":7.293355464935303,""vfov"":4.106302738189697,""state"":0,""max_aov_h"":90.0,""max_aov_v"":58.71550750732422,""min_aov_h"":1.40625,""min_aov_v"":0.7910428047180176,""max_zoom"":64.0}",-3.9856846
11466836580000,range,1059,"{""message_type"":""GLOBAL_VISION_POSITION_ESTIMATE"",""x"":46.946388244628906,""y"":39.34876251220703}",-3.9719705
11466837715100,range,1060,"{""message_type"":""GLOBAL_VISION_POSITION_ESTIMATE"",""x"":46.946388244628906,""y"":39.34876251220703}",-3.9708354
11466837935100,attitude,1064,"{""message_type"":""ATTITUDE"",""time_boot_ms"":115410,""roll"":0.0007161438115872443,""pitch"":0.1767796277999878,""yaw"":-3.095285654067993,""rollspeed"":-0.014946185983717442,""pitchspeed"":0.01347858551889658,""yawspeed"":0.006016131490468979}",-3.9706154
11466838204900,vfr,532,"{""message_type"":""VFR_HUD"",""airspeed"":33.81032180786133,""alt"":136.02000427246094}",-3.9703456
11466838306000,position,532,"{""message_type"":""GLOBAL_POSITION_INT"",""lat"":469532819,""lon"":393491921}",-3.9702445
11466846075400,gimbal,2803,"{""imu_roll"":0.0,""imu_pitch"":16.489826202392578,""imu_yaw"":-0.1365540623664856,""frame_roll"":0.0,""frame_pitch"":16.489826202392578,""frame_yaw"":-0.1365540623664856,""pitch_speed"":0.0,""yaw_speed"":0.0}",-3.9624751
11466846366500,fov,2803,"{""zoom"":12.339999198913574,""hfov"":7.293355464935303,""vfov"":4.106302738189697,""state"":0,""max_aov_h"":90.0,""max_aov_v"":58.71550750732422,""min_aov_h"":1.40625,""min_aov_v"":0.7910428047180176,""max_zoom"":64.0}",-3.962184
11466855395200,target_offset,276,"{""x_angle_offset"":0.3494732826948166,""y_angle_offset"":-1.710959474245707}",-3.9531553
11466866168100,gimbal,2804,"{""imu_roll"":0.0,""imu_pitch"":16.11285972595215,""imu_yaw"":-0.06346364319324493,""frame_roll"":0.0,""frame_pitch"":16.11285972595215,""frame_yaw"":-0.06346364319324493,""pitch_speed"":0.0,""yaw_speed"":0.0}",-3.9423824
11466866359000,fov,2804,"{""zoom"":12.339999198913574,""hfov"":7.293355464935303,""vfov"":4.106302738189697,""state"":0,""max_aov_h"":90.0,""max_aov_v"":58.71550750732422,""min_aov_h"":1.40625,""min_aov_v"":0.7910428047180176,""max_zoom"":64.0}",-3.9421915
11466888766600,gimbal,2805,"{""imu_roll"":0.0,""imu_pitch"":15.825106620788574,""imu_yaw"":-0.009352404624223709,""frame_roll"":0.0,""frame_pitch"":15.825106620788574,""frame_yaw"":-0.009352404624223709,""pitch_speed"":0.0,""yaw_speed"":0.0}",-3.9197839
11466889081000,fov,2805,"{""zoom"":12.339999198913574,""hfov"":7.293355464935303,""vfov"":4.106302738189697,""state"":0,""max_aov_h"":90.0,""max_aov_v"":58.71550750732422,""min_aov_h"":1.40625,""min_aov_v"":0.7910428047180176,""max_zoom"":64.0}",-3.9194695
11466904048200,attitude,1065,"{""message_type"":""ATTITUDE"",""time_boot_ms"":115470,""roll"":0.0008366017718799412,""pitch"":0.1766616702079773,""yaw"":-3.0949344635009766,""rollspeed"":0.00032142316922545433,""pitchspeed"":0.013761688023805618,""yawspeed"":0.006365562789142132}",-3.9045023
11466910202500,gimbal,2806,"{""imu_roll"":0.0,""imu_pitch"":15.585078239440918,""imu_yaw"":0.033692941069602966,""frame_roll"":0.0,""frame_pitch"":15.585078239440918,""frame_yaw"":0.033692941069602966,""pitch_speed"":0.0,""yaw_speed"":0.0}",-3.898348
11466910507900,fov,2806,"{""zoom"":12.339999198913574,""hfov"":7.293355464935303,""vfov"":4.106302738189697,""state"":0,""max_aov_h"":90.0,""max_aov_v"":58.71550750732422,""min_aov_h"":1.40625,""min_aov_v"":0.7910428047180176,""max_zoom"":64.0}",-3.8980426
11466937040800,gimbal,2807,"{""imu_roll"":0.0,""imu_pitch"":16.16036033630371,""imu_yaw"":-0.09252271056175232,""frame_roll"":0.0,""frame_pitch"":16.16036033630371,""frame_yaw"":-0.09252271056175232,""pitch_speed"":0.0,""yaw_speed"":0.0}",-3.8715097
11466937378300,fov,2807,"{""zoom"":12.339999198913574,""hfov"":7.293355464935303,""vfov"":4.106302738189697,""state"":0,""max_aov_h"":90.0,""max_aov_v"":58.71550750732422,""min_aov_h"":1.40625,""min_aov_v"":0.7910428047180176,""max_zoom"":64.0}",-3.8711722
11466947264200,attitude,1066,"{""message_type"":""ATTITUDE"",""time_boot_ms"":115510,""roll"":0.0018026402685791254,""pitch"":0.17657814919948578,""yaw"":-3.0946671962738037,""rollspeed"":0.020604465156793594,""pitchspeed"":0.01358788926154375,""yawspeed"":0.007395841181278229}",-3.8612863
11466947563800,vfr,533,"{""message_type"":""VFR_HUD"",""airspeed"":33.79909896850586,""alt"":136.1999969482422}",-3.8609867
11466947661000,position,533,"{""message_type"":""GLOBAL_POSITION_INT"",""lat"":469532163,""lon"":393491872}",-3.8608895
11466959372600,gimbal,2808,"{""imu_roll"":0.0,""imu_pitch"":16.54383659362793,""imu_yaw"":-0.17957979440689087,""frame_roll"":0.0,""frame_pitch"":16.54383659362793,""frame_yaw"":-0.17957979440689087,""pitch_speed"":0.0,""yaw_speed"":0.0}",-3.8491779
11466959691400,fov,2808,"{""zoom"":12.339999198913574,""hfov"":7.293355464935303,""vfov"":4.106302738189697,""state"":0,""max_aov_h"":90.0,""max_aov_v"":58.71550750732422,""min_aov_h"":1.40625,""min_aov_v"":0.7910428047180176,""max_zoom"":64.0}",-3.8488591
11466983985900,gimbal,2809,"{""imu_roll"":0.0,""imu_pitch"":16.866012573242188,""imu_yaw"":-0.25544723868370056,""frame_roll"":0.0,""frame_pitch"":16.866012573242188,""frame_yaw"":-0.25544723868370056,""pitch_speed"":0.0,""yaw_speed"":0.0}",-3.8245646
11466984375100,fov,2809,"{""zoom"":12.339999198913574,""hfov"":7.293355464935303,""vfov"":4.106302738189697,""state"":0,""max_aov_h"":90.0,""max_aov_v"":58.71550750732422,""min_aov_h"":1.40625,""min_aov_v"":0.7910428047180176,""max_zoom"":64.0}",-3.8241754
11467006010200,gimbal,2810,"{""imu_roll"":0.0,""imu_pitch"":17.069854736328125,""imu_yaw"":-0.30652475357055664,""frame_roll"":0.0,""frame_pitch"":17.069854736328125,""frame_yaw"":-0.30652475357055664,""pitch_speed"":0.0,""yaw_speed"":0.0}",-3.8025403
11467006675700,fov,2810,"{""zoom"":12.339999198913574,""hfov"":7.293355464935303,""vfov"":4.106302738189697,""state"":0,""max_aov_h"":90.0,""max_aov_v"":58.71550750732422,""min_aov_h"":1.40625,""min_aov_v"":0.7910428047180176,""max_zoom"":64.0}",-3.8018748
11467008123600,range,1061,"{""message_type"":""GLOBAL_VISION_POSITION_ESTIMATE"",""x"":46.94632339477539,""y"":39.348777770996094}",-3.8004269
11467012691100,range,1062,"{""message_type"":""GLOBAL_VISION_POSITION_ESTIMATE"",""x"":46.94632339477539,""y"":39.348777770996094}",-3.7958594
11467012840500,attitude,1067,"{""message_type"":""ATTITUDE"",""time_boot_ms"":115570,""roll"":0.0047659557312726974,""pitch"":0.17633874714374542,""yaw"":-3.0942177772521973,""rollspeed"":0.05128229409456253,""pitchspeed"":0.013945001177489758,""yawspeed"":0.009240533225238323}",-3.79571
11467028399900,gimbal,2811,"{""imu_roll"":0.0,""imu_pitch"":17.246749877929688,""imu_yaw"":-0.35372820496559143,""frame_roll"":0.0,""frame_pitch"":17.246749877929688,""frame_yaw"":-0.35372820496559143,""pitch_speed"":0.0,""yaw_speed"":0.0}",-3.7801506
11467028706200,fov,2811,"{""zoom"":12.339999198913574,""hfov"":7.293355464935303,""vfov"":4.106302738189697,""state"":0,""max_aov_h"":90.0,""max_aov_v"":58.71550750732422,""min_aov_h"":1.40625,""min_aov_v"":0.7910428047180176,""max_zoom"":64.0}",-3.7798443
11467050278300,gimbal,2812,"{""imu_roll"":0.0,""imu_pitch"":17.367311477661133,""imu_yaw"":-0.3889286518096924,""frame_roll"":0.0,""frame_pitch"":17.367311477661133,""frame_yaw"":-0.3889286518096924,""pitch_speed"":0.0,""yaw_speed"":0.0}",-3.7582722
11467050560900,fov,2812,"{""zoom"":12.339999198913574,""hfov"":7.293355464935303,""vfov"":4.106302738189697,""state"":0,""max_aov_h"":90.0,""max_aov_v"":58.71550750732422,""min_aov_h"":1.40625,""min_aov_v"":0.7910428047180176,""max_zoom"":64.0}",-3.7579896
11467053844300,vfr,534,"{""message_type"":""VFR_HUD"",""airspeed"":33.765419006347656,""alt"":136.3699951171875}",-3.7547062
11467054018900,position,534,"{""message_type"":""GLOBAL_POSITION_INT"",""lat"":469532163,""lon"":393491872}",-3.7545316
11467054133200,attitude,1068,"{""message_type"":""ATTITUDE"",""time_boot_ms"":115610,""roll"":0.007633958011865616,""pitch"":0.17618848383426666,""yaw"":-3.0938990116119385,""rollspeed"":0.06788086891174316,""pitchspeed"":0.014120426960289478,""yawspeed"":0.010328075848519802}",-3.7544173
11467069388800,gimbal,2813,"{""imu_roll"":0.0,""imu_pitch"":17.474472045898438,""imu_yaw"":-0.42338356375694275,""frame_roll"":0.0,""frame_pitch"":17.474472045898438,""frame_yaw"":-0.42338356375694275,""pitch_speed"":0.0,""yaw_speed"":0.0}",-3.7391617
11467069872000,fov,2813,"{""zoom"":12.339999198913574,""hfov"":7.293355464935303,""vfov"":4.106302738189697,""state"":0,""max_aov_h"":90.0,""max_aov_v"":58.71550750732422,""min_aov_h"":1.40625,""min_aov_v"":0.7910428047180176,""max_zoom"":64.0}",-3.7386785
11467096371800,gimbal,2814,"{""imu_roll"":0.0,""imu_pitch"":17.558252334594727,""imu_yaw"":-0.45324447751045227,""frame_roll"":0.0,""frame_pitch"":17.558252334594727,""frame_yaw"":-0.45324447751045227,""pitch_speed"":0.0,""yaw_speed"":0.0}",-3.7121787
11467096628600,fov,2814,"{""zoom"":12.339999198913574,""hfov"":7.293355464935303,""vfov"":4.106302738189697,""state"":0,""max_aov_h"":90.0,""max_aov_v"":58.71550750732422,""min_aov_h"":1.40625,""min_aov_v"":0.7910428047180176,""max_zoom"":64.0}",-3.7119219
11467121947300,gimbal,2815,"{""imu_roll"":0.0,""imu_pitch"":17.628280639648438,""imu_yaw"":-0.48244717717170715,""frame_roll"":0.0,""frame_pitch"":17.628280639648438,""frame_yaw"":-0.48244717717170715,""pitch_speed"":0.0,""yaw_speed"":0.0}",-3.6866032
11467122407000,fov,2815,"{""zoom"":12.339999198913574,""hfov"":7.293355464935303,""vfov"":4.106302738189697,""state"":0,""max_aov_h"":90.0,""max_aov_v"":58.71550750732422,""min_aov_h"":1.40625,""min_aov_v"":0.7910428047180176,""max_zoom"":64.0}",-3.6861435
11467125993800,attitude,1069,"{""message_type"":""ATTITUDE"",""time_boot_ms"":115670,""roll"":0.013005807995796204,""pitch"":0.1759711503982544,""yaw"":-3.093369483947754,""rollspeed"":0.08776924014091492,""pitchspeed"":0.01434064656496048,""yawspeed"":0.011908060871064663}",-3.6825567
11467127539000,target_offset,277,"{""x_angle_offset"":0.44823747128248215,""y_angle_offset"":-1.9390874041451347}",-3.6810115
11467141058700,gimbal,2816,"{""imu_roll"":0.0,""imu_pitch"":17.15620994567871,""imu_yaw"":-0.37038612365722656,""frame_roll"":0.0,""frame_pitch"":17.15620994567871,""frame_yaw"":-0.37038612365722656,""pitch_speed"":0.0,""yaw_speed"":0.0}",-3.6674918
11467141894500,fov,2816,"{""zoom"":12.339999198913574,""hfov"":7.293355464935303,""vfov"":4.106302738189697,""state"":0,""max_aov_h"":90.0,""max_aov_v"":58.71550750732422,""min_aov_h"":1.40625,""min_aov_v"":0.7910428047180176,""max_zoom"":64.0}",-3.666656
11467165438700,gimbal,2817,"{""imu_roll"":0.0,""imu_pitch"":16.832998275756836,""imu_yaw"":-0.2977338135242462,""frame_roll"":0.0,""frame_pitch"":16.832998275756836,""frame_yaw"":-0.2977338135242462,""pitch_speed"":0.0,""yaw_speed"":0.0}",-3.6431118
11467165705000,position,535,"{""message_type"":""GLOBAL_POSITION_INT"",""lat"":469532163,""lon"":393491872}",-3.6428455
11467165845500,attitude,1070,"{""message_type"":""ATTITUDE"",""time_boot_ms"":115710,""roll"":0.017090484499931335,""pitch"":0.17583067715168,""yaw"":-3.093013048171997,""rollspeed"":0.09642550349235535,""pitchspeed"":0.014461979269981384,""yawspeed"":0.012836492620408535}",-3.642705
11467166304900,vfr,535,"{""message_type"":""VFR_HUD"",""airspeed"":33.7418212890625,""alt"":136.55999755859375}",-3.6422456
11467166506100,range,1063,"{""message_type"":""GLOBAL_VISION_POSITION_ESTIMATE"",""x"":46.94632339477539,""y"":39.34880065917969}",-3.6420444
11467167086000,fov,2817,"{""zoom"":12.339999198913574,""hfov"":7.293355464935303,""vfov"":4.106302738189697,""state"":0,""max_aov_h"":90.0,""max_aov_v"":58.71550750732422,""min_aov_h"":1.40625,""min_aov_v"":0.7910428047180176,""max_zoom"":64.0}",-3.6414645
11467173588300,target_offset,278,"{""x_angle_offset"":0.4938209429383278,""y_angle_offset"":-2.015130047444944}",-3.6349622
11467185201100,range,1064,"{""message_type"":""GLOBAL_VISION_POSITION_ESTIMATE"",""x"":46.94632339477539,""y"":39.34880065917969}",-3.6233494
11467186928700,gimbal,2818,"{""imu_roll"":0.0,""imu_pitch"":16.355304718017578,""imu_yaw"":-0.18594589829444885,""frame_roll"":0.0,""frame_pitch"":16.355304718017578,""frame_yaw"":-0.18594589829444885,""pitch_speed"":0.0,""yaw_speed"":0.0}",-3.6216218
11467187225500,fov,2818,"{""zoom"":12.339999198913574,""hfov"":7.293355464935303,""vfov"":4.106302738189697,""state"":0,""max_aov_h"":90.0,""max_aov_v"":58.71550750732422,""min_aov_h"":1.40625,""min_aov_v"":0.7910428047180176,""max_zoom"":64.0}",-3.621325
11467208371200,gimbal,2819,"{""imu_roll"":0.0,""imu_pitch"":16.046676635742188,""imu_yaw"":-0.11723139137029648,""frame_roll"":0.0,""frame_pitch"":16.046676635742188,""frame_yaw"":-0.11723139137029648,""pitch_speed"":0.0,""yaw_speed"":0.0}",-3.6001793
11467208657600,fov,2819,"{""zoom"":12.339999198913574,""hfov"":7.293355464935303,""vfov"":4.106302738189697,""state"":0,""max_aov_h"":90.0,""max_aov_v"":58.71550750732422,""min_aov_h"":1.40625,""min_aov_v"":0.7910428047180176,""max_zoom"":64.0}",-3.5998929
11467219552200,target_offset,279,"{""x_angle_offset"":0.5621961504220963,""y_angle_offset"":-2.091172690744753}",-3.5889983
11467227503700,attitude,1071,"{""message_type"":""ATTITUDE"",""time_boot_ms"":115770,""roll"":0.02377968095242977,""pitch"":0.17571793496608734,""yaw"":-3.0924415588378906,""rollspeed"":0.1062764972448349,""pitchspeed"":0.013984445482492447,""yawspeed"":0.013350918889045715}",-3.5810468
11467229150900,gimbal,2820,"{""imu_roll"":0.0,""imu_pitch"":15.575846672058105,""imu_yaw"":0.007935233414173126,""frame_roll"":0.0,""frame_pitch"":15.575846672058105,""frame_yaw"":0.007935233414173126,""pitch_speed"":0.0,""yaw_speed"":0.0}",-3.5793996
11467229407400,fov,2820,"{""zoom"":12.339999198913574,""hfov"":7.293355464935303,""vfov"":4.106302738189697,""state"":0,""max_aov_h"":90.0,""max_aov_v"":58.71550750732422,""min_aov_h"":1.40625,""min_aov_v"":0.7910428047180176,""max_zoom"":64.0}",-3.5791431
11467256048200,gimbal,2821,"{""imu_roll"":0.0,""imu_pitch"":16.29929542541504,""imu_yaw"":-0.05427216738462448,""frame_roll"":0.0,""frame_pitch"":16.29929542541504,""frame_yaw"":-0.05427216738462448,""pitch_speed"":0.0,""yaw_speed"":0.0}",-3.5525023
11467256351000,fov,2821,"{""zoom"":12.339999198913574,""hfov"":7.293355464935303,""vfov"":4.106302738189697,""state"":0,""max_aov_h"":90.0,""max_aov_v"":58.71550750732422,""min_aov_h"":1.40625,""min_aov_v"":0.7910428047180176,""max_zoom"":64.0}",-3.5521995
11467269114400,vfr,536,"{""message_type"":""VFR_HUD"",""airspeed"":33.72529220581055,""alt"":136.739990234375}",-3.5394361
11467269225300,position,536,"{""message_type"":""GLOBAL_POSITION_INT"",""lat"":469531511,""lon"":393491819}",-3.5393252
11467269290200,attitude,1072,"{""message_type"":""ATTITUDE"",""time_boot_ms"":115810,""roll"":0.02865336835384369,""pitch"":0.17568784952163696,""yaw"":-3.0920443534851074,""rollspeed"":0.11531811207532883,""pitchspeed"":0.014457536861300468,""yawspeed"":0.014441842213273048}",-3.5392603
11467281726300,gimbal,2822,"{""imu_roll"":0.0,""imu_pitch"":16.834915161132812,""imu_yaw"":-0.08269788324832916,""frame_roll"":0.0,""frame_pitch"":16.834915161132812,""frame_yaw"":-0.08269788324832916,""pitch_speed"":0.0,""yaw_speed"":0.0}",-3.5268242
11467281994200,fov,2822,"{""zoom"":12.339999198913574,""hfov"":7.293355464935303,""vfov"":4.106302738189697,""state"":0,""max_aov_h"":90.0,""max_aov_v"":58.71550750732422,""min_aov_h"":1.40625,""min_aov_v"":0.7910428047180176,""max_zoom"":64.0}",-3.5265563
11467308588200,gimbal,2823,"{""imu_roll"":0.0,""imu_pitch"":17.361772537231445,""imu_yaw"":-0.11747876554727554,""frame_roll"":0.0,""frame_pitch"":17.361772537231445,""frame_yaw"":-0.11747876554727554,""pitch_speed"":0.0,""yaw_speed"":0.0}",-3.4999623
11467308820400,fov,2823,"{""zoom"":12.339999198913574,""hfov"":7.293355464935303,""vfov"":4.106302738189697,""state"":0,""max_aov_h"":90.0,""max_aov_v"":58.71550750732422,""min_aov_h"":1.40625,""min_aov_v"":0.7910428047180176,""max_zoom"":64.0}",-3.4997301
11467319632200,range,1065,"{""message_type"":""GLOBAL_VISION_POSITION_ESTIMATE"",""x"":46.94707489013672,""y"":39.34882736206055}",-3.4889183
11467335296800,gimbal,2824,"{""imu_roll"":0.0,""imu_pitch"":17.6859130859375,""imu_yaw"":-0.14657168090343475,""frame_roll"":0.0,""frame_pitch"":17.6859130859375,""frame_yaw"":-0.14657168090343475,""pitch_speed"":0.0,""yaw_speed"":0.0}",-3.4732537
11467335521900,range,1066,"{""message_type"":""GLOBAL_VISION_POSITION_ESTIMATE"",""x"":46.94707489013672,""y"":39.34882736206055}",-3.4730286
11467335644100,attitude,1073,"{""message_type"":""ATTITUDE"",""time_boot_ms"":115870,""roll"":0.036849990487098694,""pitch"":0.17564502358436584,""yaw"":-3.091359853744507,""rollspeed"":0.1338261514902115,""pitchspeed"":0.014513084664940834,""yawspeed"":0.01650919020175934}",-3.4729064
11467336460700,fov,2824,"{""zoom"":12.339999198913574,""hfov"":7.293355464935303,""vfov"":4.106302738189697,""state"":0,""max_aov_h"":90.0,""max_aov_v"":58.71550750732422,""min_aov_h"":1.40625,""min_aov_v"":0.7910428047180176,""max_zoom"":64.0}",-3.4720898
11467358591700,gimbal,2825,"{""imu_roll"":0.0,""imu_pitch"":17.895462036132812,""imu_yaw"":-0.17185628414154053,""frame_roll"":0.0,""frame_pitch"":17.895462036132812,""frame_yaw"":-0.17185628414154053,""pitch_speed"":0.0,""yaw_speed"":0.0}",-3.4499588
11467358864900,fov,2825,"{""zoom"":12.339999198913574,""hfov"":7.293355464935303,""vfov"":4.106302738189697,""state"":0,""max_aov_h"":90.0,""max_aov_v"":58.71550750732422,""min_aov_h"":1.40625,""min_aov_v"":0.7910428047180176,""max_zoom"":64.0}",-3.4496856
11467372098600,attitude,1074,"{""message_type"":""ATTITUDE"",""time_boot_ms"":115910,""roll"":0.04293311759829521,""pitch"":0.17561404407024384,""yaw"":-3.090858221054077,""rollspeed"":0.14535602927207947,""pitchspeed"":0.014557757414877415,""yawspeed"":0.01793777570128441}",-3.4364519
11467372370800,vfr,537,"{""message_type"":""VFR_HUD"",""airspeed"":33.68773651123047,""alt"":136.91000366210938}",-3.4361797
11467372456200,position,537,"{""message_type"":""GLOBAL_POSITION_INT"",""lat"":469531511,""lon"":393491819}",-3.4360943
11467381980300,gimbal,2826,"{""imu_roll"":0.0,""imu_pitch"":18.05193328857422,""imu_yaw"":-0.19667258858680725,""frame_roll"":0.0,""frame_pitch"":18.05193328857422,""frame_yaw"":-0.19667258858680725,""pitch_speed"":0.0,""yaw_speed"":0.0}",-3.4265702
11467382283600,fov,2826,"{""zoom"":12.339999198913574,""hfov"":7.293355464935303,""vfov"":4.106302738189697,""state"":0,""max_aov_h"":90.0,""max_aov_v"":58.71550750732422,""min_aov_h"":1.40625,""min_aov_v"":0.7910428047180176,""max_zoom"":64.0}",-3.4262669
11467387912800,target_offset,280,"{""x_angle_offset"":0.36466777324676514,""y_angle_offset"":-2.091172690744753}",-3.4206377
11467413006100,target_offset,281,"{""x_angle_offset"":0.23551460355520248,""y_angle_offset"":-2.0683598977548106}",-3.3955444
11467415992300,gimbal,2827,"{""imu_roll"":0.0,""imu_pitch"":17.40346908569336,""imu_yaw"":-0.0884355902671814,""frame_roll"":0.0,""frame_pitch"":17.40346908569336,""frame_yaw"":-0.0884355902671814,""pitch_speed"":0.0,""yaw_speed"":0.0}",-3.3925582
11467416140700,fov,2827,"{""zoom"":12.339999198913574,""hfov"":7.293355464935303,""vfov"":4.106302738189697,""state"":0,""max_aov_h"":90.0,""max_aov_v"":58.71550750732422,""min_aov_h"":1.40625,""min_aov_v"":0.7910428047180176,""max_zoom"":64.0}",-3.3924098
11467433129700,gimbal,2828,"{""imu_roll"":0.0,""imu_pitch"":17.087448120117188,""imu_yaw"":-0.06402488052845001,""frame_roll"":0.0,""frame_pitch"":17.087448120117188,""frame_yaw"":-0.06402488052845001,""pitch_speed"":0.0,""yaw_speed"":0.0}",-3.3754208
11467433426700,fov,2828,"{""zoom"":12.339999198913574,""hfov"":7.293355464935303,""vfov"":4.106302738189697,""state"":0,""max_aov_h"":90.0,""max_aov_v"":58.71550750732422,""min_aov_h"":1.40625,""min_aov_v"":0.7910428047180176,""max_zoom"":64.0}",-3.3751238
11467437977600,attitude,1075,"{""message_type"":""ATTITUDE"",""time_boot_ms"":115970,""roll"":0.05267851799726486,""pitch"":0.17560765147209167,""yaw"":-3.0900118350982666,""rollspeed"":0.15585386753082275,""pitchspeed"":0.014470886439085007,""yawspeed"":0.019870217889547348}",-3.3705729
11467458083900,gimbal,2829,"{""imu_roll"":0.0,""imu_pitch"":16.82625961303711,""imu_yaw"":-0.05156050622463226,""frame_roll"":0.0,""frame_pitch"":16.82625961303711,""frame_yaw"":-0.05156050622463226,""pitch_speed"":0.0,""yaw_speed"":0.0}",-3.3504666
11467458752400,fov,2829,"{""zoom"":12.339999198913574,""hfov"":7.293355464935303,""vfov"":4.106302738189697,""state"":0,""max_aov_h"":90.0,""max_aov_v"":58.71550750732422,""min_aov_h"":1.40625,""min_aov_v"":0.7910428047180176,""max_zoom"":64.0}",-3.3497981
11467467837400,target_offset,282,"{""x_angle_offset"":0.3722650185227394,""y_angle_offset"":-2.0683598977548106}",-3.3407131
11467483583500,attitude,1076,"{""message_type"":""ATTITUDE"",""time_boot_ms"":116010,""roll"":0.05943512171506882,""pitch"":0.17566712200641632,""yaw"":-3.089406967163086,""rollspeed"":0.16127288341522217,""pitchspeed"":0.014435741119086742,""yawspeed"":0.021179864183068275}",-3.324967
11467483885300,vfr,538,"{""message_type"":""VFR_HUD"",""airspeed"":33.66142272949219,""alt"":137.09999084472656}",-3.3246652
11467483980800,position,538,"{""message_type"":""GLOBAL_POSITION_INT"",""lat"":469530862,""lon"":393491762}",-3.3245697
11467484463500,gimbal,2830,"{""imu_roll"":0.0,""imu_pitch"":16.261743545532227,""imu_yaw"":0.04579892009496689,""frame_roll"":0.0,""frame_pitch"":16.261743545532227,""frame_yaw"":0.04579892009496689,""pitch_speed"":0.0,""yaw_speed"":0.0}",-3.324087
11467484666500,fov,2830,"{""zoom"":12.339999198913574,""hfov"":7.293355464935303,""vfov"":4.106302738189697,""state"":0,""max_aov_h"":90.0,""max_aov_v"":58.71550750732422,""min_aov_h"":1.40625,""min_aov_v"":0.7910428047180176,""max_zoom"":64.0}",-3.323884
11467491197700,range,1067,"{""message_type"":""GLOBAL_VISION_POSITION_ESTIMATE"",""x"":46.94538497924805,""y"":39.3487548828125}",-3.3173528
11467492254200,target_offset,283,"{""x_angle_offset"":0.15954215079545975,""y_angle_offset"":-2.1291940123946578}",-3.3162963
11467505979100,range,1068,"{""message_type"":""GLOBAL_VISION_POSITION_ESTIMATE"",""x"":46.94538497924805,""y"":39.3487548828125}",-3.3025714
11467508269900,gimbal,2831,"{""imu_roll"":0.0,""imu_pitch"":15.7448148727417,""imu_yaw"":0.08261928707361221,""frame_roll"":0.0,""frame_pitch"":15.7448148727417,""frame_yaw"":0.08261928707361221,""pitch_speed"":0.0,""yaw_speed"":0.0}",-3.3002806
11467508441100,fov,2831,"{""zoom"":12.339999198913574,""hfov"":7.293355464935303,""vfov"":4.106302738189697,""state"":0,""max_aov_h"":90.0,""max_aov_v"":58.71550750732422,""min_aov_h"":1.40625,""min_aov_v"":0.7910428047180176,""max_zoom"":64.0}",-3.3001094
11467535098900,gimbal,2832,"{""imu_roll"":0.0,""imu_pitch"":15.316401481628418,""imu_yaw"":0.10544268786907196,""frame_roll"":0.0,""frame_pitch"":15.316401481628418,""frame_yaw"":0.10544268786907196,""pitch_speed"":0.0,""yaw_speed"":0.0}",-3.2734516
11467535403200,fov,2832,"{""zoom"":12.339999198913574,""hfov"":7.293355464935303,""vfov"":4.106302738189697,""state"":0,""max_aov_h"":90.0,""max_aov_v"":58.71550750732422,""min_aov_h"":1.40625,""min_aov_v"":0.7910428047180176,""max_zoom"":64.0}",-3.2731473
11467540073900,target_offset,284,"{""x_angle_offset"":-0.09876418858766556,""y_angle_offset"":-2.1291940123946578}",-3.2684766
11467548269100,attitude,1077,"{""message_type"":""ATTITUDE"",""time_boot_ms"":116070,""roll"":0.07011015713214874,""pitch"":0.17573274672031403,""yaw"":-3.0883915424346924,""rollspeed"":0.1715647280216217,""pitchspeed"":0.014175981283187866,""yawspeed"":0.023345302790403366}",-3.2602814
11467559513200,gimbal,2833,"{""imu_roll"":0.0,""imu_pitch"":14.832818984985352,""imu_yaw"":0.08153513818979263,""frame_roll"":0.0,""frame_pitch"":14.832818984985352,""frame_yaw"":0.08153513818979263,""pitch_speed"":0.0,""yaw_speed"":0.0}",-3.2490373
11467559839900,fov,2833,"{""zoom"":12.339999198913574,""hfov"":7.293355464935303,""vfov"":4.106302738189697,""state"":0,""max_aov_h"":90.0,""max_aov_v"":58.71550750732422,""min_aov_h"":1.40625,""min_aov_v"":0.7910428047180176,""max_zoom"":64.0}",-3.2487106
11467580199500,gimbal,2834,"{""imu_roll"":0.0,""imu_pitch"":14.483067512512207,""imu_yaw"":0.05683693289756775,""frame_roll"":0.0,""frame_pitch"":14.483067512512207,""frame_yaw"":0.05683693289756775,""pitch_speed"":0.0,""yaw_speed"":0.0}",-3.228351
11467580490700,fov,2834,"{""zoom"":12.339999198913574,""hfov"":7.293355464935303,""vfov"":4.106302738189697,""state"":0,""max_aov_h"":90.0,""max_aov_v"":58.71550750732422,""min_aov_h"":1.40625,""min_aov_v"":0.7910428047180176,""max_zoom"":64.0}",-3.2280598
11467589813600,target_offset,285,"{""x_angle_offset"":-0.25070909410715103,""y_angle_offset"":-2.1824238627045243}",-3.2187369
11467595543600,position,539,"{""message_type"":""GLOBAL_POSITION_INT"",""lat"":469530862,""lon"":393491762}",-3.2130069
11467595658400,attitude,1078,"{""message_type"":""ATTITUDE"",""time_boot_ms"":116110,""roll"":0.07752583175897598,""pitch"":0.17576119303703308,""yaw"":-3.0876622200012207,""rollspeed"":0.17689149081707,""pitchspeed"":0.014166798442602158,""yawspeed"":0.024899357929825783}",-3.2128921
11467595876800,vfr,539,"{""message_type"":""VFR_HUD"",""airspeed"":33.64299011230469,""alt"":137.3000030517578}",-3.2126737
11467608033500,gimbal,2835,"{""imu_roll"":0.0,""imu_pitch"":13.829261779785156,""imu_yaw"":-0.01228252798318863,""frame_roll"":0.0,""frame_pitch"":13.829261779785156,""frame_yaw"":-0.01228252798318863,""pitch_speed"":0.0,""yaw_speed"":0.0}",-3.200517
11467608647700,fov,2835,"{""zoom"":12.339999198913574,""hfov"":7.293355464935303,""vfov"":4.106302738189697,""state"":0,""max_aov_h"":90.0,""max_aov_v"":58.71550750732422,""min_aov_h"":1.40625,""min_aov_v"":0.7910428047180176,""max_zoom"":64.0}",-3.1999028
11467612328300,target_offset,286,"{""x_angle_offset"":-0.30388981103897095,""y_angle_offset"":-2.083568426414772}",-3.1962222
11467631316700,gimbal,2836,"{""imu_roll"":0.0,""imu_pitch"":13.378273963928223,""imu_yaw"":-0.07583265006542206,""frame_roll"":0.0,""frame_pitch"":13.378273963928223,""frame_yaw"":-0.07583265006542206,""pitch_speed"":0.0,""yaw_speed"":0.0}",-3.1772338
11467631785000,fov,2836,"{""zoom"":12.339999198913574,""hfov"":7.293355464935303,""vfov"":4.106302738189697,""state"":0,""max_aov_h"":90.0,""max_aov_v"":58.71550750732422,""min_aov_h"":1.40625,""min_aov_v"":0.7910428047180176,""max_zoom"":64.0}",-3.1767655
11467645052200,range,1069,"{""message_type"":""GLOBAL_VISION_POSITION_ESTIMATE"",""x"":46.93890380859375,""y"":39.348453521728516}",-3.1634983
11467655429300,range,1070,"{""message_type"":""GLOBAL_VISION_POSITION_ESTIMATE"",""x"":46.93890380859375,""y"":39.348453521728516}",-3.1531212
11467655574700,attitude,1079,"{""message_type"":""ATTITUDE"",""time_boot_ms"":116170,""roll"":0.0889887735247612,""pitch"":0.1757717877626419,""yaw"":-3.0864505767822266,""rollspeed"":0.18261227011680603,""pitchspeed"":0.013863076455891132,""yawspeed"":0.02709088660776615}",-3.1529758
11467656721400,gimbal,2837,"{""imu_roll"":0.0,""imu_pitch"":14.969354629516602,""imu_yaw"":0.07188375294208527,""frame_roll"":0.0,""frame_pitch"":14.969354629516602,""frame_yaw"":0.07188375294208527,""pitch_speed"":0.0,""yaw_speed"":0.0}",-3.1518291
11467656994900,fov,2837,"{""zoom"":12.339999198913574,""hfov"":7.293355464935303,""vfov"":4.106302738189697,""state"":0,""max_aov_h"":90.0,""max_aov_v"":58.71550750732422,""min_aov_h"":1.40625,""min_aov_v"":0.7910428047180176,""max_zoom"":64.0}",-3.1515556
11467661375000,target_offset,287,"{""x_angle_offset"":-0.25070909410715103,""y_angle_offset"":-2.1444025410546197}",-3.1471755
11467683788600,gimbal,2838,"{""imu_roll"":0.0,""imu_pitch"":14.467894554138184,""imu_yaw"":0.014367770403623581,""frame_roll"":0.0,""frame_pitch"":14.467894554138184,""frame_yaw"":0.014367770403623581,""pitch_speed"":0.0,""yaw_speed"":0.0}",-3.1247619
11467684105100,fov,2838,"{""zoom"":12.339999198913574,""hfov"":7.293355464935303,""vfov"":4.106302738189697,""state"":0,""max_aov_h"":90.0,""max_aov_v"":58.71550750732422,""min_aov_h"":1.40625,""min_aov_v"":0.7910428047180176,""max_zoom"":64.0}",-3.1244454
11467690801000,target_offset,288,"{""x_angle_offset"":-0.1139586791396141,""y_angle_offset"":-2.113985483734696}",-3.1177495
11467698531900,vfr,540,"{""message_type"":""VFR_HUD"",""airspeed"":33.60413360595703,""alt"":137.489990234375}",-3.1100186
11467698603800,position,540,"{""message_type"":""GLOBAL_POSITION_INT"",""lat"":469530213,""lon"":393491699}",-3.1099467
11467698670500,attitude,1080,"{""message_type"":""ATTITUDE"",""time_boot_ms"":116210,""roll"":0.09666729718446732,""pitch"":0.17569123208522797,""yaw"":-3.0855801105499268,""rollspeed"":0.1828654706478119,""pitchspeed"":0.01367298886179924,""yawspeed"":0.028522934764623642}",-3.10988
11467708228200,gimbal,2839,"{""imu_roll"":0.0,""imu_pitch"":15.78203296661377,""imu_yaw"":0.15947027504444122,""frame_roll"":0.0,""frame_pitch"":15.78203296661377,""frame_yaw"":0.15947027504444122,""pitch_speed"":0.0,""yaw_speed"":0.0}",-3.1003223
11467708481900,fov,2839,"{""zoom"":12.339999198913574,""hfov"":7.293355464935303,""vfov"":4.106302738189697,""state"":0,""max_aov_h"":90.0,""max_aov_v"":58.71550750732422,""min_aov_h"":1.40625,""min_aov_v"":0.7910428047180176,""max_zoom"":64.0}",-3.1000686
11467730249800,gimbal,2840,"{""imu_roll"":0.0,""imu_pitch"":16.6295223236084,""imu_yaw"":0.24146650731563568,""frame_roll"":0.0,""frame_pitch"":16.6295223236084,""frame_yaw"":0.24146650731563568,""pitch_speed"":0.0,""yaw_speed"":0.0}",-3.0783007
11467730502000,fov,2840,"{""zoom"":12.339999198913574,""hfov"":7.293355464935303,""vfov"":4.106302738189697,""state"":0,""max_aov_h"":90.0,""max_aov_v"":58.71550750732422,""min_aov_h"":1.40625,""min_aov_v"":0.7910428047180176,""max_zoom"":64.0}",-3.0780485
11467736957100,target_offset,289,"{""x_angle_offset"":0.19752837717533112,""y_angle_offset"":-2.091172690744753}",-3.0715934
11467758487300,gimbal,2841,"{""imu_roll"":0.0,""imu_pitch"":17.504440307617188,""imu_yaw"":0.37003636360168457,""frame_roll"":0.0,""frame_pitch"":17.504440307617188,""frame_yaw"":0.37003636360168457,""pitch_speed"":0.0,""yaw_speed"":0.0}",-3.0500632
11467758774700,fov,2841,"{""zoom"":12.339999198913574,""hfov"":7.293355464935303,""vfov"":4.106302738189697,""state"":0,""max_aov_h"":90.0,""max_aov_v"":58.71550750732422,""min_aov_h"":1.40625,""min_aov_v"":0.7910428047180176,""max_zoom"":64.0}",-3.0497758
11467760226500,attitude,1081,"{""message_type"":""ATTITUDE"",""time_boot_ms"":116270,""roll"":0.10799428820610046,""pitch"":0.1755550652742386,""yaw"":-3.084169864654541,""rollspeed"":0.1766592562198639,""pitchspeed"":0.014015136286616325,""yawspeed"":0.030262872576713562}",-3.048324
11467782780300,gimbal,2842,"{""imu_roll"":0.0,""imu_pitch"":18.037132263183594,""imu_yaw"":0.4348785877227783,""frame_roll"":0.0,""frame_pitch"":18.037132263183594,""frame_yaw"":0.4348785877227783,""pitch_speed"":0.0,""yaw_speed"":0.0}",-3.0257702
11467785907300,fov,2842,"{""zoom"":12.339999198913574,""hfov"":7.293355464935303,""vfov"":4.106302738189697,""state"":0,""max_aov_h"":90.0,""max_aov_v"":58.71550750732422,""min_aov_h"":1.40625,""min_aov_v"":0.7910428047180176,""max_zoom"":64.0}",-3.0226432
11467786310300,range,1071,"{""message_type"":""GLOBAL_VISION_POSITION_ESTIMATE"",""x"":46.94694519042969,""y"":39.34889221191406}",-3.0222402
11467791913900,target_offset,290,"{""x_angle_offset"":0.06077796220779419,""y_angle_offset"":-2.091172690744753}",-3.0166366
11467798733000,attitude,1082,"{""message_type"":""ATTITUDE"",""time_boot_ms"":116310,""roll"":0.11511178314685822,""pitch"":0.17545759677886963,""yaw"":-3.083191156387329,""rollspeed"":0.16578367352485657,""pitchspeed"":0.01401195302605629,""yawspeed"":0.031073633581399918}",-3.0098175
11467799027700,vfr,541,"{""message_type"":""VFR_HUD"",""airspeed"":33.576908111572266,""alt"":137.67999267578125}",-3.0095228
11467799130900,position,541,"{""message_type"":""GLOBAL_POSITION_INT"",""lat"":469530213,""lon"":393491699}",-3.0094196
11467799249800,range,1072,"{""message_type"":""GLOBAL_VISION_POSITION_ESTIMATE"",""x"":46.94694519042969,""y"":39.34889221191406}",-3.0093007
11467810545100,gimbal,2843,"{""imu_roll"":0.0,""imu_pitch"":17.48912811279297,""imu_yaw"":0.44749826192855835,""frame_roll"":0.0,""frame_pitch"":17.48912811279297,""frame_yaw"":0.44749826192855835,""pitch_speed"":0.0,""yaw_speed"":0.0}",-2.9980054
11467810807300,fov,2843,"{""zoom"":12.339999198913574,""hfov"":7.293355464935303,""vfov"":4.106302738189697,""state"":0,""max_aov_h"":90.0,""max_aov_v"":58.71550750732422,""min_aov_h"":1.40625,""min_aov_v"":0.7910428047180176,""max_zoom"":64.0}",-2.9977432
11467832333200,gimbal,2844,"{""imu_roll"":0.0,""imu_pitch"":17.115705490112305,""imu_yaw"":0.44531166553497314,""frame_roll"":0.0,""frame_pitch"":17.115705490112305,""frame_yaw"":0.44531166553497314,""pitch_speed"":0.0,""yaw_speed"":0.0}",-2.9762173
11467832812700,fov,2844,"{""zoom"":12.339999198913574,""hfov"":7.293355464935303,""vfov"":4.106302738189697,""state"":0,""max_aov_h"":90.0,""max_aov_v"":58.71550750732422,""min_aov_h"":1.40625,""min_aov_v"":0.7910428047180176,""max_zoom"":64.0}",-2.9757378
11467859286500,gimbal,2845,"{""imu_roll"":0.0,""imu_pitch"":17.842626571655273,""imu_yaw"":0.5533496737480164,""frame_roll"":0.0,""frame_pitch"":17.842626571655273,""frame_yaw"":0.5533496737480164,""pitch_speed"":0.0,""yaw_speed"":0.0}",-2.949264
11467859706100,fov,2845,"{""zoom"":12.339999198913574,""hfov"":7.293355464935303,""vfov"":4.106302738189697,""state"":0,""max_aov_h"":90.0,""max_aov_v"":58.71550750732422,""min_aov_h"":1.40625,""min_aov_v"":0.7910428047180176,""max_zoom"":64.0}",-2.9488444
11467866353100,attitude,1083,"{""message_type"":""ATTITUDE"",""time_boot_ms"":116370,""roll"":0.12473972886800766,""pitch"":0.17529615759849548,""yaw"":-3.081662654876709,""rollspeed"":0.1429913192987442,""pitchspeed"":0.0141592500731349,""yawspeed"":0.031670909374952316}",-2.9421974
11467888553900,gimbal,2846,"{""imu_roll"":0.0,""imu_pitch"":18.451068878173828,""imu_yaw"":0.6286343336105347,""frame_roll"":0.0,""frame_pitch"":18.451068878173828,""frame_yaw"":0.6286343336105347,""pitch_speed"":0.0,""yaw_speed"":0.0}",-2.9199966
11467889036900,fov,2846,"{""zoom"":12.339999198913574,""hfov"":7.293355464935303,""vfov"":4.106302738189697,""state"":0,""max_aov_h"":90.0,""max_aov_v"":58.71550750732422,""min_aov_h"":1.40625,""min_aov_v"":0.7910428047180176,""max_zoom"":64.0}",-2.9195136
11467893314500,target_offset,291,"{""x_angle_offset"":0.47862645238637924,""y_angle_offset"":1.619708302285936}",-2.915236
11467903649900,position,542,"{""message_type"":""GLOBAL_POSITION_INT"",""lat"":469529564,""lon"":393491625}",-2.9049006
11467903768500,attitude,1084,"{""message_type"":""ATTITUDE"",""time_boot_ms"":116410,""roll"":0.13019879162311554,""pitch"":0.17517657577991486,""yaw"":-3.08062744140625,""rollspeed"":0.12340245395898819,""pitchspeed"":0.01463347114622593,""yawspeed"":0.03155047073960304}",-2.904782
11467904020700,vfr,542,"{""message_type"":""VFR_HUD"",""airspeed"":33.557838439941406,""alt"":137.87998962402344}",-2.9045298
11467912783100,gimbal,2847,"{""imu_roll"":0.0,""imu_pitch"":18.81247901916504,""imu_yaw"":0.7341409921646118,""frame_roll"":0.0,""frame_pitch"":18.81247901916504,""frame_yaw"":0.7341409921646118,""pitch_speed"":0.0,""yaw_speed"":0.0}",-2.8957674
11467913080200,fov,2847,"{""zoom"":12.339999198913574,""hfov"":7.293355464935303,""vfov"":4.106302738189697,""state"":0,""max_aov_h"":90.0,""max_aov_v"":58.71550750732422,""min_aov_h"":1.40625,""min_aov_v"":0.7910428047180176,""max_zoom"":64.0}",-2.8954703
11467937120700,gimbal,2848,"{""imu_roll"":0.0,""imu_pitch"":19.129846572875977,""imu_yaw"":0.8138048648834229,""frame_roll"":0.0,""frame_pitch"":19.129846572875977,""frame_yaw"":0.8138048648834229,""pitch_speed"":0.0,""yaw_speed"":0.0}",-2.8714298
11467937446200,fov,2848,"{""zoom"":12.339999198913574,""hfov"":7.293355464935303,""vfov"":4.106302738189697,""state"":0,""max_aov_h"":90.0,""max_aov_v"":58.71550750732422,""min_aov_h"":1.40625,""min_aov_v"":0.7910428047180176,""max_zoom"":64.0}",-2.8711043
11467940720400,range,1073,"{""message_type"":""GLOBAL_VISION_POSITION_ESTIMATE"",""x"":46.94769287109375,""y"":39.34891891479492}",-2.8678301
11467942446800,target_offset,292,"{""x_angle_offset"":0.3114870563149452,""y_angle_offset"":1.4448102226963748}",-2.8661037
11467948244300,range,1074,"{""message_type"":""GLOBAL_VISION_POSITION_ESTIMATE"",""x"":46.94769287109375,""y"":39.34891891479492}",-2.8603062
11467965123600,gimbal,2849,"{""imu_roll"":0.0,""imu_pitch"":19.533912658691406,""imu_yaw"":0.9000998735427856,""frame_roll"":0.0,""frame_pitch"":19.533912658691406,""frame_yaw"":0.9000998735427856,""pitch_speed"":0.0,""yaw_speed"":0.0}",-2.8434269
11467965458800,fov,2849,"{""zoom"":12.339999198913574,""hfov"":7.293355464935303,""vfov"":4.106302738189697,""state"":0,""max_aov_h"":90.0,""max_aov_v"":58.71550750732422,""min_aov_h"":1.40625,""min_aov_v"":0.7910428047180176,""max_zoom"":64.0}",-2.8430917
11467970050500,target_offset,293,"{""x_angle_offset"":0.2886953204870224,""y_angle_offset"":1.2014737641369855}",-2.8385
11467971764200,attitude,1085,"{""message_type"":""ATTITUDE"",""time_boot_ms"":116470,""roll"":0.13673274219036102,""pitch"":0.17498573660850525,""yaw"":-3.079042673110962,""rollspeed"":0.09097941964864731,""pitchspeed"":0.015272874385118484,""yawspeed"":0.03118063509464264}",-2.8367863
11467988105400,gimbal,2850,"{""imu_roll"":0.0,""imu_pitch"":19.81413459777832,""imu_yaw"":0.9677574038505554,""frame_roll"":0.0,""frame_pitch"":19.81413459777832,""frame_yaw"":0.9677574038505554,""pitch_speed"":0.0,""yaw_speed"":0.0}",-2.8204451
11467988550000,fov,2850,"{""zoom"":12.339999198913574,""hfov"":7.293355464935303,""vfov"":4.106302738189697,""state"":0,""max_aov_h"":90.0,""max_aov_v"":58.71550750732422,""min_aov_h"":1.40625,""min_aov_v"":0.7910428047180176,""max_zoom"":64.0}",-2.8200005
11468005643600,vfr,543,"{""message_type"":""VFR_HUD"",""airspeed"":33.518470764160156,""alt"":138.08999633789062}",-2.8029069
11468005754300,attitude,1086,"{""message_type"":""ATTITUDE"",""time_boot_ms"":116510,""roll"":0.13977721333503723,""pitch"":0.1748776137828827,""yaw"":-3.077989339828491,""rollspeed"":0.06183358654379845,""pitchspeed"":0.015747494995594025,""yawspeed"":0.03033548966050148}",-2.8027962
11468006044000,position,543,"{""message_type"":""GLOBAL_POSITION_INT"",""lat"":469529564,""lon"":393491625}",-2.8025065
11468013778200,gimbal,2851,"{""imu_roll"":0.0,""imu_pitch"":20.03700065612793,""imu_yaw"":1.0091924667358398,""frame_roll"":0.0,""frame_pitch"":20.03700065612793,""frame_yaw"":1.0091924667358398,""pitch_speed"":0.0,""yaw_speed"":0.0}",-2.7947723
11468014068900,fov,2851,"{""zoom"":12.339999198913574,""hfov"":7.293355464935303,""vfov"":4.106302738189697,""state"":0,""max_aov_h"":90.0,""max_aov_v"":58.71550750732422,""min_aov_h"":1.40625,""min_aov_v"":0.7910428047180176,""max_zoom"":64.0}",-2.7944816
11468020594000,target_offset,294,"{""x_angle_offset"":0.23551460355520248,""y_angle_offset"":0.866886133617825}",-2.7879565
11468035284000,gimbal,2852,"{""imu_roll"":0.0,""imu_pitch"":20.2307186126709,""imu_yaw"":1.0590940713882446,""frame_roll"":0.0,""frame_pitch"":20.2307186126709,""frame_yaw"":1.0590940713882446,""pitch_speed"":0.0,""yaw_speed"":0.0}",-2.7732665
11468035582300,fov,2852,"{""zoom"":12.339999198913574,""hfov"":7.293355464935303,""vfov"":4.106302738189697,""state"":0,""max_aov_h"":90.0,""max_aov_v"":58.71550750732422,""min_aov_h"":1.40625,""min_aov_v"":0.7910428047180176,""max_zoom"":64.0}",-2.7729682
11468059965000,gimbal,2853,"{""imu_roll"":0.0,""imu_pitch"":20.390031814575195,""imu_yaw"":1.0908371210098267,""frame_roll"":0.0,""frame_pitch"":20.390031814575195,""frame_yaw"":1.0908371210098267,""pitch_speed"":0.0,""yaw_speed"":0.0}",-2.7485855
11468060182200,fov,2853,"{""zoom"":12.339999198913574,""hfov"":7.293355464935303,""vfov"":4.106302738189697,""state"":0,""max_aov_h"":90.0,""max_aov_v"":58.71550750732422,""min_aov_h"":1.40625,""min_aov_v"":0.7910428047180176,""max_zoom"":64.0}",-2.7483683
11468072233700,attitude,1087,"{""message_type"":""ATTITUDE"",""time_boot_ms"":116570,""roll"":0.1418370008468628,""pitch"":0.1747315376996994,""yaw"":-3.0764591693878174,""rollspeed"":0.010645182803273201,""pitchspeed"":0.015937257558107376,""yawspeed"":0.028154045343399048}",-2.7363168
11468089794700,gimbal,2854,"{""imu_roll"":0.0,""imu_pitch"":20.52322006225586,""imu_yaw"":1.1049070358276367,""frame_roll"":0.0,""frame_pitch"":20.52322006225586,""frame_yaw"":1.1049070358276367,""pitch_speed"":0.0,""yaw_speed"":0.0}",-2.7187558
11468090090600,fov,2854,"{""zoom"":12.339999198913574,""hfov"":7.293355464935303,""vfov"":4.106302738189697,""state"":0,""max_aov_h"":90.0,""max_aov_v"":58.71550750732422,""min_aov_h"":1.40625,""min_aov_v"":0.7910428047180176,""max_zoom"":64.0}",-2.7184599
11468094334500,target_offset,295,"{""x_angle_offset"":0.5773906409740448,""y_angle_offset"":1.0189714202174434}",-2.714216
11468108829700,gimbal,2855,"{""imu_roll"":0.0,""imu_pitch"":20.760953903198242,""imu_yaw"":1.2379025220870972,""frame_roll"":0.0,""frame_pitch"":20.760953903198242,""frame_yaw"":1.2379025220870972,""pitch_speed"":0.0,""yaw_speed"":0.0}",-2.6997208
11468109014100,fov,2855,"{""zoom"":12.339999198913574,""hfov"":7.293355464935303,""vfov"":4.106302738189697,""state"":0,""max_aov_h"":90.0,""max_aov_v"":58.71550750732422,""min_aov_h"":1.40625,""min_aov_v"":0.7910428047180176,""max_zoom"":64.0}",-2.6995364
11468111279800,range,1075,"{""message_type"":""GLOBAL_VISION_POSITION_ESTIMATE"",""x"":46.94850540161133,""y"":39.348934173583984}",-2.6972707
11468116038300,range,1076,"{""message_type"":""GLOBAL_VISION_POSITION_ESTIMATE"",""x"":46.94850540161133,""y"":39.348934173583984}",-2.6925122
11468116142300,attitude,1088,"{""message_type"":""ATTITUDE"",""time_boot_ms"":116610,""roll"":0.14144080877304077,""pitch"":0.17464275658130646,""yaw"":-3.0754823684692383,""rollspeed"":-0.02519032172858715,""pitchspeed"":0.015952028334140778,""yawspeed"":0.026413924992084503}",-2.6924082
11468116414600,position,544,"{""message_type"":""GLOBAL_POSITION_INT"",""lat"":469528919,""lon"":393491545}",-2.6921359
11468116509200,vfr,544,"{""message_type"":""VFR_HUD"",""airspeed"":33.490882873535156,""alt"":138.3000030517578}",-2.6920413
11468134766500,gimbal,2856,"{""imu_roll"":0.0,""imu_pitch"":20.950599670410156,""imu_yaw"":1.3352543115615845,""frame_roll"":0.0,""frame_pitch"":20.950599670410156,""frame_yaw"":1.3352543115615845,""pitch_speed"":0.0,""yaw_speed"":0.0}",-2.673784
11468135378200,fov,2856,"{""zoom"":12.339999198913574,""hfov"":7.293355464935303,""vfov"":4.106302738189697,""state"":0,""max_aov_h"":90.0,""max_aov_v"":58.71550750732422,""min_aov_h"":1.40625,""min_aov_v"":0.7910428047180176,""max_zoom"":64.0}",-2.6731723
11468144702300,target_offset,296,"{""x_angle_offset"":0.5773906409740448,""y_angle_offset"":0.8744903979478058}",-2.6638482
11468163976000,gimbal,2857,"{""imu_roll"":0.0,""imu_pitch"":21.199581146240234,""imu_yaw"":1.5005344152450562,""frame_roll"":0.0,""frame_pitch"":21.199581146240234,""frame_yaw"":1.5005344152450562,""pitch_speed"":0.0,""yaw_speed"":0.0}",-2.6445745
11468164642800,fov,2857,"{""zoom"":12.339999198913574,""hfov"":7.293355464935303,""vfov"":4.106302738189697,""state"":0,""max_aov_h"":90.0,""max_aov_v"":58.71550750732422,""min_aov_h"":1.40625,""min_aov_v"":0.7910428047180176,""max_zoom"":64.0}",-2.6439077
11468171992100,target_offset,297,"{""x_angle_offset"":0.4938209429383278,""y_angle_offset"":0.7224051113481874}",-2.6365584
11468189097600,gimbal,2858,"{""imu_roll"":0.0,""imu_pitch"":21.389041900634766,""imu_yaw"":1.628333568572998,""frame_roll"":0.0,""frame_pitch"":21.389041900634766,""frame_yaw"":1.628333568572998,""pitch_speed"":0.0,""yaw_speed"":0.0}",-2.6194529
11468189612100,fov,2858,"{""zoom"":12.339999198913574,""hfov"":7.293355464935303,""vfov"":4.106302738189697,""state"":0,""max_aov_h"":90.0,""max_aov_v"":58.71550750732422,""min_aov_h"":1.40625,""min_aov_v"":0.7910428047180176,""max_zoom"":64.0}",-2.6189384
11468190989700,attitude,1089,"{""message_type"":""ATTITUDE"",""time_boot_ms"":116670,""roll"":0.13775750994682312,""pitch"":0.17467769980430603,""yaw"":-3.074172019958496,""rollspeed"":-0.07944947481155396,""pitchspeed"":0.01618669368326664,""yawspeed"":0.022997677326202393}",-2.6175608
11468218882200,gimbal,2859,"{""imu_roll"":0.0,""imu_pitch"":21.531513214111328,""imu_yaw"":1.7135812044143677,""frame_roll"":0.0,""frame_pitch"":21.531513214111328,""frame_yaw"":1.7135812044143677,""pitch_speed"":0.0,""yaw_speed"":0.0}",-2.5896683
11468219206500,fov,2859,"{""zoom"":12.339999198913574,""hfov"":7.293355464935303,""vfov"":4.106302738189697,""state"":0,""max_aov_h"":90.0,""max_aov_v"":58.71550750732422,""min_aov_h"":1.40625,""min_aov_v"":0.7910428047180176,""max_zoom"":64.0}",-2.589344
11468221820300,target_offset,298,"{""x_angle_offset"":0.3418760374188423,""y_angle_offset"":0.5475070317586263}",-2.5867302
11468232860100,vfr,545,"{""message_type"":""VFR_HUD"",""airspeed"":33.471561431884766,""alt"":138.5}",-2.5756904
11468232975100,position,545,"{""message_type"":""GLOBAL_POSITION_INT"",""lat"":469528919,""lon"":393491545}",-2.5755754
11468233064500,attitude,1090,"{""message_type"":""ATTITUDE"",""time_boot_ms"":116710,""roll"":0.13351498544216156,""pitch"":0.17471753060817719,""yaw"":-3.073359251022339,""rollspeed"":-0.11410573124885559,""pitchspeed"":0.01616685837507248,""yawspeed"":0.020564429461956024}",-2.575486
11468245330700,gimbal,2860,"{""imu_roll"":0.0,""imu_pitch"":21.67052459716797,""imu_yaw"":1.800260305404663,""frame_roll"":0.0,""frame_pitch"":21.67052459716797,""frame_yaw"":1.800260305404663,""pitch_speed"":0.0,""yaw_speed"":0.0}",-2.5632198
11468248141900,fov,2860,"{""zoom"":12.339999198913574,""hfov"":7.293355464935303,""vfov"":4.106302738189697,""state"":0,""max_aov_h"":90.0,""max_aov_v"":58.71550750732422,""min_aov_h"":1.40625,""min_aov_v"":0.7910428047180176,""max_zoom"":64.0}",-2.5604086
11468266344900,range,1077,"{""message_type"":""GLOBAL_VISION_POSITION_ESTIMATE"",""x"":46.949249267578125,""y"":39.348899841308594}",-2.5422056
11468268917500,gimbal,2861,"{""imu_roll"":0.0,""imu_pitch"":21.76964569091797,""imu_yaw"":1.8540509939193726,""frame_roll"":0.0,""frame_pitch"":21.76964569091797,""frame_yaw"":1.8540509939193726,""pitch_speed"":0.0,""yaw_speed"":0.0}",-2.539633
11468269369500,fov,2861,"{""zoom"":12.339999198913574,""hfov"":7.293355464935303,""vfov"":4.106302738189697,""state"":0,""max_aov_h"":90.0,""max_aov_v"":58.71550750732422,""min_aov_h"":1.40625,""min_aov_v"":0.7910428047180176,""max_zoom"":64.0}",-2.539181
11468277866300,range,1078,"{""message_type"":""GLOBAL_VISION_POSITION_ESTIMATE"",""x"":46.949249267578125,""y"":39.348899841308594}",-2.5306842
11468292407400,gimbal,2862,"{""imu_roll"":0.0,""imu_pitch"":21.836767196655273,""imu_yaw"":1.8836605548858643,""frame_roll"":0.0,""frame_pitch"":21.836767196655273,""frame_yaw"":1.8836605548858643,""pitch_speed"":0.0,""yaw_speed"":0.0}",-2.5161431
11468292786400,fov,2862,"{""zoom"":12.339999198913574,""hfov"":7.293355464935303,""vfov"":4.106302738189697,""state"":0,""max_aov_h"":90.0,""max_aov_v"":58.71550750732422,""min_aov_h"":1.40625,""min_aov_v"":0.7910428047180176,""max_zoom"":64.0}",-2.5157641
11468302052200,target_offset,299,"{""x_angle_offset"":0.2886953204870224,""y_angle_offset"":0.060834114639847364}",-2.5064983
11468303932000,attitude,1091,"{""message_type"":""ATTITUDE"",""time_boot_ms"":116770,""roll"":0.124722920358181,""pitch"":0.1747666448354721,""yaw"":-3.0722787380218506,""rollspeed"":-0.1605876386165619,""pitchspeed"":0.015174643136560917,""yawspeed"":0.016695506870746613}",-2.5046185
11468322884800,gimbal,2863,"{""imu_roll"":0.0,""imu_pitch"":21.851842880249023,""imu_yaw"":1.9683539867401123,""frame_roll"":0.0,""frame_pitch"":21.851842880249023,""frame_yaw"":1.9683539867401123,""pitch_speed"":0.0,""yaw_speed"":0.0}",-2.4856657
11468323202200,fov,2863,"{""zoom"":12.339999198913574,""hfov"":7.293355464935303,""vfov"":4.106302738189697,""state"":0,""max_aov_h"":90.0,""max_aov_v"":58.71550750732422,""min_aov_h"":1.40625,""min_aov_v"":0.7910428047180176,""max_zoom"":64.0}",-2.4853483
11468339268100,position,546,"{""message_type"":""GLOBAL_POSITION_INT"",""lat"":469528919,""lon"":393491545}",-2.4692824
11468339359300,attitude,1092,"{""message_type"":""ATTITUDE"",""time_boot_ms"":116810,""roll"":0.11751938611268997,""pitch"":0.17478036880493164,""yaw"":-3.0716183185577393,""rollspeed"":-0.1849694550037384,""pitchspeed"":0.01460268534719944,""yawspeed"":0.014230124652385712}",-2.4691912
11468339572500,vfr,546,"{""message_type"":""VFR_HUD"",""airspeed"":33.431949615478516,""alt"":138.70999145507812}",-2.468978
11468348238000,gimbal,2864,"{""imu_roll"":0.0,""imu_pitch"":21.859498977661133,""imu_yaw"":2.0035319328308105,""frame_roll"":0.0,""frame_pitch"":21.859498977661133,""frame_yaw"":2.0035319328308105,""pitch_speed"":0.0,""yaw_speed"":0.0}",-2.4603125
11468349823000,fov,2864,"{""zoom"":12.339999198913574,""hfov"":7.293355464935303,""vfov"":4.106302738189697,""state"":0,""max_aov_h"":90.0,""max_aov_v"":58.71550750732422,""min_aov_h"":1.40625,""min_aov_v"":0.7910428047180176,""max_zoom"":64.0}",-2.4587275
11468357523200,target_offset,300,"{""x_angle_offset"":0.2886953204870224,""y_angle_offset"":0.0076042643299809205}",-2.4510273
11468378527900,gimbal,2865,"{""imu_roll"":0.0,""imu_pitch"":21.86053466796875,""imu_yaw"":2.0920727252960205,""frame_roll"":0.0,""frame_pitch"":21.86053466796875,""frame_yaw"":2.0920727252960205,""pitch_speed"":0.0,""yaw_speed"":0.0}",-2.4300226
11468378808800,fov,2865,"{""zoom"":12.339999198913574,""hfov"":7.293355464935303,""vfov"":4.106302738189697,""state"":0,""max_aov_h"":90.0,""max_aov_v"":58.71550750732422,""min_aov_h"":1.40625,""min_aov_v"":0.7910428047180176,""max_zoom"":64.0}",-2.4297417
11468399250900,gimbal,2866,"{""imu_roll"":0.0,""imu_pitch"":21.86103057861328,""imu_yaw"":2.129180669784546,""frame_roll"":0.0,""frame_pitch"":21.86103057861328,""frame_yaw"":2.129180669784546,""pitch_speed"":0.0,""yaw_speed"":0.0}",-2.4092996
11468399537900,fov,2866,"{""zoom"":12.339999198913574,""hfov"":7.293355464935303,""vfov"":4.106302738189697,""state"":0,""max_aov_h"":90.0,""max_aov_v"":58.71550750732422,""min_aov_h"":1.40625,""min_aov_v"":0.7910428047180176,""max_zoom"":64.0}",-2.4090126
11468410650900,attitude,1093,"{""message_type"":""ATTITUDE"",""time_boot_ms"":116870,""roll"":0.10503187775611877,""pitch"":0.17478099465370178,""yaw"":-3.07082200050354,""rollspeed"":-0.20720437169075012,""pitchspeed"":0.013707729056477547,""yawspeed"":0.011026921682059765}",-2.3978996
11468422134200,range,1079,"{""message_type"":""GLOBAL_VISION_POSITION_ESTIMATE"",""x"":46.94926071166992,""y"":39.34880447387695}",-2.3864163
11468424327100,gimbal,2867,"{""imu_roll"":0.0,""imu_pitch"":21.861446380615234,""imu_yaw"":2.156205654144287,""frame_roll"":0.0,""frame_pitch"":21.861446380615234,""frame_yaw"":2.156205654144287,""pitch_speed"":0.0,""yaw_speed"":0.0}",-2.3842234
11468424701400,fov,2867,"{""zoom"":12.339999198913574,""hfov"":7.293355464935303,""vfov"":4.106302738189697,""state"":0,""max_aov_h"":90.0,""max_aov_v"":58.71550750732422,""min_aov_h"":1.40625,""min_aov_v"":0.7910428047180176,""max_zoom"":64.0}",-2.3838491
11468435300800,range,1080,"{""message_type"":""GLOBAL_VISION_POSITION_ESTIMATE"",""x"":46.94926071166992,""y"":39.34880447387695}",-2.3732497
11468452584000,gimbal,2868,"{""imu_roll"":0.0,""imu_pitch"":21.86184310913086,""imu_yaw"":2.176546335220337,""frame_roll"":0.0,""frame_pitch"":21.86184310913086,""frame_yaw"":2.176546335220337,""pitch_speed"":0.0,""yaw_speed"":0.0}",-2.3559665
11468452866800,fov,2868,"{""zoom"":12.339999198913574,""hfov"":7.293355464935303,""vfov"":4.106302738189697,""state"":0,""max_aov_h"":90.0,""max_aov_v"":58.71550750732422,""min_aov_h"":1.40625,""min_aov_v"":0.7910428047180176,""max_zoom"":64.0}",-2.3556837
11468458431700,target_offset,301,"{""x_angle_offset"":-0.015194490551948547,""y_angle_offset"":0.1520852865996184}",-2.3501188
11468459678100,attitude,1094,"{""message_type"":""ATTITUDE"",""time_boot_ms"":116910,""roll"":0.09628865867853165,""pitch"":0.17475084960460663,""yaw"":-3.07033634185791,""rollspeed"":-0.208984375,""pitchspeed"":0.012809435836970806,""yawspeed"":0.009600034914910793}",-2.3488724
11468459944800,vfr,547,"{""message_type"":""VFR_HUD"",""airspeed"":33.40419006347656,""alt"":138.92999267578125}",-2.3486057
11468460019300,position,547,"{""message_type"":""GLOBAL_POSITION_INT"",""lat"":469528274,""lon"":393491466}",-2.3485312
11468476803400,gimbal,2869,"{""imu_roll"":0.0,""imu_pitch"":21.89238929748535,""imu_yaw"":2.171203374862671,""frame_roll"":0.0,""frame_pitch"":21.89238929748535,""frame_yaw"":2.171203374862671,""pitch_speed"":0.0,""yaw_speed"":0.0}",-2.3317471
11468477083800,fov,2869,"{""zoom"":12.339999198913574,""hfov"":7.293355464935303,""vfov"":4.106302738189697,""state"":0,""max_aov_h"":90.0,""max_aov_v"":58.71550750732422,""min_aov_h"":1.40625,""min_aov_v"":0.7910428047180176,""max_zoom"":64.0}",-2.3314667
11468501461400,gimbal,2870,"{""imu_roll"":0.0,""imu_pitch"":21.918481826782227,""imu_yaw"":2.162492036819458,""frame_roll"":0.0,""frame_pitch"":21.918481826782227,""frame_yaw"":2.162492036819458,""pitch_speed"":0.0,""yaw_speed"":0.0}",-2.3070891
11468501844400,fov,2870,"{""zoom"":12.339999198913574,""hfov"":7.293355464935303,""vfov"":4.106302738189697,""state"":0,""max_aov_h"":90.0,""max_aov_v"":58.71550750732422,""min_aov_h"":1.40625,""min_aov_v"":0.7910428047180176,""max_zoom"":64.0}",-2.3067061
11468506664300,target_offset,302,"{""x_angle_offset"":-0.15954215079545975,""y_angle_offset"":0.2205236655694467}",-2.3018862
11468515819600,attitude,1095,"{""message_type"":""ATTITUDE"",""time_boot_ms"":116970,""roll"":0.08353956788778305,""pitch"":0.17464055120944977,""yaw"":-3.069660186767578,""rollspeed"":-0.19905756413936615,""pitchspeed"":0.01126942690461874,""yawspeed"":0.008275002241134644}",-2.2927309
11468529145700,gimbal,2871,"{""imu_roll"":0.0,""imu_pitch"":21.97697639465332,""imu_yaw"":2.116654634475708,""frame_roll"":0.0,""frame_pitch"":21.97697639465332,""frame_yaw"":2.116654634475708,""pitch_speed"":0.0,""yaw_speed"":0.0}",-2.2794048
11468529906900,fov,2871,"{""zoom"":12.339999198913574,""hfov"":7.293355464935303,""vfov"":4.106302738189697,""state"":0,""max_aov_h"":90.0,""max_aov_v"":58.71550750732422,""min_aov_h"":1.40625,""min_aov_v"":0.7910428047180176,""max_zoom"":64.0}",-2.2786436
11468535196700,target_offset,303,"{""x_angle_offset"":-0.4330429807305336,""y_angle_offset"":0.39542174515900785}",-2.2733538
11468555123600,gimbal,2872,"{""imu_roll"":0.0,""imu_pitch"":22.071239471435547,""imu_yaw"":2.009007215499878,""frame_roll"":0.0,""frame_pitch"":22.071239471435547,""frame_yaw"":2.009007215499878,""pitch_speed"":0.0,""yaw_speed"":0.0}",-2.2534269
11468555396400,fov,2872,"{""zoom"":12.339999198913574,""hfov"":7.293355464935303,""vfov"":4.106302738189697,""state"":0,""max_aov_h"":90.0,""max_aov_v"":58.71550750732422,""min_aov_h"":1.40625,""min_aov_v"":0.7910428047180176,""max_zoom"":64.0}",-2.2531541
11468558993800,position,548,"{""message_type"":""GLOBAL_POSITION_INT"",""lat"":469528274,""lon"":393491466}",-2.2495567
11468559130300,attitude,1096,"{""message_type"":""ATTITUDE"",""time_boot_ms"":117010,""roll"":0.07569846510887146,""pitch"":0.17452850937843323,""yaw"":-3.069187879562378,""rollspeed"":-0.181943878531456,""pitchspeed"":0.01054446306079626,""yawspeed"":0.008081871084868908}",-2.2494202
11468559369900,vfr,548,"{""message_type"":""VFR_HUD"",""airspeed"":33.38474655151367,""alt"":139.13999938964844}",-2.2491806
11468578383600,gimbal,2873,"{""imu_roll"":0.0,""imu_pitch"":22.13343620300293,""imu_yaw"":1.9345874786376953,""frame_roll"":0.0,""frame_pitch"":22.13343620300293,""frame_yaw"":1.9345874786376953,""pitch_speed"":0.0,""yaw_speed"":0.0}",-2.2301669
11468578707900,fov,2873,"{""zoom"":12.339999198913574,""hfov"":7.293355464935303,""vfov"":4.106302738189697,""state"":0,""max_aov_h"":90.0,""max_aov_v"":58.71550750732422,""min_aov_h"":1.40625,""min_aov_v"":0.7910428047180176,""max_zoom"":64.0}",-2.2298426
11468579512400,range,1081,"{""message_type"":""GLOBAL_VISION_POSITION_ESTIMATE"",""x"":46.949195861816406,""y"":39.34874725341797}",-2.2290381
11468584651600,range,1082,"{""message_type"":""GLOBAL_VISION_POSITION_ESTIMATE"",""x"":46.949195861816406,""y"":39.34874725341797}",-2.2238989
11468586010800,target_offset,304,"{""x_angle_offset"":-0.5318071693181992,""y_angle_offset"":0.4486515954688743}",-2.2225397
11468605321000,target_offset,305,"{""x_angle_offset"":-0.7065438106656075,""y_angle_offset"":0.5322985030986644}",-2.2032295
11468607911500,gimbal,2874,"{""imu_roll"":0.0,""imu_pitch"":22.267492294311523,""imu_yaw"":1.7640089988708496,""frame_roll"":0.0,""frame_pitch"":22.267492294311523,""frame_yaw"":1.7640089988708496,""pitch_speed"":0.0,""yaw_speed"":0.0}",-2.200639
11468608307000,fov,2874,"{""zoom"":12.339999198913574,""hfov"":7.293355464935303,""vfov"":4.106302738189697,""state"":0,""max_aov_h"":90.0,""max_aov_v"":58.71550750732422,""min_aov_h"":1.40625,""min_aov_v"":0.7910428047180176,""max_zoom"":64.0}",-2.2002435
11468620828600,attitude,1097,"{""message_type"":""ATTITUDE"",""time_boot_ms"":117070,""roll"":0.0660509318113327,""pitch"":0.17436464130878448,""yaw"":-3.0684523582458496,""rollspeed"":-0.13399167358875275,""pitchspeed"":0.009751069359481335,""yawspeed"":0.009477116167545319}",-2.1877219
11468627867100,gimbal,2875,"{""imu_roll"":0.0,""imu_pitch"":22.354265213012695,""imu_yaw"":1.6392313241958618,""frame_roll"":0.0,""frame_pitch"":22.354265213012695,""frame_yaw"":1.6392313241958618,""pitch_speed"":0.0,""yaw_speed"":0.0}",-2.1806834
11468628181600,fov,2875,"{""zoom"":12.339999198913574,""hfov"":7.293355464935303,""vfov"":4.106302738189697,""state"":0,""max_aov_h"":90.0,""max_aov_v"":58.71550750732422,""min_aov_h"":1.40625,""min_aov_v"":0.7910428047180176,""max_zoom"":64.0}",-2.1803689
11468654937200,gimbal,2876,"{""imu_roll"":0.0,""imu_pitch"":22.43401336669922,""imu_yaw"":1.5197346210479736,""frame_roll"":0.0,""frame_pitch"":22.43401336669922,""frame_yaw"":1.5197346210479736,""pitch_speed"":0.0,""yaw_speed"":0.0}",-2.1536133
11468655341100,fov,2876,"{""zoom"":12.339999198913574,""hfov"":7.293355464935303,""vfov"":4.106302738189697,""state"":0,""max_aov_h"":90.0,""max_aov_v"":58.71550750732422,""min_aov_h"":1.40625,""min_aov_v"":0.7910428047180176,""max_zoom"":64.0}",-2.1532094
11468657433900,target_offset,306,"{""x_angle_offset"":-0.7065438106656075,""y_angle_offset"":0.5246942387686835}",-2.1511166
11468663440100,position,549,"{""message_type"":""GLOBAL_POSITION_INT"",""lat"":469527632,""lon"":393491389}",-2.1451104
11468663522100,attitude,1098,"{""message_type"":""ATTITUDE"",""time_boot_ms"":117110,""roll"":0.061426300555467606,""pitch"":0.17429782450199127,""yaw"":-3.0679030418395996,""rollspeed"":-0.09610390663146973,""pitchspeed"":0.009445054456591606,""yawspeed"":0.011099372990429401}",-2.1450284
11468663736900,vfr,549,"{""message_type"":""VFR_HUD"",""airspeed"":33.3449821472168,""alt"":139.36000061035156}",-2.1448136
11468675441300,gimbal,2877,"{""imu_roll"":0.0,""imu_pitch"":22.542911529541016,""imu_yaw"":1.3674653768539429,""frame_roll"":0.0,""frame_pitch"":22.542911529541016,""frame_yaw"":1.3674653768539429,""pitch_speed"":0.0,""yaw_speed"":0.0}",-2.1331092
11468675723500,fov,2877,"{""zoom"":12.339999198913574,""hfov"":7.293355464935303,""vfov"":4.106302738189697,""state"":0,""max_aov_h"":90.0,""max_aov_v"":58.71550750732422,""min_aov_h"":1.40625,""min_aov_v"":0.7910428047180176,""max_zoom"":64.0}",-2.132827
11468701704300,gimbal,2878,"{""imu_roll"":0.0,""imu_pitch"":22.644481658935547,""imu_yaw"":1.2210999727249146,""frame_roll"":0.0,""frame_pitch"":22.644481658935547,""frame_yaw"":1.2210999727249146,""pitch_speed"":0.0,""yaw_speed"":0.0}",-2.1068462
11468702004700,fov,2878,"{""zoom"":12.339999198913574,""hfov"":7.293355464935303,""vfov"":4.106302738189697,""state"":0,""max_aov_h"":90.0,""max_aov_v"":58.71550750732422,""min_aov_h"":1.40625,""min_aov_v"":0.7910428047180176,""max_zoom"":64.0}",-2.1065458
11468707122200,target_offset,307,"{""x_angle_offset"":-0.6609603390097618,""y_angle_offset"":0.479068652788798}",-2.1014283
11468721140400,attitude,1099,"{""message_type"":""ATTITUDE"",""time_boot_ms"":117170,""roll"":0.057669878005981445,""pitch"":0.1741650551557541,""yaw"":-3.0669491291046143,""rollspeed"":-0.031107215210795403,""pitchspeed"":0.009016894735395908,""yawspeed"":0.01477951928973198}",-2.0874101
11468726717400,gimbal,2879,"{""imu_roll"":0.0,""imu_pitch"":22.75794219970703,""imu_yaw"":1.059187412261963,""frame_roll"":0.0,""frame_pitch"":22.75794219970703,""frame_yaw"":1.059187412261963,""pitch_speed"":0.0,""yaw_speed"":0.0}",-2.0818331
11468727767000,fov,2879,"{""zoom"":12.339999198913574,""hfov"":7.293355464935303,""vfov"":4.106302738189697,""state"":0,""max_aov_h"":90.0,""max_aov_v"":58.71550750732422,""min_aov_h"":1.40625,""min_aov_v"":0.7910428047180176,""max_zoom"":64.0}",-2.0807835
11468731882500,range,1083,"{""message_type"":""GLOBAL_VISION_POSITION_ESTIMATE"",""x"":46.94913101196289,""y"":39.3487663269043}",-2.076668
11468737424400,target_offset,308,"{""x_angle_offset"":-0.5849878862500191,""y_angle_offset"":0.47146438845881705}",-2.0711261
11468742940200,range,1084,"{""message_type"":""GLOBAL_VISION_POSITION_ESTIMATE"",""x"":46.94913101196289,""y"":39.3487663269043}",-2.0656103
11468757220800,gimbal,2880,"{""imu_roll"":0.0,""imu_pitch"":22.904224395751953,""imu_yaw"":0.8720091581344604,""frame_roll"":0.0,""frame_pitch"":22.904224395751953,""frame_yaw"":0.8720091581344604,""pitch_speed"":0.0,""yaw_speed"":0.0}",-2.0513297
11468757553600,fov,2880,"{""zoom"":12.339999198913574,""hfov"":7.293355464935303,""vfov"":4.106302738189697,""state"":0,""max_aov_h"":90.0,""max_aov_v"":58.71550750732422,""min_aov_h"":1.40625,""min_aov_v"":0.7910428047180176,""max_zoom"":64.0}",-2.0509969
11468760220000,position,550,"{""message_type"":""GLOBAL_POSITION_INT"",""lat"":469527632,""lon"":393491389}",-2.0483305
11468760345800,attitude,1100,"{""message_type"":""ATTITUDE"",""time_boot_ms"":117210,""roll"":0.05744316801428795,""pitch"":0.17407184839248657,""yaw"":-3.0662097930908203,""rollspeed"":0.01461297832429409,""pitchspeed"":0.009085013531148434,""yawspeed"":0.017680415883660316}",-2.0482047
11468760614500,vfr,550,"{""message_type"":""VFR_HUD"",""airspeed"":33.31711959838867,""alt"":139.5800018310547}",-2.047936
11468785766200,gimbal,2881,"{""imu_roll"":0.0,""imu_pitch"":22.994020462036133,""imu_yaw"":0.7459033727645874,""frame_roll"":0.0,""frame_pitch"":22.994020462036133,""frame_yaw"":0.7459033727645874,""pitch_speed"":0.0,""yaw_speed"":0.0}",-2.0227843
11468786095200,fov,2881,"{""zoom"":12.339999198913574,""hfov"":7.293355464935303,""vfov"":4.106302738189697,""state"":0,""max_aov_h"":90.0,""max_aov_v"":58.71550750732422,""min_aov_h"":1.40625,""min_aov_v"":0.7910428047180176,""max_zoom"":64.0}",-2.0224553
11468788014100,target_offset,309,"{""x_angle_offset"":-0.4862236976623535,""y_angle_offset"":0.4258388024789316}",-2.0205364
11468814600700,gimbal,2882,"{""imu_roll"":0.0,""imu_pitch"":23.106386184692383,""imu_yaw"":0.6066527366638184,""frame_roll"":0.0,""frame_pitch"":23.106386184692383,""frame_yaw"":0.6066527366638184,""pitch_speed"":0.0,""yaw_speed"":0.0}",-1.9939498
11468815243100,fov,2882,"{""zoom"":12.339999198913574,""hfov"":7.293355464935303,""vfov"":4.106302738189697,""state"":0,""max_aov_h"":90.0,""max_aov_v"":58.71550750732422,""min_aov_h"":1.40625,""min_aov_v"":0.7910428047180176,""max_zoom"":64.0}",-1.9933074
11468817548100,target_offset,310,"{""x_angle_offset"":-0.2810980752110481,""y_angle_offset"":0.3726089521690651}",-1.9910024
11468820977500,attitude,1101,"{""message_type"":""ATTITUDE"",""time_boot_ms"":117270,""roll"":0.06044429540634155,""pitch"":0.17393173277378082,""yaw"":-3.064906597137451,""rollspeed"":0.08029075711965561,""pitchspeed"":0.0094062564894557,""yawspeed"":0.022820785641670227}",-1.987573
11468835528600,gimbal,2883,"{""imu_roll"":0.0,""imu_pitch"":23.190298080444336,""imu_yaw"":0.5370309948921204,""frame_roll"":0.0,""frame_pitch"":23.190298080444336,""frame_yaw"":0.5370309948921204,""pitch_speed"":0.0,""yaw_speed"":0.0}",-1.9730219
11468835789300,fov,2883,"{""zoom"":12.339999198913574,""hfov"":7.293355464935303,""vfov"":4.106302738189697,""state"":0,""max_aov_h"":90.0,""max_aov_v"":58.71550750732422,""min_aov_h"":1.40625,""min_aov_v"":0.7910428047180176,""max_zoom"":64.0}",-1.9727612
11468857632900,position,551,"{""message_type"":""GLOBAL_POSITION_INT"",""lat"":469526989,""lon"":393491305}",-1.9509176
11468858023800,attitude,1102,"{""message_type"":""ATTITUDE"",""time_boot_ms"":117310,""roll"":0.06495777517557144,""pitch"":0.17369909584522247,""yaw"":-3.0638513565063477,""rollspeed"":0.11962384730577469,""pitchspeed"":0.009572988376021385,""yawspeed"":0.026319369673728943}",-1.9505267
11468858357200,vfr,551,"{""message_type"":""VFR_HUD"",""airspeed"":33.29759979248047,""alt"":139.8000030517578}",-1.9501933
11468860875300,gimbal,2884,"{""imu_roll"":0.0,""imu_pitch"":23.255550384521484,""imu_yaw"":0.47457629442214966,""frame_roll"":0.0,""frame_pitch"":23.255550384521484,""frame_yaw"":0.47457629442214966,""pitch_speed"":0.0,""yaw_speed"":0.0}",-1.9476752
11468861227100,fov,2884,"{""zoom"":12.339999198913574,""hfov"":7.293355464935303,""vfov"":4.106302738189697,""state"":0,""max_aov_h"":90.0,""max_aov_v"":58.71550750732422,""min_aov_h"":1.40625,""min_aov_v"":0.7910428047180176,""max_zoom"":64.0}",-1.9473234
11468884201100,gimbal,2885,"{""imu_roll"":0.0,""imu_pitch"":23.305959701538086,""imu_yaw"":0.4162518382072449,""frame_roll"":0.0,""frame_pitch"":23.305959701538086,""frame_yaw"":0.4162518382072449,""pitch_speed"":0.0,""yaw_speed"":0.0}",-1.9243494
11468884563300,fov,2885,"{""zoom"":12.339999198913574,""hfov"":7.293355464935303,""vfov"":4.106302738189697,""state"":0,""max_aov_h"":90.0,""max_aov_v"":58.71550750732422,""min_aov_h"":1.40625,""min_aov_v"":0.7910428047180176,""max_zoom"":64.0}",-1.9239872
11468889691700,range,1085,"{""message_type"":""GLOBAL_VISION_POSITION_ESTIMATE"",""x"":46.94905471801758,""y"":39.34882736206055}",-1.9188588
11468902575900,range,1086,"{""message_type"":""GLOBAL_VISION_POSITION_ESTIMATE"",""x"":46.94905471801758,""y"":39.34882736206055}",-1.9059746
11468909039900,gimbal,2886,"{""imu_roll"":0.0,""imu_pitch"":23.348005294799805,""imu_yaw"":0.35815614461898804,""frame_roll"":0.0,""frame_pitch"":23.348005294799805,""frame_yaw"":0.35815614461898804,""pitch_speed"":0.0,""yaw_speed"":0.0}",-1.8995106
11468909372600,fov,2886,"{""zoom"":12.339999198913574,""hfov"":7.293355464935303,""vfov"":4.106302738189697,""state"":0,""max_aov_h"":90.0,""max_aov_v"":58.71550750732422,""min_aov_h"":1.40625,""min_aov_v"":0.7910428047180176,""max_zoom"":64.0}",-1.8991779
11468922826800,attitude,1103,"{""message_type"":""ATTITUDE"",""time_boot_ms"":117370,""roll"":0.07434599101543427,""pitch"":0.17336660623550415,""yaw"":-3.062056303024292,""rollspeed"":0.16867119073867798,""pitchspeed"":0.010444916784763336,""yawspeed"":0.03163310885429382}",-1.8857237
11468935924100,gimbal,2887,"{""imu_roll"":0.0,""imu_pitch"":23.378421783447266,""imu_yaw"":0.3050766587257385,""frame_roll"":0.0,""frame_pitch"":23.378421783447266,""frame_yaw"":0.3050766587257385,""pitch_speed"":0.0,""yaw_speed"":0.0}",-1.8726264
11468936301900,fov,2887,"{""zoom"":12.339999198913574,""hfov"":7.293355464935303,""vfov"":4.106302738189697,""state"":0,""max_aov_h"":90.0,""max_aov_v"":58.71550750732422,""min_aov_h"":1.40625,""min_aov_v"":0.7910428047180176,""max_zoom"":64.0}",-1.8722486
11468941267100,target_offset,311,"{""x_angle_offset"":-1.7093801870942116,""y_angle_offset"":-0.6995923183582446}",-1.8672834
11468962184100,gimbal,2888,"{""imu_roll"":0.0,""imu_pitch"":23.19668960571289,""imu_yaw"":-0.13186296820640564,""frame_roll"":0.0,""frame_pitch"":23.19668960571289,""frame_yaw"":-0.13186296820640564,""pitch_speed"":0.0,""yaw_speed"":0.0}",-1.8463664
11468963345900,fov,2888,"{""zoom"":12.339999198913574,""hfov"":7.293355464935303,""vfov"":4.106302738189697,""state"":0,""max_aov_h"":90.0,""max_aov_v"":58.71550750732422,""min_aov_h"":1.40625,""min_aov_v"":0.7910428047180176,""max_zoom"":64.0}",-1.8452046
11468970653700,target_offset,312,"{""x_angle_offset"":-1.5118518099188805,""y_angle_offset"":-0.6767795253683019}",-1.8378968
11468971964000,attitude,1104,"{""message_type"":""ATTITUDE"",""time_boot_ms"":117410,""roll"":0.0819779485464096,""pitch"":0.17315083742141724,""yaw"":-3.060758113861084,""rollspeed"":0.19311296939849854,""pitchspeed"":0.010914711281657219,""yawspeed"":0.03496748208999634}",-1.8365865
11468972186700,vfr,552,"{""message_type"":""VFR_HUD"",""airspeed"":33.25771713256836,""alt"":140.02999877929688}",-1.8363638
11468972313400,position,552,"{""message_type"":""GLOBAL_POSITION_INT"",""lat"":469526989,""lon"":393491305}",-1.8362371
11468985598300,gimbal,2889,"{""imu_roll"":0.0,""imu_pitch"":23.031604766845703,""imu_yaw"":-0.4859021306037903,""frame_roll"":0.0,""frame_pitch"":23.031604766845703,""frame_yaw"":-0.4859021306037903,""pitch_speed"":0.0,""yaw_speed"":0.0}",-1.8229522
11468986022100,fov,2889,"{""zoom"":12.339999198913574,""hfov"":7.293355464935303,""vfov"":4.106302738189697,""state"":0,""max_aov_h"":90.0,""max_aov_v"":58.71550750732422,""min_aov_h"":1.40625,""min_aov_v"":0.7910428047180176,""max_zoom"":64.0}",-1.8225284
11469015774100,target_offset,313,"{""x_angle_offset"":-1.4206848666071892,""y_angle_offset"":-0.6539667323783591}",-1.7927764
11469018003300,gimbal,2890,"{""imu_roll"":0.0,""imu_pitch"":22.884395599365234,""imu_yaw"":-0.8157753944396973,""frame_roll"":0.0,""frame_pitch"":22.884395599365234,""frame_yaw"":-0.8157753944396973,""pitch_speed"":0.0,""yaw_speed"":0.0}",-1.7905472
11469018159100,fov,2890,"{""zoom"":12.339999198913574,""hfov"":7.293355464935303,""vfov"":4.106302738189697,""state"":0,""max_aov_h"":90.0,""max_aov_v"":58.71550750732422,""min_aov_h"":1.40625,""min_aov_v"":0.7910428047180176,""max_zoom"":64.0}",-1.7903914
11469026502400,attitude,1105,"{""message_type"":""ATTITUDE"",""time_boot_ms"":117470,""roll"":0.09469344466924667,""pitch"":0.17284449934959412,""yaw"":-3.0586163997650146,""rollspeed"":0.21225783228874207,""pitchspeed"":0.012314176186919212,""yawspeed"":0.039196617901325226}",-1.7820481
11469035319200,gimbal,2891,"{""imu_roll"":0.0,""imu_pitch"":22.773151397705078,""imu_yaw"":-1.0471875667572021,""frame_roll"":0.0,""frame_pitch"":22.773151397705078,""frame_yaw"":-1.0471875667572021,""pitch_speed"":0.0,""yaw_speed"":0.0}",-1.7732313
11469035584300,fov,2891,"{""zoom"":12.339999198913574,""hfov"":7.293355464935303,""vfov"":4.106302738189697,""state"":0,""max_aov_h"":90.0,""max_aov_v"":58.71550750732422,""min_aov_h"":1.40625,""min_aov_v"":0.7910428047180176,""max_zoom"":64.0}",-1.7729662
11469042785800,range,1087,"{""message_type"":""GLOBAL_VISION_POSITION_ESTIMATE"",""x"":46.94905471801758,""y"":39.348976135253906}",-1.7657647
11469047027200,range,1088,"{""message_type"":""GLOBAL_VISION_POSITION_ESTIMATE"",""x"":46.94905471801758,""y"":39.348976135253906}",-1.7615233
11469059889500,gimbal,2892,"{""imu_roll"":0.0,""imu_pitch"":22.67194938659668,""imu_yaw"":-1.2716296911239624,""frame_roll"":0.0,""frame_pitch"":22.67194938659668,""frame_yaw"":-1.2716296911239624,""pitch_speed"":0.0,""yaw_speed"":0.0}",-1.748661
11469060247400,fov,2892,"{""zoom"":12.339999198913574,""hfov"":7.293355464935303,""vfov"":4.106302738189697,""state"":0,""max_aov_h"":90.0,""max_aov_v"":58.71550750732422,""min_aov_h"":1.40625,""min_aov_v"":0.7910428047180176,""max_zoom"":64.0}",-1.7483031
11469065208400,target_offset,314,"{""x_angle_offset"":-1.4662683382630348,""y_angle_offset"":-0.6995923183582446}",-1.7433421
11469070799900,position,553,"{""message_type"":""GLOBAL_POSITION_INT"",""lat"":469526350,""lon"":393491205}",-1.7377506
11469070897800,attitude,1106,"{""message_type"":""ATTITUDE"",""time_boot_ms"":117510,""roll"":0.10352087020874023,""pitch"":0.17270545661449432,""yaw"":-3.057062864303589,""rollspeed"":0.20880430936813354,""pitchspeed"":0.013235703110694885,""yawspeed"":0.041279032826423645}",-1.7376527
11469071262500,vfr,553,"{""message_type"":""VFR_HUD"",""airspeed"":33.229766845703125,""alt"":140.27000427246094}",-1.737288
11469088226700,gimbal,2893,"{""imu_roll"":0.0,""imu_pitch"":22.48748016357422,""imu_yaw"":-1.6432393789291382,""frame_roll"":0.0,""frame_pitch"":22.48748016357422,""frame_yaw"":-1.6432393789291382,""pitch_speed"":0.0,""yaw_speed"":0.0}",-1.7203238
11469088531400,fov,2893,"{""zoom"":12.339999198913574,""hfov"":7.293355464935303,""vfov"":4.106302738189697,""state"":0,""max_aov_h"":90.0,""max_aov_v"":58.71550750732422,""min_aov_h"":1.40625,""min_aov_v"":0.7910428047180176,""max_zoom"":64.0}",-1.7200191
11469109567800,gimbal,2894,"{""imu_roll"":0.0,""imu_pitch"":22.35222816467285,""imu_yaw"":-1.9288252592086792,""frame_roll"":0.0,""frame_pitch"":22.35222816467285,""frame_yaw"":-1.9288252592086792,""pitch_speed"":0.0,""yaw_speed"":0.0}",-1.6989827
11469109775200,fov,2894,"{""zoom"":12.339999198913574,""hfov"":7.293355464935303,""vfov"":4.106302738189697,""state"":0,""max_aov_h"":90.0,""max_aov_v"":58.71550750732422,""min_aov_h"":1.40625,""min_aov_v"":0.7910428047180176,""max_zoom"":64.0}",-1.6987753
11469133639800,attitude,1107,"{""message_type"":""ATTITUDE"",""time_boot_ms"":117570,""roll"":0.11632861942052841,""pitch"":0.17258460819721222,""yaw"":-3.054532766342163,""rollspeed"":0.1874353587627411,""pitchspeed"":0.014651565812528133,""yawspeed"":0.043109919875860214}",-1.6749107
11469134666700,gimbal,2895,"{""imu_roll"":0.0,""imu_pitch"":22.253568649291992,""imu_yaw"":-2.153445243835449,""frame_roll"":0.0,""frame_pitch"":22.253568649291992,""frame_yaw"":-2.153445243835449,""pitch_speed"":0.0,""yaw_speed"":0.0}",-1.6738838
11469134967700,fov,2895,"{""zoom"":12.339999198913574,""hfov"":7.293355464935303,""vfov"":4.106302738189697,""state"":0,""max_aov_h"":90.0,""max_aov_v"":58.71550750732422,""min_aov_h"":1.40625,""min_aov_v"":0.7910428047180176,""max_zoom"":64.0}",-1.6735828
11469142693300,target_offset,315,"{""x_angle_offset"":-1.2383509799838066,""y_angle_offset"":-0.6843837896982828}",-1.6658572
11469162461300,gimbal,2896,"{""imu_roll"":0.0,""imu_pitch"":22.064054489135742,""imu_yaw"":-2.487308979034424,""frame_roll"":0.0,""frame_pitch"":22.064054489135742,""frame_yaw"":-2.487308979034424,""pitch_speed"":0.0,""yaw_speed"":0.0}",-1.6460892
11469162776100,fov,2896,"{""zoom"":12.339999198913574,""hfov"":7.293355464935303,""vfov"":4.106302738189697,""state"":0,""max_aov_h"":90.0,""max_aov_v"":58.71550750732422,""min_aov_h"":1.40625,""min_aov_v"":0.7910428047180176,""max_zoom"":64.0}",-1.6457744
11469176109200,vfr,554,"{""message_type"":""VFR_HUD"",""airspeed"":33.18391418457031,""alt"":140.489990234375}",-1.6324413
11469176224500,position,554,"{""message_type"":""GLOBAL_POSITION_INT"",""lat"":469526350,""lon"":393491205}",-1.632326
11469176317000,attitude,1108,"{""message_type"":""ATTITUDE"",""time_boot_ms"":117610,""roll"":0.12380044162273407,""pitch"":0.1725325584411621,""yaw"":-3.0528206825256348,""rollspeed"":0.16301071643829346,""pitchspeed"":0.015652501955628395,""yawspeed"":0.04353407397866249}",-1.6322335
11469186584100,gimbal,2897,"{""imu_roll"":0.0,""imu_pitch"":21.933969497680664,""imu_yaw"":-2.733874797821045,""frame_roll"":0.0,""frame_pitch"":21.933969497680664,""frame_yaw"":-2.733874797821045,""pitch_speed"":0.0,""yaw_speed"":0.0}",-1.6219664
11469186930400,fov,2897,"{""zoom"":12.339999198913574,""hfov"":7.293355464935303,""vfov"":4.106302738189697,""state"":0,""max_aov_h"":90.0,""max_aov_v"":58.71550750732422,""min_aov_h"":1.40625,""min_aov_v"":0.7910428047180176,""max_zoom"":64.0}",-1.6216201
11469196330800,range,1089,"{""message_type"":""GLOBAL_VISION_POSITION_ESTIMATE"",""x"":46.948177337646484,""y"":39.349143981933594}",-1.6122197
11469213383300,gimbal,2898,"{""imu_roll"":0.0,""imu_pitch"":21.834075927734375,""imu_yaw"":-2.941275119781494,""frame_roll"":0.0,""frame_pitch"":21.834075927734375,""frame_yaw"":-2.941275119781494,""pitch_speed"":0.0,""yaw_speed"":0.0}",-1.5951672
11469213654200,fov,2898,"{""zoom"":12.339999198913574,""hfov"":7.293355464935303,""vfov"":4.106302738189697,""state"":0,""max_aov_h"":90.0,""max_aov_v"":58.71550750732422,""min_aov_h"":1.40625,""min_aov_v"":0.7910428047180176,""max_zoom"":64.0}",-1.5948963
11469218498600,range,1090,"{""message_type"":""GLOBAL_VISION_POSITION_ESTIMATE"",""x"":46.948177337646484,""y"":39.349143981933594}",-1.5900519
11469235605700,attitude,1109,"{""message_type"":""ATTITUDE"",""time_boot_ms"":117670,""roll"":0.132954403758049,""pitch"":0.1724761426448822,""yaw"":-3.050217628479004,""rollspeed"":0.11952940374612808,""pitchspeed"":0.016505571082234383,""yawspeed"":0.043330878019332886}",-1.5729448
11469237644300,gimbal,2899,"{""imu_roll"":0.0,""imu_pitch"":21.765472412109375,""imu_yaw"":-3.102280616760254,""frame_roll"":0.0,""frame_pitch"":21.765472412109375,""frame_yaw"":-3.102280616760254,""pitch_speed"":0.0,""yaw_speed"":0.0}",-1.5709062
11469238106200,fov,2899,"{""zoom"":12.339999198913574,""hfov"":7.293355464935303,""vfov"":4.106302738189697,""state"":0,""max_aov_h"":90.0,""max_aov_v"":58.71550750732422,""min_aov_h"":1.40625,""min_aov_v"":0.7910428047180176,""max_zoom"":64.0}",-1.5704443
11469263496200,gimbal,2900,"{""imu_roll"":0.0,""imu_pitch"":21.71250343322754,""imu_yaw"":-3.2438013553619385,""frame_roll"":0.0,""frame_pitch"":21.71250343322754,""frame_yaw"":-3.2438013553619385,""pitch_speed"":0.0,""yaw_speed"":0.0}",-1.5450543
11469263850600,fov,2900,"{""zoom"":12.339999198913574,""hfov"":7.293355464935303,""vfov"":4.106302738189697,""state"":0,""max_aov_h"":90.0,""max_aov_v"":58.71550750732422,""min_aov_h"":1.40625,""min_aov_v"":0.7910428047180176,""max_zoom"":64.0}",-1.5446999
11469277723700,vfr,555,"{""message_type"":""VFR_HUD"",""airspeed"":33.15177917480469,""alt"":140.72000122070312}",-1.5308268
11469277806400,position,555,"{""message_type"":""GLOBAL_POSITION_INT"",""lat"":469525714,""lon"":393491090}",-1.5307441
11469277865700,attitude,1110,"{""message_type"":""ATTITUDE"",""time_boot_ms"":117710,""roll"":0.137395441532135,""pitch"":0.17243872582912445,""yaw"":-3.048490047454834,""rollspeed"":0.08511904627084732,""pitchspeed"":0.01645248383283615,""yawspeed"":0.04263696074485779}",-1.5306848
11469293123800,gimbal,2901,"{""imu_roll"":0.0,""imu_pitch"":22.358192443847656,""imu_yaw"":-2.464996576309204,""frame_roll"":0.0,""frame_pitch"":22.358192443847656,""frame_yaw"":-2.464996576309204,""pitch_speed"":0.0,""yaw_speed"":0.0}",-1.5154267
11469293469700,fov,2901,"{""zoom"":12.339999198913574,""hfov"":7.293355464935303,""vfov"":4.106302738189697,""state"":0,""max_aov_h"":90.0,""max_aov_v"":58.71550750732422,""min_aov_h"":1.40625,""min_aov_v"":0.7910428047180176,""max_zoom"":64.0}",-1.5150808
11469319054400,gimbal,2902,"{""imu_roll"":0.0,""imu_pitch"":22.75667381286621,""imu_yaw"":-1.9996769428253174,""frame_roll"":0.0,""frame_pitch"":22.75667381286621,""frame_yaw"":-1.9996769428253174,""pitch_speed"":0.0,""yaw_speed"":0.0}",-1.4894961
11469319367500,fov,2902,"{""zoom"":12.339999198913574,""hfov"":7.293355464935303,""vfov"":4.106302738189697,""state"":0,""max_aov_h"":90.0,""max_aov_v"":58.71550750732422,""min_aov_h"":1.40625,""min_aov_v"":0.7910428047180176,""max_zoom"":64.0}",-1.489183
11469337793300,range,1091,"{""message_type"":""GLOBAL_VISION_POSITION_ESTIMATE"",""x"":46.94892501831055,""y"":39.34907531738281}",-1.4707572
11469344887300,gimbal,2903,"{""imu_roll"":0.0,""imu_pitch"":23.070453643798828,""imu_yaw"":-1.6510076522827148,""frame_roll"":0.0,""frame_pitch"":23.070453643798828,""frame_yaw"":-1.6510076522827148,""pitch_speed"":0.0,""yaw_speed"":0.0}",-1.4636632
11469345233500,fov,2903,"{""zoom"":12.339999198913574,""hfov"":7.293355464935303,""vfov"":4.106302738189697,""state"":0,""max_aov_h"":90.0,""max_aov_v"":58.71550750732422,""min_aov_h"":1.40625,""min_aov_v"":0.7910428047180176,""max_zoom"":64.0}",-1.463317
11469350227100,target_offset,316,"{""x_angle_offset"":-1.0940033197402954,""y_angle_offset"":-0.5475070317586263}",-1.4583234
11469352031000,range,1092,"{""message_type"":""GLOBAL_VISION_POSITION_ESTIMATE"",""x"":46.94892501831055,""y"":39.34907531738281}",-1.4565195
11469352192300,attitude,1111,"{""message_type"":""ATTITUDE"",""time_boot_ms"":117770,""roll"":0.14176751673221588,""pitch"":0.17250463366508484,""yaw"":-3.045872688293457,""rollspeed"":0.03740409389138222,""pitchspeed"":0.016925930976867676,""yawspeed"":0.04115098714828491}",-1.4563582
11469371131200,gimbal,2904,"{""imu_roll"":0.0,""imu_pitch"":22.92626953125,""imu_yaw"":-1.9332338571548462,""frame_roll"":0.0,""frame_pitch"":22.92626953125,""frame_yaw"":-1.9332338571548462,""pitch_speed"":0.0,""yaw_speed"":0.0}",-1.4374193
11469373872500,fov,2904,"{""zoom"":12.339999198913574,""hfov"":7.293355464935303,""vfov"":4.106302738189697,""state"":0,""max_aov_h"":90.0,""max_aov_v"":58.71550750732422,""min_aov_h"":1.40625,""min_aov_v"":0.7910428047180176,""max_zoom"":64.0}",-1.434678
11469379443100,target_offset,317,"{""x_angle_offset"":-1.1016005650162697,""y_angle_offset"":-0.6007368820684927}",-1.4291074
11469390429400,position,556,"{""message_type"":""GLOBAL_POSITION_INT"",""lat"":469525714,""lon"":393491090}",-1.4181211
11469390513100,attitude,1112,"{""message_type"":""ATTITUDE"",""time_boot_ms"":117810,""roll"":0.14324581623077393,""pitch"":0.17256347835063934,""yaw"":-3.0441386699676514,""rollspeed"":0.010297168977558613,""pitchspeed"":0.017272554337978363,""yawspeed"":0.04001835733652115}",-1.4180374
11469390687100,vfr,556,"{""message_type"":""VFR_HUD"",""airspeed"":33.129268646240234,""alt"":140.95999145507812}",-1.4178634
11469396617200,gimbal,2905,"{""imu_roll"":0.0,""imu_pitch"":22.773767471313477,""imu_yaw"":-2.211613178253174,""frame_roll"":0.0,""frame_pitch"":22.773767471313477,""frame_yaw"":-2.211613178253174,""pitch_speed"":0.0,""yaw_speed"":0.0}",-1.4119333
11469397648000,fov,2905,"{""zoom"":12.339999198913574,""hfov"":7.293355464935303,""vfov"":4.106302738189697,""state"":0,""max_aov_h"":90.0,""max_aov_v"":58.71550750732422,""min_aov_h"":1.40625,""min_aov_v"":0.7910428047180176,""max_zoom"":64.0}",-1.4109025
11469421854600,gimbal,2906,"{""imu_roll"":0.0,""imu_pitch"":22.66551399230957,""imu_yaw"":-2.4245707988739014,""frame_roll"":0.0,""frame_pitch"":22.66551399230957,""frame_yaw"":-2.4245707988739014,""pitch_speed"":0.0,""yaw_speed"":0.0}",-1.3866959
11469422170400,fov,2906,"{""zoom"":12.339999198913574,""hfov"":7.293355464935303,""vfov"":4.106302738189697,""state"":0,""max_aov_h"":90.0,""max_aov_v"":58.71550750732422,""min_aov_h"":1.40625,""min_aov_v"":0.7910428047180176,""max_zoom"":64.0}",-1.3863801
11469426919600,target_offset,318,"{""x_angle_offset"":-1.2459482252597809,""y_angle_offset"":-0.6235496750584355}",-1.3816309
11469449330500,gimbal,2907,"{""imu_roll"":0.0,""imu_pitch"":22.490447998046875,""imu_yaw"":-2.7721850872039795,""frame_roll"":0.0,""frame_pitch"":22.490447998046875,""frame_yaw"":-2.7721850872039795,""pitch_speed"":0.0,""yaw_speed"":0.0}",-1.35922
11469449603000,fov,2907,"{""zoom"":12.339999198913574,""hfov"":7.293355464935303,""vfov"":4.106302738189697,""state"":0,""max_aov_h"":90.0,""max_aov_v"":58.71550750732422,""min_aov_h"":1.40625,""min_aov_v"":0.7910428047180176,""max_zoom"":64.0}",-1.3589475
11469454022500,target_offset,319,"{""x_angle_offset"":-1.390295885503292,""y_angle_offset"":-0.6463624680483783}",-1.354528
11469459808300,attitude,1113,"{""message_type"":""ATTITUDE"",""time_boot_ms"":117870,""roll"":0.1435883641242981,""pitch"":0.17266960442066193,""yaw"":-3.0415899753570557,""rollspeed"":-0.027353327721357346,""pitchspeed"":0.017349958419799805,""yawspeed"":0.03812805935740471}",-1.3487422
11469471805800,gimbal,2908,"{""imu_roll"":0.0,""imu_pitch"":22.332122802734375,""imu_yaw"":-3.108673572540283,""frame_roll"":0.0,""frame_pitch"":22.332122802734375,""frame_yaw"":-3.108673572540283,""pitch_speed"":0.0,""yaw_speed"":0.0}",-1.3367447
11469472259000,fov,2908,"{""zoom"":12.339999198913574,""hfov"":7.293355464935303,""vfov"":4.106302738189697,""state"":0,""max_aov_h"":90.0,""max_aov_v"":58.71550750732422,""min_aov_h"":1.40625,""min_aov_v"":0.7910428047180176,""max_zoom"":64.0}",-1.3362915
11469497344200,attitude,1114,"{""message_type"":""ATTITUDE"",""time_boot_ms"":117910,""roll"":0.14239121973514557,""pitch"":0.1727377474308014,""yaw"":-3.0399372577667236,""rollspeed"":-0.057251300662755966,""pitchspeed"":0.017021799460053444,""yawspeed"":0.03635421022772789}",-1.3112063
11469497718300,vfr,557,"{""message_type"":""VFR_HUD"",""airspeed"":33.08704376220703,""alt"":141.17999267578125}",-1.3108322
11469497968000,position,557,"{""message_type"":""GLOBAL_POSITION_INT"",""lat"":469525714,""lon"":393491090}",-1.3105825
11469498421400,gimbal,2909,"{""imu_roll"":0.0,""imu_pitch"":22.894969940185547,""imu_yaw"":-2.562992811203003,""frame_roll"":0.0,""frame_pitch"":22.894969940185547,""frame_yaw"":-2.562992811203003,""pitch_speed"":0.0,""yaw_speed"":0.0}",-1.3101291
11469498760000,fov,2909,"{""zoom"":12.339999198913574,""hfov"":7.293355464935303,""vfov"":4.106302738189697,""state"":0,""max_aov_h"":90.0,""max_aov_v"":58.71550750732422,""min_aov_h"":1.40625,""min_aov_v"":0.7910428047180176,""max_zoom"":64.0}",-1.3097905
11469508214600,range,1093,"{""message_type"":""GLOBAL_VISION_POSITION_ESTIMATE"",""x"":46.94892501831055,""y"":39.349090576171875}",-1.3003359
11469516427000,range,1094,"{""message_type"":""GLOBAL_VISION_POSITION_ESTIMATE"",""x"":46.94892501831055,""y"":39.349090576171875}",-1.2921235
11469525518200,gimbal,2910,"{""imu_roll"":0.0,""imu_pitch"":23.324565887451172,""imu_yaw"":-2.1611902713775635,""frame_roll"":0.0,""frame_pitch"":23.324565887451172,""frame_yaw"":-2.1611902713775635,""pitch_speed"":0.0,""yaw_speed"":0.0}",-1.2830323
11469525821100,fov,2910,"{""zoom"":12.339999198913574,""hfov"":7.293355464935303,""vfov"":4.106302738189697,""state"":0,""max_aov_h"":90.0,""max_aov_v"":58.71550750732422,""min_aov_h"":1.40625,""min_aov_v"":0.7910428047180176,""max_zoom"":64.0}",-1.2827294
11469531160200,target_offset,320,"{""x_angle_offset"":-1.7169774323701859,""y_angle_offset"":-0.6843837896982828}",-1.2773903
11469550672600,gimbal,2911,"{""imu_roll"":0.0,""imu_pitch"":23.124290466308594,""imu_yaw"":-2.6544110774993896,""frame_roll"":0.0,""frame_pitch"":23.124290466308594,""frame_yaw"":-2.6544110774993896,""pitch_speed"":0.0,""yaw_speed"":0.0}",-1.2578779
11469552428500,fov,2911,"{""zoom"":12.339999198913574,""hfov"":7.293355464935303,""vfov"":4.106302738189697,""state"":0,""max_aov_h"":90.0,""max_aov_v"":58.71550750732422,""min_aov_h"":1.40625,""min_aov_v"":0.7910428047180176,""max_zoom"":64.0}",-1.256122
11469558202900,attitude,1115,"{""message_type"":""ATTITUDE"",""time_boot_ms"":117970,""roll"":0.13775266706943512,""pitch"":0.17279666662216187,""yaw"":-3.0376665592193604,""rollspeed"":-0.10863012075424194,""pitchspeed"":0.015559897758066654,""yawspeed"":0.03248615562915802}",-1.2503476
11469579409800,gimbal,2912,"{""imu_roll"":0.0,""imu_pitch"":22.99686050415039,""imu_yaw"":-2.9850001335144043,""frame_roll"":0.0,""frame_pitch"":22.99686050415039,""frame_yaw"":-2.9850001335144043,""pitch_speed"":0.0,""yaw_speed"":0.0}",-1.2291407
11469580327500,fov,2912,"{""zoom"":12.339999198913574,""hfov"":7.293355464935303,""vfov"":4.106302738189697,""state"":0,""max_aov_h"":90.0,""max_aov_v"":58.71550750732422,""min_aov_h"":1.40625,""min_aov_v"":0.7910428047180176,""max_zoom"":64.0}",-1.228223
11469583333800,target_offset,321,"{""x_angle_offset"":-1.5422407910227776,""y_angle_offset"":-0.479068652788798}",-1.2252167
11469599739700,vfr,558,"{""message_type"":""VFR_HUD"",""airspeed"":33.057456970214844,""alt"":141.42999267578125}",-1.2088108
11469599865200,position,558,"{""message_type"":""GLOBAL_POSITION_INT"",""lat"":469525079,""lon"":393490965}",-1.2086853
11469599967600,attitude,1116,"{""message_type"":""ATTITUDE"",""time_boot_ms"":118010,""roll"":0.1328897327184677,""pitch"":0.17281655967235565,""yaw"":-3.0362658500671387,""rollspeed"":-0.1410226970911026,""pitchspeed"":0.014899464324116707,""yawspeed"":0.029828544706106186}",-1.2085829
11469609601900,target_offset,322,"{""x_angle_offset"":-1.6030187532305717,""y_angle_offset"":-0.6083411463984736}",-1.1989486
11469611589400,gimbal,2913,"{""imu_roll"":0.0,""imu_pitch"":22.845802307128906,""imu_yaw"":-3.45361590385437,""frame_roll"":0.0,""frame_pitch"":22.845802307128906,""frame_yaw"":-3.45361590385437,""pitch_speed"":0.0,""yaw_speed"":0.0}",-1.1969611
11469611734000,fov,2913,"{""zoom"":12.339999198913574,""hfov"":7.293355464935303,""vfov"":4.106302738189697,""state"":0,""max_aov_h"":90.0,""max_aov_v"":58.71550750732422,""min_aov_h"":1.40625,""min_aov_v"":0.7910428047180176,""max_zoom"":64.0}",-1.1968165
11469628949500,gimbal,2914,"{""imu_roll"":0.0,""imu_pitch"":22.74115562438965,""imu_yaw"":-3.698275089263916,""frame_roll"":0.0,""frame_pitch"":22.74115562438965,""frame_yaw"":-3.698275089263916,""pitch_speed"":0.0,""yaw_speed"":0.0}",-1.179601
11469630009200,fov,2914,"{""zoom"":12.339999198913574,""hfov"":7.293355464935303,""vfov"":4.106302738189697,""state"":0,""max_aov_h"":90.0,""max_aov_v"":58.71550750732422,""min_aov_h"":1.40625,""min_aov_v"":0.7910428047180176,""max_zoom"":64.0}",-1.1785413
11469659167200,target_offset,323,"{""x_angle_offset"":-1.5498380362987518,""y_angle_offset"":-0.5322985030986644}",-1.1493833
11469661870900,attitude,1117,"{""message_type"":""ATTITUDE"",""time_boot_ms"":118070,""roll"":0.12298179417848587,""pitch"":0.17282237112522125,""yaw"":-3.0343680381774902,""rollspeed"":-0.19300371408462524,""pitchspeed"":0.013348521664738655,""yawspeed"":0.02486642636358738}",-1.1466796
11469662266500,range,1095,"{""message_type"":""GLOBAL_VISION_POSITION_ESTIMATE"",""x"":46.94886016845703,""y"":39.34906768798828}",-1.146284
11469662687600,gimbal,2915,"{""imu_roll"":0.0,""imu_pitch"":23.397186279296875,""imu_yaw"":-3.1469035148620605,""frame_roll"":0.0,""frame_pitch"":23.397186279296875,""frame_yaw"":-3.1469035148620605,""pitch_speed"":0.0,""yaw_speed"":0.0}",-1.1458629
11469662836200,fov,2915,"{""zoom"":12.339999198913574,""hfov"":7.293355464935303,""vfov"":4.106302738189697,""state"":0,""max_aov_h"":90.0,""max_aov_v"":58.71550750732422,""min_aov_h"":1.40625,""min_aov_v"":0.7910428047180176,""max_zoom"":64.0}",-1.1457143
11469680692700,range,1096,"{""message_type"":""GLOBAL_VISION_POSITION_ESTIMATE"",""x"":46.94886016845703,""y"":39.34906768798828}",-1.1278578
11469684499600,gimbal,2916,"{""imu_roll"":0.0,""imu_pitch"":23.91261863708496,""imu_yaw"":-2.8450534343719482,""frame_roll"":0.0,""frame_pitch"":23.91261863708496,""frame_yaw"":-2.8450534343719482,""pitch_speed"":0.0,""yaw_speed"":0.0}",-1.1240509
11469684851000,fov,2916,"{""zoom"":12.339999198913574,""hfov"":7.293355464935303,""vfov"":4.106302738189697,""state"":0,""max_aov_h"":90.0,""max_aov_v"":58.71550750732422,""min_aov_h"":1.40625,""min_aov_v"":0.7910428047180176,""max_zoom"":64.0}",-1.1236995
11469691702200,target_offset,324,"{""x_angle_offset"":-1.77775539457798,""y_angle_offset"":-0.6615709967083401}",-1.1168483
11469700378100,position,559,"{""message_type"":""GLOBAL_POSITION_INT"",""lat"":469525079,""lon"":393490965}",-1.1081724
11469700504600,attitude,1118,"{""message_type"":""ATTITUDE"",""time_boot_ms"":118110,""roll"":0.11456234753131866,""pitch"":0.17278838157653809,""yaw"":-3.033231496810913,""rollspeed"":-0.22974802553653717,""pitchspeed"":0.011987464502453804,""yawspeed"":0.021007316187024117}",-1.1080459
11469700839200,vfr,559,"{""message_type"":""VFR_HUD"",""airspeed"":33.03672790527344,""alt"":141.66000366210938}",-1.1077113
11469708979000,gimbal,2917,"{""imu_roll"":0.0,""imu_pitch"":23.746740341186523,""imu_yaw"":-3.2860028743743896,""frame_roll"":0.0,""frame_pitch"":23.746740341186523,""frame_yaw"":-3.2860028743743896,""pitch_speed"":0.0,""yaw_speed"":0.0}",-1.0995715
11469709287200,fov,2917,"{""zoom"":12.339999198913574,""hfov"":7.293355464935303,""vfov"":4.106302738189697,""state"":0,""max_aov_h"":90.0,""max_aov_v"":58.71550750732422,""min_aov_h"":1.40625,""min_aov_v"":0.7910428047180176,""max_zoom"":64.0}",-1.0992633
11469732750300,gimbal,2918,"{""imu_roll"":0.0,""imu_pitch"":23.62283706665039,""imu_yaw"":-3.623912811279297,""frame_roll"":0.0,""frame_pitch"":23.62283706665039,""frame_yaw"":-3.623912811279297,""pitch_speed"":0.0,""yaw_speed"":0.0}",-1.0758002
11469733068100,fov,2918,"{""zoom"":12.339999198913574,""hfov"":7.293355464935303,""vfov"":4.106302738189697,""state"":0,""max_aov_h"":90.0,""max_aov_v"":58.71550750732422,""min_aov_h"":1.40625,""min_aov_v"":0.7910428047180176,""max_zoom"":64.0}",-1.0754824
11469738105800,target_offset,325,"{""x_angle_offset"":-1.6789912059903145,""y_angle_offset"":-0.5322985030986644}",-1.0704447
11469757065000,gimbal,2919,"{""imu_roll"":0.0,""imu_pitch"":23.492036819458008,""imu_yaw"":-4.020308494567871,""frame_roll"":0.0,""frame_pitch"":23.492036819458008,""frame_yaw"":-4.020308494567871,""pitch_speed"":0.0,""yaw_speed"":0.0}",-1.0514855
11469757646700,fov,2919,"{""zoom"":12.339999198913574,""hfov"":7.293355464935303,""vfov"":4.106302738189697,""state"":0,""max_aov_h"":90.0,""max_aov_v"":58.71550750732422,""min_aov_h"":1.40625,""min_aov_v"":0.7910428047180176,""max_zoom"":64.0}",-1.0509038
11469759412800,attitude,1119,"{""message_type"":""ATTITUDE"",""time_boot_ms"":118170,""roll"":0.09907673299312592,""pitch"":0.17275668680667877,""yaw"":-3.0318310260772705,""rollspeed"":-0.280990868806839,""pitchspeed"":0.010412945412099361,""yawspeed"":0.014722419902682304}",-1.0491377
11469783006000,gimbal,2920,"{""imu_roll"":0.0,""imu_pitch"":23.39561653137207,""imu_yaw"":-4.319310188293457,""frame_roll"":0.0,""frame_pitch"":23.39561653137207,""frame_yaw"":-4.319310188293457,""pitch_speed"":0.0,""yaw_speed"":0.0}",-1.0255445
11469783468500,fov,2920,"{""zoom"":12.339999198913574,""hfov"":7.293355464935303,""vfov"":4.106302738189697,""state"":0,""max_aov_h"":90.0,""max_aov_v"":58.71550750732422,""min_aov_h"":1.40625,""min_aov_v"":0.7910428047180176,""max_zoom"":64.0}",-1.025082
11469799159200,position,560,"{""message_type"":""GLOBAL_POSITION_INT"",""lat"":469524448,""lon"":393490843}",-1.0093913
11469799276400,attitude,1120,"{""message_type"":""ATTITUDE"",""time_boot_ms"":118210,""roll"":0.08674737811088562,""pitch"":0.17277266085147858,""yaw"":-3.031104803085327,""rollspeed"":-0.3149510324001312,""pitchspeed"":0.009393804706633091,""yawspeed"":0.010272197425365448}",-1.0092741
11469799700000,vfr,560,"{""message_type"":""VFR_HUD"",""airspeed"":32.995784759521484,""alt"":141.89999389648438}",-1.0088505
11469809322900,gimbal,2921,"{""imu_roll"":0.0,""imu_pitch"":24.071823120117188,""imu_yaw"":-3.876692056655884,""frame_roll"":0.0,""frame_pitch"":24.071823120117188,""frame_yaw"":-3.876692056655884,""pitch_speed"":0.0,""yaw_speed"":0.0}",-0.9992276
11469809608100,fov,2921,"{""zoom"":12.339999198913574,""hfov"":7.293355464935303,""vfov"":4.106302738189697,""state"":0,""max_aov_h"":90.0,""max_aov_v"":58.71550750732422,""min_aov_h"":1.40625,""min_aov_v"":0.7910428047180176,""max_zoom"":64.0}",-0.9989424
11469817201700,range,1097,"{""message_type"":""GLOBAL_VISION_POSITION_ESTIMATE"",""x"":46.948795318603516,""y"":39.349021911621094}",-0.9913488
11469821397400,range,1098,"{""message_type"":""GLOBAL_VISION_POSITION_ESTIMATE"",""x"":46.948795318603516,""y"":39.349021911621094}",-0.9871531
11469830432100,gimbal,2922,"{""imu_roll"":0.0,""imu_pitch"":24.42873191833496,""imu_yaw"":-3.647256374359131,""frame_roll"":0.0,""frame_pitch"":24.42873191833496,""frame_yaw"":-3.647256374359131,""pitch_speed"":0.0,""yaw_speed"":0.0}",-0.9781184
11469830647400,fov,2922,"{""zoom"":12.339999198913574,""hfov"":7.293355464935303,""vfov"":4.106302738189697,""state"":0,""max_aov_h"":90.0,""max_aov_v"":58.71550750732422,""min_aov_h"":1.40625,""min_aov_v"":0.7910428047180176,""max_zoom"":64.0}",-0.9779031
11469855348100,gimbal,2923,"{""imu_roll"":0.0,""imu_pitch"":24.701677322387695,""imu_yaw"":-3.4749372005462646,""frame_roll"":0.0,""frame_pitch"":24.701677322387695,""frame_yaw"":-3.4749372005462646,""pitch_speed"":0.0,""yaw_speed"":0.0}",-0.9532024
11469855631800,fov,2923,"{""zoom"":12.339999198913574,""hfov"":7.293355464935303,""vfov"":4.106302738189697,""state"":0,""max_aov_h"":90.0,""max_aov_v"":58.71550750732422,""min_aov_h"":1.40625,""min_aov_v"":0.7910428047180176,""max_zoom"":64.0}",-0.9529187
11469863322400,attitude,1121,"{""message_type"":""ATTITUDE"",""time_boot_ms"":118270,""roll"":0.06586044281721115,""pitch"":0.17277023196220398,""yaw"":-3.0303099155426025,""rollspeed"":-0.35937830805778503,""pitchspeed"":0.008093953132629395,""yawspeed"":0.003120759502053261}",-0.9452281
11469881497500,gimbal,2924,"{""imu_roll"":0.0,""imu_pitch"":24.951047897338867,""imu_yaw"":-3.319854974746704,""frame_roll"":0.0,""frame_pitch"":24.951047897338867,""frame_yaw"":-3.319854974746704,""pitch_speed"":0.0,""yaw_speed"":0.0}",-0.927053
11469881893800,fov,2924,"{""zoom"":12.339999198913574,""hfov"":7.293355464935303,""vfov"":4.106302738189697,""state"":0,""max_aov_h"":90.0,""max_aov_v"":58.71550750732422,""min_aov_h"":1.40625,""min_aov_v"":0.7910428047180176,""max_zoom"":64.0}",-0.9266567
11469905828700,gimbal,2925,"{""imu_roll"":0.0,""imu_pitch"":25.129056930541992,""imu_yaw"":-3.2104475498199463,""frame_roll"":0.0,""frame_pitch"":25.129056930541992,""frame_yaw"":-3.2104475498199463,""pitch_speed"":0.0,""yaw_speed"":0.0}",-0.9027218
11469906462400,fov,2925,"{""zoom"":12.339999198913574,""hfov"":7.293355464935303,""vfov"":4.106302738189697,""state"":0,""max_aov_h"":90.0,""max_aov_v"":58.71550750732422,""min_aov_h"":1.40625,""min_aov_v"":0.7910428047180176,""max_zoom"":64.0}",-0.9020881
11469911725300,position,561,"{""message_type"":""GLOBAL_POSITION_INT"",""lat"":469524448,""lon"":393490843}",-0.8968252
11469911817000,attitude,1122,"{""message_type"":""ATTITUDE"",""time_boot_ms"":118310,""roll"":0.050752390176057816,""pitch"":0.17275011539459229,""yaw"":-3.029909372329712,""rollspeed"":-0.3794345259666443,""pitchspeed"":0.0074948593974113464,""yawspeed"":-0.0013168819714337587}",-0.8967335
11469911990200,vfr,561,"{""message_type"":""VFR_HUD"",""airspeed"":32.967098236083984,""alt"":142.14999389648438}",-0.8965603
11469927789300,gimbal,2926,"{""imu_roll"":0.0,""imu_pitch"":25.238065719604492,""imu_yaw"":-3.1439707279205322,""frame_roll"":0.0,""frame_pitch"":25.238065719604492,""frame_yaw"":-3.1439707279205322,""pitch_speed"":0.0,""yaw_speed"":0.0}",-0.8807612
11469928062000,fov,2926,"{""zoom"":12.339999198913574,""hfov"":7.293355464935303,""vfov"":4.106302738189697,""state"":0,""max_aov_h"":90.0,""max_aov_v"":58.71550750732422,""min_aov_h"":1.40625,""min_aov_v"":0.7910428047180176,""max_zoom"":64.0}",-0.8804885
11469935498000,target_offset,326,"{""x_angle_offset"":0.1139586791396141,""y_angle_offset"":1.437205958366394}",-0.8730525
11469950182200,gimbal,2927,"{""imu_roll"":0.0,""imu_pitch"":25.59196662902832,""imu_yaw"":-3.1110334396362305,""frame_roll"":0.0,""frame_pitch"":25.59196662902832,""frame_yaw"":-3.1110334396362305,""pitch_speed"":0.0,""yaw_speed"":0.0}",-0.8583683
11469950493000,fov,2927,"{""zoom"":12.339999198913574,""hfov"":7.293355464935303,""vfov"":4.106302738189697,""state"":0,""max_aov_h"":90.0,""max_aov_v"":58.71550750732422,""min_aov_h"":1.40625,""min_aov_v"":0.7910428047180176,""max_zoom"":64.0}",-0.8580575
11469970060400,gimbal,2928,"{""imu_roll"":0.0,""imu_pitch"":25.81679916381836,""imu_yaw"":-3.0895729064941406,""frame_roll"":0.0,""frame_pitch"":25.81679916381836,""frame_yaw"":-3.0895729064941406,""pitch_speed"":0.0,""yaw_speed"":0.0}",-0.8384901
11469970584900,fov,2928,"{""zoom"":12.339999198913574,""hfov"":7.293355464935303,""vfov"":4.106302738189697,""state"":0,""max_aov_h"":90.0,""max_aov_v"":58.71550750732422,""min_aov_h"":1.40625,""min_aov_v"":0.7910428047180176,""max_zoom"":64.0}",-0.8379656
11469978537800,attitude,1123,"{""message_type"":""ATTITUDE"",""time_boot_ms"":118370,""roll"":0.027149271219968796,""pitch"":0.17269134521484375,""yaw"":-3.029574155807495,""rollspeed"":-0.393483966588974,""pitchspeed"":0.006435336545109749,""yawspeed"":-0.00740221980959177}",-0.8300127
11469979713900,target_offset,327,"{""x_angle_offset"":0.30388981103897095,""y_angle_offset"":1.4600187513563367}",-0.8288366
11469987697400,range,1099,"{""message_type"":""GLOBAL_VISION_POSITION_ESTIMATE"",""x"":46.94960403442383,""y"":39.348873138427734}",-0.8208531
11469992762900,gimbal,2929,"{""imu_roll"":0.0,""imu_pitch"":26.157894134521484,""imu_yaw"":-3.01412296295166,""frame_roll"":0.0,""frame_pitch"":26.157894134521484,""frame_yaw"":-3.01412296295166,""pitch_speed"":0.0,""yaw_speed"":0.0}",-0.8157876
11469993696400,fov,2929,"{""zoom"":12.339999198913574,""hfov"":7.293355464935303,""vfov"":4.106302738189697,""state"":0,""max_aov_h"":90.0,""max_aov_v"":58.71550750732422,""min_aov_h"":1.40625,""min_aov_v"":0.7910428047180176,""max_zoom"":64.0}",-0.8148541
11469995475600,range,1100,"{""message_type"":""GLOBAL_VISION_POSITION_ESTIMATE"",""x"":46.94960403442383,""y"":39.348873138427734}",-0.8130749
11470014690300,position,562,"{""message_type"":""GLOBAL_POSITION_INT"",""lat"":469523816,""lon"":393490731}",-0.7938602
11470014818100,attitude,1124,"{""message_type"":""ATTITUDE"",""time_boot_ms"":118410,""roll"":0.010902955196797848,""pitch"":0.17256978154182434,""yaw"":-3.029531717300415,""rollspeed"":-0.39405545592308044,""pitchspeed"":0.006225823424756527,""yawspeed"":-0.011066709645092487}",-0.7937324
11470015121800,vfr,562,"{""message_type"":""VFR_HUD"",""airspeed"":32.92051696777344,""alt"":142.38999938964844}",-0.7934287
11470018655900,gimbal,2930,"{""imu_roll"":0.0,""imu_pitch"":26.387882232666016,""imu_yaw"":-2.9615111351013184,""frame_roll"":0.0,""frame_pitch"":26.387882232666016,""frame_yaw"":-2.9615111351013184,""pitch_speed"":0.0,""yaw_speed"":0.0}",-0.7898946
11470019188900,fov,2930,"{""zoom"":12.339999198913574,""hfov"":7.293355464935303,""vfov"":4.106302738189697,""state"":0,""max_aov_h"":90.0,""max_aov_v"":58.71550750732422,""min_aov_h"":1.40625,""min_aov_v"":0.7910428047180176,""max_zoom"":64.0}",-0.7893616
11470044715600,gimbal,2931,"{""imu_roll"":0.0,""imu_pitch"":26.643583297729492,""imu_yaw"":-2.8997862339019775,""frame_roll"":0.0,""frame_pitch"":26.643583297729492,""frame_yaw"":-2.8997862339019775,""pitch_speed"":0.0,""yaw_speed"":0.0}",-0.7638349
11470045445500,fov,2931,"{""zoom"":12.339999198913574,""hfov"":7.293355464935303,""vfov"":4.106302738189697,""state"":0,""max_aov_h"":90.0,""max_aov_v"":58.71550750732422,""min_aov_h"":1.40625,""min_aov_v"":0.7910428047180176,""max_zoom"":64.0}",-0.763105
11470063470400,gimbal,2932,"{""imu_roll"":0.0,""imu_pitch"":26.768306732177734,""imu_yaw"":-2.866917133331299,""frame_roll"":0.0,""frame_pitch"":26.768306732177734,""frame_yaw"":-2.866917133331299,""pitch_speed"":0.0,""yaw_speed"":0.0}",-0.7450801
11470063815100,fov,2932,"{""zoom"":12.339999198913574,""hfov"":7.293355464935303,""vfov"":4.106302738189697,""state"":0,""max_aov_h"":90.0,""max_aov_v"":58.71550750732422,""min_aov_h"":1.40625,""min_aov_v"":0.7910428047180176,""max_zoom"":64.0}",-0.7447354
11470076585900,attitude,1125,"{""message_type"":""ATTITUDE"",""time_boot_ms"":118470,""roll"":-0.013349058106541634,""pitch"":0.1723664253950119,""yaw"":-3.029722213745117,""rollspeed"":-0.38969144225120544,""pitchspeed"":0.005876597017049789,""yawspeed"":-0.016448430716991425}",-0.7319646
11470084648800,gimbal,2933,"{""imu_roll"":0.0,""imu_pitch"":26.867441177368164,""imu_yaw"":-2.8379101753234863,""frame_roll"":0.0,""frame_pitch"":26.867441177368164,""frame_yaw"":-2.8379101753234863,""pitch_speed"":0.0,""yaw_speed"":0.0}",-0.7239017
11470084954000,fov,2933,"{""zoom"":12.339999198913574,""hfov"":7.293355464935303,""vfov"":4.106302738189697,""state"":0,""max_aov_h"":90.0,""max_aov_v"":58.71550750732422,""min_aov_h"":1.40625,""min_aov_v"":0.7910428047180176,""max_zoom"":64.0}",-0.7235965
11470094295500,target_offset,328,"{""x_angle_offset"":0.0,""y_angle_offset"":1.1786609711470426}",-0.714255
11470106557300,gimbal,2934,"{""imu_roll"":0.0,""imu_pitch"":27.135631561279297,""imu_yaw"":-2.8371219635009766,""frame_roll"":0.0,""frame_pitch"":27.135631561279297,""frame_yaw"":-2.8371219635009766,""pitch_speed"":0.0,""yaw_speed"":0.0}",-0.7019932
11470106825100,fov,2934,"{""zoom"":12.339999198913574,""hfov"":7.293355464935303,""vfov"":4.106302738189697,""state"":0,""max_aov_h"":90.0,""max_aov_v"":58.71550750732422,""min_aov_h"":1.40625,""min_aov_v"":0.7910428047180176,""max_zoom"":64.0}",-0.7017254
11470117567800,position,563,"{""message_type"":""GLOBAL_POSITION_INT"",""lat"":469523816,""lon"":393490731}",-0.6909827
11470117691000,attitude,1126,"{""message_type"":""ATTITUDE"",""time_boot_ms"":118510,""roll"":-0.029270505532622337,""pitch"":0.17222966253757477,""yaw"":-3.0299630165100098,""rollspeed"":-0.3830853998661041,""pitchspeed"":0.00608229823410511,""yawspeed"":-0.019804395735263824}",-0.6908595
11470117952800,vfr,563,"{""message_type"":""VFR_HUD"",""airspeed"":32.88787078857422,""alt"":142.64999389648438}",-0.6905977
11470126047400,gimbal,2935,"{""imu_roll"":0.0,""imu_pitch"":27.313312530517578,""imu_yaw"":-2.8328826427459717,""frame_roll"":0.0,""frame_pitch"":27.313312530517578,""frame_yaw"":-2.8328826427459717,""pitch_speed"":0.0,""yaw_speed"":0.0}",-0.6825031
11470126278300,fov,2935,"{""zoom"":12.339999198913574,""hfov"":7.293355464935303,""vfov"":4.106302738189697,""state"":0,""max_aov_h"":90.0,""max_aov_v"":58.71550750732422,""min_aov_h"":1.40625,""min_aov_v"":0.7910428047180176,""max_zoom"":64.0}",-0.6822722
11470129493200,range,1101,"{""message_type"":""GLOBAL_VISION_POSITION_ESTIMATE"",""x"":46.94955062866211,""y"":39.34873580932617}",-0.6790573
11470139219900,range,1102,"{""message_type"":""GLOBAL_VISION_POSITION_ESTIMATE"",""x"":46.94955062866211,""y"":39.34873580932617}",-0.6693306
11470145461200,gimbal,2936,"{""imu_roll"":0.0,""imu_pitch"":27.12101936340332,""imu_yaw"":-3.5655951499938965,""frame_roll"":0.0,""frame_pitch"":27.12101936340332,""frame_yaw"":-3.5655951499938965,""pitch_speed"":0.0,""yaw_speed"":0.0}",-0.6630893
11470145664600,fov,2936,"{""zoom"":12.339999198913574,""hfov"":7.293355464935303,""vfov"":4.106302738189697,""state"":0,""max_aov_h"":90.0,""max_aov_v"":58.71550750732422,""min_aov_h"":1.40625,""min_aov_v"":0.7910428047180176,""max_zoom"":64.0}",-0.6628859
11470166877100,gimbal,2937,"{""imu_roll"":0.0,""imu_pitch"":26.97170066833496,""imu_yaw"":-4.130016326904297,""frame_roll"":0.0,""frame_pitch"":26.97170066833496,""frame_yaw"":-4.130016326904297,""pitch_speed"":0.0,""yaw_speed"":0.0}",-0.6416734
11470167143200,fov,2937,"{""zoom"":12.339999198913574,""hfov"":7.293355464935303,""vfov"":4.106302738189697,""state"":0,""max_aov_h"":90.0,""max_aov_v"":58.71550750732422,""min_aov_h"":1.40625,""min_aov_v"":0.7910428047180176,""max_zoom"":64.0}",-0.6414073
11470177271900,target_offset,329,"{""x_angle_offset"":-0.030388981103897095,""y_angle_offset"":1.3155377290866992}",-0.6312786
11470180409200,attitude,1127,"{""message_type"":""ATTITUDE"",""time_boot_ms"":118570,""roll"":-0.052358079701662064,""pitch"":0.17202363908290863,""yaw"":-3.030574083328247,""rollspeed"":-0.3636340796947479,""pitchspeed"":0.006537481211125851,""yawspeed"":-0.02430921047925949}",-0.6281413
11470190035500,gimbal,2938,"{""imu_roll"":0.0,""imu_pitch"":27.2829532623291,""imu_yaw"":-4.135449409484863,""frame_roll"":0.0,""frame_pitch"":27.2829532623291,""frame_yaw"":-4.135449409484863,""pitch_speed"":0.0,""yaw_speed"":0.0}",-0.618515
11470190362900,fov,2938,"{""zoom"":12.339999198913574,""hfov"":7.293355464935303,""vfov"":4.106302738189697,""state"":0,""max_aov_h"":90.0,""max_aov_v"":58.71550750732422,""min_aov_h"":1.40625,""min_aov_v"":0.7910428047180176,""max_zoom"":64.0}",-0.6181876
11470211591300,gimbal,2939,"{""imu_roll"":0.0,""imu_pitch"":27.491147994995117,""imu_yaw"":-4.132939338684082,""frame_roll"":0.0,""frame_pitch"":27.491147994995117,""frame_yaw"":-4.132939338684082,""pitch_speed"":0.0,""yaw_speed"":0.0}",-0.5969592
11470213153400,fov,2939,"{""zoom"":12.339999198913574,""hfov"":7.293355464935303,""vfov"":4.106302738189697,""state"":0,""max_aov_h"":90.0,""max_aov_v"":58.71550750732422,""min_aov_h"":1.40625,""min_aov_v"":0.7910428047180176,""max_zoom"":64.0}",-0.5953971
11470221497400,target_offset,330,"{""x_angle_offset"":0.09876418858766556,""y_angle_offset"":1.231890821456909}",-0.5870531
11470224308500,position,564,"{""message_type"":""GLOBAL_POSITION_INT"",""lat"":469523183,""lon"":393490632}",-0.584242
11470224428600,attitude,1128,"{""message_type"":""ATTITUDE"",""time_boot_ms"":118610,""roll"":-0.06687325239181519,""pitch"":0.17184944450855255,""yaw"":-3.0311079025268555,""rollspeed"":-0.3439256250858307,""pitchspeed"":0.006955467164516449,""yawspeed"":-0.026863379403948784}",-0.5841219
11470224774400,vfr,564,"{""message_type"":""VFR_HUD"",""airspeed"":32.86499786376953,""alt"":142.88999938964844}",-0.5837761
11470234489800,gimbal,2940,"{""imu_roll"":0.0,""imu_pitch"":27.773113250732422,""imu_yaw"":-4.107217311859131,""frame_roll"":0.0,""frame_pitch"":27.773113250732422,""frame_yaw"":-4.107217311859131,""pitch_speed"":0.0,""yaw_speed"":0.0}",-0.5740607
11470234782000,fov,2940,"{""zoom"":12.339999198913574,""hfov"":7.293355464935303,""vfov"":4.106302738189697,""state"":0,""max_aov_h"":90.0,""max_aov_v"":58.71550750732422,""min_aov_h"":1.40625,""min_aov_v"":0.7910428047180176,""max_zoom"":64.0}",-0.5737685
11470244569000,target_offset,331,"{""x_angle_offset"":0.24311184883117676,""y_angle_offset"":1.1102225921772144}",-0.5639815
11470255075400,gimbal,2941,"{""imu_roll"":0.0,""imu_pitch"":28.009910583496094,""imu_yaw"":-4.05076265335083,""frame_roll"":0.0,""frame_pitch"":28.009910583496094,""frame_yaw"":-4.05076265335083,""pitch_speed"":0.0,""yaw_speed"":0.0}",-0.5534751
11470255388100,fov,2941,"{""zoom"":12.339999198913574,""hfov"":7.293355464935303,""vfov"":4.106302738189697,""state"":0,""max_aov_h"":90.0,""max_aov_v"":58.71550750732422,""min_aov_h"":1.40625,""min_aov_v"":0.7910428047180176,""max_zoom"":64.0}",-0.5531624
11470280420500,gimbal,2942,"{""imu_roll"":0.0,""imu_pitch"":28.199935913085938,""imu_yaw"":-3.9987759590148926,""frame_roll"":0.0,""frame_pitch"":28.199935913085938,""frame_yaw"":-3.9987759590148926,""pitch_speed"":0.0,""yaw_speed"":0.0}",-0.52813
11470280666000,fov,2942,"{""zoom"":12.339999198913574,""hfov"":7.293355464935303,""vfov"":4.106302738189697,""state"":0,""max_aov_h"":90.0,""max_aov_v"":58.71550750732422,""min_aov_h"":1.40625,""min_aov_v"":0.7910428047180176,""max_zoom"":64.0}",-0.5278845
11470281898800,range,1103,"{""message_type"":""GLOBAL_VISION_POSITION_ESTIMATE"",""x"":46.94949722290039,""y"":39.34873962402344}",-0.5266517
11470286518100,target_offset,332,"{""x_angle_offset"":0.15194490551948547,""y_angle_offset"":1.231890821456909}",-0.5220324
11470295340300,range,1104,"{""message_type"":""GLOBAL_VISION_POSITION_ESTIMATE"",""x"":46.94949722290039,""y"":39.34873962402344}",-0.5132102
11470295628400,attitude,1129,"{""message_type"":""ATTITUDE"",""time_boot_ms"":118670,""roll"":-0.08679728209972382,""pitch"":0.1715458184480667,""yaw"":-3.0321247577667236,""rollspeed"":-0.3029923141002655,""pitchspeed"":0.0080372653901577,""yawspeed"":-0.0295569971203804}",-0.5129221
11470302540400,gimbal,2943,"{""imu_roll"":0.0,""imu_pitch"":27.80982780456543,""imu_yaw"":-4.896912574768066,""frame_roll"":0.0,""frame_pitch"":27.80982780456543,""frame_yaw"":-4.896912574768066,""pitch_speed"":0.0,""yaw_speed"":0.0}",-0.5060101
11470303324500,fov,2943,"{""zoom"":12.339999198913574,""hfov"":7.293355464935303,""vfov"":4.106302738189697,""state"":0,""max_aov_h"":90.0,""max_aov_v"":58.71550750732422,""min_aov_h"":1.40625,""min_aov_v"":0.7910428047180176,""max_zoom"":64.0}",-0.505226
11470325832600,gimbal,2944,"{""imu_roll"":0.0,""imu_pitch"":27.523740768432617,""imu_yaw"":-5.549918174743652,""frame_roll"":0.0,""frame_pitch"":27.523740768432617,""frame_yaw"":-5.549918174743652,""pitch_speed"":0.0,""yaw_speed"":0.0}",-0.4827179
11470326179100,fov,2944,"{""zoom"":12.339999198913574,""hfov"":7.293355464935303,""vfov"":4.106302738189697,""state"":0,""max_aov_h"":90.0,""max_aov_v"":58.71550750732422,""min_aov_h"":1.40625,""min_aov_v"":0.7910428047180176,""max_zoom"":64.0}",-0.4823714
11470332746900,target_offset,333,"{""x_angle_offset"":0.3190843015909195,""y_angle_offset"":1.1102225921772144}",-0.4758036
11470345381800,gimbal,2945,"{""imu_roll"":0.0,""imu_pitch"":27.753995895385742,""imu_yaw"":-5.483247756958008,""frame_roll"":0.0,""frame_pitch"":27.753995895385742,""frame_yaw"":-5.483247756958008,""pitch_speed"":0.0,""yaw_speed"":0.0}",-0.4631687
11470346499200,fov,2945,"{""zoom"":12.339999198913574,""hfov"":7.293355464935303,""vfov"":4.106302738189697,""state"":0,""max_aov_h"":90.0,""max_aov_v"":58.71550750732422,""min_aov_h"":1.40625,""min_aov_v"":0.7910428047180176,""max_zoom"":64.0}",-0.4620513
11470348253500,vfr,565,"{""message_type"":""VFR_HUD"",""airspeed"":32.822418212890625,""alt"":143.16000366210938}",-0.460297
11470348343900,position,565,"{""message_type"":""GLOBAL_POSITION_INT"",""lat"":469523183,""lon"":393490632}",-0.4602066
11470348410800,attitude,1130,"{""message_type"":""ATTITUDE"",""time_boot_ms"":118710,""roll"":-0.09844575077295303,""pitch"":0.17136935889720917,""yaw"":-3.032884120941162,""rollspeed"":-0.26764553785324097,""pitchspeed"":0.009101354517042637,""yawspeed"":-0.030743516981601715}",-0.4601397
11470366886500,gimbal,2946,"{""imu_roll"":0.0,""imu_pitch"":27.92997932434082,""imu_yaw"":-5.4272541999816895,""frame_roll"":0.0,""frame_pitch"":27.92997932434082,""frame_yaw"":-5.4272541999816895,""pitch_speed"":0.0,""yaw_speed"":0.0}",-0.441664
11470367188000,fov,2946,"{""zoom"":12.339999198913574,""hfov"":7.293355464935303,""vfov"":4.106302738189697,""state"":0,""max_aov_h"":90.0,""max_aov_v"":58.71550750732422,""min_aov_h"":1.40625,""min_aov_v"":0.7910428047180176,""max_zoom"":64.0}",-0.4413625
11470387398900,gimbal,2947,"{""imu_roll"":0.0,""imu_pitch"":28.082807540893555,""imu_yaw"":-5.372158527374268,""frame_roll"":0.0,""frame_pitch"":28.082807540893555,""frame_yaw"":-5.372158527374268,""pitch_speed"":0.0,""yaw_speed"":0.0}",-0.4211516
11470387676300,fov,2947,"{""zoom"":12.339999198913574,""hfov"":7.293355464935303,""vfov"":4.106302738189697,""state"":0,""max_aov_h"":90.0,""max_aov_v"":58.71550750732422,""min_aov_h"":1.40625,""min_aov_v"":0.7910428047180176,""max_zoom"":64.0}",-0.4208742
11470412605500,gimbal,2948,"{""imu_roll"":0.0,""imu_pitch"":28.205772399902344,""imu_yaw"":-5.32110595703125,""frame_roll"":0.0,""frame_pitch"":28.205772399902344,""frame_yaw"":-5.32110595703125,""pitch_speed"":0.0,""yaw_speed"":0.0}",-0.395945
11470412982800,fov,2948,"{""zoom"":12.339999198913574,""hfov"":7.293355464935303,""vfov"":4.106302738189697,""state"":0,""max_aov_h"":90.0,""max_aov_v"":58.71550750732422,""min_aov_h"":1.40625,""min_aov_v"":0.7910428047180176,""max_zoom"":64.0}",-0.3955677
11470417570600,target_offset,334,"{""x_angle_offset"":0.4102512449026108,""y_angle_offset"":0.9885543628975196}",-0.3909799
11470419746500,attitude,1131,"{""message_type"":""ATTITUDE"",""time_boot_ms"":118770,""roll"":-0.11285939067602158,""pitch"":0.1711658090353012,""yaw"":-3.034137010574341,""rollspeed"":-0.2035212516784668,""pitchspeed"":0.010893883183598518,""yawspeed"":-0.03141554072499275}",-0.388804
11470430477500,gimbal,2949,"{""imu_roll"":0.0,""imu_pitch"":28.408056259155273,""imu_yaw"":-5.233621597290039,""frame_roll"":0.0,""frame_pitch"":28.408056259155273,""frame_yaw"":-5.233621597290039,""pitch_speed"":0.0,""yaw_speed"":0.0}",-0.378073
11470431612700,fov,2949,"{""zoom"":12.339999198913574,""hfov"":7.293355464935303,""vfov"":4.106302738189697,""state"":0,""max_aov_h"":90.0,""max_aov_v"":58.71550750732422,""min_aov_h"":1.40625,""min_aov_v"":0.7910428047180176,""max_zoom"":64.0}",-0.3769378
11470437408300,range,1105,"{""message_type"":""GLOBAL_VISION_POSITION_ESTIMATE"",""x"":46.94949722290039,""y"":39.34872817993164}",-0.3711422
11470452565800,gimbal,2950,"{""imu_roll"":0.0,""imu_pitch"":28.56195068359375,""imu_yaw"":-5.161038875579834,""frame_roll"":0.0,""frame_pitch"":28.56195068359375,""frame_yaw"":-5.161038875579834,""pitch_speed"":0.0,""yaw_speed"":0.0}",-0.3559847
11470452857600,fov,2950,"{""zoom"":12.339999198913574,""hfov"":7.293355464935303,""vfov"":4.106302738189697,""state"":0,""max_aov_h"":90.0,""max_aov_v"":58.71550750732422,""min_aov_h"":1.40625,""min_aov_v"":0.7910428047180176,""max_zoom"":64.0}",-0.3556929
11470461736100,range,1106,"{""message_type"":""GLOBAL_VISION_POSITION_ESTIMATE"",""x"":46.94949722290039,""y"":39.34872817993164}",-0.3468144
11470461872600,attitude,1132,"{""message_type"":""ATTITUDE"",""time_boot_ms"":118810,""roll"":-0.12019220739603043,""pitch"":0.17107121646404266,""yaw"":-3.0350186824798584,""rollspeed"":-0.1569342464208603,""pitchspeed"":0.011976078152656555,""yawspeed"":-0.03126185014843941}",-0.3466779
11470462056200,vfr,566,"{""message_type"":""VFR_HUD"",""airspeed"":32.79257583618164,""alt"":143.41000366210938}",-0.3464943
11470462118400,position,566,"{""message_type"":""GLOBAL_POSITION_INT"",""lat"":469522551,""lon"":393490545}",-0.3464321
11470476803100,gimbal,2951,"{""imu_roll"":0.0,""imu_pitch"":28.706743240356445,""imu_yaw"":-5.084665775299072,""frame_roll"":0.0,""frame_pitch"":28.706743240356445,""frame_yaw"":-5.084665775299072,""pitch_speed"":0.0,""yaw_speed"":0.0}",-0.3317474
11470477379000,fov,2951,"{""zoom"":12.339999198913574,""hfov"":7.293355464935303,""vfov"":4.106302738189697,""state"":0,""max_aov_h"":90.0,""max_aov_v"":58.71550750732422,""min_aov_h"":1.40625,""min_aov_v"":0.7910428047180176,""max_zoom"":64.0}",-0.3311715
11470483553600,target_offset,335,"{""x_angle_offset"":0.4102512449026108,""y_angle_offset"":0.9885543628975196}",-0.3249969
11470495446700,gimbal,2952,"{""imu_roll"":0.0,""imu_pitch"":28.920839309692383,""imu_yaw"":-4.99133825302124,""frame_roll"":0.0,""frame_pitch"":28.920839309692383,""frame_yaw"":-4.99133825302124,""pitch_speed"":0.0,""yaw_speed"":0.0}",-0.3131038
11470495767500,fov,2952,"{""zoom"":12.339999198913574,""hfov"":7.293355464935303,""vfov"":4.106302738189697,""state"":0,""max_aov_h"":90.0,""max_aov_v"":58.71550750732422,""min_aov_h"":1.40625,""min_aov_v"":0.7910428047180176,""max_zoom"":64.0}",-0.312783
11470513764200,gimbal,2953,"{""imu_roll"":0.0,""imu_pitch"":28.574031829833984,""imu_yaw"":-5.65438175201416,""frame_roll"":0.0,""frame_pitch"":28.574031829833984,""frame_yaw"":-5.65438175201416,""pitch_speed"":0.0,""yaw_speed"":0.0}",-0.2947863
11470514136400,fov,2953,"{""zoom"":12.339999198913574,""hfov"":7.293355464935303,""vfov"":4.106302738189697,""state"":0,""max_aov_h"":90.0,""max_aov_v"":58.71550750732422,""min_aov_h"":1.40625,""min_aov_v"":0.7910428047180176,""max_zoom"":64.0}",-0.2944141
11470529772200,attitude,1133,"{""message_type"":""ATTITUDE"",""time_boot_ms"":118870,""roll"":-0.1273110806941986,""pitch"":0.17110884189605713,""yaw"":-3.0363547801971436,""rollspeed"":-0.08628133684396744,""pitchspeed"":0.013071974739432335,""yawspeed"":-0.030173493549227715}",-0.2787783
11470535797600,gimbal,2954,"{""imu_roll"":0.0,""imu_pitch"":28.239273071289062,""imu_yaw"":-6.2888970375061035,""frame_roll"":0.0,""frame_pitch"":28.239273071289062,""frame_yaw"":-6.2888970375061035,""pitch_speed"":0.0,""yaw_speed"":0.0}",-0.2727529
11470536371600,fov,2954,"{""zoom"":12.339999198913574,""hfov"":7.293355464935303,""vfov"":4.106302738189697,""state"":0,""max_aov_h"":90.0,""max_aov_v"":58.71550750732422,""min_aov_h"":1.40625,""min_aov_v"":0.7910428047180176,""max_zoom"":64.0}",-0.2721789
11470555899300,gimbal,2955,"{""imu_roll"":0.0,""imu_pitch"":28.000389099121094,""imu_yaw"":-6.735118865966797,""frame_roll"":0.0,""frame_pitch"":28.000389099121094,""frame_yaw"":-6.735118865966797,""pitch_speed"":0.0,""yaw_speed"":0.0}",-0.2526512
11470556197000,fov,2955,"{""zoom"":12.339999198913574,""hfov"":7.293355464935303,""vfov"":4.106302738189697,""state"":0,""max_aov_h"":90.0,""max_aov_v"":58.71550750732422,""min_aov_h"":1.40625,""min_aov_v"":0.7910428047180176,""max_zoom"":64.0}",-0.2523535
11470578011600,gimbal,2956,"{""imu_roll"":0.0,""imu_pitch"":27.782018661499023,""imu_yaw"":-7.13661527633667,""frame_roll"":0.0,""frame_pitch"":27.782018661499023,""frame_yaw"":-7.13661527633667,""pitch_speed"":0.0,""yaw_speed"":0.0}",-0.2305389
11470578276900,fov,2956,"{""zoom"":12.339999198913574,""hfov"":7.293355464935303,""vfov"":4.106302738189697,""state"":0,""max_aov_h"":90.0,""max_aov_v"":58.71550750732422,""min_aov_h"":1.40625,""min_aov_v"":0.7910428047180176,""max_zoom"":64.0}",-0.2302736
11470581353800,attitude,1134,"{""message_type"":""ATTITUDE"",""time_boot_ms"":118910,""roll"":-0.12949079275131226,""pitch"":0.1711675375699997,""yaw"":-3.0372493267059326,""rollspeed"":-0.03273674473166466,""pitchspeed"":0.013888630084693432,""yawspeed"":-0.028737666085362434}",-0.2271967
11470581550000,vfr,567,"{""message_type"":""VFR_HUD"",""airspeed"":32.74504470825195,""alt"":143.66000366210938}",-0.2270005
11470581613000,position,567,"{""message_type"":""GLOBAL_POSITION_INT"",""lat"":469522551,""lon"":393490545}",-0.2269375
11470598940900,gimbal,2957,"{""imu_roll"":0.0,""imu_pitch"":27.630708694458008,""imu_yaw"":-7.410021781921387,""frame_roll"":0.0,""frame_pitch"":27.630708694458008,""frame_yaw"":-7.410021781921387,""pitch_speed"":0.0,""yaw_speed"":0.0}",-0.2096096
11470599244300,fov,2957,"{""zoom"":12.339999198913574,""hfov"":7.293355464935303,""vfov"":4.106302738189697,""state"":0,""max_aov_h"":90.0,""max_aov_v"":58.71550750732422,""min_aov_h"":1.40625,""min_aov_v"":0.7910428047180176,""max_zoom"":64.0}",-0.2093062
11470608028100,target_offset,336,"{""x_angle_offset"":0.4102512449026108,""y_angle_offset"":0.8896989266077677}",-0.2005224
11470609953100,range,1107,"{""message_type"":""GLOBAL_VISION_POSITION_ESTIMATE"",""x"":46.94942092895508,""y"":39.34885787963867}",-0.1985974
11470618539100,gimbal,2958,"{""imu_roll"":0.0,""imu_pitch"":27.814794540405273,""imu_yaw"":-7.320353984832764,""frame_roll"":0.0,""frame_pitch"":27.814794540405273,""frame_yaw"":-7.320353984832764,""pitch_speed"":0.0,""yaw_speed"":0.0}",-0.1900114
11470620231800,fov,2958,"{""zoom"":12.339999198913574,""hfov"":7.293355464935303,""vfov"":4.106302738189697,""state"":0,""max_aov_h"":90.0,""max_aov_v"":58.71550750732422,""min_aov_h"":1.40625,""min_aov_v"":0.7910428047180176,""max_zoom"":64.0}",-0.1883187
11470622305400,range,1108,"{""message_type"":""GLOBAL_VISION_POSITION_ESTIMATE"",""x"":46.94942092895508,""y"":39.34885787963867}",-0.1862451
11470638742400,gimbal,2959,"{""imu_roll"":0.0,""imu_pitch"":27.947406768798828,""imu_yaw"":-7.249954700469971,""frame_roll"":0.0,""frame_pitch"":27.947406768798828,""frame_yaw"":-7.249954700469971,""pitch_speed"":0.0,""yaw_speed"":0.0}",-0.1698081
11470639091100,fov,2959,"{""zoom"":12.339999198913574,""hfov"":7.293355464935303,""vfov"":4.106302738189697,""state"":0,""max_aov_h"":90.0,""max_aov_v"":58.71550750732422,""min_aov_h"":1.40625,""min_aov_v"":0.7910428047180176,""max_zoom"":64.0}",-0.1694594
11470646154200,attitude,1135,"{""message_type"":""ATTITUDE"",""time_boot_ms"":118970,""roll"":-0.12876759469509125,""pitch"":0.17131255567073822,""yaw"":-3.0385332107543945,""rollspeed"":0.04512515291571617,""pitchspeed"":0.014575314708054066,""yawspeed"":-0.025862962007522583}",-0.1623963
11470659958900,gimbal,2960,"{""imu_roll"":0.0,""imu_pitch"":28.067106246948242,""imu_yaw"":-7.180922985076904,""frame_roll"":0.0,""frame_pitch"":28.067106246948242,""frame_yaw"":-7.180922985076904,""pitch_speed"":0.0,""yaw_speed"":0.0}",-0.1485916
11470660215000,fov,2960,"{""zoom"":12.339999198913574,""hfov"":7.293355464935303,""vfov"":4.106302738189697,""state"":0,""max_aov_h"":90.0,""max_aov_v"":58.71550750732422,""min_aov_h"":1.40625,""min_aov_v"":0.7910428047180176,""max_zoom"":64.0}",-0.1483355
11470685575100,vfr,568,"{""message_type"":""VFR_HUD"",""airspeed"":32.71173095703125,""alt"":143.9199981689453}",-0.1229754
11470685670800,position,568,"{""message_type"":""GLOBAL_POSITION_INT"",""lat"":469522551,""lon"":393490545}",-0.1228797
11470685735200,attitude,1136,"{""message_type"":""ATTITUDE"",""time_boot_ms"":119010,""roll"":-0.12595291435718536,""pitch"":0.17141222953796387,""yaw"":-3.0393590927124023,""rollspeed"":0.0892694965004921,""pitchspeed"":0.014461133629083633,""yawspeed"":-0.02386356331408024}",-0.1228153
11470688705300,gimbal,2961,"{""imu_roll"":0.0,""imu_pitch"":28.180801391601562,""imu_yaw"":-7.1080193519592285,""frame_roll"":0.0,""frame_pitch"":28.180801391601562,""frame_yaw"":-7.1080193519592285,""pitch_speed"":0.0,""yaw_speed"":0.0}",-0.1198452
11470689004700,fov,2961,"{""zoom"":12.339999198913574,""hfov"":7.293355464935303,""vfov"":4.106302738189697,""state"":0,""max_aov_h"":90.0,""max_aov_v"":58.71550750732422,""min_aov_h"":1.40625,""min_aov_v"":0.7910428047180176,""max_zoom"":64.0}",-0.1195458
11470706629200,gimbal,2962,"{""imu_roll"":0.0,""imu_pitch"":28.24404525756836,""imu_yaw"":-7.060224533081055,""frame_roll"":0.0,""frame_pitch"":28.24404525756836,""frame_yaw"":-7.060224533081055,""pitch_speed"":0.0,""yaw_speed"":0.0}",-0.1019213
11470706883200,fov,2962,"{""zoom"":12.339999198913574,""hfov"":7.293355464935303,""vfov"":4.106302738189697,""state"":0,""max_aov_h"":90.0,""max_aov_v"":58.71550750732422,""min_aov_h"":1.40625,""min_aov_v"":0.7910428047180176,""max_zoom"":64.0}",-0.1016673
11470728374800,gimbal,2963,"{""imu_roll"":0.0,""imu_pitch"":28.295207977294922,""imu_yaw"":-7.017146110534668,""frame_roll"":0.0,""frame_pitch"":28.295207977294922,""frame_yaw"":-7.017146110534668,""pitch_speed"":0.0,""yaw_speed"":0.0}",-0.0801757
11470728721400,fov,2963,"{""zoom"":12.339999198913574,""hfov"":7.293355464935303,""vfov"":4.106302738189697,""state"":0,""max_aov_h"":90.0,""max_aov_v"":58.71550750732422,""min_aov_h"":1.40625,""min_aov_v"":0.7910428047180176,""max_zoom"":64.0}",-0.0798291
11470737209400,target_offset,337,"{""x_angle_offset"":0.3114870563149452,""y_angle_offset"":0.7680306973280729}",-0.0713411
11470745930500,attitude,1137,"{""message_type"":""ATTITUDE"",""time_boot_ms"":119070,""roll"":-0.11817297339439392,""pitch"":0.1716550886631012,""yaw"":-3.0404341220855713,""rollspeed"":0.1488167941570282,""pitchspeed"":0.014006032608449459,""yawspeed"":-0.020655080676078796}",-0.06262
11470751299500,gimbal,2964,"{""imu_roll"":0.0,""imu_pitch"":28.48172378540039,""imu_yaw"":-6.938964366912842,""frame_roll"":0.0,""frame_pitch"":28.48172378540039,""frame_yaw"":-6.938964366912842,""pitch_speed"":0.0,""yaw_speed"":0.0}",-0.057251
11470751560300,fov,2964,"{""zoom"":12.339999198913574,""hfov"":7.293355464935303,""vfov"":4.106302738189697,""state"":0,""max_aov_h"":90.0,""max_aov_v"":58.71550750732422,""min_aov_h"":1.40625,""min_aov_v"":0.7910428047180176,""max_zoom"":64.0}",-0.0569902
11470762208700,range,1109,"{""message_type"":""GLOBAL_VISION_POSITION_ESTIMATE"",""x"":46.94942092895508,""y"":39.348854064941406}",-0.0463418
11470765307500,range,1110,"{""message_type"":""GLOBAL_VISION_POSITION_ESTIMATE"",""x"":46.94942092895508,""y"":39.348854064941406}",-0.043243
11470771925900,gimbal,2965,"{""imu_roll"":0.0,""imu_pitch"":28.59421157836914,""imu_yaw"":-6.886774063110352,""frame_roll"":0.0,""frame_pitch"":28.59421157836914,""frame_yaw"":-6.886774063110352,""pitch_speed"":0.0,""yaw_speed"":0.0}",-0.0366246
11470772828300,fov,2965,"{""zoom"":12.339999198913574,""hfov"":7.293355464935303,""vfov"":4.106302738189697,""state"":0,""max_aov_h"":90.0,""max_aov_v"":58.71550750732422,""min_aov_h"":1.40625,""min_aov_v"":0.7910428047180176,""max_zoom"":64.0}",-0.0357222
11470783752100,target_offset,338,"{""x_angle_offset"":0.3114870563149452,""y_angle_offset"":0.8060520189779776}",-0.0247984
11470788797200,position,569,"{""message_type"":""GLOBAL_POSITION_INT"",""lat"":469521921,""lon"":393490465}",-0.0197533
11470788923400,attitude,1138,"{""message_type"":""ATTITUDE"",""time_boot_ms"":119110,""roll"":-0.11110932379961014,""pitch"":0.17184069752693176,""yaw"":-3.041090726852417,""rollspeed"":0.1804051399230957,""pitchspeed"":0.013807248324155807,""yawspeed"":-0.01872049644589424}",-0.0196271
11470789281800,vfr,569,"{""message_type"":""VFR_HUD"",""airspeed"":32.68838882446289,""alt"":144.17999267578125}",-0.0192687
11470798491700,gimbal,2966,"{""imu_roll"":0.0,""imu_pitch"":28.79524803161621,""imu_yaw"":-6.807640075683594,""frame_roll"":0.0,""frame_pitch"":28.79524803161621,""frame_yaw"":-6.807640075683594,""pitch_speed"":0.0,""yaw_speed"":0.0}",-0.0100588
11470798809700,fov,2966,"{""zoom"":12.339999198913574,""hfov"":7.293355464935303,""vfov"":4.106302738189697,""state"":0,""max_aov_h"":90.0,""max_aov_v"":58.71550750732422,""min_aov_h"":1.40625,""min_aov_v"":0.7910428047180176,""max_zoom"":64.0}",-0.0097408
11470806439200,target_offset,339,"{""x_angle_offset"":0.35707052797079086,""y_angle_offset"":0.9125117195977105}",-0.0021113
11470831167000,gimbal,2967,"{""imu_roll"":0.0,""imu_pitch"":28.93665313720703,""imu_yaw"":-6.747304916381836,""frame_roll"":0.0,""frame_pitch"":28.93665313720703,""frame_yaw"":-6.747304916381836,""pitch_speed"":0.0,""yaw_speed"":0.0}",0.0226165
11470831401600,fov,2967,"{""zoom"":12.339999198913574,""hfov"":7.293355464935303,""vfov"":4.106302738189697,""state"":0,""max_aov_h"":90.0,""max_aov_v"":58.71550750732422,""min_aov_h"":1.40625,""min_aov_v"":0.7910428047180176,""max_zoom"":64.0}",0.0228511
11470851398800,gimbal,2968,"{""imu_roll"":0.0,""imu_pitch"":29.13614273071289,""imu_yaw"":-6.66720724105835,""frame_roll"":0.0,""frame_pitch"":29.13614273071289,""frame_yaw"":-6.66720724105835,""pitch_speed"":0.0,""yaw_speed"":0.0}",0.0428483
11470858789900,fov,2968,"{""zoom"":12.339999198913574,""hfov"":7.293355464935303,""vfov"":4.106302738189697,""state"":0,""max_aov_h"":90.0,""max_aov_v"":58.71550750732422,""min_aov_h"":1.40625,""min_aov_v"":0.7910428047180176,""max_zoom"":64.0}",0.0502394
11470869028500,attitude,1139,"{""message_type"":""ATTITUDE"",""time_boot_ms"":119170,""roll"":-0.09886936098337173,""pitch"":0.17183101177215576,""yaw"":-3.041997194290161,""rollspeed"":0.20816588401794434,""pitchspeed"":0.0012167185777798295,""yawspeed"":-0.01711338199675083}",0.060478
11470870914400,gimbal,2969,"{""imu_roll"":0.0,""imu_pitch"":29.25428009033203,""imu_yaw"":-6.615099906921387,""frame_roll"":0.0,""frame_pitch"":29.25428009033203,""frame_yaw"":-6.615099906921387,""pitch_speed"":0.0,""yaw_speed"":0.0}",0.0623639
11470871736900,fov,2969,"{""zoom"":12.339999198913574,""hfov"":7.293355464935303,""vfov"":4.106302738189697,""state"":0,""max_aov_h"":90.0,""max_aov_v"":58.71550750732422,""min_aov_h"":1.40625,""min_aov_v"":0.7910428047180176,""max_zoom"":64.0}",0.0631864
11470872262500,target_offset,340,"{""x_angle_offset"":0.38745950907468796,""y_angle_offset"":0.866886133617825}",0.063712
11470902642700,vfr,570,"{""message_type"":""VFR_HUD"",""airspeed"":32.64533615112305,""alt"":144.44000244140625}",0.0940922
11470902719500,position,570,"{""message_type"":""GLOBAL_POSITION_INT"",""lat"":469521921,""lon"":393490465}",0.094169
11470902785500,attitude,1140,"{""message_type"":""ATTITUDE"",""time_boot_ms"":119210,""roll"":-0.09006817638874054,""pitch"":0.17030206322669983,""yaw"":-3.042527675628662,""rollspeed"":0.21831268072128296,""pitchspeed"":-0.03600041940808296,""yawspeed"":-0.017474252730607986}",0.094235
11470912382200,gimbal,2970,"{""imu_roll"":0.0,""imu_pitch"":29.350923538208008,""imu_yaw"":-6.56903076171875,""frame_roll"":0.0,""frame_pitch"":29.350923538208008,""frame_yaw"":-6.56903076171875,""pitch_speed"":0.0,""yaw_speed"":0.0}",0.1038317
11470930568800,fov,2970,"{""zoom"":12.339999198913574,""hfov"":7.293355464935303,""vfov"":4.106302738189697,""state"":0,""max_aov_h"":90.0,""max_aov_v"":58.71550750732422,""min_aov_h"":1.40625,""min_aov_v"":0.7910428047180176,""max_zoom"":64.0}",0.1220183
11470941978400,range,1111,"{""message_type"":""GLOBAL_VISION_POSITION_ESTIMATE"",""x"":46.950164794921875,""y"":39.34892654418945}",0.1334279
11470947815800,range,1112,"{""message_type"":""GLOBAL_VISION_POSITION_ESTIMATE"",""x"":46.950164794921875,""y"":39.34892654418945}",0.1392653
11470971660600,gimbal,2971,"{""imu_roll"":0.0,""imu_pitch"":29.503196716308594,""imu_yaw"":-6.496228218078613,""frame_roll"":0.0,""frame_pitch"":29.503196716308594,""frame_yaw"":-6.496228218078613,""pitch_speed"":0.0,""yaw_speed"":0.0}",0.1631101
11470987982500,attitude,1141,"{""message_type"":""ATTITUDE"",""time_boot_ms"":119270,""roll"":-0.07655850052833557,""pitch"":0.16719292104244232,""yaw"":-3.0432660579681396,""rollspeed"":0.2174992561340332,""pitchspeed"":-0.04482477530837059,""yawspeed"":-0.017488298937678337}",0.179432
11470997555800,fov,2971,"{""zoom"":12.339999198913574,""hfov"":7.293355464935303,""vfov"":4.106302738189697,""state"":0,""max_aov_h"":90.0,""max_aov_v"":58.71550750732422,""min_aov_h"":1.40625,""min_aov_v"":0.7910428047180176,""max_zoom"":64.0}",0.1890053
11471022540000,target_offset,341,"{""x_angle_offset"":0.4862236976623535,""y_angle_offset"":0.8212605476379394}",0.2139895
11471030645300,vfr,571,"{""message_type"":""VFR_HUD"",""airspeed"":32.588199615478516,""alt"":144.70999145507812}",0.2220948
11471030738700,position,571,"{""message_type"":""GLOBAL_POSITION_INT"",""lat"":469521295,""lon"":393490384}",0.2221882
11471030813800,attitude,1142,"{""message_type"":""ATTITUDE"",""time_boot_ms"":119310,""roll"":-0.06762387603521347,""pitch"":0.16534917056560516,""yaw"":-3.0437965393066406,""rollspeed"":0.2103608101606369,""pitchspeed"":-0.038545865565538406,""yawspeed"":-0.017819076776504517}",0.2222633
11471032860800,gimbal,2972,"{""imu_roll"":0.0,""imu_pitch"":29.605945587158203,""imu_yaw"":-6.444243431091309,""frame_roll"":0.0,""frame_pitch"":29.605945587158203,""frame_yaw"":-6.444243431091309,""pitch_speed"":0.0,""yaw_speed"":0.0}",0.2243103
11471037961800,fov,2972,"{""zoom"":12.339999198913574,""hfov"":7.293355464935303,""vfov"":4.106302738189697,""state"":0,""max_aov_h"":90.0,""max_aov_v"":58.71550750732422,""min_aov_h"":1.40625,""min_aov_v"":0.7910428047180176,""max_zoom"":64.0}",0.2294113
11471040823000,gimbal,2973,"{""imu_roll"":0.0,""imu_pitch"":29.717676162719727,""imu_yaw"":-6.383856773376465,""frame_roll"":0.0,""frame_pitch"":29.717676162719727,""frame_yaw"":-6.383856773376465,""pitch_speed"":0.0,""yaw_speed"":0.0}",0.2322725
11471041445000,fov,2973,"{""zoom"":12.339999198913574,""hfov"":7.293355464935303,""vfov"":4.106302738189697,""state"":0,""max_aov_h"":90.0,""max_aov_v"":58.71550750732422,""min_aov_h"":1.40625,""min_aov_v"":0.7910428047180176,""max_zoom"":64.0}",0.2328945
11471045674700,gimbal,2974,"{""imu_roll"":0.0,""imu_pitch"":29.787233352661133,""imu_yaw"":-6.341964244842529,""frame_roll"":0.0,""frame_pitch"":29.787233352661133,""frame_yaw"":-6.341964244842529,""pitch_speed"":0.0,""yaw_speed"":0.0}",0.2371242
11471050233100,fov,2974,"{""zoom"":12.339999198913574,""hfov"":7.293355464935303,""vfov"":4.106302738189697,""state"":0,""max_aov_h"":90.0,""max_aov_v"":58.71550750732422,""min_aov_h"":1.40625,""min_aov_v"":0.7910428047180176,""max_zoom"":64.0}",0.2416826
11471053176400,gimbal,2975,"{""imu_roll"":0.0,""imu_pitch"":29.83298110961914,""imu_yaw"":-6.3100385665893555,""frame_roll"":0.0,""frame_pitch"":29.83298110961914,""frame_yaw"":-6.3100385665893555,""pitch_speed"":0.0,""yaw_speed"":0.0}",0.2446259
11471055415500,fov,2975,"{""zoom"":12.339999198913574,""hfov"":7.293355464935303,""vfov"":4.106302738189697,""state"":0,""max_aov_h"":90.0,""max_aov_v"":58.71550750732422,""min_aov_h"":1.40625,""min_aov_v"":0.7910428047180176,""max_zoom"":64.0}",0.246865
11471055821300,gimbal,2976,"{""imu_roll"":0.0,""imu_pitch"":29.867650985717773,""imu_yaw"":-6.282557487487793,""frame_roll"":0.0,""frame_pitch"":29.867650985717773,""frame_yaw"":-6.282557487487793,""pitch_speed"":0.0,""yaw_speed"":0.0}",0.2472708
11471056030800,fov,2976,"{""zoom"":12.339999198913574,""hfov"":7.293355464935303,""vfov"":4.106302738189697,""state"":0,""max_aov_h"":90.0,""max_aov_v"":58.71550750732422,""min_aov_h"":1.40625,""min_aov_v"":0.7910428047180176,""max_zoom"":64.0}",0.2474803
11471057133200,target_offset,342,"{""x_angle_offset"":0.6077796220779419,""y_angle_offset"":0.7680306973280729}",0.2485827
11471062659400,target_offset,343,"{""x_angle_offset"":0.7749190181493759,""y_angle_offset"":0.7452179043381302}",0.2541089
11471065836400,gimbal,2977,"{""imu_roll"":0.0,""imu_pitch"":29.940073013305664,""imu_yaw"":-6.230047225952148,""frame_roll"":0.0,""frame_pitch"":29.940073013305664,""frame_yaw"":-6.230047225952148,""pitch_speed"":0.0,""yaw_speed"":0.0}",0.2572859
11471066037300,fov,2977,"{""zoom"":12.339999198913574,""hfov"":7.293355464935303,""vfov"":4.106302738189697,""state"":0,""max_aov_h"":90.0,""max_aov_v"":58.71550750732422,""min_aov_h"":1.40625,""min_aov_v"":0.7910428047180176,""max_zoom"":64.0}",0.2574868
11471070856600,range,1113,"{""message_type"":""GLOBAL_VISION_POSITION_ESTIMATE"",""x"":46.950103759765625,""y"":39.348934173583984}",0.2623061
11471073336900,range,1114,"{""message_type"":""GLOBAL_VISION_POSITION_ESTIMATE"",""x"":46.950103759765625,""y"":39.348934173583984}",0.2647864
11471073533400,attitude,1143,"{""message_type"":""ATTITUDE"",""time_boot_ms"":119370,""roll"":-0.055030591785907745,""pitch"":0.16331155598163605,""yaw"":-3.0447168350219727,""rollspeed"":0.19313819706439972,""pitchspeed"":-0.02291136234998703,""yawspeed"":-0.018785905092954636}",0.2649829
11471084218000,gimbal,2978,"{""imu_roll"":0.0,""imu_pitch"":30.082555770874023,""imu_yaw"":-6.056244373321533,""frame_roll"":0.0,""frame_pitch"":30.082555770874023,""frame_yaw"":-6.056244373321533,""pitch_speed"":0.0,""yaw_speed"":0.0}",0.2756675
11471084490300,fov,2978,"{""zoom"":12.339999198913574,""hfov"":7.293355464935303,""vfov"":4.106302738189697,""state"":0,""max_aov_h"":90.0,""max_aov_v"":58.71550750732422,""min_aov_h"":1.40625,""min_aov_v"":0.7910428047180176,""max_zoom"":64.0}",0.2759398
11471105780300,gimbal,2979,"{""imu_roll"":0.0,""imu_pitch"":30.164350509643555,""imu_yaw"":-5.952075481414795,""frame_roll"":0.0,""frame_pitch"":30.164350509643555,""frame_yaw"":-5.952075481414795,""pitch_speed"":0.0,""yaw_speed"":0.0}",0.2972298
11471106181700,fov,2979,"{""zoom"":12.339999198913574,""hfov"":7.293355464935303,""vfov"":4.106302738189697,""state"":0,""max_aov_h"":90.0,""max_aov_v"":58.71550750732422,""min_aov_h"":1.40625,""min_aov_v"":0.7910428047180176,""max_zoom"":64.0}",0.2976312
11471114949500,position,572,"{""message_type"":""GLOBAL_POSITION_INT"",""lat"":469521295,""lon"":393490384}",0.306399
11471115133200,attitude,1144,"{""message_type"":""ATTITUDE"",""time_boot_ms"":119410,""roll"":-0.047583431005477905,""pitch"":0.16244672238826752,""yaw"":-3.045430898666382,""rollspeed"":0.16929711401462555,""pitchspeed"":-0.01417627651244402,""yawspeed"":-0.020104961469769478}",0.3065827
11471115467300,vfr,572,"{""message_type"":""VFR_HUD"",""airspeed"":32.49460983276367,""alt"":144.97000122070312}",0.3069168
11471130249800,gimbal,2980,"{""imu_roll"":0.0,""imu_pitch"":30.23099136352539,""imu_yaw"":-5.86231803894043,""frame_roll"":0.0,""frame_pitch"":30.23099136352539,""frame_yaw"":-5.86231803894043,""pitch_speed"":0.0,""yaw_speed"":0.0}",0.3216993
11471130639100,fov,2980,"{""zoom"":12.339999198913574,""hfov"":7.293355464935303,""vfov"":4.106302738189697,""state"":0,""max_aov_h"":90.0,""max_aov_v"":58.71550750732422,""min_aov_h"":1.40625,""min_aov_v"":0.7910428047180176,""max_zoom"":64.0}",0.3220886
11471135048800,target_offset,344,"{""x_angle_offset"":-0.8660859614610672,""y_angle_offset"":-0.4486515954688743}",0.3264983
11471149388600,gimbal,2981,"{""imu_roll"":0.0,""imu_pitch"":30.12677001953125,""imu_yaw"":-6.058298110961914,""frame_roll"":0.0,""frame_pitch"":30.12677001953125,""frame_yaw"":-6.058298110961914,""pitch_speed"":0.0,""yaw_speed"":0.0}",0.3408381
11471149999500,fov,2981,"{""zoom"":12.339999198913574,""hfov"":7.293355464935303,""vfov"":4.106302738189697,""state"":0,""max_aov_h"":90.0,""max_aov_v"":58.71550750732422,""min_aov_h"":1.40625,""min_aov_v"":0.7910428047180176,""max_zoom"":64.0}",0.341449
11471176177500,gimbal,2982,"{""imu_roll"":0.0,""imu_pitch"":30.047378540039062,""imu_yaw"":-6.202057838439941,""frame_roll"":0.0,""frame_pitch"":30.047378540039062,""frame_yaw"":-6.202057838439941,""pitch_speed"":0.0,""yaw_speed"":0.0}",0.367627
11471176580700,fov,2982,"{""zoom"":12.339999198913574,""hfov"":7.293355464935303,""vfov"":4.106302738189697,""state"":0,""max_aov_h"":90.0,""max_aov_v"":58.71550750732422,""min_aov_h"":1.40625,""min_aov_v"":0.7910428047180176,""max_zoom"":64.0}",0.3680302
11471181150200,attitude,1145,"{""message_type"":""ATTITUDE"",""time_boot_ms"":119470,""roll"":-0.03909095376729965,""pitch"":0.16147510707378387,""yaw"":-3.046682596206665,""rollspeed"":0.11269229650497437,""pitchspeed"":-0.009609026834368706,""yawspeed"":-0.023573052138090134}",0.3725997
11471181998100,target_offset,345,"{""x_angle_offset"":-0.8129052445292473,""y_angle_offset"":-0.46386012412883615}",0.3734476
11471202213800,gimbal,2983,"{""imu_roll"":0.0,""imu_pitch"":29.911577224731445,""imu_yaw"":-6.434218406677246,""frame_roll"":0.0,""frame_pitch"":29.911577224731445,""frame_yaw"":-6.434218406677246,""pitch_speed"":0.0,""yaw_speed"":0.0}",0.3936633
11471202921000,fov,2983,"{""zoom"":12.339999198913574,""hfov"":7.293355464935303,""vfov"":4.106302738189697,""state"":0,""max_aov_h"":90.0,""max_aov_v"":58.71550750732422,""min_aov_h"":1.40625,""min_aov_v"":0.7910428047180176,""max_zoom"":64.0}",0.3943705
11471205964600,target_offset,346,"{""x_angle_offset"":-0.7597245275974274,""y_angle_offset"":-0.39542174515900785}",0.3974141
11471222587000,position,573,"{""message_type"":""GLOBAL_POSITION_INT"",""lat"":469520679,""lon"":393490309}",0.4140365
11471222861100,attitude,1146,"{""message_type"":""ATTITUDE"",""time_boot_ms"":119510,""roll"":-0.03584904596209526,""pitch"":0.16088621318340302,""yaw"":-3.047698736190796,""rollspeed"":0.06754101067781448,""pitchspeed"":-0.011451947502791882,""yawspeed"":-0.02669200673699379}",0.4143106
11471223282000,vfr,573,"{""message_type"":""VFR_HUD"",""airspeed"":32.34814453125,""alt"":145.22000122070312}",0.4147315
11471224245400,gimbal,2984,"{""imu_roll"":0.0,""imu_pitch"":29.815229415893555,""imu_yaw"":-6.614038467407227,""frame_roll"":0.0,""frame_pitch"":29.815229415893555,""frame_yaw"":-6.614038467407227,""pitch_speed"":0.0,""yaw_speed"":0.0}",0.4156949
11471224854700,fov,2984,"{""zoom"":12.339999198913574,""hfov"":7.293355464935303,""vfov"":4.106302738189697,""state"":0,""max_aov_h"":90.0,""max_aov_v"":58.71550750732422,""min_aov_h"":1.40625,""min_aov_v"":0.7910428047180176,""max_zoom"":64.0}",0.4163042
11471227332500,range,1115,"{""message_type"":""GLOBAL_VISION_POSITION_ESTIMATE"",""x"":46.950042724609375,""y"":39.3490104675293}",0.418782
11471241684300,range,1116,"{""message_type"":""GLOBAL_VISION_POSITION_ESTIMATE"",""x"":46.950042724609375,""y"":39.3490104675293}",0.4331338
11471249049100,gimbal,2985,"{""imu_roll"":0.0,""imu_pitch"":29.744152069091797,""imu_yaw"":-6.739493370056152,""frame_roll"":0.0,""frame_pitch"":29.744152069091797,""frame_yaw"":-6.739493370056152,""pitch_speed"":0.0,""yaw_speed"":0.0}",0.4404986
11471251147300,fov,2985,"{""zoom"":12.339999198913574,""hfov"":7.293355464935303,""vfov"":4.106302738189697,""state"":0,""max_aov_h"":90.0,""max_aov_v"":58.71550750732422,""min_aov_h"":1.40625,""min_aov_v"":0.7910428047180176,""max_zoom"":64.0}",0.4425968
11471271856000,gimbal,2986,"{""imu_roll"":0.0,""imu_pitch"":29.687484741210938,""imu_yaw"":-6.831440448760986,""frame_roll"":0.0,""frame_pitch"":29.687484741210938,""frame_yaw"":-6.831440448760986,""pitch_speed"":0.0,""yaw_speed"":0.0}",0.4633055
11471272219800,fov,2986,"{""zoom"":12.339999198913574,""hfov"":7.293355464935303,""vfov"":4.106302738189697,""state"":0,""max_aov_h"":90.0,""max_aov_v"":58.71550750732422,""min_aov_h"":1.40625,""min_aov_v"":0.7910428047180176,""max_zoom"":64.0}",0.4636693
11471283866200,attitude,1147,"{""message_type"":""ATTITUDE"",""time_boot_ms"":119570,""roll"":-0.03465331345796585,""pitch"":0.15965735912322998,""yaw"":-3.0494518280029297,""rollspeed"":-0.006282027345150709,""pitchspeed"":-0.01928846165537834,""yawspeed"":-0.03223356977105141}",0.4753157
11471296074500,gimbal,2987,"{""imu_roll"":0.0,""imu_pitch"":29.64890480041504,""imu_yaw"":-6.885325908660889,""frame_roll"":0.0,""frame_pitch"":29.64890480041504,""frame_yaw"":-6.885325908660889,""pitch_speed"":0.0,""yaw_speed"":0.0}",0.487524
11471296415300,fov,2987,"{""zoom"":12.339999198913574,""hfov"":7.293355464935303,""vfov"":4.106302738189697,""state"":0,""max_aov_h"":90.0,""max_aov_v"":58.71550750732422,""min_aov_h"":1.40625,""min_aov_v"":0.7910428047180176,""max_zoom"":64.0}",0.4878648
11471330459000,gimbal,2988,"{""imu_roll"":0.0,""imu_pitch"":29.6018009185791,""imu_yaw"":-6.939422607421875,""frame_roll"":0.0,""frame_pitch"":29.6018009185791,""frame_yaw"":-6.939422607421875,""pitch_speed"":0.0,""yaw_speed"":0.0}",0.5219085
11471330844300,fov,2988,"{""zoom"":12.339999198913574,""hfov"":7.293355464935303,""vfov"":4.106302738189697,""state"":0,""max_aov_h"":90.0,""max_aov_v"":58.71550750732422,""min_aov_h"":1.40625,""min_aov_v"":0.7910428047180176,""max_zoom"":64.0}",0.5222938
11471336743200,position,574,"{""message_type"":""GLOBAL_POSITION_INT"",""lat"":469520679,""lon"":393490309}",0.5281927
11471336926200,attitude,1148,"{""message_type"":""ATTITUDE"",""time_boot_ms"":119610,""roll"":-0.036408681422472,""pitch"":0.15848316252231598,""yaw"":-3.0507781505584717,""rollspeed"":-0.05681665241718292,""pitchspeed"":-0.02686658501625061,""yawspeed"":-0.03633417561650276}",0.5283757
11471337220700,vfr,574,"{""message_type"":""VFR_HUD"",""airspeed"":32.19086456298828,""alt"":145.45999145507812}",0.5286702
11471347816300,gimbal,2989,"{""imu_roll"":0.0,""imu_pitch"":29.5833740234375,""imu_yaw"":-6.95132303237915,""frame_roll"":0.0,""frame_pitch"":29.5833740234375,""frame_yaw"":-6.95132303237915,""pitch_speed"":0.0,""yaw_speed"":0.0}",0.5392658
11471348123000,fov,2989,"{""zoom"":12.339999198913574,""hfov"":7.293355464935303,""vfov"":4.106302738189697,""state"":0,""max_aov_h"":90.0,""max_aov_v"":58.71550750732422,""min_aov_h"":1.40625,""min_aov_v"":0.7910428047180176,""max_zoom"":64.0}",0.5395725
11471373399000,gimbal,2990,"{""imu_roll"":0.0,""imu_pitch"":29.56460189819336,""imu_yaw"":-6.953376293182373,""frame_roll"":0.0,""frame_pitch"":29.56460189819336,""frame_yaw"":-6.953376293182373,""pitch_speed"":0.0,""yaw_speed"":0.0}",0.5648485
11471373945300,fov,2990,"{""zoom"":12.339999198913574,""hfov"":7.293355464935303,""vfov"":4.106302738189697,""state"":0,""max_aov_h"":90.0,""max_aov_v"":58.71550750732422,""min_aov_h"":1.40625,""min_aov_v"":0.7910428047180176,""max_zoom"":64.0}",0.5653948
11471374991300,target_offset,347,"{""x_angle_offset"":-0.721738301217556,""y_angle_offset"":-0.20531513690948486}",0.5664408
11471381852800,range,1117,"{""message_type"":""GLOBAL_VISION_POSITION_ESTIMATE"",""x"":46.950042724609375,""y"":39.349037170410156}",0.5733023
11471392592800,gimbal,2991,"{""imu_roll"":0.0,""imu_pitch"":29.523784637451172,""imu_yaw"":-7.0929412841796875,""frame_roll"":0.0,""frame_pitch"":29.523784637451172,""frame_yaw"":-7.0929412841796875,""pitch_speed"":0.0,""yaw_speed"":0.0}",0.5840423
11471392874900,fov,2991,"{""zoom"":12.339999198913574,""hfov"":7.293355464935303,""vfov"":4.106302738189697,""state"":0,""max_aov_h"":90.0,""max_aov_v"":58.71550750732422,""min_aov_h"":1.40625,""min_aov_v"":0.7910428047180176,""max_zoom"":64.0}",0.5843244
11471398162000,range,1118,"{""message_type"":""GLOBAL_VISION_POSITION_ESTIMATE"",""x"":46.950042724609375,""y"":39.349037170410156}",0.5896115
11471398264500,attitude,1149,"{""message_type"":""ATTITUDE"",""time_boot_ms"":119670,""roll"":-0.042491693049669266,""pitch"":0.15618708729743958,""yaw"":-3.053018808364868,""rollspeed"":-0.1222594752907753,""pitchspeed"":-0.036654919385910034,""yawspeed"":-0.04257001727819443}",0.589714
11471416118900,gimbal,2992,"{""imu_roll"":0.0,""imu_pitch"":29.487342834472656,""imu_yaw"":-7.206771373748779,""frame_roll"":0.0,""frame_pitch"":29.487342834472656,""frame_yaw"":-7.206771373748779,""pitch_speed"":0.0,""yaw_speed"":0.0}",0.6075684
11471416865700,fov,2992,"{""zoom"":12.339999198913574,""hfov"":7.293355464935303,""vfov"":4.106302738189697,""state"":0,""max_aov_h"":90.0,""max_aov_v"":58.71550750732422,""min_aov_h"":1.40625,""min_aov_v"":0.7910428047180176,""max_zoom"":64.0}",0.6083152
11471423544700,target_offset,348,"{""x_angle_offset"":-0.6229741126298904,""y_angle_offset"":0.0}",0.6149942
11471443736800,gimbal,2993,"{""imu_roll"":0.0,""imu_pitch"":29.4873046875,""imu_yaw"":-7.3658366203308105,""frame_roll"":0.0,""frame_pitch"":29.4873046875,""frame_yaw"":-7.3658366203308105,""pitch_speed"":0.0,""yaw_speed"":0.0}",0.6351863
11471444125700,fov,2993,"{""zoom"":12.339999198913574,""hfov"":7.293355464935303,""vfov"":4.106302738189697,""state"":0,""max_aov_h"":90.0,""max_aov_v"":58.71550750732422,""min_aov_h"":1.40625,""min_aov_v"":0.7910428047180176,""max_zoom"":64.0}",0.6355752
11471447103800,vfr,575,"{""message_type"":""VFR_HUD"",""airspeed"":32.02588653564453,""alt"":145.69000244140625}",0.6385533
11471447340200,position,575,"{""message_type"":""GLOBAL_POSITION_INT"",""lat"":469520073,""lon"":393490252}",0.6387897
11471447485800,attitude,1150,"{""message_type"":""ATTITUDE"",""time_boot_ms"":119710,""roll"":-0.048856209963560104,""pitch"":0.15393441915512085,""yaw"":-3.0547001361846924,""rollspeed"":-0.15990203619003296,""pitchspeed"":-0.04110082611441612,""yawspeed"":-0.04660181328654289}",0.6389353
11471449856700,target_offset,349,"{""x_angle_offset"":-0.6685575842857361,""y_angle_offset"":0.12166822927969473}",0.6413062
11471467008500,gimbal,2994,"{""imu_roll"":0.0,""imu_pitch"":29.514793395996094,""imu_yaw"":-7.529514312744141,""frame_roll"":0.0,""frame_pitch"":29.514793395996094,""frame_yaw"":-7.529514312744141,""pitch_speed"":0.0,""yaw_speed"":0.0}",0.658458
11471467486300,fov,2994,"{""zoom"":12.339999198913574,""hfov"":7.293355464935303,""vfov"":4.106302738189697,""state"":0,""max_aov_h"":90.0,""max_aov_v"":58.71550750732422,""min_aov_h"":1.40625,""min_aov_v"":0.7910428047180176,""max_zoom"":64.0}",0.6589358
11471489775200,gimbal,2995,"{""imu_roll"":0.0,""imu_pitch"":29.533723831176758,""imu_yaw"":-7.628960609436035,""frame_roll"":0.0,""frame_pitch"":29.533723831176758,""frame_yaw"":-7.628960609436035,""pitch_speed"":0.0,""yaw_speed"":0.0}",0.6812247
11471490147400,fov,2995,"{""zoom"":12.339999198913574,""hfov"":7.293355464935303,""vfov"":4.106302738189697,""state"":0,""max_aov_h"":90.0,""max_aov_v"":58.71550750732422,""min_aov_h"":1.40625,""min_aov_v"":0.7910428047180176,""max_zoom"":64.0}",0.6815969
11471496655700,target_offset,350,"{""x_angle_offset"":-0.5925851315259933,""y_angle_offset"":0.19771087257950393}",0.6881052
11471505404000,attitude,1151,"{""message_type"":""ATTITUDE"",""time_boot_ms"":119770,""roll"":-0.06246572732925415,""pitch"":0.14951938390731812,""yaw"":-3.0575571060180664,""rollspeed"":-0.2330695241689682,""pitchspeed"":-0.04718589782714844,""yawspeed"":-0.05371057614684105}",0.6968535
11471514998000,gimbal,2996,"{""imu_roll"":0.0,""imu_pitch"":29.583967208862305,""imu_yaw"":-7.780453681945801,""frame_roll"":0.0,""frame_pitch"":29.583967208862305,""frame_yaw"":-7.780453681945801,""pitch_speed"":0.0,""yaw_speed"":0.0}",0.7064475
11471515781900,fov,2996,"{""zoom"":12.339999198913574,""hfov"":7.293355464935303,""vfov"":4.106302738189697,""state"":0,""max_aov_h"":90.0,""max_aov_v"":58.71550750732422,""min_aov_h"":1.40625,""min_aov_v"":0.7910428047180176,""max_zoom"":64.0}",0.7072314
11471538109500,range,1119,"{""message_type"":""GLOBAL_VISION_POSITION_ESTIMATE"",""x"":46.949981689453125,""y"":39.349056243896484}",0.729559
11471539858700,gimbal,2997,"{""imu_roll"":0.0,""imu_pitch"":29.62156867980957,""imu_yaw"":-7.875382423400879,""frame_roll"":0.0,""frame_pitch"":29.62156867980957,""frame_yaw"":-7.875382423400879,""pitch_speed"":0.0,""yaw_speed"":0.0}",0.7313082
11471542764700,fov,2997,"{""zoom"":12.339999198913574,""hfov"":7.293355464935303,""vfov"":4.106302738189697,""state"":0,""max_aov_h"":90.0,""max_aov_v"":58.71550750732422,""min_aov_h"":1.40625,""min_aov_v"":0.7910428047180176,""max_zoom"":64.0}",0.7342142
11471544629100,target_offset,351,"{""x_angle_offset"":-0.47102920711040497,""y_angle_offset"":0.2737535158793131}",0.7360786
11471547100400,attitude,1152,"{""message_type"":""ATTITUDE"",""time_boot_ms"":119810,""roll"":-0.0740431398153305,""pitch"":0.14639073610305786,""yaw"":-3.0596001148223877,""rollspeed"":-0.2831072509288788,""pitchspeed"":-0.04966181516647339,""yawspeed"":-0.05861527472734451}",0.7385499
11471547387300,vfr,576,"{""message_type"":""VFR_HUD"",""airspeed"":31.827892303466797,""alt"":145.91000366210938}",0.7388368
11471547526200,range,1120,"{""message_type"":""GLOBAL_VISION_POSITION_ESTIMATE"",""x"":46.949981689453125,""y"":39.349056243896484}",0.7389757
11471547640700,position,576,"{""message_type"":""GLOBAL_POSITION_INT"",""lat"":469520073,""lon"":393490252}",0.7390902
11471568072800,gimbal,2998,"{""imu_roll"":0.0,""imu_pitch"":29.688615798950195,""imu_yaw"":-7.991451263427734,""frame_roll"":0.0,""frame_pitch"":29.688615798950195,""frame_yaw"":-7.991451263427734,""pitch_speed"":0.0,""yaw_speed"":0.0}",0.7595223
11471568401200,fov,2998,"{""zoom"":12.339999198913574,""hfov"":7.293355464935303,""vfov"":4.106302738189697,""state"":0,""max_aov_h"":90.0,""max_aov_v"":58.71550750732422,""min_aov_h"":1.40625,""min_aov_v"":0.7910428047180176,""max_zoom"":64.0}",0.7598507
11471576275000,target_offset,352,"{""x_angle_offset"":-0.4254457354545593,""y_angle_offset"":0.25094072288937036}",0.7677245
11471594972700,gimbal,2999,"{""imu_roll"":0.0,""imu_pitch"":29.754384994506836,""imu_yaw"":-8.10857105255127,""frame_roll"":0.0,""frame_pitch"":29.754384994506836,""frame_yaw"":-8.10857105255127,""pitch_speed"":0.0,""yaw_speed"":0.0}",0.7864222
11471595374500,fov,2999,"{""zoom"":12.339999198913574,""hfov"":7.293355464935303,""vfov"":4.106302738189697,""state"":0,""max_aov_h"":90.0,""max_aov_v"":58.71550750732422,""min_aov_h"":1.40625,""min_aov_v"":0.7910428047180176,""max_zoom"":64.0}",0.786824
11471608503800,attitude,1153,"{""message_type"":""ATTITUDE"",""time_boot_ms"":119870,""roll"":-0.09498205035924911,""pitch"":0.14155562222003937,""yaw"":-3.0628957748413086,""rollspeed"":-0.3523091971874237,""pitchspeed"":-0.050151754170656204,""yawspeed"":-0.06600277870893478}",0.7999533
11471619940400,gimbal,3000,"{""imu_roll"":0.0,""imu_pitch"":29.799880981445312,""imu_yaw"":-8.165633201599121,""frame_roll"":0.0,""frame_pitch"":29.799880981445312,""frame_yaw"":-8.165633201599121,""pitch_speed"":0.0,""yaw_speed"":0.0}",0.8113899
11471620414500,fov,3000,"{""zoom"":12.339999198913574,""hfov"":7.293355464935303,""vfov"":4.106302738189697,""state"":0,""max_aov_h"":90.0,""max_aov_v"":58.71550750732422,""min_aov_h"":1.40625,""min_aov_v"":0.7910428047180176,""max_zoom"":64.0}",0.811864
11471624142100,target_offset,353,"{""x_angle_offset"":-0.4254457354545593,""y_angle_offset"":0.20531513690948486}",0.8155916
11471649811300,gimbal,3001,"{""imu_roll"":0.0,""imu_pitch"":29.856149673461914,""imu_yaw"":-8.283456802368164,""frame_roll"":0.0,""frame_pitch"":29.856149673461914,""frame_yaw"":-8.283456802368164,""pitch_speed"":0.0,""yaw_speed"":0.0}",0.8412608
11471650213800,fov,3001,"{""zoom"":12.339999198913574,""hfov"":7.293355464935303,""vfov"":4.106302738189697,""state"":0,""max_aov_h"":90.0,""max_aov_v"":58.71550750732422,""min_aov_h"":1.40625,""min_aov_v"":0.7910428047180176,""max_zoom"":64.0}",0.8416633
11471655769100,target_offset,354,"{""x_angle_offset"":-0.5470016598701477,""y_angle_offset"":0.06843837896982828}",0.8472186
11471662006500,attitude,1154,"{""message_type"":""ATTITUDE"",""time_boot_ms"":119910,""roll"":-0.11098669469356537,""pitch"":0.1383201777935028,""yaw"":-3.0651986598968506,""rollspeed"":-0.39036256074905396,""pitchspeed"":-0.048901330679655075,""yawspeed"":-0.07076040655374527}",0.853456
11471662363700,vfr,577,"{""message_type"":""VFR_HUD"",""airspeed"":31.63324737548828,""alt"":146.11000061035156}",0.8538132
11471662515300,position,577,"{""message_type"":""GLOBAL_POSITION_INT"",""lat"":469519473,""lon"":393490218}",0.8539648
11471672966900,gimbal,3002,"{""imu_roll"":0.0,""imu_pitch"":29.867908477783203,""imu_yaw"":-8.411008834838867,""frame_roll"":0.0,""frame_pitch"":29.867908477783203,""frame_yaw"":-8.411008834838867,""pitch_speed"":0.0,""yaw_speed"":0.0}",0.8644164
11471673464500,fov,3002,"{""zoom"":12.339999198913574,""hfov"":7.293355464935303,""vfov"":4.106302738189697,""state"":0,""max_aov_h"":90.0,""max_aov_v"":58.71550750732422,""min_aov_h"":1.40625,""min_aov_v"":0.7910428047180176,""max_zoom"":64.0}",0.864914
11471701466500,gimbal,3003,"{""imu_roll"":0.0,""imu_pitch"":29.87664222717285,""imu_yaw"":-8.488227844238281,""frame_roll"":0.0,""frame_pitch"":29.87664222717285,""frame_yaw"":-8.488227844238281,""pitch_speed"":0.0,""yaw_speed"":0.0}",0.892916
11471701857400,fov,3003,"{""zoom"":12.339999198913574,""hfov"":7.293355464935303,""vfov"":4.106302738189697,""state"":0,""max_aov_h"":90.0,""max_aov_v"":58.71550750732422,""min_aov_h"":1.40625,""min_aov_v"":0.7910428047180176,""max_zoom"":64.0}",0.8933069
11471705605100,target_offset,355,"{""x_angle_offset"":-0.6457658484578133,""y_angle_offset"":-0.030417057319923682}",0.8970546
11471709394000,range,1121,"{""message_type"":""GLOBAL_VISION_POSITION_ESTIMATE"",""x"":46.94991683959961,""y"":39.349021911621094}",0.9008435
11471727927400,gimbal,3004,"{""imu_roll"":0.0,""imu_pitch"":29.865135192871094,""imu_yaw"":-8.680282592773438,""frame_roll"":0.0,""frame_pitch"":29.865135192871094,""frame_yaw"":-8.680282592773438,""pitch_speed"":0.0,""yaw_speed"":0.0}",0.9193769
11471728410000,fov,3004,"{""zoom"":12.339999198913574,""hfov"":7.293355464935303,""vfov"":4.106302738189697,""state"":0,""max_aov_h"":90.0,""max_aov_v"":58.71550750732422,""min_aov_h"":1.40625,""min_aov_v"":0.7910428047180176,""max_zoom"":64.0}",0.9198595
11471732630100,target_offset,356,"{""x_angle_offset"":-0.4634319618344307,""y_angle_offset"":0.16729381525958026}",0.9240796
11471734998700,range,1122,"{""message_type"":""GLOBAL_VISION_POSITION_ESTIMATE"",""x"":46.94991683959961,""y"":39.349021911621094}",0.9264482
11471735911700,attitude,1155,"{""message_type"":""ATTITUDE"",""time_boot_ms"":119970,""roll"":-0.13861970603466034,""pitch"":0.1341191828250885,""yaw"":-3.0691421031951904,""rollspeed"":-0.4328566789627075,""pitchspeed"":-0.04648846387863159,""yawspeed"":-0.07776308804750443}",0.9273612
11471750349800,gimbal,3005,"{""imu_roll"":0.0,""imu_pitch"":29.90081787109375,""imu_yaw"":-8.79014778137207,""frame_roll"":0.0,""frame_pitch"":29.90081787109375,""frame_yaw"":-8.79014778137207,""pitch_speed"":0.0,""yaw_speed"":0.0}",0.9417993
11471750818600,fov,3005,"{""zoom"":12.339999198913574,""hfov"":7.293355464935303,""vfov"":4.106302738189697,""state"":0,""max_aov_h"":90.0,""max_aov_v"":58.71550750732422,""min_aov_h"":1.40625,""min_aov_v"":0.7910428047180176,""max_zoom"":64.0}",0.9422681
11471773373800,position,578,"{""message_type"":""GLOBAL_POSITION_INT"",""lat"":469519473,""lon"":393490218}",0.9648233
11471773645000,attitude,1156,"{""message_type"":""ATTITUDE"",""time_boot_ms"":120010,""roll"":-0.1580352932214737,""pitch"":0.13131549954414368,""yaw"":-3.0718600749969482,""rollspeed"":-0.44875743985176086,""pitchspeed"":-0.04488165304064751,""yawspeed"":-0.08219271153211594}",0.9650945
11471774058000,vfr,578,"{""message_type"":""VFR_HUD"",""airspeed"":31.44084358215332,""alt"":146.3000030517578}",0.9655075
11471775669500,gimbal,3006,"{""imu_roll"":0.0,""imu_pitch"":29.928255081176758,""imu_yaw"":-8.85261058807373,""frame_roll"":0.0,""frame_pitch"":29.928255081176758,""frame_yaw"":-8.85261058807373,""pitch_speed"":0.0,""yaw_speed"":0.0}",0.967119
11471776479600,fov,3006,"{""zoom"":12.339999198913574,""hfov"":7.293355464935303,""vfov"":4.106302738189697,""state"":0,""max_aov_h"":90.0,""max_aov_v"":58.71550750732422,""min_aov_h"":1.40625,""min_aov_v"":0.7910428047180176,""max_zoom"":64.0}",0.9679291
11471782123400,target_offset,357,"{""x_angle_offset"":-0.5394044145941734,""y_angle_offset"":0.1444810222696375}",0.9735729
11471802923900,gimbal,3007,"{""imu_roll"":0.0,""imu_pitch"":29.963579177856445,""imu_yaw"":-8.996175765991211,""frame_roll"":0.0,""frame_pitch"":29.963579177856445,""frame_yaw"":-8.996175765991211,""pitch_speed"":0.0,""yaw_speed"":0.0}",0.9943734
11471805532800,fov,3007,"{""zoom"":12.339999198913574,""hfov"":7.293355464935303,""vfov"":4.106302738189697,""state"":0,""max_aov_h"":90.0,""max_aov_v"":58.71550750732422,""min_aov_h"":1.40625,""min_aov_v"":0.7910428047180176,""max_zoom"":64.0}",0.9969823
11471809617000,target_offset,358,"{""x_angle_offset"":-0.7293355464935303,""y_angle_offset"":0.08364690762979013}",1.0010665
11471829676300,gimbal,3008,"{""imu_roll"":0.0,""imu_pitch"":29.983821868896484,""imu_yaw"":-9.194540023803711,""frame_roll"":0.0,""frame_pitch"":29.983821868896484,""frame_yaw"":-9.194540023803711,""pitch_speed"":0.0,""yaw_speed"":0.0}",1.0211258
11471829975700,fov,3008,"{""zoom"":12.339999198913574,""hfov"":7.293355464935303,""vfov"":4.106302738189697,""state"":0,""max_aov_h"":90.0,""max_aov_v"":58.71550750732422,""min_aov_h"":1.40625,""min_aov_v"":0.7910428047180176,""max_zoom"":64.0}",1.0214252
11471840079900,attitude,1157,"{""message_type"":""ATTITUDE"",""time_boot_ms"":120070,""roll"":-0.18764540553092957,""pitch"":0.12701469659805298,""yaw"":-3.076120376586914,""rollspeed"":-0.45352795720100403,""pitchspeed"":-0.04420227184891701,""yawspeed"":-0.08807775378227234}",1.0315294
11471851085100,range,1123,"{""message_type"":""GLOBAL_VISION_POSITION_ESTIMATE"",""x"":46.94991683959961,""y"":39.348968505859375}",1.0425346
11471854034800,gimbal,3009,"{""imu_roll"":0.0,""imu_pitch"":29.996013641357422,""imu_yaw"":-9.288724899291992,""frame_roll"":0.0,""frame_pitch"":29.996013641357422,""frame_yaw"":-9.288724899291992,""pitch_speed"":0.0,""yaw_speed"":0.0}",1.0454843
11471855039500,fov,3009,"{""zoom"":12.339999198913574,""hfov"":7.293355464935303,""vfov"":4.106302738189697,""state"":0,""max_aov_h"":90.0,""max_aov_v"":58.71550750732422,""min_aov_h"":1.40625,""min_aov_v"":0.7910428047180176,""max_zoom"":64.0}",1.046489
11471860436900,target_offset,359,"{""x_angle_offset"":-0.8584887161850929,""y_angle_offset"":0.0076042643299809205}",1.0518864
11471864091200,range,1124,"{""message_type"":""GLOBAL_VISION_POSITION_ESTIMATE"",""x"":46.94991683959961,""y"":39.348968505859375}",1.0555407
11471881894400,gimbal,3010,"{""imu_roll"":0.0,""imu_pitch"":29.99505615234375,""imu_yaw"":-9.529703140258789,""frame_roll"":0.0,""frame_pitch"":29.99505615234375,""frame_yaw"":-9.529703140258789,""pitch_speed"":0.0,""yaw_speed"":0.0}",1.0733439
11471882248100,fov,3010,"{""zoom"":12.339999198913574,""hfov"":7.293355464935303,""vfov"":4.106302738189697,""state"":0,""max_aov_h"":90.0,""max_aov_v"":58.71550750732422,""min_aov_h"":1.40625,""min_aov_v"":0.7910428047180176,""max_zoom"":64.0}",1.0736976
11471888484100,position,579,"{""message_type"":""GLOBAL_POSITION_INT"",""lat"":469519473,""lon"":393490218}",1.0799336
11471888678900,attitude,1158,"{""message_type"":""ATTITUDE"",""time_boot_ms"":120110,""roll"":-0.20707476139068604,""pitch"":0.12407726794481277,""yaw"":-3.079000234603882,""rollspeed"":-0.44295772910118103,""pitchspeed"":-0.04374847561120987,""yawspeed"":-0.09106287360191345}",1.0801284
11471889452600,target_offset,360,"{""x_angle_offset"":-1.1547812819480896,""y_angle_offset"":-0.1520852865996184}",1.0809021
11471891246900,vfr,579,"{""message_type"":""VFR_HUD"",""airspeed"":31.277584075927734,""alt"":146.47000122070312}",1.0826964
11471904634000,gimbal,3011,"{""imu_roll"":0.0,""imu_pitch"":29.959083557128906,""imu_yaw"":-9.794341087341309,""frame_roll"":0.0,""frame_pitch"":29.959083557128906,""frame_yaw"":-9.794341087341309,""pitch_speed"":0.0,""yaw_speed"":0.0}",1.0960835
11471905102200,fov,3011,"{""zoom"":12.339999198913574,""hfov"":7.293355464935303,""vfov"":4.106302738189697,""state"":0,""max_aov_h"":90.0,""max_aov_v"":58.71550750732422,""min_aov_h"":1.40625,""min_aov_v"":0.7910428047180176,""max_zoom"":64.0}",1.0965517
11471930232700,gimbal,3012,"{""imu_roll"":0.0,""imu_pitch"":29.928380966186523,""imu_yaw"":-9.99396800994873,""frame_roll"":0.0,""frame_pitch"":29.928380966186523,""frame_yaw"":-9.99396800994873,""pitch_speed"":0.0,""yaw_speed"":0.0}",1.1216822
11471930696200,fov,3012,"{""zoom"":12.339999198913574,""hfov"":7.293355464935303,""vfov"":4.106302738189697,""state"":0,""max_aov_h"":90.0,""max_aov_v"":58.71550750732422,""min_aov_h"":1.40625,""min_aov_v"":0.7910428047180176,""max_zoom"":64.0}",1.1221457
11471933828700,target_offset,361,"{""x_angle_offset"":-1.2307537347078323,""y_angle_offset"":-0.23573219422940853}",1.1252782
11471948415700,attitude,1159,"{""message_type"":""ATTITUDE"",""time_boot_ms"":120170,""roll"":-0.23478193581104279,""pitch"":0.11959592252969742,""yaw"":-3.0834474563598633,""rollspeed"":-0.4078264534473419,""pitchspeed"":-0.043992482125759125,""yawspeed"":-0.0941208153963089}",1.1398652
11471954648200,gimbal,3013,"{""imu_roll"":0.0,""imu_pitch"":29.869049072265625,""imu_yaw"":-10.289519309997559,""frame_roll"":0.0,""frame_pitch"":29.869049072265625,""frame_yaw"":-10.289519309997559,""pitch_speed"":0.0,""yaw_speed"":0.0}",1.1460977
11471955021600,fov,3013,"{""zoom"":12.339999198913574,""hfov"":7.293355464935303,""vfov"":4.106302738189697,""state"":0,""max_aov_h"":90.0,""max_aov_v"":58.71550750732422,""min_aov_h"":1.40625,""min_aov_v"":0.7910428047180176,""max_zoom"":64.0}",1.1464711
11471977275900,gimbal,3014,"{""imu_roll"":0.0,""imu_pitch"":29.82979965209961,""imu_yaw"":-10.460471153259277,""frame_roll"":0.0,""frame_pitch"":29.82979965209961,""frame_yaw"":-10.460471153259277,""pitch_speed"":0.0,""yaw_speed"":0.0}",1.1687254
11471977591300,fov,3014,"{""zoom"":12.339999198913574,""hfov"":7.293355464935303,""vfov"":4.106302738189697,""state"":0,""max_aov_h"":90.0,""max_aov_v"":58.71550750732422,""min_aov_h"":1.40625,""min_aov_v"":0.7910428047180176,""max_zoom"":64.0}",1.1690408
11471984044600,target_offset,362,"{""x_angle_offset"":-1.390295885503292,""y_angle_offset"":-0.3497961591791223}",1.1754941
11471992479100,vfr,580,"{""message_type"":""VFR_HUD"",""airspeed"":31.106653213500977,""alt"":146.62998962402344}",1.1839286
11471992583900,position,580,"{""message_type"":""GLOBAL_POSITION_INT"",""lat"":469518876,""lon"":393490209}",1.1840334
11471992659900,attitude,1160,"{""message_type"":""ATTITUDE"",""time_boot_ms"":120210,""roll"":-0.2516985535621643,""pitch"":0.11654768139123917,""yaw"":-3.0864098072052,""rollspeed"":-0.3731972873210907,""pitchspeed"":-0.04405795410275459,""yawspeed"":-0.09519978612661362}",1.1841094
11472006274600,range,1125,"{""message_type"":""GLOBAL_VISION_POSITION_ESTIMATE"",""x"":46.949859619140625,""y"":39.34895324707031}",1.1977241
11472007331700,gimbal,3015,"{""imu_roll"":0.0,""imu_pitch"":29.7172794342041,""imu_yaw"":-10.887372970581055,""frame_roll"":0.0,""frame_pitch"":29.7172794342041,""frame_yaw"":-10.887372970581055,""pitch_speed"":0.0,""yaw_speed"":0.0}",1.1987812
11472007646800,fov,3015,"{""zoom"":12.339999198913574,""hfov"":7.293355464935303,""vfov"":4.106302738189697,""state"":0,""max_aov_h"":90.0,""max_aov_v"":58.71550750732422,""min_aov_h"":1.40625,""min_aov_v"":0.7910428047180176,""max_zoom"":64.0}",1.1990963
11472011578100,target_offset,363,"{""x_angle_offset"":-1.3675041496753693,""y_angle_offset"":-0.4030260094889888}",1.2030276
11472017327600,range,1126,"{""message_type"":""GLOBAL_VISION_POSITION_ESTIMATE"",""x"":46.949859619140625,""y"":39.34895324707031}",1.2087771
11472032863100,gimbal,3016,"{""imu_roll"":0.0,""imu_pitch"":29.61250114440918,""imu_yaw"":-11.236342430114746,""frame_roll"":0.0,""frame_pitch"":29.61250114440918,""frame_yaw"":-11.236342430114746,""pitch_speed"":0.0,""yaw_speed"":0.0}",1.2243126
11472033248700,fov,3016,"{""zoom"":12.339999198913574,""hfov"":7.293355464935303,""vfov"":4.106302738189697,""state"":0,""max_aov_h"":90.0,""max_aov_v"":58.71550750732422,""min_aov_h"":1.40625,""min_aov_v"":0.7910428047180176,""max_zoom"":64.0}",1.2246982
11472055872400,attitude,1161,"{""message_type"":""ATTITUDE"",""time_boot_ms"":120270,""roll"":-0.2739861011505127,""pitch"":0.11186591535806656,""yaw"":-3.090819835662842,""rollspeed"":-0.3088265359401703,""pitchspeed"":-0.044433776289224625,""yawspeed"":-0.09541955590248108}",1.2473219
11472056764600,gimbal,3017,"{""imu_roll"":0.0,""imu_pitch"":29.543336868286133,""imu_yaw"":-11.440439224243164,""frame_roll"":0.0,""frame_pitch"":29.543336868286133,""frame_yaw"":-11.440439224243164,""pitch_speed"":0.0,""yaw_speed"":0.0}",1.2482141
11472057136000,fov,3017,"{""zoom"":12.339999198913574,""hfov"":7.293355464935303,""vfov"":4.106302738189697,""state"":0,""max_aov_h"":90.0,""max_aov_v"":58.71550750732422,""min_aov_h"":1.40625,""min_aov_v"":0.7910428047180176,""max_zoom"":64.0}",1.2485855
11472064203500,target_offset,364,"{""x_angle_offset"":-1.3143234327435493,""y_angle_offset"":-0.4030260094889888}",1.255653
11472087306500,gimbal,3018,"{""imu_roll"":0.0,""imu_pitch"":29.416000366210938,""imu_yaw"":-11.847728729248047,""frame_roll"":0.0,""frame_pitch"":29.416000366210938,""frame_yaw"":-11.847728729248047,""pitch_speed"":0.0,""yaw_speed"":0.0}",1.278756
11472087670400,fov,3018,"{""zoom"":12.339999198913574,""hfov"":7.293355464935303,""vfov"":4.106302738189697,""state"":0,""max_aov_h"":90.0,""max_aov_v"":58.71550750732422,""min_aov_h"":1.40625,""min_aov_v"":0.7910428047180176,""max_zoom"":64.0}",1.2791199
11472091994400,target_offset,365,"{""x_angle_offset"":-1.1471840366721153,""y_angle_offset"":-0.3497961591791223}",1.2834439
11472098855600,vfr,581,"{""message_type"":""VFR_HUD"",""airspeed"":30.95827865600586,""alt"":146.77000427246094}",1.2903051
11472098993800,position,581,"{""message_type"":""GLOBAL_POSITION_INT"",""lat"":469518876,""lon"":393490209}",1.2904433
11472099138400,attitude,1162,"{""message_type"":""ATTITUDE"",""time_boot_ms"":120310,""roll"":-0.2863592803478241,""pitch"":0.10865604132413864,""yaw"":-3.0936808586120605,""rollspeed"":-0.25651636719703674,""pitchspeed"":-0.045571114867925644,""yawspeed"":-0.0946461632847786}",1.2905879
11472112739100,gimbal,3019,"{""imu_roll"":0.0,""imu_pitch"":29.326520919799805,""imu_yaw"":-12.124347686767578,""frame_roll"":0.0,""frame_pitch"":29.326520919799805,""frame_yaw"":-12.124347686767578,""pitch_speed"":0.0,""yaw_speed"":0.0}",1.3041886
11472113014200,fov,3019,"{""zoom"":12.339999198913574,""hfov"":7.293355464935303,""vfov"":4.106302738189697,""state"":0,""max_aov_h"":90.0,""max_aov_v"":58.71550750732422,""min_aov_h"":1.40625,""min_aov_v"":0.7910428047180176,""max_zoom"":64.0}",1.3044637
11472139716600,gimbal,3020,"{""imu_roll"":0.0,""imu_pitch"":29.252674102783203,""imu_yaw"":-12.323614120483398,""frame_roll"":0.0,""frame_pitch"":29.252674102783203,""frame_yaw"":-12.323614120483398,""pitch_speed"":0.0,""yaw_speed"":0.0}",1.3311661
11472140115800,fov,3020,"{""zoom"":12.339999198913574,""hfov"":7.293355464935303,""vfov"":4.106302738189697,""state"":0,""max_aov_h"":90.0,""max_aov_v"":58.71550750732422,""min_aov_h"":1.40625,""min_aov_v"":0.7910428047180176,""max_zoom"":64.0}",1.3315653
11472141731100,target_offset,366,"{""x_angle_offset"":-0.9952391311526299,""y_angle_offset"":-0.2965663088692559}",1.3331806
11472158915000,attitude,1163,"{""message_type"":""ATTITUDE"",""time_boot_ms"":120370,""roll"":-0.3005388379096985,""pitch"":0.10419086366891861,""yaw"":-3.0978097915649414,""rollspeed"":-0.17372943460941315,""pitchspeed"":-0.04686449095606804,""yawspeed"":-0.09228725731372833}",1.3503645
11472163631100,range,1127,"{""message_type"":""GLOBAL_VISION_POSITION_ESTIMATE"",""x"":46.949859619140625,""y"":39.349002838134766}",1.3550806
11472166776000,gimbal,3021,"{""imu_roll"":0.0,""imu_pitch"":29.16375732421875,""imu_yaw"":-12.603858947753906,""frame_roll"":0.0,""frame_pitch"":29.16375732421875,""frame_yaw"":-12.603858947753906,""pitch_speed"":0.0,""yaw_speed"":0.0}",1.3582255
11472167202000,fov,3021,"{""zoom"":12.339999198913574,""hfov"":7.293355464935303,""vfov"":4.106302738189697,""state"":0,""max_aov_h"":90.0,""max_aov_v"":58.71550750732422,""min_aov_h"":1.40625,""min_aov_v"":0.7910428047180176,""max_zoom"":64.0}",1.3586515
11472172558800,target_offset,367,"{""x_angle_offset"":-0.7369327917695045,""y_angle_offset"":-0.15968955092959933}",1.3640083
11472184432700,range,1128,"{""message_type"":""GLOBAL_VISION_POSITION_ESTIMATE"",""x"":46.949859619140625,""y"":39.349002838134766}",1.3758822
11472193625300,gimbal,3022,"{""imu_roll"":0.0,""imu_pitch"":29.11818504333496,""imu_yaw"":-12.812986373901367,""frame_roll"":0.0,""frame_pitch"":29.11818504333496,""frame_yaw"":-12.812986373901367,""pitch_speed"":0.0,""yaw_speed"":0.0}",1.3850748
11472194975800,fov,3022,"{""zoom"":12.339999198913574,""hfov"":7.293355464935303,""vfov"":4.106302738189697,""state"":0,""max_aov_h"":90.0,""max_aov_v"":58.71550750732422,""min_aov_h"":1.40625,""min_aov_v"":0.7910428047180176,""max_zoom"":64.0}",1.3864253
11472205864300,attitude,1164,"{""message_type"":""ATTITUDE"",""time_boot_ms"":120410,""roll"":-0.3067191243171692,""pitch"":0.10177867114543915,""yaw"":-3.1004223823547363,""rollspeed"":-0.11515088379383087,""pitchspeed"":-0.047659605741500854,""yawspeed"":-0.08998873829841614}",1.3973138
11472206181100,vfr,582,"{""message_type"":""VFR_HUD"",""airspeed"":30.82571029663086,""alt"":146.8699951171875}",1.3976306
11472206343500,position,582,"{""message_type"":""GLOBAL_POSITION_INT"",""lat"":469518294,""lon"":393490216}",1.397793
11472222087000,gimbal,3023,"{""imu_roll"":0.0,""imu_pitch"":29.0873966217041,""imu_yaw"":-12.9265718460083,""frame_roll"":0.0,""frame_pitch"":29.0873966217041,""frame_yaw"":-12.9265718460083,""pitch_speed"":0.0,""yaw_speed"":0.0}",1.4135365
11472222902400,fov,3023,"{""zoom"":12.339999198913574,""hfov"":7.293355464935303,""vfov"":4.106302738189697,""state"":0,""max_aov_h"":90.0,""max_aov_v"":58.71550750732422,""min_aov_h"":1.40625,""min_aov_v"":0.7910428047180176,""max_zoom"":64.0}",1.4143519
11472227668400,target_offset,368,"{""x_angle_offset"":-0.5849878862500191,""y_angle_offset"":-0.08364690762979013}",1.4191179
11472253771000,gimbal,3024,"{""imu_roll"":0.0,""imu_pitch"":29.053945541381836,""imu_yaw"":-13.105661392211914,""frame_roll"":0.0,""frame_pitch"":29.053945541381836,""frame_yaw"":-13.105661392211914,""pitch_speed"":0.0,""yaw_speed"":0.0}",1.4452205
11472254961500,fov,3024,"{""zoom"":12.339999198913574,""hfov"":7.293355464935303,""vfov"":4.106302738189697,""state"":0,""max_aov_h"":90.0,""max_aov_v"":58.71550750732422,""min_aov_h"":1.40625,""min_aov_v"":0.7910428047180176,""max_zoom"":64.0}",1.446411
11472257941100,target_offset,369,"{""x_angle_offset"":-0.2962925657629967,""y_angle_offset"":0.0760426432998092}",1.4493906
11472277945300,attitude,1165,"{""message_type"":""ATTITUDE"",""time_boot_ms"":120470,""roll"":-0.31166213750839233,""pitch"":0.09809085726737976,""yaw"":-3.1041488647460938,""rollspeed"":-0.029553620144724846,""pitchspeed"":-0.05012936517596245,""yawspeed"":-0.08586651086807251}",1.4693948
11472280327400,gimbal,3025,"{""imu_roll"":0.0,""imu_pitch"":29.070280075073242,""imu_yaw"":-13.180939674377441,""frame_roll"":0.0,""frame_pitch"":29.070280075073242,""frame_yaw"":-13.180939674377441,""pitch_speed"":0.0,""yaw_speed"":0.0}",1.4717769
11472280625600,fov,3025,"{""zoom"":12.339999198913574,""hfov"":7.293355464935303,""vfov"":4.106302738189697,""state"":0,""max_aov_h"":90.0,""max_aov_v"":58.71550750732422,""min_aov_h"":1.40625,""min_aov_v"":0.7910428047180176,""max_zoom"":64.0}",1.4720751
11472308395900,target_offset,370,"{""x_angle_offset"":-0.13675041496753693,""y_angle_offset"":0.12927249360967566}",1.4998454
11472313762300,gimbal,3026,"{""imu_roll"":0.0,""imu_pitch"":29.08344841003418,""imu_yaw"":-13.207345008850098,""frame_roll"":0.0,""frame_pitch"":29.08344841003418,""frame_yaw"":-13.207345008850098,""pitch_speed"":0.0,""yaw_speed"":0.0}",1.5052118
11472314012100,fov,3026,"{""zoom"":12.339999198913574,""hfov"":7.293355464935303,""vfov"":4.106302738189697,""state"":0,""max_aov_h"":90.0,""max_aov_v"":58.71550750732422,""min_aov_h"":1.40625,""min_aov_v"":0.7910428047180176,""max_zoom"":64.0}",1.5054616
11472316525000,range,1129,"{""message_type"":""GLOBAL_VISION_POSITION_ESTIMATE"",""x"":46.949798583984375,""y"":39.34904479980469}",1.5079745
11472319900800,attitude,1166,"{""message_type"":""ATTITUDE"",""time_boot_ms"":120510,""roll"":-0.31218329071998596,""pitch"":0.09555261582136154,""yaw"":-3.1064746379852295,""rollspeed"":0.023987937718629837,""pitchspeed"":-0.05280495062470436,""yawspeed"":-0.08261436223983765}",1.5113503
11472320220800,vfr,583,"{""message_type"":""VFR_HUD"",""airspeed"":30.73257064819336,""alt"":146.97000122070312}",1.5116703
11472320371200,range,1130,"{""message_type"":""GLOBAL_VISION_POSITION_ESTIMATE"",""x"":46.949798583984375,""y"":39.34904479980469}",1.5118207
11472320503600,position,583,"{""message_type"":""GLOBAL_POSITION_INT"",""lat"":469518294,""lon"":393490216}",1.5119531
11472341616200,gimbal,3027,"{""imu_roll"":0.0,""imu_pitch"":29.112606048583984,""imu_yaw"":-13.240092277526855,""frame_roll"":0.0,""frame_pitch"":29.112606048583984,""frame_yaw"":-13.240092277526855,""pitch_speed"":0.0,""yaw_speed"":0.0}",1.5330657
11472342034300,fov,3027,"{""zoom"":12.339999198913574,""hfov"":7.293355464935303,""vfov"":4.106302738189697,""state"":0,""max_aov_h"":90.0,""max_aov_v"":58.71550750732422,""min_aov_h"":1.40625,""min_aov_v"":0.7910428047180176,""max_zoom"":64.0}",1.5334838
11472345342400,target_offset,371,"{""x_angle_offset"":0.10636143386363983,""y_angle_offset"":0.2585449872193513}",1.5367919
11472370512900,gimbal,3028,"{""imu_roll"":0.0,""imu_pitch"":29.18195152282715,""imu_yaw"":-13.205138206481934,""frame_roll"":0.0,""frame_pitch"":29.18195152282715,""frame_yaw"":-13.205138206481934,""pitch_speed"":0.0,""yaw_speed"":0.0}",1.5619624
11472370924000,fov,3028,"{""zoom"":12.339999198913574,""hfov"":7.293355464935303,""vfov"":4.106302738189697,""state"":0,""max_aov_h"":90.0,""max_aov_v"":58.71550750732422,""min_aov_h"":1.40625,""min_aov_v"":0.7910428047180176,""max_zoom"":64.0}",1.5623735
11472374461200,target_offset,372,"{""x_angle_offset"":0.21272286772727966,""y_angle_offset"":0.31177483752921775}",1.5659107
11472385379700,attitude,1167,"{""message_type"":""ATTITUDE"",""time_boot_ms"":120570,""roll"":-0.3092676103115082,""pitch"":0.09154179692268372,""yaw"":-3.1097049713134766,""rollspeed"":0.09448064863681793,""pitchspeed"":-0.05838065221905708,""yawspeed"":-0.07818318903446198}",1.5768292
11472396057500,gimbal,3029,"{""imu_roll"":0.0,""imu_pitch"":29.26309585571289,""imu_yaw"":-13.146862030029297,""frame_roll"":0.0,""frame_pitch"":29.26309585571289,""frame_yaw"":-13.146862030029297,""pitch_speed"":0.0,""yaw_speed"":0.0}",1.587507
11472396398800,fov,3029,"{""zoom"":12.339999198913574,""hfov"":7.293355464935303,""vfov"":4.106302738189697,""state"":0,""max_aov_h"":90.0,""max_aov_v"":58.71550750732422,""min_aov_h"":1.40625,""min_aov_v"":0.7910428047180176,""max_zoom"":64.0}",1.5878483
11472424189900,gimbal,3030,"{""imu_roll"":0.0,""imu_pitch"":29.32552146911621,""imu_yaw"":-13.082074165344238,""frame_roll"":0.0,""frame_pitch"":29.32552146911621,""frame_yaw"":-13.082074165344238,""pitch_speed"":0.0,""yaw_speed"":0.0}",1.6156394
11472425882100,fov,3030,"{""zoom"":12.339999198913574,""hfov"":7.293355464935303,""vfov"":4.106302738189697,""state"":0,""max_aov_h"":90.0,""max_aov_v"":58.71550750732422,""min_aov_h"":1.40625,""min_aov_v"":0.7910428047180176,""max_zoom"":64.0}",1.6173316
11472428364600,target_offset,373,"{""x_angle_offset"":0.2962925657629967,""y_angle_offset"":0.3650046878390842}",1.6198141
11472434490700,position,584,"{""message_type"":""GLOBAL_POSITION_INT"",""lat"":469517699,""lon"":393490226}",1.6259402
11472434716100,attitude,1168,"{""message_type"":""ATTITUDE"",""time_boot_ms"":120610,""roll"":-0.3041013479232788,""pitch"":0.08802714198827744,""yaw"":-3.1115810871124268,""rollspeed"":0.13164694607257843,""pitchspeed"":-0.06229189783334732,""yawspeed"":-0.07533308118581772}",1.6261656
11472435130800,vfr,584,"{""message_type"":""VFR_HUD"",""airspeed"":30.638750076293945,""alt"":147.0399932861328}",1.6265803
11472456636700,target_offset,374,"{""x_angle_offset"":0.4862236976623535,""y_angle_offset"":0.4182345381489506}",1.6480862
11472460005200,gimbal,3031,"{""imu_roll"":0.0,""imu_pitch"":29.44132423400879,""imu_yaw"":-12.980306625366211,""frame_roll"":0.0,""frame_pitch"":29.44132423400879,""frame_yaw"":-12.980306625366211,""pitch_speed"":0.0,""yaw_speed"":0.0}",1.6514547
11472460196800,fov,3031,"{""zoom"":12.339999198913574,""hfov"":7.293355464935303,""vfov"":4.106302738189697,""state"":0,""max_aov_h"":90.0,""max_aov_v"":58.71550750732422,""min_aov_h"":1.40625,""min_aov_v"":0.7910428047180176,""max_zoom"":64.0}",1.6516463
11472480615000,gimbal,3032,"{""imu_roll"":0.0,""imu_pitch"":29.514196395874023,""imu_yaw"":-12.881522178649902,""frame_roll"":0.0,""frame_pitch"":29.514196395874023,""frame_yaw"":-12.881522178649902,""pitch_speed"":0.0,""yaw_speed"":0.0}",1.6720645
11472481155900,fov,3032,"{""zoom"":12.339999198913574,""hfov"":7.293355464935303,""vfov"":4.106302738189697,""state"":0,""max_aov_h"":90.0,""max_aov_v"":58.71550750732422,""min_aov_h"":1.40625,""min_aov_v"":0.7910428047180176,""max_zoom"":64.0}",1.6726054
11472488088000,range,1131,"{""message_type"":""GLOBAL_VISION_POSITION_ESTIMATE"",""x"":46.949745178222656,""y"":39.349056243896484}",1.6795375
11472494312200,range,1132,"{""message_type"":""GLOBAL_VISION_POSITION_ESTIMATE"",""x"":46.949745178222656,""y"":39.349056243896484}",1.6857617
11472494529800,attitude,1169,"{""message_type"":""ATTITUDE"",""time_boot_ms"":120670,""roll"":-0.29423192143440247,""pitch"":0.08249206095933914,""yaw"":-3.114179849624634,""rollspeed"":0.16854211688041687,""pitchspeed"":-0.06949290633201599,""yawspeed"":-0.07144554704427719}",1.6859793
11472510381100,gimbal,3033,"{""imu_roll"":0.0,""imu_pitch"":29.57518768310547,""imu_yaw"":-12.776930809020996,""frame_roll"":0.0,""frame_pitch"":29.57518768310547,""frame_yaw"":-12.776930809020996,""pitch_speed"":0.0,""yaw_speed"":0.0}",1.7018306
11472513884300,fov,3033,"{""zoom"":12.339999198913574,""hfov"":7.293355464935303,""vfov"":4.106302738189697,""state"":0,""max_aov_h"":90.0,""max_aov_v"":58.71550750732422,""min_aov_h"":1.40625,""min_aov_v"":0.7910428047180176,""max_zoom"":64.0}",1.7053338
11472514958900,target_offset,375,"{""x_angle_offset"":0.5394044145941734,""y_angle_offset"":0.4182345381489506}",1.7064084
11472538572100,gimbal,3034,"{""imu_roll"":0.0,""imu_pitch"":29.688161849975586,""imu_yaw"":-12.625356674194336,""frame_roll"":0.0,""frame_pitch"":29.688161849975586,""frame_yaw"":-12.625356674194336,""pitch_speed"":0.0,""yaw_speed"":0.0}",1.7300216
11472539407100,fov,3034,"{""zoom"":12.339999198913574,""hfov"":7.293355464935303,""vfov"":4.106302738189697,""state"":0,""max_aov_h"":90.0,""max_aov_v"":58.71550750732422,""min_aov_h"":1.40625,""min_aov_v"":0.7910428047180176,""max_zoom"":64.0}",1.7308566
11472546764000,target_offset,376,"{""x_angle_offset"":0.6761548295617104,""y_angle_offset"":0.4258388024789316}",1.7382135
11472549565500,vfr,585,"{""message_type"":""VFR_HUD"",""airspeed"":30.57290267944336,""alt"":147.09999084472656}",1.741015
11472550123600,position,585,"{""message_type"":""GLOBAL_POSITION_INT"",""lat"":469517699,""lon"":393490226}",1.7415731
11472550201600,attitude,1170,"{""message_type"":""ATTITUDE"",""time_boot_ms"":120710,""roll"":-0.2868247628211975,""pitch"":0.07860914617776871,""yaw"":-3.115800142288208,""rollspeed"":0.1811225861310959,""pitchspeed"":-0.07424143701791763,""yawspeed"":-0.06939324736595154}",1.7416511
11472565687100,gimbal,3035,"{""imu_roll"":0.0,""imu_pitch"":29.80611801147461,""imu_yaw"":-12.427743911743164,""frame_roll"":0.0,""frame_pitch"":29.80611801147461,""frame_yaw"":-12.427743911743164,""pitch_speed"":0.0,""yaw_speed"":0.0}",1.7571366
11472566318400,fov,3035,"{""zoom"":12.339999198913574,""hfov"":7.293355464935303,""vfov"":4.106302738189697,""state"":0,""max_aov_h"":90.0,""max_aov_v"":58.71550750732422,""min_aov_h"":1.40625,""min_aov_v"":0.7910428047180176,""max_zoom"":64.0}",1.7577679
11472573806200,target_offset,377,"{""x_angle_offset"":0.7521272823214531,""y_angle_offset"":0.45625585979885525}",1.7652557
11472590644900,gimbal,3036,"{""imu_roll"":0.0,""imu_pitch"":29.921987533569336,""imu_yaw"":-12.232085227966309,""frame_roll"":0.0,""frame_pitch"":29.921987533569336,""frame_yaw"":-12.232085227966309,""pitch_speed"":0.0,""yaw_speed"":0.0}",1.7820944
11472590920800,fov,3036,"{""zoom"":12.339999198913574,""hfov"":7.293355464935303,""vfov"":4.106302738189697,""state"":0,""max_aov_h"":90.0,""max_aov_v"":58.71550750732422,""min_aov_h"":1.40625,""min_aov_v"":0.7910428047180176,""max_zoom"":64.0}",1.7823703
11472610426000,attitude,1171,"{""message_type"":""ATTITUDE"",""time_boot_ms"":120770,""roll"":-0.2754293978214264,""pitch"":0.0725545659661293,""yaw"":-3.1181137561798096,""rollspeed"":0.18156909942626953,""pitchspeed"":-0.07964242994785309,""yawspeed"":-0.06721247732639313}",1.8018755
11472620874900,target_offset,378,"{""x_angle_offset"":0.8356969803571701,""y_angle_offset"":0.5094857101087217}",1.8123244
11472625538900,gimbal,3037,"{""imu_roll"":0.0,""imu_pitch"":30.021020889282227,""imu_yaw"":-12.048304557800293,""frame_roll"":0.0,""frame_pitch"":30.021020889282227,""frame_yaw"":-12.048304557800293,""pitch_speed"":0.0,""yaw_speed"":0.0}",1.8169884
11472625772300,fov,3037,"{""zoom"":12.339999198913574,""hfov"":7.293355464935303,""vfov"":4.106302738189697,""state"":0,""max_aov_h"":90.0,""max_aov_v"":58.71550750732422,""min_aov_h"":1.40625,""min_aov_v"":0.7910428047180176,""max_zoom"":64.0}",1.8172218
11472645082700,range,1133,"{""message_type"":""GLOBAL_VISION_POSITION_ESTIMATE"",""x"":46.949745178222656,""y"":39.34907913208008}",1.8365322
11472649321900,gimbal,3038,"{""imu_roll"":0.0,""imu_pitch"":30.120521545410156,""imu_yaw"":-11.877891540527344,""frame_roll"":0.0,""frame_pitch"":30.120521545410156,""frame_yaw"":-11.877891540527344,""pitch_speed"":0.0,""yaw_speed"":0.0}",1.8407714
11472650352500,fov,3038,"{""zoom"":12.339999198913574,""hfov"":7.293355464935303,""vfov"":4.106302738189697,""state"":0,""max_aov_h"":90.0,""max_aov_v"":58.71550750732422,""min_aov_h"":1.40625,""min_aov_v"":0.7910428047180176,""max_zoom"":64.0}",1.841802
11472654333900,target_offset,379,"{""x_angle_offset"":0.805307999253273,""y_angle_offset"":0.4182345381489506}",1.8457834
11472656795000,attitude,1172,"{""message_type"":""ATTITUDE"",""time_boot_ms"":120810,""roll"":-0.26793310046195984,""pitch"":0.06842143088579178,""yaw"":-3.1196038722991943,""rollspeed"":0.16924966871738434,""pitchspeed"":-0.08248690515756607,""yawspeed"":-0.06650009006261826}",1.8482445
11472657551100,vfr,586,"{""message_type"":""VFR_HUD"",""airspeed"":30.52672576904297,""alt"":147.1199951171875}",1.8490006
11472657665200,position,586,"{""message_type"":""GLOBAL_POSITION_INT"",""lat"":469517101,""lon"":393490232}",1.8491147
11472657958100,range,1134,"{""message_type"":""GLOBAL_VISION_POSITION_ESTIMATE"",""x"":46.949745178222656,""y"":39.34907913208008}",1.8494076
11472671863600,gimbal,3039,"{""imu_roll"":0.0,""imu_pitch"":30.221399307250977,""imu_yaw"":-11.669405937194824,""frame_roll"":0.0,""frame_pitch"":30.221399307250977,""frame_yaw"":-11.669405937194824,""pitch_speed"":0.0,""yaw_speed"":0.0}",1.8633131
11472672151100,fov,3039,"{""zoom"":12.339999198913574,""hfov"":7.293355464935303,""vfov"":4.106302738189697,""state"":0,""max_aov_h"":90.0,""max_aov_v"":58.71550750732422,""min_aov_h"":1.40625,""min_aov_v"":0.7910428047180176,""max_zoom"":64.0}",1.8636006
11472697871300,gimbal,3040,"{""imu_roll"":0.0,""imu_pitch"":30.296367645263672,""imu_yaw"":-11.5009183883667,""frame_roll"":0.0,""frame_pitch"":30.296367645263672,""frame_yaw"":-11.5009183883667,""pitch_speed"":0.0,""yaw_speed"":0.0}",1.8893208
11472698232900,fov,3040,"{""zoom"":12.339999198913574,""hfov"":7.293355464935303,""vfov"":4.106302738189697,""state"":0,""max_aov_h"":90.0,""max_aov_v"":58.71550750732422,""min_aov_h"":1.40625,""min_aov_v"":0.7910428047180176,""max_zoom"":64.0}",1.8896824
11472703275300,target_offset,380,"{""x_angle_offset"":0.7825162634253502,""y_angle_offset"":0.38021321649904605}",1.8947248
11472717014800,attitude,1173,"{""message_type"":""ATTITUDE"",""time_boot_ms"":120870,""roll"":-0.2576289474964142,""pitch"":0.06209918111562729,""yaw"":-3.121814489364624,""rollspeed"":0.13832135498523712,""pitchspeed"":-0.08602432161569595,""yawspeed"":-0.06660338491201401}",1.9084643
11472728168400,gimbal,3041,"{""imu_roll"":0.0,""imu_pitch"":30.416770935058594,""imu_yaw"":-11.245658874511719,""frame_roll"":0.0,""frame_pitch"":30.416770935058594,""frame_yaw"":-11.245658874511719,""pitch_speed"":0.0,""yaw_speed"":0.0}",1.9196179
11472729380100,fov,3041,"{""zoom"":12.339999198913574,""hfov"":7.293355464935303,""vfov"":4.106302738189697,""state"":0,""max_aov_h"":90.0,""max_aov_v"":58.71550750732422,""min_aov_h"":1.40625,""min_aov_v"":0.7910428047180176,""max_zoom"":64.0}",1.9208296
11472730079100,target_offset,381,"{""x_angle_offset"":0.8356969803571701,""y_angle_offset"":0.3574004235091033}",1.9215286
11472751690700,gimbal,3042,"{""imu_roll"":0.0,""imu_pitch"":30.49898338317871,""imu_yaw"":-11.042459487915039,""frame_roll"":0.0,""frame_pitch"":30.49898338317871,""frame_yaw"":-11.042459487915039,""pitch_speed"":0.0,""yaw_speed"":0.0}",1.9431402
11472752091800,fov,3042,"{""zoom"":12.339999198913574,""hfov"":7.293355464935303,""vfov"":4.106302738189697,""state"":0,""max_aov_h"":90.0,""max_aov_v"":58.71550750732422,""min_aov_h"":1.40625,""min_aov_v"":0.7910428047180176,""max_zoom"":64.0}",1.9435413
11472759750500,attitude,1174,"{""message_type"":""ATTITUDE"",""time_boot_ms"":120910,""roll"":-0.25193870067596436,""pitch"":0.057805221527814865,""yaw"":-3.123323440551758,""rollspeed"":0.11355315148830414,""pitchspeed"":-0.0874076783657074,""yawspeed"":-0.06711135804653168}",1.9512
11472760161200,vfr,587,"{""message_type"":""VFR_HUD"",""airspeed"":30.494361877441406,""alt"":147.1199951171875}",1.9516107
11472760280000,position,587,"{""message_type"":""GLOBAL_POSITION_INT"",""lat"":469517101,""lon"":393490232}",1.9517295
11472779994000,target_offset,382,"{""x_angle_offset"":0.7977107539772987,""y_angle_offset"":0.32698336618917956}",1.9714435
11472785131500,gimbal,3043,"{""imu_roll"":0.0,""imu_pitch"":30.57428741455078,""imu_yaw"":-10.8388671875,""frame_roll"":0.0,""frame_pitch"":30.57428741455078,""frame_yaw"":-10.8388671875,""pitch_speed"":0.0,""yaw_speed"":0.0}",1.976581
11472785414300,fov,3043,"{""zoom"":12.339999198913574,""hfov"":7.293355464935303,""vfov"":4.106302738189697,""state"":0,""max_aov_h"":90.0,""max_aov_v"":58.71550750732422,""min_aov_h"":1.40625,""min_aov_v"":0.7910428047180176,""max_zoom"":64.0}",1.9768638
11472799147500,range,1135,"{""message_type"":""GLOBAL_VISION_POSITION_ESTIMATE"",""x"":46.94969940185547,""y"":39.34907150268555}",1.990597
11472808533300,gimbal,3044,"{""imu_roll"":0.0,""imu_pitch"":30.634687423706055,""imu_yaw"":-10.682342529296875,""frame_roll"":0.0,""frame_pitch"":30.634687423706055,""frame_yaw"":-10.682342529296875,""pitch_speed"":0.0,""yaw_speed"":0.0}",1.9999828
11472808925400,fov,3044,"{""zoom"":12.339999198913574,""hfov"":7.293355464935303,""vfov"":4.106302738189697,""state"":0,""max_aov_h"":90.0,""max_aov_v"":58.71550750732422,""min_aov_h"":1.40625,""min_aov_v"":0.7910428047180176,""max_zoom"":64.0}",2.0003749
11472813971800,target_offset,383,"{""x_angle_offset"":0.721738301217556,""y_angle_offset"":0.2737535158793131}",2.0054213
11472822347400,range,1136,"{""message_type"":""GLOBAL_VISION_POSITION_ESTIMATE"",""x"":46.94969940185547,""y"":39.34907150268555}",2.0137969
11472822514000,attitude,1175,"{""message_type"":""ATTITUDE"",""time_boot_ms"":120970,""roll"":-0.24534371495246887,""pitch"":0.05129437893629074,""yaw"":-3.125671863555908,""rollspeed"":0.07434963434934616,""pitchspeed"":-0.08875007927417755,""yawspeed"":-0.06842606514692307}",2.0139635
11472836191700,gimbal,3045,"{""imu_roll"":0.0,""imu_pitch"":30.708030700683594,""imu_yaw"":-10.475874900817871,""frame_roll"":0.0,""frame_pitch"":30.708030700683594,""frame_yaw"":-10.475874900817871,""pitch_speed"":0.0,""yaw_speed"":0.0}",2.0276412
11472836506700,fov,3045,"{""zoom"":12.339999198913574,""hfov"":7.293355464935303,""vfov"":4.106302738189697,""state"":0,""max_aov_h"":90.0,""max_aov_v"":58.71550750732422,""min_aov_h"":1.40625,""min_aov_v"":0.7910428047180176,""max_zoom"":64.0}",2.0279562
11472865091700,gimbal,3046,"{""imu_roll"":0.0,""imu_pitch"":30.75426483154297,""imu_yaw"":-10.326624870300293,""frame_roll"":0.0,""frame_pitch"":30.75426483154297,""frame_yaw"":-10.326624870300293,""pitch_speed"":0.0,""yaw_speed"":0.0}",2.0565412
11472865520200,fov,3046,"{""zoom"":12.339999198913574,""hfov"":7.293355464935303,""vfov"":4.106302738189697,""state"":0,""max_aov_h"":90.0,""max_aov_v"":58.71550750732422,""min_aov_h"":1.40625,""min_aov_v"":0.7910428047180176,""max_zoom"":64.0}",2.0569697
11472865960400,vfr,588,"{""message_type"":""VFR_HUD"",""airspeed"":30.47168731689453,""alt"":147.08999633789062}",2.0574099
11472866124100,position,588,"{""message_type"":""GLOBAL_POSITION_INT"",""lat"":469516500,""lon"":393490242}",2.0575736
11472866279400,attitude,1176,"{""message_type"":""ATTITUDE"",""time_boot_ms"":121010,""roll"":-0.24216176569461823,""pitch"":0.046942371875047684,""yaw"":-3.127293348312378,""rollspeed"":0.05110544338822365,""pitchspeed"":-0.08833940327167511,""yawspeed"":-0.06945107877254486}",2.0577289
11472867504500,target_offset,384,"{""x_angle_offset"":0.6685575842857361,""y_angle_offset"":0.25094072288937036}",2.058954
11472891891800,gimbal,3047,"{""imu_roll"":0.0,""imu_pitch"":30.828649520874023,""imu_yaw"":-10.123425483703613,""frame_roll"":0.0,""frame_pitch"":30.828649520874023,""frame_yaw"":-10.123425483703613,""pitch_speed"":0.0,""yaw_speed"":0.0}",2.0833413
11472892488100,fov,3047,"{""zoom"":12.339999198913574,""hfov"":7.293355464935303,""vfov"":4.106302738189697,""state"":0,""max_aov_h"":90.0,""max_aov_v"":58.71550750732422,""min_aov_h"":1.40625,""min_aov_v"":0.7910428047180176,""max_zoom"":64.0}",2.0839376
11472894763700,target_offset,385,"{""x_angle_offset"":0.5925851315259933,""y_angle_offset"":0.22812792989942762}",2.0862132
11472916161800,gimbal,3048,"{""imu_roll"":0.0,""imu_pitch"":30.883026123046875,""imu_yaw"":-9.97194766998291,""frame_roll"":0.0,""frame_pitch"":30.883026123046875,""frame_yaw"":-9.97194766998291,""pitch_speed"":0.0,""yaw_speed"":0.0}",2.1076113
11472916474100,fov,3048,"{""zoom"":12.339999198913574,""hfov"":7.293355464935303,""vfov"":4.106302738189697,""state"":0,""max_aov_h"":90.0,""max_aov_v"":58.71550750732422,""min_aov_h"":1.40625,""min_aov_v"":0.7910428047180176,""max_zoom"":64.0}",2.1079236
11472924522300,attitude,1177,"{""message_type"":""ATTITUDE"",""time_boot_ms"":121070,""roll"":-0.23891504108905792,""pitch"":0.04073254019021988,""yaw"":-3.129859209060669,""rollspeed"":0.025352658703923225,""pitchspeed"":-0.08732040226459503,""yawspeed"":-0.07077744603157043}",2.1159718
11472940314300,range,1137,"{""message_type"":""GLOBAL_VISION_POSITION_ESTIMATE"",""x"":46.95043182373047,""y"":39.349056243896484}",2.1317638
11472943949800,range,1138,"{""message_type"":""GLOBAL_VISION_POSITION_ESTIMATE"",""x"":46.95043182373047,""y"":39.349056243896484}",2.1353993
11472947280500,target_offset,386,"{""x_angle_offset"":0.5166126787662506,""y_angle_offset"":0.2205236655694467}",2.13873
11472950622700,gimbal,3049,"{""imu_roll"":0.0,""imu_pitch"":30.928977966308594,""imu_yaw"":-9.823257446289062,""frame_roll"":0.0,""frame_pitch"":30.928977966308594,""frame_yaw"":-9.823257446289062,""pitch_speed"":0.0,""yaw_speed"":0.0}",2.1420722
11472951014100,fov,3049,"{""zoom"":12.339999198913574,""hfov"":7.293355464935303,""vfov"":4.106302738189697,""state"":0,""max_aov_h"":90.0,""max_aov_v"":58.71550750732422,""min_aov_h"":1.40625,""min_aov_v"":0.7910428047180176,""max_zoom"":64.0}",2.1424636
11472961827600,vfr,589,"{""message_type"":""VFR_HUD"",""airspeed"":30.48442840576172,""alt"":147.02000427246094}",2.1532771
11472961957900,position,589,"{""message_type"":""GLOBAL_POSITION_INT"",""lat"":469516500,""lon"":393490242}",2.1534074
11472962056600,attitude,1178,"{""message_type"":""ATTITUDE"",""time_boot_ms"":121110,""roll"":-0.23737555742263794,""pitch"":0.036635179072618484,""yaw"":-3.131617546081543,""rollspeed"":0.015095684677362442,""pitchspeed"":-0.08623646199703217,""yawspeed"":-0.07152505218982697}",2.1535061
11472973661300,gimbal,3050,"{""imu_roll"":0.0,""imu_pitch"":30.979238510131836,""imu_yaw"":-9.707146644592285,""frame_roll"":0.0,""frame_pitch"":30.979238510131836,""frame_yaw"":-9.707146644592285,""pitch_speed"":0.0,""yaw_speed"":0.0}",2.1651108
11472974505400,fov,3050,"{""zoom"":12.339999198913574,""hfov"":7.293355464935303,""vfov"":4.106302738189697,""state"":0,""max_aov_h"":90.0,""max_aov_v"":58.71550750732422,""min_aov_h"":1.40625,""min_aov_v"":0.7910428047180176,""max_zoom"":64.0}",2.1659549
11472975089000,target_offset,387,"{""x_angle_offset"":0.3798622637987137,""y_angle_offset"":0.19010660824952302}",2.1665385
11472997042900,gimbal,3051,"{""imu_roll"":0.0,""imu_pitch"":31.021270751953125,""imu_yaw"":-9.614872932434082,""frame_roll"":0.0,""frame_pitch"":31.021270751953125,""frame_yaw"":-9.614872932434082,""pitch_speed"":0.0,""yaw_speed"":0.0}",2.1884924
11472998262400,fov,3051,"{""zoom"":12.339999198913574,""hfov"":7.293355464935303,""vfov"":4.106302738189697,""state"":0,""max_aov_h"":90.0,""max_aov_v"":58.71550750732422,""min_aov_h"":1.40625,""min_aov_v"":0.7910428047180176,""max_zoom"":64.0}",2.1897119
11473025334600,gimbal,3052,"{""imu_roll"":0.0,""imu_pitch"":31.058391571044922,""imu_yaw"":-9.516226768493652,""frame_roll"":0.0,""frame_pitch"":31.058391571044922,""frame_yaw"":-9.516226768493652,""pitch_speed"":0.0,""yaw_speed"":0.0}",2.2167841
11473025796500,fov,3052,"{""zoom"":12.339999198913574,""hfov"":7.293355464935303,""vfov"":4.106302738189697,""state"":0,""max_aov_h"":90.0,""max_aov_v"":58.71550750732422,""min_aov_h"":1.40625,""min_aov_v"":0.7910428047180176,""max_zoom"":64.0}",2.217246
11473026172200,attitude,1179,"{""message_type"":""ATTITUDE"",""time_boot_ms"":121170,""roll"":-0.23538337647914886,""pitch"":0.030549777671694756,""yaw"":-3.1343154907226562,""rollspeed"":0.011004801839590073,""pitchspeed"":-0.08471143990755081,""yawspeed"":-0.07182580977678299}",2.2176217
11473029672900,target_offset,388,"{""x_angle_offset"":0.3190843015909195,""y_angle_offset"":0.1825023439195421}",2.2211224
11473055967000,gimbal,3053,"{""imu_roll"":0.0,""imu_pitch"":31.1009464263916,""imu_yaw"":-9.430562019348145,""frame_roll"":0.0,""frame_pitch"":31.1009464263916,""frame_yaw"":-9.430562019348145,""pitch_speed"":0.0,""yaw_speed"":0.0}",2.2474165
11473056446100,fov,3053,"{""zoom"":12.339999198913574,""hfov"":7.293355464935303,""vfov"":4.106302738189697,""state"":0,""max_aov_h"":90.0,""max_aov_v"":58.71550750732422,""min_aov_h"":1.40625,""min_aov_v"":0.7910428047180176,""max_zoom"":64.0}",2.2478956
11473060765600,target_offset,389,"{""x_angle_offset"":0.2279173582792282,""y_angle_offset"":0.19010660824952302}",2.2522151
11473070357700,vfr,590,"{""message_type"":""VFR_HUD"",""airspeed"":30.521934509277344,""alt"":146.92999267578125}",2.2618072
11473070494200,position,590,"{""message_type"":""GLOBAL_POSITION_INT"",""lat"":469516500,""lon"":393490242}",2.2619437
11473070607100,attitude,1180,"{""message_type"":""ATTITUDE"",""time_boot_ms"":121210,""roll"":-0.23392058908939362,""pitch"":0.026540607213974,""yaw"":-3.1361336708068848,""rollspeed"":0.01624218560755253,""pitchspeed"":-0.08413559943437576,""yawspeed"":-0.07162590324878693}",2.2620566
11473076457400,gimbal,3054,"{""imu_roll"":0.0,""imu_pitch"":31.14996337890625,""imu_yaw"":-9.366464614868164,""frame_roll"":0.0,""frame_pitch"":31.14996337890625,""frame_yaw"":-9.366464614868164,""pitch_speed"":0.0,""yaw_speed"":0.0}",2.2679069
11473076768400,fov,3054,"{""zoom"":12.339999198913574,""hfov"":7.293355464935303,""vfov"":4.106302738189697,""state"":0,""max_aov_h"":90.0,""max_aov_v"":58.71550750732422,""min_aov_h"":1.40625,""min_aov_v"":0.7910428047180176,""max_zoom"":64.0}",2.2682179
11473109488800,target_offset,390,"{""x_angle_offset"":0.19752837717533112,""y_angle_offset"":0.19010660824952302}",2.3009383
11473112527000,range,1139,"{""message_type"":""GLOBAL_VISION_POSITION_ESTIMATE"",""x"":46.95043182373047,""y"":39.34904861450195}",2.3039765
11473113122200,gimbal,3055,"{""imu_roll"":0.0,""imu_pitch"":31.191255569458008,""imu_yaw"":-9.293702125549316,""frame_roll"":0.0,""frame_pitch"":31.191255569458008,""frame_yaw"":-9.293702125549316,""pitch_speed"":0.0,""yaw_speed"":0.0}",2.3045717
11473113422000,fov,3055,"{""zoom"":12.339999198913574,""hfov"":7.293355464935303,""vfov"":4.106302738189697,""state"":0,""max_aov_h"":90.0,""max_aov_v"":58.71550750732422,""min_aov_h"":1.40625,""min_aov_v"":0.7910428047180176,""max_zoom"":64.0}",2.3048715
11473115717900,range,1140,"{""message_type"":""GLOBAL_VISION_POSITION_ESTIMATE"",""x"":46.95043182373047,""y"":39.34904861450195}",2.3071674
11473133945100,attitude,1181,"{""message_type"":""ATTITUDE"",""time_boot_ms"":121270,""roll"":-0.2314111441373825,""pitch"":0.020614733919501305,""yaw"":-3.1389002799987793,""rollspeed"":0.03275936469435692,""pitchspeed"":-0.08331885933876038,""yawspeed"":-0.07068668305873871}",2.3253946
11473135574700,gimbal,3056,"{""imu_roll"":0.0,""imu_pitch"":31.232954025268555,""imu_yaw"":-9.255136489868164,""frame_roll"":0.0,""frame_pitch"":31.232954025268555,""frame_yaw"":-9.255136489868164,""pitch_speed"":0.0,""yaw_speed"":0.0}",2.3270242
11473135961400,fov,3056,"{""zoom"":12.339999198913574,""hfov"":7.293355464935303,""vfov"":4.106302738189697,""state"":0,""max_aov_h"":90.0,""max_aov_v"":58.71550750732422,""min_aov_h"":1.40625,""min_aov_v"":0.7910428047180176,""max_zoom"":64.0}",2.3274109
11473139523600,target_offset,391,"{""x_angle_offset"":0.13675041496753693,""y_angle_offset"":0.2205236655694467}",2.3309731
11473161512800,gimbal,3057,"{""imu_roll"":0.0,""imu_pitch"":31.285472869873047,""imu_yaw"":-9.215492248535156,""frame_roll"":0.0,""frame_pitch"":31.285472869873047,""frame_yaw"":-9.215492248535156,""pitch_speed"":0.0,""yaw_speed"":0.0}",2.3529623
11473161792700,fov,3057,"{""zoom"":12.339999198913574,""hfov"":7.293355464935303,""vfov"":4.106302738189697,""state"":0,""max_aov_h"":90.0,""max_aov_v"":58.71550750732422,""min_aov_h"":1.40625,""min_aov_v"":0.7910428047180176,""max_zoom"":64.0}",2.3532422
11473170384000,attitude,1182,"{""message_type"":""ATTITUDE"",""time_boot_ms"":121310,""roll"":-0.22902297973632812,""pitch"":0.016709115356206894,""yaw"":-3.140735387802124,""rollspeed"":0.05220557749271393,""pitchspeed"":-0.08302973955869675,""yawspeed"":-0.06933890283107758}",2.3618335
11473170746800,vfr,591,"{""message_type"":""VFR_HUD"",""airspeed"":30.576702117919922,""alt"":146.8000030517578}",2.3621963
11473170886900,position,591,"{""message_type"":""GLOBAL_POSITION_INT"",""lat"":469515892,""lon"":393490266}",2.3623364
11473186540500,gimbal,3058,"{""imu_roll"":0.0,""imu_pitch"":31.32505989074707,""imu_yaw"":-9.164937019348145,""frame_roll"":0.0,""frame_pitch"":31.32505989074707,""frame_yaw"":-9.164937019348145,""pitch_speed"":0.0,""yaw_speed"":0.0}",2.37799
11473187040800,fov,3058,"{""zoom"":12.339999198913574,""hfov"":7.293355464935303,""vfov"":4.106302738189697,""state"":0,""max_aov_h"":90.0,""max_aov_v"":58.71550750732422,""min_aov_h"":1.40625,""min_aov_v"":0.7910428047180176,""max_zoom"":64.0}",2.3784903
11473192226400,target_offset,392,"{""x_angle_offset"":0.13675041496753693,""y_angle_offset"":0.2205236655694467}",2.3836759
11473216187100,gimbal,3059,"{""imu_roll"":0.0,""imu_pitch"":31.38665008544922,""imu_yaw"":-9.118184089660645,""frame_roll"":0.0,""frame_pitch"":31.38665008544922,""frame_yaw"":-9.118184089660645,""pitch_speed"":0.0,""yaw_speed"":0.0}",2.4076366
11473216566400,fov,3059,"{""zoom"":12.339999198913574,""hfov"":7.293355464935303,""vfov"":4.106302738189697,""state"":0,""max_aov_h"":90.0,""max_aov_v"":58.71550750732422,""min_aov_h"":1.40625,""min_aov_v"":0.7910428047180176,""max_zoom"":64.0}",2.4080159
11473218587500,target_offset,393,"{""x_angle_offset"":0.1747366413474083,""y_angle_offset"":0.2813577802092941}",2.410037
11473232372800,attitude,1183,"{""message_type"":""ATTITUDE"",""time_boot_ms"":121370,""roll"":-0.22363288700580597,""pitch"":0.010901783592998981,""yaw"":3.1397604942321777,""rollspeed"":0.0896526649594307,""pitchspeed"":-0.08262357115745544,""yawspeed"":-0.06668518483638763}",2.4238223
11473238792600,gimbal,3060,"{""imu_roll"":0.0,""imu_pitch"":31.448503494262695,""imu_yaw"":-9.078887939453125,""frame_roll"":0.0,""frame_pitch"":31.448503494262695,""frame_yaw"":-9.078887939453125,""pitch_speed"":0.0,""yaw_speed"":0.0}",2.4302421
11473239067200,fov,3060,"{""zoom"":12.339999198913574,""hfov"":7.293355464935303,""vfov"":4.106302738189697,""state"":0,""max_aov_h"":90.0,""max_aov_v"":58.71550750732422,""min_aov_h"":1.40625,""min_aov_v"":0.7910428047180176,""max_zoom"":64.0}",2.4305167
11473264724700,range,1141,"{""message_type"":""GLOBAL_VISION_POSITION_ESTIMATE"",""x"":46.95037078857422,""y"":39.349063873291016}",2.4561742
11473266909000,gimbal,3061,"{""imu_roll"":0.0,""imu_pitch"":32.003143310546875,""imu_yaw"":-8.422605514526367,""frame_roll"":0.0,""frame_pitch"":32.003143310546875,""frame_yaw"":-8.422605514526367,""pitch_speed"":0.0,""yaw_speed"":0.0}",2.4583585
11473268657100,fov,3061,"{""zoom"":12.339999198913574,""hfov"":7.293355464935303,""vfov"":4.106302738189697,""state"":0,""max_aov_h"":90.0,""max_aov_v"":58.71550750732422,""min_aov_h"":1.40625,""min_aov_v"":0.7910428047180176,""max_zoom"":64.0}",2.4601066
11473271228300,target_offset,394,"{""x_angle_offset"":0.2279173582792282,""y_angle_offset"":0.3041705731992368}",2.4626778
11473275585500,attitude,1184,"{""message_type"":""ATTITUDE"",""time_boot_ms"":121410,""roll"":-0.21876367926597595,""pitch"":0.007089346181601286,""yaw"":3.1379973888397217,""rollspeed"":0.11485833674669266,""pitchspeed"":-0.08164796978235245,""yawspeed"":-0.06471946835517883}",2.467035
11473275880400,vfr,592,"{""message_type"":""VFR_HUD"",""airspeed"":30.643569946289062,""alt"":146.63999938964844}",2.4673299
11473276089900,position,592,"{""message_type"":""GLOBAL_POSITION_INT"",""lat"":469515892,""lon"":393490266}",2.4675394
11473276236300,range,1142,"{""message_type"":""GLOBAL_VISION_POSITION_ESTIMATE"",""x"":46.95037078857422,""y"":39.349063873291016}",2.4676858
11473293374600,gimbal,3062,"{""imu_roll"":0.0,""imu_pitch"":32.07741165161133,""imu_yaw"":-8.360325813293457,""frame_roll"":0.0,""frame_pitch"":32.07741165161133,""frame_yaw"":-8.360325813293457,""pitch_speed"":0.0,""yaw_speed"":0.0}",2.4848241
11473293660800,fov,3062,"{""zoom"":12.339999198913574,""hfov"":7.293355464935303,""vfov"":4.106302738189697,""state"":0,""max_aov_h"":90.0,""max_aov_v"":58.71550750732422,""min_aov_h"":1.40625,""min_aov_v"":0.7910428047180176,""max_zoom"":64.0}",2.4851103
11473301582600,target_offset,395,"{""x_angle_offset"":0.3190843015909195,""y_angle_offset"":0.3574004235091033}",2.4930321
11473321741400,gimbal,3063,"{""imu_roll"":0.0,""imu_pitch"":32.18608856201172,""imu_yaw"":-8.255919456481934,""frame_roll"":0.0,""frame_pitch"":32.18608856201172,""frame_yaw"":-8.255919456481934,""pitch_speed"":0.0,""yaw_speed"":0.0}",2.5131909
11473322483700,fov,3063,"{""zoom"":12.339999198913574,""hfov"":7.293355464935303,""vfov"":4.106302738189697,""state"":0,""max_aov_h"":90.0,""max_aov_v"":58.71550750732422,""min_aov_h"":1.40625,""min_aov_v"":0.7910428047180176,""max_zoom"":64.0}",2.5139332
11473336473800,attitude,1185,"{""message_type"":""ATTITUDE"",""time_boot_ms"":121470,""roll"":-0.20946992933750153,""pitch"":0.001233881339430809,""yaw"":3.1354119777679443,""rollspeed"":0.15658313035964966,""pitchspeed"":-0.08229006081819534,""yawspeed"":-0.06172867864370346}",2.5279233
11473349481900,gimbal,3064,"{""imu_roll"":0.0,""imu_pitch"":32.254661560058594,""imu_yaw"":-8.169687271118164,""frame_roll"":0.0,""frame_pitch"":32.254661560058594,""frame_yaw"":-8.169687271118164,""pitch_speed"":0.0,""yaw_speed"":0.0}",2.5409314
11473349830300,fov,3064,"{""zoom"":12.339999198913574,""hfov"":7.293355464935303,""vfov"":4.106302738189697,""state"":0,""max_aov_h"":90.0,""max_aov_v"":58.71550750732422,""min_aov_h"":1.40625,""min_aov_v"":0.7910428047180176,""max_zoom"":64.0}",2.5412798
11473373368400,vfr,593,"{""message_type"":""VFR_HUD"",""airspeed"":30.747079849243164,""alt"":146.4499969482422}",2.5648179
11473373512600,position,593,"{""message_type"":""GLOBAL_POSITION_INT"",""lat"":469515270,""lon"":393490298}",2.5649621
11473373618000,attitude,1186,"{""message_type"":""ATTITUDE"",""time_boot_ms"":121510,""roll"":-0.20197412371635437,""pitch"":-0.0029273969121277332,""yaw"":3.133708953857422,""rollspeed"":0.1842174530029297,""pitchspeed"":-0.08379194140434265,""yawspeed"":-0.05968799442052841}",2.5650675
11473384812000,gimbal,3065,"{""imu_roll"":0.0,""imu_pitch"":32.31382751464844,""imu_yaw"":-8.073549270629883,""frame_roll"":0.0,""frame_pitch"":32.31382751464844,""frame_yaw"":-8.073549270629883,""pitch_speed"":0.0,""yaw_speed"":0.0}",2.5762615
11473385234800,fov,3065,"{""zoom"":12.339999198913574,""hfov"":7.293355464935303,""vfov"":4.106302738189697,""state"":0,""max_aov_h"":90.0,""max_aov_v"":58.71550750732422,""min_aov_h"":1.40625,""min_aov_v"":0.7910428047180176,""max_zoom"":64.0}",2.5766843
11473408866800,gimbal,3066,"{""imu_roll"":0.0,""imu_pitch"":32.34243392944336,""imu_yaw"":-8.006224632263184,""frame_roll"":0.0,""frame_pitch"":32.34243392944336,""frame_yaw"":-8.006224632263184,""pitch_speed"":0.0,""yaw_speed"":0.0}",2.6003163
11473409850600,fov,3066,"{""zoom"":12.339999198913574,""hfov"":7.293355464935303,""vfov"":4.106302738189697,""state"":0,""max_aov_h"":90.0,""max_aov_v"":58.71550750732422,""min_aov_h"":1.40625,""min_aov_v"":0.7910428047180176,""max_zoom"":64.0}",2.6013001
11473416464900,target_offset,396,"{""x_angle_offset"":1.610615998506546,""y_angle_offset"":1.5436656589861268}",2.6079144
11473420409100,range,1143,"{""message_type"":""GLOBAL_VISION_POSITION_ESTIMATE"",""x"":46.95030975341797,""y"":39.34906005859375}",2.6118586
11473432671200,range,1144,"{""message_type"":""GLOBAL_VISION_POSITION_ESTIMATE"",""x"":46.95030975341797,""y"":39.34906005859375}",2.6241207
11473432918500,attitude,1187,"{""message_type"":""ATTITUDE"",""time_boot_ms"":121570,""roll"":-0.18883614242076874,""pitch"":-0.009170741774141788,""yaw"":3.1312153339385986,""rollspeed"":0.21997593343257904,""pitchspeed"":-0.08416257053613663,""yawspeed"":-0.05646388232707977}",2.624368
11473434900200,gimbal,3067,"{""imu_roll"":0.0,""imu_pitch"":32.761810302734375,""imu_yaw"":-7.567019462585449,""frame_roll"":0.0,""frame_pitch"":32.761810302734375,""frame_yaw"":-7.567019462585449,""pitch_speed"":0.0,""yaw_speed"":0.0}",2.6263497
11473435252500,fov,3067,"{""zoom"":12.339999198913574,""hfov"":7.293355464935303,""vfov"":4.106302738189697,""state"":0,""max_aov_h"":90.0,""max_aov_v"":58.71550750732422,""min_aov_h"":1.40625,""min_aov_v"":0.7910428047180176,""max_zoom"":64.0}",2.626702
11473460952700,gimbal,3068,"{""imu_roll"":0.0,""imu_pitch"":33.04165267944336,""imu_yaw"":-7.257637977600098,""frame_roll"":0.0,""frame_pitch"":33.04165267944336,""frame_yaw"":-7.257637977600098,""pitch_speed"":0.0,""yaw_speed"":0.0}",2.6524022
11473464380200,fov,3068,"{""zoom"":12.339999198913574,""hfov"":7.293355464935303,""vfov"":4.106302738189697,""state"":0,""max_aov_h"":90.0,""max_aov_v"":58.71550750732422,""min_aov_h"":1.40625,""min_aov_v"":0.7910428047180176,""max_zoom"":64.0}",2.6558297
11473477334100,vfr,594,"{""message_type"":""VFR_HUD"",""airspeed"":30.847618103027344,""alt"":146.22999572753906}",2.6687836
11473477478100,position,594,"{""message_type"":""GLOBAL_POSITION_INT"",""lat"":469515270,""lon"":393490298}",2.6689276
11473477582000,attitude,1188,"{""message_type"":""ATTITUDE"",""time_boot_ms"":121610,""roll"":-0.17912815511226654,""pitch"":-0.013224177062511444,""yaw"":3.1295480728149414,""rollspeed"":0.2364913523197174,""pitchspeed"":-0.08163255453109741,""yawspeed"":-0.054089196026325226}",2.6690315
11473491315000,target_offset,397,"{""x_angle_offset"":2.020867243409157,""y_angle_offset"":1.345954786406623}",2.6827645
11473495573500,gimbal,3069,"{""imu_roll"":0.0,""imu_pitch"":33.31477737426758,""imu_yaw"":-6.941795349121094,""frame_roll"":0.0,""frame_pitch"":33.31477737426758,""frame_yaw"":-6.941795349121094,""pitch_speed"":0.0,""yaw_speed"":0.0}",2.687023
11473495793500,fov,3069,"{""zoom"":12.339999198913574,""hfov"":7.293355464935303,""vfov"":4.106302738189697,""state"":0,""max_aov_h"":90.0,""max_aov_v"":58.71550750732422,""min_aov_h"":1.40625,""min_aov_v"":0.7910428047180176,""max_zoom"":64.0}",2.687243
11473516329100,gimbal,3070,"{""imu_roll"":0.0,""imu_pitch"":33.57811737060547,""imu_yaw"":-6.521328926086426,""frame_roll"":0.0,""frame_pitch"":33.57811737060547,""frame_yaw"":-6.521328926086426,""pitch_speed"":0.0,""yaw_speed"":0.0}",2.7077786
11473517031600,fov,3070,"{""zoom"":12.339999198913574,""hfov"":7.293355464935303,""vfov"":4.106302738189697,""state"":0,""max_aov_h"":90.0,""max_aov_v"":58.71550750732422,""min_aov_h"":1.40625,""min_aov_v"":0.7910428047180176,""max_zoom"":64.0}",2.7084811
11473534523300,attitude,1189,"{""message_type"":""ATTITUDE"",""time_boot_ms"":121670,""roll"":-0.1635858118534088,""pitch"":-0.01902361772954464,""yaw"":3.1270759105682373,""rollspeed"":0.25413835048675537,""pitchspeed"":-0.07757667452096939,""yawspeed"":-0.05047478526830673}",2.7259728
11473544227900,gimbal,3071,"{""imu_roll"":0.0,""imu_pitch"":33.790096282958984,""imu_yaw"":-6.168025016784668,""frame_roll"":0.0,""frame_pitch"":33.790096282958984,""frame_yaw"":-6.168025016784668,""pitch_speed"":0.0,""yaw_speed"":0.0}",2.7356774
11473544628900,fov,3071,"{""zoom"":12.339999198913574,""hfov"":7.293355464935303,""vfov"":4.106302738189697,""state"":0,""max_aov_h"":90.0,""max_aov_v"":58.71550750732422,""min_aov_h"":1.40625,""min_aov_v"":0.7910428047180176,""max_zoom"":64.0}",2.7360784
11473551648900,target_offset,398,"{""x_angle_offset"":1.944894790649414,""y_angle_offset"":1.0798055348572908}",2.7430984
11473561450600,range,1145,"{""message_type"":""GLOBAL_VISION_POSITION_ESTIMATE"",""x"":46.95030975341797,""y"":39.34905242919922}",2.7529001
11473576075600,target_offset,399,"{""x_angle_offset"":1.8689223378896713,""y_angle_offset"":0.7756349616580539}",2.7675251
11473579463900,gimbal,3072,"{""imu_roll"":0.0,""imu_pitch"":34.1242790222168,""imu_yaw"":-5.55263090133667,""frame_roll"":0.0,""frame_pitch"":34.1242790222168,""frame_yaw"":-5.55263090133667,""pitch_speed"":0.0,""yaw_speed"":0.0}",2.7709134
11473579739500,fov,3072,"{""zoom"":12.339999198913574,""hfov"":7.293355464935303,""vfov"":4.106302738189697,""state"":0,""max_aov_h"":90.0,""max_aov_v"":58.71550750732422,""min_aov_h"":1.40625,""min_aov_v"":0.7910428047180176,""max_zoom"":64.0}",2.771189
11473583086100,range,1146,"{""message_type"":""GLOBAL_VISION_POSITION_ESTIMATE"",""x"":46.95030975341797,""y"":39.34905242919922}",2.7745356
11473583264000,attitude,1190,"{""message_type"":""ATTITUDE"",""time_boot_ms"":121710,""roll"":-0.15288668870925903,""pitch"":-0.022424789145588875,""yaw"":3.1254770755767822,""rollspeed"":0.26193395256996155,""pitchspeed"":-0.07615149766206741,""yawspeed"":-0.047343283891677856}",2.7747135
11473583489000,vfr,595,"{""message_type"":""VFR_HUD"",""airspeed"":30.974170684814453,""alt"":145.97999572753906}",2.7749385
11473583604900,position,595,"{""message_type"":""GLOBAL_POSITION_INT"",""lat"":469514644,""lon"":393490337}",2.7750544
11473597540400,gimbal,3073,"{""imu_roll"":0.0,""imu_pitch"":34.22159957885742,""imu_yaw"":-5.271358489990234,""frame_roll"":0.0,""frame_pitch"":34.22159957885742,""frame_yaw"":-5.271358489990234,""pitch_speed"":0.0,""yaw_speed"":0.0}",2.7889899
11473597830300,fov,3073,"{""zoom"":12.339999198913574,""hfov"":7.293355464935303,""vfov"":4.106302738189697,""state"":0,""max_aov_h"":90.0,""max_aov_v"":58.71550750732422,""min_aov_h"":1.40625,""min_aov_v"":0.7910428047180176,""max_zoom"":64.0}",2.7892798
11473629952700,target_offset,400,"{""x_angle_offset"":1.7701581493020058,""y_angle_offset"":0.6539667323783591}",2.8214022
11473633281300,gimbal,3074,"{""imu_roll"":0.0,""imu_pitch"":34.31995391845703,""imu_yaw"":-4.974560260772705,""frame_roll"":0.0,""frame_pitch"":34.31995391845703,""frame_yaw"":-4.974560260772705,""pitch_speed"":0.0,""yaw_speed"":0.0}",2.8247308
11473633524500,fov,3074,"{""zoom"":12.339999198913574,""hfov"":7.293355464935303,""vfov"":4.106302738189697,""state"":0,""max_aov_h"":90.0,""max_aov_v"":58.71550750732422,""min_aov_h"":1.40625,""min_aov_v"":0.7910428047180176,""max_zoom"":64.0}",2.824974
11473639513700,attitude,1191,"{""message_type"":""ATTITUDE"",""time_boot_ms"":121770,""roll"":-0.13662832975387573,""pitch"":-0.027293294668197632,""yaw"":3.1231446266174316,""rollspeed"":0.26474931836128235,""pitchspeed"":-0.07382510602474213,""yawspeed"":-0.04375285655260086}",2.8309632
11473657236700,gimbal,3075,"{""imu_roll"":0.0,""imu_pitch"":34.48159408569336,""imu_yaw"":-4.539847373962402,""frame_roll"":0.0,""frame_pitch"":34.48159408569336,""frame_yaw"":-4.539847373962402,""pitch_speed"":0.0,""yaw_speed"":0.0}",2.8486862
11473657659700,fov,3075,"{""zoom"":12.339999198913574,""hfov"":7.293355464935303,""vfov"":4.106302738189697,""state"":0,""max_aov_h"":90.0,""max_aov_v"":58.71550750732422,""min_aov_h"":1.40625,""min_aov_v"":0.7910428047180176,""max_zoom"":64.0}",2.8491092
11473658430000,target_offset,401,"{""x_angle_offset"":1.4662683382630348,""y_angle_offset"":0.38781748082902695}",2.8498795
11473679859600,gimbal,3076,"{""imu_roll"":0.0,""imu_pitch"":34.56941223144531,""imu_yaw"":-4.184382438659668,""frame_roll"":0.0,""frame_pitch"":34.56941223144531,""frame_yaw"":-4.184382438659668,""pitch_speed"":0.0,""yaw_speed"":0.0}",2.8713091
11473680159100,fov,3076,"{""zoom"":12.339999198913574,""hfov"":7.293355464935303,""vfov"":4.106302738189697,""state"":0,""max_aov_h"":90.0,""max_aov_v"":58.71550750732422,""min_aov_h"":1.40625,""min_aov_v"":0.7910428047180176,""max_zoom"":64.0}",2.8716086
11473681162700,attitude,1192,"{""message_type"":""ATTITUDE"",""time_boot_ms"":121810,""roll"":-0.1257089078426361,""pitch"":-0.030622469261288643,""yaw"":3.1216273307800293,""rollspeed"":0.2658442556858063,""pitchspeed"":-0.07751478254795074,""yawspeed"":-0.0417056679725647}",2.8726122
11473681437000,vfr,596,"{""message_type"":""VFR_HUD"",""airspeed"":31.09073829650879,""alt"":145.69000244140625}",2.8728865
11473681513400,position,596,"{""message_type"":""GLOBAL_POSITION_INT"",""lat"":469514644,""lon"":393490337}",2.8729629
11473707595100,gimbal,3077,"{""imu_roll"":0.0,""imu_pitch"":34.64462661743164,""imu_yaw"":-3.868133306503296,""frame_roll"":0.0,""frame_pitch"":34.64462661743164,""frame_yaw"":-3.868133306503296,""pitch_speed"":0.0,""yaw_speed"":0.0}",2.8990446
11473707939500,fov,3077,"{""zoom"":12.339999198913574,""hfov"":7.293355464935303,""vfov"":4.106302738189697,""state"":0,""max_aov_h"":90.0,""max_aov_v"":58.71550750732422,""min_aov_h"":1.40625,""min_aov_v"":0.7910428047180176,""max_zoom"":64.0}",2.899389
11473709773900,target_offset,402,"{""x_angle_offset"":1.443476602435112,""y_angle_offset"":0.4334430668089125}",2.9012234
11473732978900,range,1147,"{""message_type"":""GLOBAL_VISION_POSITION_ESTIMATE"",""x"":46.95024871826172,""y"":39.34903335571289}",2.9244284
11473735593500,target_offset,403,"{""x_angle_offset"":1.443476602435112,""y_angle_offset"":0.5170899744387026}",2.927043
11473740353300,gimbal,3078,"{""imu_roll"":0.0,""imu_pitch"":34.77109146118164,""imu_yaw"":-3.435029983520508,""frame_roll"":0.0,""frame_pitch"":34.77109146118164,""frame_yaw"":-3.435029983520508,""pitch_speed"":0.0,""yaw_speed"":0.0}",2.9318028
11473740559800,fov,3078,"{""zoom"":12.339999198913574,""hfov"":7.293355464935303,""vfov"":4.106302738189697,""state"":0,""max_aov_h"":90.0,""max_aov_v"":58.71550750732422,""min_aov_h"":1.40625,""min_aov_v"":0.7910428047180176,""max_zoom"":64.0}",2.9320093
11473747926900,range,1148,"{""message_type"":""GLOBAL_VISION_POSITION_ESTIMATE"",""x"":46.95024871826172,""y"":39.34903335571289}",2.9393764
11473748069300,attitude,1193,"{""message_type"":""ATTITUDE"",""time_boot_ms"":121870,""roll"":-0.10930049419403076,""pitch"":-0.03589331731200218,""yaw"":3.1194632053375244,""rollspeed"":0.26699528098106384,""pitchspeed"":-0.08460704982280731,""yawspeed"":-0.03864087536931038}",2.9395188
11473758520000,gimbal,3079,"{""imu_roll"":0.0,""imu_pitch"":34.86021423339844,""imu_yaw"":-3.199463129043579,""frame_roll"":0.0,""frame_pitch"":34.86021423339844,""frame_yaw"":-3.199463129043579,""pitch_speed"":0.0,""yaw_speed"":0.0}",2.9499695
11473758847200,fov,3079,"{""zoom"":12.339999198913574,""hfov"":7.293355464935303,""vfov"":4.106302738189697,""state"":0,""max_aov_h"":90.0,""max_aov_v"":58.71550750732422,""min_aov_h"":1.40625,""min_aov_v"":0.7910428047180176,""max_zoom"":64.0}",2.9502967
11473787041300,gimbal,3080,"{""imu_roll"":0.0,""imu_pitch"":34.940704345703125,""imu_yaw"":-2.9759321212768555,""frame_roll"":0.0,""frame_pitch"":34.940704345703125,""frame_yaw"":-2.9759321212768555,""pitch_speed"":0.0,""yaw_speed"":0.0}",2.9784908
11473787475900,fov,3080,"{""zoom"":12.339999198913574,""hfov"":7.293355464935303,""vfov"":4.106302738189697,""state"":0,""max_aov_h"":90.0,""max_aov_v"":58.71550750732422,""min_aov_h"":1.40625,""min_aov_v"":0.7910428047180176,""max_zoom"":64.0}",2.9789254
11473790297500,attitude,1194,"{""message_type"":""ATTITUDE"",""time_boot_ms"":121910,""roll"":-0.09832242876291275,""pitch"":-0.03954814001917839,""yaw"":3.1180686950683594,""rollspeed"":0.26830360293388367,""pitchspeed"":-0.08893188834190369,""yawspeed"":-0.036562249064445496}",2.981747
11473790805500,vfr,597,"{""message_type"":""VFR_HUD"",""airspeed"":31.227880477905273,""alt"":145.38999938964844}",2.982255
11473790956600,position,597,"{""message_type"":""GLOBAL_POSITION_INT"",""lat"":469514013,""lon"":393490381}",2.9824061
11473791486600,target_offset,404,"{""x_angle_offset"":1.390295885503292,""y_angle_offset"":0.570319824748569}",2.9829361
11473813345100,gimbal,3081,"{""imu_roll"":0.0,""imu_pitch"":35.083457946777344,""imu_yaw"":-2.625056505203247,""frame_roll"":0.0,""frame_pitch"":35.083457946777344,""frame_yaw"":-2.625056505203247,""pitch_speed"":0.0,""yaw_speed"":0.0}",3.0047946
11473816540400,fov,3081,"{""zoom"":12.339999198913574,""hfov"":7.293355464935303,""vfov"":4.106302738189697,""state"":0,""max_aov_h"":90.0,""max_aov_v"":58.71550750732422,""min_aov_h"":1.40625,""min_aov_v"":0.7910428047180176,""max_zoom"":64.0}",3.0079899
11473819944700,target_offset,405,"{""x_angle_offset"":1.2535454705357552,""y_angle_offset"":0.6235496750584355}",3.0113942
11473839369000,gimbal,3082,"{""imu_roll"":0.0,""imu_pitch"":35.25969314575195,""imu_yaw"":-2.2673392295837402,""frame_roll"":0.0,""frame_pitch"":35.25969314575195,""frame_yaw"":-2.2673392295837402,""pitch_speed"":0.0,""yaw_speed"":0.0}",3.0308185
11473839850100,fov,3082,"{""zoom"":12.339999198913574,""hfov"":7.293355464935303,""vfov"":4.106302738189697,""state"":0,""max_aov_h"":90.0,""max_aov_v"":58.71550750732422,""min_aov_h"":1.40625,""min_aov_v"":0.7910428047180176,""max_zoom"":64.0}",3.0312996
11473849559900,attitude,1195,"{""message_type"":""ATTITUDE"",""time_boot_ms"":121970,""roll"":-0.0816643163561821,""pitch"":-0.04519496113061905,""yaw"":3.1160809993743896,""rollspeed"":0.2740190327167511,""pitchspeed"":-0.09483686089515686,""yawspeed"":-0.033288609236478806}",3.0410094
11473865758400,gimbal,3083,"{""imu_roll"":0.0,""imu_pitch"":35.36993408203125,""imu_yaw"":-2.033027410507202,""frame_roll"":0.0,""frame_pitch"":35.36993408203125,""frame_yaw"":-2.033027410507202,""pitch_speed"":0.0,""yaw_speed"":0.0}",3.0572079
11473866121300,fov,3083,"{""zoom"":12.339999198913574,""hfov"":7.293355464935303,""vfov"":4.106302738189697,""state"":0,""max_aov_h"":90.0,""max_aov_v"":58.71550750732422,""min_aov_h"":1.40625,""min_aov_v"":0.7910428047180176,""max_zoom"":64.0}",3.0575708
11473873634800,target_offset,406,"{""x_angle_offset"":1.3143234327435493,""y_angle_offset"":0.6767795253683019}",3.0650843
11473888176200,range,1149,"{""message_type"":""GLOBAL_VISION_POSITION_ESTIMATE"",""x"":46.9501838684082,""y"":39.34904098510742}",3.0796257
11473898012700,target_offset,407,"{""x_angle_offset"":1.359906904399395,""y_angle_offset"":0.7148008470182066}",3.0894622
11473900423500,attitude,1196,"{""message_type"":""ATTITUDE"",""time_boot_ms"":122010,""roll"":-0.07031892985105515,""pitch"":-0.049093034118413925,""yaw"":3.114797353744507,""rollspeed"":0.2795015871524811,""pitchspeed"":-0.09780777245759964,""yawspeed"":-0.030968977138400078}",3.091873
11473900855300,vfr,598,"{""message_type"":""VFR_HUD"",""airspeed"":31.379165649414062,""alt"":145.0399932861328}",3.0923048
11473901057600,range,1150,"{""message_type"":""GLOBAL_VISION_POSITION_ESTIMATE"",""x"":46.9501838684082,""y"":39.34904098510742}",3.0925071
11473901175600,position,598,"{""message_type"":""GLOBAL_POSITION_INT"",""lat"":469514013,""lon"":393490381}",3.0926251
11473901394300,gimbal,3084,"{""imu_roll"":0.0,""imu_pitch"":35.57623291015625,""imu_yaw"":-1.6205940246582031,""frame_roll"":0.0,""frame_pitch"":35.57623291015625,""frame_yaw"":-1.6205940246582031,""pitch_speed"":0.0,""yaw_speed"":0.0}",3.0928438
11473901593200,fov,3084,"{""zoom"":12.339999198913574,""hfov"":7.293355464935303,""vfov"":4.106302738189697,""state"":0,""max_aov_h"":90.0,""max_aov_v"":58.71550750732422,""min_aov_h"":1.40625,""min_aov_v"":0.7910428047180176,""max_zoom"":64.0}",3.0930427
11473919032100,gimbal,3085,"{""imu_roll"":0.0,""imu_pitch"":35.69239044189453,""imu_yaw"":-1.3985159397125244,""frame_roll"":0.0,""frame_pitch"":35.69239044189453,""frame_yaw"":-1.3985159397125244,""pitch_speed"":0.0,""yaw_speed"":0.0}",3.1104816
11473919454500,fov,3085,"{""zoom"":12.339999198913574,""hfov"":7.293355464935303,""vfov"":4.106302738189697,""state"":0,""max_aov_h"":90.0,""max_aov_v"":58.71550750732422,""min_aov_h"":1.40625,""min_aov_v"":0.7910428047180176,""max_zoom"":64.0}",3.110904
11473946530300,gimbal,3086,"{""imu_roll"":0.0,""imu_pitch"":35.79695510864258,""imu_yaw"":-1.189994215965271,""frame_roll"":0.0,""frame_pitch"":35.79695510864258,""frame_yaw"":-1.189994215965271,""pitch_speed"":0.0,""yaw_speed"":0.0}",3.1379798
11473947581600,fov,3086,"{""zoom"":12.339999198913574,""hfov"":7.293355464935303,""vfov"":4.106302738189697,""state"":0,""max_aov_h"":90.0,""max_aov_v"":58.71550750732422,""min_aov_h"":1.40625,""min_aov_v"":0.7910428047180176,""max_zoom"":64.0}",3.1390311
11473948674900,target_offset,408,"{""x_angle_offset"":1.3826986402273178,""y_angle_offset"":0.6919880540282638}",3.1401244
11473957122200,attitude,1197,"{""message_type"":""ATTITUDE"",""time_boot_ms"":122070,""roll"":-0.05276266857981682,""pitch"":-0.0551086887717247,""yaw"":3.1129653453826904,""rollspeed"":0.29026514291763306,""pitchspeed"":-0.10137472301721573,""yawspeed"":-0.027360958978533745}",3.1485717
11473976440000,target_offset,409,"{""x_angle_offset"":1.359906904399395,""y_angle_offset"":0.6159454107284545}",3.1678895
11473982351800,gimbal,3087,"{""imu_roll"":0.0,""imu_pitch"":36.02299880981445,""imu_yaw"":-0.7344151735305786,""frame_roll"":0.0,""frame_pitch"":36.02299880981445,""frame_yaw"":-0.7344151735305786,""pitch_speed"":0.0,""yaw_speed"":0.0}",3.1738013
11473982651100,fov,3087,"{""zoom"":12.339999198913574,""hfov"":7.293355464935303,""vfov"":4.106302738189697,""state"":0,""max_aov_h"":90.0,""max_aov_v"":58.71550750732422,""min_aov_h"":1.40625,""min_aov_v"":0.7910428047180176,""max_zoom"":64.0}",3.1741006
11473992603100,vfr,599,"{""message_type"":""VFR_HUD"",""airspeed"":31.51232147216797,""alt"":144.6699981689453}",3.1840526
11473992727700,position,599,"{""message_type"":""GLOBAL_POSITION_INT"",""lat"":469513376,""lon"":393490429}",3.1841772
11473992828500,attitude,1198,"{""message_type"":""ATTITUDE"",""time_boot_ms"":122110,""roll"":-0.040638476610183716,""pitch"":-0.05918755382299423,""yaw"":3.1117782592773438,""rollspeed"":0.2994047999382019,""pitchspeed"":-0.10315079987049103,""yawspeed"":-0.024768361821770668}",3.184278
11474001586900,gimbal,3088,"{""imu_roll"":0.0,""imu_pitch"":36.11152267456055,""imu_yaw"":-0.5305473804473877,""frame_roll"":0.0,""frame_pitch"":36.11152267456055,""frame_yaw"":-0.5305473804473877,""pitch_speed"":0.0,""yaw_speed"":0.0}",3.1930364
11474002868500,fov,3088,"{""zoom"":12.339999198913574,""hfov"":7.293355464935303,""vfov"":4.106302738189697,""state"":0,""max_aov_h"":90.0,""max_aov_v"":58.71550750732422,""min_aov_h"":1.40625,""min_aov_v"":0.7910428047180176,""max_zoom"":64.0}",3.194318
11474031073000,gimbal,3089,"{""imu_roll"":0.0,""imu_pitch"":36.1898193359375,""imu_yaw"":-0.34368759393692017,""frame_roll"":0.0,""frame_pitch"":36.1898193359375,""frame_yaw"":-0.34368759393692017,""pitch_speed"":0.0,""yaw_speed"":0.0}",3.2225225
11474031651400,range,1151,"{""message_type"":""GLOBAL_VISION_POSITION_ESTIMATE"",""x"":46.950138092041016,""y"":39.349056243896484}",3.2231009
11474031917100,fov,3089,"{""zoom"":12.339999198913574,""hfov"":7.293355464935303,""vfov"":4.106302738189697,""state"":0,""max_aov_h"":90.0,""max_aov_v"":58.71550750732422,""min_aov_h"":1.40625,""min_aov_v"":0.7910428047180176,""max_zoom"":64.0}",3.2233666
11474033270100,target_offset,410,"{""x_angle_offset"":1.4510738477110863,""y_angle_offset"":0.6159454107284545}",3.2247196
11474037703900,range,1152,"{""message_type"":""GLOBAL_VISION_POSITION_ESTIMATE"",""x"":46.950138092041016,""y"":39.349056243896484}",3.2291534
11474058174700,gimbal,3090,"{""imu_roll"":0.0,""imu_pitch"":36.371315002441406,""imu_yaw"":0.08239114284515381,""frame_roll"":0.0,""frame_pitch"":36.371315002441406,""frame_yaw"":0.08239114284515381,""pitch_speed"":0.0,""yaw_speed"":0.0}",3.2496242
11474058826500,fov,3090,"{""zoom"":12.339999198913574,""hfov"":7.293355464935303,""vfov"":4.106302738189697,""state"":0,""max_aov_h"":90.0,""max_aov_v"":58.71550750732422,""min_aov_h"":1.40625,""min_aov_v"":0.7910428047180176,""max_zoom"":64.0}",3.250276
11474062365400,target_offset,411,"{""x_angle_offset"":1.5954215079545975,""y_angle_offset"":0.57792408907855}",3.2538149
11474065785600,attitude,1199,"{""message_type"":""ATTITUDE"",""time_boot_ms"":122170,""roll"":-0.022181522101163864,""pitch"":-0.06548018008470535,""yaw"":3.1101033687591553,""rollspeed"":0.31228238344192505,""pitchspeed"":-0.10484836250543594,""yawspeed"":-0.020810086280107498}",3.2572351
11474082730200,gimbal,3091,"{""imu_roll"":0.0,""imu_pitch"":36.51438522338867,""imu_yaw"":0.48458731174468994,""frame_roll"":0.0,""frame_pitch"":36.51438522338867,""frame_yaw"":0.48458731174468994,""pitch_speed"":0.0,""yaw_speed"":0.0}",3.2741797
11474083183800,fov,3091,"{""zoom"":12.339999198913574,""hfov"":7.293355464935303,""vfov"":4.106302738189697,""state"":0,""max_aov_h"":90.0,""max_aov_v"":58.71550750732422,""min_aov_h"":1.40625,""min_aov_v"":0.7910428047180176,""max_zoom"":64.0}",3.2746333
11474098455500,position,600,"{""message_type"":""GLOBAL_POSITION_INT"",""lat"":469513376,""lon"":393490429}",3.289905
11474098600400,attitude,1200,"{""message_type"":""ATTITUDE"",""time_boot_ms"":122210,""roll"":-0.009568423964083195,""pitch"":-0.06967467814683914,""yaw"":3.109015464782715,""rollspeed"":0.31685134768486023,""pitchspeed"":-0.10469496250152588,""yawspeed"":-0.01808048225939274}",3.2900499
11474098848200,vfr,600,"{""message_type"":""VFR_HUD"",""airspeed"":31.66056251525879,""alt"":144.25}",3.2902977
11474110172100,gimbal,3092,"{""imu_roll"":0.0,""imu_pitch"":36.62663650512695,""imu_yaw"":0.8065274953842163,""frame_roll"":0.0,""frame_pitch"":36.62663650512695,""frame_yaw"":0.8065274953842163,""pitch_speed"":0.0,""yaw_speed"":0.0}",3.3016216
11474111804600,fov,3092,"{""zoom"":12.339999198913574,""hfov"":7.293355464935303,""vfov"":4.106302738189697,""state"":0,""max_aov_h"":90.0,""max_aov_v"":58.71550750732422,""min_aov_h"":1.40625,""min_aov_v"":0.7910428047180176,""max_zoom"":64.0}",3.3032541
11474113185700,target_offset,412,"{""x_angle_offset"":1.6865884512662888,""y_angle_offset"":0.5855283534085309}",3.3046352
11474141998600,gimbal,3093,"{""imu_roll"":0.0,""imu_pitch"":36.78907775878906,""imu_yaw"":1.2817065715789795,""frame_roll"":0.0,""frame_pitch"":36.78907775878906,""frame_yaw"":1.2817065715789795,""pitch_speed"":0.0,""yaw_speed"":0.0}",3.3334481
11474142346600,fov,3093,"{""zoom"":12.339999198913574,""hfov"":7.293355464935303,""vfov"":4.106302738189697,""state"":0,""max_aov_h"":90.0,""max_aov_v"":58.71550750732422,""min_aov_h"":1.40625,""min_aov_v"":0.7910428047180176,""max_zoom"":64.0}",3.3337961
11474143005200,target_offset,413,"{""x_angle_offset"":1.7929498851299286,""y_angle_offset"":0.5551112960886072}",3.3344547
11474166577900,gimbal,3094,"{""imu_roll"":0.0,""imu_pitch"":36.88463592529297,""imu_yaw"":1.6040585041046143,""frame_roll"":0.0,""frame_pitch"":36.88463592529297,""frame_yaw"":1.6040585041046143,""pitch_speed"":0.0,""yaw_speed"":0.0}",3.3580274
11474167764100,fov,3094,"{""zoom"":12.339999198913574,""hfov"":7.293355464935303,""vfov"":4.106302738189697,""state"":0,""max_aov_h"":90.0,""max_aov_v"":58.71550750732422,""min_aov_h"":1.40625,""min_aov_v"":0.7910428047180176,""max_zoom"":64.0}",3.3592136
11474168784200,attitude,1201,"{""message_type"":""ATTITUDE"",""time_boot_ms"":122270,""roll"":0.009320939891040325,""pitch"":-0.07588013261556625,""yaw"":3.107492685317993,""rollspeed"":0.31363800168037415,""pitchspeed"":-0.10325793921947479,""yawspeed"":-0.013903837651014328}",3.3602337
11474172203800,target_offset,414,"{""x_angle_offset"":1.7701581493020058,""y_angle_offset"":0.5246942387686835}",3.3636533
11474184089900,gimbal,3095,"{""imu_roll"":0.0,""imu_pitch"":36.99213409423828,""imu_yaw"":1.9725250005722046,""frame_roll"":0.0,""frame_pitch"":36.99213409423828,""frame_yaw"":1.9725250005722046,""pitch_speed"":0.0,""yaw_speed"":0.0}",3.3755394
11474184294100,range,1153,"{""message_type"":""GLOBAL_VISION_POSITION_ESTIMATE"",""x"":46.95018768310547,""y"":39.349063873291016}",3.3757436
11474184842000,fov,3095,"{""zoom"":12.339999198913574,""hfov"":7.293355464935303,""vfov"":4.106302738189697,""state"":0,""max_aov_h"":90.0,""max_aov_v"":58.71550750732422,""min_aov_h"":1.40625,""min_aov_v"":0.7910428047180176,""max_zoom"":64.0}",3.3762915
11474188647300,range,1154,"{""message_type"":""GLOBAL_VISION_POSITION_ESTIMATE"",""x"":46.95018768310547,""y"":39.349063873291016}",3.3800968
11474209139500,gimbal,3096,"{""imu_roll"":0.0,""imu_pitch"":37.09293746948242,""imu_yaw"":2.3213131427764893,""frame_roll"":0.0,""frame_pitch"":37.09293746948242,""frame_yaw"":2.3213131427764893,""pitch_speed"":0.0,""yaw_speed"":0.0}",3.400589
11474209501700,fov,3096,"{""zoom"":12.339999198913574,""hfov"":7.293355464935303,""vfov"":4.106302738189697,""state"":0,""max_aov_h"":90.0,""max_aov_v"":58.71550750732422,""min_aov_h"":1.40625,""min_aov_v"":0.7910428047180176,""max_zoom"":64.0}",3.4009512
11474210943700,attitude,1202,"{""message_type"":""ATTITUDE"",""time_boot_ms"":122310,""roll"":0.021547382697463036,""pitch"":-0.0799313336610794,""yaw"":3.1065266132354736,""rollspeed"":0.3035934269428253,""pitchspeed"":-0.10179081559181213,""yawspeed"":-0.011072925291955471}",3.4023932
11474211318200,vfr,601,"{""message_type"":""VFR_HUD"",""airspeed"":31.81879234313965,""alt"":143.80999755859375}",3.4027677
11474211428500,position,601,"{""message_type"":""GLOBAL_POSITION_INT"",""lat"":469513376,""lon"":393490429}",3.402878
11474212730500,target_offset,415,"{""x_angle_offset"":1.8233388662338257,""y_angle_offset"":0.5322985030986644}",3.40418
11474231641700,gimbal,3097,"{""imu_roll"":0.0,""imu_pitch"":37.20977020263672,""imu_yaw"":2.724581241607666,""frame_roll"":0.0,""frame_pitch"":37.20977020263672,""frame_yaw"":2.724581241607666,""pitch_speed"":0.0,""yaw_speed"":0.0}",3.4230912
11474232030900,fov,3097,"{""zoom"":12.339999198913574,""hfov"":7.293355464935303,""vfov"":4.106302738189697,""state"":0,""max_aov_h"":90.0,""max_aov_v"":58.71550750732422,""min_aov_h"":1.40625,""min_aov_v"":0.7910428047180176,""max_zoom"":64.0}",3.4234804
11474256085500,gimbal,3098,"{""imu_roll"":0.0,""imu_pitch"":37.31235122680664,""imu_yaw"":3.082382917404175,""frame_roll"":0.0,""frame_pitch"":37.31235122680664,""frame_yaw"":3.082382917404175,""pitch_speed"":0.0,""yaw_speed"":0.0}",3.447535
11474257168700,fov,3098,"{""zoom"":12.339999198913574,""hfov"":7.293355464935303,""vfov"":4.106302738189697,""state"":0,""max_aov_h"":90.0,""max_aov_v"":58.71550750732422,""min_aov_h"":1.40625,""min_aov_v"":0.7910428047180176,""max_zoom"":64.0}",3.4486182
11474260022200,target_offset,416,"{""x_angle_offset"":1.8005471304059029,""y_angle_offset"":0.5018814457787407}",3.4514717
11474269449800,attitude,1203,"{""message_type"":""ATTITUDE"",""time_boot_ms"":122370,""roll"":0.038387730717659,""pitch"":-0.085907481610775,""yaw"":3.1052355766296387,""rollspeed"":0.27668896317481995,""pitchspeed"":-0.10086279362440109,""yawspeed"":-0.007025550119578838}",3.4608993
11474284172800,gimbal,3099,"{""imu_roll"":0.0,""imu_pitch"":37.43794250488281,""imu_yaw"":3.5515809059143066,""frame_roll"":0.0,""frame_pitch"":37.43794250488281,""frame_yaw"":3.5515809059143066,""pitch_speed"":0.0,""yaw_speed"":0.0}",3.4756223
11474284639200,fov,3099,"{""zoom"":12.339999198913574,""hfov"":7.293355464935303,""vfov"":4.106302738189697,""state"":0,""max_aov_h"":90.0,""max_aov_v"":58.71550750732422,""min_aov_h"":1.40625,""min_aov_v"":0.7910428047180176,""max_zoom"":64.0}",3.4760887
11474291936900,target_offset,417,"{""x_angle_offset"":1.7397691681981087,""y_angle_offset"":0.5018814457787407}",3.4833864
11474310164200,gimbal,3100,"{""imu_roll"":0.0,""imu_pitch"":37.574214935302734,""imu_yaw"":4.03352165222168,""frame_roll"":0.0,""frame_pitch"":37.574214935302734,""frame_yaw"":4.03352165222168,""pitch_speed"":0.0,""yaw_speed"":0.0}",3.5016137
11474312371700,fov,3100,"{""zoom"":12.339999198913574,""hfov"":7.293355464935303,""vfov"":4.106302738189697,""state"":0,""max_aov_h"":90.0,""max_aov_v"":58.71550750732422,""min_aov_h"":1.40625,""min_aov_v"":0.7910428047180176,""max_zoom"":64.0}",3.5038212
11474315052700,attitude,1204,"{""message_type"":""ATTITUDE"",""time_boot_ms"":122410,""roll"":0.04841268062591553,""pitch"":-0.08982202410697937,""yaw"":3.104459285736084,""rollspeed"":0.2527633607387543,""pitchspeed"":-0.09946294873952866,""yawspeed"":-0.004419269040226936}",3.5065022
11474315372100,vfr,602,"{""message_type"":""VFR_HUD"",""airspeed"":32.010826110839844,""alt"":143.33999633789062}",3.5068216
11474315488200,position,602,"{""message_type"":""GLOBAL_POSITION_INT"",""lat"":469512734,""lon"":393490479}",3.5069377
11474339567400,target_offset,418,"{""x_angle_offset"":1.694185696542263,""y_angle_offset"":0.4942771814487598}",3.5310169
11474343096700,range,1155,"{""message_type"":""GLOBAL_VISION_POSITION_ESTIMATE"",""x"":46.950172424316406,""y"":39.349037170410156}",3.5345462
11474345069800,gimbal,3101,"{""imu_roll"":0.0,""imu_pitch"":37.67601776123047,""imu_yaw"":4.397491931915283,""frame_roll"":0.0,""frame_pitch"":37.67601776123047,""frame_yaw"":4.397491931915283,""pitch_speed"":0.0,""yaw_speed"":0.0}",3.5365193
11474345375800,fov,3101,"{""zoom"":12.339999198913574,""hfov"":7.293355464935303,""vfov"":4.106302738189697,""state"":0,""max_aov_h"":90.0,""max_aov_v"":58.71550750732422,""min_aov_h"":1.40625,""min_aov_v"":0.7910428047180176,""max_zoom"":64.0}",3.5368253
11474355033700,range,1156,"{""message_type"":""GLOBAL_VISION_POSITION_ESTIMATE"",""x"":46.950172424316406,""y"":39.349037170410156}",3.5464832
11474363306500,gimbal,3102,"{""imu_roll"":0.0,""imu_pitch"":37.765926361083984,""imu_yaw"":4.708209991455078,""frame_roll"":0.0,""frame_pitch"":37.765926361083984,""frame_yaw"":4.708209991455078,""pitch_speed"":0.0,""yaw_speed"":0.0}",3.554756
11474363697500,fov,3102,"{""zoom"":12.339999198913574,""hfov"":7.293355464935303,""vfov"":4.106302738189697,""state"":0,""max_aov_h"":90.0,""max_aov_v"":58.71550750732422,""min_aov_h"":1.40625,""min_aov_v"":0.7910428047180176,""max_zoom"":64.0}",3.555147
11474372219800,target_offset,419,"{""x_angle_offset"":1.5726297721266747,""y_angle_offset"":0.4942771814487598}",3.5636693
11474377698000,attitude,1205,"{""message_type"":""ATTITUDE"",""time_boot_ms"":122470,""roll"":0.061413805931806564,""pitch"":-0.09557526558637619,""yaw"":3.103472948074341,""rollspeed"":0.21142396330833435,""pitchspeed"":-0.0973435491323471,""yawspeed"":-0.0005250845570117235}",3.5691475
11474389723200,gimbal,3103,"{""imu_roll"":0.0,""imu_pitch"":37.8957633972168,""imu_yaw"":5.121267318725586,""frame_roll"":0.0,""frame_pitch"":37.8957633972168,""frame_yaw"":5.121267318725586,""pitch_speed"":0.0,""yaw_speed"":0.0}",3.5811727
11474390031900,fov,3103,"{""zoom"":12.339999198913574,""hfov"":7.293355464935303,""vfov"":4.106302738189697,""state"":0,""max_aov_h"":90.0,""max_aov_v"":58.71550750732422,""min_aov_h"":1.40625,""min_aov_v"":0.7910428047180176,""max_zoom"":64.0}",3.5814814
11474417170000,gimbal,3104,"{""imu_roll"":0.0,""imu_pitch"":37.981685638427734,""imu_yaw"":5.396637916564941,""frame_roll"":0.0,""frame_pitch"":37.981685638427734,""frame_yaw"":5.396637916564941,""pitch_speed"":0.0,""yaw_speed"":0.0}",3.6086195
11474418347400,fov,3104,"{""zoom"":12.339999198913574,""hfov"":7.293355464935303,""vfov"":4.106302738189697,""state"":0,""max_aov_h"":90.0,""max_aov_v"":58.71550750732422,""min_aov_h"":1.40625,""min_aov_v"":0.7910428047180176,""max_zoom"":64.0}",3.6097969
11474419409400,vfr,603,"{""message_type"":""VFR_HUD"",""airspeed"":32.199005126953125,""alt"":142.80999755859375}",3.6108589
11474419560900,position,603,"{""message_type"":""GLOBAL_POSITION_INT"",""lat"":469512734,""lon"":393490479}",3.6110104
11474419649300,attitude,1206,"{""message_type"":""ATTITUDE"",""time_boot_ms"":122510,""roll"":0.06865864247083664,""pitch"":-0.09937252849340439,""yaw"":3.1029231548309326,""rollspeed"":0.1828869879245758,""pitchspeed"":-0.09668803215026855,""yawspeed"":0.0017806102987378836}",3.6110988
11474422196900,target_offset,420,"{""x_angle_offset"":1.4814628288149834,""y_angle_offset"":0.5018814457787407}",3.6136464
11474445387700,target_offset,421,"{""x_angle_offset"":1.4206848666071892,""y_angle_offset"":0.570319824748569}",3.6368372
11474449626000,gimbal,3105,"{""imu_roll"":0.0,""imu_pitch"":38.13883972167969,""imu_yaw"":5.869212627410889,""frame_roll"":0.0,""frame_pitch"":38.13883972167969,""frame_yaw"":5.869212627410889,""pitch_speed"":0.0,""yaw_speed"":0.0}",3.6410755
11474449859500,fov,3105,"{""zoom"":12.339999198913574,""hfov"":7.293355464935303,""vfov"":4.106302738189697,""state"":0,""max_aov_h"":90.0,""max_aov_v"":58.71550750732422,""min_aov_h"":1.40625,""min_aov_v"":0.7910428047180176,""max_zoom"":64.0}",3.641309
11474468975100,gimbal,3106,"{""imu_roll"":0.0,""imu_pitch"":38.23371887207031,""imu_yaw"":6.092060565948486,""frame_roll"":0.0,""frame_pitch"":38.23371887207031,""frame_yaw"":6.092060565948486,""pitch_speed"":0.0,""yaw_speed"":0.0}",3.6604246
11474469267700,fov,3106,"{""zoom"":12.339999198913574,""hfov"":7.293355464935303,""vfov"":4.106302738189697,""state"":0,""max_aov_h"":90.0,""max_aov_v"":58.71550750732422,""min_aov_h"":1.40625,""min_aov_v"":0.7910428047180176,""max_zoom"":64.0}",3.6607172
11474478533800,attitude,1207,"{""message_type"":""ATTITUDE"",""time_boot_ms"":122570,""roll"":0.0774981677532196,""pitch"":-0.10561142861843109,""yaw"":3.102276563644409,""rollspeed"":0.144215926527977,""pitchspeed"":-0.09656824171543121,""yawspeed"":0.005114908330142498}",3.6699833
11474497299100,range,1157,"{""message_type"":""GLOBAL_VISION_POSITION_ESTIMATE"",""x"":46.95021438598633,""y"":39.349029541015625}",3.6887486
11474498284600,fov,3107,"{""zoom"":12.339999198913574,""hfov"":7.293355464935303,""vfov"":4.106302738189697,""state"":0,""max_aov_h"":90.0,""max_aov_v"":58.71550750732422,""min_aov_h"":1.40625,""min_aov_v"":0.7910428047180176,""max_zoom"":64.0}",3.6897341
11474498860700,gimbal,3107,"{""imu_roll"":0.0,""imu_pitch"":38.313629150390625,""imu_yaw"":6.280521869659424,""frame_roll"":0.0,""frame_pitch"":38.313629150390625,""frame_yaw"":6.280521869659424,""pitch_speed"":0.0,""yaw_speed"":0.0}",3.6903102
11474500348200,target_offset,422,"{""x_angle_offset"":1.3447124138474464,""y_angle_offset"":0.6083411463984736}",3.6917977
11474503285500,range,1158,"{""message_type"":""GLOBAL_VISION_POSITION_ESTIMATE"",""x"":46.95021438598633,""y"":39.349029541015625}",3.694735
11474519629500,position,604,"{""message_type"":""GLOBAL_POSITION_INT"",""lat"":469512066,""lon"":393490528}",3.711079
11474519833500,attitude,1208,"{""message_type"":""ATTITUDE"",""time_boot_ms"":122610,""roll"":0.08218598365783691,""pitch"":-0.11051256954669952,""yaw"":3.101975679397583,""rollspeed"":0.12324297428131104,""pitchspeed"":-0.09631920605897903,""yawspeed"":0.007449227385222912}",3.711283
11474520182600,vfr,604,"{""message_type"":""VFR_HUD"",""airspeed"":32.38399124145508,""alt"":142.27000427246094}",3.7116321
11474520831200,gimbal,3108,"{""imu_roll"":0.0,""imu_pitch"":38.47117614746094,""imu_yaw"":6.6334547996521,""frame_roll"":0.0,""frame_pitch"":38.47117614746094,""frame_yaw"":6.6334547996521,""pitch_speed"":0.0,""yaw_speed"":0.0}",3.7122807
11474521111600,fov,3108,"{""zoom"":12.339999198913574,""hfov"":7.293355464935303,""vfov"":4.106302738189697,""state"":0,""max_aov_h"":90.0,""max_aov_v"":58.71550750732422,""min_aov_h"":1.40625,""min_aov_v"":0.7910428047180176,""max_zoom"":64.0}",3.7125611
11474550037600,target_offset,423,"{""x_angle_offset"":1.1851702630519867,""y_angle_offset"":0.7071965826882256}",3.7414871
11474555188700,gimbal,3109,"{""imu_roll"":0.0,""imu_pitch"":38.603607177734375,""imu_yaw"":6.930135726928711,""frame_roll"":0.0,""frame_pitch"":38.603607177734375,""frame_yaw"":6.930135726928711,""pitch_speed"":0.0,""yaw_speed"":0.0}",3.7466382
11474555460700,fov,3109,"{""zoom"":12.339999198913574,""hfov"":7.293355464935303,""vfov"":4.106302738189697,""state"":0,""max_aov_h"":90.0,""max_aov_v"":58.71550750732422,""min_aov_h"":1.40625,""min_aov_v"":0.7910428047180176,""max_zoom"":64.0}",3.7469102
11474581779200,gimbal,3110,"{""imu_roll"":0.0,""imu_pitch"":38.771942138671875,""imu_yaw"":7.185486793518066,""frame_roll"":0.0,""frame_pitch"":38.771942138671875,""frame_yaw"":7.185486793518066,""pitch_speed"":0.0,""yaw_speed"":0.0}",3.7732287
11474582572400,fov,3110,"{""zoom"":12.339999198913574,""hfov"":7.293355464935303,""vfov"":4.106302738189697,""state"":0,""max_aov_h"":90.0,""max_aov_v"":58.71550750732422,""min_aov_h"":1.40625,""min_aov_v"":0.7910428047180176,""max_zoom"":64.0}",3.7740219
11474585947300,target_offset,424,"{""x_angle_offset"":1.2155592441558838,""y_angle_offset"":0.8820946622777868}",3.7773968
11474592095200,attitude,1209,"{""message_type"":""ATTITUDE"",""time_boot_ms"":122670,""roll"":0.08801228553056717,""pitch"":-0.11780907958745956,""yaw"":3.1017239093780518,""rollspeed"":0.10178905725479126,""pitchspeed"":-0.0941888689994812,""yawspeed"":0.011160136200487614}",3.7835447
11474614415500,target_offset,425,"{""x_angle_offset"":1.1016005650162697,""y_angle_offset"":0.9125117195977105}",3.805865
11474618941400,gimbal,3111,"{""imu_roll"":0.0,""imu_pitch"":39.063438415527344,""imu_yaw"":7.5917792320251465,""frame_roll"":0.0,""frame_pitch"":39.063438415527344,""frame_yaw"":7.5917792320251465,""pitch_speed"":0.0,""yaw_speed"":0.0}",3.8103909
11474619201900,fov,3111,"{""zoom"":12.339999198913574,""hfov"":7.293355464935303,""vfov"":4.106302738189697,""state"":0,""max_aov_h"":90.0,""max_aov_v"":58.71550750732422,""min_aov_h"":1.40625,""min_aov_v"":0.7910428047180176,""max_zoom"":64.0}",3.8106514
11474628512900,vfr,605,"{""message_type"":""VFR_HUD"",""airspeed"":32.56646728515625,""alt"":141.6699981689453}",3.8199624
11474628641100,position,605,"{""message_type"":""GLOBAL_POSITION_INT"",""lat"":469512066,""lon"":393490528}",3.8200906
11474628755200,attitude,1210,"{""message_type"":""ATTITUDE"",""time_boot_ms"":122710,""roll"":0.09141035377979279,""pitch"":-0.12257267534732819,""yaw"":3.101722240447998,""rollspeed"":0.09497546404600143,""pitchspeed"":-0.09156209230422974,""yawspeed"":0.01405769120901823}",3.8202047
11474636379300,gimbal,3112,"{""imu_roll"":0.0,""imu_pitch"":39.20135498046875,""imu_yaw"":7.745898723602295,""frame_roll"":0.0,""frame_pitch"":39.20135498046875,""frame_yaw"":7.745898723602295,""pitch_speed"":0.0,""yaw_speed"":0.0}",3.8278288
11474636836500,fov,3112,"{""zoom"":12.339999198913574,""hfov"":7.293355464935303,""vfov"":4.106302738189697,""state"":0,""max_aov_h"":90.0,""max_aov_v"":58.71550750732422,""min_aov_h"":1.40625,""min_aov_v"":0.7910428047180176,""max_zoom"":64.0}",3.828286
11474649849100,range,1159,"{""message_type"":""GLOBAL_VISION_POSITION_ESTIMATE"",""x"":46.95079803466797,""y"":39.34903335571289}",3.8412986
11474664638600,gimbal,3113,"{""imu_roll"":0.0,""imu_pitch"":39.333648681640625,""imu_yaw"":7.891124725341797,""frame_roll"":0.0,""frame_pitch"":39.333648681640625,""frame_yaw"":7.891124725341797,""pitch_speed"":0.0,""yaw_speed"":0.0}",3.8560881
11474664969800,fov,3113,"{""zoom"":12.339999198913574,""hfov"":7.293355464935303,""vfov"":4.106302738189697,""state"":0,""max_aov_h"":90.0,""max_aov_v"":58.71550750732422,""min_aov_h"":1.40625,""min_aov_v"":0.7910428047180176,""max_zoom"":64.0}",3.8564193
11474668316100,target_offset,426,"{""x_angle_offset"":1.0408226028084755,""y_angle_offset"":0.9885543628975196}",3.8597656
11474673844100,range,1160,"{""message_type"":""GLOBAL_VISION_POSITION_ESTIMATE"",""x"":46.95079803466797,""y"":39.34903335571289}",3.8652936
11474694050700,gimbal,3114,"{""imu_roll"":0.0,""imu_pitch"":39.58317565917969,""imu_yaw"":8.151681900024414,""frame_roll"":0.0,""frame_pitch"":39.58317565917969,""frame_yaw"":8.151681900024414,""pitch_speed"":0.0,""yaw_speed"":0.0}",3.8855002
11474694553500,fov,3114,"{""zoom"":12.339999198913574,""hfov"":7.293355464935303,""vfov"":4.106302738189697,""state"":0,""max_aov_h"":90.0,""max_aov_v"":58.71550750732422,""min_aov_h"":1.40625,""min_aov_v"":0.7910428047180176,""max_zoom"":64.0}",3.886003
11474697712100,target_offset,427,"{""x_angle_offset"":0.8356969803571701,""y_angle_offset"":0.9809500985675388}",3.8891616
11474700371500,attitude,1211,"{""message_type"":""ATTITUDE"",""time_boot_ms"":122770,""roll"":0.09655201435089111,""pitch"":-0.12953796982765198,""yaw"":3.1019725799560547,""rollspeed"":0.10005597770214081,""pitchspeed"":-0.08751843869686127,""yawspeed"":0.018804682418704033}",3.891821
11474720013300,gimbal,3115,"{""imu_roll"":0.0,""imu_pitch"":39.890403747558594,""imu_yaw"":8.413936614990234,""frame_roll"":0.0,""frame_pitch"":39.890403747558594,""frame_yaw"":8.413936614990234,""pitch_speed"":0.0,""yaw_speed"":0.0}",3.9114628
11474720537600,fov,3115,"{""zoom"":12.339999198913574,""hfov"":7.293355464935303,""vfov"":4.106302738189697,""state"":0,""max_aov_h"":90.0,""max_aov_v"":58.71550750732422,""min_aov_h"":1.40625,""min_aov_v"":0.7910428047180176,""max_zoom"":64.0}",3.9119871
11474730906300,position,606,"{""message_type"":""GLOBAL_POSITION_INT"",""lat"":469511406,""lon"":393490568}",3.9223558
11474731033000,attitude,1212,"{""message_type"":""ATTITUDE"",""time_boot_ms"":122810,""roll"":0.10055273026227951,""pitch"":-0.13305003941059113,""yaw"":3.102325916290283,""rollspeed"":0.11014275997877121,""pitchspeed"":-0.08551536500453949,""yawspeed"":0.022080641239881516}",3.9224825
11474731251500,vfr,606,"{""message_type"":""VFR_HUD"",""airspeed"":32.77363586425781,""alt"":141.0500030517578}",3.922701
11474749219900,gimbal,3116,"{""imu_roll"":0.0,""imu_pitch"":40.05791473388672,""imu_yaw"":8.551074028015137,""frame_roll"":0.0,""frame_pitch"":40.05791473388672,""frame_yaw"":8.551074028015137,""pitch_speed"":0.0,""yaw_speed"":0.0}",3.9406694
11474749571800,fov,3116,"{""zoom"":12.339999198913574,""hfov"":7.293355464935303,""vfov"":4.106302738189697,""state"":0,""max_aov_h"":90.0,""max_aov_v"":58.71550750732422,""min_aov_h"":1.40625,""min_aov_v"":0.7910428047180176,""max_zoom"":64.0}",3.9410213
11474752233900,target_offset,428,"{""x_angle_offset"":0.8432942256331444,""y_angle_offset"":1.049388477537367}",3.9436834
11474774833800,gimbal,3117,"{""imu_roll"":0.0,""imu_pitch"":40.36023712158203,""imu_yaw"":8.79483413696289,""frame_roll"":0.0,""frame_pitch"":40.36023712158203,""frame_yaw"":8.79483413696289,""pitch_speed"":0.0,""yaw_speed"":0.0}",3.9662833
11474775499300,fov,3117,"{""zoom"":12.339999198913574,""hfov"":7.293355464935303,""vfov"":4.106302738189697,""state"":0,""max_aov_h"":90.0,""max_aov_v"":58.71550750732422,""min_aov_h"":1.40625,""min_aov_v"":0.7910428047180176,""max_zoom"":64.0}",3.9669488
11474780482800,target_offset,429,"{""x_angle_offset"":0.805307999253273,""y_angle_offset"":1.0874097991872715}",3.9719323
11474791286200,attitude,1213,"{""message_type"":""ATTITUDE"",""time_boot_ms"":122870,""roll"":0.10765305161476135,""pitch"":-0.1382315754890442,""yaw"":3.103100061416626,""rollspeed"":0.13526251912117004,""pitchspeed"":-0.08338966965675354,""yawspeed"":0.027218574658036232}",3.9827357
11474799631400,gimbal,3118,"{""imu_roll"":0.0,""imu_pitch"":40.613006591796875,""imu_yaw"":8.978583335876465,""frame_roll"":0.0,""frame_pitch"":40.613006591796875,""frame_yaw"":8.978583335876465,""pitch_speed"":0.0,""yaw_speed"":0.0}",3.9910809
11474800037500,fov,3118,"{""zoom"":12.339999198913574,""hfov"":7.293355464935303,""vfov"":4.106302738189697,""state"":0,""max_aov_h"":90.0,""max_aov_v"":58.71550750732422,""min_aov_h"":1.40625,""min_aov_v"":0.7910428047180176,""max_zoom"":64.0}",3.991487
11474805243600,range,1161,"{""message_type"":""GLOBAL_VISION_POSITION_ESTIMATE"",""x"":46.95073318481445,""y"":39.349037170410156}",3.9966931
11474810694500,range,1162,"{""message_type"":""GLOBAL_VISION_POSITION_ESTIMATE"",""x"":46.95073318481445,""y"":39.349037170410156}",4.002144
11474826414000,gimbal,3119,"{""imu_roll"":0.0,""imu_pitch"":40.83607864379883,""imu_yaw"":9.134089469909668,""frame_roll"":0.0,""frame_pitch"":40.83607864379883,""frame_yaw"":9.134089469909668,""pitch_speed"":0.0,""yaw_speed"":0.0}",4.0178635
11474827312200,fov,3119,"{""zoom"":12.339999198913574,""hfov"":7.293355464935303,""vfov"":4.106302738189697,""state"":0,""max_aov_h"":90.0,""max_aov_v"":58.71550750732422,""min_aov_h"":1.40625,""min_aov_v"":0.7910428047180176,""max_zoom"":64.0}",4.0187617
11474827987500,target_offset,430,"{""x_angle_offset"":0.7977107539772987,""y_angle_offset"":1.0874097991872715}",4.019437
11474832309500,attitude,1214,"{""message_type"":""ATTITUDE"",""time_boot_ms"":122910,""roll"":0.1132792979478836,""pitch"":-0.1416364461183548,""yaw"":3.1037681102752686,""rollspeed"":0.15354199707508087,""pitchspeed"":-0.08179157972335815,""yawspeed"":0.030758986249566078}",4.023759
11474832554900,vfr,607,"{""message_type"":""VFR_HUD"",""airspeed"":32.997276306152344,""alt"":140.37998962402344}",4.0240044
11474832660100,position,607,"{""message_type"":""GLOBAL_POSITION_INT"",""lat"":469511406,""lon"":393490568}",4.0241096
11474854320600,gimbal,3120,"{""imu_roll"":0.0,""imu_pitch"":41.113609313964844,""imu_yaw"":9.34177303314209,""frame_roll"":0.0,""frame_pitch"":41.113609313964844,""frame_yaw"":9.34177303314209,""pitch_speed"":0.0,""yaw_speed"":0.0}",4.0457701
11474854718400,fov,3120,"{""zoom"":12.339999198913574,""hfov"":7.293355464935303,""vfov"":4.106302738189697,""state"":0,""max_aov_h"":90.0,""max_aov_v"":58.71550750732422,""min_aov_h"":1.40625,""min_aov_v"":0.7910428047180176,""max_zoom"":64.0}",4.0461679
11474860058800,target_offset,431,"{""x_angle_offset"":0.8736832067370415,""y_angle_offset"":1.1254311208371763}",4.0515083
11474879557200,gimbal,3121,"{""imu_roll"":0.0,""imu_pitch"":41.40669631958008,""imu_yaw"":9.56556510925293,""frame_roll"":0.0,""frame_pitch"":41.40669631958008,""frame_yaw"":9.56556510925293,""pitch_speed"":0.0,""yaw_speed"":0.0}",4.0710067
11474879809600,fov,3121,"{""zoom"":12.339999198913574,""hfov"":7.293355464935303,""vfov"":4.106302738189697,""state"":0,""max_aov_h"":90.0,""max_aov_v"":58.71550750732422,""min_aov_h"":1.40625,""min_aov_v"":0.7910428047180176,""max_zoom"":64.0}",4.0712591
11474890834300,attitude,1215,"{""message_type"":""ATTITUDE"",""time_boot_ms"":122970,""roll"":0.12326781451702118,""pitch"":-0.14668706059455872,""yaw"":3.105010509490967,""rollspeed"":0.1866437792778015,""pitchspeed"":-0.08005736023187637,""yawspeed"":0.036302950233221054}",4.0822838
11474908125200,gimbal,3122,"{""imu_roll"":0.0,""imu_pitch"":41.62751388549805,""imu_yaw"":9.724343299865723,""frame_roll"":0.0,""frame_pitch"":41.62751388549805,""frame_yaw"":9.724343299865723,""pitch_speed"":0.0,""yaw_speed"":0.0}",4.0995747
11474908673400,fov,3122,"{""zoom"":12.339999198913574,""hfov"":7.293355464935303,""vfov"":4.106302738189697,""state"":0,""max_aov_h"":90.0,""max_aov_v"":58.71550750732422,""min_aov_h"":1.40625,""min_aov_v"":0.7910428047180176,""max_zoom"":64.0}",4.1001229
11474910038900,target_offset,432,"{""x_angle_offset"":0.9040721878409386,""y_angle_offset"":1.0950140635172525}",4.1014884
11474933267900,gimbal,3123,"{""imu_roll"":0.0,""imu_pitch"":41.942543029785156,""imu_yaw"":9.98175048828125,""frame_roll"":0.0,""frame_pitch"":41.942543029785156,""frame_yaw"":9.98175048828125,""pitch_speed"":0.0,""yaw_speed"":0.0}",4.1247174
11474933836100,fov,3123,"{""zoom"":12.339999198913574,""hfov"":7.293355464935303,""vfov"":4.106302738189697,""state"":0,""max_aov_h"":90.0,""max_aov_v"":58.71550750732422,""min_aov_h"":1.40625,""min_aov_v"":0.7910428047180176,""max_zoom"":64.0}",4.1252856
11474939084200,vfr,608,"{""message_type"":""VFR_HUD"",""airspeed"":33.205604553222656,""alt"":139.6699981689453}",4.1305337
11474939843900,position,608,"{""message_type"":""GLOBAL_POSITION_INT"",""lat"":469510737,""lon"":393490593}",4.1312934
11474939997800,attitude,1216,"{""message_type"":""ATTITUDE"",""time_boot_ms"":123010,""roll"":0.13127349317073822,""pitch"":-0.15000931918621063,""yaw"":3.105935573577881,""rollspeed"":0.2090950906276703,""pitchspeed"":-0.07982970029115677,""yawspeed"":0.039881933480501175}",4.1314473
11474940826600,target_offset,433,"{""x_angle_offset"":1.0636143386363983,""y_angle_offset"":1.140639649497138}",4.1322761
11474956670200,gimbal,3124,"{""imu_roll"":0.0,""imu_pitch"":42.20977783203125,""imu_yaw"":10.231070518493652,""frame_roll"":0.0,""frame_pitch"":42.20977783203125,""frame_yaw"":10.231070518493652,""pitch_speed"":0.0,""yaw_speed"":0.0}",4.1481197
11474957011000,fov,3124,"{""zoom"":12.339999198913574,""hfov"":7.293355464935303,""vfov"":4.106302738189697,""state"":0,""max_aov_h"":90.0,""max_aov_v"":58.71550750732422,""min_aov_h"":1.40625,""min_aov_v"":0.7910428047180176,""max_zoom"":64.0}",4.1484605
11474961701400,range,1163,"{""message_type"":""GLOBAL_VISION_POSITION_ESTIMATE"",""x"":46.95066833496094,""y"":39.34904098510742}",4.1531509
11474973063000,range,1164,"{""message_type"":""GLOBAL_VISION_POSITION_ESTIMATE"",""x"":46.95066833496094,""y"":39.34904098510742}",4.1645125
11474985807600,gimbal,3125,"{""imu_roll"":0.0,""imu_pitch"":42.446956634521484,""imu_yaw"":10.43990421295166,""frame_roll"":0.0,""frame_pitch"":42.446956634521484,""frame_yaw"":10.43990421295166,""pitch_speed"":0.0,""yaw_speed"":0.0}",4.1772571
11474986621300,fov,3125,"{""zoom"":12.339999198913574,""hfov"":7.293355464935303,""vfov"":4.106302738189697,""state"":0,""max_aov_h"":90.0,""max_aov_v"":58.71550750732422,""min_aov_h"":1.40625,""min_aov_v"":0.7910428047180176,""max_zoom"":64.0}",4.1780708
11474989355300,target_offset,434,"{""x_angle_offset"":1.1319895461201668,""y_angle_offset"":1.1026183278472335}",4.1808048
11474997600100,attitude,1217,"{""message_type"":""ATTITUDE"",""time_boot_ms"":123070,""roll"":0.14512594044208527,""pitch"":-0.1550207883119583,""yaw"":3.1074740886688232,""rollspeed"":0.23818263411521912,""pitchspeed"":-0.08122746646404266,""yawspeed"":0.045312367379665375}",4.1890496
11475011522600,gimbal,3126,"{""imu_roll"":0.0,""imu_pitch"":42.696678161621094,""imu_yaw"":10.698138236999512,""frame_roll"":0.0,""frame_pitch"":42.696678161621094,""frame_yaw"":10.698138236999512,""pitch_speed"":0.0,""yaw_speed"":0.0}",4.2029721
11475011966600,fov,3126,"{""zoom"":12.339999198913574,""hfov"":7.293355464935303,""vfov"":4.106302738189697,""state"":0,""max_aov_h"":90.0,""max_aov_v"":58.71550750732422,""min_aov_h"":1.40625,""min_aov_v"":0.7910428047180176,""max_zoom"":64.0}",4.2034161
11475022674000,target_offset,435,"{""x_angle_offset"":1.3219206780195236,""y_angle_offset"":1.0722012705273098}",4.2141235
11475035396300,gimbal,3127,"{""imu_roll"":0.0,""imu_pitch"":42.99007034301758,""imu_yaw"":11.066917419433594,""frame_roll"":0.0,""frame_pitch"":42.99007034301758,""frame_yaw"":11.066917419433594,""pitch_speed"":0.0,""yaw_speed"":0.0}",4.2268458
11475035696400,fov,3127,"{""zoom"":12.339999198913574,""hfov"":7.293355464935303,""vfov"":4.106302738189697,""state"":0,""max_aov_h"":90.0,""max_aov_v"":58.71550750732422,""min_aov_h"":1.40625,""min_aov_v"":0.7910428047180176,""max_zoom"":64.0}",4.2271459
11475040841600,vfr,609,"{""message_type"":""VFR_HUD"",""airspeed"":33.42902755737305,""alt"":138.92999267578125}",4.2322911
11475041067200,position,609,"{""message_type"":""GLOBAL_POSITION_INT"",""lat"":469510737,""lon"":393490593}",4.2325167
11475041219200,attitude,1218,"{""message_type"":""ATTITUDE"",""time_boot_ms"":123110,""roll"":0.1551179438829422,""pitch"":-0.15846264362335205,""yaw"":3.1085898876190186,""rollspeed"":0.25162020325660706,""pitchspeed"":-0.08240066468715668,""yawspeed"":0.048785220831632614}",4.2326687
11475060900700,gimbal,3128,"{""imu_roll"":0.0,""imu_pitch"":43.16338348388672,""imu_yaw"":11.272909164428711,""frame_roll"":0.0,""frame_pitch"":43.16338348388672,""frame_yaw"":11.272909164428711,""pitch_speed"":0.0,""yaw_speed"":0.0}",4.2523502
11475061192700,fov,3128,"{""zoom"":12.339999198913574,""hfov"":7.293355464935303,""vfov"":4.106302738189697,""state"":0,""max_aov_h"":90.0,""max_aov_v"":58.71550750732422,""min_aov_h"":1.40625,""min_aov_v"":0.7910428047180176,""max_zoom"":64.0}",4.2526422
11475069146500,target_offset,436,"{""x_angle_offset"":1.4054903760552406,""y_angle_offset"":1.0645970061973289}",4.260596
11475092694200,target_offset,437,"{""x_angle_offset"":1.6334077343344688,""y_angle_offset"":1.0722012705273098}",4.2841437
11475096715800,gimbal,3129,"{""imu_roll"":0.0,""imu_pitch"":43.497440338134766,""imu_yaw"":11.72188949584961,""frame_roll"":0.0,""frame_pitch"":43.497440338134766,""frame_yaw"":11.72188949584961,""pitch_speed"":0.0,""yaw_speed"":0.0}",4.2881653
11475096956300,fov,3129,"{""zoom"":12.339999198913574,""hfov"":7.293355464935303,""vfov"":4.106302738189697,""state"":0,""max_aov_h"":90.0,""max_aov_v"":58.71550750732422,""min_aov_h"":1.40625,""min_aov_v"":0.7910428047180176,""max_zoom"":64.0}",4.2884058
11475106671400,attitude,1219,"{""message_type"":""ATTITUDE"",""time_boot_ms"":123170,""roll"":0.17062868177890778,""pitch"":-0.16371463239192963,""yaw"":3.1104445457458496,""rollspeed"":0.25988611578941345,""pitchspeed"":-0.08266798406839371,""yawspeed"":0.05400122329592705}",4.2981209
11475113784000,gimbal,3130,"{""imu_roll"":0.0,""imu_pitch"":43.661949157714844,""imu_yaw"":11.985649108886719,""frame_roll"":0.0,""frame_pitch"":43.661949157714844,""frame_yaw"":11.985649108886719,""pitch_speed"":0.0,""yaw_speed"":0.0}",4.3052335
11475114179800,fov,3130,"{""zoom"":12.339999198913574,""hfov"":7.293355464935303,""vfov"":4.106302738189697,""state"":0,""max_aov_h"":90.0,""max_aov_v"":58.71550750732422,""min_aov_h"":1.40625,""min_aov_v"":0.7910428047180176,""max_zoom"":64.0}",4.3056293
11475116668200,range,1165,"{""message_type"":""GLOBAL_VISION_POSITION_ESTIMATE"",""x"":46.95066833496094,""y"":39.34904861450195}",4.3081177
11475125580900,range,1166,"{""message_type"":""GLOBAL_VISION_POSITION_ESTIMATE"",""x"":46.95066833496094,""y"":39.34904861450195}",4.3170304
11475138833000,gimbal,3131,"{""imu_roll"":0.0,""imu_pitch"":43.80628967285156,""imu_yaw"":12.203779220581055,""frame_roll"":0.0,""frame_pitch"":43.80628967285156,""frame_yaw"":12.203779220581055,""pitch_speed"":0.0,""yaw_speed"":0.0}",4.3302825
11475141458500,fov,3131,"{""zoom"":12.339999198913574,""hfov"":7.293355464935303,""vfov"":4.106302738189697,""state"":0,""max_aov_h"":90.0,""max_aov_v"":58.71550750732422,""min_aov_h"":1.40625,""min_aov_v"":0.7910428047180176,""max_zoom"":64.0}",4.332908
11475144036400,target_offset,438,"{""x_angle_offset"":1.6865884512662888,""y_angle_offset"":1.0341799488774053}",4.3354859
11475148688100,vfr,610,"{""message_type"":""VFR_HUD"",""airspeed"":33.66257095336914,""alt"":138.14999389648438}",4.3401376
11475148834400,position,610,"{""message_type"":""GLOBAL_POSITION_INT"",""lat"":469510058,""lon"":393490604}",4.3402839
11475148938900,attitude,1220,"{""message_type"":""ATTITUDE"",""time_boot_ms"":123210,""roll"":0.18096746504306793,""pitch"":-0.16723628342151642,""yaw"":3.1117753982543945,""rollspeed"":0.2578427791595459,""pitchspeed"":-0.08197904378175735,""yawspeed"":0.05721313878893852}",4.3403884
11475165255900,gimbal,3132,"{""imu_roll"":0.0,""imu_pitch"":44.049312591552734,""imu_yaw"":12.605568885803223,""frame_roll"":0.0,""frame_pitch"":44.049312591552734,""frame_yaw"":12.605568885803223,""pitch_speed"":0.0,""yaw_speed"":0.0}",4.3567054
11475165537600,fov,3132,"{""zoom"":12.339999198913574,""hfov"":7.293355464935303,""vfov"":4.106302738189697,""state"":0,""max_aov_h"":90.0,""max_aov_v"":58.71550750732422,""min_aov_h"":1.40625,""min_aov_v"":0.7910428047180176,""max_zoom"":64.0}",4.3569871
11475172484200,target_offset,439,"{""x_angle_offset"":1.8233388662338257,""y_angle_offset"":0.9961586272275006}",4.3639337
11475187355100,gimbal,3133,"{""imu_roll"":0.0,""imu_pitch"":44.29987716674805,""imu_yaw"":13.061159133911133,""frame_roll"":0.0,""frame_pitch"":44.29987716674805,""frame_yaw"":13.061159133911133,""pitch_speed"":0.0,""yaw_speed"":0.0}",4.3788046
11475187639500,fov,3133,"{""zoom"":12.339999198913574,""hfov"":7.293355464935303,""vfov"":4.106302738189697,""state"":0,""max_aov_h"":90.0,""max_aov_v"":58.71550750732422,""min_aov_h"":1.40625,""min_aov_v"":0.7910428047180176,""max_zoom"":64.0}",4.379089
11475213490000,gimbal,3134,"{""imu_roll"":0.0,""imu_pitch"":44.4620361328125,""imu_yaw"":13.343362808227539,""frame_roll"":0.0,""frame_pitch"":44.4620361328125,""frame_yaw"":13.343362808227539,""pitch_speed"":0.0,""yaw_speed"":0.0}",4.4049395
11475213701300,attitude,1221,"{""message_type"":""ATTITUDE"",""time_boot_ms"":123270,""roll"":0.1960136443376541,""pitch"":-0.17259597778320312,""yaw"":3.1138815879821777,""rollspeed"":0.23808908462524414,""pitchspeed"":-0.08117835223674774,""yawspeed"":0.06180654466152191}",4.4051508
11475214244800,fov,3134,"{""zoom"":12.339999198913574,""hfov"":7.293355464935303,""vfov"":4.106302738189697,""state"":0,""max_aov_h"":90.0,""max_aov_v"":58.71550750732422,""min_aov_h"":1.40625,""min_aov_v"":0.7910428047180176,""max_zoom"":64.0}",4.4056943
11475220880100,target_offset,440,"{""x_angle_offset"":1.944894790649414,""y_angle_offset"":1.0798055348572908}",4.4123296
11475233668300,gimbal,3135,"{""imu_roll"":0.0,""imu_pitch"":44.709938049316406,""imu_yaw"":13.791929244995117,""frame_roll"":0.0,""frame_pitch"":44.709938049316406,""frame_yaw"":13.791929244995117,""pitch_speed"":0.0,""yaw_speed"":0.0}",4.4251178
11475234032400,fov,3135,"{""zoom"":12.339999198913574,""hfov"":7.293355464935303,""vfov"":4.106302738189697,""state"":0,""max_aov_h"":90.0,""max_aov_v"":58.71550750732422,""min_aov_h"":1.40625,""min_aov_v"":0.7910428047180176,""max_zoom"":64.0}",4.4254819
11475253466200,attitude,1222,"{""message_type"":""ATTITUDE"",""time_boot_ms"":123310,""roll"":0.20506170392036438,""pitch"":-0.17618238925933838,""yaw"":3.115379571914673,""rollspeed"":0.21616435050964355,""pitchspeed"":-0.08045627921819687,""yawspeed"":0.06458423286676407}",4.4449157
11475254199800,vfr,611,"{""message_type"":""VFR_HUD"",""airspeed"":33.902259826660156,""alt"":137.3300018310547}",4.4456493
11475254401200,position,611,"{""message_type"":""GLOBAL_POSITION_INT"",""lat"":469510058,""lon"":393490604}",4.4458507
11475257758600,range,1167,"{""message_type"":""GLOBAL_VISION_POSITION_ESTIMATE"",""x"":46.95060348510742,""y"":39.34904479980469}",4.4492081
11475258227800,gimbal,3136,"{""imu_roll"":0.0,""imu_pitch"":45.058658599853516,""imu_yaw"":14.581708908081055,""frame_roll"":0.0,""frame_pitch"":45.058658599853516,""frame_yaw"":14.581708908081055,""pitch_speed"":0.0,""yaw_speed"":0.0}",4.4496773
11475258495500,fov,3136,"{""zoom"":12.339999198913574,""hfov"":7.293355464935303,""vfov"":4.106302738189697,""state"":0,""max_aov_h"":90.0,""max_aov_v"":58.71550750732422,""min_aov_h"":1.40625,""min_aov_v"":0.7910428047180176,""max_zoom"":64.0}",4.449945
11475265688600,target_offset,441,"{""x_angle_offset"":2.1728121489286423,""y_angle_offset"":1.2090780284669664}",4.4571381
11475280449300,range,1168,"{""message_type"":""GLOBAL_VISION_POSITION_ESTIMATE"",""x"":46.95060348510742,""y"":39.34904479980469}",4.4718988
11475281253600,gimbal,3137,"{""imu_roll"":0.0,""imu_pitch"":45.37063217163086,""imu_yaw"":15.146568298339844,""frame_roll"":0.0,""frame_pitch"":45.37063217163086,""frame_yaw"":15.146568298339844,""pitch_speed"":0.0,""yaw_speed"":0.0}",4.4727031
11475281602300,fov,3137,"{""zoom"":12.339999198913574,""hfov"":7.293355464935303,""vfov"":4.106302738189697,""state"":0,""max_aov_h"":90.0,""max_aov_v"":58.71550750732422,""min_aov_h"":1.40625,""min_aov_v"":0.7910428047180176,""max_zoom"":64.0}",4.4730518
11475288718400,target_offset,442,"{""x_angle_offset"":2.2639790922403336,""y_angle_offset"":1.2927249360967565}",4.4801679
11475309645000,gimbal,3138,"{""imu_roll"":0.0,""imu_pitch"":45.7391357421875,""imu_yaw"":15.797354698181152,""frame_roll"":0.0,""frame_pitch"":45.7391357421875,""frame_yaw"":15.797354698181152,""pitch_speed"":0.0,""yaw_speed"":0.0}",4.5010945
11475309932900,fov,3138,"{""zoom"":12.339999198913574,""hfov"":7.293355464935303,""vfov"":4.106302738189697,""state"":0,""max_aov_h"":90.0,""max_aov_v"":58.71550750732422,""min_aov_h"":1.40625,""min_aov_v"":0.7910428047180176,""max_zoom"":64.0}",4.5013824
11475319460500,attitude,1223,"{""message_type"":""ATTITUDE"",""time_boot_ms"":123370,""roll"":0.21658292412757874,""pitch"":-0.1815272867679596,""yaw"":3.117809295654297,""rollspeed"":0.17390978336334229,""pitchspeed"":-0.07845665514469147,""yawspeed"":0.06826716661453247}",4.51091
11475332163200,gimbal,3139,"{""imu_roll"":0.0,""imu_pitch"":45.94136047363281,""imu_yaw"":16.135047912597656,""frame_roll"":0.0,""frame_pitch"":45.94136047363281,""frame_yaw"":16.135047912597656,""pitch_speed"":0.0,""yaw_speed"":0.0}",4.5236127
11475332523000,fov,3139,"{""zoom"":12.339999198913574,""hfov"":7.293355464935303,""vfov"":4.106302738189697,""state"":0,""max_aov_h"":90.0,""max_aov_v"":58.71550750732422,""min_aov_h"":1.40625,""min_aov_v"":0.7910428047180176,""max_zoom"":64.0}",4.5239725
11475352026300,gimbal,3140,"{""imu_roll"":0.0,""imu_pitch"":46.09062576293945,""imu_yaw"":16.371740341186523,""frame_roll"":0.0,""frame_pitch"":46.09062576293945,""frame_yaw"":16.371740341186523,""pitch_speed"":0.0,""yaw_speed"":0.0}",4.5434758
11475352445200,fov,3140,"{""zoom"":12.339999198913574,""hfov"":7.293355464935303,""vfov"":4.106302738189697,""state"":0,""max_aov_h"":90.0,""max_aov_v"":58.71550750732422,""min_aov_h"":1.40625,""min_aov_v"":0.7910428047180176,""max_zoom"":64.0}",4.5438947
11475362302100,attitude,1224,"{""message_type"":""ATTITUDE"",""time_boot_ms"":123410,""roll"":0.22264528274536133,""pitch"":-0.1850939691066742,""yaw"":3.119511842727661,""rollspeed"":0.1399642378091812,""pitchspeed"":-0.07812868058681488,""yawspeed"":0.06992091983556747}",4.5537516
11475362565800,vfr,612,"{""message_type"":""VFR_HUD"",""airspeed"":34.12020492553711,""alt"":136.489990234375}",4.5540153
11475362672600,position,612,"{""message_type"":""GLOBAL_POSITION_INT"",""lat"":469510058,""lon"":393490604}",4.5541221
11475374572900,gimbal,3141,"{""imu_roll"":0.0,""imu_pitch"":46.203399658203125,""imu_yaw"":16.538394927978516,""frame_roll"":0.0,""frame_pitch"":46.203399658203125,""frame_yaw"":16.538394927978516,""pitch_speed"":0.0,""yaw_speed"":0.0}",4.5660224
11475374922700,fov,3141,"{""zoom"":12.339999198913574,""hfov"":7.293355464935303,""vfov"":4.106302738189697,""state"":0,""max_aov_h"":90.0,""max_aov_v"":58.71550750732422,""min_aov_h"":1.40625,""min_aov_v"":0.7910428047180176,""max_zoom"":64.0}",4.5663722
11475400690500,gimbal,3142,"{""imu_roll"":0.0,""imu_pitch"":46.32400131225586,""imu_yaw"":16.700183868408203,""frame_roll"":0.0,""frame_pitch"":46.32400131225586,""frame_yaw"":16.700183868408203,""pitch_speed"":0.0,""yaw_speed"":0.0}",4.59214
11475400985300,fov,3142,"{""zoom"":12.339999198913574,""hfov"":7.293355464935303,""vfov"":4.106302738189697,""state"":0,""max_aov_h"":90.0,""max_aov_v"":58.71550750732422,""min_aov_h"":1.40625,""min_aov_v"":0.7910428047180176,""max_zoom"":64.0}",4.5924348
11475405933500,target_offset,443,"{""x_angle_offset"":3.3731769025325775,""y_angle_offset"":1.7641893245555735}",4.597383
11475420991300,gimbal,3143,"{""imu_roll"":0.0,""imu_pitch"":46.681400299072266,""imu_yaw"":17.385717391967773,""frame_roll"":0.0,""frame_pitch"":46.681400299072266,""frame_yaw"":17.385717391967773,""pitch_speed"":0.0,""yaw_speed"":0.0}",4.6124408
11475421319900,fov,3143,"{""zoom"":12.339999198913574,""hfov"":7.293355464935303,""vfov"":4.106302738189697,""state"":0,""max_aov_h"":90.0,""max_aov_v"":58.71550750732422,""min_aov_h"":1.40625,""min_aov_v"":0.7910428047180176,""max_zoom"":64.0}",4.6127694
11475427639400,attitude,1225,"{""message_type"":""ATTITUDE"",""time_boot_ms"":123470,""roll"":0.2290060669183731,""pitch"":-0.19036945700645447,""yaw"":3.122127056121826,""rollspeed"":0.08389345556497574,""pitchspeed"":-0.07706598937511444,""yawspeed"":0.07125203311443329}",4.6190889
11475428148400,range,1169,"{""message_type"":""GLOBAL_VISION_POSITION_ESTIMATE"",""x"":46.95064926147461,""y"":39.34903335571289}",4.6195979
11475443794200,gimbal,3144,"{""imu_roll"":0.0,""imu_pitch"":46.98422622680664,""imu_yaw"":17.95323371887207,""frame_roll"":0.0,""frame_pitch"":46.98422622680664,""frame_yaw"":17.95323371887207,""pitch_speed"":0.0,""yaw_speed"":0.0}",4.6352437
11475444097800,fov,3144,"{""zoom"":12.339999198913574,""hfov"":7.293355464935303,""vfov"":4.106302738189697,""state"":0,""max_aov_h"":90.0,""max_aov_v"":58.71550750732422,""min_aov_h"":1.40625,""min_aov_v"":0.7910428047180176,""max_zoom"":64.0}",4.6355473
11475451404600,target_offset,444,"{""x_angle_offset"":3.4491493552923203,""y_angle_offset"":1.8782532895052875}",4.6428541
11475453396800,range,1170,"{""message_type"":""GLOBAL_VISION_POSITION_ESTIMATE"",""x"":46.95064926147461,""y"":39.34903335571289}",4.6448463
11475462348300,gimbal,3145,"{""imu_roll"":0.0,""imu_pitch"":47.39845275878906,""imu_yaw"":18.53667640686035,""frame_roll"":0.0,""frame_pitch"":47.39845275878906,""frame_yaw"":18.53667640686035,""pitch_speed"":0.0,""yaw_speed"":0.0}",4.6537978
11475462676100,fov,3145,"{""zoom"":12.339999198913574,""hfov"":7.293355464935303,""vfov"":4.106302738189697,""state"":0,""max_aov_h"":90.0,""max_aov_v"":58.71550750732422,""min_aov_h"":1.40625,""min_aov_v"":0.7910428047180176,""max_zoom"":64.0}",4.6541256
11475469972400,position,613,"{""message_type"":""GLOBAL_POSITION_INT"",""lat"":469509375,""lon"":393490598}",4.6614219
11475470164100,attitude,1226,"{""message_type"":""ATTITUDE"",""time_boot_ms"":123510,""roll"":0.23151394724845886,""pitch"":-0.19377391040325165,""yaw"":3.123929023742676,""rollspeed"":0.050111353397369385,""pitchspeed"":-0.07459621876478195,""yawspeed"":0.07174550741910934}",4.6616136
11475470517000,vfr,613,"{""message_type"":""VFR_HUD"",""airspeed"":34.3737907409668,""alt"":135.59999084472656}",4.6619665
11475487685200,gimbal,3146,"{""imu_roll"":0.0,""imu_pitch"":47.72975540161133,""imu_yaw"":18.989803314208984,""frame_roll"":0.0,""frame_pitch"":47.72975540161133,""frame_yaw"":18.989803314208984,""pitch_speed"":0.0,""yaw_speed"":0.0}",4.6791347
11475488632200,fov,3146,"{""zoom"":12.339999198913574,""hfov"":7.293355464935303,""vfov"":4.106302738189697,""state"":0,""max_aov_h"":90.0,""max_aov_v"":58.71550750732422,""min_aov_h"":1.40625,""min_aov_v"":0.7910428047180176,""max_zoom"":64.0}",4.6800817
11475506436300,gimbal,3147,"{""imu_roll"":0.0,""imu_pitch"":47.99945831298828,""imu_yaw"":19.344615936279297,""frame_roll"":0.0,""frame_pitch"":47.99945831298828,""frame_yaw"":19.344615936279297,""pitch_speed"":0.0,""yaw_speed"":0.0}",4.6978858
11475506734200,fov,3147,"{""zoom"":12.339999198913574,""hfov"":7.293355464935303,""vfov"":4.106302738189697,""state"":0,""max_aov_h"":90.0,""max_aov_v"":58.71550750732422,""min_aov_h"":1.40625,""min_aov_v"":0.7910428047180176,""max_zoom"":64.0}",4.6981837
11475527499300,gimbal,3148,"{""imu_roll"":0.0,""imu_pitch"":48.3441276550293,""imu_yaw"":19.73871612548828,""frame_roll"":0.0,""frame_pitch"":48.3441276550293,""frame_yaw"":19.73871612548828,""pitch_speed"":0.0,""yaw_speed"":0.0}",4.7189488
11475527869300,fov,3148,"{""zoom"":12.339999198913574,""hfov"":7.293355464935303,""vfov"":4.106302738189697,""state"":0,""max_aov_h"":90.0,""max_aov_v"":58.71550750732422,""min_aov_h"":1.40625,""min_aov_v"":0.7910428047180176,""max_zoom"":64.0}",4.7193188
11475537809100,target_offset,445,"{""x_angle_offset"":3.3959686383605003,""y_angle_offset"":1.8554404965153446}",4.7292586
11475540638800,attitude,1227,"{""message_type"":""ATTITUDE"",""time_boot_ms"":123570,""roll"":0.23279345035552979,""pitch"":-0.1988874077796936,""yaw"":3.1266696453094482,""rollspeed"":0.0016842612531036139,""pitchspeed"":-0.0754629373550415,""yawspeed"":0.0717277005314827}",4.7320883
11475549027200,gimbal,3149,"{""imu_roll"":0.0,""imu_pitch"":48.755130767822266,""imu_yaw"":20.492351531982422,""frame_roll"":0.0,""frame_pitch"":48.755130767822266,""frame_yaw"":20.492351531982422,""pitch_speed"":0.0,""yaw_speed"":0.0}",4.7404767
11475549296700,fov,3149,"{""zoom"":12.339999198913574,""hfov"":7.293355464935303,""vfov"":4.106302738189697,""state"":0,""max_aov_h"":90.0,""max_aov_v"":58.71550750732422,""min_aov_h"":1.40625,""min_aov_v"":0.7910428047180176,""max_zoom"":64.0}",4.7407462
11475570516100,gimbal,3150,"{""imu_roll"":0.0,""imu_pitch"":49.047027587890625,""imu_yaw"":21.014883041381836,""frame_roll"":0.0,""frame_pitch"":49.047027587890625,""frame_yaw"":21.014883041381836,""pitch_speed"":0.0,""yaw_speed"":0.0}",4.7619656
11475571021100,fov,3150,"{""zoom"":12.339999198913574,""hfov"":7.293355464935303,""vfov"":4.106302738189697,""state"":0,""max_aov_h"":90.0,""max_aov_v"":58.71550750732422,""min_aov_h"":1.40625,""min_aov_v"":0.7910428047180176,""max_zoom"":64.0}",4.7624706
11475583193400,range,1171,"{""message_type"":""GLOBAL_VISION_POSITION_ESTIMATE"",""x"":46.95063400268555,""y"":39.34901428222656}",4.7746429
11475583416500,attitude,1228,"{""message_type"":""ATTITUDE"",""time_boot_ms"":123610,""roll"":0.23219384253025055,""pitch"":-0.20237545669078827,""yaw"":3.128495693206787,""rollspeed"":-0.025387201458215714,""pitchspeed"":-0.07727418839931488,""yawspeed"":0.07138209789991379}",4.774866
11475583624800,position,614,"{""message_type"":""GLOBAL_POSITION_INT"",""lat"":469509375,""lon"":393490598}",4.7750743
11475583701000,vfr,614,"{""message_type"":""VFR_HUD"",""airspeed"":34.62574768066406,""alt"":134.6699981689453}",4.7751505
11475595821700,gimbal,3151,"{""imu_roll"":0.0,""imu_pitch"":49.32490539550781,""imu_yaw"":21.495346069335938,""frame_roll"":0.0,""frame_pitch"":49.32490539550781,""frame_yaw"":21.495346069335938,""pitch_speed"":0.0,""yaw_speed"":0.0}",4.7872712
11475596180800,fov,3151,"{""zoom"":12.339999198913574,""hfov"":7.293355464935303,""vfov"":4.106302738189697,""state"":0,""max_aov_h"":90.0,""max_aov_v"":58.71550750732422,""min_aov_h"":1.40625,""min_aov_v"":0.7910428047180176,""max_zoom"":64.0}",4.7876303
11475610080400,range,1172,"{""message_type"":""GLOBAL_VISION_POSITION_ESTIMATE"",""x"":46.95063400268555,""y"":39.34901428222656}",4.8015299
11475617516700,gimbal,3152,"{""imu_roll"":0.0,""imu_pitch"":49.772010803222656,""imu_yaw"":21.67142677307129,""frame_roll"":0.0,""frame_pitch"":49.772010803222656,""frame_yaw"":21.67142677307129,""pitch_speed"":0.0,""yaw_speed"":0.0}",4.8089662
11475617888700,fov,3152,"{""zoom"":12.339999198913574,""hfov"":7.293355464935303,""vfov"":4.106302738189697,""state"":0,""max_aov_h"":90.0,""max_aov_v"":58.71550750732422,""min_aov_h"":1.40625,""min_aov_v"":0.7910428047180176,""max_zoom"":64.0}",4.8093382
11475641523900,gimbal,3153,"{""imu_roll"":0.0,""imu_pitch"":50.087345123291016,""imu_yaw"":21.78590965270996,""frame_roll"":0.0,""frame_pitch"":50.087345123291016,""frame_yaw"":21.78590965270996,""pitch_speed"":0.0,""yaw_speed"":0.0}",4.8329734
11475641952300,fov,3153,"{""zoom"":12.339999198913574,""hfov"":7.293355464935303,""vfov"":4.106302738189697,""state"":0,""max_aov_h"":90.0,""max_aov_v"":58.71550750732422,""min_aov_h"":1.40625,""min_aov_v"":0.7910428047180176,""max_zoom"":64.0}",4.8334018
11475646637900,target_offset,446,"{""x_angle_offset"":3.3427879214286804,""y_angle_offset"":1.9466916684751157}",4.8380874
11475652863900,attitude,1229,"{""message_type"":""ATTITUDE"",""time_boot_ms"":123670,""roll"":0.22963427007198334,""pitch"":-0.2084292620420456,""yaw"":3.1312081813812256,""rollspeed"":-0.055035244673490524,""pitchspeed"":-0.0804651752114296,""yawspeed"":0.07071611285209656}",4.8443134
11475659638100,gimbal,3154,"{""imu_roll"":0.0,""imu_pitch"":50.490211486816406,""imu_yaw"":22.475793838500977,""frame_roll"":0.0,""frame_pitch"":50.490211486816406,""frame_yaw"":22.475793838500977,""pitch_speed"":0.0,""yaw_speed"":0.0}",4.8510876
11475660064500,fov,3154,"{""zoom"":12.339999198913574,""hfov"":7.293355464935303,""vfov"":4.106302738189697,""state"":0,""max_aov_h"":90.0,""max_aov_v"":58.71550750732422,""min_aov_h"":1.40625,""min_aov_v"":0.7910428047180176,""max_zoom"":64.0}",4.851514
11475679959500,gimbal,3155,"{""imu_roll"":0.0,""imu_pitch"":50.792991638183594,""imu_yaw"":22.98391342163086,""frame_roll"":0.0,""frame_pitch"":50.792991638183594,""frame_yaw"":22.98391342163086,""pitch_speed"":0.0,""yaw_speed"":0.0}",4.871409
11475680224200,fov,3155,"{""zoom"":12.339999198913574,""hfov"":7.293355464935303,""vfov"":4.106302738189697,""state"":0,""max_aov_h"":90.0,""max_aov_v"":58.71550750732422,""min_aov_h"":1.40625,""min_aov_v"":0.7910428047180176,""max_zoom"":64.0}",4.8716737
11475688580800,target_offset,447,"{""x_angle_offset"":3.418760374188423,""y_angle_offset"":1.8934618181652492}",4.8800303
11475695786100,vfr,615,"{""message_type"":""VFR_HUD"",""airspeed"":34.876338958740234,""alt"":133.6999969482422}",4.8872356
11475695908700,position,615,"{""message_type"":""GLOBAL_POSITION_INT"",""lat"":469508661,""lon"":393490579}",4.8873582
11475696017900,attitude,1230,"{""message_type"":""ATTITUDE"",""time_boot_ms"":123710,""roll"":0.22717289626598358,""pitch"":-0.2134380042552948,""yaw"":3.1330196857452393,""rollspeed"":-0.06721138954162598,""pitchspeed"":-0.08084458112716675,""yawspeed"":0.07031266391277313}",4.8874674
11475702972300,gimbal,3156,"{""imu_roll"":0.0,""imu_pitch"":51.22130584716797,""imu_yaw"":23.7615966796875,""frame_roll"":0.0,""frame_pitch"":51.22130584716797,""frame_yaw"":23.7615966796875,""pitch_speed"":0.0,""yaw_speed"":0.0}",4.8944218
11475703218000,fov,3156,"{""zoom"":12.339999198913574,""hfov"":7.293355464935303,""vfov"":4.106302738189697,""state"":0,""max_aov_h"":90.0,""max_aov_v"":58.71550750732422,""min_aov_h"":1.40625,""min_aov_v"":0.7910428047180176,""max_zoom"":64.0}",4.8946675
11475722204200,gimbal,3157,"{""imu_roll"":0.0,""imu_pitch"":51.62482833862305,""imu_yaw"":23.653160095214844,""frame_roll"":0.0,""frame_pitch"":51.62482833862305,""frame_yaw"":23.653160095214844,""pitch_speed"":0.0,""yaw_speed"":0.0}",4.9136537
11475723749300,fov,3157,"{""zoom"":12.339999198913574,""hfov"":7.293355464935303,""vfov"":4.106302738189697,""state"":0,""max_aov_h"":90.0,""max_aov_v"":58.71550750732422,""min_aov_h"":1.40625,""min_aov_v"":0.7910428047180176,""max_zoom"":64.0}",4.9151988
11475738215800,range,1173,"{""message_type"":""GLOBAL_VISION_POSITION_ESTIMATE"",""x"":46.950618743896484,""y"":39.348995208740234}",4.9296653
11475741825800,gimbal,3158,"{""imu_roll"":0.0,""imu_pitch"":51.95506286621094,""imu_yaw"":23.55190086364746,""frame_roll"":0.0,""frame_pitch"":51.95506286621094,""frame_yaw"":23.55190086364746,""pitch_speed"":0.0,""yaw_speed"":0.0}",4.9332753
11475742145900,fov,3158,"{""zoom"":12.339999198913574,""hfov"":7.293355464935303,""vfov"":4.106302738189697,""state"":0,""max_aov_h"":90.0,""max_aov_v"":58.71550750732422,""min_aov_h"":1.40625,""min_aov_v"":0.7910428047180176,""max_zoom"":64.0}",4.9335954
11475756729200,range,1174,"{""message_type"":""GLOBAL_VISION_POSITION_ESTIMATE"",""x"":46.950618743896484,""y"":39.348995208740234}",4.9481787
11475756916600,attitude,1231,"{""message_type"":""ATTITUDE"",""time_boot_ms"":123770,""roll"":0.22313517332077026,""pitch"":-0.2209572196006775,""yaw"":3.1357619762420654,""rollspeed"":-0.06887976825237274,""pitchspeed"":-0.08181796222925186,""yawspeed"":0.0700656995177269}",4.9483661
11475764028500,gimbal,3159,"{""imu_roll"":0.0,""imu_pitch"":52.2132682800293,""imu_yaw"":23.461925506591797,""frame_roll"":0.0,""frame_pitch"":52.2132682800293,""frame_yaw"":23.461925506591797,""pitch_speed"":0.0,""yaw_speed"":0.0}",4.955478
11475764446100,fov,3159,"{""zoom"":12.339999198913574,""hfov"":7.293355464935303,""vfov"":4.106302738189697,""state"":0,""max_aov_h"":90.0,""max_aov_v"":58.71550750732422,""min_aov_h"":1.40625,""min_aov_v"":0.7910428047180176,""max_zoom"":64.0}",4.9558956
11475773767200,target_offset,448,"{""x_angle_offset"":3.3427879214286804,""y_angle_offset"":1.726168002905669}",4.9652167
11475784373600,gimbal,3160,"{""imu_roll"":0.0,""imu_pitch"":52.563533782958984,""imu_yaw"":24.143476486206055,""frame_roll"":0.0,""frame_pitch"":52.563533782958984,""frame_yaw"":24.143476486206055,""pitch_speed"":0.0,""yaw_speed"":0.0}",4.9758231
11475784732000,fov,3160,"{""zoom"":12.339999198913574,""hfov"":7.293355464935303,""vfov"":4.106302738189697,""state"":0,""max_aov_h"":90.0,""max_aov_v"":58.71550750732422,""min_aov_h"":1.40625,""min_aov_v"":0.7910428047180176,""max_zoom"":64.0}",4.9761815
11475801050800,attitude,1232,"{""message_type"":""ATTITUDE"",""time_boot_ms"":123810,""roll"":0.22072820365428925,""pitch"":-0.2260330319404602,""yaw"":3.137615442276001,""rollspeed"":-0.06032279506325722,""pitchspeed"":-0.08297310769557953,""yawspeed"":0.0703297033905983}",4.9925003
11475801462000,vfr,616,"{""message_type"":""VFR_HUD"",""airspeed"":35.12525939941406,""alt"":132.6999969482422}",4.9929115
11475801593900,position,616,"{""message_type"":""GLOBAL_POSITION_INT"",""lat"":469508661,""lon"":393490579}",4.9930434
11475804085000,gimbal,3161,"{""imu_roll"":0.0,""imu_pitch"":52.837886810302734,""imu_yaw"":24.66814422607422,""frame_roll"":0.0,""frame_pitch"":52.837886810302734,""frame_yaw"":24.66814422607422,""pitch_speed"":0.0,""yaw_speed"":0.0}",4.9955345
11475804556000,fov,3161,"{""zoom"":12.339999198913574,""hfov"":7.293355464935303,""vfov"":4.106302738189697,""state"":0,""max_aov_h"":90.0,""max_aov_v"":58.71550750732422,""min_aov_h"":1.40625,""min_aov_v"":0.7910428047180176,""max_zoom"":64.0}",4.9960055
11475813783600,target_offset,449,"{""x_angle_offset"":3.244023732841015,""y_angle_offset"":1.726168002905669}",5.0052331
11475823871300,gimbal,3162,"{""imu_roll"":0.0,""imu_pitch"":53.34520721435547,""imu_yaw"":24.605806350708008,""frame_roll"":0.0,""frame_pitch"":53.34520721435547,""frame_yaw"":24.605806350708008,""pitch_speed"":0.0,""yaw_speed"":0.0}",5.0153208
11475824204900,fov,3162,"{""zoom"":12.339999198913574,""hfov"":7.293355464935303,""vfov"":4.106302738189697,""state"":0,""max_aov_h"":90.0,""max_aov_v"":58.71550750732422,""min_aov_h"":1.40625,""min_aov_v"":0.7910428047180176,""max_zoom"":64.0}",5.0156544
11475843291300,gimbal,3163,"{""imu_roll"":0.0,""imu_pitch"":53.692413330078125,""imu_yaw"":24.553512573242188,""frame_roll"":0.0,""frame_pitch"":53.692413330078125,""frame_yaw"":24.553512573242188,""pitch_speed"":0.0,""yaw_speed"":0.0}",5.0347408
11475843575100,fov,3163,"{""zoom"":12.339999198913574,""hfov"":7.293355464935303,""vfov"":4.106302738189697,""state"":0,""max_aov_h"":90.0,""max_aov_v"":58.71550750732422,""min_aov_h"":1.40625,""min_aov_v"":0.7910428047180176,""max_zoom"":64.0}",5.0350246
11475853594700,target_offset,450,"{""x_angle_offset"":3.2668154686689377,""y_angle_offset"":1.7793978532155355}",5.0450442
11475863430000,attitude,1233,"{""message_type"":""ATTITUDE"",""time_boot_ms"":123870,""roll"":0.21795596182346344,""pitch"":-0.23354826867580414,""yaw"":3.140472412109375,""rollspeed"":-0.04074202850461006,""pitchspeed"":-0.08027273416519165,""yawspeed"":0.07100716233253479}",5.0548795
11475865003900,gimbal,3164,"{""imu_roll"":0.0,""imu_pitch"":54.10343933105469,""imu_yaw"":25.312910079956055,""frame_roll"":0.0,""frame_pitch"":54.10343933105469,""frame_yaw"":25.312910079956055,""pitch_speed"":0.0,""yaw_speed"":0.0}",5.0564534
11475865330900,fov,3164,"{""zoom"":12.339999198913574,""hfov"":7.293355464935303,""vfov"":4.106302738189697,""state"":0,""max_aov_h"":90.0,""max_aov_v"":58.71550750732422,""min_aov_h"":1.40625,""min_aov_v"":0.7910428047180176,""max_zoom"":64.0}",5.0567804
11475883357900,gimbal,3165,"{""imu_roll"":0.0,""imu_pitch"":54.537532806396484,""imu_yaw"":25.293048858642578,""frame_roll"":0.0,""frame_pitch"":54.537532806396484,""frame_yaw"":25.293048858642578,""pitch_speed"":0.0,""yaw_speed"":0.0}",5.0748074
11475884517700,fov,3165,"{""zoom"":12.339999198913574,""hfov"":7.293355464935303,""vfov"":4.106302738189697,""state"":0,""max_aov_h"":90.0,""max_aov_v"":58.71550750732422,""min_aov_h"":1.40625,""min_aov_v"":0.7910428047180176,""max_zoom"":64.0}",5.0759672
11475896450300,target_offset,451,"{""x_angle_offset"":3.3655796572566032,""y_angle_offset"":1.8782532895052875}",5.0878998
11475902306800,attitude,1234,"{""message_type"":""ATTITUDE"",""time_boot_ms"":123910,""roll"":0.21739158034324646,""pitch"":-0.23723697662353516,""yaw"":-3.1408846378326416,""rollspeed"":-0.019998818635940552,""pitchspeed"":-0.07973078638315201,""yawspeed"":0.07155901193618774}",5.0937563
11475902537400,vfr,617,"{""message_type"":""VFR_HUD"",""airspeed"":35.39726257324219,""alt"":131.66000366210938}",5.0939869
11475902635400,position,617,"{""message_type"":""GLOBAL_POSITION_INT"",""lat"":469507961,""lon"":393490548}",5.0940849
11475908368700,range,1175,"{""message_type"":""GLOBAL_VISION_POSITION_ESTIMATE"",""x"":46.95059585571289,""y"":39.348995208740234}",5.0998182
11475909169700,gimbal,3166,"{""imu_roll"":0.0,""imu_pitch"":55.02732849121094,""imu_yaw"":26.1746826171875,""frame_roll"":0.0,""frame_pitch"":55.02732849121094,""frame_yaw"":26.1746826171875,""pitch_speed"":0.0,""yaw_speed"":0.0}",5.1006192
11475909469000,fov,3166,"{""zoom"":12.339999198913574,""hfov"":7.293355464935303,""vfov"":4.106302738189697,""state"":0,""max_aov_h"":90.0,""max_aov_v"":58.71550750732422,""min_aov_h"":1.40625,""min_aov_v"":0.7910428047180176,""max_zoom"":64.0}",5.1009185
11475920645700,range,1176,"{""message_type"":""GLOBAL_VISION_POSITION_ESTIMATE"",""x"":46.95059585571289,""y"":39.348995208740234}",5.1120952
11475931439600,gimbal,3167,"{""imu_roll"":0.0,""imu_pitch"":55.56858444213867,""imu_yaw"":26.17815399169922,""frame_roll"":0.0,""frame_pitch"":55.56858444213867,""frame_yaw"":26.17815399169922,""pitch_speed"":0.0,""yaw_speed"":0.0}",5.1228891
11475931823900,fov,3167,"{""zoom"":12.339999198913574,""hfov"":7.293355464935303,""vfov"":4.106302738189697,""state"":0,""max_aov_h"":90.0,""max_aov_v"":58.71550750732422,""min_aov_h"":1.40625,""min_aov_v"":0.7910428047180176,""max_zoom"":64.0}",5.1232734
11475942110300,target_offset,452,"{""x_angle_offset"":3.2896072044968605,""y_angle_offset"":1.9314831398151537}",5.1335598
11475958154800,gimbal,3168,"{""imu_roll"":0.0,""imu_pitch"":55.99883270263672,""imu_yaw"":26.91789436340332,""frame_roll"":0.0,""frame_pitch"":55.99883270263672,""frame_yaw"":26.91789436340332,""pitch_speed"":0.0,""yaw_speed"":0.0}",5.1496043
11475958698800,fov,3168,"{""zoom"":12.339999198913574,""hfov"":7.293355464935303,""vfov"":4.106302738189697,""state"":0,""max_aov_h"":90.0,""max_aov_v"":58.71550750732422,""min_aov_h"":1.40625,""min_aov_v"":0.7910428047180176,""max_zoom"":64.0}",5.1501483
11475964378200,target_offset,453,"{""x_angle_offset"":3.244023732841015,""y_angle_offset"":1.9010660824952301}",5.1558277
11475969040600,attitude,1235,"{""message_type"":""ATTITUDE"",""time_boot_ms"":123970,""roll"":0.2183070331811905,""pitch"":-0.24273483455181122,""yaw"":-3.138108491897583,""rollspeed"":0.016892127692699432,""pitchspeed"":-0.07889445871114731,""yawspeed"":0.07226985692977905}",5.1604901
11475972567800,gimbal,3169,"{""imu_roll"":0.0,""imu_pitch"":56.5318603515625,""imu_yaw"":26.984004974365234,""frame_roll"":0.0,""frame_pitch"":56.5318603515625,""frame_yaw"":26.984004974365234,""pitch_speed"":0.0,""yaw_speed"":0.0}",5.1640173
11475973093000,fov,3169,"{""zoom"":12.339999198913574,""hfov"":7.293355464935303,""vfov"":4.106302738189697,""state"":0,""max_aov_h"":90.0,""max_aov_v"":58.71550750732422,""min_aov_h"":1.40625,""min_aov_v"":0.7910428047180176,""max_zoom"":64.0}",5.1645425
11475996199200,gimbal,3170,"{""imu_roll"":0.0,""imu_pitch"":56.965538024902344,""imu_yaw"":27.02776336669922,""frame_roll"":0.0,""frame_pitch"":56.965538024902344,""frame_yaw"":27.02776336669922,""pitch_speed"":0.0,""yaw_speed"":0.0}",5.1876487
11475996544200,fov,3170,"{""zoom"":12.339999198913574,""hfov"":7.293355464935303,""vfov"":4.106302738189697,""state"":0,""max_aov_h"":90.0,""max_aov_v"":58.71550750732422,""min_aov_h"":1.40625,""min_aov_v"":0.7910428047180176,""max_zoom"":64.0}",5.1879937
11476003477600,target_offset,454,"{""x_angle_offset"":3.054092600941658,""y_angle_offset"":1.5664784519760697}",5.1949271
11476012827000,vfr,618,"{""message_type"":""VFR_HUD"",""airspeed"":35.659976959228516,""alt"":130.5699920654297}",5.2042765
11476012967200,position,618,"{""message_type"":""GLOBAL_POSITION_INT"",""lat"":469507961,""lon"":393490548}",5.2044167
11476013128300,attitude,1236,"{""message_type"":""ATTITUDE"",""time_boot_ms"":124010,""roll"":0.22022607922554016,""pitch"":-0.246397465467453,""yaw"":-3.1362686157226562,""rollspeed"":0.043727193027734756,""pitchspeed"":-0.07890110462903976,""yawspeed"":0.07266897708177567}",5.2045778
11476014582700,gimbal,3171,"{""imu_roll"":0.0,""imu_pitch"":57.281192779541016,""imu_yaw"":27.63397789001465,""frame_roll"":0.0,""frame_pitch"":57.281192779541016,""frame_yaw"":27.63397789001465,""pitch_speed"":0.0,""yaw_speed"":0.0}",5.2060322
11476015290200,fov,3171,"{""zoom"":12.339999198913574,""hfov"":7.293355464935303,""vfov"":4.106302738189697,""state"":0,""max_aov_h"":90.0,""max_aov_v"":58.71550750732422,""min_aov_h"":1.40625,""min_aov_v"":0.7910428047180176,""max_zoom"":64.0}",5.2067397
11476033920200,gimbal,3172,"{""imu_roll"":0.0,""imu_pitch"":57.74457550048828,""imu_yaw"":27.81460952758789,""frame_roll"":0.0,""frame_pitch"":57.74457550048828,""frame_yaw"":27.81460952758789,""pitch_speed"":0.0,""yaw_speed"":0.0}",5.2253697
11476034480900,fov,3172,"{""zoom"":12.339999198913574,""hfov"":7.293355464935303,""vfov"":4.106302738189697,""state"":0,""max_aov_h"":90.0,""max_aov_v"":58.71550750732422,""min_aov_h"":1.40625,""min_aov_v"":0.7910428047180176,""max_zoom"":64.0}",5.2259304
11476044481300,target_offset,455,"{""x_angle_offset"":3.168051280081272,""y_angle_offset"":1.4524144870263558}",5.2359308
11476057329200,gimbal,3173,"{""imu_roll"":0.0,""imu_pitch"":58.06797409057617,""imu_yaw"":28.302106857299805,""frame_roll"":0.0,""frame_pitch"":58.06797409057617,""frame_yaw"":28.302106857299805,""pitch_speed"":0.0,""yaw_speed"":0.0}",5.2487787
11476057611900,fov,3173,"{""zoom"":12.339999198913574,""hfov"":7.293355464935303,""vfov"":4.106302738189697,""state"":0,""max_aov_h"":90.0,""max_aov_v"":58.71550750732422,""min_aov_h"":1.40625,""min_aov_v"":0.7910428047180176,""max_zoom"":64.0}",5.2490614
11476065143100,range,1177,"{""message_type"":""GLOBAL_VISION_POSITION_ESTIMATE"",""x"":46.95064926147461,""y"":39.349002838134766}",5.2565926
11476076548200,gimbal,3174,"{""imu_roll"":0.0,""imu_pitch"":58.55742263793945,""imu_yaw"":28.619234085083008,""frame_roll"":0.0,""frame_pitch"":58.55742263793945,""frame_yaw"":28.619234085083008,""pitch_speed"":0.0,""yaw_speed"":0.0}",5.2679977
11476076991400,fov,3174,"{""zoom"":12.339999198913574,""hfov"":7.293355464935303,""vfov"":4.106302738189697,""state"":0,""max_aov_h"":90.0,""max_aov_v"":58.71550750732422,""min_aov_h"":1.40625,""min_aov_v"":0.7910428047180176,""max_zoom"":64.0}",5.2684409
11476078741300,range,1178,"{""message_type"":""GLOBAL_VISION_POSITION_ESTIMATE"",""x"":46.95064926147461,""y"":39.349002838134766}",5.2701908
11476078952500,attitude,1237,"{""message_type"":""ATTITUDE"",""time_boot_ms"":124070,""roll"":0.2251918762922287,""pitch"":-0.2518746852874756,""yaw"":-3.1335084438323975,""rollspeed"":0.08666735142469406,""pitchspeed"":-0.07868637144565582,""yawspeed"":0.07326249778270721}",5.270402
11476096857300,gimbal,3175,"{""imu_roll"":0.0,""imu_pitch"":59.03562927246094,""imu_yaw"":28.91240692138672,""frame_roll"":0.0,""frame_pitch"":59.03562927246094,""frame_yaw"":28.91240692138672,""pitch_speed"":0.0,""yaw_speed"":0.0}",5.2883068
11476099263300,fov,3175,"{""zoom"":12.339999198913574,""hfov"":7.293355464935303,""vfov"":4.106302738189697,""state"":0,""max_aov_h"":90.0,""max_aov_v"":58.71550750732422,""min_aov_h"":1.40625,""min_aov_v"":0.7910428047180176,""max_zoom"":64.0}",5.2907128
11476113972600,gimbal,3176,"{""imu_roll"":0.0,""imu_pitch"":59.30235290527344,""imu_yaw"":29.06525230407715,""frame_roll"":0.0,""frame_pitch"":59.30235290527344,""frame_yaw"":29.06525230407715,""pitch_speed"":0.0,""yaw_speed"":0.0}",5.3054221
11476114331400,fov,3176,"{""zoom"":12.339999198913574,""hfov"":7.293355464935303,""vfov"":4.106302738189697,""state"":0,""max_aov_h"":90.0,""max_aov_v"":58.71550750732422,""min_aov_h"":1.40625,""min_aov_v"":0.7910428047180176,""max_zoom"":64.0}",5.3057809
11476121274100,position,619,"{""message_type"":""GLOBAL_POSITION_INT"",""lat"":469507252,""lon"":393490508}",5.3127236
11476121542000,attitude,1238,"{""message_type"":""ATTITUDE"",""time_boot_ms"":124110,""roll"":0.22976501286029816,""pitch"":-0.255474716424942,""yaw"":-3.131664991378784,""rollspeed"":0.11646407097578049,""pitchspeed"":-0.0784219354391098,""yawspeed"":0.07353844493627548}",5.3129915
11476122074800,vfr,619,"{""message_type"":""VFR_HUD"",""airspeed"":35.93994140625,""alt"":129.4499969482422}",5.3135243
11476128404500,target_offset,456,"{""x_angle_offset"":3.3731769025325775,""y_angle_offset"":1.3155377290866992}",5.319854
11476138127600,gimbal,3177,"{""imu_roll"":0.0,""imu_pitch"":59.63015365600586,""imu_yaw"":29.3012752532959,""frame_roll"":0.0,""frame_pitch"":59.63015365600586,""frame_yaw"":29.3012752532959,""pitch_speed"":0.0,""yaw_speed"":0.0}",5.3295771
11476138488900,fov,3177,"{""zoom"":12.339999198913574,""hfov"":7.293355464935303,""vfov"":4.106302738189697,""state"":0,""max_aov_h"":90.0,""max_aov_v"":58.71550750732422,""min_aov_h"":1.40625,""min_aov_v"":0.7910428047180176,""max_zoom"":64.0}",5.3299384
11476154937300,gimbal,3178,"{""imu_roll"":0.0,""imu_pitch"":59.78468704223633,""imu_yaw"":29.40067481994629,""frame_roll"":0.0,""frame_pitch"":59.78468704223633,""frame_yaw"":29.40067481994629,""pitch_speed"":0.0,""yaw_speed"":0.0}",5.3463868
11476155310100,fov,3178,"{""zoom"":12.339999198913574,""hfov"":7.293355464935303,""vfov"":4.106302738189697,""state"":0,""max_aov_h"":90.0,""max_aov_v"":58.71550750732422,""min_aov_h"":1.40625,""min_aov_v"":0.7910428047180176,""max_zoom"":64.0}",5.3467596
11476175068700,gimbal,3179,"{""imu_roll"":0.0,""imu_pitch"":60.374149322509766,""imu_yaw"":29.525182723999023,""frame_roll"":0.0,""frame_pitch"":60.374149322509766,""frame_yaw"":29.525182723999023,""pitch_speed"":0.0,""yaw_speed"":0.0}",5.3665182
11476175642200,fov,3179,"{""zoom"":12.339999198913574,""hfov"":7.293355464935303,""vfov"":4.106302738189697,""state"":0,""max_aov_h"":90.0,""max_aov_v"":58.71550750732422,""min_aov_h"":1.40625,""min_aov_v"":0.7910428047180176,""max_zoom"":64.0}",5.3670917
11476181865500,attitude,1239,"{""message_type"":""ATTITUDE"",""time_boot_ms"":124170,""roll"":0.23845036327838898,""pitch"":-0.2607475519180298,""yaw"":-3.1288416385650635,""rollspeed"":0.15810738503932953,""pitchspeed"":-0.07654113322496414,""yawspeed"":0.07415033131837845}",5.373315
11476189934400,gimbal,3180,"{""imu_roll"":0.0,""imu_pitch"":60.7089958190918,""imu_yaw"":29.58600616455078,""frame_roll"":0.0,""frame_pitch"":60.7089958190918,""frame_yaw"":29.58600616455078,""pitch_speed"":0.0,""yaw_speed"":0.0}",5.3813839
11476191331600,fov,3180,"{""zoom"":12.339999198913574,""hfov"":7.293355464935303,""vfov"":4.106302738189697,""state"":0,""max_aov_h"":90.0,""max_aov_v"":58.71550750732422,""min_aov_h"":1.40625,""min_aov_v"":0.7910428047180176,""max_zoom"":64.0}",5.3827811
11476203866400,target_offset,457,"{""x_angle_offset"":3.5099273175001144,""y_angle_offset"":1.2623078787768327}",5.3953159
11476213005100,gimbal,3181,"{""imu_roll"":0.0,""imu_pitch"":60.999755859375,""imu_yaw"":29.682004928588867,""frame_roll"":0.0,""frame_pitch"":60.999755859375,""frame_yaw"":29.682004928588867,""pitch_speed"":0.0,""yaw_speed"":0.0}",5.4044546
11476213323500,fov,3181,"{""zoom"":12.339999198913574,""hfov"":7.293355464935303,""vfov"":4.106302738189697,""state"":0,""max_aov_h"":90.0,""max_aov_v"":58.71550750732422,""min_aov_h"":1.40625,""min_aov_v"":0.7910428047180176,""max_zoom"":64.0}",5.404773
11476220532200,position,620,"{""message_type"":""GLOBAL_POSITION_INT"",""lat"":469507252,""lon"":393490508}",5.4119817
11476220688400,attitude,1240,"{""message_type"":""ATTITUDE"",""time_boot_ms"":124210,""roll"":0.24556311964988708,""pitch"":-0.2641734182834625,""yaw"":-3.1269850730895996,""rollspeed"":0.18500620126724243,""pitchspeed"":-0.07449185103178024,""yawspeed"":0.07440867274999619}",5.4121379
11476220947500,range,1179,"{""message_type"":""GLOBAL_VISION_POSITION_ESTIMATE"",""x"":46.950626373291016,""y"":39.34902572631836}",5.412397
11476221025500,vfr,620,"{""message_type"":""VFR_HUD"",""airspeed"":36.207157135009766,""alt"":128.27999877929688}",5.412475
11476229275300,gimbal,3182,"{""imu_roll"":0.0,""imu_pitch"":61.39012145996094,""imu_yaw"":29.732074737548828,""frame_roll"":0.0,""frame_pitch"":61.39012145996094,""frame_yaw"":29.732074737548828,""pitch_speed"":0.0,""yaw_speed"":0.0}",5.4207248
11476229607600,fov,3182,"{""zoom"":12.339999198913574,""hfov"":7.293355464935303,""vfov"":4.106302738189697,""state"":0,""max_aov_h"":90.0,""max_aov_v"":58.71550750732422,""min_aov_h"":1.40625,""min_aov_v"":0.7910428047180176,""max_zoom"":64.0}",5.4210571
11476242141000,target_offset,458,"{""x_angle_offset"":3.5403162986040115,""y_angle_offset"":1.0798055348572908}",5.4335905
11476243848600,range,1180,"{""message_type"":""GLOBAL_VISION_POSITION_ESTIMATE"",""x"":46.950626373291016,""y"":39.34902572631836}",5.4352981
11476251500300,gimbal,3183,"{""imu_roll"":0.0,""imu_pitch"":61.62331008911133,""imu_yaw"":29.790023803710938,""frame_roll"":0.0,""frame_pitch"":61.62331008911133,""frame_yaw"":29.790023803710938,""pitch_speed"":0.0,""yaw_speed"":0.0}",5.4429498
11476251939800,fov,3183,"{""zoom"":12.339999198913574,""hfov"":7.293355464935303,""vfov"":4.106302738189697,""state"":0,""max_aov_h"":90.0,""max_aov_v"":58.71550750732422,""min_aov_h"":1.40625,""min_aov_v"":0.7910428047180176,""max_zoom"":64.0}",5.4433893
11476267009900,gimbal,3184,"{""imu_roll"":0.0,""imu_pitch"":61.75243377685547,""imu_yaw"":29.813125610351562,""frame_roll"":0.0,""frame_pitch"":61.75243377685547,""frame_yaw"":29.813125610351562,""pitch_speed"":0.0,""yaw_speed"":0.0}",5.4584594
11476267405500,fov,3184,"{""zoom"":12.339999198913574,""hfov"":7.293355464935303,""vfov"":4.106302738189697,""state"":0,""max_aov_h"":90.0,""max_aov_v"":58.71550750732422,""min_aov_h"":1.40625,""min_aov_v"":0.7910428047180176,""max_zoom"":64.0}",5.458855
11476279652800,target_offset,459,"{""x_angle_offset"":3.327593430876732,""y_angle_offset"":1.2090780284669664}",5.4711023
11476282645800,attitude,1241,"{""message_type"":""ATTITUDE"",""time_boot_ms"":124270,""roll"":0.25810757279396057,""pitch"":-0.26914626359939575,""yaw"":-3.1241815090179443,""rollspeed"":0.22114436328411102,""pitchspeed"":-0.06974717974662781,""yawspeed"":0.07501007616519928}",5.4740953
11476289135000,gimbal,3185,"{""imu_roll"":0.0,""imu_pitch"":62.01778030395508,""imu_yaw"":29.854475021362305,""frame_roll"":0.0,""frame_pitch"":62.01778030395508,""frame_yaw"":29.854475021362305,""pitch_speed"":0.0,""yaw_speed"":0.0}",5.4805845
11476289613700,fov,3185,"{""zoom"":12.339999198913574,""hfov"":7.293355464935303,""vfov"":4.106302738189697,""state"":0,""max_aov_h"":90.0,""max_aov_v"":58.71550750732422,""min_aov_h"":1.40625,""min_aov_v"":0.7910428047180176,""max_zoom"":64.0}",5.4810632
11476307162900,gimbal,3186,"{""imu_roll"":0.0,""imu_pitch"":62.179412841796875,""imu_yaw"":29.867904663085938,""frame_roll"":0.0,""frame_pitch"":62.179412841796875,""frame_yaw"":29.867904663085938,""pitch_speed"":0.0,""yaw_speed"":0.0}",5.4986124
11476307522800,fov,3186,"{""zoom"":12.339999198913574,""hfov"":7.293355464935303,""vfov"":4.106302738189697,""state"":0,""max_aov_h"":90.0,""max_aov_v"":58.71550750732422,""min_aov_h"":1.40625,""min_aov_v"":0.7910428047180176,""max_zoom"":64.0}",5.4989723
11476321510600,gimbal,3187,"{""imu_roll"":0.0,""imu_pitch"":62.29218292236328,""imu_yaw"":29.867332458496094,""frame_roll"":0.0,""frame_pitch"":62.29218292236328,""frame_yaw"":29.867332458496094,""pitch_speed"":0.0,""yaw_speed"":0.0}",5.5129601
11476321809300,fov,3187,"{""zoom"":12.339999198913574,""hfov"":7.293355464935303,""vfov"":4.106302738189697,""state"":0,""max_aov_h"":90.0,""max_aov_v"":58.71550750732422,""min_aov_h"":1.40625,""min_aov_v"":0.7910428047180176,""max_zoom"":64.0}",5.5132588
11476323436900,attitude,1242,"{""message_type"":""ATTITUDE"",""time_boot_ms"":124310,""roll"":0.2676459848880768,""pitch"":-0.2723478376865387,""yaw"":-3.122328519821167,""rollspeed"":0.2453509122133255,""pitchspeed"":-0.06759599596261978,""yawspeed"":0.07535406202077866}",5.5148864
11476323929200,vfr,621,"{""message_type"":""VFR_HUD"",""airspeed"":36.48868942260742,""alt"":127.08999633789062}",5.5153787
11476324094500,position,621,"{""message_type"":""GLOBAL_POSITION_INT"",""lat"":469506536,""lon"":393490455}",5.515544
11476341677400,gimbal,3188,"{""imu_roll"":0.0,""imu_pitch"":62.87242889404297,""imu_yaw"":29.897018432617188,""frame_roll"":0.0,""frame_pitch"":62.87242889404297,""frame_yaw"":29.897018432617188,""pitch_speed"":0.0,""yaw_speed"":0.0}",5.5331269
11476342030300,fov,3188,"{""zoom"":12.339999198913574,""hfov"":7.293355464935303,""vfov"":4.106302738189697,""state"":0,""max_aov_h"":90.0,""max_aov_v"":58.71550750732422,""min_aov_h"":1.40625,""min_aov_v"":0.7910428047180176,""max_zoom"":64.0}",5.5334798
11476357097300,gimbal,3189,"{""imu_roll"":0.0,""imu_pitch"":63.14681625366211,""imu_yaw"":29.900634765625,""frame_roll"":0.0,""frame_pitch"":63.14681625366211,""frame_yaw"":29.900634765625,""pitch_speed"":0.0,""yaw_speed"":0.0}",5.5485468
11476358067400,fov,3189,"{""zoom"":12.339999198913574,""hfov"":7.293355464935303,""vfov"":4.106302738189697,""state"":0,""max_aov_h"":90.0,""max_aov_v"":58.71550750732422,""min_aov_h"":1.40625,""min_aov_v"":0.7910428047180176,""max_zoom"":64.0}",5.5495169
11476375782900,range,1181,"{""message_type"":""GLOBAL_VISION_POSITION_ESTIMATE"",""x"":46.95058059692383,""y"":39.349056243896484}",5.5672324
11476379036800,gimbal,3190,"{""imu_roll"":0.0,""imu_pitch"":63.63189697265625,""imu_yaw"":29.92232894897461,""frame_roll"":0.0,""frame_pitch"":63.63189697265625,""frame_yaw"":29.92232894897461,""pitch_speed"":0.0,""yaw_speed"":0.0}",5.5704863
11476379333200,fov,3190,"{""zoom"":12.339999198913574,""hfov"":7.293355464935303,""vfov"":4.106302738189697,""state"":0,""max_aov_h"":90.0,""max_aov_v"":58.71550750732422,""min_aov_h"":1.40625,""min_aov_v"":0.7910428047180176,""max_zoom"":64.0}",5.5707827
11476381849000,range,1182,"{""message_type"":""GLOBAL_VISION_POSITION_ESTIMATE"",""x"":46.95058059692383,""y"":39.349056243896484}",5.5732985
11476381989200,attitude,1243,"{""message_type"":""ATTITUDE"",""time_boot_ms"":124370,""roll"":0.28352025151252747,""pitch"":-0.27700912952423096,""yaw"":-3.119541883468628,""rollspeed"":0.2793993651866913,""pitchspeed"":-0.06690029799938202,""yawspeed"":0.07567539811134338}",5.5734387
11476393074800,gimbal,3191,"{""imu_roll"":0.0,""imu_pitch"":63.87739181518555,""imu_yaw"":29.921396255493164,""frame_roll"":0.0,""frame_pitch"":63.87739181518555,""frame_yaw"":29.921396255493164,""pitch_speed"":0.0,""yaw_speed"":0.0}",5.5845243
11476393414200,fov,3191,"{""zoom"":12.339999198913574,""hfov"":7.293355464935303,""vfov"":4.106302738189697,""state"":0,""max_aov_h"":90.0,""max_aov_v"":58.71550750732422,""min_aov_h"":1.40625,""min_aov_v"":0.7910428047180176,""max_zoom"":64.0}",5.5848637
11476407385400,target_offset,460,"{""x_angle_offset"":3.2288292422890663,""y_angle_offset"":1.0341799488774053}",5.5988349
11476412004100,gimbal,3192,"{""imu_roll"":0.0,""imu_pitch"":64.09117126464844,""imu_yaw"":29.937713623046875,""frame_roll"":0.0,""frame_pitch"":64.09117126464844,""frame_yaw"":29.937713623046875,""pitch_speed"":0.0,""yaw_speed"":0.0}",5.6034536
11476412575800,fov,3192,"{""zoom"":12.339999198913574,""hfov"":7.293355464935303,""vfov"":4.106302738189697,""state"":0,""max_aov_h"":90.0,""max_aov_v"":58.71550750732422,""min_aov_h"":1.40625,""min_aov_v"":0.7910428047180176,""max_zoom"":64.0}",5.6040253
11476422114800,position,622,"{""message_type"":""GLOBAL_POSITION_INT"",""lat"":469506536,""lon"":393490455}",5.6135643
11476422379000,attitude,1244,"{""message_type"":""ATTITUDE"",""time_boot_ms"":124410,""roll"":0.2950258255004883,""pitch"":-0.28009817004203796,""yaw"":-3.117727756500244,""rollspeed"":0.29537591338157654,""pitchspeed"":-0.06541986763477325,""yawspeed"":0.07584590464830399}",5.6138285
11476422780800,vfr,622,"{""message_type"":""VFR_HUD"",""airspeed"":36.77964401245117,""alt"":125.83999633789062}",5.6142303
11476425871800,gimbal,3193,"{""imu_roll"":0.0,""imu_pitch"":64.31084442138672,""imu_yaw"":29.94622802734375,""frame_roll"":0.0,""frame_pitch"":64.31084442138672,""frame_yaw"":29.94622802734375,""pitch_speed"":0.0,""yaw_speed"":0.0}",5.6173213
11476426432400,fov,3193,"{""zoom"":12.339999198913574,""hfov"":7.293355464935303,""vfov"":4.106302738189697,""state"":0,""max_aov_h"":90.0,""max_aov_v"":58.71550750732422,""min_aov_h"":1.40625,""min_aov_v"":0.7910428047180176,""max_zoom"":64.0}",5.6178819
11476447858500,gimbal,3194,"{""imu_roll"":0.0,""imu_pitch"":64.60712432861328,""imu_yaw"":29.948734283447266,""frame_roll"":0.0,""frame_pitch"":64.60712432861328,""frame_yaw"":29.948734283447266,""pitch_speed"":0.0,""yaw_speed"":0.0}",5.639308
11476448136200,fov,3194,"{""zoom"":12.339999198913574,""hfov"":7.293355464935303,""vfov"":4.106302738189697,""state"":0,""max_aov_h"":90.0,""max_aov_v"":58.71550750732422,""min_aov_h"":1.40625,""min_aov_v"":0.7910428047180176,""max_zoom"":64.0}",5.6395857
11476461310600,gimbal,3195,"{""imu_roll"":0.0,""imu_pitch"":64.75057983398438,""imu_yaw"":29.93992042541504,""frame_roll"":0.0,""frame_pitch"":64.75057983398438,""frame_yaw"":29.93992042541504,""pitch_speed"":0.0,""yaw_speed"":0.0}",5.6527601
11476461801600,fov,3195,"{""zoom"":12.339999198913574,""hfov"":7.293355464935303,""vfov"":4.106302738189697,""state"":0,""max_aov_h"":90.0,""max_aov_v"":58.71550750732422,""min_aov_h"":1.40625,""min_aov_v"":0.7910428047180176,""max_zoom"":64.0}",5.6532511
11476474734000,gimbal,3196,"{""imu_roll"":0.0,""imu_pitch"":64.87690734863281,""imu_yaw"":29.925302505493164,""frame_roll"":0.0,""frame_pitch"":64.87690734863281,""frame_yaw"":29.925302505493164,""pitch_speed"":0.0,""yaw_speed"":0.0}",5.6661835
11476475343700,fov,3196,"{""zoom"":12.339999198913574,""hfov"":7.293355464935303,""vfov"":4.106302738189697,""state"":0,""max_aov_h"":90.0,""max_aov_v"":58.71550750732422,""min_aov_h"":1.40625,""min_aov_v"":0.7910428047180176,""max_zoom"":64.0}",5.6667932
11476483129700,attitude,1245,"{""message_type"":""ATTITUDE"",""time_boot_ms"":124470,""roll"":0.31301477551460266,""pitch"":-0.2844395339488983,""yaw"":-3.1149208545684814,""rollspeed"":0.307494193315506,""pitchspeed"":-0.057247087359428406,""yawspeed"":0.07670611143112183}",5.6745792
11476494910300,gimbal,3197,"{""imu_roll"":0.0,""imu_pitch"":65.07649230957031,""imu_yaw"":29.94025421142578,""frame_roll"":0.0,""frame_pitch"":65.07649230957031,""frame_yaw"":29.94025421142578,""pitch_speed"":0.0,""yaw_speed"":0.0}",5.6863598
11476495209900,fov,3197,"{""zoom"":12.339999198913574,""hfov"":7.293355464935303,""vfov"":4.106302738189697,""state"":0,""max_aov_h"":90.0,""max_aov_v"":58.71550750732422,""min_aov_h"":1.40625,""min_aov_v"":0.7910428047180176,""max_zoom"":64.0}",5.6866594
11476508156900,gimbal,3198,"{""imu_roll"":0.0,""imu_pitch"":65.18162536621094,""imu_yaw"":29.94013023376465,""frame_roll"":0.0,""frame_pitch"":65.18162536621094,""frame_yaw"":29.94013023376465,""pitch_speed"":0.0,""yaw_speed"":0.0}",5.6996064
11476508578800,fov,3198,"{""zoom"":12.339999198913574,""hfov"":7.293355464935303,""vfov"":4.106302738189697,""state"":0,""max_aov_h"":90.0,""max_aov_v"":58.71550750732422,""min_aov_h"":1.40625,""min_aov_v"":0.7910428047180176,""max_zoom"":64.0}",5.7000283
11476521029100,vfr,623,"{""message_type"":""VFR_HUD"",""airspeed"":37.052547454833984,""alt"":124.54999542236328}",5.7124786
11476521193700,position,623,"{""message_type"":""GLOBAL_POSITION_INT"",""lat"":469506536,""lon"":393490455}",5.7126432
11476521329400,attitude,1246,"{""message_type"":""ATTITUDE"",""time_boot_ms"":124510,""roll"":0.32518646121025085,""pitch"":-0.28715914487838745,""yaw"":-3.1130259037017822,""rollspeed"":0.3098491132259369,""pitchspeed"":-0.05392240360379219,""yawspeed"":0.07698565721511841}",5.7127789
11476530271100,gimbal,3199,"{""imu_roll"":0.0,""imu_pitch"":65.33563232421875,""imu_yaw"":29.953447341918945,""frame_roll"":0.0,""frame_pitch"":65.33563232421875,""frame_yaw"":29.953447341918945,""pitch_speed"":0.0,""yaw_speed"":0.0}",5.7217206
11476530605800,range,1183,"{""message_type"":""GLOBAL_VISION_POSITION_ESTIMATE"",""x"":46.95060348510742,""y"":39.34912109375}",5.7220553
11476530774800,fov,3199,"{""zoom"":12.339999198913574,""hfov"":7.293355464935303,""vfov"":4.106302738189697,""state"":0,""max_aov_h"":90.0,""max_aov_v"":58.71550750732422,""min_aov_h"":1.40625,""min_aov_v"":0.7910428047180176,""max_zoom"":64.0}",5.7222243
11476539714800,range,1184,"{""message_type"":""GLOBAL_VISION_POSITION_ESTIMATE"",""x"":46.95060348510742,""y"":39.34912109375}",5.7311643
11476542326100,gimbal,3200,"{""imu_roll"":0.0,""imu_pitch"":65.40311431884766,""imu_yaw"":29.949445724487305,""frame_roll"":0.0,""frame_pitch"":65.40311431884766,""frame_yaw"":29.949445724487305,""pitch_speed"":0.0,""yaw_speed"":0.0}",5.7337756
11476542658400,fov,3200,"{""zoom"":12.339999198913574,""hfov"":7.293355464935303,""vfov"":4.106302738189697,""state"":0,""max_aov_h"":90.0,""max_aov_v"":58.71550750732422,""min_aov_h"":1.40625,""min_aov_v"":0.7910428047180176,""max_zoom"":64.0}",5.7341079
11476555737900,gimbal,3201,"{""imu_roll"":0.0,""imu_pitch"":65.46688842773438,""imu_yaw"":29.93854331970215,""frame_roll"":0.0,""frame_pitch"":65.46688842773438,""frame_yaw"":29.93854331970215,""pitch_speed"":0.0,""yaw_speed"":0.0}",5.7471874
11476556133900,fov,3201,"{""zoom"":12.339999198913574,""hfov"":7.293355464935303,""vfov"":4.106302738189697,""state"":0,""max_aov_h"":90.0,""max_aov_v"":58.71550750732422,""min_aov_h"":1.40625,""min_aov_v"":0.7910428047180176,""max_zoom"":64.0}",5.7475834
11476577299700,gimbal,3202,"{""imu_roll"":0.0,""imu_pitch"":65.55162048339844,""imu_yaw"":29.914886474609375,""frame_roll"":0.0,""frame_pitch"":65.55162048339844,""frame_yaw"":29.914886474609375,""pitch_speed"":0.0,""yaw_speed"":0.0}",5.7687492
11476578208900,fov,3202,"{""zoom"":12.339999198913574,""hfov"":7.293355464935303,""vfov"":4.106302738189697,""state"":0,""max_aov_h"":90.0,""max_aov_v"":58.71550750732422,""min_aov_h"":1.40625,""min_aov_v"":0.7910428047180176,""max_zoom"":64.0}",5.7696584
11476580194400,attitude,1247,"{""message_type"":""ATTITUDE"",""time_boot_ms"":124570,""roll"":0.34274688363075256,""pitch"":-0.29103973507881165,""yaw"":-3.1100034713745117,""rollspeed"":0.301778644323349,""pitchspeed"":-0.047345418483018875,""yawspeed"":0.0775153711438179}",5.7716439
11476590914600,gimbal,3203,"{""imu_roll"":0.0,""imu_pitch"":65.57791900634766,""imu_yaw"":29.926633834838867,""frame_roll"":0.0,""frame_pitch"":65.57791900634766,""frame_yaw"":29.926633834838867,""pitch_speed"":0.0,""yaw_speed"":0.0}",5.7823641
11476591173500,fov,3203,"{""zoom"":12.339999198913574,""hfov"":7.293355464935303,""vfov"":4.106302738189697,""state"":0,""max_aov_h"":90.0,""max_aov_v"":58.71550750732422,""min_aov_h"":1.40625,""min_aov_v"":0.7910428047180176,""max_zoom"":64.0}",5.782623
11476610881100,gimbal,3204,"{""imu_roll"":0.0,""imu_pitch"":65.61071014404297,""imu_yaw"":29.93047523498535,""frame_roll"":0.0,""frame_pitch"":65.61071014404297,""frame_yaw"":29.93047523498535,""pitch_speed"":0.0,""yaw_speed"":0.0}",5.8023306
11476611931300,fov,3204,"{""zoom"":12.339999198913574,""hfov"":7.293355464935303,""vfov"":4.106302738189697,""state"":0,""max_aov_h"":90.0,""max_aov_v"":58.71550750732422,""min_aov_h"":1.40625,""min_aov_v"":0.7910428047180176,""max_zoom"":64.0}",5.8033808
11476620523400,position,624,"{""message_type"":""GLOBAL_POSITION_INT"",""lat"":469505811,""lon"":393490390}",5.8119729
11476620751700,attitude,1248,"{""message_type"":""ATTITUDE"",""time_boot_ms"":124610,""roll"":0.3538597524166107,""pitch"":-0.2933676838874817,""yaw"":-3.1078507900238037,""rollspeed"":0.29178982973098755,""pitchspeed"":-0.039807189255952835,""yawspeed"":0.07808239758014679}",5.8122012
11476621175200,vfr,624,"{""message_type"":""VFR_HUD"",""airspeed"":37.33613967895508,""alt"":123.22999572753906}",5.8126247
11476625616300,gimbal,3205,"{""imu_roll"":0.0,""imu_pitch"":65.63070678710938,""imu_yaw"":29.923049926757812,""frame_roll"":0.0,""frame_pitch"":65.63070678710938,""frame_yaw"":29.923049926757812,""pitch_speed"":0.0,""yaw_speed"":0.0}",5.8170658
11476626065200,fov,3205,"{""zoom"":12.339999198913574,""hfov"":7.293355464935303,""vfov"":4.106302738189697,""state"":0,""max_aov_h"":90.0,""max_aov_v"":58.71550750732422,""min_aov_h"":1.40625,""min_aov_v"":0.7910428047180176,""max_zoom"":64.0}",5.8175147
11476648670000,gimbal,3206,"{""imu_roll"":0.0,""imu_pitch"":65.59690856933594,""imu_yaw"":29.940139770507812,""frame_roll"":0.0,""frame_pitch"":65.59690856933594,""frame_yaw"":29.940139770507812,""pitch_speed"":0.0,""yaw_speed"":0.0}",5.8401195
11476648927600,fov,3206,"{""zoom"":12.339999198913574,""hfov"":7.293355464935303,""vfov"":4.106302738189697,""state"":0,""max_aov_h"":90.0,""max_aov_v"":58.71550750732422,""min_aov_h"":1.40625,""min_aov_v"":0.7910428047180176,""max_zoom"":64.0}",5.8403771
11476659820500,gimbal,3207,"{""imu_roll"":0.0,""imu_pitch"":65.58234405517578,""imu_yaw"":29.939294815063477,""frame_roll"":0.0,""frame_pitch"":65.58234405517578,""frame_yaw"":29.939294815063477,""pitch_speed"":0.0,""yaw_speed"":0.0}",5.85127
11476660194700,fov,3207,"{""zoom"":12.339999198913574,""hfov"":7.293355464935303,""vfov"":4.106302738189697,""state"":0,""max_aov_h"":90.0,""max_aov_v"":58.71550750732422,""min_aov_h"":1.40625,""min_aov_v"":0.7910428047180176,""max_zoom"":64.0}",5.8516442
11476674492600,gimbal,3208,"{""imu_roll"":0.0,""imu_pitch"":65.56742858886719,""imu_yaw"":29.93284034729004,""frame_roll"":0.0,""frame_pitch"":65.56742858886719,""frame_yaw"":29.93284034729004,""pitch_speed"":0.0,""yaw_speed"":0.0}",5.8659421
11476675544800,fov,3208,"{""zoom"":12.339999198913574,""hfov"":7.293355464935303,""vfov"":4.106302738189697,""state"":0,""max_aov_h"":90.0,""max_aov_v"":58.71550750732422,""min_aov_h"":1.40625,""min_aov_v"":0.7910428047180176,""max_zoom"":64.0}",5.8669943
11476686091200,range,1185,"{""message_type"":""GLOBAL_VISION_POSITION_ESTIMATE"",""x"":46.950531005859375,""y"":39.34913635253906}",5.8775407
11476692592100,range,1186,"{""message_type"":""GLOBAL_VISION_POSITION_ESTIMATE"",""x"":46.950531005859375,""y"":39.34913635253906}",5.8840416
11476692813500,attitude,1249,"{""message_type"":""ATTITUDE"",""time_boot_ms"":124670,""roll"":0.36943766474723816,""pitch"":-0.29623934626579285,""yaw"":-3.104304790496826,""rollspeed"":0.2706010043621063,""pitchspeed"":-0.024029362946748734,""yawspeed"":0.07929111272096634}",5.884263
11476694596300,gimbal,3209,"{""imu_roll"":0.0,""imu_pitch"":65.48884582519531,""imu_yaw"":29.946149826049805,""frame_roll"":0.0,""frame_pitch"":65.48884582519531,""frame_yaw"":29.946149826049805,""pitch_speed"":0.0,""yaw_speed"":0.0}",5.8860458
11476694942700,fov,3209,"{""zoom"":12.339999198913574,""hfov"":7.293355464935303,""vfov"":4.106302738189697,""state"":0,""max_aov_h"":90.0,""max_aov_v"":58.71550750732422,""min_aov_h"":1.40625,""min_aov_v"":0.7910428047180176,""max_zoom"":64.0}",5.8863922
11476707053500,gimbal,3210,"{""imu_roll"":0.0,""imu_pitch"":65.44715118408203,""imu_yaw"":29.94254493713379,""frame_roll"":0.0,""frame_pitch"":65.44715118408203,""frame_yaw"":29.94254493713379,""pitch_speed"":0.0,""yaw_speed"":0.0}",5.898503
11476707425000,fov,3210,"{""zoom"":12.339999198913574,""hfov"":7.293355464935303,""vfov"":4.106302738189697,""state"":0,""max_aov_h"":90.0,""max_aov_v"":58.71550750732422,""min_aov_h"":1.40625,""min_aov_v"":0.7910428047180176,""max_zoom"":64.0}",5.8988745
11476723300300,target_offset,461,"{""x_angle_offset"":3.274412713944912,""y_angle_offset"":1.163452442487081}",5.9147498
11476729143200,gimbal,3211,"{""imu_roll"":0.0,""imu_pitch"":65.7012710571289,""imu_yaw"":29.955219268798828,""frame_roll"":0.0,""frame_pitch"":65.7012710571289,""frame_yaw"":29.955219268798828,""pitch_speed"":0.0,""yaw_speed"":0.0}",5.9205927
11476729537000,fov,3211,"{""zoom"":12.339999198913574,""hfov"":7.293355464935303,""vfov"":4.106302738189697,""state"":0,""max_aov_h"":90.0,""max_aov_v"":58.71550750732422,""min_aov_h"":1.40625,""min_aov_v"":0.7910428047180176,""max_zoom"":64.0}",5.9209865
11476736597000,position,625,"{""message_type"":""GLOBAL_POSITION_INT"",""lat"":469505811,""lon"":393490390}",5.9280465
11476736792900,attitude,1250,"{""message_type"":""ATTITUDE"",""time_boot_ms"":124710,""roll"":0.37897515296936035,""pitch"":-0.2976688742637634,""yaw"":-3.1016814708709717,""rollspeed"":0.2549605071544647,""pitchspeed"":-0.012226523831486702,""yawspeed"":0.08037400245666504}",5.9282424
11476737026100,vfr,625,"{""message_type"":""VFR_HUD"",""airspeed"":37.626312255859375,""alt"":121.8499984741211}",5.9284756
11476741884600,gimbal,3212,"{""imu_roll"":0.0,""imu_pitch"":65.58718872070312,""imu_yaw"":29.96087074279785,""frame_roll"":0.0,""frame_pitch"":65.58718872070312,""frame_yaw"":29.96087074279785,""pitch_speed"":0.0,""yaw_speed"":0.0}",5.9333341
11476742389700,fov,3212,"{""zoom"":12.339999198913574,""hfov"":7.293355464935303,""vfov"":4.106302738189697,""state"":0,""max_aov_h"":90.0,""max_aov_v"":58.71550750732422,""min_aov_h"":1.40625,""min_aov_v"":0.7910428047180176,""max_zoom"":64.0}",5.9338392
11476757420300,gimbal,3213,"{""imu_roll"":0.0,""imu_pitch"":65.47030639648438,""imu_yaw"":29.9569149017334,""frame_roll"":0.0,""frame_pitch"":65.47030639648438,""frame_yaw"":29.9569149017334,""pitch_speed"":0.0,""yaw_speed"":0.0}",5.9488698
11476757808700,fov,3213,"{""zoom"":12.339999198913574,""hfov"":7.293355464935303,""vfov"":4.106302738189697,""state"":0,""max_aov_h"":90.0,""max_aov_v"":58.71550750732422,""min_aov_h"":1.40625,""min_aov_v"":0.7910428047180176,""max_zoom"":64.0}",5.9492582
11476775358000,gimbal,3214,"{""imu_roll"":0.0,""imu_pitch"":65.3521499633789,""imu_yaw"":29.941059112548828,""frame_roll"":0.0,""frame_pitch"":65.3521499633789,""frame_yaw"":29.941059112548828,""pitch_speed"":0.0,""yaw_speed"":0.0}",5.9668075
11476775658700,fov,3214,"{""zoom"":12.339999198913574,""hfov"":7.293355464935303,""vfov"":4.106302738189697,""state"":0,""max_aov_h"":90.0,""max_aov_v"":58.71550750732422,""min_aov_h"":1.40625,""min_aov_v"":0.7910428047180176,""max_zoom"":64.0}",5.9671082
11476787039300,gimbal,3215,"{""imu_roll"":0.0,""imu_pitch"":65.20855712890625,""imu_yaw"":29.948575973510742,""frame_roll"":0.0,""frame_pitch"":65.20855712890625,""frame_yaw"":29.948575973510742,""pitch_speed"":0.0,""yaw_speed"":0.0}",5.9784888
11476787623900,fov,3215,"{""zoom"":12.339999198913574,""hfov"":7.293355464935303,""vfov"":4.106302738189697,""state"":0,""max_aov_h"":90.0,""max_aov_v"":58.71550750732422,""min_aov_h"":1.40625,""min_aov_v"":0.7910428047180176,""max_zoom"":64.0}",5.9790734
11476797998900,attitude,1251,"{""message_type"":""ATTITUDE"",""time_boot_ms"":124770,""roll"":0.3918987512588501,""pitch"":-0.29974398016929626,""yaw"":-3.097301721572876,""rollspeed"":0.2304738610982895,""pitchspeed"":0.0048937806859612465,""yawspeed"":0.08187441527843475}",5.9894484
11476809009200,gimbal,3216,"{""imu_roll"":0.0,""imu_pitch"":64.99600219726562,""imu_yaw"":29.9469051361084,""frame_roll"":0.0,""frame_pitch"":64.99600219726562,""frame_yaw"":29.9469051361084,""pitch_speed"":0.0,""yaw_speed"":0.0}",6.0004587
11476809504400,fov,3216,"{""zoom"":12.339999198913574,""hfov"":7.293355464935303,""vfov"":4.106302738189697,""state"":0,""max_aov_h"":90.0,""max_aov_v"":58.71550750732422,""min_aov_h"":1.40625,""min_aov_v"":0.7910428047180176,""max_zoom"":64.0}",6.0009539
11476819117000,gimbal,3217,"{""imu_roll"":0.0,""imu_pitch"":64.91264343261719,""imu_yaw"":29.935794830322266,""frame_roll"":0.0,""frame_pitch"":64.91264343261719,""frame_yaw"":29.935794830322266,""pitch_speed"":0.0,""yaw_speed"":0.0}",6.0105665
11476819475200,fov,3217,"{""zoom"":12.339999198913574,""hfov"":7.293355464935303,""vfov"":4.106302738189697,""state"":0,""max_aov_h"":90.0,""max_aov_v"":58.71550750732422,""min_aov_h"":1.40625,""min_aov_v"":0.7910428047180176,""max_zoom"":64.0}",6.0109247
11476832559700,gimbal,3218,"{""imu_roll"":0.0,""imu_pitch"":64.82160186767578,""imu_yaw"":29.917150497436523,""frame_roll"":0.0,""frame_pitch"":64.82160186767578,""frame_yaw"":29.917150497436523,""pitch_speed"":0.0,""yaw_speed"":0.0}",6.0240092
11476832872800,fov,3218,"{""zoom"":12.339999198913574,""hfov"":7.293355464935303,""vfov"":4.106302738189697,""state"":0,""max_aov_h"":90.0,""max_aov_v"":58.71550750732422,""min_aov_h"":1.40625,""min_aov_v"":0.7910428047180176,""max_zoom"":64.0}",6.0243223
11476837596600,attitude,1252,"{""message_type"":""ATTITUDE"",""time_boot_ms"":124810,""roll"":0.3995308578014374,""pitch"":-0.3016241490840912,""yaw"":-3.0941274166107178,""rollspeed"":0.21249441802501678,""pitchspeed"":0.013117711991071701,""yawspeed"":0.08268316835165024}",6.0290461
11476837932700,vfr,626,"{""message_type"":""VFR_HUD"",""airspeed"":37.92022705078125,""alt"":120.44999694824219}",6.0293822
11476838031500,position,626,"{""message_type"":""GLOBAL_POSITION_INT"",""lat"":469505051,""lon"":393490300}",6.029481
11476840631400,range,1187,"{""message_type"":""GLOBAL_VISION_POSITION_ESTIMATE"",""x"":46.95045471191406,""y"":39.34915542602539}",6.0320809
11476853593000,gimbal,3219,"{""imu_roll"":0.0,""imu_pitch"":64.57198333740234,""imu_yaw"":29.93423080444336,""frame_roll"":0.0,""frame_pitch"":64.57198333740234,""frame_yaw"":29.93423080444336,""pitch_speed"":0.0,""yaw_speed"":0.0}",6.0450425
11476854829300,fov,3219,"{""zoom"":12.339999198913574,""hfov"":7.293355464935303,""vfov"":4.106302738189697,""state"":0,""max_aov_h"":90.0,""max_aov_v"":58.71550750732422,""min_aov_h"":1.40625,""min_aov_v"":0.7910428047180176,""max_zoom"":64.0}",6.0462788
11476859787100,range,1188,"{""message_type"":""GLOBAL_VISION_POSITION_ESTIMATE"",""x"":46.95045471191406,""y"":39.34915542602539}",6.0512366
11476866449000,gimbal,3220,"{""imu_roll"":0.0,""imu_pitch"":64.45728302001953,""imu_yaw"":29.931522369384766,""frame_roll"":0.0,""frame_pitch"":64.45728302001953,""frame_yaw"":29.931522369384766,""pitch_speed"":0.0,""yaw_speed"":0.0}",6.0578985
11476866704700,fov,3220,"{""zoom"":12.339999198913574,""hfov"":7.293355464935303,""vfov"":4.106302738189697,""state"":0,""max_aov_h"":90.0,""max_aov_v"":58.71550750732422,""min_aov_h"":1.40625,""min_aov_v"":0.7910428047180176,""max_zoom"":64.0}",6.0581542
11476879913300,target_offset,462,"{""x_angle_offset"":3.3427879214286804,""y_angle_offset"":1.0037628915574814}",6.0713628
11476886922600,gimbal,3221,"{""imu_roll"":0.0,""imu_pitch"":64.1151123046875,""imu_yaw"":29.946643829345703,""frame_roll"":0.0,""frame_pitch"":64.1151123046875,""frame_yaw"":29.946643829345703,""pitch_speed"":0.0,""yaw_speed"":0.0}",6.0783721
11476887775200,fov,3221,"{""zoom"":12.339999198913574,""hfov"":7.293355464935303,""vfov"":4.106302738189697,""state"":0,""max_aov_h"":90.0,""max_aov_v"":58.71550750732422,""min_aov_h"":1.40625,""min_aov_v"":0.7910428047180176,""max_zoom"":64.0}",6.0792247
11476897156500,attitude,1253,"{""message_type"":""ATTITUDE"",""time_boot_ms"":124870,""roll"":0.4095017910003662,""pitch"":-0.30400320887565613,""yaw"":-3.0890591144561768,""rollspeed"":0.18512645363807678,""pitchspeed"":0.024138493463397026,""yawspeed"":0.08341187238693237}",6.088606
11476898697800,gimbal,3222,"{""imu_roll"":0.0,""imu_pitch"":63.97970962524414,""imu_yaw"":29.93947410583496,""frame_roll"":0.0,""frame_pitch"":63.97970962524414,""frame_yaw"":29.93947410583496,""pitch_speed"":0.0,""yaw_speed"":0.0}",6.0901473
11476899171400,fov,3222,"{""zoom"":12.339999198913574,""hfov"":7.293355464935303,""vfov"":4.106302738189697,""state"":0,""max_aov_h"":90.0,""max_aov_v"":58.71550750732422,""min_aov_h"":1.40625,""min_aov_v"":0.7910428047180176,""max_zoom"":64.0}",6.0906209
11476915198200,gimbal,3223,"{""imu_roll"":0.0,""imu_pitch"":63.81146240234375,""imu_yaw"":29.920183181762695,""frame_roll"":0.0,""frame_pitch"":63.81146240234375,""frame_yaw"":29.920183181762695,""pitch_speed"":0.0,""yaw_speed"":0.0}",6.1066477
11476915786200,fov,3223,"{""zoom"":12.339999198913574,""hfov"":7.293355464935303,""vfov"":4.106302738189697,""state"":0,""max_aov_h"":90.0,""max_aov_v"":58.71550750732422,""min_aov_h"":1.40625,""min_aov_v"":0.7910428047180176,""max_zoom"":64.0}",6.1072357
11476928358300,target_offset,463,"{""x_angle_offset"":3.3427879214286804,""y_angle_offset"":0.7832392259880349}",6.1198078
11476934373200,attitude,1254,"{""message_type"":""ATTITUDE"",""time_boot_ms"":124910,""roll"":0.41521501541137695,""pitch"":-0.3053348958492279,""yaw"":-3.0854766368865967,""rollspeed"":0.16820286214351654,""pitchspeed"":0.03063550405204296,""yawspeed"":0.08380433917045593}",6.1258227
11476934959600,vfr,627,"{""message_type"":""VFR_HUD"",""airspeed"":38.21611022949219,""alt"":119.00999450683594}",6.1264091
11476935142400,position,627,"{""message_type"":""GLOBAL_POSITION_INT"",""lat"":469505051,""lon"":393490300}",6.1265919
11476935747400,fov,3224,"{""zoom"":12.339999198913574,""hfov"":7.293355464935303,""vfov"":4.106302738189697,""state"":0,""max_aov_h"":90.0,""max_aov_v"":58.71550750732422,""min_aov_h"":1.40625,""min_aov_v"":0.7910428047180176,""max_zoom"":64.0}",6.1271969
11476936392500,gimbal,3224,"{""imu_roll"":0.0,""imu_pitch"":63.95872497558594,""imu_yaw"":29.935523986816406,""frame_roll"":0.0,""frame_pitch"":63.95872497558594,""frame_yaw"":29.935523986816406,""pitch_speed"":0.0,""yaw_speed"":0.0}",6.127842
11476946408900,gimbal,3225,"{""imu_roll"":0.0,""imu_pitch"":63.71175003051758,""imu_yaw"":29.943870544433594,""frame_roll"":0.0,""frame_pitch"":63.71175003051758,""frame_yaw"":29.943870544433594,""pitch_speed"":0.0,""yaw_speed"":0.0}",6.1378584
11476946864800,fov,3225,"{""zoom"":12.339999198913574,""hfov"":7.293355464935303,""vfov"":4.106302738189697,""state"":0,""max_aov_h"":90.0,""max_aov_v"":58.71550750732422,""min_aov_h"":1.40625,""min_aov_v"":0.7910428047180176,""max_zoom"":64.0}",6.1383143
11476965045600,target_offset,464,"{""x_angle_offset"":3.4567466005682945,""y_angle_offset"":0.8060520189779776}",6.1564951
11476968631200,gimbal,3226,"{""imu_roll"":0.0,""imu_pitch"":63.37882995605469,""imu_yaw"":29.944116592407227,""frame_roll"":0.0,""frame_pitch"":63.37882995605469,""frame_yaw"":29.944116592407227,""pitch_speed"":0.0,""yaw_speed"":0.0}",6.1600807
11476968860400,fov,3226,"{""zoom"":12.339999198913574,""hfov"":7.293355464935303,""vfov"":4.106302738189697,""state"":0,""max_aov_h"":90.0,""max_aov_v"":58.71550750732422,""min_aov_h"":1.40625,""min_aov_v"":0.7910428047180176,""max_zoom"":64.0}",6.1603099
11476979071600,gimbal,3227,"{""imu_roll"":0.0,""imu_pitch"":63.52406692504883,""imu_yaw"":29.95128059387207,""frame_roll"":0.0,""frame_pitch"":63.52406692504883,""frame_yaw"":29.95128059387207,""pitch_speed"":0.0,""yaw_speed"":0.0}",6.1705211
11476979371400,fov,3227,"{""zoom"":12.339999198913574,""hfov"":7.293355464935303,""vfov"":4.106302738189697,""state"":0,""max_aov_h"":90.0,""max_aov_v"":58.71550750732422,""min_aov_h"":1.40625,""min_aov_v"":0.7910428047180176,""max_zoom"":64.0}",6.1708209
11476991258700,gimbal,3228,"{""imu_roll"":0.0,""imu_pitch"":63.23814392089844,""imu_yaw"":29.95731544494629,""frame_roll"":0.0,""frame_pitch"":63.23814392089844,""frame_yaw"":29.95731544494629,""pitch_speed"":0.0,""yaw_speed"":0.0}",6.1827082
11476991775500,fov,3228,"{""zoom"":12.339999198913574,""hfov"":7.293355464935303,""vfov"":4.106302738189697,""state"":0,""max_aov_h"":90.0,""max_aov_v"":58.71550750732422,""min_aov_h"":1.40625,""min_aov_v"":0.7910428047180176,""max_zoom"":64.0}",6.183225
11476994475400,attitude,1255,"{""message_type"":""ATTITUDE"",""time_boot_ms"":124970,""roll"":0.42187806963920593,""pitch"":-0.3072086572647095,""yaw"":-3.0800185203552246,""rollspeed"":0.12527912855148315,""pitchspeed"":0.031162017956376076,""yawspeed"":0.08313293009996414}",6.1859249
11476996234900,range,1189,"{""message_type"":""GLOBAL_VISION_POSITION_ESTIMATE"",""x"":46.950443267822266,""y"":39.34915542602539}",6.1876844
11477012881100,range,1190,"{""message_type"":""GLOBAL_VISION_POSITION_ESTIMATE"",""x"":46.950443267822266,""y"":39.34915542602539}",6.2043306
11477013553200,gimbal,3229,"{""imu_roll"":0.0,""imu_pitch"":62.79169464111328,""imu_yaw"":29.95182228088379,""frame_roll"":0.0,""frame_pitch"":62.79169464111328,""frame_yaw"":29.95182228088379,""pitch_speed"":0.0,""yaw_speed"":0.0}",6.2050027
11477013986100,fov,3229,"{""zoom"":12.339999198913574,""hfov"":7.293355464935303,""vfov"":4.106302738189697,""state"":0,""max_aov_h"":90.0,""max_aov_v"":58.71550750732422,""min_aov_h"":1.40625,""min_aov_v"":0.7910428047180176,""max_zoom"":64.0}",6.2054356
11477025386700,gimbal,3230,"{""imu_roll"":0.0,""imu_pitch"":62.60224914550781,""imu_yaw"":29.935110092163086,""frame_roll"":0.0,""frame_pitch"":62.60224914550781,""frame_yaw"":29.935110092163086,""pitch_speed"":0.0,""yaw_speed"":0.0}",6.2168362
11477025774400,fov,3230,"{""zoom"":12.339999198913574,""hfov"":7.293355464935303,""vfov"":4.106302738189697,""state"":0,""max_aov_h"":90.0,""max_aov_v"":58.71550750732422,""min_aov_h"":1.40625,""min_aov_v"":0.7910428047180176,""max_zoom"":64.0}",6.2172239
11477033561000,position,628,"{""message_type"":""GLOBAL_POSITION_INT"",""lat"":469504299,""lon"":393490168}",6.2250105
11477033778200,attitude,1256,"{""message_type"":""ATTITUDE"",""time_boot_ms"":125010,""roll"":0.4248530864715576,""pitch"":-0.307446151971817,""yaw"":-3.076549768447876,""rollspeed"":0.08771691471338272,""pitchspeed"":0.02481439709663391,""yawspeed"":0.08169340342283249}",6.2252277
11477034369900,vfr,628,"{""message_type"":""VFR_HUD"",""airspeed"":38.5125732421875,""alt"":117.54000091552734}",6.2258194
11477048889300,gimbal,3231,"{""imu_roll"":0.0,""imu_pitch"":62.107818603515625,""imu_yaw"":29.949697494506836,""frame_roll"":0.0,""frame_pitch"":62.107818603515625,""frame_yaw"":29.949697494506836,""pitch_speed"":0.0,""yaw_speed"":0.0}",6.2403388
11477049328800,fov,3231,"{""zoom"":12.339999198913574,""hfov"":7.293355464935303,""vfov"":4.106302738189697,""state"":0,""max_aov_h"":90.0,""max_aov_v"":58.71550750732422,""min_aov_h"":1.40625,""min_aov_v"":0.7910428047180176,""max_zoom"":64.0}",6.2407783
11477060599800,gimbal,3232,"{""imu_roll"":0.0,""imu_pitch"":61.91897201538086,""imu_yaw"":29.944005966186523,""frame_roll"":0.0,""frame_pitch"":61.91897201538086,""frame_yaw"":29.944005966186523,""pitch_speed"":0.0,""yaw_speed"":0.0}",6.2520493
11477060908400,fov,3232,"{""zoom"":12.339999198913574,""hfov"":7.293355464935303,""vfov"":4.106302738189697,""state"":0,""max_aov_h"":90.0,""max_aov_v"":58.71550750732422,""min_aov_h"":1.40625,""min_aov_v"":0.7910428047180176,""max_zoom"":64.0}",6.2523579
11477072075200,gimbal,3233,"{""imu_roll"":0.0,""imu_pitch"":61.725101470947266,""imu_yaw"":29.930255889892578,""frame_roll"":0.0,""frame_pitch"":61.725101470947266,""frame_yaw"":29.930255889892578,""pitch_speed"":0.0,""yaw_speed"":0.0}",6.2635247
11477072616200,fov,3233,"{""zoom"":12.339999198913574,""hfov"":7.293355464935303,""vfov"":4.106302738189697,""state"":0,""max_aov_h"":90.0,""max_aov_v"":58.71550750732422,""min_aov_h"":1.40625,""min_aov_v"":0.7910428047180176,""max_zoom"":64.0}",6.2640657
11477086989600,target_offset,465,"{""x_angle_offset"":3.6010942608118057,""y_angle_offset"":0.7756349616580539}",6.2784391
11477092870700,gimbal,3234,"{""imu_roll"":0.0,""imu_pitch"":61.46681213378906,""imu_yaw"":29.900108337402344,""frame_roll"":0.0,""frame_pitch"":61.46681213378906,""frame_yaw"":29.900108337402344,""pitch_speed"":0.0,""yaw_speed"":0.0}",6.2843202
11477093178900,fov,3234,"{""zoom"":12.339999198913574,""hfov"":7.293355464935303,""vfov"":4.106302738189697,""state"":0,""max_aov_h"":90.0,""max_aov_v"":58.71550750732422,""min_aov_h"":1.40625,""min_aov_v"":0.7910428047180176,""max_zoom"":64.0}",6.2846284
11477095673300,attitude,1257,"{""message_type"":""ATTITUDE"",""time_boot_ms"":125070,""roll"":0.42657217383384705,""pitch"":-0.30835187435150146,""yaw"":-3.0717508792877197,""rollspeed"":0.03098166733980179,""pitchspeed"":0.01120168436318636,""yawspeed"":0.07879095524549484}",6.2871228
11477102986700,gimbal,3235,"{""imu_roll"":0.0,""imu_pitch"":61.23891067504883,""imu_yaw"":29.91196060180664,""frame_roll"":0.0,""frame_pitch"":61.23891067504883,""frame_yaw"":29.91196060180664,""pitch_speed"":0.0,""yaw_speed"":0.0}",6.2944362
11477103410300,fov,3235,"{""zoom"":12.339999198913574,""hfov"":7.293355464935303,""vfov"":4.106302738189697,""state"":0,""max_aov_h"":90.0,""max_aov_v"":58.71550750732422,""min_aov_h"":1.40625,""min_aov_v"":0.7910428047180176,""max_zoom"":64.0}",6.2948598
11477121034000,target_offset,466,"{""x_angle_offset"":3.50233007222414,""y_angle_offset"":0.6843837896982828}",6.3124835
11477125905900,gimbal,3236,"{""imu_roll"":0.0,""imu_pitch"":61.393001556396484,""imu_yaw"":29.931909561157227,""frame_roll"":0.0,""frame_pitch"":61.393001556396484,""frame_yaw"":29.931909561157227,""pitch_speed"":0.0,""yaw_speed"":0.0}",6.3173554
11477127551700,fov,3236,"{""zoom"":12.339999198913574,""hfov"":7.293355464935303,""vfov"":4.106302738189697,""state"":0,""max_aov_h"":90.0,""max_aov_v"":58.71550750732422,""min_aov_h"":1.40625,""min_aov_v"":0.7910428047180176,""max_zoom"":64.0}",6.3190012
11477137725000,vfr,629,"{""message_type"":""VFR_HUD"",""airspeed"":38.808841705322266,""alt"":116.04000091552734}",6.3291745
11477137942500,position,629,"{""message_type"":""GLOBAL_POSITION_INT"",""lat"":469504299,""lon"":393490168}",6.329392
11477138095400,attitude,1258,"{""message_type"":""ATTITUDE"",""time_boot_ms"":125110,""roll"":0.4260815680027008,""pitch"":-0.30928343534469604,""yaw"":-3.068821907043457,""rollspeed"":-0.001154744764789939,""pitchspeed"":0.0038996064104139805,""yawspeed"":0.07661815732717514}",6.3295449
11477139705100,gimbal,3237,"{""imu_roll"":0.0,""imu_pitch"":61.46120834350586,""imu_yaw"":29.92911148071289,""frame_roll"":0.0,""frame_pitch"":61.46120834350586,""frame_yaw"":29.92911148071289,""pitch_speed"":0.0,""yaw_speed"":0.0}",6.3311546
11477139991500,fov,3237,"{""zoom"":12.339999198913574,""hfov"":7.293355464935303,""vfov"":4.106302738189697,""state"":0,""max_aov_h"":90.0,""max_aov_v"":58.71550750732422,""min_aov_h"":1.40625,""min_aov_v"":0.7910428047180176,""max_zoom"":64.0}",6.331441
11477150274800,range,1191,"{""message_type"":""GLOBAL_VISION_POSITION_ESTIMATE"",""x"":46.95035934448242,""y"":39.34912109375}",6.3417243
11477151170400,gimbal,3238,"{""imu_roll"":0.0,""imu_pitch"":61.13503646850586,""imu_yaw"":29.938169479370117,""frame_roll"":0.0,""frame_pitch"":61.13503646850586,""frame_yaw"":29.938169479370117,""pitch_speed"":0.0,""yaw_speed"":0.0}",6.3426199
11477152429300,fov,3238,"{""zoom"":12.339999198913574,""hfov"":7.293355464935303,""vfov"":4.106302738189697,""state"":0,""max_aov_h"":90.0,""max_aov_v"":58.71550750732422,""min_aov_h"":1.40625,""min_aov_v"":0.7910428047180176,""max_zoom"":64.0}",6.3438788
11477156915800,range,1192,"{""message_type"":""GLOBAL_VISION_POSITION_ESTIMATE"",""x"":46.95035934448242,""y"":39.34912109375}",6.3483653
11477167889800,target_offset,467,"{""x_angle_offset"":3.4567466005682945,""y_angle_offset"":0.5627155604185882}",6.3593393
11477171746800,gimbal,3239,"{""imu_roll"":0.0,""imu_pitch"":60.687660217285156,""imu_yaw"":29.941999435424805,""frame_roll"":0.0,""frame_pitch"":60.687660217285156,""frame_yaw"":29.941999435424805,""pitch_speed"":0.0,""yaw_speed"":0.0}",6.3631963
11477172058000,fov,3239,"{""zoom"":12.339999198913574,""hfov"":7.293355464935303,""vfov"":4.106302738189697,""state"":0,""max_aov_h"":90.0,""max_aov_v"":58.71550750732422,""min_aov_h"":1.40625,""min_aov_v"":0.7910428047180176,""max_zoom"":64.0}",6.3635075
11477182425800,gimbal,3240,"{""imu_roll"":0.0,""imu_pitch"":60.79585266113281,""imu_yaw"":29.948341369628906,""frame_roll"":0.0,""frame_pitch"":60.79585266113281,""frame_yaw"":29.948341369628906,""pitch_speed"":0.0,""yaw_speed"":0.0}",6.3738753
11477182657900,fov,3240,"{""zoom"":12.339999198913574,""hfov"":7.293355464935303,""vfov"":4.106302738189697,""state"":0,""max_aov_h"":90.0,""max_aov_v"":58.71550750732422,""min_aov_h"":1.40625,""min_aov_v"":0.7910428047180176,""max_zoom"":64.0}",6.3741074
11477194713400,attitude,1259,"{""message_type"":""ATTITUDE"",""time_boot_ms"":125170,""roll"":0.4231957793235779,""pitch"":-0.31105440855026245,""yaw"":-3.0647926330566406,""rollspeed"":-0.046076733618974686,""pitchspeed"":-0.005851369816809893,""yawspeed"":0.07312361150979996}",6.3861629
11477200772800,target_offset,468,"{""x_angle_offset"":3.4795383363962173,""y_angle_offset"":0.6615709967083401}",6.3922223
11477204522600,gimbal,3241,"{""imu_roll"":0.0,""imu_pitch"":60.2264518737793,""imu_yaw"":29.959415435791016,""frame_roll"":0.0,""frame_pitch"":60.2264518737793,""frame_yaw"":29.959415435791016,""pitch_speed"":0.0,""yaw_speed"":0.0}",6.3959721
11477205464700,fov,3241,"{""zoom"":12.339999198913574,""hfov"":7.293355464935303,""vfov"":4.106302738189697,""state"":0,""max_aov_h"":90.0,""max_aov_v"":58.71550750732422,""min_aov_h"":1.40625,""min_aov_v"":0.7910428047180176,""max_zoom"":64.0}",6.3969142
11477216216800,gimbal,3242,"{""imu_roll"":0.0,""imu_pitch"":60.36433792114258,""imu_yaw"":29.96404457092285,""frame_roll"":0.0,""frame_pitch"":60.36433792114258,""frame_yaw"":29.96404457092285,""pitch_speed"":0.0,""yaw_speed"":0.0}",6.4076663
11477216604800,fov,3242,"{""zoom"":12.339999198913574,""hfov"":7.293355464935303,""vfov"":4.106302738189697,""state"":0,""max_aov_h"":90.0,""max_aov_v"":58.71550750732422,""min_aov_h"":1.40625,""min_aov_v"":0.7910428047180176,""max_zoom"":64.0}",6.4080543
11477228602200,gimbal,3243,"{""imu_roll"":0.0,""imu_pitch"":60.50425338745117,""imu_yaw"":29.962495803833008,""frame_roll"":0.0,""frame_pitch"":60.50425338745117,""frame_yaw"":29.962495803833008,""pitch_speed"":0.0,""yaw_speed"":0.0}",6.4200517
11477229042500,fov,3243,"{""zoom"":12.339999198913574,""hfov"":7.293355464935303,""vfov"":4.106302738189697,""state"":0,""max_aov_h"":90.0,""max_aov_v"":58.71550750732422,""min_aov_h"":1.40625,""min_aov_v"":0.7910428047180176,""max_zoom"":64.0}",6.420492
11477231872100,position,630,"{""message_type"":""GLOBAL_POSITION_INT"",""lat"":469503537,""lon"":393490025}",6.4233216
11477232007100,attitude,1260,"{""message_type"":""ATTITUDE"",""time_boot_ms"":125210,""roll"":0.41953834891319275,""pitch"":-0.31239810585975647,""yaw"":-3.062204122543335,""rollspeed"":-0.07248208671808243,""pitchspeed"":-0.010132304392755032,""yawspeed"":0.07051778584718704}",6.4234566
11477232191500,vfr,630,"{""message_type"":""VFR_HUD"",""airspeed"":39.10438537597656,""alt"":114.52999877929688}",6.423641
11477249258900,gimbal,3244,"{""imu_roll"":0.0,""imu_pitch"":59.876556396484375,""imu_yaw"":29.970060348510742,""frame_roll"":0.0,""frame_pitch"":59.876556396484375,""frame_yaw"":29.970060348510742,""pitch_speed"":0.0,""yaw_speed"":0.0}",6.4407084
11477249684100,fov,3244,"{""zoom"":12.339999198913574,""hfov"":7.293355464935303,""vfov"":4.106302738189697,""state"":0,""max_aov_h"":90.0,""max_aov_v"":58.71550750732422,""min_aov_h"":1.40625,""min_aov_v"":0.7910428047180176,""max_zoom"":64.0}",6.4411336
11477262164400,gimbal,3245,"{""imu_roll"":0.0,""imu_pitch"":59.557125091552734,""imu_yaw"":29.964496612548828,""frame_roll"":0.0,""frame_pitch"":59.557125091552734,""frame_yaw"":29.964496612548828,""pitch_speed"":0.0,""yaw_speed"":0.0}",6.4536139
11477262540200,fov,3245,"{""zoom"":12.339999198913574,""hfov"":7.293355464935303,""vfov"":4.106302738189697,""state"":0,""max_aov_h"":90.0,""max_aov_v"":58.71550750732422,""min_aov_h"":1.40625,""min_aov_v"":0.7910428047180176,""max_zoom"":64.0}",6.4539897
11477276548700,target_offset,469,"{""x_angle_offset"":3.441552110016346,""y_angle_offset"":0.5931326177385118}",6.4679982
11477283597800,gimbal,3246,"{""imu_roll"":0.0,""imu_pitch"":59.67976760864258,""imu_yaw"":29.97197723388672,""frame_roll"":0.0,""frame_pitch"":59.67976760864258,""frame_yaw"":29.97197723388672,""pitch_speed"":0.0,""yaw_speed"":0.0}",6.4750473
11477283935100,fov,3246,"{""zoom"":12.339999198913574,""hfov"":7.293355464935303,""vfov"":4.106302738189697,""state"":0,""max_aov_h"":90.0,""max_aov_v"":58.71550750732422,""min_aov_h"":1.40625,""min_aov_v"":0.7910428047180176,""max_zoom"":64.0}",6.4753846
11477289011800,attitude,1261,"{""message_type"":""ATTITUDE"",""time_boot_ms"":125270,""roll"":0.4118410348892212,""pitch"":-0.3144882023334503,""yaw"":-3.058384895324707,""rollspeed"":-0.10319671034812927,""pitchspeed"":-0.014087206684052944,""yawspeed"":0.06677869707345963}",6.4804613
11477295535300,gimbal,3247,"{""imu_roll"":0.0,""imu_pitch"":59.73481750488281,""imu_yaw"":29.965917587280273,""frame_roll"":0.0,""frame_pitch"":59.73481750488281,""frame_yaw"":29.965917587280273,""pitch_speed"":0.0,""yaw_speed"":0.0}",6.4869848
11477295996400,fov,3247,"{""zoom"":12.339999198913574,""hfov"":7.293355464935303,""vfov"":4.106302738189697,""state"":0,""max_aov_h"":90.0,""max_aov_v"":58.71550750732422,""min_aov_h"":1.40625,""min_aov_v"":0.7910428047180176,""max_zoom"":64.0}",6.4874459
11477305576600,range,1193,"{""message_type"":""GLOBAL_VISION_POSITION_ESTIMATE"",""x"":46.95027160644531,""y"":39.349082946777344}",6.4970261
11477307799800,gimbal,3248,"{""imu_roll"":0.0,""imu_pitch"":59.346763610839844,""imu_yaw"":29.970260620117188,""frame_roll"":0.0,""frame_pitch"":59.346763610839844,""frame_yaw"":29.970260620117188,""pitch_speed"":0.0,""yaw_speed"":0.0}",6.4992493
11477308169000,fov,3248,"{""zoom"":12.339999198913574,""hfov"":7.293355464935303,""vfov"":4.106302738189697,""state"":0,""max_aov_h"":90.0,""max_aov_v"":58.71550750732422,""min_aov_h"":1.40625,""min_aov_v"":0.7910428047180176,""max_zoom"":64.0}",6.4996185
11477309921700,range,1194,"{""message_type"":""GLOBAL_VISION_POSITION_ESTIMATE"",""x"":46.95027160644531,""y"":39.349082946777344}",6.5013712
11477328187800,gimbal,3249,"{""imu_roll"":0.0,""imu_pitch"":58.794677734375,""imu_yaw"":29.96771240234375,""frame_roll"":0.0,""frame_pitch"":58.794677734375,""frame_yaw"":29.96771240234375,""pitch_speed"":0.0,""yaw_speed"":0.0}",6.5196373
11477328826300,fov,3249,"{""zoom"":12.339999198913574,""hfov"":7.293355464935303,""vfov"":4.106302738189697,""state"":0,""max_aov_h"":90.0,""max_aov_v"":58.71550750732422,""min_aov_h"":1.40625,""min_aov_v"":0.7910428047180176,""max_zoom"":64.0}",6.5202758
11477330314200,vfr,631,"{""message_type"":""VFR_HUD"",""airspeed"":39.39851760864258,""alt"":113.0}",6.5217637
11477330535100,position,631,"{""message_type"":""GLOBAL_POSITION_INT"",""lat"":469503537,""lon"":393490025}",6.5219846
11477330683800,attitude,1262,"{""message_type"":""ATTITUDE"",""time_boot_ms"":125310,""roll"":0.40597546100616455,""pitch"":-0.3159320056438446,""yaw"":-3.0559849739074707,""rollspeed"":-0.11659614741802216,""pitchspeed"":-0.016247399151325226,""yawspeed"":0.06454018503427505}",6.5221333
11477338855400,gimbal,3250,"{""imu_roll"":0.0,""imu_pitch"":58.567813873291016,""imu_yaw"":29.959552764892578,""frame_roll"":0.0,""frame_pitch"":58.567813873291016,""frame_yaw"":29.959552764892578,""pitch_speed"":0.0,""yaw_speed"":0.0}",6.5303049
11477340008600,fov,3250,"{""zoom"":12.339999198913574,""hfov"":7.293355464935303,""vfov"":4.106302738189697,""state"":0,""max_aov_h"":90.0,""max_aov_v"":58.71550750732422,""min_aov_h"":1.40625,""min_aov_v"":0.7910428047180176,""max_zoom"":64.0}",6.5314581
11477353346700,gimbal,3251,"{""imu_roll"":0.0,""imu_pitch"":58.233707427978516,""imu_yaw"":29.96487808227539,""frame_roll"":0.0,""frame_pitch"":58.233707427978516,""frame_yaw"":29.96487808227539,""pitch_speed"":0.0,""yaw_speed"":0.0}",6.5447962
11477354413200,fov,3251,"{""zoom"":12.339999198913574,""hfov"":7.293355464935303,""vfov"":4.106302738189697,""state"":0,""max_aov_h"":90.0,""max_aov_v"":58.71550750732422,""min_aov_h"":1.40625,""min_aov_v"":0.7910428047180176,""max_zoom"":64.0}",6.5458627
11477374011600,gimbal,3252,"{""imu_roll"":0.0,""imu_pitch"":57.78959655761719,""imu_yaw"":29.96225929260254,""frame_roll"":0.0,""frame_pitch"":57.78959655761719,""frame_yaw"":29.96225929260254,""pitch_speed"":0.0,""yaw_speed"":0.0}",6.5654611
11477374290300,fov,3252,"{""zoom"":12.339999198913574,""hfov"":7.293355464935303,""vfov"":4.106302738189697,""state"":0,""max_aov_h"":90.0,""max_aov_v"":58.71550750732422,""min_aov_h"":1.40625,""min_aov_v"":0.7910428047180176,""max_zoom"":64.0}",6.5657398
11477386134100,gimbal,3253,"{""imu_roll"":0.0,""imu_pitch"":57.57674789428711,""imu_yaw"":29.952423095703125,""frame_roll"":0.0,""frame_pitch"":57.57674789428711,""frame_yaw"":29.952423095703125,""pitch_speed"":0.0,""yaw_speed"":0.0}",6.5775836
11477386515300,fov,3253,"{""zoom"":12.339999198913574,""hfov"":7.293355464935303,""vfov"":4.106302738189697,""state"":0,""max_aov_h"":90.0,""max_aov_v"":58.71550750732422,""min_aov_h"":1.40625,""min_aov_v"":0.7910428047180176,""max_zoom"":64.0}",6.5779648
11477388128400,attitude,1263,"{""message_type"":""ATTITUDE"",""time_boot_ms"":125370,""roll"":0.39707937836647034,""pitch"":-0.3181294798851013,""yaw"":-3.0525600910186768,""rollspeed"":-0.1136995330452919,""pitchspeed"":-0.018774500116705894,""yawspeed"":0.061784498393535614}",6.5795779
11477405693800,gimbal,3254,"{""imu_roll"":0.0,""imu_pitch"":57.09210205078125,""imu_yaw"":29.962574005126953,""frame_roll"":0.0,""frame_pitch"":57.09210205078125,""frame_yaw"":29.962574005126953,""pitch_speed"":0.0,""yaw_speed"":0.0}",6.5971433
11477406810600,fov,3254,"{""zoom"":12.339999198913574,""hfov"":7.293355464935303,""vfov"":4.106302738189697,""state"":0,""max_aov_h"":90.0,""max_aov_v"":58.71550750732422,""min_aov_h"":1.40625,""min_aov_v"":0.7910428047180176,""max_zoom"":64.0}",6.5982601
11477417201100,gimbal,3255,"{""imu_roll"":0.0,""imu_pitch"":56.889400482177734,""imu_yaw"":29.95989418029785,""frame_roll"":0.0,""frame_pitch"":56.889400482177734,""frame_yaw"":29.95989418029785,""pitch_speed"":0.0,""yaw_speed"":0.0}",6.6086506
11477417901300,fov,3255,"{""zoom"":12.339999198913574,""hfov"":7.293355464935303,""vfov"":4.106302738189697,""state"":0,""max_aov_h"":90.0,""max_aov_v"":58.71550750732422,""min_aov_h"":1.40625,""min_aov_v"":0.7910428047180176,""max_zoom"":64.0}",6.6093508
11477425560200,position,632,"{""message_type"":""GLOBAL_POSITION_INT"",""lat"":469502769,""lon"":393489877}",6.6170097
11477425723000,attitude,1264,"{""message_type"":""ATTITUDE"",""time_boot_ms"":125410,""roll"":0.39148566126823425,""pitch"":-0.3196268677711487,""yaw"":-3.0503835678100586,""rollspeed"":-0.10691539198160172,""pitchspeed"":-0.0204845629632473,""yawspeed"":0.06035381555557251}",6.6171725
11477425988800,vfr,632,"{""message_type"":""VFR_HUD"",""airspeed"":39.69127655029297,""alt"":111.44999694824219}",6.6174383
11477430740500,gimbal,3256,"{""imu_roll"":0.0,""imu_pitch"":56.66304016113281,""imu_yaw"":29.951519012451172,""frame_roll"":0.0,""frame_pitch"":56.66304016113281,""frame_yaw"":29.951519012451172,""pitch_speed"":0.0,""yaw_speed"":0.0}",6.62219
11477431263200,fov,3256,"{""zoom"":12.339999198913574,""hfov"":7.293355464935303,""vfov"":4.106302738189697,""state"":0,""max_aov_h"":90.0,""max_aov_v"":58.71550750732422,""min_aov_h"":1.40625,""min_aov_v"":0.7910428047180176,""max_zoom"":64.0}",6.6227127
11477447407600,target_offset,470,"{""x_angle_offset"":3.471941091120243,""y_angle_offset"":0.25094072288937036}",6.6388571
11477452599500,gimbal,3257,"{""imu_roll"":0.0,""imu_pitch"":56.39942169189453,""imu_yaw"":29.93307113647461,""frame_roll"":0.0,""frame_pitch"":56.39942169189453,""frame_yaw"":29.93307113647461,""pitch_speed"":0.0,""yaw_speed"":0.0}",6.644049
11477452867400,fov,3257,"{""zoom"":12.339999198913574,""hfov"":7.293355464935303,""vfov"":4.106302738189697,""state"":0,""max_aov_h"":90.0,""max_aov_v"":58.71550750732422,""min_aov_h"":1.40625,""min_aov_v"":0.7910428047180176,""max_zoom"":64.0}",6.6443169
11477460368500,range,1195,"{""message_type"":""GLOBAL_VISION_POSITION_ESTIMATE"",""x"":46.9501838684082,""y"":39.349021911621094}",6.651818
11477461366300,range,1196,"{""message_type"":""GLOBAL_VISION_POSITION_ESTIMATE"",""x"":46.9501838684082,""y"":39.349021911621094}",6.6528158
11477461977700,gimbal,3258,"{""imu_roll"":0.0,""imu_pitch"":56.17140579223633,""imu_yaw"":29.940719604492188,""frame_roll"":0.0,""frame_pitch"":56.17140579223633,""frame_yaw"":29.940719604492188,""pitch_speed"":0.0,""yaw_speed"":0.0}",6.6534272
11477462352900,fov,3258,"{""zoom"":12.339999198913574,""hfov"":7.293355464935303,""vfov"":4.106302738189697,""state"":0,""max_aov_h"":90.0,""max_aov_v"":58.71550750732422,""min_aov_h"":1.40625,""min_aov_v"":0.7910428047180176,""max_zoom"":64.0}",6.6538024
11477480638500,attitude,1265,"{""message_type"":""ATTITUDE"",""time_boot_ms"":125470,""roll"":0.3831694424152374,""pitch"":-0.32183918356895447,""yaw"":-3.0470330715179443,""rollspeed"":-0.09445339441299438,""pitchspeed"":-0.021455178037285805,""yawspeed"":0.05878443643450737}",6.672088
11477483688900,gimbal,3259,"{""imu_roll"":0.0,""imu_pitch"":55.80230712890625,""imu_yaw"":29.945459365844727,""frame_roll"":0.0,""frame_pitch"":55.80230712890625,""frame_yaw"":29.945459365844727,""pitch_speed"":0.0,""yaw_speed"":0.0}",6.6751384
11477483949000,fov,3259,"{""zoom"":12.339999198913574,""hfov"":7.293355464935303,""vfov"":4.106302738189697,""state"":0,""max_aov_h"":90.0,""max_aov_v"":58.71550750732422,""min_aov_h"":1.40625,""min_aov_v"":0.7910428047180176,""max_zoom"":64.0}",6.6753985
11477494190900,gimbal,3260,"{""imu_roll"":0.0,""imu_pitch"":55.65952682495117,""imu_yaw"":29.94060707092285,""frame_roll"":0.0,""frame_pitch"":55.65952682495117,""frame_yaw"":29.94060707092285,""pitch_speed"":0.0,""yaw_speed"":0.0}",6.6856404
11477494679200,fov,3260,"{""zoom"":12.339999198913574,""hfov"":7.293355464935303,""vfov"":4.106302738189697,""state"":0,""max_aov_h"":90.0,""max_aov_v"":58.71550750732422,""min_aov_h"":1.40625,""min_aov_v"":0.7910428047180176,""max_zoom"":64.0}",6.6861287
11477505610900,gimbal,3261,"{""imu_roll"":0.0,""imu_pitch"":55.39610290527344,""imu_yaw"":29.948171615600586,""frame_roll"":0.0,""frame_pitch"":55.39610290527344,""frame_yaw"":29.948171615600586,""pitch_speed"":0.0,""yaw_speed"":0.0}",6.6970604
11477505975300,fov,3261,"{""zoom"":12.339999198913574,""hfov"":7.293355464935303,""vfov"":4.106302738189697,""state"":0,""max_aov_h"":90.0,""max_aov_v"":58.71550750732422,""min_aov_h"":1.40625,""min_aov_v"":0.7910428047180176,""max_zoom"":64.0}",6.6974248
11477518003500,vfr,633,"{""message_type"":""VFR_HUD"",""airspeed"":39.96046829223633,""alt"":109.87999725341797}",6.709453
11477518147000,position,633,"{""message_type"":""GLOBAL_POSITION_INT"",""lat"":469502769,""lon"":393489877}",6.7095965
11477518252900,attitude,1266,"{""message_type"":""ATTITUDE"",""time_boot_ms"":125510,""roll"":0.3781276345252991,""pitch"":-0.3232925534248352,""yaw"":-3.0448529720306396,""rollspeed"":-0.08332106471061707,""pitchspeed"":-0.021937964484095573,""yawspeed"":0.058050066232681274}",6.7097024
11477527353200,gimbal,3262,"{""imu_roll"":0.0,""imu_pitch"":55.01704406738281,""imu_yaw"":29.95145606994629,""frame_roll"":0.0,""frame_pitch"":55.01704406738281,""frame_yaw"":29.95145606994629,""pitch_speed"":0.0,""yaw_speed"":0.0}",6.7188027
11477527606600,fov,3262,"{""zoom"":12.339999198913574,""hfov"":7.293355464935303,""vfov"":4.106302738189697,""state"":0,""max_aov_h"":90.0,""max_aov_v"":58.71550750732422,""min_aov_h"":1.40625,""min_aov_v"":0.7910428047180176,""max_zoom"":64.0}",6.7190561
11477539077000,gimbal,3263,"{""imu_roll"":0.0,""imu_pitch"":54.856693267822266,""imu_yaw"":29.94481658935547,""frame_roll"":0.0,""frame_pitch"":54.856693267822266,""frame_yaw"":29.94481658935547,""pitch_speed"":0.0,""yaw_speed"":0.0}",6.7305265
11477539351500,fov,3263,"{""zoom"":12.339999198913574,""hfov"":7.293355464935303,""vfov"":4.106302738189697,""state"":0,""max_aov_h"":90.0,""max_aov_v"":58.71550750732422,""min_aov_h"":1.40625,""min_aov_v"":0.7910428047180176,""max_zoom"":64.0}",6.730801
11477550676200,gimbal,3264,"{""imu_roll"":0.0,""imu_pitch"":54.57114791870117,""imu_yaw"":29.951946258544922,""frame_roll"":0.0,""frame_pitch"":54.57114791870117,""frame_yaw"":29.951946258544922,""pitch_speed"":0.0,""yaw_speed"":0.0}",6.7421257
11477551159900,fov,3264,"{""zoom"":12.339999198913574,""hfov"":7.293355464935303,""vfov"":4.106302738189697,""state"":0,""max_aov_h"":90.0,""max_aov_v"":58.71550750732422,""min_aov_h"":1.40625,""min_aov_v"":0.7910428047180176,""max_zoom"":64.0}",6.7426094
11477566095200,target_offset,471,"{""x_angle_offset"":3.3655796572566032,""y_angle_offset"":0.17489807958956116}",6.7575447
11477571610500,gimbal,3265,"{""imu_roll"":0.0,""imu_pitch"":54.210655212402344,""imu_yaw"":29.954484939575195,""frame_roll"":0.0,""frame_pitch"":54.210655212402344,""frame_yaw"":29.954484939575195,""pitch_speed"":0.0,""yaw_speed"":0.0}",6.76306
11477571850400,fov,3265,"{""zoom"":12.339999198913574,""hfov"":7.293355464935303,""vfov"":4.106302738189697,""state"":0,""max_aov_h"":90.0,""max_aov_v"":58.71550750732422,""min_aov_h"":1.40625,""min_aov_v"":0.7910428047180176,""max_zoom"":64.0}",6.7632999
11477575016300,attitude,1267,"{""message_type"":""ATTITUDE"",""time_boot_ms"":125570,""roll"":0.37230420112609863,""pitch"":-0.3258489966392517,""yaw"":-3.0417184829711914,""rollspeed"":-0.04484743997454643,""pitchspeed"":-0.032133761793375015,""yawspeed"":0.05848456546664238}",6.7664658
11477582970300,gimbal,3266,"{""imu_roll"":0.0,""imu_pitch"":54.273216247558594,""imu_yaw"":29.95992660522461,""frame_roll"":0.0,""frame_pitch"":54.273216247558594,""frame_yaw"":29.95992660522461,""pitch_speed"":0.0,""yaw_speed"":0.0}",6.7744198
11477583838700,fov,3266,"{""zoom"":12.339999198913574,""hfov"":7.293355464935303,""vfov"":4.106302738189697,""state"":0,""max_aov_h"":90.0,""max_aov_v"":58.71550750732422,""min_aov_h"":1.40625,""min_aov_v"":0.7910428047180176,""max_zoom"":64.0}",6.7752882
11477598820000,target_offset,472,"{""x_angle_offset"":3.4871355816721916,""y_angle_offset"":0.17489807958956116}",6.7902695
11477603145300,gimbal,3267,"{""imu_roll"":0.0,""imu_pitch"":54.36729049682617,""imu_yaw"":29.961345672607422,""frame_roll"":0.0,""frame_pitch"":54.36729049682617,""frame_yaw"":29.961345672607422,""pitch_speed"":0.0,""yaw_speed"":0.0}",6.7945948
11477603611900,fov,3267,"{""zoom"":12.339999198913574,""hfov"":7.293355464935303,""vfov"":4.106302738189697,""state"":0,""max_aov_h"":90.0,""max_aov_v"":58.71550750732422,""min_aov_h"":1.40625,""min_aov_v"":0.7910428047180176,""max_zoom"":64.0}",6.7950614
11477613520500,gimbal,3268,"{""imu_roll"":0.0,""imu_pitch"":54.0910758972168,""imu_yaw"":29.965417861938477,""frame_roll"":0.0,""frame_pitch"":54.0910758972168,""frame_yaw"":29.965417861938477,""pitch_speed"":0.0,""yaw_speed"":0.0}",6.80497
11477613875000,fov,3268,"{""zoom"":12.339999198913574,""hfov"":7.293355464935303,""vfov"":4.106302738189697,""state"":0,""max_aov_h"":90.0,""max_aov_v"":58.71550750732422,""min_aov_h"":1.40625,""min_aov_v"":0.7910428047180176,""max_zoom"":64.0}",6.8053245
11477615831900,position,634,"{""message_type"":""GLOBAL_POSITION_INT"",""lat"":469502769,""lon"":393489877}",6.8072814
11477615961700,attitude,1268,"{""message_type"":""ATTITUDE"",""time_boot_ms"":125610,""roll"":0.3697640001773834,""pitch"":-0.3278903067111969,""yaw"":-3.039740800857544,""rollspeed"":-0.019504958763718605,""pitchspeed"":-0.039215341210365295,""yawspeed"":0.058898184448480606}",6.8074112
11477616187400,vfr,634,"{""message_type"":""VFR_HUD"",""airspeed"":40.191341400146484,""alt"":108.29999542236328}",6.8076369
11477626085700,gimbal,3269,"{""imu_roll"":0.0,""imu_pitch"":53.769866943359375,""imu_yaw"":29.965763092041016,""frame_roll"":0.0,""frame_pitch"":53.769866943359375,""frame_yaw"":29.965763092041016,""pitch_speed"":0.0,""yaw_speed"":0.0}",6.8175352
11477626541100,fov,3269,"{""zoom"":12.339999198913574,""hfov"":7.293355464935303,""vfov"":4.106302738189697,""state"":0,""max_aov_h"":90.0,""max_aov_v"":58.71550750732422,""min_aov_h"":1.40625,""min_aov_v"":0.7910428047180176,""max_zoom"":64.0}",6.8179906
11477631350900,range,1197,"{""message_type"":""GLOBAL_VISION_POSITION_ESTIMATE"",""x"":46.950172424316406,""y"":39.34898376464844}",6.8228004
11477635380300,range,1198,"{""message_type"":""GLOBAL_VISION_POSITION_ESTIMATE"",""x"":46.950172424316406,""y"":39.34898376464844}",6.8268298
11477647611700,gimbal,3270,"{""imu_roll"":0.0,""imu_pitch"":53.358245849609375,""imu_yaw"":29.95977783203125,""frame_roll"":0.0,""frame_pitch"":53.358245849609375,""frame_yaw"":29.95977783203125,""pitch_speed"":0.0,""yaw_speed"":0.0}",6.8390612
11477647980800,fov,3270,"{""zoom"":12.339999198913574,""hfov"":7.293355464935303,""vfov"":4.106302738189697,""state"":0,""max_aov_h"":90.0,""max_aov_v"":58.71550750732422,""min_aov_h"":1.40625,""min_aov_v"":0.7910428047180176,""max_zoom"":64.0}",6.8394303
11477658731200,fov,3271,"{""zoom"":12.339999198913574,""hfov"":7.293355464935303,""vfov"":4.106302738189697,""state"":0,""max_aov_h"":90.0,""max_aov_v"":58.71550750732422,""min_aov_h"":1.40625,""min_aov_v"":0.7910428047180176,""max_zoom"":64.0}",6.8501807
11477659030400,gimbal,3271,"{""imu_roll"":0.0,""imu_pitch"":53.072818756103516,""imu_yaw"":29.9641170501709,""frame_roll"":0.0,""frame_pitch"":53.072818756103516,""frame_yaw"":29.9641170501709,""pitch_speed"":0.0,""yaw_speed"":0.0}",6.8504799
11477670284300,gimbal,3272,"{""imu_roll"":0.0,""imu_pitch"":52.77406692504883,""imu_yaw"":29.96489715576172,""frame_roll"":0.0,""frame_pitch"":52.77406692504883,""frame_yaw"":29.96489715576172,""pitch_speed"":0.0,""yaw_speed"":0.0}",6.8617338
11477670840300,fov,3272,"{""zoom"":12.339999198913574,""hfov"":7.293355464935303,""vfov"":4.106302738189697,""state"":0,""max_aov_h"":90.0,""max_aov_v"":58.71550750732422,""min_aov_h"":1.40625,""min_aov_v"":0.7910428047180176,""max_zoom"":64.0}",6.8622898
11477672828800,attitude,1269,"{""message_type"":""ATTITUDE"",""time_boot_ms"":125670,""roll"":0.3682578206062317,""pitch"":-0.331591933965683,""yaw"":-3.0369679927825928,""rollspeed"":0.027711171656847,""pitchspeed"":-0.05247141048312187,""yawspeed"":0.05950459837913513}",6.8642783
11477686268200,target_offset,473,"{""x_angle_offset"":3.4035658836364746,""y_angle_offset"":0.3421918948491414}",6.8777177
11477690698300,gimbal,3273,"{""imu_roll"":0.0,""imu_pitch"":52.83818435668945,""imu_yaw"":29.97163963317871,""frame_roll"":0.0,""frame_pitch"":52.83818435668945,""frame_yaw"":29.97163963317871,""pitch_speed"":0.0,""yaw_speed"":0.0}",6.8821478
11477691477600,fov,3273,"{""zoom"":12.339999198913574,""hfov"":7.293355464935303,""vfov"":4.106302738189697,""state"":0,""max_aov_h"":90.0,""max_aov_v"":58.71550750732422,""min_aov_h"":1.40625,""min_aov_v"":0.7910428047180176,""max_zoom"":64.0}",6.8829271
11477701398200,gimbal,3274,"{""imu_roll"":0.0,""imu_pitch"":52.870479583740234,""imu_yaw"":29.969650268554688,""frame_roll"":0.0,""frame_pitch"":52.870479583740234,""frame_yaw"":29.969650268554688,""pitch_speed"":0.0,""yaw_speed"":0.0}",6.8928477
11477701750200,fov,3274,"{""zoom"":12.339999198913574,""hfov"":7.293355464935303,""vfov"":4.106302738189697,""state"":0,""max_aov_h"":90.0,""max_aov_v"":58.71550750732422,""min_aov_h"":1.40625,""min_aov_v"":0.7910428047180176,""max_zoom"":64.0}",6.8931997
11477710134400,position,635,"{""message_type"":""GLOBAL_POSITION_INT"",""lat"":469502001,""lon"":393489721}",6.9015839
11477710346200,attitude,1270,"{""message_type"":""ATTITUDE"",""time_boot_ms"":125710,""roll"":0.36898520588874817,""pitch"":-0.33452141284942627,""yaw"":-3.0352821350097656,""rollspeed"":0.061406075954437256,""pitchspeed"":-0.061447836458683014,""yawspeed"":0.06004335731267929}",6.9017957
11477710635500,vfr,635,"{""message_type"":""VFR_HUD"",""airspeed"":40.3953742980957,""alt"":106.68000030517578}",6.902085
11477718936500,target_offset,474,"{""x_angle_offset"":3.4263576194643974,""y_angle_offset"":0.24333645855938946}",6.910386
11477722080600,gimbal,3275,"{""imu_roll"":0.0,""imu_pitch"":52.92010498046875,""imu_yaw"":29.975994110107422,""frame_roll"":0.0,""frame_pitch"":52.92010498046875,""frame_yaw"":29.975994110107422,""pitch_speed"":0.0,""yaw_speed"":0.0}",6.9135301
11477723360100,fov,3275,"{""zoom"":12.339999198913574,""hfov"":7.293355464935303,""vfov"":4.106302738189697,""state"":0,""max_aov_h"":90.0,""max_aov_v"":58.71550750732422,""min_aov_h"":1.40625,""min_aov_v"":0.7910428047180176,""max_zoom"":64.0}",6.9148096
11477734501100,gimbal,3276,"{""imu_roll"":0.0,""imu_pitch"":52.94207763671875,""imu_yaw"":29.97321319580078,""frame_roll"":0.0,""frame_pitch"":52.94207763671875,""frame_yaw"":29.97321319580078,""pitch_speed"":0.0,""yaw_speed"":0.0}",6.9259506
11477734777200,fov,3276,"{""zoom"":12.339999198913574,""hfov"":7.293355464935303,""vfov"":4.106302738189697,""state"":0,""max_aov_h"":90.0,""max_aov_v"":58.71550750732422,""min_aov_h"":1.40625,""min_aov_v"":0.7910428047180176,""max_zoom"":64.0}",6.9262267
11477747085600,gimbal,3277,"{""imu_roll"":0.0,""imu_pitch"":52.962650299072266,""imu_yaw"":29.96673011779785,""frame_roll"":0.0,""frame_pitch"":52.962650299072266,""frame_yaw"":29.96673011779785,""pitch_speed"":0.0,""yaw_speed"":0.0}",6.9385351
11477747379000,fov,3277,"{""zoom"":12.339999198913574,""hfov"":7.293355464935303,""vfov"":4.106302738189697,""state"":0,""max_aov_h"":90.0,""max_aov_v"":58.71550750732422,""min_aov_h"":1.40625,""min_aov_v"":0.7910428047180176,""max_zoom"":64.0}",6.9388285
11477762659400,attitude,1271,"{""message_type"":""ATTITUDE"",""time_boot_ms"":125770,""roll"":0.37247881293296814,""pitch"":-0.33933961391448975,""yaw"":-3.0328922271728516,""rollspeed"":0.10856489837169647,""pitchspeed"":-0.06848791241645813,""yawspeed"":0.06119644641876221}",6.9541089
11477766282400,gimbal,3278,"{""imu_roll"":0.0,""imu_pitch"":52.06671142578125,""imu_yaw"":29.9732723236084,""frame_roll"":0.0,""frame_pitch"":52.06671142578125,""frame_yaw"":29.9732723236084,""pitch_speed"":0.0,""yaw_speed"":0.0}",6.9577319
11477766552300,fov,3278,"{""zoom"":12.339999198913574,""hfov"":7.293355464935303,""vfov"":4.106302738189697,""state"":0,""max_aov_h"":90.0,""max_aov_v"":58.71550750732422,""min_aov_h"":1.40625,""min_aov_v"":0.7910428047180176,""max_zoom"":64.0}",6.9580018
11477777410700,gimbal,3279,"{""imu_roll"":0.0,""imu_pitch"":51.64810562133789,""imu_yaw"":29.97103500366211,""frame_roll"":0.0,""frame_pitch"":51.64810562133789,""frame_yaw"":29.97103500366211,""pitch_speed"":0.0,""yaw_speed"":0.0}",6.9688602
11477777801400,fov,3279,"{""zoom"":12.339999198913574,""hfov"":7.293355464935303,""vfov"":4.106302738189697,""state"":0,""max_aov_h"":90.0,""max_aov_v"":58.71550750732422,""min_aov_h"":1.40625,""min_aov_v"":0.7910428047180176,""max_zoom"":64.0}",6.9692509
11477785246800,range,1199,"{""message_type"":""GLOBAL_VISION_POSITION_ESTIMATE"",""x"":46.95008850097656,""y"":39.34895324707031}",6.9766963
11477789214700,gimbal,3280,"{""imu_roll"":0.0,""imu_pitch"":51.25955581665039,""imu_yaw"":29.96587562561035,""frame_roll"":0.0,""frame_pitch"":51.25955581665039,""frame_yaw"":29.96587562561035,""pitch_speed"":0.0,""yaw_speed"":0.0}",6.9806642
11477789620000,fov,3280,"{""zoom"":12.339999198913574,""hfov"":7.293355464935303,""vfov"":4.106302738189697,""state"":0,""max_aov_h"":90.0,""max_aov_v"":58.71550750732422,""min_aov_h"":1.40625,""min_aov_v"":0.7910428047180176,""max_zoom"":64.0}",6.9810695
11477802661600,range,1200,"{""message_type"":""GLOBAL_VISION_POSITION_ESTIMATE"",""x"":46.95008850097656,""y"":39.34895324707031}",6.9941111
11477802884700,attitude,1272,"{""message_type"":""ATTITUDE"",""time_boot_ms"":125810,""roll"":0.3764510750770569,""pitch"":-0.3426664471626282,""yaw"":-3.0313241481781006,""rollspeed"":0.14181210100650787,""pitchspeed"":-0.0694391280412674,""yawspeed"":0.062371157109737396}",6.9943342
11477803174400,vfr,636,"{""message_type"":""VFR_HUD"",""airspeed"":40.580596923828125,""alt"":105.04000091552734}",6.9946239
11477803309600,position,636,"{""message_type"":""GLOBAL_POSITION_INT"",""lat"":469502001,""lon"":393489721}",6.9947591
11477804198000,target_offset,475,"{""x_angle_offset"":3.4567466005682945,""y_angle_offset"":0.22812792989942762}",6.9956475
11477811095000,gimbal,3281,"{""imu_roll"":0.0,""imu_pitch"":50.47224044799805,""imu_yaw"":29.972749710083008,""frame_roll"":0.0,""frame_pitch"":50.47224044799805,""frame_yaw"":29.972749710083008,""pitch_speed"":0.0,""yaw_speed"":0.0}",7.0025445
11477811908300,fov,3281,"{""zoom"":12.339999198913574,""hfov"":7.293355464935303,""vfov"":4.106302738189697,""state"":0,""max_aov_h"":90.0,""max_aov_v"":58.71550750732422,""min_aov_h"":1.40625,""min_aov_v"":0.7910428047180176,""max_zoom"":64.0}",7.0033578
11477822620300,gimbal,3282,"{""imu_roll"":0.0,""imu_pitch"":50.106109619140625,""imu_yaw"":29.971027374267578,""frame_roll"":0.0,""frame_pitch"":50.106109619140625,""frame_yaw"":29.971027374267578,""pitch_speed"":0.0,""yaw_speed"":0.0}",7.0140698
11477823126800,fov,3282,"{""zoom"":12.339999198913574,""hfov"":7.293355464935303,""vfov"":4.106302738189697,""state"":0,""max_aov_h"":90.0,""max_aov_v"":58.71550750732422,""min_aov_h"":1.40625,""min_aov_v"":0.7910428047180176,""max_zoom"":64.0}",7.0145763
11477836674400,target_offset,476,"{""x_angle_offset"":3.380774147808552,""y_angle_offset"":0.25094072288937036}",7.0281239
11477841869700,gimbal,3283,"{""imu_roll"":0.0,""imu_pitch"":50.15237045288086,""imu_yaw"":29.976774215698242,""frame_roll"":0.0,""frame_pitch"":50.15237045288086,""frame_yaw"":29.976774215698242,""pitch_speed"":0.0,""yaw_speed"":0.0}",7.0333192
11477842125000,fov,3283,"{""zoom"":12.339999198913574,""hfov"":7.293355464935303,""vfov"":4.106302738189697,""state"":0,""max_aov_h"":90.0,""max_aov_v"":58.71550750732422,""min_aov_h"":1.40625,""min_aov_v"":0.7910428047180176,""max_zoom"":64.0}",7.0335745
11477853316200,gimbal,3284,"{""imu_roll"":0.0,""imu_pitch"":50.1738395690918,""imu_yaw"":29.974367141723633,""frame_roll"":0.0,""frame_pitch"":50.1738395690918,""frame_yaw"":29.974367141723633,""pitch_speed"":0.0,""yaw_speed"":0.0}",7.0447657
11477853949800,fov,3284,"{""zoom"":12.339999198913574,""hfov"":7.293355464935303,""vfov"":4.106302738189697,""state"":0,""max_aov_h"":90.0,""max_aov_v"":58.71550750732422,""min_aov_h"":1.40625,""min_aov_v"":0.7910428047180176,""max_zoom"":64.0}",7.0453993
11477859008500,attitude,1273,"{""message_type"":""ATTITUDE"",""time_boot_ms"":125870,""roll"":0.3846423029899597,""pitch"":-0.34810569882392883,""yaw"":-3.0288703441619873,""rollspeed"":0.18194642663002014,""pitchspeed"":-0.06315723806619644,""yawspeed"":0.06468944996595383}",7.050458
11477864889400,gimbal,3285,"{""imu_roll"":0.0,""imu_pitch"":49.674842834472656,""imu_yaw"":29.977540969848633,""frame_roll"":0.0,""frame_pitch"":49.674842834472656,""frame_yaw"":29.977540969848633,""pitch_speed"":0.0,""yaw_speed"":0.0}",7.0563389
11477865336800,fov,3285,"{""zoom"":12.339999198913574,""hfov"":7.293355464935303,""vfov"":4.106302738189697,""state"":0,""max_aov_h"":90.0,""max_aov_v"":58.71550750732422,""min_aov_h"":1.40625,""min_aov_v"":0.7910428047180176,""max_zoom"":64.0}",7.0567863
11477884992700,gimbal,3286,"{""imu_roll"":0.0,""imu_pitch"":48.96352767944336,""imu_yaw"":29.976089477539062,""frame_roll"":0.0,""frame_pitch"":48.96352767944336,""frame_yaw"":29.976089477539062,""pitch_speed"":0.0,""yaw_speed"":0.0}",7.0764422
11477885388200,fov,3286,"{""zoom"":12.339999198913574,""hfov"":7.293355464935303,""vfov"":4.106302738189697,""state"":0,""max_aov_h"":90.0,""max_aov_v"":58.71550750732422,""min_aov_h"":1.40625,""min_aov_v"":0.7910428047180176,""max_zoom"":64.0}",7.0768377
11477894134000,vfr,637,"{""message_type"":""VFR_HUD"",""airspeed"":40.752662658691406,""alt"":103.3699951171875}",7.0855835
11477894334400,attitude,1274,"{""message_type"":""ATTITUDE"",""time_boot_ms"":125910,""roll"":0.39140018820762634,""pitch"":-0.35218870639801025,""yaw"":-3.027087926864624,""rollspeed"":0.20486432313919067,""pitchspeed"":-0.05280802771449089,""yawspeed"":0.06696489453315735}",7.0857839
11477894668200,position,637,"{""message_type"":""GLOBAL_POSITION_INT"",""lat"":469501233,""lon"":393489562}",7.0861177
11477897164400,gimbal,3287,"{""imu_roll"":0.0,""imu_pitch"":48.65541458129883,""imu_yaw"":29.968563079833984,""frame_roll"":0.0,""frame_pitch"":48.65541458129883,""frame_yaw"":29.968563079833984,""pitch_speed"":0.0,""yaw_speed"":0.0}",7.0886139
11477897711900,fov,3287,"{""zoom"":12.339999198913574,""hfov"":7.293355464935303,""vfov"":4.106302738189697,""state"":0,""max_aov_h"":90.0,""max_aov_v"":58.71550750732422,""min_aov_h"":1.40625,""min_aov_v"":0.7910428047180176,""max_zoom"":64.0}",7.0891614
11477908747500,gimbal,3288,"{""imu_roll"":0.0,""imu_pitch"":48.32568359375,""imu_yaw"":29.95606231689453,""frame_roll"":0.0,""frame_pitch"":48.32568359375,""frame_yaw"":29.95606231689453,""pitch_speed"":0.0,""yaw_speed"":0.0}",7.100197
11477909321600,fov,3288,"{""zoom"":12.339999198913574,""hfov"":7.293355464935303,""vfov"":4.106302738189697,""state"":0,""max_aov_h"":90.0,""max_aov_v"":58.71550750732422,""min_aov_h"":1.40625,""min_aov_v"":0.7910428047180176,""max_zoom"":64.0}",7.1007711
11477924322100,target_offset,477,"{""x_angle_offset"":3.5175245627760887,""y_angle_offset"":0.38781748082902695}",7.1157716
11477929576700,gimbal,3289,"{""imu_roll"":0.0,""imu_pitch"":48.40085220336914,""imu_yaw"":29.964580535888672,""frame_roll"":0.0,""frame_pitch"":48.40085220336914,""frame_yaw"":29.964580535888672,""pitch_speed"":0.0,""yaw_speed"":0.0}",7.1210262
11477929945300,fov,3289,"{""zoom"":12.339999198913574,""hfov"":7.293355464935303,""vfov"":4.106302738189697,""state"":0,""max_aov_h"":90.0,""max_aov_v"":58.71550750732422,""min_aov_h"":1.40625,""min_aov_v"":0.7910428047180176,""max_zoom"":64.0}",7.1213948
11477939626800,gimbal,3290,"{""imu_roll"":0.0,""imu_pitch"":48.435821533203125,""imu_yaw"":29.960798263549805,""frame_roll"":0.0,""frame_pitch"":48.435821533203125,""frame_yaw"":29.960798263549805,""pitch_speed"":0.0,""yaw_speed"":0.0}",7.1310763
11477939881800,fov,3290,"{""zoom"":12.339999198913574,""hfov"":7.293355464935303,""vfov"":4.106302738189697,""state"":0,""max_aov_h"":90.0,""max_aov_v"":58.71550750732422,""min_aov_h"":1.40625,""min_aov_v"":0.7910428047180176,""max_zoom"":64.0}",7.1313313
11477941860400,range,1201,"{""message_type"":""GLOBAL_VISION_POSITION_ESTIMATE"",""x"":46.95000457763672,""y"":39.34892272949219}",7.1333099
11477951788600,range,1202,"{""message_type"":""GLOBAL_VISION_POSITION_ESTIMATE"",""x"":46.95000457763672,""y"":39.34892272949219}",7.1432381
11477951967700,attitude,1275,"{""message_type"":""ATTITUDE"",""time_boot_ms"":125970,""roll"":0.40299174189567566,""pitch"":-0.3574032783508301,""yaw"":-3.0238282680511475,""rollspeed"":0.23694846034049988,""pitchspeed"":-0.02917582355439663,""yawspeed"":0.07117971032857895}",7.1434172
11477956331600,target_offset,478,"{""x_angle_offset"":3.4263576194643974,""y_angle_offset"":0.6311539393884164}",7.1477811
11477961269900,gimbal,3291,"{""imu_roll"":0.0,""imu_pitch"":48.491390228271484,""imu_yaw"":29.949861526489258,""frame_roll"":0.0,""frame_pitch"":48.491390228271484,""frame_yaw"":29.949861526489258,""pitch_speed"":0.0,""yaw_speed"":0.0}",7.1527194
11477961508900,fov,3291,"{""zoom"":12.339999198913574,""hfov"":7.293355464935303,""vfov"":4.106302738189697,""state"":0,""max_aov_h"":90.0,""max_aov_v"":58.71550750732422,""min_aov_h"":1.40625,""min_aov_v"":0.7910428047180176,""max_zoom"":64.0}",7.1529584
11477971579600,gimbal,3292,"{""imu_roll"":0.0,""imu_pitch"":47.92512893676758,""imu_yaw"":29.95563316345215,""frame_roll"":0.0,""frame_pitch"":47.92512893676758,""frame_yaw"":29.95563316345215,""pitch_speed"":0.0,""yaw_speed"":0.0}",7.1630291
11477971945300,fov,3292,"{""zoom"":12.339999198913574,""hfov"":7.293355464935303,""vfov"":4.106302738189697,""state"":0,""max_aov_h"":90.0,""max_aov_v"":58.71550750732422,""min_aov_h"":1.40625,""min_aov_v"":0.7910428047180176,""max_zoom"":64.0}",7.1633948
11477982698300,gimbal,3293,"{""imu_roll"":0.0,""imu_pitch"":47.42428207397461,""imu_yaw"":29.955339431762695,""frame_roll"":0.0,""frame_pitch"":47.42428207397461,""frame_yaw"":29.955339431762695,""pitch_speed"":0.0,""yaw_speed"":0.0}",7.1741478
11477982957700,fov,3293,"{""zoom"":12.339999198913574,""hfov"":7.293355464935303,""vfov"":4.106302738189697,""state"":0,""max_aov_h"":90.0,""max_aov_v"":58.71550750732422,""min_aov_h"":1.40625,""min_aov_v"":0.7910428047180176,""max_zoom"":64.0}",7.1744072
11477988180400,vfr,638,"{""message_type"":""VFR_HUD"",""airspeed"":40.915340423583984,""alt"":101.65999603271484}",7.1796299
11477988353600,position,638,"{""message_type"":""GLOBAL_POSITION_INT"",""lat"":469501233,""lon"":393489562}",7.1798031
11477988494200,attitude,1276,"{""message_type"":""ATTITUDE"",""time_boot_ms"":126010,""roll"":0.4114353358745575,""pitch"":-0.36013856530189514,""yaw"":-3.0211801528930664,""rollspeed"":0.25300732254981995,""pitchspeed"":-0.010522778145968914,""yawspeed"":0.07449615746736526}",7.1799437
11478002383000,gimbal,3294,"{""imu_roll"":0.0,""imu_pitch"":46.67573547363281,""imu_yaw"":29.94529151916504,""frame_roll"":0.0,""frame_pitch"":46.67573547363281,""frame_yaw"":29.94529151916504,""pitch_speed"":0.0,""yaw_speed"":0.0}",7.1938325
11478002764400,fov,3294,"{""zoom"":12.339999198913574,""hfov"":7.293355464935303,""vfov"":4.106302738189697,""state"":0,""max_aov_h"":90.0,""max_aov_v"":58.71550750732422,""min_aov_h"":1.40625,""min_aov_v"":0.7910428047180176,""max_zoom"":64.0}",7.1942139
11478012946200,gimbal,3295,"{""imu_roll"":0.0,""imu_pitch"":46.17194366455078,""imu_yaw"":29.951257705688477,""frame_roll"":0.0,""frame_pitch"":46.17194366455078,""frame_yaw"":29.951257705688477,""pitch_speed"":0.0,""yaw_speed"":0.0}",7.2043957
11478013575100,fov,3295,"{""zoom"":12.339999198913574,""hfov"":7.293355464935303,""vfov"":4.106302738189697,""state"":0,""max_aov_h"":90.0,""max_aov_v"":58.71550750732422,""min_aov_h"":1.40625,""min_aov_v"":0.7910428047180176,""max_zoom"":64.0}",7.2050246
11478025956200,gimbal,3296,"{""imu_roll"":0.0,""imu_pitch"":45.657188415527344,""imu_yaw"":29.951669692993164,""frame_roll"":0.0,""frame_pitch"":45.657188415527344,""frame_yaw"":29.951669692993164,""pitch_speed"":0.0,""yaw_speed"":0.0}",7.2174057
11478026223000,fov,3296,"{""zoom"":12.339999198913574,""hfov"":7.293355464935303,""vfov"":4.106302738189697,""state"":0,""max_aov_h"":90.0,""max_aov_v"":58.71550750732422,""min_aov_h"":1.40625,""min_aov_v"":0.7910428047180176,""max_zoom"":64.0}",7.2176725
11478040768900,target_offset,479,"{""x_angle_offset"":3.221231997013092,""y_angle_offset"":0.3650046878390842}",7.2322184
11478045483500,gimbal,3297,"{""imu_roll"":0.0,""imu_pitch"":45.72587203979492,""imu_yaw"":29.9610595703125,""frame_roll"":0.0,""frame_pitch"":45.72587203979492,""frame_yaw"":29.9610595703125,""pitch_speed"":0.0,""yaw_speed"":0.0}",7.236933
11478045796700,attitude,1277,"{""message_type"":""ATTITUDE"",""time_boot_ms"":126070,""roll"":0.4248240888118744,""pitch"":-0.3629750907421112,""yaw"":-3.0162830352783203,""rollspeed"":0.2727927267551422,""pitchspeed"":0.02182100899517536,""yawspeed"":0.08038122206926346}",7.2372462
11478046176400,fov,3297,"{""zoom"":12.339999198913574,""hfov"":7.293355464935303,""vfov"":4.106302738189697,""state"":0,""max_aov_h"":90.0,""max_aov_v"":58.71550750732422,""min_aov_h"":1.40625,""min_aov_v"":0.7910428047180176,""max_zoom"":64.0}",7.2376259
11478056207700,gimbal,3298,"{""imu_roll"":0.0,""imu_pitch"":45.75768280029297,""imu_yaw"":29.953943252563477,""frame_roll"":0.0,""frame_pitch"":45.75768280029297,""frame_yaw"":29.953943252563477,""pitch_speed"":0.0,""yaw_speed"":0.0}",7.2476572
11478056593100,fov,3298,"{""zoom"":12.339999198913574,""hfov"":7.293355464935303,""vfov"":4.106302738189697,""state"":0,""max_aov_h"":90.0,""max_aov_v"":58.71550750732422,""min_aov_h"":1.40625,""min_aov_v"":0.7910428047180176,""max_zoom"":64.0}",7.2480426
11478068561100,gimbal,3299,"{""imu_roll"":0.0,""imu_pitch"":45.149959564208984,""imu_yaw"":29.959518432617188,""frame_roll"":0.0,""frame_pitch"":45.149959564208984,""frame_yaw"":29.959518432617188,""pitch_speed"":0.0,""yaw_speed"":0.0}",7.2600106
11478068928200,fov,3299,"{""zoom"":12.339999198913574,""hfov"":7.293355464935303,""vfov"":4.106302738189697,""state"":0,""max_aov_h"":90.0,""max_aov_v"":58.71550750732422,""min_aov_h"":1.40625,""min_aov_v"":0.7910428047180176,""max_zoom"":64.0}",7.2603777
11478081971200,position,639,"{""message_type"":""GLOBAL_POSITION_INT"",""lat"":469500480,""lon"":393489375}",7.2734207
11478082103300,attitude,1278,"{""message_type"":""ATTITUDE"",""time_boot_ms"":126110,""roll"":0.43485066294670105,""pitch"":-0.36294737458229065,""yaw"":-3.012599468231201,""rollspeed"":0.2802758514881134,""pitchspeed"":0.043008528649806976,""yawspeed"":0.08475670218467712}",7.2735528
11478082342100,vfr,639,"{""message_type"":""VFR_HUD"",""airspeed"":41.07132339477539,""alt"":99.91999816894531}",7.2737916
11478090207000,gimbal,3300,"{""imu_roll"":0.0,""imu_pitch"":44.23544692993164,""imu_yaw"":29.95326042175293,""frame_roll"":0.0,""frame_pitch"":44.23544692993164,""frame_yaw"":29.95326042175293,""pitch_speed"":0.0,""yaw_speed"":0.0}",7.2816565
11478090456500,fov,3300,"{""zoom"":12.339999198913574,""hfov"":7.293355464935303,""vfov"":4.106302738189697,""state"":0,""max_aov_h"":90.0,""max_aov_v"":58.71550750732422,""min_aov_h"":1.40625,""min_aov_v"":0.7910428047180176,""max_zoom"":64.0}",7.281906
11478096630900,range,1203,"{""message_type"":""GLOBAL_VISION_POSITION_ESTIMATE"",""x"":46.94990921020508,""y"":39.34889221191406}",7.2880804
11478100085600,gimbal,3301,"{""imu_roll"":0.0,""imu_pitch"":43.849212646484375,""imu_yaw"":29.93402099609375,""frame_roll"":0.0,""frame_pitch"":43.849212646484375,""frame_yaw"":29.93402099609375,""pitch_speed"":0.0,""yaw_speed"":0.0}",7.2915351
11478100425100,fov,3301,"{""zoom"":12.339999198913574,""hfov"":7.293355464935303,""vfov"":4.106302738189697,""state"":0,""max_aov_h"":90.0,""max_aov_v"":58.71550750732422,""min_aov_h"":1.40625,""min_aov_v"":0.7910428047180176,""max_zoom"":64.0}",7.2918746
11478102433000,range,1204,"{""message_type"":""GLOBAL_VISION_POSITION_ESTIMATE"",""x"":46.94990921020508,""y"":39.34889221191406}",7.2938825
11478120247000,gimbal,3302,"{""imu_roll"":0.0,""imu_pitch"":42.937477111816406,""imu_yaw"":29.947080612182617,""frame_roll"":0.0,""frame_pitch"":42.937477111816406,""frame_yaw"":29.947080612182617,""pitch_speed"":0.0,""yaw_speed"":0.0}",7.3116965
11478121124500,fov,3302,"{""zoom"":12.339999198913574,""hfov"":7.293355464935303,""vfov"":4.106302738189697,""state"":0,""max_aov_h"":90.0,""max_aov_v"":58.71550750732422,""min_aov_h"":1.40625,""min_aov_v"":0.7910428047180176,""max_zoom"":64.0}",7.312574
11478133105600,gimbal,3303,"{""imu_roll"":0.0,""imu_pitch"":42.5203971862793,""imu_yaw"":29.938058853149414,""frame_roll"":0.0,""frame_pitch"":42.5203971862793,""frame_yaw"":29.938058853149414,""pitch_speed"":0.0,""yaw_speed"":0.0}",7.3245551
11478133402700,fov,3303,"{""zoom"":12.339999198913574,""hfov"":7.293355464935303,""vfov"":4.106302738189697,""state"":0,""max_aov_h"":90.0,""max_aov_v"":58.71550750732422,""min_aov_h"":1.40625,""min_aov_v"":0.7910428047180176,""max_zoom"":64.0}",7.3248522
11478142213100,attitude,1279,"{""message_type"":""ATTITUDE"",""time_boot_ms"":126170,""roll"":0.4497911334037781,""pitch"":-0.3617940843105316,""yaw"":-3.0060322284698486,""rollspeed"":0.2836441695690155,""pitchspeed"":0.0722285807132721,""yawspeed"":0.0917024165391922}",7.3336626
11478145876300,gimbal,3304,"{""imu_roll"":0.0,""imu_pitch"":42.082279205322266,""imu_yaw"":29.91695213317871,""frame_roll"":0.0,""frame_pitch"":42.082279205322266,""frame_yaw"":29.91695213317871,""pitch_speed"":0.0,""yaw_speed"":0.0}",7.3373258
11478146346900,fov,3304,"{""zoom"":12.339999198913574,""hfov"":7.293355464935303,""vfov"":4.106302738189697,""state"":0,""max_aov_h"":90.0,""max_aov_v"":58.71550750732422,""min_aov_h"":1.40625,""min_aov_v"":0.7910428047180176,""max_zoom"":64.0}",7.3377964
11478159605800,target_offset,480,"{""x_angle_offset"":3.190843015909195,""y_angle_offset"":0.2661492515493322}",7.3510553
11478167160700,gimbal,3305,"{""imu_roll"":0.0,""imu_pitch"":41.133201599121094,""imu_yaw"":29.935518264770508,""frame_roll"":0.0,""frame_pitch"":41.133201599121094,""frame_yaw"":29.935518264770508,""pitch_speed"":0.0,""yaw_speed"":0.0}",7.3586102
11478167436600,fov,3305,"{""zoom"":12.339999198913574,""hfov"":7.293355464935303,""vfov"":4.106302738189697,""state"":0,""max_aov_h"":90.0,""max_aov_v"":58.71550750732422,""min_aov_h"":1.40625,""min_aov_v"":0.7910428047180176,""max_zoom"":64.0}",7.3588861
11478177487500,gimbal,3306,"{""imu_roll"":0.0,""imu_pitch"":40.79771423339844,""imu_yaw"":29.924875259399414,""frame_roll"":0.0,""frame_pitch"":40.79771423339844,""frame_yaw"":29.924875259399414,""pitch_speed"":0.0,""yaw_speed"":0.0}",7.368937
11478178635900,fov,3306,"{""zoom"":12.339999198913574,""hfov"":7.293355464935303,""vfov"":4.106302738189697,""state"":0,""max_aov_h"":90.0,""max_aov_v"":58.71550750732422,""min_aov_h"":1.40625,""min_aov_v"":0.7910428047180176,""max_zoom"":64.0}",7.3700854
11478182647100,position,640,"{""message_type"":""GLOBAL_POSITION_INT"",""lat"":469500480,""lon"":393489375}",7.3740966
11478182794900,attitude,1280,"{""message_type"":""ATTITUDE"",""time_boot_ms"":126210,""roll"":0.45945122838020325,""pitch"":-0.360411673784256,""yaw"":-3.000978946685791,""rollspeed"":0.28052642941474915,""pitchspeed"":0.08823071420192719,""yawspeed"":0.09647514671087265}",7.3742444
11478183032500,vfr,640,"{""message_type"":""VFR_HUD"",""airspeed"":41.243736267089844,""alt"":98.1500015258789}",7.374482
11478189764200,gimbal,3307,"{""imu_roll"":0.0,""imu_pitch"":40.43220520019531,""imu_yaw"":29.906089782714844,""frame_roll"":0.0,""frame_pitch"":40.43220520019531,""frame_yaw"":29.906089782714844,""pitch_speed"":0.0,""yaw_speed"":0.0}",7.3812137
11478190110500,fov,3307,"{""zoom"":12.339999198913574,""hfov"":7.293355464935303,""vfov"":4.106302738189697,""state"":0,""max_aov_h"":90.0,""max_aov_v"":58.71550750732422,""min_aov_h"":1.40625,""min_aov_v"":0.7910428047180176,""max_zoom"":64.0}",7.38156
11478204602300,target_offset,481,"{""x_angle_offset"":3.190843015909195,""y_angle_offset"":0.2661492515493322}",7.3960518
11478210150800,gimbal,3308,"{""imu_roll"":0.0,""imu_pitch"":40.48450469970703,""imu_yaw"":29.924896240234375,""frame_roll"":0.0,""frame_pitch"":40.48450469970703,""frame_yaw"":29.924896240234375,""pitch_speed"":0.0,""yaw_speed"":0.0}",7.4016003
11478210787700,fov,3308,"{""zoom"":12.339999198913574,""hfov"":7.293355464935303,""vfov"":4.106302738189697,""state"":0,""max_aov_h"":90.0,""max_aov_v"":58.71550750732422,""min_aov_h"":1.40625,""min_aov_v"":0.7910428047180176,""max_zoom"":64.0}",7.4022372
11478221962800,gimbal,3309,"{""imu_roll"":0.0,""imu_pitch"":40.01405715942383,""imu_yaw"":29.933612823486328,""frame_roll"":0.0,""frame_pitch"":40.01405715942383,""frame_yaw"":29.933612823486328,""pitch_speed"":0.0,""yaw_speed"":0.0}",7.4134123
11478222435400,fov,3309,"{""zoom"":12.339999198913574,""hfov"":7.293355464935303,""vfov"":4.106302738189697,""state"":0,""max_aov_h"":90.0,""max_aov_v"":58.71550750732422,""min_aov_h"":1.40625,""min_aov_v"":0.7910428047180176,""max_zoom"":64.0}",7.4138849
11478239529600,attitude,1281,"{""message_type"":""ATTITUDE"",""time_boot_ms"":126270,""roll"":0.47331637144088745,""pitch"":-0.35783299803733826,""yaw"":-2.992579221725464,""rollspeed"":0.2732483148574829,""pitchspeed"":0.10364608466625214,""yawspeed"":0.10341765731573105}",7.4309791
11478243378000,gimbal,3310,"{""imu_roll"":0.0,""imu_pitch"":39.24976348876953,""imu_yaw"":29.929813385009766,""frame_roll"":0.0,""frame_pitch"":39.24976348876953,""frame_yaw"":29.929813385009766,""pitch_speed"":0.0,""yaw_speed"":0.0}",7.4348275
11478243751400,fov,3310,"{""zoom"":12.339999198913574,""hfov"":7.293355464935303,""vfov"":4.106302738189697,""state"":0,""max_aov_h"":90.0,""max_aov_v"":58.71550750732422,""min_aov_h"":1.40625,""min_aov_v"":0.7910428047180176,""max_zoom"":64.0}",7.4352009
11478251388700,range,1205,"{""message_type"":""GLOBAL_VISION_POSITION_ESTIMATE"",""x"":46.94987869262695,""y"":39.34886169433594}",7.4428382
11478252346100,gimbal,3311,"{""imu_roll"":0.0,""imu_pitch"":38.95841598510742,""imu_yaw"":29.908287048339844,""frame_roll"":0.0,""frame_pitch"":38.95841598510742,""frame_yaw"":29.908287048339844,""pitch_speed"":0.0,""yaw_speed"":0.0}",7.4437956
11478252843700,fov,3311,"{""zoom"":12.339999198913574,""hfov"":7.293355464935303,""vfov"":4.106302738189697,""state"":0,""max_aov_h"":90.0,""max_aov_v"":58.71550750732422,""min_aov_h"":1.40625,""min_aov_v"":0.7910428047180176,""max_zoom"":64.0}",7.4442932
11478259108400,range,1206,"{""message_type"":""GLOBAL_VISION_POSITION_ESTIMATE"",""x"":46.94987869262695,""y"":39.34886169433594}",7.4505579
11478267255600,gimbal,3312,"{""imu_roll"":0.0,""imu_pitch"":38.419185638427734,""imu_yaw"":29.920516967773438,""frame_roll"":0.0,""frame_pitch"":38.419185638427734,""frame_yaw"":29.920516967773438,""pitch_speed"":0.0,""yaw_speed"":0.0}",7.4587051
11478268206000,fov,3312,"{""zoom"":12.339999198913574,""hfov"":7.293355464935303,""vfov"":4.106302738189697,""state"":0,""max_aov_h"":90.0,""max_aov_v"":58.71550750732422,""min_aov_h"":1.40625,""min_aov_v"":0.7910428047180176,""max_zoom"":64.0}",7.4596555
11478276865100,vfr,641,"{""message_type"":""VFR_HUD"",""airspeed"":41.406150817871094,""alt"":96.33999633789062}",7.4683146
11478277117500,position,641,"{""message_type"":""GLOBAL_POSITION_INT"",""lat"":469499706,""lon"":393489106}",7.468567
11478277291700,attitude,1282,"{""message_type"":""ATTITUDE"",""time_boot_ms"":126310,""roll"":0.48229312896728516,""pitch"":-0.3563879132270813,""yaw"":-2.9865360260009766,""rollspeed"":0.2660878300666809,""pitchspeed"":0.1142546758055687,""yawspeed"":0.10764806717634201}",7.4687412
11478288560200,gimbal,3313,"{""imu_roll"":0.0,""imu_pitch"":37.660064697265625,""imu_yaw"":29.91324806213379,""frame_roll"":0.0,""frame_pitch"":37.660064697265625,""frame_yaw"":29.91324806213379,""pitch_speed"":0.0,""yaw_speed"":0.0}",7.4800097
11478288855700,fov,3313,"{""zoom"":12.339999198913574,""hfov"":7.293355464935303,""vfov"":4.106302738189697,""state"":0,""max_aov_h"":90.0,""max_aov_v"":58.71550750732422,""min_aov_h"":1.40625,""min_aov_v"":0.7910428047180176,""max_zoom"":64.0}",7.4803052
11478300480300,gimbal,3314,"{""imu_roll"":0.0,""imu_pitch"":37.339725494384766,""imu_yaw"":29.883052825927734,""frame_roll"":0.0,""frame_pitch"":37.339725494384766,""frame_yaw"":29.883052825927734,""pitch_speed"":0.0,""yaw_speed"":0.0}",7.4919298
11478300837200,fov,3314,"{""zoom"":12.339999198913574,""hfov"":7.293355464935303,""vfov"":4.106302738189697,""state"":0,""max_aov_h"":90.0,""max_aov_v"":58.71550750732422,""min_aov_h"":1.40625,""min_aov_v"":0.7910428047180176,""max_zoom"":64.0}",7.4922867
11478314765500,gimbal,3315,"{""imu_roll"":0.0,""imu_pitch"":37.012054443359375,""imu_yaw"":29.83927345275879,""frame_roll"":0.0,""frame_pitch"":37.012054443359375,""frame_yaw"":29.83927345275879,""pitch_speed"":0.0,""yaw_speed"":0.0}",7.506215
11478315273400,fov,3315,"{""zoom"":12.339999198913574,""hfov"":7.293355464935303,""vfov"":4.106302738189697,""state"":0,""max_aov_h"":90.0,""max_aov_v"":58.71550750732422,""min_aov_h"":1.40625,""min_aov_v"":0.7910428047180176,""max_zoom"":64.0}",7.5067229
11478335343900,gimbal,3316,"{""imu_roll"":0.0,""imu_pitch"":36.3033332824707,""imu_yaw"":29.8721981048584,""frame_roll"":0.0,""frame_pitch"":36.3033332824707,""frame_yaw"":29.8721981048584,""pitch_speed"":0.0,""yaw_speed"":0.0}",7.5267934
11478336096400,fov,3316,"{""zoom"":12.339999198913574,""hfov"":7.293355464935303,""vfov"":4.106302738189697,""state"":0,""max_aov_h"":90.0,""max_aov_v"":58.71550750732422,""min_aov_h"":1.40625,""min_aov_v"":0.7910428047180176,""max_zoom"":64.0}",7.5275459
11478336783300,attitude,1283,"{""message_type"":""ATTITUDE"",""time_boot_ms"":126370,""roll"":0.4951210618019104,""pitch"":-0.3545496463775635,""yaw"":-2.976886510848999,""rollspeed"":0.25047704577445984,""pitchspeed"":0.13010302186012268,""yawspeed"":0.11337731033563614}",7.5282328
11478344937800,gimbal,3317,"{""imu_roll"":0.0,""imu_pitch"":35.987483978271484,""imu_yaw"":29.86127281188965,""frame_roll"":0.0,""frame_pitch"":35.987483978271484,""frame_yaw"":29.86127281188965,""pitch_speed"":0.0,""yaw_speed"":0.0}",7.5363873
11478345241400,fov,3317,"{""zoom"":12.339999198913574,""hfov"":7.293355464935303,""vfov"":4.106302738189697,""state"":0,""max_aov_h"":90.0,""max_aov_v"":58.71550750732422,""min_aov_h"":1.40625,""min_aov_v"":0.7910428047180176,""max_zoom"":64.0}",7.5366909
11478360060900,target_offset,482,"{""x_angle_offset"":3.357982411980629,""y_angle_offset"":-0.0076042643299809205}",7.5515104
11478364358400,gimbal,3318,"{""imu_roll"":0.0,""imu_pitch"":35.98392105102539,""imu_yaw"":29.888368606567383,""frame_roll"":0.0,""frame_pitch"":35.98392105102539,""frame_yaw"":29.888368606567383,""pitch_speed"":0.0,""yaw_speed"":0.0}",7.5558079
11478364848400,fov,3318,"{""zoom"":12.339999198913574,""hfov"":7.293355464935303,""vfov"":4.106302738189697,""state"":0,""max_aov_h"":90.0,""max_aov_v"":58.71550750732422,""min_aov_h"":1.40625,""min_aov_v"":0.7910428047180176,""max_zoom"":64.0}",7.5562979
11478373500600,position,642,"{""message_type"":""GLOBAL_POSITION_INT"",""lat"":469499706,""lon"":393489106}",7.5649501
11478373708200,attitude,1284,"{""message_type"":""ATTITUDE"",""time_boot_ms"":126410,""roll"":0.5029706954956055,""pitch"":-0.35307881236076355,""yaw"":-2.9700512886047363,""rollspeed"":0.23851339519023895,""pitchspeed"":0.13805070519447327,""yawspeed"":0.11683393269777298}",7.5651577
11478373986900,vfr,642,"{""message_type"":""VFR_HUD"",""airspeed"":41.561458587646484,""alt"":94.50999450683594}",7.5654364
11478377634000,gimbal,3319,"{""imu_roll"":0.0,""imu_pitch"":35.555076599121094,""imu_yaw"":29.900562286376953,""frame_roll"":0.0,""frame_pitch"":35.555076599121094,""frame_yaw"":29.900562286376953,""pitch_speed"":0.0,""yaw_speed"":0.0}",7.5690835
11478377938700,fov,3319,"{""zoom"":12.339999198913574,""hfov"":7.293355464935303,""vfov"":4.106302738189697,""state"":0,""max_aov_h"":90.0,""max_aov_v"":58.71550750732422,""min_aov_h"":1.40625,""min_aov_v"":0.7910428047180176,""max_zoom"":64.0}",7.5693882
11478388264100,gimbal,3320,"{""imu_roll"":0.0,""imu_pitch"":35.11722946166992,""imu_yaw"":29.896669387817383,""frame_roll"":0.0,""frame_pitch"":35.11722946166992,""frame_yaw"":29.896669387817383,""pitch_speed"":0.0,""yaw_speed"":0.0}",7.5797136
11478388802200,fov,3320,"{""zoom"":12.339999198913574,""hfov"":7.293355464935303,""vfov"":4.106302738189697,""state"":0,""max_aov_h"":90.0,""max_aov_v"":58.71550750732422,""min_aov_h"":1.40625,""min_aov_v"":0.7910428047180176,""max_zoom"":64.0}",7.5802517
11478406407200,range,1207,"{""message_type"":""GLOBAL_VISION_POSITION_ESTIMATE"",""x"":46.94977951049805,""y"":39.34880828857422}",7.5978567
11478408101000,gimbal,3321,"{""imu_roll"":0.0,""imu_pitch"":34.547977447509766,""imu_yaw"":29.871997833251953,""frame_roll"":0.0,""frame_pitch"":34.547977447509766,""frame_yaw"":29.871997833251953,""pitch_speed"":0.0,""yaw_speed"":0.0}",7.5995505
11478408543700,fov,3321,"{""zoom"":12.339999198913574,""hfov"":7.293355464935303,""vfov"":4.106302738189697,""state"":0,""max_aov_h"":90.0,""max_aov_v"":58.71550750732422,""min_aov_h"":1.40625,""min_aov_v"":0.7910428047180176,""max_zoom"":64.0}",7.5999932
11478413469500,range,1208,"{""message_type"":""GLOBAL_VISION_POSITION_ESTIMATE"",""x"":46.94977951049805,""y"":39.34880828857422}",7.604919
11478418264700,gimbal,3322,"{""imu_roll"":0.0,""imu_pitch"":34.271942138671875,""imu_yaw"":29.83642578125,""frame_roll"":0.0,""frame_pitch"":34.271942138671875,""frame_yaw"":29.83642578125,""pitch_speed"":0.0,""yaw_speed"":0.0}",7.6097142
11478419004900,fov,3322,"{""zoom"":12.339999198913574,""hfov"":7.293355464935303,""vfov"":4.106302738189697,""state"":0,""max_aov_h"":90.0,""max_aov_v"":58.71550750732422,""min_aov_h"":1.40625,""min_aov_v"":0.7910428047180176,""max_zoom"":64.0}",7.6104544
11478430689300,gimbal,3323,"{""imu_roll"":0.0,""imu_pitch"":33.81820297241211,""imu_yaw"":29.85757064819336,""frame_roll"":0.0,""frame_pitch"":33.81820297241211,""frame_yaw"":29.85757064819336,""pitch_speed"":0.0,""yaw_speed"":0.0}",7.6221388
11478431045800,fov,3323,"{""zoom"":12.339999198913574,""hfov"":7.293355464935303,""vfov"":4.106302738189697,""state"":0,""max_aov_h"":90.0,""max_aov_v"":58.71550750732422,""min_aov_h"":1.40625,""min_aov_v"":0.7910428047180176,""max_zoom"":64.0}",7.6224953
11478433416600,attitude,1285,"{""message_type"":""ATTITUDE"",""time_boot_ms"":126470,""roll"":0.5137094259262085,""pitch"":-0.35073235630989075,""yaw"":-2.959369659423828,""rollspeed"":0.220219224691391,""pitchspeed"":0.14475443959236145,""yawspeed"":0.12111524492502213}",7.6248661
11478447216100,target_offset,483,"{""x_angle_offset"":3.494732826948166,""y_angle_offset"":0.06843837896982828}",7.6386656
11478450540100,gimbal,3324,"{""imu_roll"":0.0,""imu_pitch"":33.83094024658203,""imu_yaw"":29.886077880859375,""frame_roll"":0.0,""frame_pitch"":33.83094024658203,""frame_yaw"":29.886077880859375,""pitch_speed"":0.0,""yaw_speed"":0.0}",7.6419896
11478451718900,fov,3324,"{""zoom"":12.339999198913574,""hfov"":7.293355464935303,""vfov"":4.106302738189697,""state"":0,""max_aov_h"":90.0,""max_aov_v"":58.71550750732422,""min_aov_h"":1.40625,""min_aov_v"":0.7910428047180176,""max_zoom"":64.0}",7.6431684
11478461644800,gimbal,3325,"{""imu_roll"":0.0,""imu_pitch"":33.83687973022461,""imu_yaw"":29.873699188232422,""frame_roll"":0.0,""frame_pitch"":33.83687973022461,""frame_yaw"":29.873699188232422,""pitch_speed"":0.0,""yaw_speed"":0.0}",7.6530943
11478462228400,fov,3325,"{""zoom"":12.339999198913574,""hfov"":7.293355464935303,""vfov"":4.106302738189697,""state"":0,""max_aov_h"":90.0,""max_aov_v"":58.71550750732422,""min_aov_h"":1.40625,""min_aov_v"":0.7910428047180176,""max_zoom"":64.0}",7.6536779
11478470736200,position,643,"{""message_type"":""GLOBAL_POSITION_INT"",""lat"":469498936,""lon"":393488753}",7.6621857
11478470896800,attitude,1286,"{""message_type"":""ATTITUDE"",""time_boot_ms"":126510,""roll"":0.5201766490936279,""pitch"":-0.3490258753299713,""yaw"":-2.9519526958465576,""rollspeed"":0.20845872163772583,""pitchspeed"":0.15232162177562714,""yawspeed"":0.12379694730043411}",7.6623463
11478471112600,vfr,643,"{""message_type"":""VFR_HUD"",""airspeed"":41.71183395385742,""alt"":92.69999694824219}",7.6625621
11478477363100,target_offset,484,"{""x_angle_offset"":3.5099273175001144,""y_angle_offset"":-0.060834114639847364}",7.6688126
11478483178200,gimbal,3326,"{""imu_roll"":0.0,""imu_pitch"":33.82331085205078,""imu_yaw"":29.900102615356445,""frame_roll"":0.0,""frame_pitch"":33.82331085205078,""frame_yaw"":29.900102615356445,""pitch_speed"":0.0,""yaw_speed"":0.0}",7.6746277
11478483691800,fov,3326,"{""zoom"":12.339999198913574,""hfov"":7.293355464935303,""vfov"":4.106302738189697,""state"":0,""max_aov_h"":90.0,""max_aov_v"":58.71550750732422,""min_aov_h"":1.40625,""min_aov_v"":0.7910428047180176,""max_zoom"":64.0}",7.6751413
11478493495500,gimbal,3327,"{""imu_roll"":0.0,""imu_pitch"":33.817928314208984,""imu_yaw"":29.880842208862305,""frame_roll"":0.0,""frame_pitch"":33.817928314208984,""frame_yaw"":29.880842208862305,""pitch_speed"":0.0,""yaw_speed"":0.0}",7.684945
11478493851700,fov,3327,"{""zoom"":12.339999198913574,""hfov"":7.293355464935303,""vfov"":4.106302738189697,""state"":0,""max_aov_h"":90.0,""max_aov_v"":58.71550750732422,""min_aov_h"":1.40625,""min_aov_v"":0.7910428047180176,""max_zoom"":64.0}",7.6853012
11478504973700,gimbal,3328,"{""imu_roll"":0.0,""imu_pitch"":33.812477111816406,""imu_yaw"":29.84770393371582,""frame_roll"":0.0,""frame_pitch"":33.812477111816406,""frame_yaw"":29.84770393371582,""pitch_speed"":0.0,""yaw_speed"":0.0}",7.6964232
11478505348300,fov,3328,"{""zoom"":12.339999198913574,""hfov"":7.293355464935303,""vfov"":4.106302738189697,""state"":0,""max_aov_h"":90.0,""max_aov_v"":58.71550750732422,""min_aov_h"":1.40625,""min_aov_v"":0.7910428047180176,""max_zoom"":64.0}",7.6967978
11478521337100,target_offset,485,"{""x_angle_offset"":3.5175245627760887,""y_angle_offset"":-0.12927249360967566}",7.7127866
11478525643100,gimbal,3329,"{""imu_roll"":0.0,""imu_pitch"":33.78185272216797,""imu_yaw"":29.87872314453125,""frame_roll"":0.0,""frame_pitch"":33.78185272216797,""frame_yaw"":29.87872314453125,""pitch_speed"":0.0,""yaw_speed"":0.0}",7.7170926
11478525791900,attitude,1287,"{""message_type"":""ATTITUDE"",""time_boot_ms"":126570,""roll"":0.5297119617462158,""pitch"":-0.344919353723526,""yaw"":-2.940516948699951,""rollspeed"":0.19171766936779022,""pitchspeed"":0.16554106771945953,""yawspeed"":0.12707772850990295}",7.7172414
11478526309700,fov,3329,"{""zoom"":12.339999198913574,""hfov"":7.293355464935303,""vfov"":4.106302738189697,""state"":0,""max_aov_h"":90.0,""max_aov_v"":58.71550750732422,""min_aov_h"":1.40625,""min_aov_v"":0.7910428047180176,""max_zoom"":64.0}",7.7177592
11478537496400,gimbal,3330,"{""imu_roll"":0.0,""imu_pitch"":33.769283294677734,""imu_yaw"":29.86052894592285,""frame_roll"":0.0,""frame_pitch"":33.769283294677734,""frame_yaw"":29.86052894592285,""pitch_speed"":0.0,""yaw_speed"":0.0}",7.7289459
11478537859300,fov,3330,"{""zoom"":12.339999198913574,""hfov"":7.293355464935303,""vfov"":4.106302738189697,""state"":0,""max_aov_h"":90.0,""max_aov_v"":58.71550750732422,""min_aov_h"":1.40625,""min_aov_v"":0.7910428047180176,""max_zoom"":64.0}",7.7293088
11478549327700,gimbal,3331,"{""imu_roll"":0.0,""imu_pitch"":33.75501251220703,""imu_yaw"":29.823945999145508,""frame_roll"":0.0,""frame_pitch"":33.75501251220703,""frame_yaw"":29.823945999145508,""pitch_speed"":0.0,""yaw_speed"":0.0}",7.7407772
11478549666900,fov,3331,"{""zoom"":12.339999198913574,""hfov"":7.293355464935303,""vfov"":4.106302738189697,""state"":0,""max_aov_h"":90.0,""max_aov_v"":58.71550750732422,""min_aov_h"":1.40625,""min_aov_v"":0.7910428047180176,""max_zoom"":64.0}",7.7411164
11478559487100,range,1209,"{""message_type"":""GLOBAL_VISION_POSITION_ESTIMATE"",""x"":46.94969940185547,""y"":39.34876251220703}",7.7509366
11478563663900,attitude,1288,"{""message_type"":""ATTITUDE"",""time_boot_ms"":126610,""roll"":0.5354313850402832,""pitch"":-0.3418827950954437,""yaw"":-2.9325380325317383,""rollspeed"":0.18096771836280823,""pitchspeed"":0.17479799687862396,""yawspeed"":0.12895046174526215}",7.7551134
11478564014100,vfr,644,"{""message_type"":""VFR_HUD"",""airspeed"":41.85847473144531,""alt"":90.9000015258789}",7.7554636
11478564147000,range,1210,"{""message_type"":""GLOBAL_VISION_POSITION_ESTIMATE"",""x"":46.94969940185547,""y"":39.34876251220703}",7.7555965
11478564237400,position,644,"{""message_type"":""GLOBAL_POSITION_INT"",""lat"":469498936,""lon"":393488753}",7.7556869
11478568863900,gimbal,3332,"{""imu_roll"":0.0,""imu_pitch"":33.73722457885742,""imu_yaw"":29.74363899230957,""frame_roll"":0.0,""frame_pitch"":33.73722457885742,""frame_yaw"":29.74363899230957,""pitch_speed"":0.0,""yaw_speed"":0.0}",7.7603134
11478569983200,fov,3332,"{""zoom"":12.339999198913574,""hfov"":7.293355464935303,""vfov"":4.106302738189697,""state"":0,""max_aov_h"":90.0,""max_aov_v"":58.71550750732422,""min_aov_h"":1.40625,""min_aov_v"":0.7910428047180176,""max_zoom"":64.0}",7.7614327
11478581234900,gimbal,3333,"{""imu_roll"":0.0,""imu_pitch"":32.921329498291016,""imu_yaw"":29.773073196411133,""frame_roll"":0.0,""frame_pitch"":32.921329498291016,""frame_yaw"":29.773073196411133,""pitch_speed"":0.0,""yaw_speed"":0.0}",7.7726844
11478581473700,fov,3333,"{""zoom"":12.339999198913574,""hfov"":7.293355464935303,""vfov"":4.106302738189697,""state"":0,""max_aov_h"":90.0,""max_aov_v"":58.71550750732422,""min_aov_h"":1.40625,""min_aov_v"":0.7910428047180176,""max_zoom"":64.0}",7.7729232
11478599484500,gimbal,3334,"{""imu_roll"":0.0,""imu_pitch"":31.726491928100586,""imu_yaw"":29.792726516723633,""frame_roll"":0.0,""frame_pitch"":31.726491928100586,""frame_yaw"":29.792726516723633,""pitch_speed"":0.0,""yaw_speed"":0.0}",7.790934
11478599824400,fov,3334,"{""zoom"":12.339999198913574,""hfov"":7.293355464935303,""vfov"":4.106302738189697,""state"":0,""max_aov_h"":90.0,""max_aov_v"":58.71550750732422,""min_aov_h"":1.40625,""min_aov_v"":0.7910428047180176,""max_zoom"":64.0}",7.7912739
11478610605900,gimbal,3335,"{""imu_roll"":0.0,""imu_pitch"":31.17245864868164,""imu_yaw"":29.77132225036621,""frame_roll"":0.0,""frame_pitch"":31.17245864868164,""frame_yaw"":29.77132225036621,""pitch_speed"":0.0,""yaw_speed"":0.0}",7.8020554
11478610958800,fov,3335,"{""zoom"":12.339999198913574,""hfov"":7.293355464935303,""vfov"":4.106302738189697,""state"":0,""max_aov_h"":90.0,""max_aov_v"":58.71550750732422,""min_aov_h"":1.40625,""min_aov_v"":0.7910428047180176,""max_zoom"":64.0}",7.8024083
11478621987800,attitude,1289,"{""message_type"":""ATTITUDE"",""time_boot_ms"":126670,""roll"":0.543074369430542,""pitch"":-0.33694979548454285,""yaw"":-2.920126438140869,""rollspeed"":0.16471467912197113,""pitchspeed"":0.1861468404531479,""yawspeed"":0.13110999763011932}",7.8134373
11478623796300,gimbal,3336,"{""imu_roll"":0.0,""imu_pitch"":30.35710334777832,""imu_yaw"":29.80314064025879,""frame_roll"":0.0,""frame_pitch"":30.35710334777832,""frame_yaw"":29.80314064025879,""pitch_speed"":0.0,""yaw_speed"":0.0}",7.8152458
11478624144300,fov,3336,"{""zoom"":12.339999198913574,""hfov"":7.293355464935303,""vfov"":4.106302738189697,""state"":0,""max_aov_h"":90.0,""max_aov_v"":58.71550750732422,""min_aov_h"":1.40625,""min_aov_v"":0.7910428047180176,""max_zoom"":64.0}",7.8155938
11478644483500,gimbal,3337,"{""imu_roll"":0.0,""imu_pitch"":29.339399337768555,""imu_yaw"":29.798059463500977,""frame_roll"":0.0,""frame_pitch"":29.339399337768555,""frame_yaw"":29.798059463500977,""pitch_speed"":0.0,""yaw_speed"":0.0}",7.835933
11478644955200,fov,3337,"{""zoom"":12.339999198913574,""hfov"":7.293355464935303,""vfov"":4.106302738189697,""state"":0,""max_aov_h"":90.0,""max_aov_v"":58.71550750732422,""min_aov_h"":1.40625,""min_aov_v"":0.7910428047180176,""max_zoom"":64.0}",7.8364047
11478655108800,gimbal,3338,"{""imu_roll"":0.0,""imu_pitch"":28.936782836914062,""imu_yaw"":29.767301559448242,""frame_roll"":0.0,""frame_pitch"":28.936782836914062,""frame_yaw"":29.767301559448242,""pitch_speed"":0.0,""yaw_speed"":0.0}",7.8465583
11478655733500,fov,3338,"{""zoom"":12.339999198913574,""hfov"":7.293355464935303,""vfov"":4.106302738189697,""state"":0,""max_aov_h"":90.0,""max_aov_v"":58.71550750732422,""min_aov_h"":1.40625,""min_aov_v"":0.7910428047180176,""max_zoom"":64.0}",7.847183
11478659839500,position,645,"{""message_type"":""GLOBAL_POSITION_INT"",""lat"":469498936,""lon"":393488753}",7.851289
11478659990300,attitude,1290,"{""message_type"":""ATTITUDE"",""time_boot_ms"":126710,""roll"":0.5476614236831665,""pitch"":-0.3335246443748474,""yaw"":-2.911649227142334,""rollspeed"":0.15567293763160706,""pitchspeed"":0.18956975638866425,""yawspeed"":0.13225609064102173}",7.8514398
11478660188900,vfr,645,"{""message_type"":""VFR_HUD"",""airspeed"":42.002288818359375,""alt"":89.11000061035156}",7.8516384
11478668796500,gimbal,3339,"{""imu_roll"":0.0,""imu_pitch"":28.461692810058594,""imu_yaw"":29.71418571472168,""frame_roll"":0.0,""frame_pitch"":28.461692810058594,""frame_yaw"":29.71418571472168,""pitch_speed"":0.0,""yaw_speed"":0.0}",7.860246
11478669076500,fov,3339,"{""zoom"":12.339999198913574,""hfov"":7.293355464935303,""vfov"":4.106302738189697,""state"":0,""max_aov_h"":90.0,""max_aov_v"":58.71550750732422,""min_aov_h"":1.40625,""min_aov_v"":0.7910428047180176,""max_zoom"":64.0}",7.860526
11478687079400,gimbal,3340,"{""imu_roll"":0.0,""imu_pitch"":27.682828903198242,""imu_yaw"":29.76552963256836,""frame_roll"":0.0,""frame_pitch"":27.682828903198242,""frame_yaw"":29.76552963256836,""pitch_speed"":0.0,""yaw_speed"":0.0}",7.8785289
11478687492000,fov,3340,"{""zoom"":12.339999198913574,""hfov"":7.293355464935303,""vfov"":4.106302738189697,""state"":0,""max_aov_h"":90.0,""max_aov_v"":58.71550750732422,""min_aov_h"":1.40625,""min_aov_v"":0.7910428047180176,""max_zoom"":64.0}",7.8789415
11478696777300,gimbal,3341,"{""imu_roll"":0.0,""imu_pitch"":27.26673698425293,""imu_yaw"":29.766645431518555,""frame_roll"":0.0,""frame_pitch"":27.26673698425293,""frame_yaw"":29.766645431518555,""pitch_speed"":0.0,""yaw_speed"":0.0}",7.8882268
11478697780400,fov,3341,"{""zoom"":12.339999198913574,""hfov"":7.293355464935303,""vfov"":4.106302738189697,""state"":0,""max_aov_h"":90.0,""max_aov_v"":58.71550750732422,""min_aov_h"":1.40625,""min_aov_v"":0.7910428047180176,""max_zoom"":64.0}",7.8892299
11478711029700,gimbal,3342,"{""imu_roll"":0.0,""imu_pitch"":26.845285415649414,""imu_yaw"":29.750537872314453,""frame_roll"":0.0,""frame_pitch"":26.845285415649414,""frame_yaw"":29.750537872314453,""pitch_speed"":0.0,""yaw_speed"":0.0}",7.9024792
11478711341500,fov,3342,"{""zoom"":12.339999198913574,""hfov"":7.293355464935303,""vfov"":4.106302738189697,""state"":0,""max_aov_h"":90.0,""max_aov_v"":58.71550750732422,""min_aov_h"":1.40625,""min_aov_v"":0.7910428047180176,""max_zoom"":64.0}",7.902791
11478720433700,attitude,1291,"{""message_type"":""ATTITUDE"",""time_boot_ms"":126770,""roll"":0.553591251373291,""pitch"":-0.3282288908958435,""yaw"":-2.8987696170806885,""rollspeed"":0.1436081826686859,""pitchspeed"":0.18711833655834198,""yawspeed"":0.1324877142906189}",7.9118832
11478724808200,target_offset,486,"{""x_angle_offset"":3.464343845844269,""y_angle_offset"":-0.22812792989942762}",7.9162577
11478728539900,range,1211,"{""message_type"":""GLOBAL_VISION_POSITION_ESTIMATE"",""x"":46.94965744018555,""y"":39.34869384765625}",7.9199894
11478729246000,gimbal,3343,"{""imu_roll"":0.0,""imu_pitch"":26.800968170166016,""imu_yaw"":29.797304153442383,""frame_roll"":0.0,""frame_pitch"":26.800968170166016,""frame_yaw"":29.797304153442383,""pitch_speed"":0.0,""yaw_speed"":0.0}",7.9206955
11478729513600,fov,3343,"{""zoom"":12.339999198913574,""hfov"":7.293355464935303,""vfov"":4.106302738189697,""state"":0,""max_aov_h"":90.0,""max_aov_v"":58.71550750732422,""min_aov_h"":1.40625,""min_aov_v"":0.7910428047180176,""max_zoom"":64.0}",7.9209631
11478742508200,gimbal,3344,"{""imu_roll"":0.0,""imu_pitch"":26.32476043701172,""imu_yaw"":29.822587966918945,""frame_roll"":0.0,""frame_pitch"":26.32476043701172,""frame_yaw"":29.822587966918945,""pitch_speed"":0.0,""yaw_speed"":0.0}",7.9339577
11478742831500,fov,3344,"{""zoom"":12.339999198913574,""hfov"":7.293355464935303,""vfov"":4.106302738189697,""state"":0,""max_aov_h"":90.0,""max_aov_v"":58.71550750732422,""min_aov_h"":1.40625,""min_aov_v"":0.7910428047180176,""max_zoom"":64.0}",7.934281
11478743087900,range,1212,"{""message_type"":""GLOBAL_VISION_POSITION_ESTIMATE"",""x"":46.94965744018555,""y"":39.34869384765625}",7.9345374
11478757884500,target_offset,487,"{""x_angle_offset"":3.4567466005682945,""y_angle_offset"":-0.4942771814487598}",7.949334
11478762460200,vfr,646,"{""message_type"":""VFR_HUD"",""airspeed"":42.14424133300781,""alt"":87.3499984741211}",7.9539097
11478762629700,position,646,"{""message_type"":""GLOBAL_POSITION_INT"",""lat"":469498165,""lon"":393488318}",7.9540792
11478762768500,attitude,1292,"{""message_type"":""ATTITUDE"",""time_boot_ms"":126810,""roll"":0.5570875406265259,""pitch"":-0.3247964382171631,""yaw"":-2.8902106285095215,""rollspeed"":0.13578875362873077,""pitchspeed"":0.18279144167900085,""yawspeed"":0.1328660249710083}",7.954218
11478764125700,gimbal,3345,"{""imu_roll"":0.0,""imu_pitch"":26.21063804626465,""imu_yaw"":29.862529754638672,""frame_roll"":0.0,""frame_pitch"":26.21063804626465,""frame_yaw"":29.862529754638672,""pitch_speed"":0.0,""yaw_speed"":0.0}",7.9555752
11478764396500,fov,3345,"{""zoom"":12.339999198913574,""hfov"":7.293355464935303,""vfov"":4.106302738189697,""state"":0,""max_aov_h"":90.0,""max_aov_v"":58.71550750732422,""min_aov_h"":1.40625,""min_aov_v"":0.7910428047180176,""max_zoom"":64.0}",7.955846
11478777275500,gimbal,3346,"{""imu_roll"":0.0,""imu_pitch"":25.72382926940918,""imu_yaw"":29.87807846069336,""frame_roll"":0.0,""frame_pitch"":25.72382926940918,""frame_yaw"":29.87807846069336,""pitch_speed"":0.0,""yaw_speed"":0.0}",7.968725
11478777681700,fov,3346,"{""zoom"":12.339999198913574,""hfov"":7.293355464935303,""vfov"":4.106302738189697,""state"":0,""max_aov_h"":90.0,""max_aov_v"":58.71550750732422,""min_aov_h"":1.40625,""min_aov_v"":0.7910428047180176,""max_zoom"":64.0}",7.9691312
11478788793300,gimbal,3347,"{""imu_roll"":0.0,""imu_pitch"":25.240859985351562,""imu_yaw"":29.873554229736328,""frame_roll"":0.0,""frame_pitch"":25.240859985351562,""frame_yaw"":29.873554229736328,""pitch_speed"":0.0,""yaw_speed"":0.0}",7.9802428
11478789100600,fov,3347,"{""zoom"":12.339999198913574,""hfov"":7.293355464935303,""vfov"":4.106302738189697,""state"":0,""max_aov_h"":90.0,""max_aov_v"":58.71550750732422,""min_aov_h"":1.40625,""min_aov_v"":0.7910428047180176,""max_zoom"":64.0}",7.9805501
11478802601300,target_offset,488,"{""x_angle_offset"":3.4339548647403717,""y_angle_offset"":-0.6539667323783591}",7.9940508
11478808051400,gimbal,3348,"{""imu_roll"":0.0,""imu_pitch"":24.59009552001953,""imu_yaw"":29.84294891357422,""frame_roll"":0.0,""frame_pitch"":24.59009552001953,""frame_yaw"":29.84294891357422,""pitch_speed"":0.0,""yaw_speed"":0.0}",7.9995009
11478808541700,fov,3348,"{""zoom"":12.339999198913574,""hfov"":7.293355464935303,""vfov"":4.106302738189697,""state"":0,""max_aov_h"":90.0,""max_aov_v"":58.71550750732422,""min_aov_h"":1.40625,""min_aov_v"":0.7910428047180176,""max_zoom"":64.0}",7.9999912
11478819768500,gimbal,3349,"{""imu_roll"":0.0,""imu_pitch"":24.5872802734375,""imu_yaw"":29.86087989807129,""frame_roll"":0.0,""frame_pitch"":24.5872802734375,""frame_yaw"":29.86087989807129,""pitch_speed"":0.0,""yaw_speed"":0.0}",8.011218
11478820080100,fov,3349,"{""zoom"":12.339999198913574,""hfov"":7.293355464935303,""vfov"":4.106302738189697,""state"":0,""max_aov_h"":90.0,""max_aov_v"":58.71550750732422,""min_aov_h"":1.40625,""min_aov_v"":0.7910428047180176,""max_zoom"":64.0}",8.0115296
11478829339700,attitude,1293,"{""message_type"":""ATTITUDE"",""time_boot_ms"":126870,""roll"":0.5619021058082581,""pitch"":-0.3200748860836029,""yaw"":-2.877606153488159,""rollspeed"":0.1251092106103897,""pitchspeed"":0.17418372631072998,""yawspeed"":0.13287580013275146}",8.0207892
11478831668400,gimbal,3350,"{""imu_roll"":0.0,""imu_pitch"":24.137216567993164,""imu_yaw"":29.878150939941406,""frame_roll"":0.0,""frame_pitch"":24.137216567993164,""frame_yaw"":29.878150939941406,""pitch_speed"":0.0,""yaw_speed"":0.0}",8.0231179
11478832027400,fov,3350,"{""zoom"":12.339999198913574,""hfov"":7.293355464935303,""vfov"":4.106302738189697,""state"":0,""max_aov_h"":90.0,""max_aov_v"":58.71550750732422,""min_aov_h"":1.40625,""min_aov_v"":0.7910428047180176,""max_zoom"":64.0}",8.0234769
11478850135100,target_offset,489,"{""x_angle_offset"":3.4567466005682945,""y_angle_offset"":-0.6311539393884164}",8.0415846
11478853802800,gimbal,3351,"{""imu_roll"":0.0,""imu_pitch"":23.53232765197754,""imu_yaw"":29.877716064453125,""frame_roll"":0.0,""frame_pitch"":23.53232765197754,""frame_yaw"":29.877716064453125,""pitch_speed"":0.0,""yaw_speed"":0.0}",8.0452523
11478854083900,fov,3351,"{""zoom"":12.339999198913574,""hfov"":7.293355464935303,""vfov"":4.106302738189697,""state"":0,""max_aov_h"":90.0,""max_aov_v"":58.71550750732422,""min_aov_h"":1.40625,""min_aov_v"":0.7910428047180176,""max_zoom"":64.0}",8.0455334
11478863107200,gimbal,3352,"{""imu_roll"":0.0,""imu_pitch"":23.526947021484375,""imu_yaw"":29.892820358276367,""frame_roll"":0.0,""frame_pitch"":23.526947021484375,""frame_yaw"":29.892820358276367,""pitch_speed"":0.0,""yaw_speed"":0.0}",8.0545567
11478863983900,fov,3352,"{""zoom"":12.339999198913574,""hfov"":7.293355464935303,""vfov"":4.106302738189697,""state"":0,""max_aov_h"":90.0,""max_aov_v"":58.71550750732422,""min_aov_h"":1.40625,""min_aov_v"":0.7910428047180176,""max_zoom"":64.0}",8.0554334
11478874124100,attitude,1294,"{""message_type"":""ATTITUDE"",""time_boot_ms"":126910,""roll"":0.5648860335350037,""pitch"":-0.3171128034591675,""yaw"":-2.869314432144165,""rollspeed"":0.119864821434021,""pitchspeed"":0.17133991420269012,""yawspeed"":0.132577583193779}",8.0655736
11478874517100,vfr,647,"{""message_type"":""VFR_HUD"",""airspeed"":42.26396560668945,""alt"":85.6199951171875}",8.0659666
11478874649900,position,647,"{""message_type"":""GLOBAL_POSITION_INT"",""lat"":469498165,""lon"":393488318}",8.0660994
11478879000700,target_offset,490,"{""x_angle_offset"":3.4491493552923203,""y_angle_offset"":-0.5855283534085309}",8.0704502
11478883564700,range,1213,"{""message_type"":""GLOBAL_VISION_POSITION_ESTIMATE"",""x"":46.9495735168457,""y"":39.34860610961914}",8.0750142
11478884052400,gimbal,3353,"{""imu_roll"":0.0,""imu_pitch"":23.405954360961914,""imu_yaw"":29.914894104003906,""frame_roll"":0.0,""frame_pitch"":23.405954360961914,""frame_yaw"":29.914894104003906,""pitch_speed"":0.0,""yaw_speed"":0.0}",8.0755019
11478884638200,fov,3353,"{""zoom"":12.339999198913574,""hfov"":7.293355464935303,""vfov"":4.106302738189697,""state"":0,""max_aov_h"":90.0,""max_aov_v"":58.71550750732422,""min_aov_h"":1.40625,""min_aov_v"":0.7910428047180176,""max_zoom"":64.0}",8.0760877
11478894230100,gimbal,3354,"{""imu_roll"":0.0,""imu_pitch"":23.357873916625977,""imu_yaw"":29.898292541503906,""frame_roll"":0.0,""frame_pitch"":23.357873916625977,""frame_yaw"":29.898292541503906,""pitch_speed"":0.0,""yaw_speed"":0.0}",8.0856796
11478895448100,fov,3354,"{""zoom"":12.339999198913574,""hfov"":7.293355464935303,""vfov"":4.106302738189697,""state"":0,""max_aov_h"":90.0,""max_aov_v"":58.71550750732422,""min_aov_h"":1.40625,""min_aov_v"":0.7910428047180176,""max_zoom"":64.0}",8.0868976
11478895705800,range,1214,"{""message_type"":""GLOBAL_VISION_POSITION_ESTIMATE"",""x"":46.9495735168457,""y"":39.34860610961914}",8.0871553
11478907389400,gimbal,3355,"{""imu_roll"":0.0,""imu_pitch"":23.306171417236328,""imu_yaw"":29.869056701660156,""frame_roll"":0.0,""frame_pitch"":23.306171417236328,""frame_yaw"":29.869056701660156,""pitch_speed"":0.0,""yaw_speed"":0.0}",8.0988389
11478907801800,fov,3355,"{""zoom"":12.339999198913574,""hfov"":7.293355464935303,""vfov"":4.106302738189697,""state"":0,""max_aov_h"":90.0,""max_aov_v"":58.71550750732422,""min_aov_h"":1.40625,""min_aov_v"":0.7910428047180176,""max_zoom"":64.0}",8.0992513
11478927751900,gimbal,3356,"{""imu_roll"":0.0,""imu_pitch"":22.463289260864258,""imu_yaw"":29.89539909362793,""frame_roll"":0.0,""frame_pitch"":22.463289260864258,""frame_yaw"":29.89539909362793,""pitch_speed"":0.0,""yaw_speed"":0.0}",8.1192014
11478928772700,fov,3356,"{""zoom"":12.339999198913574,""hfov"":7.293355464935303,""vfov"":4.106302738189697,""state"":0,""max_aov_h"":90.0,""max_aov_v"":58.71550750732422,""min_aov_h"":1.40625,""min_aov_v"":0.7910428047180176,""max_zoom"":64.0}",8.1202222
11478933784600,attitude,1295,"{""message_type"":""ATTITUDE"",""time_boot_ms"":126970,""roll"":0.5689383745193481,""pitch"":-0.3127797544002533,""yaw"":-2.8569095134735107,""rollspeed"":0.11192606389522552,""pitchspeed"":0.17135456204414368,""yawspeed"":0.13178643584251404}",8.1252341
11478937869200,gimbal,3357,"{""imu_roll"":0.0,""imu_pitch"":22.070573806762695,""imu_yaw"":29.878847122192383,""frame_roll"":0.0,""frame_pitch"":22.070573806762695,""frame_yaw"":29.878847122192383,""pitch_speed"":0.0,""yaw_speed"":0.0}",8.1293187
11478939183400,fov,3357,"{""zoom"":12.339999198913574,""hfov"":7.293355464935303,""vfov"":4.106302738189697,""state"":0,""max_aov_h"":90.0,""max_aov_v"":58.71550750732422,""min_aov_h"":1.40625,""min_aov_v"":0.7910428047180176,""max_zoom"":64.0}",8.1306329
11478948697400,gimbal,3358,"{""imu_roll"":0.0,""imu_pitch"":21.74346160888672,""imu_yaw"":29.851455688476562,""frame_roll"":0.0,""frame_pitch"":21.74346160888672,""frame_yaw"":29.851455688476562,""pitch_speed"":0.0,""yaw_speed"":0.0}",8.1401469
11478949131400,fov,3358,"{""zoom"":12.339999198913574,""hfov"":7.293355464935303,""vfov"":4.106302738189697,""state"":0,""max_aov_h"":90.0,""max_aov_v"":58.71550750732422,""min_aov_h"":1.40625,""min_aov_v"":0.7910428047180176,""max_zoom"":64.0}",8.1405809
11478970307600,gimbal,3359,"{""imu_roll"":0.0,""imu_pitch"":21.201433181762695,""imu_yaw"":29.774356842041016,""frame_roll"":0.0,""frame_pitch"":21.201433181762695,""frame_yaw"":29.774356842041016,""pitch_speed"":0.0,""yaw_speed"":0.0}",8.1617571
11478970709100,fov,3359,"{""zoom"":12.339999198913574,""hfov"":7.293355464935303,""vfov"":4.106302738189697,""state"":0,""max_aov_h"":90.0,""max_aov_v"":58.71550750732422,""min_aov_h"":1.40625,""min_aov_v"":0.7910428047180176,""max_zoom"":64.0}",8.1621586
11478972748900,position,648,"{""message_type"":""GLOBAL_POSITION_INT"",""lat"":469497392,""lon"":393487815}",8.1641984
11478972896300,attitude,1296,"{""message_type"":""ATTITUDE"",""time_boot_ms"":127010,""roll"":0.5713037252426147,""pitch"":-0.3098573684692383,""yaw"":-2.8485734462738037,""rollspeed"":0.10694421827793121,""pitchspeed"":0.17394906282424927,""yawspeed"":0.1309596300125122}",8.1643458
11478973139800,vfr,648,"{""message_type"":""VFR_HUD"",""airspeed"":42.38874816894531,""alt"":83.93000030517578}",8.1645893
11478983842800,gimbal,3360,"{""imu_roll"":0.0,""imu_pitch"":20.795751571655273,""imu_yaw"":29.8037166595459,""frame_roll"":0.0,""frame_pitch"":20.795751571655273,""frame_yaw"":29.8037166595459,""pitch_speed"":0.0,""yaw_speed"":0.0}",8.1752923
11478984151400,fov,3360,"{""zoom"":12.339999198913574,""hfov"":7.293355464935303,""vfov"":4.106302738189697,""state"":0,""max_aov_h"":90.0,""max_aov_v"":58.71550750732422,""min_aov_h"":1.40625,""min_aov_v"":0.7910428047180176,""max_zoom"":64.0}",8.1756009
11479001480100,target_offset,491,"{""x_angle_offset"":3.3959686383605003,""y_angle_offset"":-0.6539667323783591}",8.1929296
11479004241600,gimbal,3361,"{""imu_roll"":0.0,""imu_pitch"":20.27040672302246,""imu_yaw"":29.811878204345703,""frame_roll"":0.0,""frame_pitch"":20.27040672302246,""frame_yaw"":29.811878204345703,""pitch_speed"":0.0,""yaw_speed"":0.0}",8.1956911
11479004510100,fov,3361,"{""zoom"":12.339999198913574,""hfov"":7.293355464935303,""vfov"":4.106302738189697,""state"":0,""max_aov_h"":90.0,""max_aov_v"":58.71550750732422,""min_aov_h"":1.40625,""min_aov_v"":0.7910428047180176,""max_zoom"":64.0}",8.1959596
11479014543300,gimbal,3362,"{""imu_roll"":0.0,""imu_pitch"":20.253530502319336,""imu_yaw"":29.834009170532227,""frame_roll"":0.0,""frame_pitch"":20.253530502319336,""frame_yaw"":29.834009170532227,""pitch_speed"":0.0,""yaw_speed"":0.0}",8.2059928
11479014800000,fov,3362,"{""zoom"":12.339999198913574,""hfov"":7.293355464935303,""vfov"":4.106302738189697,""state"":0,""max_aov_h"":90.0,""max_aov_v"":58.71550750732422,""min_aov_h"":1.40625,""min_aov_v"":0.7910428047180176,""max_zoom"":64.0}",8.2062495
11479026181800,gimbal,3363,"{""imu_roll"":0.0,""imu_pitch"":20.239463806152344,""imu_yaw"":29.83530616760254,""frame_roll"":0.0,""frame_pitch"":20.239463806152344,""frame_yaw"":29.83530616760254,""pitch_speed"":0.0,""yaw_speed"":0.0}",8.2176313
11479026707800,fov,3363,"{""zoom"":12.339999198913574,""hfov"":7.293355464935303,""vfov"":4.106302738189697,""state"":0,""max_aov_h"":90.0,""max_aov_v"":58.71550750732422,""min_aov_h"":1.40625,""min_aov_v"":0.7910428047180176,""max_zoom"":64.0}",8.2181573
11479036964200,attitude,1297,"{""message_type"":""ATTITUDE"",""time_boot_ms"":127070,""roll"":0.5745640993118286,""pitch"":-0.3053092658519745,""yaw"":-2.8360226154327393,""rollspeed"":0.10099569708108902,""pitchspeed"":0.17742687463760376,""yawspeed"":0.1294367015361786}",8.2284137
11479038315900,range,1215,"{""message_type"":""GLOBAL_VISION_POSITION_ESTIMATE"",""x"":46.94947814941406,""y"":39.348506927490234}",8.2297654
11479040217400,target_offset,492,"{""x_angle_offset"":3.5099273175001144,""y_angle_offset"":-0.6311539393884164}",8.2316669
11479045048200,gimbal,3364,"{""imu_roll"":0.0,""imu_pitch"":20.11008071899414,""imu_yaw"":29.868608474731445,""frame_roll"":0.0,""frame_pitch"":20.11008071899414,""frame_yaw"":29.868608474731445,""pitch_speed"":0.0,""yaw_speed"":0.0}",8.2364977
11479045701100,fov,3364,"{""zoom"":12.339999198913574,""hfov"":7.293355464935303,""vfov"":4.106302738189697,""state"":0,""max_aov_h"":90.0,""max_aov_v"":58.71550750732422,""min_aov_h"":1.40625,""min_aov_v"":0.7910428047180176,""max_zoom"":64.0}",8.2371506
11479056042600,gimbal,3365,"{""imu_roll"":0.0,""imu_pitch"":20.060070037841797,""imu_yaw"":29.857318878173828,""frame_roll"":0.0,""frame_pitch"":20.060070037841797,""frame_yaw"":29.857318878173828,""pitch_speed"":0.0,""yaw_speed"":0.0}",8.2474921
11479056325800,fov,3365,"{""zoom"":12.339999198913574,""hfov"":7.293355464935303,""vfov"":4.106302738189697,""state"":0,""max_aov_h"":90.0,""max_aov_v"":58.71550750732422,""min_aov_h"":1.40625,""min_aov_v"":0.7910428047180176,""max_zoom"":64.0}",8.2477753
11479057714000,range,1216,"{""message_type"":""GLOBAL_VISION_POSITION_ESTIMATE"",""x"":46.94947814941406,""y"":39.348506927490234}",8.2491635
11479068536700,gimbal,3366,"{""imu_roll"":0.0,""imu_pitch"":19.997451782226562,""imu_yaw"":29.826446533203125,""frame_roll"":0.0,""frame_pitch"":19.997451782226562,""frame_yaw"":29.826446533203125,""pitch_speed"":0.0,""yaw_speed"":0.0}",8.2599862
11479069609400,fov,3366,"{""zoom"":12.339999198913574,""hfov"":7.293355464935303,""vfov"":4.106302738189697,""state"":0,""max_aov_h"":90.0,""max_aov_v"":58.71550750732422,""min_aov_h"":1.40625,""min_aov_v"":0.7910428047180176,""max_zoom"":64.0}",8.2610589
11479076504200,vfr,649,"{""message_type"":""VFR_HUD"",""airspeed"":42.49640655517578,""alt"":82.2699966430664}",8.2679537
11479076629400,position,649,"{""message_type"":""GLOBAL_POSITION_INT"",""lat"":469497392,""lon"":393487815}",8.2680789
11479076729100,attitude,1298,"{""message_type"":""ATTITUDE"",""time_boot_ms"":127110,""roll"":0.5766069889068604,""pitch"":-0.3022119402885437,""yaw"":-2.82767391204834,""rollspeed"":0.09805972129106522,""pitchspeed"":0.17834192514419556,""yawspeed"":0.12815946340560913}",8.2681786
11479087236300,target_offset,493,"{""x_angle_offset"":3.7606364116072655,""y_angle_offset"":-0.8212605476379394}",8.2786858
11479090849800,gimbal,3367,"{""imu_roll"":0.0,""imu_pitch"":19.270000457763672,""imu_yaw"":29.860830307006836,""frame_roll"":0.0,""frame_pitch"":19.270000457763672,""frame_yaw"":29.860830307006836,""pitch_speed"":0.0,""yaw_speed"":0.0}",8.2822993
11479091158100,fov,3367,"{""zoom"":12.339999198913574,""hfov"":7.293355464935303,""vfov"":4.106302738189697,""state"":0,""max_aov_h"":90.0,""max_aov_v"":58.71550750732422,""min_aov_h"":1.40625,""min_aov_v"":0.7910428047180176,""max_zoom"":64.0}",8.2826076
11479101280000,gimbal,3368,"{""imu_roll"":0.0,""imu_pitch"":19.257125854492188,""imu_yaw"":29.87714195251465,""frame_roll"":0.0,""frame_pitch"":19.257125854492188,""frame_yaw"":29.87714195251465,""pitch_speed"":0.0,""yaw_speed"":0.0}",8.2927295
11479101591400,fov,3368,"{""zoom"":12.339999198913574,""hfov"":7.293355464935303,""vfov"":4.106302738189697,""state"":0,""max_aov_h"":90.0,""max_aov_v"":58.71550750732422,""min_aov_h"":1.40625,""min_aov_v"":0.7910428047180176,""max_zoom"":64.0}",8.2930409
11479115269900,target_offset,494,"{""x_angle_offset"":3.5403162986040115,""y_angle_offset"":-0.7680306973280729}",8.3067194
11479121715900,gimbal,3369,"{""imu_roll"":0.0,""imu_pitch"":19.089576721191406,""imu_yaw"":29.903596878051758,""frame_roll"":0.0,""frame_pitch"":19.089576721191406,""frame_yaw"":29.903596878051758,""pitch_speed"":0.0,""yaw_speed"":0.0}",8.3131654
11479122070100,fov,3369,"{""zoom"":12.339999198913574,""hfov"":7.293355464935303,""vfov"":4.106302738189697,""state"":0,""max_aov_h"":90.0,""max_aov_v"":58.71550750732422,""min_aov_h"":1.40625,""min_aov_v"":0.7910428047180176,""max_zoom"":64.0}",8.3135196
11479134361800,gimbal,3370,"{""imu_roll"":0.0,""imu_pitch"":18.698030471801758,""imu_yaw"":29.913959503173828,""frame_roll"":0.0,""frame_pitch"":18.698030471801758,""frame_yaw"":29.913959503173828,""pitch_speed"":0.0,""yaw_speed"":0.0}",8.3258113
11479134746500,fov,3370,"{""zoom"":12.339999198913574,""hfov"":7.293355464935303,""vfov"":4.106302738189697,""state"":0,""max_aov_h"":90.0,""max_aov_v"":58.71550750732422,""min_aov_h"":1.40625,""min_aov_v"":0.7910428047180176,""max_zoom"":64.0}",8.326196
11479138718700,attitude,1299,"{""message_type"":""ATTITUDE"",""time_boot_ms"":127170,""roll"":0.5794999599456787,""pitch"":-0.2973352074623108,""yaw"":-2.8151042461395264,""rollspeed"":0.09415104985237122,""pitchspeed"":0.1842697113752365,""yawspeed"":0.1259876936674118}",8.3301682
11479145671200,gimbal,3371,"{""imu_roll"":0.0,""imu_pitch"":18.264446258544922,""imu_yaw"":29.904827117919922,""frame_roll"":0.0,""frame_pitch"":18.264446258544922,""frame_yaw"":29.904827117919922,""pitch_speed"":0.0,""yaw_speed"":0.0}",8.3371207
11479146196900,fov,3371,"{""zoom"":12.339999198913574,""hfov"":7.293355464935303,""vfov"":4.106302738189697,""state"":0,""max_aov_h"":90.0,""max_aov_v"":58.71550750732422,""min_aov_h"":1.40625,""min_aov_v"":0.7910428047180176,""max_zoom"":64.0}",8.3376464
11479160038700,target_offset,495,"{""x_angle_offset"":3.5631080344319344,""y_angle_offset"":-0.7756349616580539}",8.3514882
11479167118700,gimbal,3372,"{""imu_roll"":0.0,""imu_pitch"":18.103918075561523,""imu_yaw"":29.92401695251465,""frame_roll"":0.0,""frame_pitch"":18.103918075561523,""frame_yaw"":29.92401695251465,""pitch_speed"":0.0,""yaw_speed"":0.0}",8.3585682
11479167673100,fov,3372,"{""zoom"":12.339999198913574,""hfov"":7.293355464935303,""vfov"":4.106302738189697,""state"":0,""max_aov_h"":90.0,""max_aov_v"":58.71550750732422,""min_aov_h"":1.40625,""min_aov_v"":0.7910428047180176,""max_zoom"":64.0}",8.3591226
11479177628700,vfr,650,"{""message_type"":""VFR_HUD"",""airspeed"":42.59209060668945,""alt"":80.6500015258789}",8.3690782
11479177805500,position,650,"{""message_type"":""GLOBAL_POSITION_INT"",""lat"":469496640,""lon"":393487262}",8.369255
11479177918600,attitude,1300,"{""message_type"":""ATTITUDE"",""time_boot_ms"":127210,""roll"":0.5810537338256836,""pitch"":-0.2934580445289612,""yaw"":-2.8065690994262695,""rollspeed"":0.0911446139216423,""pitchspeed"":0.18936628103256226,""yawspeed"":0.12437593936920166}",8.3693681
11479179102100,gimbal,3373,"{""imu_roll"":0.0,""imu_pitch"":18.03167152404785,""imu_yaw"":29.900903701782227,""frame_roll"":0.0,""frame_pitch"":18.03167152404785,""frame_yaw"":29.900903701782227,""pitch_speed"":0.0,""yaw_speed"":0.0}",8.3705516
11479179547700,range,1217,"{""message_type"":""GLOBAL_VISION_POSITION_ESTIMATE"",""x"":46.94940185546875,""y"":39.34841537475586}",8.3709972
11479179820400,fov,3373,"{""zoom"":12.339999198913574,""hfov"":7.293355464935303,""vfov"":4.106302738189697,""state"":0,""max_aov_h"":90.0,""max_aov_v"":58.71550750732422,""min_aov_h"":1.40625,""min_aov_v"":0.7910428047180176,""max_zoom"":64.0}",8.3712699
11479190385500,gimbal,3374,"{""imu_roll"":0.0,""imu_pitch"":17.616790771484375,""imu_yaw"":29.91277313232422,""frame_roll"":0.0,""frame_pitch"":17.616790771484375,""frame_yaw"":29.91277313232422,""pitch_speed"":0.0,""yaw_speed"":0.0}",8.381835
11479190731500,fov,3374,"{""zoom"":12.339999198913574,""hfov"":7.293355464935303,""vfov"":4.106302738189697,""state"":0,""max_aov_h"":90.0,""max_aov_v"":58.71550750732422,""min_aov_h"":1.40625,""min_aov_v"":0.7910428047180176,""max_zoom"":64.0}",8.382181
11479200004300,range,1218,"{""message_type"":""GLOBAL_VISION_POSITION_ESTIMATE"",""x"":46.94940185546875,""y"":39.34841537475586}",8.3914538
11479209822700,gimbal,3375,"{""imu_roll"":0.0,""imu_pitch"":17.012577056884766,""imu_yaw"":29.905366897583008,""frame_roll"":0.0,""frame_pitch"":17.012577056884766,""frame_yaw"":29.905366897583008,""pitch_speed"":0.0,""yaw_speed"":0.0}",8.4012722
11479210390600,fov,3375,"{""zoom"":12.339999198913574,""hfov"":7.293355464935303,""vfov"":4.106302738189697,""state"":0,""max_aov_h"":90.0,""max_aov_v"":58.71550750732422,""min_aov_h"":1.40625,""min_aov_v"":0.7910428047180176,""max_zoom"":64.0}",8.4018401
11479219454300,gimbal,3376,"{""imu_roll"":0.0,""imu_pitch"":16.750308990478516,""imu_yaw"":29.875383377075195,""frame_roll"":0.0,""frame_pitch"":16.750308990478516,""frame_yaw"":29.875383377075195,""pitch_speed"":0.0,""yaw_speed"":0.0}",8.4109038
11479219854700,fov,3376,"{""zoom"":12.339999198913574,""hfov"":7.293355464935303,""vfov"":4.106302738189697,""state"":0,""max_aov_h"":90.0,""max_aov_v"":58.71550750732422,""min_aov_h"":1.40625,""min_aov_v"":0.7910428047180176,""max_zoom"":64.0}",8.4113042
11479235379400,target_offset,496,"{""x_angle_offset"":3.55551078915596,""y_angle_offset"":-0.9429287769176341}",8.4268289
11479238895000,attitude,1301,"{""message_type"":""ATTITUDE"",""time_boot_ms"":127270,""roll"":0.5832288265228271,""pitch"":-0.28731369972229004,""yaw"":-2.7936882972717285,""rollspeed"":0.08765532821416855,""pitchspeed"":0.1956164389848709,""yawspeed"":0.12178194522857666}",8.4303445
11479240920800,gimbal,3377,"{""imu_roll"":0.0,""imu_pitch"":16.547136306762695,""imu_yaw"":29.901979446411133,""frame_roll"":0.0,""frame_pitch"":16.547136306762695,""frame_yaw"":29.901979446411133,""pitch_speed"":0.0,""yaw_speed"":0.0}",8.4323703
11479241377100,fov,3377,"{""zoom"":12.339999198913574,""hfov"":7.293355464935303,""vfov"":4.106302738189697,""state"":0,""max_aov_h"":90.0,""max_aov_v"":58.71550750732422,""min_aov_h"":1.40625,""min_aov_v"":0.7910428047180176,""max_zoom"":64.0}",8.4328266
11479253215900,gimbal,3378,"{""imu_roll"":0.0,""imu_pitch"":16.466373443603516,""imu_yaw"":29.882253646850586,""frame_roll"":0.0,""frame_pitch"":16.466373443603516,""frame_yaw"":29.882253646850586,""pitch_speed"":0.0,""yaw_speed"":0.0}",8.4446654
11479253459800,fov,3378,"{""zoom"":12.339999198913574,""hfov"":7.293355464935303,""vfov"":4.106302738189697,""state"":0,""max_aov_h"":90.0,""max_aov_v"":58.71550750732422,""min_aov_h"":1.40625,""min_aov_v"":0.7910428047180176,""max_zoom"":64.0}",8.4449093
11479263872000,gimbal,3379,"{""imu_roll"":0.0,""imu_pitch"":16.386066436767578,""imu_yaw"":29.843883514404297,""frame_roll"":0.0,""frame_pitch"":16.386066436767578,""frame_yaw"":29.843883514404297,""pitch_speed"":0.0,""yaw_speed"":0.0}",8.4553215
11479264276300,fov,3379,"{""zoom"":12.339999198913574,""hfov"":7.293355464935303,""vfov"":4.106302738189697,""state"":0,""max_aov_h"":90.0,""max_aov_v"":58.71550750732422,""min_aov_h"":1.40625,""min_aov_v"":0.7910428047180176,""max_zoom"":64.0}",8.4557258
11479275605300,vfr,651,"{""message_type"":""VFR_HUD"",""airspeed"":42.67946243286133,""alt"":79.06999969482422}",8.4670548
11479275765400,position,651,"{""message_type"":""GLOBAL_POSITION_INT"",""lat"":469496640,""lon"":393487262}",8.4672149
11479275882900,attitude,1302,"{""message_type"":""ATTITUDE"",""time_boot_ms"":127310,""roll"":0.5846244096755981,""pitch"":-0.2830621004104614,""yaw"":-2.785104274749756,""rollspeed"":0.08569838851690292,""pitchspeed"":0.19782310724258423,""yawspeed"":0.11990085989236832}",8.4673324
11479278290900,target_offset,497,"{""x_angle_offset"":3.50233007222414,""y_angle_offset"":-1.0722012705273098}",8.4697404
11479283881800,gimbal,3380,"{""imu_roll"":0.0,""imu_pitch"":15.646028518676758,""imu_yaw"":29.875415802001953,""frame_roll"":0.0,""frame_pitch"":15.646028518676758,""frame_yaw"":29.875415802001953,""pitch_speed"":0.0,""yaw_speed"":0.0}",8.4753313
11479284305600,fov,3380,"{""zoom"":12.339999198913574,""hfov"":7.293355464935303,""vfov"":4.106302738189697,""state"":0,""max_aov_h"":90.0,""max_aov_v"":58.71550750732422,""min_aov_h"":1.40625,""min_aov_v"":0.7910428047180176,""max_zoom"":64.0}",8.4757551
11479297049100,gimbal,3381,"{""imu_roll"":0.0,""imu_pitch"":15.342379570007324,""imu_yaw"":29.862531661987305,""frame_roll"":0.0,""frame_pitch"":15.342379570007324,""frame_yaw"":29.862531661987305,""pitch_speed"":0.0,""yaw_speed"":0.0}",8.4884986
11479297631000,fov,3381,"{""zoom"":12.339999198913574,""hfov"":7.293355464935303,""vfov"":4.106302738189697,""state"":0,""max_aov_h"":90.0,""max_aov_v"":58.71550750732422,""min_aov_h"":1.40625,""min_aov_v"":0.7910428047180176,""max_zoom"":64.0}",8.4890805
11479309003200,gimbal,3382,"{""imu_roll"":0.0,""imu_pitch"":15.022110939025879,""imu_yaw"":29.833805084228516,""frame_roll"":0.0,""frame_pitch"":15.022110939025879,""frame_yaw"":29.833805084228516,""pitch_speed"":0.0,""yaw_speed"":0.0}",8.5004527
11479309400800,fov,3382,"{""zoom"":12.339999198913574,""hfov"":7.293355464935303,""vfov"":4.106302738189697,""state"":0,""max_aov_h"":90.0,""max_aov_v"":58.71550750732422,""min_aov_h"":1.40625,""min_aov_v"":0.7910428047180176,""max_zoom"":64.0}",8.5008503
11479322688200,target_offset,498,"{""x_angle_offset"":3.4263576194643974,""y_angle_offset"":-1.0645970061973289}",8.5141377
11479327098200,gimbal,3383,"{""imu_roll"":0.0,""imu_pitch"":14.57210636138916,""imu_yaw"":29.763256072998047,""frame_roll"":0.0,""frame_pitch"":14.57210636138916,""frame_yaw"":29.763256072998047,""pitch_speed"":0.0,""yaw_speed"":0.0}",8.5185477
11479327335400,fov,3383,"{""zoom"":12.339999198913574,""hfov"":7.293355464935303,""vfov"":4.106302738189697,""state"":0,""max_aov_h"":90.0,""max_aov_v"":58.71550750732422,""min_aov_h"":1.40625,""min_aov_v"":0.7910428047180176,""max_zoom"":64.0}",8.5187849
11479338747700,attitude,1303,"{""message_type"":""ATTITUDE"",""time_boot_ms"":127370,""roll"":0.5867007970809937,""pitch"":-0.2766404449939728,""yaw"":-2.7723662853240967,""rollspeed"":0.08360783010721207,""pitchspeed"":0.19671112298965454,""yawspeed"":0.11705482751131058}",8.5301972
11479339605100,gimbal,3384,"{""imu_roll"":0.0,""imu_pitch"":14.24921989440918,""imu_yaw"":29.79149627685547,""frame_roll"":0.0,""frame_pitch"":14.24921989440918,""frame_yaw"":29.79149627685547,""pitch_speed"":0.0,""yaw_speed"":0.0}",8.5310546
11479339941000,fov,3384,"{""zoom"":12.339999198913574,""hfov"":7.293355464935303,""vfov"":4.106302738189697,""state"":0,""max_aov_h"":90.0,""max_aov_v"":58.71550750732422,""min_aov_h"":1.40625,""min_aov_v"":0.7910428047180176,""max_zoom"":64.0}",8.5313905
11479347899100,range,1219,"{""message_type"":""GLOBAL_VISION_POSITION_ESTIMATE"",""x"":46.94938278198242,""y"":39.34834671020508}",8.5393486
11479351899700,gimbal,3385,"{""imu_roll"":0.0,""imu_pitch"":13.950739860534668,""imu_yaw"":29.794599533081055,""frame_roll"":0.0,""frame_pitch"":13.950739860534668,""frame_yaw"":29.794599533081055,""pitch_speed"":0.0,""yaw_speed"":0.0}",8.5433492
11479352383000,fov,3385,"{""zoom"":12.339999198913574,""hfov"":7.293355464935303,""vfov"":4.106302738189697,""state"":0,""max_aov_h"":90.0,""max_aov_v"":58.71550750732422,""min_aov_h"":1.40625,""min_aov_v"":0.7910428047180176,""max_zoom"":64.0}",8.5438325
11479357939000,range,1220,"{""message_type"":""GLOBAL_VISION_POSITION_ESTIMATE"",""x"":46.94938278198242,""y"":39.34834671020508}",8.5493885
11479365144200,target_offset,499,"{""x_angle_offset"":3.3503851667046547,""y_angle_offset"":-1.1178268565071954}",8.5565937
11479370168200,gimbal,3386,"{""imu_roll"":0.0,""imu_pitch"":13.569841384887695,""imu_yaw"":29.77069664001465,""frame_roll"":0.0,""frame_pitch"":13.569841384887695,""frame_yaw"":29.77069664001465,""pitch_speed"":0.0,""yaw_speed"":0.0}",8.5616177
11479370583100,fov,3386,"{""zoom"":12.339999198913574,""hfov"":7.293355464935303,""vfov"":4.106302738189697,""state"":0,""max_aov_h"":90.0,""max_aov_v"":58.71550750732422,""min_aov_h"":1.40625,""min_aov_v"":0.7910428047180176,""max_zoom"":64.0}",8.5620326
11479377991500,attitude,1304,"{""message_type"":""ATTITUDE"",""time_boot_ms"":127410,""roll"":0.5878745317459106,""pitch"":-0.27236658334732056,""yaw"":-2.7639312744140625,""rollspeed"":0.0812290757894516,""pitchspeed"":0.19610284268856049,""yawspeed"":0.11503814160823822}",8.569441
11479378485100,vfr,652,"{""message_type"":""VFR_HUD"",""airspeed"":42.740516662597656,""alt"":77.50999450683594}",8.5699346
11479378626400,position,652,"{""message_type"":""GLOBAL_POSITION_INT"",""lat"":469495900,""lon"":393486648}",8.5700759
11479379803900,gimbal,3387,"{""imu_roll"":0.0,""imu_pitch"":13.487846374511719,""imu_yaw"":29.796180725097656,""frame_roll"":0.0,""frame_pitch"":13.487846374511719,""frame_yaw"":29.796180725097656,""pitch_speed"":0.0,""yaw_speed"":0.0}",8.5712534
11479380115900,fov,3387,"{""zoom"":12.339999198913574,""hfov"":7.293355464935303,""vfov"":4.106302738189697,""state"":0,""max_aov_h"":90.0,""max_aov_v"":58.71550750732422,""min_aov_h"":1.40625,""min_aov_v"":0.7910428047180176,""max_zoom"":64.0}",8.5715654
11479401490800,gimbal,3388,"{""imu_roll"":0.0,""imu_pitch"":12.993631362915039,""imu_yaw"":29.837167739868164,""frame_roll"":0.0,""frame_pitch"":12.993631362915039,""frame_yaw"":29.837167739868164,""pitch_speed"":0.0,""yaw_speed"":0.0}",8.5929403
11479402503000,fov,3388,"{""zoom"":12.339999198913574,""hfov"":7.293355464935303,""vfov"":4.106302738189697,""state"":0,""max_aov_h"":90.0,""max_aov_v"":58.71550750732422,""min_aov_h"":1.40625,""min_aov_v"":0.7910428047180176,""max_zoom"":64.0}",8.5939525
11479410650000,gimbal,3389,"{""imu_roll"":0.0,""imu_pitch"":12.7903470993042,""imu_yaw"":29.829084396362305,""frame_roll"":0.0,""frame_pitch"":12.7903470993042,""frame_yaw"":29.829084396362305,""pitch_speed"":0.0,""yaw_speed"":0.0}",8.6020995
11479412048600,fov,3389,"{""zoom"":12.339999198913574,""hfov"":7.293355464935303,""vfov"":4.106302738189697,""state"":0,""max_aov_h"":90.0,""max_aov_v"":58.71550750732422,""min_aov_h"":1.40625,""min_aov_v"":0.7910428047180176,""max_zoom"":64.0}",8.6034981
11479424481200,gimbal,3390,"{""imu_roll"":0.0,""imu_pitch"":12.564720153808594,""imu_yaw"":29.804738998413086,""frame_roll"":0.0,""frame_pitch"":12.564720153808594,""frame_yaw"":29.804738998413086,""pitch_speed"":0.0,""yaw_speed"":0.0}",8.6159307
11479424800000,fov,3390,"{""zoom"":12.339999198913574,""hfov"":7.293355464935303,""vfov"":4.106302738189697,""state"":0,""max_aov_h"":90.0,""max_aov_v"":58.71550750732422,""min_aov_h"":1.40625,""min_aov_v"":0.7910428047180176,""max_zoom"":64.0}",8.6162495
11479435402300,attitude,1305,"{""message_type"":""ATTITUDE"",""time_boot_ms"":127470,""roll"":0.5893255472183228,""pitch"":-0.2659686505794525,""yaw"":-2.7513766288757324,""rollspeed"":0.07853680849075317,""pitchspeed"":0.19461876153945923,""yawspeed"":0.11202132701873779}",8.6268518
11479437839600,target_offset,500,"{""x_angle_offset"":3.6618722230196,""y_angle_offset"":-1.133035385167157}",8.6292891
11479444195700,gimbal,3391,"{""imu_roll"":0.0,""imu_pitch"":12.332414627075195,""imu_yaw"":29.844566345214844,""frame_roll"":0.0,""frame_pitch"":12.332414627075195,""frame_yaw"":29.844566345214844,""pitch_speed"":0.0,""yaw_speed"":0.0}",8.6356452
11479444721800,fov,3391,"{""zoom"":12.339999198913574,""hfov"":7.293355464935303,""vfov"":4.106302738189697,""state"":0,""max_aov_h"":90.0,""max_aov_v"":58.71550750732422,""min_aov_h"":1.40625,""min_aov_v"":0.7910428047180176,""max_zoom"":64.0}",8.6361713
11479455955800,gimbal,3392,"{""imu_roll"":0.0,""imu_pitch"":12.23633098602295,""imu_yaw"":29.835845947265625,""frame_roll"":0.0,""frame_pitch"":12.23633098602295,""frame_yaw"":29.835845947265625,""pitch_speed"":0.0,""yaw_speed"":0.0}",8.6474053
11479456307000,fov,3392,"{""zoom"":12.339999198913574,""hfov"":7.293355464935303,""vfov"":4.106302738189697,""state"":0,""max_aov_h"":90.0,""max_aov_v"":58.71550750732422,""min_aov_h"":1.40625,""min_aov_v"":0.7910428047180176,""max_zoom"":64.0}",8.6477565
11479467421900,gimbal,3393,"{""imu_roll"":0.0,""imu_pitch"":12.1408052444458,""imu_yaw"":29.809755325317383,""frame_roll"":0.0,""frame_pitch"":12.1408052444458,""frame_yaw"":29.809755325317383,""pitch_speed"":0.0,""yaw_speed"":0.0}",8.6588714
11479467765700,fov,3393,"{""zoom"":12.339999198913574,""hfov"":7.293355464935303,""vfov"":4.106302738189697,""state"":0,""max_aov_h"":90.0,""max_aov_v"":58.71550750732422,""min_aov_h"":1.40625,""min_aov_v"":0.7910428047180176,""max_zoom"":64.0}",8.6592152
11479472836800,position,653,"{""message_type"":""GLOBAL_POSITION_INT"",""lat"":469495900,""lon"":393486648}",8.6642863
11479472969200,attitude,1306,"{""message_type"":""ATTITUDE"",""time_boot_ms"":127510,""roll"":0.5902795791625977,""pitch"":-0.26170507073402405,""yaw"":-2.743131637573242,""rollspeed"":0.07657187432050705,""pitchspeed"":0.1933199018239975,""yawspeed"":0.10997732728719711}",8.6644187
11479473220600,vfr,653,"{""message_type"":""VFR_HUD"",""airspeed"":42.80358123779297,""alt"":76.00999450683594}",8.6646701
11479487358300,gimbal,3394,"{""imu_roll"":0.0,""imu_pitch"":11.599078178405762,""imu_yaw"":29.846820831298828,""frame_roll"":0.0,""frame_pitch"":11.599078178405762,""frame_yaw"":29.846820831298828,""pitch_speed"":0.0,""yaw_speed"":0.0}",8.6788078
11479487858900,fov,3394,"{""zoom"":12.339999198913574,""hfov"":7.293355464935303,""vfov"":4.106302738189697,""state"":0,""max_aov_h"":90.0,""max_aov_v"":58.71550750732422,""min_aov_h"":1.40625,""min_aov_v"":0.7910428047180176,""max_zoom"":64.0}",8.6793084
11479496339400,gimbal,3395,"{""imu_roll"":0.0,""imu_pitch"":11.35593032836914,""imu_yaw"":29.83487892150879,""frame_roll"":0.0,""frame_pitch"":11.35593032836914,""frame_yaw"":29.83487892150879,""pitch_speed"":0.0,""yaw_speed"":0.0}",8.6877889
11479497614200,fov,3395,"{""zoom"":12.339999198913574,""hfov"":7.293355464935303,""vfov"":4.106302738189697,""state"":0,""max_aov_h"":90.0,""max_aov_v"":58.71550750732422,""min_aov_h"":1.40625,""min_aov_v"":0.7910428047180176,""max_zoom"":64.0}",8.6890637
11479501591800,range,1221,"{""message_type"":""GLOBAL_VISION_POSITION_ESTIMATE"",""x"":46.949302673339844,""y"":39.34823989868164}",8.6930413
11479508587700,gimbal,3396,"{""imu_roll"":0.0,""imu_pitch"":11.117781639099121,""imu_yaw"":29.812786102294922,""frame_roll"":0.0,""frame_pitch"":11.117781639099121,""frame_yaw"":29.812786102294922,""pitch_speed"":0.0,""yaw_speed"":0.0}",8.7000372
11479508936200,fov,3396,"{""zoom"":12.339999198913574,""hfov"":7.293355464935303,""vfov"":4.106302738189697,""state"":0,""max_aov_h"":90.0,""max_aov_v"":58.71550750732422,""min_aov_h"":1.40625,""min_aov_v"":0.7910428047180176,""max_zoom"":64.0}",8.7003857
11479513075900,range,1222,"{""message_type"":""GLOBAL_VISION_POSITION_ESTIMATE"",""x"":46.949302673339844,""y"":39.34823989868164}",8.7045254
11479529581000,gimbal,3397,"{""imu_roll"":0.0,""imu_pitch"":10.764923095703125,""imu_yaw"":29.751014709472656,""frame_roll"":0.0,""frame_pitch"":10.764923095703125,""frame_yaw"":29.751014709472656,""pitch_speed"":0.0,""yaw_speed"":0.0}",8.7210305
11479529983000,fov,3397,"{""zoom"":12.339999198913574,""hfov"":7.293355464935303,""vfov"":4.106302738189697,""state"":0,""max_aov_h"":90.0,""max_aov_v"":58.71550750732422,""min_aov_h"":1.40625,""min_aov_v"":0.7910428047180176,""max_zoom"":64.0}",8.7214325
11479533324400,attitude,1307,"{""message_type"":""ATTITUDE"",""time_boot_ms"":127570,""roll"":0.5916481018066406,""pitch"":-0.25539281964302063,""yaw"":-2.7310030460357666,""rollspeed"":0.07260008901357651,""pitchspeed"":0.18953903019428253,""yawspeed"":0.10701724886894226}",8.7247739
11479539627600,gimbal,3398,"{""imu_roll"":0.0,""imu_pitch"":10.51759147644043,""imu_yaw"":29.779346466064453,""frame_roll"":0.0,""frame_pitch"":10.51759147644043,""frame_yaw"":29.779346466064453,""pitch_speed"":0.0,""yaw_speed"":0.0}",8.7310771
11479540001800,fov,3398,"{""zoom"":12.339999198913574,""hfov"":7.293355464935303,""vfov"":4.106302738189697,""state"":0,""max_aov_h"":90.0,""max_aov_v"":58.71550750732422,""min_aov_h"":1.40625,""min_aov_v"":0.7910428047180176,""max_zoom"":64.0}",8.7314513
11479556053000,target_offset,501,"{""x_angle_offset"":3.5934970155358315,""y_angle_offset"":-1.2090780284669664}",8.7475025
11479561620500,gimbal,3399,"{""imu_roll"":0.0,""imu_pitch"":10.259222984313965,""imu_yaw"":29.82595443725586,""frame_roll"":0.0,""frame_pitch"":10.259222984313965,""frame_yaw"":29.82595443725586,""pitch_speed"":0.0,""yaw_speed"":0.0}",8.75307
11479562018000,fov,3399,"{""zoom"":12.339999198913574,""hfov"":7.293355464935303,""vfov"":4.106302738189697,""state"":0,""max_aov_h"":90.0,""max_aov_v"":58.71550750732422,""min_aov_h"":1.40625,""min_aov_v"":0.7910428047180176,""max_zoom"":64.0}",8.7534675
11479572793300,gimbal,3400,"{""imu_roll"":0.0,""imu_pitch"":10.166390419006348,""imu_yaw"":29.818111419677734,""frame_roll"":0.0,""frame_pitch"":10.166390419006348,""frame_yaw"":29.818111419677734,""pitch_speed"":0.0,""yaw_speed"":0.0}",8.7642428
11479573379100,position,654,"{""message_type"":""GLOBAL_POSITION_INT"",""lat"":469495174,""lon"":393485989}",8.7648286
11479573604500,attitude,1308,"{""message_type"":""ATTITUDE"",""time_boot_ms"":127610,""roll"":0.5925254225730896,""pitch"":-0.25124722719192505,""yaw"":-2.7230756282806396,""rollspeed"":0.07070483267307281,""pitchspeed"":0.18675142526626587,""yawspeed"":0.10515313595533371}",8.765054
11479573918600,fov,3400,"{""zoom"":12.339999198913574,""hfov"":7.293355464935303,""vfov"":4.106302738189697,""state"":0,""max_aov_h"":90.0,""max_aov_v"":58.71550750732422,""min_aov_h"":1.40625,""min_aov_v"":0.7910428047180176,""max_zoom"":64.0}",8.7653681
11479574082900,vfr,654,"{""message_type"":""VFR_HUD"",""airspeed"":42.84767532348633,""alt"":74.54999542236328}",8.7655324
11479583216200,gimbal,3401,"{""imu_roll"":0.0,""imu_pitch"":10.063376426696777,""imu_yaw"":29.796092987060547,""frame_roll"":0.0,""frame_pitch"":10.063376426696777,""frame_yaw"":29.796092987060547,""pitch_speed"":0.0,""yaw_speed"":0.0}",8.7746657
11479583584900,fov,3401,"{""zoom"":12.339999198913574,""hfov"":7.293355464935303,""vfov"":4.106302738189697,""state"":0,""max_aov_h"":90.0,""max_aov_v"":58.71550750732422,""min_aov_h"":1.40625,""min_aov_v"":0.7910428047180176,""max_zoom"":64.0}",8.7750344
11479597631800,target_offset,502,"{""x_angle_offset"":3.722650185227394,""y_angle_offset"":-1.049388477537367}",8.7890813
11479601835000,gimbal,3402,"{""imu_roll"":0.0,""imu_pitch"":9.643473625183105,""imu_yaw"":29.83467674255371,""frame_roll"":0.0,""frame_pitch"":9.643473625183105,""frame_yaw"":29.83467674255371,""pitch_speed"":0.0,""yaw_speed"":0.0}",8.7932845
11479602114200,fov,3402,"{""zoom"":12.339999198913574,""hfov"":7.293355464935303,""vfov"":4.106302738189697,""state"":0,""max_aov_h"":90.0,""max_aov_v"":58.71550750732422,""min_aov_h"":1.40625,""min_aov_v"":0.7910428047180176,""max_zoom"":64.0}",8.7935637
11479613612900,gimbal,3403,"{""imu_roll"":0.0,""imu_pitch"":9.574688911437988,""imu_yaw"":29.85259437561035,""frame_roll"":0.0,""frame_pitch"":9.574688911437988,""frame_yaw"":29.85259437561035,""pitch_speed"":0.0,""yaw_speed"":0.0}",8.8050624
11479614046600,fov,3403,"{""zoom"":12.339999198913574,""hfov"":7.293355464935303,""vfov"":4.106302738189697,""state"":0,""max_aov_h"":90.0,""max_aov_v"":58.71550750732422,""min_aov_h"":1.40625,""min_aov_v"":0.7910428047180176,""max_zoom"":64.0}",8.8054961
11479625790900,gimbal,3404,"{""imu_roll"":0.0,""imu_pitch"":9.506195068359375,""imu_yaw"":29.857105255126953,""frame_roll"":0.0,""frame_pitch"":9.506195068359375,""frame_yaw"":29.857105255126953,""pitch_speed"":0.0,""yaw_speed"":0.0}",8.8172404
11479626232500,fov,3404,"{""zoom"":12.339999198913574,""hfov"":7.293355464935303,""vfov"":4.106302738189697,""state"":0,""max_aov_h"":90.0,""max_aov_v"":58.71550750732422,""min_aov_h"":1.40625,""min_aov_v"":0.7910428047180176,""max_zoom"":64.0}",8.817682
11479633784600,attitude,1309,"{""message_type"":""ATTITUDE"",""time_boot_ms"":127670,""roll"":0.5934341549873352,""pitch"":-0.24519290030002594,""yaw"":-2.7114059925079346,""rollspeed"":0.06727474182844162,""pitchspeed"":0.1796397566795349,""yawspeed"":0.10245049744844437}",8.8252341
11479638631200,target_offset,503,"{""x_angle_offset"":3.669469468295574,""y_angle_offset"":-1.0265756845474243}",8.8300807
11479644746600,gimbal,3405,"{""imu_roll"":0.0,""imu_pitch"":8.997220993041992,""imu_yaw"":29.886754989624023,""frame_roll"":0.0,""frame_pitch"":8.997220993041992,""frame_yaw"":29.886754989624023,""pitch_speed"":0.0,""yaw_speed"":0.0}",8.8361961
11479645337300,fov,3405,"{""zoom"":12.339999198913574,""hfov"":7.293355464935303,""vfov"":4.106302738189697,""state"":0,""max_aov_h"":90.0,""max_aov_v"":58.71550750732422,""min_aov_h"":1.40625,""min_aov_v"":0.7910428047180176,""max_zoom"":64.0}",8.8367868
11479657054400,gimbal,3406,"{""imu_roll"":0.0,""imu_pitch"":8.795591354370117,""imu_yaw"":29.873146057128906,""frame_roll"":0.0,""frame_pitch"":8.795591354370117,""frame_yaw"":29.873146057128906,""pitch_speed"":0.0,""yaw_speed"":0.0}",8.8485039
11479657677000,range,1223,"{""message_type"":""GLOBAL_VISION_POSITION_ESTIMATE"",""x"":46.949241638183594,""y"":39.34815216064453}",8.8491265
11479657790900,fov,3406,"{""zoom"":12.339999198913574,""hfov"":7.293355464935303,""vfov"":4.106302738189697,""state"":0,""max_aov_h"":90.0,""max_aov_v"":58.71550750732422,""min_aov_h"":1.40625,""min_aov_v"":0.7910428047180176,""max_zoom"":64.0}",8.8492404
11479668820500,gimbal,3407,"{""imu_roll"":0.0,""imu_pitch"":8.576692581176758,""imu_yaw"":29.844804763793945,""frame_roll"":0.0,""frame_pitch"":8.576692581176758,""frame_yaw"":29.844804763793945,""pitch_speed"":0.0,""yaw_speed"":0.0}",8.86027
11479669177400,fov,3407,"{""zoom"":12.339999198913574,""hfov"":7.293355464935303,""vfov"":4.106302738189697,""state"":0,""max_aov_h"":90.0,""max_aov_v"":58.71550750732422,""min_aov_h"":1.40625,""min_aov_v"":0.7910428047180176,""max_zoom"":64.0}",8.8606269
11479671940600,range,1224,"{""message_type"":""GLOBAL_VISION_POSITION_ESTIMATE"",""x"":46.949241638183594,""y"":39.34815216064453}",8.8633901
11479672127300,position,655,"{""message_type"":""GLOBAL_POSITION_INT"",""lat"":469495174,""lon"":393485989}",8.8635768
11479672290000,attitude,1310,"{""message_type"":""ATTITUDE"",""time_boot_ms"":127710,""roll"":0.5939883589744568,""pitch"":-0.24124553799629211,""yaw"":-2.7037949562072754,""rollspeed"":0.06476414948701859,""pitchspeed"":0.1776103377342224,""yawspeed"":0.1007118970155716}",8.8637395
11479672672700,vfr,655,"{""message_type"":""VFR_HUD"",""airspeed"":42.89884948730469,""alt"":73.1199951171875}",8.8641222
11479683732000,target_offset,504,"{""x_angle_offset"":3.669469468295574,""y_angle_offset"":-1.0037628915574814}",8.8751815
11479688776400,gimbal,3408,"{""imu_roll"":0.0,""imu_pitch"":8.375207901000977,""imu_yaw"":29.875518798828125,""frame_roll"":0.0,""frame_pitch"":8.375207901000977,""frame_yaw"":29.875518798828125,""pitch_speed"":0.0,""yaw_speed"":0.0}",8.8802259
11479689292900,fov,3408,"{""zoom"":12.339999198913574,""hfov"":7.293355464935303,""vfov"":4.106302738189697,""state"":0,""max_aov_h"":90.0,""max_aov_v"":58.71550750732422,""min_aov_h"":1.40625,""min_aov_v"":0.7910428047180176,""max_zoom"":64.0}",8.8807424
11479699742000,gimbal,3409,"{""imu_roll"":0.0,""imu_pitch"":8.151603698730469,""imu_yaw"":29.889413833618164,""frame_roll"":0.0,""frame_pitch"":8.151603698730469,""frame_yaw"":29.889413833618164,""pitch_speed"":0.0,""yaw_speed"":0.0}",8.8911915
11479700059600,fov,3409,"{""zoom"":12.339999198913574,""hfov"":7.293355464935303,""vfov"":4.106302738189697,""state"":0,""max_aov_h"":90.0,""max_aov_v"":58.71550750732422,""min_aov_h"":1.40625,""min_aov_v"":0.7910428047180176,""max_zoom"":64.0}",8.8915091
11479712028000,gimbal,3410,"{""imu_roll"":0.0,""imu_pitch"":7.936646938323975,""imu_yaw"":29.889854431152344,""frame_roll"":0.0,""frame_pitch"":7.936646938323975,""frame_yaw"":29.889854431152344,""pitch_speed"":0.0,""yaw_speed"":0.0}",8.9034775
11479713100900,fov,3410,"{""zoom"":12.339999198913574,""hfov"":7.293355464935303,""vfov"":4.106302738189697,""state"":0,""max_aov_h"":90.0,""max_aov_v"":58.71550750732422,""min_aov_h"":1.40625,""min_aov_v"":0.7910428047180176,""max_zoom"":64.0}",8.9045504
11479726524700,target_offset,505,"{""x_angle_offset"":3.669469468295574,""y_angle_offset"":-1.0037628915574814}",8.9179742
11479730157300,gimbal,3411,"{""imu_roll"":0.0,""imu_pitch"":7.6444854736328125,""imu_yaw"":29.865530014038086,""frame_roll"":0.0,""frame_pitch"":7.6444854736328125,""frame_yaw"":29.865530014038086,""pitch_speed"":0.0,""yaw_speed"":0.0}",8.9216068
11479730539700,fov,3411,"{""zoom"":12.339999198913574,""hfov"":7.293355464935303,""vfov"":4.106302738189697,""state"":0,""max_aov_h"":90.0,""max_aov_v"":58.71550750732422,""min_aov_h"":1.40625,""min_aov_v"":0.7910428047180176,""max_zoom"":64.0}",8.9219892
11479733462600,attitude,1311,"{""message_type"":""ATTITUDE"",""time_boot_ms"":127770,""roll"":0.5947668552398682,""pitch"":-0.2352774292230606,""yaw"":-2.692490339279175,""rollspeed"":0.061624594032764435,""pitchspeed"":0.1783573478460312,""yawspeed"":0.09846481680870056}",8.9249121
11479742303500,gimbal,3412,"{""imu_roll"":0.0,""imu_pitch"":7.557558059692383,""imu_yaw"":29.881694793701172,""frame_roll"":0.0,""frame_pitch"":7.557558059692383,""frame_yaw"":29.881694793701172,""pitch_speed"":0.0,""yaw_speed"":0.0}",8.933753
11479742610300,fov,3412,"{""zoom"":12.339999198913574,""hfov"":7.293355464935303,""vfov"":4.106302738189697,""state"":0,""max_aov_h"":90.0,""max_aov_v"":58.71550750732422,""min_aov_h"":1.40625,""min_aov_v"":0.7910428047180176,""max_zoom"":64.0}",8.9340598
11479756801500,target_offset,506,"{""x_angle_offset"":3.60869150608778,""y_angle_offset"":-0.9885543628975196}",8.948251
11479763759700,gimbal,3413,"{""imu_roll"":0.0,""imu_pitch"":7.357988357543945,""imu_yaw"":29.905078887939453,""frame_roll"":0.0,""frame_pitch"":7.357988357543945,""frame_yaw"":29.905078887939453,""pitch_speed"":0.0,""yaw_speed"":0.0}",8.9552092
11479764097800,fov,3413,"{""zoom"":12.339999198913574,""hfov"":7.293355464935303,""vfov"":4.106302738189697,""state"":0,""max_aov_h"":90.0,""max_aov_v"":58.71550750732422,""min_aov_h"":1.40625,""min_aov_v"":0.7910428047180176,""max_zoom"":64.0}",8.9555473
11479770666600,position,656,"{""message_type"":""GLOBAL_POSITION_INT"",""lat"":469495174,""lon"":393485989}",8.9621161
11479770826200,attitude,1312,"{""message_type"":""ATTITUDE"",""time_boot_ms"":127810,""roll"":0.5951714515686035,""pitch"":-0.2312081903219223,""yaw"":-2.6849770545959473,""rollspeed"":0.05834713578224182,""pitchspeed"":0.17993634939193726,""yawspeed"":0.09712552279233932}",8.9622757
11479771110000,vfr,656,"{""message_type"":""VFR_HUD"",""airspeed"":42.93463897705078,""alt"":71.75}",8.9625595
11479772410800,gimbal,3414,"{""imu_roll"":0.0,""imu_pitch"":7.274182319641113,""imu_yaw"":29.88736915588379,""frame_roll"":0.0,""frame_pitch"":7.274182319641113,""frame_yaw"":29.88736915588379,""pitch_speed"":0.0,""yaw_speed"":0.0}",8.9638603
11479772675500,fov,3414,"{""zoom"":12.339999198913574,""hfov"":7.293355464935303,""vfov"":4.106302738189697,""state"":0,""max_aov_h"":90.0,""max_aov_v"":58.71550750732422,""min_aov_h"":1.40625,""min_aov_v"":0.7910428047180176,""max_zoom"":64.0}",8.964125
11479784307000,gimbal,3415,"{""imu_roll"":0.0,""imu_pitch"":7.18431282043457,""imu_yaw"":29.858509063720703,""frame_roll"":0.0,""frame_pitch"":7.18431282043457,""frame_yaw"":29.858509063720703,""pitch_speed"":0.0,""yaw_speed"":0.0}",8.9757565
11479785258400,fov,3415,"{""zoom"":12.339999198913574,""hfov"":7.293355464935303,""vfov"":4.106302738189697,""state"":0,""max_aov_h"":90.0,""max_aov_v"":58.71550750732422,""min_aov_h"":1.40625,""min_aov_v"":0.7910428047180176,""max_zoom"":64.0}",8.9767079
11479802941700,gimbal,3416,"{""imu_roll"":0.0,""imu_pitch"":6.765872001647949,""imu_yaw"":29.885196685791016,""frame_roll"":0.0,""frame_pitch"":6.765872001647949,""frame_yaw"":29.885196685791016,""pitch_speed"":0.0,""yaw_speed"":0.0}",8.9943912
11479803855500,fov,3416,"{""zoom"":12.339999198913574,""hfov"":7.293355464935303,""vfov"":4.106302738189697,""state"":0,""max_aov_h"":90.0,""max_aov_v"":58.71550750732422,""min_aov_h"":1.40625,""min_aov_v"":0.7910428047180176,""max_zoom"":64.0}",8.995305
11479815593000,gimbal,3417,"{""imu_roll"":0.0,""imu_pitch"":6.58530330657959,""imu_yaw"":29.87272834777832,""frame_roll"":0.0,""frame_pitch"":6.58530330657959,""frame_yaw"":29.87272834777832,""pitch_speed"":0.0,""yaw_speed"":0.0}",9.0070425
11479815838900,fov,3417,"{""zoom"":12.339999198913574,""hfov"":7.293355464935303,""vfov"":4.106302738189697,""state"":0,""max_aov_h"":90.0,""max_aov_v"":58.71550750732422,""min_aov_h"":1.40625,""min_aov_v"":0.7910428047180176,""max_zoom"":64.0}",9.0072884
11479827309500,gimbal,3418,"{""imu_roll"":0.0,""imu_pitch"":6.379865646362305,""imu_yaw"":29.84170150756836,""frame_roll"":0.0,""frame_pitch"":6.379865646362305,""frame_yaw"":29.84170150756836,""pitch_speed"":0.0,""yaw_speed"":0.0}",9.018759
11479827701000,attitude,1313,"{""message_type"":""ATTITUDE"",""time_boot_ms"":127870,""roll"":0.5953592658042908,""pitch"":-0.2249833643436432,""yaw"":-2.6736695766448975,""rollspeed"":0.05401980131864548,""pitchspeed"":0.18217408657073975,""yawspeed"":0.09542229771614075}",9.0191505
11479828112600,fov,3418,"{""zoom"":12.339999198913574,""hfov"":7.293355464935303,""vfov"":4.106302738189697,""state"":0,""max_aov_h"":90.0,""max_aov_v"":58.71550750732422,""min_aov_h"":1.40625,""min_aov_v"":0.7910428047180176,""max_zoom"":64.0}",9.0195621
11479828443300,range,1225,"{""message_type"":""GLOBAL_VISION_POSITION_ESTIMATE"",""x"":46.94926071166992,""y"":39.3481330871582}",9.0198928
11479845844600,range,1226,"{""message_type"":""GLOBAL_VISION_POSITION_ESTIMATE"",""x"":46.94926071166992,""y"":39.3481330871582}",9.0372941
11479847452700,gimbal,3419,"{""imu_roll"":0.0,""imu_pitch"":5.9589762687683105,""imu_yaw"":29.872848510742188,""frame_roll"":0.0,""frame_pitch"":5.9589762687683105,""frame_yaw"":29.872848510742188,""pitch_speed"":0.0,""yaw_speed"":0.0}",9.0389022
11479847737800,fov,3419,"{""zoom"":12.339999198913574,""hfov"":7.293355464935303,""vfov"":4.106302738189697,""state"":0,""max_aov_h"":90.0,""max_aov_v"":58.71550750732422,""min_aov_h"":1.40625,""min_aov_v"":0.7910428047180176,""max_zoom"":64.0}",9.0391873
11479857281100,gimbal,3420,"{""imu_roll"":0.0,""imu_pitch"":5.759083271026611,""imu_yaw"":29.862995147705078,""frame_roll"":0.0,""frame_pitch"":5.759083271026611,""frame_yaw"":29.862995147705078,""pitch_speed"":0.0,""yaw_speed"":0.0}",9.0487306
11479857566100,fov,3420,"{""zoom"":12.339999198913574,""hfov"":7.293355464935303,""vfov"":4.106302738189697,""state"":0,""max_aov_h"":90.0,""max_aov_v"":58.71550750732422,""min_aov_h"":1.40625,""min_aov_v"":0.7910428047180176,""max_zoom"":64.0}",9.0490156
11479866463100,position,657,"{""message_type"":""GLOBAL_POSITION_INT"",""lat"":469494463,""lon"":393485293}",9.0579126
11479866615000,attitude,1314,"{""message_type"":""ATTITUDE"",""time_boot_ms"":127910,""roll"":0.5953582525253296,""pitch"":-0.22079123556613922,""yaw"":-2.6661477088928223,""rollspeed"":0.05272131413221359,""pitchspeed"":0.18209508061408997,""yawspeed"":0.09443479776382446}",9.0580645
11479866839100,vfr,657,"{""message_type"":""VFR_HUD"",""airspeed"":42.95967102050781,""alt"":70.40999603271484}",9.0582886
11479867742600,gimbal,3421,"{""imu_roll"":0.0,""imu_pitch"":5.595531463623047,""imu_yaw"":29.843551635742188,""frame_roll"":0.0,""frame_pitch"":5.595531463623047,""frame_yaw"":29.843551635742188,""pitch_speed"":0.0,""yaw_speed"":0.0}",9.0591921
11479868168900,fov,3421,"{""zoom"":12.339999198913574,""hfov"":7.293355464935303,""vfov"":4.106302738189697,""state"":0,""max_aov_h"":90.0,""max_aov_v"":58.71550750732422,""min_aov_h"":1.40625,""min_aov_v"":0.7910428047180176,""max_zoom"":64.0}",9.0596184
11479883781200,target_offset,507,"{""x_angle_offset"":3.578302524983883,""y_angle_offset"":-1.0341799488774053}",9.0752307
11479889221800,gimbal,3422,"{""imu_roll"":0.0,""imu_pitch"":5.3832197189331055,""imu_yaw"":29.87527084350586,""frame_roll"":0.0,""frame_pitch"":5.3832197189331055,""frame_yaw"":29.87527084350586,""pitch_speed"":0.0,""yaw_speed"":0.0}",9.0806713
11479889709200,fov,3422,"{""zoom"":12.339999198913574,""hfov"":7.293355464935303,""vfov"":4.106302738189697,""state"":0,""max_aov_h"":90.0,""max_aov_v"":58.71550750732422,""min_aov_h"":1.40625,""min_aov_v"":0.7910428047180176,""max_zoom"":64.0}",9.0811587
11479898802300,gimbal,3423,"{""imu_roll"":0.0,""imu_pitch"":5.207144737243652,""imu_yaw"":29.887611389160156,""frame_roll"":0.0,""frame_pitch"":5.207144737243652,""frame_yaw"":29.887611389160156,""pitch_speed"":0.0,""yaw_speed"":0.0}",9.0902518
11479899230500,fov,3423,"{""zoom"":12.339999198913574,""hfov"":7.293355464935303,""vfov"":4.106302738189697,""state"":0,""max_aov_h"":90.0,""max_aov_v"":58.71550750732422,""min_aov_h"":1.40625,""min_aov_v"":0.7910428047180176,""max_zoom"":64.0}",9.09068
11479910150800,gimbal,3424,"{""imu_roll"":0.0,""imu_pitch"":5.022295951843262,""imu_yaw"":29.888559341430664,""frame_roll"":0.0,""frame_pitch"":5.022295951843262,""frame_yaw"":29.888559341430664,""pitch_speed"":0.0,""yaw_speed"":0.0}",9.1016003
11479910477800,fov,3424,"{""zoom"":12.339999198913574,""hfov"":7.293355464935303,""vfov"":4.106302738189697,""state"":0,""max_aov_h"":90.0,""max_aov_v"":58.71550750732422,""min_aov_h"":1.40625,""min_aov_v"":0.7910428047180176,""max_zoom"":64.0}",9.1019273
11479926717300,attitude,1315,"{""message_type"":""ATTITUDE"",""time_boot_ms"":127970,""roll"":0.5952727794647217,""pitch"":-0.2146511673927307,""yaw"":-2.655052661895752,""rollspeed"":0.04903038591146469,""pitchspeed"":0.17632152140140533,""yawspeed"":0.09323733299970627}",9.1181668
11479928496700,gimbal,3425,"{""imu_roll"":0.0,""imu_pitch"":4.762942790985107,""imu_yaw"":29.870929718017578,""frame_roll"":0.0,""frame_pitch"":4.762942790985107,""frame_yaw"":29.870929718017578,""pitch_speed"":0.0,""yaw_speed"":0.0}",9.1199462
11479929170600,fov,3425,"{""zoom"":12.339999198913574,""hfov"":7.293355464935303,""vfov"":4.106302738189697,""state"":0,""max_aov_h"":90.0,""max_aov_v"":58.71550750732422,""min_aov_h"":1.40625,""min_aov_v"":0.7910428047180176,""max_zoom"":64.0}",9.1206201
11479939243400,gimbal,3426,"{""imu_roll"":0.0,""imu_pitch"":4.642260551452637,""imu_yaw"":29.84398078918457,""frame_roll"":0.0,""frame_pitch"":4.642260551452637,""frame_yaw"":29.84398078918457,""pitch_speed"":0.0,""yaw_speed"":0.0}",9.1306929
11479939578800,fov,3426,"{""zoom"":12.339999198913574,""hfov"":7.293355464935303,""vfov"":4.106302738189697,""state"":0,""max_aov_h"":90.0,""max_aov_v"":58.71550750732422,""min_aov_h"":1.40625,""min_aov_v"":0.7910428047180176,""max_zoom"":64.0}",9.1310283
11479957309600,target_offset,508,"{""x_angle_offset"":3.578302524983883,""y_angle_offset"":-1.041784213207386}",9.1487591
11479961192600,gimbal,3427,"{""imu_roll"":0.0,""imu_pitch"":4.282101631164551,""imu_yaw"":29.877954483032227,""frame_roll"":0.0,""frame_pitch"":4.282101631164551,""frame_yaw"":29.877954483032227,""pitch_speed"":0.0,""yaw_speed"":0.0}",9.1526421
11479961574300,fov,3427,"{""zoom"":12.339999198913574,""hfov"":7.293355464935303,""vfov"":4.106302738189697,""state"":0,""max_aov_h"":90.0,""max_aov_v"":58.71550750732422,""min_aov_h"":1.40625,""min_aov_v"":0.7910428047180176,""max_zoom"":64.0}",9.1530238
11479965638000,vfr,658,"{""message_type"":""VFR_HUD"",""airspeed"":42.9771842956543,""alt"":69.1199951171875}",9.1570875
11479965801200,position,658,"{""message_type"":""GLOBAL_POSITION_INT"",""lat"":469494463,""lon"":393485293}",9.1572507
11479965892800,attitude,1316,"{""message_type"":""ATTITUDE"",""time_boot_ms"":128010,""roll"":0.5951900482177734,""pitch"":-0.2107657641172409,""yaw"":-2.6478443145751953,""rollspeed"":0.04700196534395218,""pitchspeed"":0.17067301273345947,""yawspeed"":0.09265974164009094}",9.1573423
11479972083300,gimbal,3428,"{""imu_roll"":0.0,""imu_pitch"":4.205702304840088,""imu_yaw"":29.891263961791992,""frame_roll"":0.0,""frame_pitch"":4.205702304840088,""frame_yaw"":29.891263961791992,""pitch_speed"":0.0,""yaw_speed"":0.0}",9.1635328
11479972384400,fov,3428,"{""zoom"":12.339999198913574,""hfov"":7.293355464935303,""vfov"":4.106302738189697,""state"":0,""max_aov_h"":90.0,""max_aov_v"":58.71550750732422,""min_aov_h"":1.40625,""min_aov_v"":0.7910428047180176,""max_zoom"":64.0}",9.1638339
11479983340300,gimbal,3429,"{""imu_roll"":0.0,""imu_pitch"":4.132358551025391,""imu_yaw"":29.889265060424805,""frame_roll"":0.0,""frame_pitch"":4.132358551025391,""frame_yaw"":29.889265060424805,""pitch_speed"":0.0,""yaw_speed"":0.0}",9.1747898
11479983858200,range,1227,"{""message_type"":""GLOBAL_VISION_POSITION_ESTIMATE"",""x"":46.9492073059082,""y"":39.34804916381836}",9.1753077
11479983966100,fov,3429,"{""zoom"":12.339999198913574,""hfov"":7.293355464935303,""vfov"":4.106302738189697,""state"":0,""max_aov_h"":90.0,""max_aov_v"":58.71550750732422,""min_aov_h"":1.40625,""min_aov_v"":0.7910428047180176,""max_zoom"":64.0}",9.1754156
11479986075600,range,1228,"{""message_type"":""GLOBAL_VISION_POSITION_ESTIMATE"",""x"":46.9492073059082,""y"":39.34804916381836}",9.1775251
11479997121400,target_offset,509,"{""x_angle_offset"":3.55551078915596,""y_angle_offset"":-1.0341799488774053}",9.1885709
11480004360800,gimbal,3430,"{""imu_roll"":0.0,""imu_pitch"":3.9291272163391113,""imu_yaw"":29.911026000976562,""frame_roll"":0.0,""frame_pitch"":3.9291272163391113,""frame_yaw"":29.911026000976562,""pitch_speed"":0.0,""yaw_speed"":0.0}",9.1958103
11480004907700,fov,3430,"{""zoom"":12.339999198913574,""hfov"":7.293355464935303,""vfov"":4.106302738189697,""state"":0,""max_aov_h"":90.0,""max_aov_v"":58.71550750732422,""min_aov_h"":1.40625,""min_aov_v"":0.7910428047180176,""max_zoom"":64.0}",9.1963572
11480014795200,gimbal,3431,"{""imu_roll"":0.0,""imu_pitch"":3.8373725414276123,""imu_yaw"":29.89604949951172,""frame_roll"":0.0,""frame_pitch"":3.8373725414276123,""frame_yaw"":29.89604949951172,""pitch_speed"":0.0,""yaw_speed"":0.0}",9.2062447
11480015256300,fov,3431,"{""zoom"":12.339999198913574,""hfov"":7.293355464935303,""vfov"":4.106302738189697,""state"":0,""max_aov_h"":90.0,""max_aov_v"":58.71550750732422,""min_aov_h"":1.40625,""min_aov_v"":0.7910428047180176,""max_zoom"":64.0}",9.2067058
11480026566800,gimbal,3432,"{""imu_roll"":0.0,""imu_pitch"":3.7506136894226074,""imu_yaw"":29.870210647583008,""frame_roll"":0.0,""frame_pitch"":3.7506136894226074,""frame_yaw"":29.870210647583008,""pitch_speed"":0.0,""yaw_speed"":0.0}",9.2180163
11480026764500,attitude,1317,"{""message_type"":""ATTITUDE"",""time_boot_ms"":128070,""roll"":0.5949230194091797,""pitch"":-0.2051348090171814,""yaw"":-2.6371841430664062,""rollspeed"":0.043841488659381866,""pitchspeed"":0.16720187664031982,""yawspeed"":0.09216165542602539}",9.218214
11480027134900,fov,3432,"{""zoom"":12.339999198913574,""hfov"":7.293355464935303,""vfov"":4.106302738189697,""state"":0,""max_aov_h"":90.0,""max_aov_v"":58.71550750732422,""min_aov_h"":1.40625,""min_aov_v"":0.7910428047180176,""max_zoom"":64.0}",9.2185844
11480041394900,target_offset,510,"{""x_angle_offset"":3.50233007222414,""y_angle_offset"":-1.140639649497138}",9.2328444
11480045821800,gimbal,3433,"{""imu_roll"":0.0,""imu_pitch"":3.5101776123046875,""imu_yaw"":29.89716339111328,""frame_roll"":0.0,""frame_pitch"":3.5101776123046875,""frame_yaw"":29.89716339111328,""pitch_speed"":0.0,""yaw_speed"":0.0}",9.2372713
11480046771400,fov,3433,"{""zoom"":12.339999198913574,""hfov"":7.293355464935303,""vfov"":4.106302738189697,""state"":0,""max_aov_h"":90.0,""max_aov_v"":58.71550750732422,""min_aov_h"":1.40625,""min_aov_v"":0.7910428047180176,""max_zoom"":64.0}",9.2382209
11480058065000,gimbal,3434,"{""imu_roll"":0.0,""imu_pitch"":3.3309786319732666,""imu_yaw"":29.908235549926758,""frame_roll"":0.0,""frame_pitch"":3.3309786319732666,""frame_yaw"":29.908235549926758,""pitch_speed"":0.0,""yaw_speed"":0.0}",9.2495145
11480058413400,fov,3434,"{""zoom"":12.339999198913574,""hfov"":7.293355464935303,""vfov"":4.106302738189697,""state"":0,""max_aov_h"":90.0,""max_aov_v"":58.71550750732422,""min_aov_h"":1.40625,""min_aov_v"":0.7910428047180176,""max_zoom"":64.0}",9.2498629
11480066338500,vfr,659,"{""message_type"":""VFR_HUD"",""airspeed"":42.98944091796875,""alt"":67.86000061035156}",9.257788
11480066458900,position,659,"{""message_type"":""GLOBAL_POSITION_INT"",""lat"":469493769,""lon"":393484559}",9.2579084
11480066549500,attitude,1318,"{""message_type"":""ATTITUDE"",""time_boot_ms"":128110,""roll"":0.5945991277694702,""pitch"":-0.20143330097198486,""yaw"":-2.630089282989502,""rollspeed"":0.04151107370853424,""pitchspeed"":0.16787399351596832,""yawspeed"":0.09213215112686157}",9.257999
11480069884100,gimbal,3435,"{""imu_roll"":0.0,""imu_pitch"":3.148386240005493,""imu_yaw"":29.90422821044922,""frame_roll"":0.0,""frame_pitch"":3.148386240005493,""frame_yaw"":29.90422821044922,""pitch_speed"":0.0,""yaw_speed"":0.0}",9.2613336
11480070149600,fov,3435,"{""zoom"":12.339999198913574,""hfov"":7.293355464935303,""vfov"":4.106302738189697,""state"":0,""max_aov_h"":90.0,""max_aov_v"":58.71550750732422,""min_aov_h"":1.40625,""min_aov_v"":0.7910428047180176,""max_zoom"":64.0}",9.2615991
11480084311800,target_offset,511,"{""x_angle_offset"":3.639080487191677,""y_angle_offset"":-1.1710567068170619}",9.2757613
11480089303300,gimbal,3436,"{""imu_roll"":0.0,""imu_pitch"":2.9159460067749023,""imu_yaw"":29.876914978027344,""frame_roll"":0.0,""frame_pitch"":2.9159460067749023,""frame_yaw"":29.876914978027344,""pitch_speed"":0.0,""yaw_speed"":0.0}",9.2807528
11480089536400,fov,3436,"{""zoom"":12.339999198913574,""hfov"":7.293355464935303,""vfov"":4.106302738189697,""state"":0,""max_aov_h"":90.0,""max_aov_v"":58.71550750732422,""min_aov_h"":1.40625,""min_aov_v"":0.7910428047180176,""max_zoom"":64.0}",9.2809859
11480099154700,gimbal,3437,"{""imu_roll"":0.0,""imu_pitch"":2.7269973754882812,""imu_yaw"":29.891082763671875,""frame_roll"":0.0,""frame_pitch"":2.7269973754882812,""frame_yaw"":29.891082763671875,""pitch_speed"":0.0,""yaw_speed"":0.0}",9.2906042
11480099486300,fov,3437,"{""zoom"":12.339999198913574,""hfov"":7.293355464935303,""vfov"":4.106302738189697,""state"":0,""max_aov_h"":90.0,""max_aov_v"":58.71550750732422,""min_aov_h"":1.40625,""min_aov_v"":0.7910428047180176,""max_zoom"":64.0}",9.2909358
11480115357800,target_offset,512,"{""x_angle_offset"":3.60869150608778,""y_angle_offset"":-1.1178268565071954}",9.3068073
11480118765100,gimbal,3438,"{""imu_roll"":0.0,""imu_pitch"":2.4339139461517334,""imu_yaw"":29.887868881225586,""frame_roll"":0.0,""frame_pitch"":2.4339139461517334,""frame_yaw"":29.887868881225586,""pitch_speed"":0.0,""yaw_speed"":0.0}",9.3102146
11480119822700,fov,3438,"{""zoom"":12.339999198913574,""hfov"":7.293355464935303,""vfov"":4.106302738189697,""state"":0,""max_aov_h"":90.0,""max_aov_v"":58.71550750732422,""min_aov_h"":1.40625,""min_aov_v"":0.7910428047180176,""max_zoom"":64.0}",9.3112722
11480128867100,attitude,1319,"{""message_type"":""ATTITUDE"",""time_boot_ms"":128170,""roll"":0.5939202904701233,""pitch"":-0.1957959532737732,""yaw"":-2.6193923950195312,""rollspeed"":0.036803238093853,""pitchspeed"":0.17011520266532898,""yawspeed"":0.09231121838092804}",9.3203166
11480129641700,gimbal,3439,"{""imu_roll"":0.0,""imu_pitch"":2.340250253677368,""imu_yaw"":29.900524139404297,""frame_roll"":0.0,""frame_pitch"":2.340250253677368,""frame_yaw"":29.900524139404297,""pitch_speed"":0.0,""yaw_speed"":0.0}",9.3210912
11480130046700,fov,3439,"{""zoom"":12.339999198913574,""hfov"":7.293355464935303,""vfov"":4.106302738189697,""state"":0,""max_aov_h"":90.0,""max_aov_v"":58.71550750732422,""min_aov_h"":1.40625,""min_aov_v"":0.7910428047180176,""max_zoom"":64.0}",9.3214962
11480138714400,range,1229,"{""message_type"":""GLOBAL_VISION_POSITION_ESTIMATE"",""x"":46.94915008544922,""y"":39.347965240478516}",9.3301639
11480143884600,gimbal,3440,"{""imu_roll"":0.0,""imu_pitch"":2.2498104572296143,""imu_yaw"":29.897342681884766,""frame_roll"":0.0,""frame_pitch"":2.2498104572296143,""frame_yaw"":29.897342681884766,""pitch_speed"":0.0,""yaw_speed"":0.0}",9.3353341
11480144140400,fov,3440,"{""zoom"":12.339999198913574,""hfov"":7.293355464935303,""vfov"":4.106302738189697,""state"":0,""max_aov_h"":90.0,""max_aov_v"":58.71550750732422,""min_aov_h"":1.40625,""min_aov_v"":0.7910428047180176,""max_zoom"":64.0}",9.3355899
11480147791700,range,1230,"{""message_type"":""GLOBAL_VISION_POSITION_ESTIMATE"",""x"":46.94915008544922,""y"":39.347965240478516}",9.3392412
11480155915200,target_offset,513,"{""x_angle_offset"":3.578302524983883,""y_angle_offset"":-1.1710567068170619}",9.3473647
11480162619600,gimbal,3441,"{""imu_roll"":0.0,""imu_pitch"":2.0260367393493652,""imu_yaw"":29.91692352294922,""frame_roll"":0.0,""frame_pitch"":2.0260367393493652,""frame_yaw"":29.91692352294922,""pitch_speed"":0.0,""yaw_speed"":0.0}",9.3540691
11480163960200,fov,3441,"{""zoom"":12.339999198913574,""hfov"":7.293355464935303,""vfov"":4.106302738189697,""state"":0,""max_aov_h"":90.0,""max_aov_v"":58.71550750732422,""min_aov_h"":1.40625,""min_aov_v"":0.7910428047180176,""max_zoom"":64.0}",9.3554097
11480168093700,vfr,660,"{""message_type"":""VFR_HUD"",""airspeed"":42.977725982666016,""alt"":66.6500015258789}",9.3595432
11480168381800,position,660,"{""message_type"":""GLOBAL_POSITION_INT"",""lat"":469493769,""lon"":393484559}",9.3598313
11480168561400,attitude,1320,"{""message_type"":""ATTITUDE"",""time_boot_ms"":128210,""roll"":0.5933734774589539,""pitch"":-0.19199474155902863,""yaw"":-2.6122171878814697,""rollspeed"":0.03500782698392868,""pitchspeed"":0.17097720503807068,""yawspeed"":0.09273925423622131}",9.3600109
11480172891300,gimbal,3442,"{""imu_roll"":0.0,""imu_pitch"":1.9298449754714966,""imu_yaw"":29.90496063232422,""frame_roll"":0.0,""frame_pitch"":1.9298449754714966,""frame_yaw"":29.90496063232422,""pitch_speed"":0.0,""yaw_speed"":0.0}",9.3643408
11480173190600,fov,3442,"{""zoom"":12.339999198913574,""hfov"":7.293355464935303,""vfov"":4.106302738189697,""state"":0,""max_aov_h"":90.0,""max_aov_v"":58.71550750732422,""min_aov_h"":1.40625,""min_aov_v"":0.7910428047180176,""max_zoom"":64.0}",9.3646401
11480184883400,gimbal,3443,"{""imu_roll"":0.0,""imu_pitch"":1.8242608308792114,""imu_yaw"":29.879369735717773,""frame_roll"":0.0,""frame_pitch"":1.8242608308792114,""frame_yaw"":29.879369735717773,""pitch_speed"":0.0,""yaw_speed"":0.0}",9.3763329
11480185606900,fov,3443,"{""zoom"":12.339999198913574,""hfov"":7.293355464935303,""vfov"":4.106302738189697,""state"":0,""max_aov_h"":90.0,""max_aov_v"":58.71550750732422,""min_aov_h"":1.40625,""min_aov_v"":0.7910428047180176,""max_zoom"":64.0}",9.3770564
11480204479500,gimbal,3444,"{""imu_roll"":0.0,""imu_pitch"":1.505453109741211,""imu_yaw"":29.902698516845703,""frame_roll"":0.0,""frame_pitch"":1.505453109741211,""frame_yaw"":29.902698516845703,""pitch_speed"":0.0,""yaw_speed"":0.0}",9.395929
11480204873700,fov,3444,"{""zoom"":12.339999198913574,""hfov"":7.293355464935303,""vfov"":4.106302738189697,""state"":0,""max_aov_h"":90.0,""max_aov_v"":58.71550750732422,""min_aov_h"":1.40625,""min_aov_v"":0.7910428047180176,""max_zoom"":64.0}",9.3963232
11480213765200,gimbal,3445,"{""imu_roll"":0.0,""imu_pitch"":1.3682336807250977,""imu_yaw"":29.891908645629883,""frame_roll"":0.0,""frame_pitch"":1.3682336807250977,""frame_yaw"":29.891908645629883,""pitch_speed"":0.0,""yaw_speed"":0.0}",9.4052147
11480214121700,fov,3445,"{""zoom"":12.339999198913574,""hfov"":7.293355464935303,""vfov"":4.106302738189697,""state"":0,""max_aov_h"":90.0,""max_aov_v"":58.71550750732422,""min_aov_h"":1.40625,""min_aov_v"":0.7910428047180176,""max_zoom"":64.0}",9.4055712
11480225688200,gimbal,3446,"{""imu_roll"":0.0,""imu_pitch"":1.2185629606246948,""imu_yaw"":29.870624542236328,""frame_roll"":0.0,""frame_pitch"":1.2185629606246948,""frame_yaw"":29.870624542236328,""pitch_speed"":0.0,""yaw_speed"":0.0}",9.4171377
11480226765000,fov,3446,"{""zoom"":12.339999198913574,""hfov"":7.293355464935303,""vfov"":4.106302738189697,""state"":0,""max_aov_h"":90.0,""max_aov_v"":58.71550750732422,""min_aov_h"":1.40625,""min_aov_v"":0.7910428047180176,""max_zoom"":64.0}",9.4182145
11480231654800,attitude,1321,"{""message_type"":""ATTITUDE"",""time_boot_ms"":128270,""roll"":0.5924826264381409,""pitch"":-0.18627916276454926,""yaw"":-2.601407527923584,""rollspeed"":0.032602325081825256,""pitchspeed"":0.17172713577747345,""yawspeed"":0.09364357590675354}",9.4231043
11480241899200,target_offset,514,"{""x_angle_offset"":3.578302524983883,""y_angle_offset"":-1.0798055348572908}",9.4333487
11480245690800,gimbal,3447,"{""imu_roll"":0.0,""imu_pitch"":1.0203238725662231,""imu_yaw"":29.818391799926758,""frame_roll"":0.0,""frame_pitch"":1.0203238725662231,""frame_yaw"":29.818391799926758,""pitch_speed"":0.0,""yaw_speed"":0.0}",9.4371403
11480246051600,fov,3447,"{""zoom"":12.339999198913574,""hfov"":7.293355464935303,""vfov"":4.106302738189697,""state"":0,""max_aov_h"":90.0,""max_aov_v"":58.71550750732422,""min_aov_h"":1.40625,""min_aov_v"":0.7910428047180176,""max_zoom"":64.0}",9.4375011
11480256253400,gimbal,3448,"{""imu_roll"":0.0,""imu_pitch"":0.8802244663238525,""imu_yaw"":29.83724021911621,""frame_roll"":0.0,""frame_pitch"":0.8802244663238525,""frame_yaw"":29.83724021911621,""pitch_speed"":0.0,""yaw_speed"":0.0}",9.4477029
11480256511300,fov,3448,"{""zoom"":12.339999198913574,""hfov"":7.293355464935303,""vfov"":4.106302738189697,""state"":0,""max_aov_h"":90.0,""max_aov_v"":58.71550750732422,""min_aov_h"":1.40625,""min_aov_v"":0.7910428047180176,""max_zoom"":64.0}",9.4479608
11480268021400,gimbal,3449,"{""imu_roll"":0.0,""imu_pitch"":0.7448583245277405,""imu_yaw"":29.84125328063965,""frame_roll"":0.0,""frame_pitch"":0.7448583245277405,""frame_yaw"":29.84125328063965,""pitch_speed"":0.0,""yaw_speed"":0.0}",9.4594709
11480268357200,fov,3449,"{""zoom"":12.339999198913574,""hfov"":7.293355464935303,""vfov"":4.106302738189697,""state"":0,""max_aov_h"":90.0,""max_aov_v"":58.71550750732422,""min_aov_h"":1.40625,""min_aov_v"":0.7910428047180176,""max_zoom"":64.0}",9.4598067
11480270971700,vfr,661,"{""message_type"":""VFR_HUD"",""airspeed"":42.96952819824219,""alt"":65.47999572753906}",9.4624212
11480271066500,position,661,"{""message_type"":""GLOBAL_POSITION_INT"",""lat"":469493096,""lon"":393483790}",9.462516
11480271172300,attitude,1322,"{""message_type"":""ATTITUDE"",""time_boot_ms"":128310,""roll"":0.5918229818344116,""pitch"":-0.18242642283439636,""yaw"":-2.59417462348938,""rollspeed"":0.031114449724555016,""pitchspeed"":0.17180262506008148,""yawspeed"":0.09452986717224121}",9.4626218
11480284126400,target_offset,515,"{""x_angle_offset"":3.547913543879986,""y_angle_offset"":-1.140639649497138}",9.4755759
11480290414400,gimbal,3450,"{""imu_roll"":0.0,""imu_pitch"":0.5375919342041016,""imu_yaw"":29.827808380126953,""frame_roll"":0.0,""frame_pitch"":0.5375919342041016,""frame_yaw"":29.827808380126953,""pitch_speed"":0.0,""yaw_speed"":0.0}",9.4818639
11480290697100,fov,3450,"{""zoom"":12.339999198913574,""hfov"":7.293355464935303,""vfov"":4.106302738189697,""state"":0,""max_aov_h"":90.0,""max_aov_v"":58.71550750732422,""min_aov_h"":1.40625,""min_aov_v"":0.7910428047180176,""max_zoom"":64.0}",9.4821466
11480301454000,gimbal,3451,"{""imu_roll"":0.0,""imu_pitch"":0.40814208984375,""imu_yaw"":29.851696014404297,""frame_roll"":0.0,""frame_pitch"":0.40814208984375,""frame_yaw"":29.851696014404297,""pitch_speed"":0.0,""yaw_speed"":0.0}",9.4929035
11480301972100,fov,3451,"{""zoom"":12.339999198913574,""hfov"":7.293355464935303,""vfov"":4.106302738189697,""state"":0,""max_aov_h"":90.0,""max_aov_v"":58.71550750732422,""min_aov_h"":1.40625,""min_aov_v"":0.7910428047180176,""max_zoom"":64.0}",9.4934216
11480308868900,range,1231,"{""message_type"":""GLOBAL_VISION_POSITION_ESTIMATE"",""x"":46.9490966796875,""y"":39.34787368774414}",9.5003184
11480314176600,gimbal,3452,"{""imu_roll"":0.0,""imu_pitch"":0.26035091280937195,""imu_yaw"":29.869022369384766,""frame_roll"":0.0,""frame_pitch"":0.26035091280937195,""frame_yaw"":29.869022369384766,""pitch_speed"":0.0,""yaw_speed"":0.0}",9.5056261
11480314603800,fov,3452,"{""zoom"":12.339999198913574,""hfov"":7.293355464935303,""vfov"":4.106302738189697,""state"":0,""max_aov_h"":90.0,""max_aov_v"":58.71550750732422,""min_aov_h"":1.40625,""min_aov_v"":0.7910428047180176,""max_zoom"":64.0}",9.5060533
11480317218100,range,1232,"{""message_type"":""GLOBAL_VISION_POSITION_ESTIMATE"",""x"":46.9490966796875,""y"":39.34787368774414}",9.5086676
11480327393500,target_offset,516,"{""x_angle_offset"":3.6998584493994713,""y_angle_offset"":-1.1102225921772144}",9.518843
11480331412800,gimbal,3453,"{""imu_roll"":0.0,""imu_pitch"":0.05959942936897278,""imu_yaw"":29.869733810424805,""frame_roll"":0.0,""frame_pitch"":0.05959942936897278,""frame_yaw"":29.869733810424805,""pitch_speed"":0.0,""yaw_speed"":0.0}",9.5228623
11480331677900,fov,3453,"{""zoom"":12.339999198913574,""hfov"":7.293355464935303,""vfov"":4.106302738189697,""state"":0,""max_aov_h"":90.0,""max_aov_v"":58.71550750732422,""min_aov_h"":1.40625,""min_aov_v"":0.7910428047180176,""max_zoom"":64.0}",9.5231274
11480338367200,attitude,1323,"{""message_type"":""ATTITUDE"",""time_boot_ms"":128370,""roll"":0.5908488035202026,""pitch"":-0.17674635350704193,""yaw"":-2.583317756652832,""rollspeed"":0.030569670721888542,""pitchspeed"":0.16997943818569183,""yawspeed"":0.09609378129243851}",9.5298167
11480341761600,gimbal,3454,"{""imu_roll"":0.0,""imu_pitch"":-0.0432383269071579,""imu_yaw"":29.884708404541016,""frame_roll"":0.0,""frame_pitch"":-0.0432383269071579,""frame_yaw"":29.884708404541016,""pitch_speed"":0.0,""yaw_speed"":0.0}",9.5332111
11480343002400,fov,3454,"{""zoom"":12.339999198913574,""hfov"":7.293355464935303,""vfov"":4.106302738189697,""state"":0,""max_aov_h"":90.0,""max_aov_v"":58.71550750732422,""min_aov_h"":1.40625,""min_aov_v"":0.7910428047180176,""max_zoom"":64.0}",9.5344519
11480361193000,gimbal,3455,"{""imu_roll"":0.0,""imu_pitch"":-0.308241069316864,""imu_yaw"":29.90749168395996,""frame_roll"":0.0,""frame_pitch"":-0.308241069316864,""frame_yaw"":29.90749168395996,""pitch_speed"":0.0,""yaw_speed"":0.0}",9.5526425
11480361663000,fov,3455,"{""zoom"":12.339999198913574,""hfov"":7.293355464935303,""vfov"":4.106302738189697,""state"":0,""max_aov_h"":90.0,""max_aov_v"":58.71550750732422,""min_aov_h"":1.40625,""min_aov_v"":0.7910428047180176,""max_zoom"":64.0}",9.5531125
11480371236700,gimbal,3456,"{""imu_roll"":0.0,""imu_pitch"":-0.41819366812705994,""imu_yaw"":29.893543243408203,""frame_roll"":0.0,""frame_pitch"":-0.41819366812705994,""frame_yaw"":29.893543243408203,""pitch_speed"":0.0,""yaw_speed"":0.0}",9.5626862
11480371801900,fov,3456,"{""zoom"":12.339999198913574,""hfov"":7.293355464935303,""vfov"":4.106302738189697,""state"":0,""max_aov_h"":90.0,""max_aov_v"":58.71550750732422,""min_aov_h"":1.40625,""min_aov_v"":0.7910428047180176,""max_zoom"":64.0}",9.5632514
11480376149100,attitude,1324,"{""message_type"":""ATTITUDE"",""time_boot_ms"":128410,""roll"":0.5901912450790405,""pitch"":-0.17303328216075897,""yaw"":-2.576063871383667,""rollspeed"":0.02958686463534832,""pitchspeed"":0.16903994977474213,""yawspeed"":0.09732792526483536}",9.5675986
11480376376800,vfr,662,"{""message_type"":""VFR_HUD"",""airspeed"":42.963783264160156,""alt"":64.33000183105469}",9.5678263
11480376572300,position,662,"{""message_type"":""GLOBAL_POSITION_INT"",""lat"":469493096,""lon"":393483790}",9.5680218
11480382855900,gimbal,3457,"{""imu_roll"":0.0,""imu_pitch"":-0.5362799763679504,""imu_yaw"":29.86610984802246,""frame_roll"":0.0,""frame_pitch"":-0.5362799763679504,""frame_yaw"":29.86610984802246,""pitch_speed"":0.0,""yaw_speed"":0.0}",9.5743054
11480383197400,fov,3457,"{""zoom"":12.339999198913574,""hfov"":7.293355464935303,""vfov"":4.106302738189697,""state"":0,""max_aov_h"":90.0,""max_aov_v"":58.71550750732422,""min_aov_h"":1.40625,""min_aov_v"":0.7910428047180176,""max_zoom"":64.0}",9.5746469
11480396897900,target_offset,517,"{""x_angle_offset"":3.806219883263111,""y_angle_offset"":-1.4904358086762604}",9.5883474
11480403948900,gimbal,3458,"{""imu_roll"":0.0,""imu_pitch"":-0.8278048038482666,""imu_yaw"":29.892391204833984,""frame_roll"":0.0,""frame_pitch"":-0.8278048038482666,""frame_yaw"":29.892391204833984,""pitch_speed"":0.0,""yaw_speed"":0.0}",9.5953984
11480404276200,fov,3458,"{""zoom"":12.339999198913574,""hfov"":7.293355464935303,""vfov"":4.106302738189697,""state"":0,""max_aov_h"":90.0,""max_aov_v"":58.71550750732422,""min_aov_h"":1.40625,""min_aov_v"":0.7910428047180176,""max_zoom"":64.0}",9.5957257
11480414106200,gimbal,3459,"{""imu_roll"":0.0,""imu_pitch"":-0.9307132959365845,""imu_yaw"":29.903270721435547,""frame_roll"":0.0,""frame_pitch"":-0.9307132959365845,""frame_yaw"":29.903270721435547,""pitch_speed"":0.0,""yaw_speed"":0.0}",9.6055557
11480414344600,fov,3459,"{""zoom"":12.339999198913574,""hfov"":7.293355464935303,""vfov"":4.106302738189697,""state"":0,""max_aov_h"":90.0,""max_aov_v"":58.71550750732422,""min_aov_h"":1.40625,""min_aov_v"":0.7910428047180176,""max_zoom"":64.0}",9.6057941
11480424674000,gimbal,3460,"{""imu_roll"":0.0,""imu_pitch"":-1.0417966842651367,""imu_yaw"":29.902589797973633,""frame_roll"":0.0,""frame_pitch"":-1.0417966842651367,""frame_yaw"":29.902589797973633,""pitch_speed"":0.0,""yaw_speed"":0.0}",9.6161235
11480425212400,fov,3460,"{""zoom"":12.339999198913574,""hfov"":7.293355464935303,""vfov"":4.106302738189697,""state"":0,""max_aov_h"":90.0,""max_aov_v"":58.71550750732422,""min_aov_h"":1.40625,""min_aov_v"":0.7910428047180176,""max_zoom"":64.0}",9.6166619
11480440233600,attitude,1325,"{""message_type"":""ATTITUDE"",""time_boot_ms"":128470,""roll"":0.5892184972763062,""pitch"":-0.16754861176013947,""yaw"":-2.5651352405548096,""rollspeed"":0.029168440029025078,""pitchspeed"":0.16812823712825775,""yawspeed"":0.09935180842876434}",9.6316831
11480443093900,target_offset,518,"{""x_angle_offset"":3.7074556946754456,""y_angle_offset"":-1.6805424169257834}",9.6345434
11480446452400,gimbal,3461,"{""imu_roll"":0.0,""imu_pitch"":-1.1935782432556152,""imu_yaw"":29.877485275268555,""frame_roll"":0.0,""frame_pitch"":-1.1935782432556152,""frame_yaw"":29.877485275268555,""pitch_speed"":0.0,""yaw_speed"":0.0}",9.6379019
11480446808100,fov,3461,"{""zoom"":12.339999198913574,""hfov"":7.293355464935303,""vfov"":4.106302738189697,""state"":0,""max_aov_h"":90.0,""max_aov_v"":58.71550750732422,""min_aov_h"":1.40625,""min_aov_v"":0.7910428047180176,""max_zoom"":64.0}",9.6382576
11480455432800,gimbal,3462,"{""imu_roll"":0.0,""imu_pitch"":-1.3158537149429321,""imu_yaw"":29.89067840576172,""frame_roll"":0.0,""frame_pitch"":-1.3158537149429321,""frame_yaw"":29.89067840576172,""pitch_speed"":0.0,""yaw_speed"":0.0}",9.6468823
11480455771500,fov,3462,"{""zoom"":12.339999198913574,""hfov"":7.293355464935303,""vfov"":4.106302738189697,""state"":0,""max_aov_h"":90.0,""max_aov_v"":58.71550750732422,""min_aov_h"":1.40625,""min_aov_v"":0.7910428047180176,""max_zoom"":64.0}",9.647221
11480464641400,range,1233,"{""message_type"":""GLOBAL_VISION_POSITION_ESTIMATE"",""x"":46.94911193847656,""y"":39.347862243652344}",9.6560909
11480466935300,gimbal,3463,"{""imu_roll"":0.0,""imu_pitch"":-1.4298187494277954,""imu_yaw"":29.894329071044922,""frame_roll"":0.0,""frame_pitch"":-1.4298187494277954,""frame_yaw"":29.894329071044922,""pitch_speed"":0.0,""yaw_speed"":0.0}",9.6583848
11480467261700,fov,3463,"{""zoom"":12.339999198913574,""hfov"":7.293355464935303,""vfov"":4.106302738189697,""state"":0,""max_aov_h"":90.0,""max_aov_v"":58.71550750732422,""min_aov_h"":1.40625,""min_aov_v"":0.7910428047180176,""max_zoom"":64.0}",9.6587112
11480479997100,range,1234,"{""message_type"":""GLOBAL_VISION_POSITION_ESTIMATE"",""x"":46.94911193847656,""y"":39.347862243652344}",9.6714466
11480480182500,attitude,1326,"{""message_type"":""ATTITUDE"",""time_boot_ms"":128510,""roll"":0.5886596441268921,""pitch"":-0.16404153406620026,""yaw"":-2.557847738265991,""rollspeed"":0.029445264488458633,""pitchspeed"":0.16617833077907562,""yawspeed"":0.10092322528362274}",9.671632
11480480514200,vfr,663,"{""message_type"":""VFR_HUD"",""airspeed"":42.939453125,""alt"":63.22999954223633}",9.6719637
11480480620200,position,663,"{""message_type"":""GLOBAL_POSITION_INT"",""lat"":469492446,""lon"":393482980}",9.6720697
11480485491900,gimbal,3464,"{""imu_roll"":0.0,""imu_pitch"":-1.608390212059021,""imu_yaw"":29.874605178833008,""frame_roll"":0.0,""frame_pitch"":-1.608390212059021,""frame_yaw"":29.874605178833008,""pitch_speed"":0.0,""yaw_speed"":0.0}",9.6769414
11480485952200,fov,3464,"{""zoom"":12.339999198913574,""hfov"":7.293355464935303,""vfov"":4.106302738189697,""state"":0,""max_aov_h"":90.0,""max_aov_v"":58.71550750732422,""min_aov_h"":1.40625,""min_aov_v"":0.7910428047180176,""max_zoom"":64.0}",9.6774017
11480496666300,gimbal,3465,"{""imu_roll"":0.0,""imu_pitch"":-1.680224895477295,""imu_yaw"":29.846221923828125,""frame_roll"":0.0,""frame_pitch"":-1.680224895477295,""frame_yaw"":29.846221923828125,""pitch_speed"":0.0,""yaw_speed"":0.0}",9.6881158
11480496926800,fov,3465,"{""zoom"":12.339999198913574,""hfov"":7.293355464935303,""vfov"":4.106302738189697,""state"":0,""max_aov_h"":90.0,""max_aov_v"":58.71550750732422,""min_aov_h"":1.40625,""min_aov_v"":0.7910428047180176,""max_zoom"":64.0}",9.6883763
11480508692400,gimbal,3466,"{""imu_roll"":0.0,""imu_pitch"":-1.8220577239990234,""imu_yaw"":29.8651180267334,""frame_roll"":0.0,""frame_pitch"":-1.8220577239990234,""frame_yaw"":29.8651180267334,""pitch_speed"":0.0,""yaw_speed"":0.0}",9.7001419
11480509138400,fov,3466,"{""zoom"":12.339999198913574,""hfov"":7.293355464935303,""vfov"":4.106302738189697,""state"":0,""max_aov_h"":90.0,""max_aov_v"":58.71550750732422,""min_aov_h"":1.40625,""min_aov_v"":0.7910428047180176,""max_zoom"":64.0}",9.7005879
11480521638700,target_offset,519,"{""x_angle_offset"":3.6238859966397285,""y_angle_offset"":-1.832627703525402}",9.7130882
11480527503500,gimbal,3467,"{""imu_roll"":0.0,""imu_pitch"":-2.162754774093628,""imu_yaw"":29.89029312133789,""frame_roll"":0.0,""frame_pitch"":-2.162754774093628,""frame_yaw"":29.89029312133789,""pitch_speed"":0.0,""yaw_speed"":0.0}",9.718953
11480527994400,fov,3467,"{""zoom"":12.339999198913574,""hfov"":7.293355464935303,""vfov"":4.106302738189697,""state"":0,""max_aov_h"":90.0,""max_aov_v"":58.71550750732422,""min_aov_h"":1.40625,""min_aov_v"":0.7910428047180176,""max_zoom"":64.0}",9.7194439
11480537510100,gimbal,3468,"{""imu_roll"":0.0,""imu_pitch"":-2.3170082569122314,""imu_yaw"":29.880294799804688,""frame_roll"":0.0,""frame_pitch"":-2.3170082569122314,""frame_yaw"":29.880294799804688,""pitch_speed"":0.0,""yaw_speed"":0.0}",9.7289596
11480537814700,fov,3468,"{""zoom"":12.339999198913574,""hfov"":7.293355464935303,""vfov"":4.106302738189697,""state"":0,""max_aov_h"":90.0,""max_aov_v"":58.71550750732422,""min_aov_h"":1.40625,""min_aov_v"":0.7910428047180176,""max_zoom"":64.0}",9.7292642
11480539409800,attitude,1327,"{""message_type"":""ATTITUDE"",""time_boot_ms"":128570,""roll"":0.5879879593849182,""pitch"":-0.15900489687919617,""yaw"":-2.5469064712524414,""rollspeed"":0.030691860243678093,""pitchspeed"":0.16451871395111084,""yawspeed"":0.10339264571666718}",9.7308593
11480547843300,gimbal,3469,"{""imu_roll"":0.0,""imu_pitch"":-2.4657461643218994,""imu_yaw"":29.859111785888672,""frame_roll"":0.0,""frame_pitch"":-2.4657461643218994,""frame_yaw"":29.859111785888672,""pitch_speed"":0.0,""yaw_speed"":0.0}",9.7392928
11480548969500,fov,3469,"{""zoom"":12.339999198913574,""hfov"":7.293355464935303,""vfov"":4.106302738189697,""state"":0,""max_aov_h"":90.0,""max_aov_v"":58.71550750732422,""min_aov_h"":1.40625,""min_aov_v"":0.7910428047180176,""max_zoom"":64.0}",9.740419
11480568831500,gimbal,3470,"{""imu_roll"":0.0,""imu_pitch"":-2.640232563018799,""imu_yaw"":29.886545181274414,""frame_roll"":0.0,""frame_pitch"":-2.640232563018799,""frame_yaw"":29.886545181274414,""pitch_speed"":0.0,""yaw_speed"":0.0}",9.760281
11480569171400,fov,3470,"{""zoom"":12.339999198913574,""hfov"":7.293355464935303,""vfov"":4.106302738189697,""state"":0,""max_aov_h"":90.0,""max_aov_v"":58.71550750732422,""min_aov_h"":1.40625,""min_aov_v"":0.7910428047180176,""max_zoom"":64.0}",9.7606209
11480577753400,gimbal,3471,"{""imu_roll"":0.0,""imu_pitch"":-2.711489677429199,""imu_yaw"":29.874740600585938,""frame_roll"":0.0,""frame_pitch"":-2.711489677429199,""frame_yaw"":29.874740600585938,""pitch_speed"":0.0,""yaw_speed"":0.0}",9.7692029
11480577983200,position,664,"{""message_type"":""GLOBAL_POSITION_INT"",""lat"":469492446,""lon"":393482980}",9.7694327
11480578107400,attitude,1328,"{""message_type"":""ATTITUDE"",""time_boot_ms"":128610,""roll"":0.587599515914917,""pitch"":-0.15572921931743622,""yaw"":-2.5395641326904297,""rollspeed"":0.030954552814364433,""pitchspeed"":0.16346780955791473,""yawspeed"":0.1051364615559578}",9.7695569
11480578660600,vfr,664,"{""message_type"":""VFR_HUD"",""airspeed"":42.90201187133789,""alt"":62.16999816894531}",9.7701101
11480578869700,fov,3471,"{""zoom"":12.339999198913574,""hfov"":7.293355464935303,""vfov"":4.106302738189697,""state"":0,""max_aov_h"":90.0,""max_aov_v"":58.71550750732422,""min_aov_h"":1.40625,""min_aov_v"":0.7910428047180176,""max_zoom"":64.0}",9.7703192
11480590408800,gimbal,3472,"{""imu_roll"":0.0,""imu_pitch"":-2.790022373199463,""imu_yaw"":29.849218368530273,""frame_roll"":0.0,""frame_pitch"":-2.790022373199463,""frame_yaw"":29.849218368530273,""pitch_speed"":0.0,""yaw_speed"":0.0}",9.7818583
11480590766700,fov,3472,"{""zoom"":12.339999198913574,""hfov"":7.293355464935303,""vfov"":4.106302738189697,""state"":0,""max_aov_h"":90.0,""max_aov_v"":58.71550750732422,""min_aov_h"":1.40625,""min_aov_v"":0.7910428047180176,""max_zoom"":64.0}",9.7822162
11480605450100,target_offset,520,"{""x_angle_offset"":3.722650185227394,""y_angle_offset"":-1.8478362321853636}",9.7968996
11480610254100,gimbal,3473,"{""imu_roll"":0.0,""imu_pitch"":-2.900022506713867,""imu_yaw"":29.793514251708984,""frame_roll"":0.0,""frame_pitch"":-2.900022506713867,""frame_yaw"":29.793514251708984,""pitch_speed"":0.0,""yaw_speed"":0.0}",9.8017036
11480610576800,fov,3473,"{""zoom"":12.339999198913574,""hfov"":7.293355464935303,""vfov"":4.106302738189697,""state"":0,""max_aov_h"":90.0,""max_aov_v"":58.71550750732422,""min_aov_h"":1.40625,""min_aov_v"":0.7910428047180176,""max_zoom"":64.0}",9.8020263
11480621270500,gimbal,3474,"{""imu_roll"":0.0,""imu_pitch"":-3.0070862770080566,""imu_yaw"":29.816904067993164,""frame_roll"":0.0,""frame_pitch"":-3.0070862770080566,""frame_yaw"":29.816904067993164,""pitch_speed"":0.0,""yaw_speed"":0.0}",9.81272
11480621720000,range,1235,"{""message_type"":""GLOBAL_VISION_POSITION_ESTIMATE"",""x"":46.949058532714844,""y"":39.34777069091797}",9.8131695
11480621933900,fov,3474,"{""zoom"":12.339999198913574,""hfov"":7.293355464935303,""vfov"":4.106302738189697,""state"":0,""max_aov_h"":90.0,""max_aov_v"":58.71550750732422,""min_aov_h"":1.40625,""min_aov_v"":0.7910428047180176,""max_zoom"":64.0}",9.8133834
11480634459900,target_offset,521,"{""x_angle_offset"":3.6846639588475227,""y_angle_offset"":-1.825023439195421}",9.8259094
11480639451300,gimbal,3475,"{""imu_roll"":0.0,""imu_pitch"":-3.3517403602600098,""imu_yaw"":29.851865768432617,""frame_roll"":0.0,""frame_pitch"":-3.3517403602600098,""frame_yaw"":29.851865768432617,""pitch_speed"":0.0,""yaw_speed"":0.0}",9.8309008
11480639605800,range,1236,"{""message_type"":""GLOBAL_VISION_POSITION_ESTIMATE"",""x"":46.949058532714844,""y"":39.34777069091797}",9.8310553
11480640178000,attitude,1329,"{""message_type"":""ATTITUDE"",""time_boot_ms"":128670,""roll"":0.587112545967102,""pitch"":-0.15092256665229797,""yaw"":-2.5284717082977295,""rollspeed"":0.03242221474647522,""pitchspeed"":0.1632586270570755,""yawspeed"":0.1078406572341919}",9.8316275
11480640564300,fov,3475,"{""zoom"":12.339999198913574,""hfov"":7.293355464935303,""vfov"":4.106302738189697,""state"":0,""max_aov_h"":90.0,""max_aov_v"":58.71550750732422,""min_aov_h"":1.40625,""min_aov_v"":0.7910428047180176,""max_zoom"":64.0}",9.8320138
11480650445100,gimbal,3476,"{""imu_roll"":0.0,""imu_pitch"":-3.503817319869995,""imu_yaw"":29.84547233581543,""frame_roll"":0.0,""frame_pitch"":-3.503817319869995,""frame_yaw"":29.84547233581543,""pitch_speed"":0.0,""yaw_speed"":0.0}",9.8418946
11480650745800,fov,3476,"{""zoom"":12.339999198913574,""hfov"":7.293355464935303,""vfov"":4.106302738189697,""state"":0,""max_aov_h"":90.0,""max_aov_v"":58.71550750732422,""min_aov_h"":1.40625,""min_aov_v"":0.7910428047180176,""max_zoom"":64.0}",9.8421953
11480662207900,gimbal,3477,"{""imu_roll"":0.0,""imu_pitch"":-3.607720136642456,""imu_yaw"":29.86443328857422,""frame_roll"":0.0,""frame_pitch"":-3.607720136642456,""frame_yaw"":29.86443328857422,""pitch_speed"":0.0,""yaw_speed"":0.0}",9.8536574
11480663155800,fov,3477,"{""zoom"":12.339999198913574,""hfov"":7.293355464935303,""vfov"":4.106302738189697,""state"":0,""max_aov_h"":90.0,""max_aov_v"":58.71550750732422,""min_aov_h"":1.40625,""min_aov_v"":0.7910428047180176,""max_zoom"":64.0}",9.8546053
11480675752500,vfr,665,"{""message_type"":""VFR_HUD"",""airspeed"":42.85543441772461,""alt"":61.14999771118164}",9.867202
11480675914800,position,665,"{""message_type"":""GLOBAL_POSITION_INT"",""lat"":469491824,""lon"":393482135}",9.8673643
11480676042600,attitude,1330,"{""message_type"":""ATTITUDE"",""time_boot_ms"":128710,""roll"":0.5868398547172546,""pitch"":-0.14775769412517548,""yaw"":-2.520993232727051,""rollspeed"":0.03299363702535629,""pitchspeed"":0.1634964793920517,""yawspeed"":0.1096748560667038}",9.8674921
11480678652600,target_offset,522,"{""x_angle_offset"":3.6846639588475227,""y_angle_offset"":-1.9466916684751157}",9.8701021
11480683230400,gimbal,3478,"{""imu_roll"":0.0,""imu_pitch"":-3.7553417682647705,""imu_yaw"":29.865196228027344,""frame_roll"":0.0,""frame_pitch"":-3.7553417682647705,""frame_yaw"":29.865196228027344,""pitch_speed"":0.0,""yaw_speed"":0.0}",9.8746799
11480683625200,fov,3478,"{""zoom"":12.339999198913574,""hfov"":7.293355464935303,""vfov"":4.106302738189697,""state"":0,""max_aov_h"":90.0,""max_aov_v"":58.71550750732422,""min_aov_h"":1.40625,""min_aov_v"":0.7910428047180176,""max_zoom"":64.0}",9.8750747
11480692962500,gimbal,3479,"{""imu_roll"":0.0,""imu_pitch"":-3.940519094467163,""imu_yaw"":29.87920570373535,""frame_roll"":0.0,""frame_pitch"":-3.940519094467163,""frame_yaw"":29.87920570373535,""pitch_speed"":0.0,""yaw_speed"":0.0}",9.884412
11480693346000,fov,3479,"{""zoom"":12.339999198913574,""hfov"":7.293355464935303,""vfov"":4.106302738189697,""state"":0,""max_aov_h"":90.0,""max_aov_v"":58.71550750732422,""min_aov_h"":1.40625,""min_aov_v"":0.7910428047180176,""max_zoom"":64.0}",9.8847955
11480706927800,gimbal,3480,"{""imu_roll"":0.0,""imu_pitch"":-4.136653900146484,""imu_yaw"":29.880970001220703,""frame_roll"":0.0,""frame_pitch"":-4.136653900146484,""frame_yaw"":29.880970001220703,""pitch_speed"":0.0,""yaw_speed"":0.0}",9.8983773
11480707354500,fov,3480,"{""zoom"":12.339999198913574,""hfov"":7.293355464935303,""vfov"":4.106302738189697,""state"":0,""max_aov_h"":90.0,""max_aov_v"":58.71550750732422,""min_aov_h"":1.40625,""min_aov_v"":0.7910428047180176,""max_zoom"":64.0}",9.898804
11480722417000,target_offset,523,"{""x_angle_offset"":3.6846639588475227,""y_angle_offset"":-1.8858575538352682}",9.9138665
11480726391600,gimbal,3481,"{""imu_roll"":0.0,""imu_pitch"":-4.278758525848389,""imu_yaw"":29.90522575378418,""frame_roll"":0.0,""frame_pitch"":-4.278758525848389,""frame_yaw"":29.90522575378418,""pitch_speed"":0.0,""yaw_speed"":0.0}",9.9178411
11480726734200,fov,3481,"{""zoom"":12.339999198913574,""hfov"":7.293355464935303,""vfov"":4.106302738189697,""state"":0,""max_aov_h"":90.0,""max_aov_v"":58.71550750732422,""min_aov_h"":1.40625,""min_aov_v"":0.7910428047180176,""max_zoom"":64.0}",9.9181837
11480735070700,gimbal,3482,"{""imu_roll"":0.0,""imu_pitch"":-4.462190628051758,""imu_yaw"":29.915206909179688,""frame_roll"":0.0,""frame_pitch"":-4.462190628051758,""frame_yaw"":29.915206909179688,""pitch_speed"":0.0,""yaw_speed"":0.0}",9.9265202
11480735558400,fov,3482,"{""zoom"":12.339999198913574,""hfov"":7.293355464935303,""vfov"":4.106302738189697,""state"":0,""max_aov_h"":90.0,""max_aov_v"":58.71550750732422,""min_aov_h"":1.40625,""min_aov_v"":0.7910428047180176,""max_zoom"":64.0}",9.9270079
11480738067200,attitude,1331,"{""message_type"":""ATTITUDE"",""time_boot_ms"":128770,""roll"":0.5868136882781982,""pitch"":-0.14291876554489136,""yaw"":-2.5096499919891357,""rollspeed"":0.033538058400154114,""pitchspeed"":0.16671451926231384,""yawspeed"":0.1126260980963707}",9.9295167
11480745952100,gimbal,3483,"{""imu_roll"":0.0,""imu_pitch"":-4.635746479034424,""imu_yaw"":29.91259765625,""frame_roll"":0.0,""frame_pitch"":-4.635746479034424,""frame_yaw"":29.91259765625,""pitch_speed"":0.0,""yaw_speed"":0.0}",9.9374016
11480747398300,fov,3483,"{""zoom"":12.339999198913574,""hfov"":7.293355464935303,""vfov"":4.106302738189697,""state"":0,""max_aov_h"":90.0,""max_aov_v"":58.71550750732422,""min_aov_h"":1.40625,""min_aov_v"":0.7910428047180176,""max_zoom"":64.0}",9.9388478
11480761309000,target_offset,524,"{""x_angle_offset"":3.6542749777436256,""y_angle_offset"":-1.8630447608453256}",9.9527585
11480766642000,gimbal,3484,"{""imu_roll"":0.0,""imu_pitch"":-4.768709659576416,""imu_yaw"":29.930213928222656,""frame_roll"":0.0,""frame_pitch"":-4.768709659576416,""frame_yaw"":29.930213928222656,""pitch_speed"":0.0,""yaw_speed"":0.0}",9.9580915
11480766887900,fov,3484,"{""zoom"":12.339999198913574,""hfov"":7.293355464935303,""vfov"":4.106302738189697,""state"":0,""max_aov_h"":90.0,""max_aov_v"":58.71550750732422,""min_aov_h"":1.40625,""min_aov_v"":0.7910428047180176,""max_zoom"":64.0}",9.9583374
11480777536500,gimbal,3485,"{""imu_roll"":0.0,""imu_pitch"":-4.82090950012207,""imu_yaw"":29.915491104125977,""frame_roll"":0.0,""frame_pitch"":-4.82090950012207,""frame_yaw"":29.915491104125977,""pitch_speed"":0.0,""yaw_speed"":0.0}",9.968986
11480777839800,range,1237,"{""message_type"":""GLOBAL_VISION_POSITION_ESTIMATE"",""x"":46.94900894165039,""y"":39.34767532348633}",9.9692893
11480778160700,fov,3485,"{""zoom"":12.339999198913574,""hfov"":7.293355464935303,""vfov"":4.106302738189697,""state"":0,""max_aov_h"":90.0,""max_aov_v"":58.71550750732422,""min_aov_h"":1.40625,""min_aov_v"":0.7910428047180176,""max_zoom"":64.0}",9.9696102
11480778887200,range,1238,"{""message_type"":""GLOBAL_VISION_POSITION_ESTIMATE"",""x"":46.94900894165039,""y"":39.34767532348633}",9.9703367
11480779050500,position,666,"{""message_type"":""GLOBAL_POSITION_INT"",""lat"":469491824,""lon"":393482135}",9.9705
11480779179100,attitude,1332,"{""message_type"":""ATTITUDE"",""time_boot_ms"":128810,""roll"":0.5868332982063293,""pitch"":-0.13965798914432526,""yaw"":-2.501945734024048,""rollspeed"":0.034283436834812164,""pitchspeed"":0.16868017613887787,""yawspeed"":0.11448084563016891}",9.9706286
11480779417200,vfr,666,"{""message_type"":""VFR_HUD"",""airspeed"":42.802425384521484,""alt"":60.14999771118164}",9.9708667
11480790028000,gimbal,3486,"{""imu_roll"":0.0,""imu_pitch"":-4.879963397979736,""imu_yaw"":29.88519287109375,""frame_roll"":0.0,""frame_pitch"":-4.879963397979736,""frame_yaw"":29.88519287109375,""pitch_speed"":0.0,""yaw_speed"":0.0}",9.9814775
11480790446900,fov,3486,"{""zoom"":12.339999198913574,""hfov"":7.293355464935303,""vfov"":4.106302738189697,""state"":0,""max_aov_h"":90.0,""max_aov_v"":58.71550750732422,""min_aov_h"":1.40625,""min_aov_v"":0.7910428047180176,""max_zoom"":64.0}",9.9818964
11480802952800,target_offset,525,"{""x_angle_offset"":3.6770667135715485,""y_angle_offset"":-1.809814910535459}",9.9944023
11480807957500,gimbal,3487,"{""imu_roll"":0.0,""imu_pitch"":-5.217602252960205,""imu_yaw"":29.90673065185547,""frame_roll"":0.0,""frame_pitch"":-5.217602252960205,""frame_yaw"":29.90673065185547,""pitch_speed"":0.0,""yaw_speed"":0.0}",9.999407
11480808453200,fov,3487,"{""zoom"":12.339999198913574,""hfov"":7.293355464935303,""vfov"":4.106302738189697,""state"":0,""max_aov_h"":90.0,""max_aov_v"":58.71550750732422,""min_aov_h"":1.40625,""min_aov_v"":0.7910428047180176,""max_zoom"":64.0}",9.9999027
11480817804800,gimbal,3488,"{""imu_roll"":0.0,""imu_pitch"":-5.27976655960083,""imu_yaw"":29.916311264038086,""frame_roll"":0.0,""frame_pitch"":-5.27976655960083,""frame_yaw"":29.916311264038086,""pitch_speed"":0.0,""yaw_speed"":0.0}",10.0092543
11480818125700,fov,3488,"{""zoom"":12.339999198913574,""hfov"":7.293355464935303,""vfov"":4.106302738189697,""state"":0,""max_aov_h"":90.0,""max_aov_v"":58.71550750732422,""min_aov_h"":1.40625,""min_aov_v"":0.7910428047180176,""max_zoom"":64.0}",10.0095752
11480834592300,target_offset,526,"{""x_angle_offset"":3.6770667135715485,""y_angle_offset"":-1.9466916684751157}",10.0260418
11480837063300,attitude,1333,"{""message_type"":""ATTITUDE"",""time_boot_ms"":128870,""roll"":0.5870330333709717,""pitch"":-0.13479861617088318,""yaw"":-2.4902420043945312,""rollspeed"":0.03714563697576523,""pitchspeed"":0.16963067650794983,""yawspeed"":0.11730293929576874}",10.0285128
11480839125300,gimbal,3489,"{""imu_roll"":0.0,""imu_pitch"":-5.675638198852539,""imu_yaw"":29.933502197265625,""frame_roll"":0.0,""frame_pitch"":-5.675638198852539,""frame_yaw"":29.933502197265625,""pitch_speed"":0.0,""yaw_speed"":0.0}",10.0305748
11480840123200,fov,3489,"{""zoom"":12.339999198913574,""hfov"":7.293355464935303,""vfov"":4.106302738189697,""state"":0,""max_aov_h"":90.0,""max_aov_v"":58.71550750732422,""min_aov_h"":1.40625,""min_aov_v"":0.7910428047180176,""max_zoom"":64.0}",10.0315727
11480850832700,gimbal,3490,"{""imu_roll"":0.0,""imu_pitch"":-5.849493980407715,""imu_yaw"":29.91578483581543,""frame_roll"":0.0,""frame_pitch"":-5.849493980407715,""frame_yaw"":29.91578483581543,""pitch_speed"":0.0,""yaw_speed"":0.0}",10.0422822
11480851289500,fov,3490,"{""zoom"":12.339999198913574,""hfov"":7.293355464935303,""vfov"":4.106302738189697,""state"":0,""max_aov_h"":90.0,""max_aov_v"":58.71550750732422,""min_aov_h"":1.40625,""min_aov_v"":0.7910428047180176,""max_zoom"":64.0}",10.042739
11480863175800,gimbal,3491,"{""imu_roll"":0.0,""imu_pitch"":-6.023587226867676,""imu_yaw"":29.880125045776367,""frame_roll"":0.0,""frame_pitch"":-6.023587226867676,""frame_yaw"":29.880125045776367,""pitch_speed"":0.0,""yaw_speed"":0.0}",10.0546253
11480863638700,fov,3491,"{""zoom"":12.339999198913574,""hfov"":7.293355464935303,""vfov"":4.106302738189697,""state"":0,""max_aov_h"":90.0,""max_aov_v"":58.71550750732422,""min_aov_h"":1.40625,""min_aov_v"":0.7910428047180176,""max_zoom"":64.0}",10.0550882
11480879196800,target_offset,527,"{""x_angle_offset"":3.6998584493994713,""y_angle_offset"":-1.9466916684751157}",10.0706463
11480881405800,attitude,1334,"{""message_type"":""ATTITUDE"",""time_boot_ms"":128910,""roll"":0.5872083902359009,""pitch"":-0.13157439231872559,""yaw"":-2.4823365211486816,""rollspeed"":0.03702700138092041,""pitchspeed"":0.1707129329442978,""yawspeed"":0.11911599338054657}",10.0728553
11480881765900,vfr,667,"{""message_type"":""VFR_HUD"",""airspeed"":42.74488067626953,""alt"":59.19999694824219}",10.0732154
11480881888300,position,667,"{""message_type"":""GLOBAL_POSITION_INT"",""lat"":469491824,""lon"":393482135}",10.0733378
11480883404500,gimbal,3492,"{""imu_roll"":0.0,""imu_pitch"":-6.074536323547363,""imu_yaw"":29.9017391204834,""frame_roll"":0.0,""frame_pitch"":-6.074536323547363,""frame_yaw"":29.9017391204834,""pitch_speed"":0.0,""yaw_speed"":0.0}",10.074854
11480883746900,fov,3492,"{""zoom"":12.339999198913574,""hfov"":7.293355464935303,""vfov"":4.106302738189697,""state"":0,""max_aov_h"":90.0,""max_aov_v"":58.71550750732422,""min_aov_h"":1.40625,""min_aov_v"":0.7910428047180176,""max_zoom"":64.0}",10.0751964
11480892194100,gimbal,3493,"{""imu_roll"":0.0,""imu_pitch"":-6.27717399597168,""imu_yaw"":29.91233253479004,""frame_roll"":0.0,""frame_pitch"":-6.27717399597168,""frame_yaw"":29.91233253479004,""pitch_speed"":0.0,""yaw_speed"":0.0}",10.0836436
11480892504900,fov,3493,"{""zoom"":12.339999198913574,""hfov"":7.293355464935303,""vfov"":4.106302738189697,""state"":0,""max_aov_h"":90.0,""max_aov_v"":58.71550750732422,""min_aov_h"":1.40625,""min_aov_v"":0.7910428047180176,""max_zoom"":64.0}",10.0839544
11480904304300,gimbal,3494,"{""imu_roll"":0.0,""imu_pitch"":-6.476109504699707,""imu_yaw"":29.909347534179688,""frame_roll"":0.0,""frame_pitch"":-6.476109504699707,""frame_yaw"":29.909347534179688,""pitch_speed"":0.0,""yaw_speed"":0.0}",10.0957538
11480905010800,fov,3494,"{""zoom"":12.339999198913574,""hfov"":7.293355464935303,""vfov"":4.106302738189697,""state"":0,""max_aov_h"":90.0,""max_aov_v"":58.71550750732422,""min_aov_h"":1.40625,""min_aov_v"":0.7910428047180176,""max_zoom"":64.0}",10.0964603
11480922717300,gimbal,3495,"{""imu_roll"":0.0,""imu_pitch"":-6.514327526092529,""imu_yaw"":29.926366806030273,""frame_roll"":0.0,""frame_pitch"":-6.514327526092529,""frame_yaw"":29.926366806030273,""pitch_speed"":0.0,""yaw_speed"":0.0}",10.1141668
11480923061800,fov,3495,"{""zoom"":12.339999198913574,""hfov"":7.293355464935303,""vfov"":4.106302738189697,""state"":0,""max_aov_h"":90.0,""max_aov_v"":58.71550750732422,""min_aov_h"":1.40625,""min_aov_v"":0.7910428047180176,""max_zoom"":64.0}",10.1145113
11480934920400,gimbal,3496,"{""imu_roll"":0.0,""imu_pitch"":-6.532057285308838,""imu_yaw"":29.91602325439453,""frame_roll"":0.0,""frame_pitch"":-6.532057285308838,""frame_yaw"":29.91602325439453,""pitch_speed"":0.0,""yaw_speed"":0.0}",10.1263699
11480935214100,fov,3496,"{""zoom"":12.339999198913574,""hfov"":7.293355464935303,""vfov"":4.106302738189697,""state"":0,""max_aov_h"":90.0,""max_aov_v"":58.71550750732422,""min_aov_h"":1.40625,""min_aov_v"":0.7910428047180176,""max_zoom"":64.0}",10.1266636
11480947141700,gimbal,3497,"{""imu_roll"":0.0,""imu_pitch"":-6.550877571105957,""imu_yaw"":29.894174575805664,""frame_roll"":0.0,""frame_pitch"":-6.550877571105957,""frame_yaw"":29.894174575805664,""pitch_speed"":0.0,""yaw_speed"":0.0}",10.1385912
11480947690100,fov,3497,"{""zoom"":12.339999198913574,""hfov"":7.293355464935303,""vfov"":4.106302738189697,""state"":0,""max_aov_h"":90.0,""max_aov_v"":58.71550750732422,""min_aov_h"":1.40625,""min_aov_v"":0.7910428047180176,""max_zoom"":64.0}",10.1391396
11480948509900,range,1239,"{""message_type"":""GLOBAL_VISION_POSITION_ESTIMATE"",""x"":46.94902420043945,""y"":39.3476676940918}",10.1399594
11480951066500,range,1240,"{""message_type"":""GLOBAL_VISION_POSITION_ESTIMATE"",""x"":46.94902420043945,""y"":39.3476676940918}",10.142516
11480951315700,attitude,1335,"{""message_type"":""ATTITUDE"",""time_boot_ms"":128970,""roll"":0.5877474546432495,""pitch"":-0.1267997771501541,""yaw"":-2.470367193222046,""rollspeed"":0.03743766248226166,""pitchspeed"":0.1718139797449112,""yawspeed"":0.12180119752883911}",10.1427652
11480962407600,target_offset,528,"{""x_angle_offset"":3.6618722230196,""y_angle_offset"":-1.8630447608453256}",10.1538571
11480967828300,gimbal,3498,"{""imu_roll"":0.0,""imu_pitch"":-6.5752458572387695,""imu_yaw"":29.838947296142578,""frame_roll"":0.0,""frame_pitch"":-6.5752458572387695,""frame_yaw"":29.838947296142578,""pitch_speed"":0.0,""yaw_speed"":0.0}",10.1592778
11480968159500,fov,3498,"{""zoom"":12.339999198913574,""hfov"":7.293355464935303,""vfov"":4.106302738189697,""state"":0,""max_aov_h"":90.0,""max_aov_v"":58.71550750732422,""min_aov_h"":1.40625,""min_aov_v"":0.7910428047180176,""max_zoom"":64.0}",10.159609
11480975479600,gimbal,3499,"{""imu_roll"":0.0,""imu_pitch"":-6.631312370300293,""imu_yaw"":29.855548858642578,""frame_roll"":0.0,""frame_pitch"":-6.631312370300293,""frame_yaw"":29.855548858642578,""pitch_speed"":0.0,""yaw_speed"":0.0}",10.1669291
11480975892400,fov,3499,"{""zoom"":12.339999198913574,""hfov"":7.293355464935303,""vfov"":4.106302738189697,""state"":0,""max_aov_h"":90.0,""max_aov_v"":58.71550750732422,""min_aov_h"":1.40625,""min_aov_v"":0.7910428047180176,""max_zoom"":64.0}",10.1673419
11480988547600,gimbal,3500,"{""imu_roll"":0.0,""imu_pitch"":-6.687460422515869,""imu_yaw"":29.858997344970703,""frame_roll"":0.0,""frame_pitch"":-6.687460422515869,""frame_yaw"":29.858997344970703,""pitch_speed"":0.0,""yaw_speed"":0.0}",10.1799971
11480988846800,fov,3500,"{""zoom"":12.339999198913574,""hfov"":7.293355464935303,""vfov"":4.106302738189697,""state"":0,""max_aov_h"":90.0,""max_aov_v"":58.71550750732422,""min_aov_h"":1.40625,""min_aov_v"":0.7910428047180176,""max_zoom"":64.0}",10.1802963
11480992356900,position,668,"{""message_type"":""GLOBAL_POSITION_INT"",""lat"":469491232,""lon"":393481246}",10.1838064
11480992505300,attitude,1336,"{""message_type"":""ATTITUDE"",""time_boot_ms"":129010,""roll"":0.5882301330566406,""pitch"":-0.12367235869169235,""yaw"":-2.46232271194458,""rollspeed"":0.03805788606405258,""pitchspeed"":0.17185041308403015,""yawspeed"":0.1233406513929367}",10.1839548
11480992736900,vfr,668,"{""message_type"":""VFR_HUD"",""airspeed"":42.684120178222656,""alt"":58.279998779296875}",10.1841864
11481001604700,target_offset,529,"{""x_angle_offset"":3.631483241915703,""y_angle_offset"":-1.8782532895052875}",10.1930542
11481006438400,gimbal,3501,"{""imu_roll"":0.0,""imu_pitch"":-7.062602996826172,""imu_yaw"":29.88743782043457,""frame_roll"":0.0,""frame_pitch"":-7.062602996826172,""frame_yaw"":29.88743782043457,""pitch_speed"":0.0,""yaw_speed"":0.0}",10.1978879
11481007030000,fov,3501,"{""zoom"":12.339999198913574,""hfov"":7.293355464935303,""vfov"":4.106302738189697,""state"":0,""max_aov_h"":90.0,""max_aov_v"":58.71550750732422,""min_aov_h"":1.40625,""min_aov_v"":0.7910428047180176,""max_zoom"":64.0}",10.1984795
11481018918800,gimbal,3502,"{""imu_roll"":0.0,""imu_pitch"":-7.1162590980529785,""imu_yaw"":29.899097442626953,""frame_roll"":0.0,""frame_pitch"":-7.1162590980529785,""frame_yaw"":29.899097442626953,""pitch_speed"":0.0,""yaw_speed"":0.0}",10.2103683
11481019350000,fov,3502,"{""zoom"":12.339999198913574,""hfov"":7.293355464935303,""vfov"":4.106302738189697,""state"":0,""max_aov_h"":90.0,""max_aov_v"":58.71550750732422,""min_aov_h"":1.40625,""min_aov_v"":0.7910428047180176,""max_zoom"":64.0}",10.2107995
11481029182700,gimbal,3503,"{""imu_roll"":0.0,""imu_pitch"":-7.1724653244018555,""imu_yaw"":29.89735984802246,""frame_roll"":0.0,""frame_pitch"":-7.1724653244018555,""frame_yaw"":29.89735984802246,""pitch_speed"":0.0,""yaw_speed"":0.0}",10.2206322
11481029544500,fov,3503,"{""zoom"":12.339999198913574,""hfov"":7.293355464935303,""vfov"":4.106302738189697,""state"":0,""max_aov_h"":90.0,""max_aov_v"":58.71550750732422,""min_aov_h"":1.40625,""min_aov_v"":0.7910428047180176,""max_zoom"":64.0}",10.220994
11481044435300,target_offset,530,"{""x_angle_offset"":3.6770667135715485,""y_angle_offset"":-1.9010660824952301}",10.2358848
11481048603400,gimbal,3504,"{""imu_roll"":0.0,""imu_pitch"":-7.25065279006958,""imu_yaw"":29.872802734375,""frame_roll"":0.0,""frame_pitch"":-7.25065279006958,""frame_yaw"":29.872802734375,""pitch_speed"":0.0,""yaw_speed"":0.0}",10.2400529
11481049544400,fov,3504,"{""zoom"":12.339999198913574,""hfov"":7.293355464935303,""vfov"":4.106302738189697,""state"":0,""max_aov_h"":90.0,""max_aov_v"":58.71550750732422,""min_aov_h"":1.40625,""min_aov_v"":0.7910428047180176,""max_zoom"":64.0}",10.2409939
11481054498500,attitude,1337,"{""message_type"":""ATTITUDE"",""time_boot_ms"":129070,""roll"":0.5890375375747681,""pitch"":-0.1190275028347969,""yaw"":-2.450137138366699,""rollspeed"":0.039163053035736084,""pitchspeed"":0.1730787605047226,""yawspeed"":0.12569685280323029}",10.245948
11481062086200,gimbal,3505,"{""imu_roll"":0.0,""imu_pitch"":-7.481769561767578,""imu_yaw"":29.889116287231445,""frame_roll"":0.0,""frame_pitch"":-7.481769561767578,""frame_yaw"":29.889116287231445,""pitch_speed"":0.0,""yaw_speed"":0.0}",10.2535357
11481062542700,fov,3505,"{""zoom"":12.339999198913574,""hfov"":7.293355464935303,""vfov"":4.106302738189697,""state"":0,""max_aov_h"":90.0,""max_aov_v"":58.71550750732422,""min_aov_h"":1.40625,""min_aov_v"":0.7910428047180176,""max_zoom"":64.0}",10.2539922
11481077894700,target_offset,531,"{""x_angle_offset"":3.6770667135715485,""y_angle_offset"":-1.8630447608453256}",10.2693442
11481081717600,gimbal,3506,"{""imu_roll"":0.0,""imu_pitch"":-7.599207401275635,""imu_yaw"":29.909914016723633,""frame_roll"":0.0,""frame_pitch"":-7.599207401275635,""frame_yaw"":29.909914016723633,""pitch_speed"":0.0,""yaw_speed"":0.0}",10.2731671
11481081964900,fov,3506,"{""zoom"":12.339999198913574,""hfov"":7.293355464935303,""vfov"":4.106302738189697,""state"":0,""max_aov_h"":90.0,""max_aov_v"":58.71550750732422,""min_aov_h"":1.40625,""min_aov_v"":0.7910428047180176,""max_zoom"":64.0}",10.2734144
11481092245100,gimbal,3507,"{""imu_roll"":0.0,""imu_pitch"":-7.787031173706055,""imu_yaw"":29.91964340209961,""frame_roll"":0.0,""frame_pitch"":-7.787031173706055,""frame_yaw"":29.91964340209961,""pitch_speed"":0.0,""yaw_speed"":0.0}",10.2836946
11481092496900,fov,3507,"{""zoom"":12.339999198913574,""hfov"":7.293355464935303,""vfov"":4.106302738189697,""state"":0,""max_aov_h"":90.0,""max_aov_v"":58.71550750732422,""min_aov_h"":1.40625,""min_aov_v"":0.7910428047180176,""max_zoom"":64.0}",10.2839464
11481095410500,attitude,1338,"{""message_type"":""ATTITUDE"",""time_boot_ms"":129110,""roll"":0.5896443128585815,""pitch"":-0.11591630429029465,""yaw"":-2.4419031143188477,""rollspeed"":0.04031246900558472,""pitchspeed"":0.17473649978637695,""yawspeed"":0.12718448042869568}",10.28686
11481095801000,vfr,669,"{""message_type"":""VFR_HUD"",""airspeed"":42.62107849121094,""alt"":57.39999771118164}",10.2872505
11481095952500,position,669,"{""message_type"":""GLOBAL_POSITION_INT"",""lat"":469491232,""lon"":393481246}",10.287402
11481102806100,gimbal,3508,"{""imu_roll"":0.0,""imu_pitch"":-7.973819732666016,""imu_yaw"":29.911645889282227,""frame_roll"":0.0,""frame_pitch"":-7.973819732666016,""frame_yaw"":29.911645889282227,""pitch_speed"":0.0,""yaw_speed"":0.0}",10.2942556
11481103125800,fov,3508,"{""zoom"":12.339999198913574,""hfov"":7.293355464935303,""vfov"":4.106302738189697,""state"":0,""max_aov_h"":90.0,""max_aov_v"":58.71550750732422,""min_aov_h"":1.40625,""min_aov_v"":0.7910428047180176,""max_zoom"":64.0}",10.2945753
11481103682800,range,1241,"{""message_type"":""GLOBAL_VISION_POSITION_ESTIMATE"",""x"":46.94898986816406,""y"":39.347564697265625}",10.2951323
11481114731900,range,1242,"{""message_type"":""GLOBAL_VISION_POSITION_ESTIMATE"",""x"":46.94898986816406,""y"":39.347564697265625}",10.3061814
11481116332400,target_offset,532,"{""x_angle_offset"":3.669469468295574,""y_angle_offset"":-1.908670346825211}",10.3077819
11481123765600,gimbal,3509,"{""imu_roll"":0.0,""imu_pitch"":-8.092846870422363,""imu_yaw"":29.92867660522461,""frame_roll"":0.0,""frame_pitch"":-8.092846870422363,""frame_yaw"":29.92867660522461,""pitch_speed"":0.0,""yaw_speed"":0.0}",10.3152151
11481124631900,fov,3509,"{""zoom"":12.339999198913574,""hfov"":7.293355464935303,""vfov"":4.106302738189697,""state"":0,""max_aov_h"":90.0,""max_aov_v"":58.71550750732422,""min_aov_h"":1.40625,""min_aov_v"":0.7910428047180176,""max_zoom"":64.0}",10.3160814
11481132549000,gimbal,3510,"{""imu_roll"":0.0,""imu_pitch"":-8.142362594604492,""imu_yaw"":29.91225242614746,""frame_roll"":0.0,""frame_pitch"":-8.142362594604492,""frame_yaw"":29.91225242614746,""pitch_speed"":0.0,""yaw_speed"":0.0}",10.3239985
11481132974000,fov,3510,"{""zoom"":12.339999198913574,""hfov"":7.293355464935303,""vfov"":4.106302738189697,""state"":0,""max_aov_h"":90.0,""max_aov_v"":58.71550750732422,""min_aov_h"":1.40625,""min_aov_v"":0.7910428047180176,""max_zoom"":64.0}",10.3244235
11481142722000,gimbal,3511,"{""imu_roll"":0.0,""imu_pitch"":-8.193052291870117,""imu_yaw"":29.882015228271484,""frame_roll"":0.0,""frame_pitch"":-8.193052291870117,""frame_yaw"":29.882015228271484,""pitch_speed"":0.0,""yaw_speed"":0.0}",10.3341715
11481143222400,fov,3511,"{""zoom"":12.339999198913574,""hfov"":7.293355464935303,""vfov"":4.106302738189697,""state"":0,""max_aov_h"":90.0,""max_aov_v"":58.71550750732422,""min_aov_h"":1.40625,""min_aov_v"":0.7910428047180176,""max_zoom"":64.0}",10.3346719
11481154523800,attitude,1339,"{""message_type"":""ATTITUDE"",""time_boot_ms"":129170,""roll"":0.5907770395278931,""pitch"":-0.11112627387046814,""yaw"":-2.429387331008911,""rollspeed"":0.04224955290555954,""pitchspeed"":0.17861109972000122,""yawspeed"":0.12909919023513794}",10.3459733
11481159793300,target_offset,533,"{""x_angle_offset"":3.6770667135715485,""y_angle_offset"":-1.923878875485173}",10.3512428
11481164034600,gimbal,3512,"{""imu_roll"":0.0,""imu_pitch"":-8.539899826049805,""imu_yaw"":29.9046630859375,""frame_roll"":0.0,""frame_pitch"":-8.539899826049805,""frame_yaw"":29.9046630859375,""pitch_speed"":0.0,""yaw_speed"":0.0}",10.3554841
11481164588800,fov,3512,"{""zoom"":12.339999198913574,""hfov"":7.293355464935303,""vfov"":4.106302738189697,""state"":0,""max_aov_h"":90.0,""max_aov_v"":58.71550750732422,""min_aov_h"":1.40625,""min_aov_v"":0.7910428047180176,""max_zoom"":64.0}",10.3560383
11481173930700,gimbal,3513,"{""imu_roll"":0.0,""imu_pitch"":-8.595680236816406,""imu_yaw"":29.91460609436035,""frame_roll"":0.0,""frame_pitch"":-8.595680236816406,""frame_yaw"":29.91460609436035,""pitch_speed"":0.0,""yaw_speed"":0.0}",10.3653802
11481174312800,fov,3513,"{""zoom"":12.339999198913574,""hfov"":7.293355464935303,""vfov"":4.106302738189697,""state"":0,""max_aov_h"":90.0,""max_aov_v"":58.71550750732422,""min_aov_h"":1.40625,""min_aov_v"":0.7910428047180176,""max_zoom"":64.0}",10.3657623
11481184633800,gimbal,3514,"{""imu_roll"":0.0,""imu_pitch"":-8.648229598999023,""imu_yaw"":29.910776138305664,""frame_roll"":0.0,""frame_pitch"":-8.648229598999023,""frame_yaw"":29.910776138305664,""pitch_speed"":0.0,""yaw_speed"":0.0}",10.3760833
11481184890200,fov,3514,"{""zoom"":12.339999198913574,""hfov"":7.293355464935303,""vfov"":4.106302738189697,""state"":0,""max_aov_h"":90.0,""max_aov_v"":58.71550750732422,""min_aov_h"":1.40625,""min_aov_v"":0.7910428047180176,""max_zoom"":64.0}",10.3763397
11481197235700,vfr,670,"{""message_type"":""VFR_HUD"",""airspeed"":42.556243896484375,""alt"":56.55999755859375}",10.3886852
11481197414700,position,670,"{""message_type"":""GLOBAL_POSITION_INT"",""lat"":469490678,""lon"":393480320}",10.3888642
11481197533900,attitude,1340,"{""message_type"":""ATTITUDE"",""time_boot_ms"":129210,""roll"":0.5917612314224243,""pitch"":-0.10781791806221008,""yaw"":-2.420935869216919,""rollspeed"":0.04381968826055527,""pitchspeed"":0.1808941811323166,""yawspeed"":0.13025258481502533}",10.3889834
11481205493000,gimbal,3515,"{""imu_roll"":0.0,""imu_pitch"":-8.732559204101562,""imu_yaw"":29.886751174926758,""frame_roll"":0.0,""frame_pitch"":-8.732559204101562,""frame_yaw"":29.886751174926758,""pitch_speed"":0.0,""yaw_speed"":0.0}",10.3969425
11481205885400,fov,3515,"{""zoom"":12.339999198913574,""hfov"":7.293355464935303,""vfov"":4.106302738189697,""state"":0,""max_aov_h"":90.0,""max_aov_v"":58.71550750732422,""min_aov_h"":1.40625,""min_aov_v"":0.7910428047180176,""max_zoom"":64.0}",10.3973349
11481215203800,gimbal,3516,"{""imu_roll"":0.0,""imu_pitch"":-8.767070770263672,""imu_yaw"":29.852527618408203,""frame_roll"":0.0,""frame_pitch"":-8.767070770263672,""frame_yaw"":29.852527618408203,""pitch_speed"":0.0,""yaw_speed"":0.0}",10.4066533
11481215576400,fov,3516,"{""zoom"":12.339999198913574,""hfov"":7.293355464935303,""vfov"":4.106302738189697,""state"":0,""max_aov_h"":90.0,""max_aov_v"":58.71550750732422,""min_aov_h"":1.40625,""min_aov_v"":0.7910428047180176,""max_zoom"":64.0}",10.4070259
11481226200000,gimbal,3517,"{""imu_roll"":0.0,""imu_pitch"":-8.853828430175781,""imu_yaw"":29.869653701782227,""frame_roll"":0.0,""frame_pitch"":-8.853828430175781,""frame_yaw"":29.869653701782227,""pitch_speed"":0.0,""yaw_speed"":0.0}",10.4176495
11481227375700,fov,3517,"{""zoom"":12.339999198913574,""hfov"":7.293355464935303,""vfov"":4.106302738189697,""state"":0,""max_aov_h"":90.0,""max_aov_v"":58.71550750732422,""min_aov_h"":1.40625,""min_aov_v"":0.7910428047180176,""max_zoom"":64.0}",10.4188252
11481241759800,target_offset,534,"{""x_angle_offset"":3.6618722230196,""y_angle_offset"":-1.8858575538352682}",10.4332093
11481245895200,gimbal,3518,"{""imu_roll"":0.0,""imu_pitch"":-8.990466117858887,""imu_yaw"":29.877788543701172,""frame_roll"":0.0,""frame_pitch"":-8.990466117858887,""frame_yaw"":29.877788543701172,""pitch_speed"":0.0,""yaw_speed"":0.0}",10.4373447
11481246201600,fov,3518,"{""zoom"":12.339999198913574,""hfov"":7.293355464935303,""vfov"":4.106302738189697,""state"":0,""max_aov_h"":90.0,""max_aov_v"":58.71550750732422,""min_aov_h"":1.40625,""min_aov_v"":0.7910428047180176,""max_zoom"":64.0}",10.4376511
11481256241700,gimbal,3519,"{""imu_roll"":0.0,""imu_pitch"":-9.089727401733398,""imu_yaw"":29.88980484008789,""frame_roll"":0.0,""frame_pitch"":-9.089727401733398,""frame_yaw"":29.88980484008789,""pitch_speed"":0.0,""yaw_speed"":0.0}",10.4476912
11481257115100,fov,3519,"{""zoom"":12.339999198913574,""hfov"":7.293355464935303,""vfov"":4.106302738189697,""state"":0,""max_aov_h"":90.0,""max_aov_v"":58.71550750732422,""min_aov_h"":1.40625,""min_aov_v"":0.7910428047180176,""max_zoom"":64.0}",10.4485646
11481258054700,range,1243,"{""message_type"":""GLOBAL_VISION_POSITION_ESTIMATE"",""x"":46.948944091796875,""y"":39.347469329833984}",10.4495042
11481262050000,range,1244,"{""message_type"":""GLOBAL_VISION_POSITION_ESTIMATE"",""x"":46.948944091796875,""y"":39.347469329833984}",10.4534995
11481262218500,attitude,1341,"{""message_type"":""ATTITUDE"",""time_boot_ms"":129270,""roll"":0.5934063196182251,""pitch"":-0.10282833874225616,""yaw"":-2.408140182495117,""rollspeed"":0.04647023230791092,""pitchspeed"":0.1825381964445114,""yawspeed"":0.13171513378620148}",10.453668
11481268837500,gimbal,3520,"{""imu_roll"":0.0,""imu_pitch"":-9.196878433227539,""imu_yaw"":29.888425827026367,""frame_roll"":0.0,""frame_pitch"":-9.196878433227539,""frame_yaw"":29.888425827026367,""pitch_speed"":0.0,""yaw_speed"":0.0}",10.460287
11481269120000,fov,3520,"{""zoom"":12.339999198913574,""hfov"":7.293355464935303,""vfov"":4.106302738189697,""state"":0,""max_aov_h"":90.0,""max_aov_v"":58.71550750732422,""min_aov_h"":1.40625,""min_aov_v"":0.7910428047180176,""max_zoom"":64.0}",10.4605695
11481287919200,gimbal,3521,"{""imu_roll"":0.0,""imu_pitch"":-9.342477798461914,""imu_yaw"":29.909893035888672,""frame_roll"":0.0,""frame_pitch"":-9.342477798461914,""frame_yaw"":29.909893035888672,""pitch_speed"":0.0,""yaw_speed"":0.0}",10.4793687
11481288302500,fov,3521,"{""zoom"":12.339999198913574,""hfov"":7.293355464935303,""vfov"":4.106302738189697,""state"":0,""max_aov_h"":90.0,""max_aov_v"":58.71550750732422,""min_aov_h"":1.40625,""min_aov_v"":0.7910428047180176,""max_zoom"":64.0}",10.479752
11481299810200,gimbal,3522,"{""imu_roll"":0.0,""imu_pitch"":-9.415358543395996,""imu_yaw"":29.8914852142334,""frame_roll"":0.0,""frame_pitch"":-9.415358543395996,""frame_yaw"":29.8914852142334,""pitch_speed"":0.0,""yaw_speed"":0.0}",10.4912597
11481300176500,fov,3522,"{""zoom"":12.339999198913574,""hfov"":7.293355464935303,""vfov"":4.106302738189697,""state"":0,""max_aov_h"":90.0,""max_aov_v"":58.71550750732422,""min_aov_h"":1.40625,""min_aov_v"":0.7910428047180176,""max_zoom"":64.0}",10.491626
11481304907400,position,671,"{""message_type"":""GLOBAL_POSITION_INT"",""lat"":469490678,""lon"":393480320}",10.4963569
11481305057800,attitude,1342,"{""message_type"":""ATTITUDE"",""time_boot_ms"":129310,""roll"":0.5946177244186401,""pitch"":-0.09952632337808609,""yaw"":-2.3995578289031982,""rollspeed"":0.047976866364479065,""pitchspeed"":0.18245720863342285,""yawspeed"":0.13245242834091187}",10.4965073
11481305263900,vfr,671,"{""message_type"":""VFR_HUD"",""airspeed"":42.469825744628906,""alt"":55.73999786376953}",10.4967134
11481310060600,gimbal,3523,"{""imu_roll"":0.0,""imu_pitch"":-9.474981307983398,""imu_yaw"":29.86288070678711,""frame_roll"":0.0,""frame_pitch"":-9.474981307983398,""frame_yaw"":29.86288070678711,""pitch_speed"":0.0,""yaw_speed"":0.0}",10.5015101
11481311129300,fov,3523,"{""zoom"":12.339999198913574,""hfov"":7.293355464935303,""vfov"":4.106302738189697,""state"":0,""max_aov_h"":90.0,""max_aov_v"":58.71550750732422,""min_aov_h"":1.40625,""min_aov_v"":0.7910428047180176,""max_zoom"":64.0}",10.5025788
11481326172500,target_offset,535,"{""x_angle_offset"":3.692261204123497,""y_angle_offset"":-1.9010660824952301}",10.517622
11481330354600,gimbal,3524,"{""imu_roll"":0.0,""imu_pitch"":-9.574283599853516,""imu_yaw"":29.88881492614746,""frame_roll"":0.0,""frame_pitch"":-9.574283599853516,""frame_yaw"":29.88881492614746,""pitch_speed"":0.0,""yaw_speed"":0.0}",10.5218041
11481330627900,fov,3524,"{""zoom"":12.339999198913574,""hfov"":7.293355464935303,""vfov"":4.106302738189697,""state"":0,""max_aov_h"":90.0,""max_aov_v"":58.71550750732422,""min_aov_h"":1.40625,""min_aov_v"":0.7910428047180176,""max_zoom"":64.0}",10.5220774
11481340131500,gimbal,3525,"{""imu_roll"":0.0,""imu_pitch"":-9.618497848510742,""imu_yaw"":29.900362014770508,""frame_roll"":0.0,""frame_pitch"":-9.618497848510742,""frame_yaw"":29.900362014770508,""pitch_speed"":0.0,""yaw_speed"":0.0}",10.531581
11481340494500,fov,3525,"{""zoom"":12.339999198913574,""hfov"":7.293355464935303,""vfov"":4.106302738189697,""state"":0,""max_aov_h"":90.0,""max_aov_v"":58.71550750732422,""min_aov_h"":1.40625,""min_aov_v"":0.7910428047180176,""max_zoom"":64.0}",10.531944
11481353505000,target_offset,536,"{""x_angle_offset"":3.669469468295574,""y_angle_offset"":-1.9619001971350776}",10.5449545
11481358553300,gimbal,3526,"{""imu_roll"":0.0,""imu_pitch"":-9.692594528198242,""imu_yaw"":29.919713973999023,""frame_roll"":0.0,""frame_pitch"":-9.692594528198242,""frame_yaw"":29.919713973999023,""pitch_speed"":0.0,""yaw_speed"":0.0}",10.5500028
11481358791800,fov,3526,"{""zoom"":12.339999198913574,""hfov"":7.293355464935303,""vfov"":4.106302738189697,""state"":0,""max_aov_h"":90.0,""max_aov_v"":58.71550750732422,""min_aov_h"":1.40625,""min_aov_v"":0.7910428047180176,""max_zoom"":64.0}",10.5502413
11481365047700,attitude,1343,"{""message_type"":""ATTITUDE"",""time_boot_ms"":129370,""roll"":0.5965133905410767,""pitch"":-0.09461703151464462,""yaw"":-2.386638641357422,""rollspeed"":0.04844588041305542,""pitchspeed"":0.18293918669223785,""yawspeed"":0.13337232172489166}",10.5564972
11481370629400,gimbal,3527,"{""imu_roll"":0.0,""imu_pitch"":-9.727739334106445,""imu_yaw"":29.900815963745117,""frame_roll"":0.0,""frame_pitch"":-9.727739334106445,""frame_yaw"":29.900815963745117,""pitch_speed"":0.0,""yaw_speed"":0.0}",10.5620789
11481371114900,fov,3527,"{""zoom"":12.339999198913574,""hfov"":7.293355464935303,""vfov"":4.106302738189697,""state"":0,""max_aov_h"":90.0,""max_aov_v"":58.71550750732422,""min_aov_h"":1.40625,""min_aov_v"":0.7910428047180176,""max_zoom"":64.0}",10.5625644
11481381637600,gimbal,3528,"{""imu_roll"":0.0,""imu_pitch"":-9.760103225708008,""imu_yaw"":29.91260528564453,""frame_roll"":0.0,""frame_pitch"":-9.760103225708008,""frame_yaw"":29.91260528564453,""pitch_speed"":0.0,""yaw_speed"":0.0}",10.5730871
11481382329000,fov,3528,"{""zoom"":12.339999198913574,""hfov"":7.293355464935303,""vfov"":4.106302738189697,""state"":0,""max_aov_h"":90.0,""max_aov_v"":58.71550750732422,""min_aov_h"":1.40625,""min_aov_v"":0.7910428047180176,""max_zoom"":64.0}",10.5737785
11481396085700,target_offset,537,"{""x_angle_offset"":3.6542749777436256,""y_angle_offset"":-1.9466916684751157}",10.5875352
11481400559400,gimbal,3529,"{""imu_roll"":0.0,""imu_pitch"":-9.8062162399292,""imu_yaw"":29.929405212402344,""frame_roll"":0.0,""frame_pitch"":-9.8062162399292,""frame_yaw"":29.929405212402344,""pitch_speed"":0.0,""yaw_speed"":0.0}",10.5920089
11481400978400,fov,3529,"{""zoom"":12.339999198913574,""hfov"":7.293355464935303,""vfov"":4.106302738189697,""state"":0,""max_aov_h"":90.0,""max_aov_v"":58.71550750732422,""min_aov_h"":1.40625,""min_aov_v"":0.7910428047180176,""max_zoom"":64.0}",10.5924279
11481405203100,attitude,1344,"{""message_type"":""ATTITUDE"",""time_boot_ms"":129410,""roll"":0.5978899598121643,""pitch"":-0.09147439897060394,""yaw"":-2.378007411956787,""rollspeed"":0.04787430167198181,""pitchspeed"":0.18262802064418793,""yawspeed"":0.1337662637233734}",10.5966526
11481405483100,vfr,672,"{""message_type"":""VFR_HUD"",""airspeed"":42.38865280151367,""alt"":54.97999954223633}",10.5969326
11481405609100,position,672,"{""message_type"":""GLOBAL_POSITION_INT"",""lat"":469490158,""lon"":393479353}",10.5970586
11481410597900,gimbal,3530,"{""imu_roll"":0.0,""imu_pitch"":-9.825401306152344,""imu_yaw"":29.91205596923828,""frame_roll"":0.0,""frame_pitch"":-9.825401306152344,""frame_yaw"":29.91205596923828,""pitch_speed"":0.0,""yaw_speed"":0.0}",10.6020474
11481411230300,fov,3530,"{""zoom"":12.339999198913574,""hfov"":7.293355464935303,""vfov"":4.106302738189697,""state"":0,""max_aov_h"":90.0,""max_aov_v"":58.71550750732422,""min_aov_h"":1.40625,""min_aov_v"":0.7910428047180176,""max_zoom"":64.0}",10.6026798
11481423676100,gimbal,3531,"{""imu_roll"":0.0,""imu_pitch"":-9.84589958190918,""imu_yaw"":29.87906837463379,""frame_roll"":0.0,""frame_pitch"":-9.84589958190918,""frame_yaw"":29.87906837463379,""pitch_speed"":0.0,""yaw_speed"":0.0}",10.6151256
11481424942800,fov,3531,"{""zoom"":12.339999198913574,""hfov"":7.293355464935303,""vfov"":4.106302738189697,""state"":0,""max_aov_h"":90.0,""max_aov_v"":58.71550750732422,""min_aov_h"":1.40625,""min_aov_v"":0.7910428047180176,""max_zoom"":64.0}",10.6163923
11481428706600,range,1245,"{""message_type"":""GLOBAL_VISION_POSITION_ESTIMATE"",""x"":46.94891357421875,""y"":39.34736251831055}",10.6201561
11481436402500,target_offset,538,"{""x_angle_offset"":3.6770667135715485,""y_angle_offset"":-1.908670346825211}",10.627852
11481442822600,range,1246,"{""message_type"":""GLOBAL_VISION_POSITION_ESTIMATE"",""x"":46.94891357421875,""y"":39.34736251831055}",10.6342721
11481443336700,gimbal,3532,"{""imu_roll"":0.0,""imu_pitch"":-9.875627517700195,""imu_yaw"":29.90239715576172,""frame_roll"":0.0,""frame_pitch"":-9.875627517700195,""frame_yaw"":29.90239715576172,""pitch_speed"":0.0,""yaw_speed"":0.0}",10.6347862
11481443609600,fov,3532,"{""zoom"":12.339999198913574,""hfov"":7.293355464935303,""vfov"":4.106302738189697,""state"":0,""max_aov_h"":90.0,""max_aov_v"":58.71550750732422,""min_aov_h"":1.40625,""min_aov_v"":0.7910428047180176,""max_zoom"":64.0}",10.6350591
11481451971000,gimbal,3533,"{""imu_roll"":0.0,""imu_pitch"":-9.887484550476074,""imu_yaw"":29.885162353515625,""frame_roll"":0.0,""frame_pitch"":-9.887484550476074,""frame_yaw"":29.885162353515625,""pitch_speed"":0.0,""yaw_speed"":0.0}",10.6434205
11481452355800,fov,3533,"{""zoom"":12.339999198913574,""hfov"":7.293355464935303,""vfov"":4.106302738189697,""state"":0,""max_aov_h"":90.0,""max_aov_v"":58.71550750732422,""min_aov_h"":1.40625,""min_aov_v"":0.7910428047180176,""max_zoom"":64.0}",10.6438053
11481463739300,attitude,1345,"{""message_type"":""ATTITUDE"",""time_boot_ms"":129470,""roll"":0.6000002026557922,""pitch"":-0.08669286221265793,""yaw"":-2.364968776702881,""rollspeed"":0.048198506236076355,""pitchspeed"":0.18597687780857086,""yawspeed"":0.13413068652153015}",10.6551888
11481464769700,gimbal,3534,"{""imu_roll"":0.0,""imu_pitch"":-9.900958061218262,""imu_yaw"":29.85443687438965,""frame_roll"":0.0,""frame_pitch"":-9.900958061218262,""frame_yaw"":29.85443687438965,""pitch_speed"":0.0,""yaw_speed"":0.0}",10.6562192
11481465031900,fov,3534,"{""zoom"":12.339999198913574,""hfov"":7.293355464935303,""vfov"":4.106302738189697,""state"":0,""max_aov_h"":90.0,""max_aov_v"":58.71550750732422,""min_aov_h"":1.40625,""min_aov_v"":0.7910428047180176,""max_zoom"":64.0}",10.6564814
11481478387200,target_offset,539,"{""x_angle_offset"":3.631483241915703,""y_angle_offset"":-1.8858575538352682}",10.6698367
11481484388600,gimbal,3535,"{""imu_roll"":0.0,""imu_pitch"":-9.920478820800781,""imu_yaw"":29.88312530517578,""frame_roll"":0.0,""frame_pitch"":-9.920478820800781,""frame_yaw"":29.88312530517578,""pitch_speed"":0.0,""yaw_speed"":0.0}",10.6758381
11481484916800,fov,3535,"{""zoom"":12.339999198913574,""hfov"":7.293355464935303,""vfov"":4.106302738189697,""state"":0,""max_aov_h"":90.0,""max_aov_v"":58.71550750732422,""min_aov_h"":1.40625,""min_aov_v"":0.7910428047180176,""max_zoom"":64.0}",10.6763663
11481493596600,gimbal,3536,"{""imu_roll"":0.0,""imu_pitch"":-9.928108215332031,""imu_yaw"":29.86743927001953,""frame_roll"":0.0,""frame_pitch"":-9.928108215332031,""frame_yaw"":29.86743927001953,""pitch_speed"":0.0,""yaw_speed"":0.0}",10.6850461
11481493979100,fov,3536,"{""zoom"":12.339999198913574,""hfov"":7.293355464935303,""vfov"":4.106302738189697,""state"":0,""max_aov_h"":90.0,""max_aov_v"":58.71550750732422,""min_aov_h"":1.40625,""min_aov_v"":0.7910428047180176,""max_zoom"":64.0}",10.6854286
11481501786000,position,673,"{""message_type"":""GLOBAL_POSITION_INT"",""lat"":469490158,""lon"":393479353}",10.6932355
11481501923100,attitude,1346,"{""message_type"":""ATTITUDE"",""time_boot_ms"":129510,""roll"":0.6014388203620911,""pitch"":-0.08343269675970078,""yaw"":-2.3561980724334717,""rollspeed"":0.04825126379728317,""pitchspeed"":0.18805356323719025,""yawspeed"":0.1342136114835739}",10.6933726
11481502139400,vfr,673,"{""message_type"":""VFR_HUD"",""airspeed"":42.29051208496094,""alt"":54.25}",10.6935889
11481504030200,gimbal,3537,"{""imu_roll"":0.0,""imu_pitch"":-9.936376571655273,""imu_yaw"":29.839672088623047,""frame_roll"":0.0,""frame_pitch"":-9.936376571655273,""frame_yaw"":29.839672088623047,""pitch_speed"":0.0,""yaw_speed"":0.0}",10.6954797
11481504528000,fov,3537,"{""zoom"":12.339999198913574,""hfov"":7.293355464935303,""vfov"":4.106302738189697,""state"":0,""max_aov_h"":90.0,""max_aov_v"":58.71550750732422,""min_aov_h"":1.40625,""min_aov_v"":0.7910428047180176,""max_zoom"":64.0}",10.6959775
11481523777600,gimbal,3538,"{""imu_roll"":0.0,""imu_pitch"":-9.949021339416504,""imu_yaw"":29.766151428222656,""frame_roll"":0.0,""frame_pitch"":-9.949021339416504,""frame_yaw"":29.766151428222656,""pitch_speed"":0.0,""yaw_speed"":0.0}",10.7152271
11481524291600,fov,3538,"{""zoom"":12.339999198913574,""hfov"":7.293355464935303,""vfov"":4.106302738189697,""state"":0,""max_aov_h"":90.0,""max_aov_v"":58.71550750732422,""min_aov_h"":1.40625,""min_aov_v"":0.7910428047180176,""max_zoom"":64.0}",10.7157411
11481534066300,gimbal,3539,"{""imu_roll"":0.0,""imu_pitch"":-9.953993797302246,""imu_yaw"":29.788959503173828,""frame_roll"":0.0,""frame_pitch"":-9.953993797302246,""frame_yaw"":29.788959503173828,""pitch_speed"":0.0,""yaw_speed"":0.0}",10.7255158
11481534570900,fov,3539,"{""zoom"":12.339999198913574,""hfov"":7.293355464935303,""vfov"":4.106302738189697,""state"":0,""max_aov_h"":90.0,""max_aov_v"":58.71550750732422,""min_aov_h"":1.40625,""min_aov_v"":0.7910428047180176,""max_zoom"":64.0}",10.7260204
11481546892800,gimbal,3540,"{""imu_roll"":0.0,""imu_pitch"":-9.959842681884766,""imu_yaw"":29.799835205078125,""frame_roll"":0.0,""frame_pitch"":-9.959842681884766,""frame_yaw"":29.799835205078125,""pitch_speed"":0.0,""yaw_speed"":0.0}",10.7383423
11481547311700,fov,3540,"{""zoom"":12.339999198913574,""hfov"":7.293355464935303,""vfov"":4.106302738189697,""state"":0,""max_aov_h"":90.0,""max_aov_v"":58.71550750732422,""min_aov_h"":1.40625,""min_aov_v"":0.7910428047180176,""max_zoom"":64.0}",10.7387612
11481560746000,target_offset,540,"{""x_angle_offset"":3.639080487191677,""y_angle_offset"":-1.9314831398151537}",10.7521955
11481563221300,attitude,1347,"{""message_type"":""ATTITUDE"",""time_boot_ms"":129570,""roll"":0.603593647480011,""pitch"":-0.07843320071697235,""yaw"":-2.342956066131592,""rollspeed"":0.04686950892210007,""pitchspeed"":0.1911345273256302,""yawspeed"":0.13406795263290405}",10.7546708
11481567280400,gimbal,3541,"{""imu_roll"":0.0,""imu_pitch"":-9.967856407165527,""imu_yaw"":29.83978271484375,""frame_roll"":0.0,""frame_pitch"":-9.967856407165527,""frame_yaw"":29.83978271484375,""pitch_speed"":0.0,""yaw_speed"":0.0}",10.7587299
11481567599000,fov,3541,"{""zoom"":12.339999198913574,""hfov"":7.293355464935303,""vfov"":4.106302738189697,""state"":0,""max_aov_h"":90.0,""max_aov_v"":58.71550750732422,""min_aov_h"":1.40625,""min_aov_v"":0.7910428047180176,""max_zoom"":64.0}",10.7590485
11481576812500,gimbal,3542,"{""imu_roll"":0.0,""imu_pitch"":-9.971020698547363,""imu_yaw"":29.83077621459961,""frame_roll"":0.0,""frame_pitch"":-9.971020698547363,""frame_yaw"":29.83077621459961,""pitch_speed"":0.0,""yaw_speed"":0.0}",10.768262
11481577186800,fov,3542,"{""zoom"":12.339999198913574,""hfov"":7.293355464935303,""vfov"":4.106302738189697,""state"":0,""max_aov_h"":90.0,""max_aov_v"":58.71550750732422,""min_aov_h"":1.40625,""min_aov_v"":0.7910428047180176,""max_zoom"":64.0}",10.7686363
11481584596500,range,1247,"{""message_type"":""GLOBAL_VISION_POSITION_ESTIMATE"",""x"":46.94892501831055,""y"":39.34735870361328}",10.776046
11481588510200,gimbal,3543,"{""imu_roll"":0.0,""imu_pitch"":-9.974398612976074,""imu_yaw"":29.850502014160156,""frame_roll"":0.0,""frame_pitch"":-9.974398612976074,""frame_yaw"":29.850502014160156,""pitch_speed"":0.0,""yaw_speed"":0.0}",10.7799597
11481588902600,fov,3543,"{""zoom"":12.339999198913574,""hfov"":7.293355464935303,""vfov"":4.106302738189697,""state"":0,""max_aov_h"":90.0,""max_aov_v"":58.71550750732422,""min_aov_h"":1.40625,""min_aov_v"":0.7910428047180176,""max_zoom"":64.0}",10.7803521
11481601255800,range,1248,"{""message_type"":""GLOBAL_VISION_POSITION_ESTIMATE"",""x"":46.94892501831055,""y"":39.34735870361328}",10.7927053
11481601432500,attitude,1348,"{""message_type"":""ATTITUDE"",""time_boot_ms"":129610,""roll"":0.6050316691398621,""pitch"":-0.07505997270345688,""yaw"":-2.334091901779175,""rollspeed"":0.045916713774204254,""pitchspeed"":0.19194789230823517,""yawspeed"":0.13376350700855255}",10.792882
11481601708500,vfr,674,"{""message_type"":""VFR_HUD"",""airspeed"":42.201011657714844,""alt"":53.54999923706055}",10.793158
11481601827600,position,674,"{""message_type"":""GLOBAL_POSITION_INT"",""lat"":469489676,""lon"":393478352}",10.7932771
11481604306800,target_offset,541,"{""x_angle_offset"":3.6618722230196,""y_angle_offset"":-1.9314831398151537}",10.7957563
11481610098300,gimbal,3544,"{""imu_roll"":0.0,""imu_pitch"":-9.9793119430542,""imu_yaw"":29.879194259643555,""frame_roll"":0.0,""frame_pitch"":-9.9793119430542,""frame_yaw"":29.879194259643555,""pitch_speed"":0.0,""yaw_speed"":0.0}",10.8015478
11481610438700,fov,3544,"{""zoom"":12.339999198913574,""hfov"":7.293355464935303,""vfov"":4.106302738189697,""state"":0,""max_aov_h"":90.0,""max_aov_v"":58.71550750732422,""min_aov_h"":1.40625,""min_aov_v"":0.7910428047180176,""max_zoom"":64.0}",10.8018882
11481617551600,gimbal,3545,"{""imu_roll"":0.0,""imu_pitch"":-9.981413841247559,""imu_yaw"":29.862688064575195,""frame_roll"":0.0,""frame_pitch"":-9.981413841247559,""frame_yaw"":29.862688064575195,""pitch_speed"":0.0,""yaw_speed"":0.0}",10.8090011
11481619164600,fov,3545,"{""zoom"":12.339999198913574,""hfov"":7.293355464935303,""vfov"":4.106302738189697,""state"":0,""max_aov_h"":90.0,""max_aov_v"":58.71550750732422,""min_aov_h"":1.40625,""min_aov_v"":0.7910428047180176,""max_zoom"":64.0}",10.8106141
11481630110200,gimbal,3546,"{""imu_roll"":0.0,""imu_pitch"":-9.98381519317627,""imu_yaw"":29.835710525512695,""frame_roll"":0.0,""frame_pitch"":-9.98381519317627,""frame_yaw"":29.835710525512695,""pitch_speed"":0.0,""yaw_speed"":0.0}",10.8215597
11481631207900,fov,3546,"{""zoom"":12.339999198913574,""hfov"":7.293355464935303,""vfov"":4.106302738189697,""state"":0,""max_aov_h"":90.0,""max_aov_v"":58.71550750732422,""min_aov_h"":1.40625,""min_aov_v"":0.7910428047180176,""max_zoom"":64.0}",10.8226574
11481644951500,target_offset,542,"{""x_angle_offset"":3.6466777324676514,""y_angle_offset"":-1.9390874041451347}",10.836401
11481649460100,gimbal,3547,"{""imu_roll"":0.0,""imu_pitch"":-9.986823081970215,""imu_yaw"":29.86624526977539,""frame_roll"":0.0,""frame_pitch"":-9.986823081970215,""frame_yaw"":29.86624526977539,""pitch_speed"":0.0,""yaw_speed"":0.0}",10.8409096
11481649834200,fov,3547,"{""zoom"":12.339999198913574,""hfov"":7.293355464935303,""vfov"":4.106302738189697,""state"":0,""max_aov_h"":90.0,""max_aov_v"":58.71550750732422,""min_aov_h"":1.40625,""min_aov_v"":0.7910428047180176,""max_zoom"":64.0}",10.8412837
11481660423400,gimbal,3548,"{""imu_roll"":0.0,""imu_pitch"":-9.98831844329834,""imu_yaw"":29.881425857543945,""frame_roll"":0.0,""frame_pitch"":-9.98831844329834,""frame_yaw"":29.881425857543945,""pitch_speed"":0.0,""yaw_speed"":0.0}",10.8518729
11481660888600,fov,3548,"{""zoom"":12.339999198913574,""hfov"":7.293355464935303,""vfov"":4.106302738189697,""state"":0,""max_aov_h"":90.0,""max_aov_v"":58.71550750732422,""min_aov_h"":1.40625,""min_aov_v"":0.7910428047180176,""max_zoom"":64.0}",10.8523381
11481664473200,attitude,1349,"{""message_type"":""ATTITUDE"",""time_boot_ms"":129670,""roll"":0.607196033000946,""pitch"":-0.07005133479833603,""yaw"":-2.320842981338501,""rollspeed"":0.044640518724918365,""pitchspeed"":0.19062691926956177,""yawspeed"":0.13317836821079254}",10.8559227
11481675819100,target_offset,543,"{""x_angle_offset"":3.6618722230196,""y_angle_offset"":-1.9542959328050966}",10.8672686
11481682487600,gimbal,3549,"{""imu_roll"":0.0,""imu_pitch"":-9.990686416625977,""imu_yaw"":29.90546417236328,""frame_roll"":0.0,""frame_pitch"":-9.990686416625977,""frame_yaw"":29.90546417236328,""pitch_speed"":0.0,""yaw_speed"":0.0}",10.8739371
11481683266000,fov,3549,"{""zoom"":12.339999198913574,""hfov"":7.293355464935303,""vfov"":4.106302738189697,""state"":0,""max_aov_h"":90.0,""max_aov_v"":58.71550750732422,""min_aov_h"":1.40625,""min_aov_v"":0.7910428047180176,""max_zoom"":64.0}",10.8747155
11481691846900,gimbal,3550,"{""imu_roll"":0.0,""imu_pitch"":-9.991653442382812,""imu_yaw"":29.886022567749023,""frame_roll"":0.0,""frame_pitch"":-9.991653442382812,""frame_yaw"":29.886022567749023,""pitch_speed"":0.0,""yaw_speed"":0.0}",10.8832964
11481692094400,fov,3550,"{""zoom"":12.339999198913574,""hfov"":7.293355464935303,""vfov"":4.106302738189697,""state"":0,""max_aov_h"":90.0,""max_aov_v"":58.71550750732422,""min_aov_h"":1.40625,""min_aov_v"":0.7910428047180176,""max_zoom"":64.0}",10.8835439
11481704474100,gimbal,3551,"{""imu_roll"":0.0,""imu_pitch"":-9.992683410644531,""imu_yaw"":29.849864959716797,""frame_roll"":0.0,""frame_pitch"":-9.992683410644531,""frame_yaw"":29.849864959716797,""pitch_speed"":0.0,""yaw_speed"":0.0}",10.8959236
11481705009500,position,675,"{""message_type"":""GLOBAL_POSITION_INT"",""lat"":469489676,""lon"":393478352}",10.896459
11481705123600,attitude,1350,"{""message_type"":""ATTITUDE"",""time_boot_ms"":129710,""roll"":0.608647346496582,""pitch"":-0.06671338528394699,""yaw"":-2.3120200634002686,""rollspeed"":0.04402163624763489,""pitchspeed"":0.1912851780653,""yawspeed"":0.13265317678451538}",10.8965731
11481705309400,vfr,675,"{""message_type"":""VFR_HUD"",""airspeed"":42.09667205810547,""alt"":52.89999771118164}",10.8967589
11481705505100,fov,3551,"{""zoom"":12.339999198913574,""hfov"":7.293355464935303,""vfov"":4.106302738189697,""state"":0,""max_aov_h"":90.0,""max_aov_v"":58.71550750732422,""min_aov_h"":1.40625,""min_aov_v"":0.7910428047180176,""max_zoom"":64.0}",10.8969546
11481718350600,target_offset,544,"{""x_angle_offset"":3.60869150608778,""y_angle_offset"":-1.9314831398151537}",10.9098001
11481722824800,gimbal,3552,"{""imu_roll"":0.0,""imu_pitch"":-9.994132995605469,""imu_yaw"":29.879602432250977,""frame_roll"":0.0,""frame_pitch"":-9.994132995605469,""frame_yaw"":29.879602432250977,""pitch_speed"":0.0,""yaw_speed"":0.0}",10.9142743
11481723082800,fov,3552,"{""zoom"":12.339999198913574,""hfov"":7.293355464935303,""vfov"":4.106302738189697,""state"":0,""max_aov_h"":90.0,""max_aov_v"":58.71550750732422,""min_aov_h"":1.40625,""min_aov_v"":0.7910428047180176,""max_zoom"":64.0}",10.9145323
11481735071800,gimbal,3553,"{""imu_roll"":0.0,""imu_pitch"":-9.994794845581055,""imu_yaw"":29.89317512512207,""frame_roll"":0.0,""frame_pitch"":-9.994794845581055,""frame_yaw"":29.89317512512207,""pitch_speed"":0.0,""yaw_speed"":0.0}",10.9265213
11481735367900,fov,3553,"{""zoom"":12.339999198913574,""hfov"":7.293355464935303,""vfov"":4.106302738189697,""state"":0,""max_aov_h"":90.0,""max_aov_v"":58.71550750732422,""min_aov_h"":1.40625,""min_aov_v"":0.7910428047180176,""max_zoom"":64.0}",10.9268174
11481739588800,range,1249,"{""message_type"":""GLOBAL_VISION_POSITION_ESTIMATE"",""x"":46.94888687133789,""y"":39.34725570678711}",10.9310383
11481745620000,range,1250,"{""message_type"":""GLOBAL_VISION_POSITION_ESTIMATE"",""x"":46.94888687133789,""y"":39.34725570678711}",10.9370695
11481746631900,gimbal,3554,"{""imu_roll"":0.0,""imu_pitch"":-9.995354652404785,""imu_yaw"":29.891204833984375,""frame_roll"":0.0,""frame_pitch"":-9.995354652404785,""frame_yaw"":29.891204833984375,""pitch_speed"":0.0,""yaw_speed"":0.0}",10.9380814
11481747067600,fov,3554,"{""zoom"":12.339999198913574,""hfov"":7.293355464935303,""vfov"":4.106302738189697,""state"":0,""max_aov_h"":90.0,""max_aov_v"":58.71550750732422,""min_aov_h"":1.40625,""min_aov_v"":0.7910428047180176,""max_zoom"":64.0}",10.9385171
11481760274700,target_offset,545,"{""x_angle_offset"":3.631483241915703,""y_angle_offset"":-1.8782532895052875}",10.9517242
11481764692100,attitude,1351,"{""message_type"":""ATTITUDE"",""time_boot_ms"":129770,""roll"":0.6107850074768066,""pitch"":-0.06165013462305069,""yaw"":-2.2987847328186035,""rollspeed"":0.041675157845020294,""pitchspeed"":0.19266299903392792,""yawspeed"":0.1316317617893219}",10.9561416
11481766116400,gimbal,3555,"{""imu_roll"":0.0,""imu_pitch"":-9.996328353881836,""imu_yaw"":29.914016723632812,""frame_roll"":0.0,""frame_pitch"":-9.996328353881836,""frame_yaw"":29.914016723632812,""pitch_speed"":0.0,""yaw_speed"":0.0}",10.9575659
11481766767200,fov,3555,"{""zoom"":12.339999198913574,""hfov"":7.293355464935303,""vfov"":4.106302738189697,""state"":0,""max_aov_h"":90.0,""max_aov_v"":58.71550750732422,""min_aov_h"":1.40625,""min_aov_v"":0.7910428047180176,""max_zoom"":64.0}",10.9582167
11481776113400,gimbal,3556,"{""imu_roll"":0.0,""imu_pitch"":-9.996692657470703,""imu_yaw"":29.894590377807617,""frame_roll"":0.0,""frame_pitch"":-9.996692657470703,""frame_yaw"":29.894590377807617,""pitch_speed"":0.0,""yaw_speed"":0.0}",10.9675629
11481776430000,fov,3556,"{""zoom"":12.339999198913574,""hfov"":7.293355464935303,""vfov"":4.106302738189697,""state"":0,""max_aov_h"":90.0,""max_aov_v"":58.71550750732422,""min_aov_h"":1.40625,""min_aov_v"":0.7910428047180176,""max_zoom"":64.0}",10.9678795
11481789401200,gimbal,3557,"{""imu_roll"":0.0,""imu_pitch"":-9.997105598449707,""imu_yaw"":29.907747268676758,""frame_roll"":0.0,""frame_pitch"":-9.997105598449707,""frame_yaw"":29.907747268676758,""pitch_speed"":0.0,""yaw_speed"":0.0}",10.9808507
11481789695300,fov,3557,"{""zoom"":12.339999198913574,""hfov"":7.293355464935303,""vfov"":4.106302738189697,""state"":0,""max_aov_h"":90.0,""max_aov_v"":58.71550750732422,""min_aov_h"":1.40625,""min_aov_v"":0.7910428047180176,""max_zoom"":64.0}",10.9811448
11481802458200,target_offset,546,"{""x_angle_offset"":3.6238859966397285,""y_angle_offset"":-1.9314831398151537}",10.9939077
11481807037100,vfr,676,"{""message_type"":""VFR_HUD"",""airspeed"":41.9819450378418,""alt"":52.28999710083008}",10.9984866
11481807236900,position,676,"{""message_type"":""GLOBAL_POSITION_INT"",""lat"":469489231,""lon"":393477323}",10.9986864
11481807397500,attitude,1352,"{""message_type"":""ATTITUDE"",""time_boot_ms"":129810,""roll"":0.612150251865387,""pitch"":-0.05823061987757683,""yaw"":-2.289952278137207,""rollspeed"":0.03985217958688736,""pitchspeed"":0.1936439573764801,""yawspeed"":0.13091492652893066}",10.998847
11481807857200,gimbal,3558,"{""imu_roll"":0.0,""imu_pitch"":-9.997628211975098,""imu_yaw"":29.896160125732422,""frame_roll"":0.0,""frame_pitch"":-9.997628211975098,""frame_yaw"":29.896160125732422,""pitch_speed"":0.0,""yaw_speed"":0.0}",10.9993067
11481808135500,fov,3558,"{""zoom"":12.339999198913574,""hfov"":7.293355464935303,""vfov"":4.106302738189697,""state"":0,""max_aov_h"":90.0,""max_aov_v"":58.71550750732422,""min_aov_h"":1.40625,""min_aov_v"":0.7910428047180176,""max_zoom"":64.0}",10.999585
11481816957400,gimbal,3559,"{""imu_roll"":0.0,""imu_pitch"":-9.997881889343262,""imu_yaw"":29.907255172729492,""frame_roll"":0.0,""frame_pitch"":-9.997881889343262,""frame_yaw"":29.907255172729492,""pitch_speed"":0.0,""yaw_speed"":0.0}",11.0084069
11481818323900,fov,3559,"{""zoom"":12.339999198913574,""hfov"":7.293355464935303,""vfov"":4.106302738189697,""state"":0,""max_aov_h"":90.0,""max_aov_v"":58.71550750732422,""min_aov_h"":1.40625,""min_aov_v"":0.7910428047180176,""max_zoom"":64.0}",11.0097734
11481834835900,target_offset,547,"{""x_angle_offset"":3.6466777324676514,""y_angle_offset"":-1.8630447608453256}",11.0262854
11481838586100,gimbal,3560,"{""imu_roll"":0.0,""imu_pitch"":-9.998321533203125,""imu_yaw"":29.907028198242188,""frame_roll"":0.0,""frame_pitch"":-9.998321533203125,""frame_yaw"":29.907028198242188,""pitch_speed"":0.0,""yaw_speed"":0.0}",11.0300356
11481838819800,fov,3560,"{""zoom"":12.339999198913574,""hfov"":7.293355464935303,""vfov"":4.106302738189697,""state"":0,""max_aov_h"":90.0,""max_aov_v"":58.71550750732422,""min_aov_h"":1.40625,""min_aov_v"":0.7910428047180176,""max_zoom"":64.0}",11.0302693
11481849143300,gimbal,3561,"{""imu_roll"":0.0,""imu_pitch"":-9.998499870300293,""imu_yaw"":29.916933059692383,""frame_roll"":0.0,""frame_pitch"":-9.998499870300293,""frame_yaw"":29.916933059692383,""pitch_speed"":0.0,""yaw_speed"":0.0}",11.0405928
11481850189500,fov,3561,"{""zoom"":12.339999198913574,""hfov"":7.293355464935303,""vfov"":4.106302738189697,""state"":0,""max_aov_h"":90.0,""max_aov_v"":58.71550750732422,""min_aov_h"":1.40625,""min_aov_v"":0.7910428047180176,""max_zoom"":64.0}",11.041639
11481862239000,gimbal,3562,"{""imu_roll"":0.0,""imu_pitch"":-9.998688697814941,""imu_yaw"":29.911653518676758,""frame_roll"":0.0,""frame_pitch"":-9.998688697814941,""frame_yaw"":29.911653518676758,""pitch_speed"":0.0,""yaw_speed"":0.0}",11.0536885
11481862547900,fov,3562,"{""zoom"":12.339999198913574,""hfov"":7.293355464935303,""vfov"":4.106302738189697,""state"":0,""max_aov_h"":90.0,""max_aov_v"":58.71550750732422,""min_aov_h"":1.40625,""min_aov_v"":0.7910428047180176,""max_zoom"":64.0}",11.0539974
11481864182400,attitude,1353,"{""message_type"":""ATTITUDE"",""time_boot_ms"":129870,""roll"":0.6139334440231323,""pitch"":-0.052996743470430374,""yaw"":-2.2766902446746826,""rollspeed"":0.036241985857486725,""pitchspeed"":0.1956234574317932,""yawspeed"":0.12959247827529907}",11.0556319
11481875974200,target_offset,548,"{""x_angle_offset"":3.631483241915703,""y_angle_offset"":-1.916274611155192}",11.0674237
11481880372400,gimbal,3563,"{""imu_roll"":0.0,""imu_pitch"":-9.998930931091309,""imu_yaw"":29.87018585205078,""frame_roll"":0.0,""frame_pitch"":-9.998930931091309,""frame_yaw"":29.87018585205078,""pitch_speed"":0.0,""yaw_speed"":0.0}",11.0718219
11481880575900,fov,3563,"{""zoom"":12.339999198913574,""hfov"":7.293355464935303,""vfov"":4.106302738189697,""state"":0,""max_aov_h"":90.0,""max_aov_v"":58.71550750732422,""min_aov_h"":1.40625,""min_aov_v"":0.7910428047180176,""max_zoom"":64.0}",11.0720254
11481891507400,gimbal,3564,"{""imu_roll"":0.0,""imu_pitch"":-9.999053001403809,""imu_yaw"":29.88501739501953,""frame_roll"":0.0,""frame_pitch"":-9.999053001403809,""frame_yaw"":29.88501739501953,""pitch_speed"":0.0,""yaw_speed"":0.0}",11.0829569
11481891901900,fov,3564,"{""zoom"":12.339999198913574,""hfov"":7.293355464935303,""vfov"":4.106302738189697,""state"":0,""max_aov_h"":90.0,""max_aov_v"":58.71550750732422,""min_aov_h"":1.40625,""min_aov_v"":0.7910428047180176,""max_zoom"":64.0}",11.0833514
11481902952400,gimbal,3565,"{""imu_roll"":0.0,""imu_pitch"":-9.999157905578613,""imu_yaw"":29.880416870117188,""frame_roll"":0.0,""frame_pitch"":-9.999157905578613,""frame_yaw"":29.880416870117188,""pitch_speed"":0.0,""yaw_speed"":0.0}",11.0944019
11481903271300,fov,3565,"{""zoom"":12.339999198913574,""hfov"":7.293355464935303,""vfov"":4.106302738189697,""state"":0,""max_aov_h"":90.0,""max_aov_v"":58.71550750732422,""min_aov_h"":1.40625,""min_aov_v"":0.7910428047180176,""max_zoom"":64.0}",11.0947208
11481905285700,attitude,1354,"{""message_type"":""ATTITUDE"",""time_boot_ms"":129910,""roll"":0.6150784492492676,""pitch"":-0.04944714158773422,""yaw"":-2.2678427696228027,""rollspeed"":0.03494509309530258,""pitchspeed"":0.19666016101837158,""yawspeed"":0.12862469255924225}",11.0967352
11481905732600,vfr,677,"{""message_type"":""VFR_HUD"",""airspeed"":41.85987854003906,""alt"":51.71999740600586}",11.0971821
11481905886600,position,677,"{""message_type"":""GLOBAL_POSITION_INT"",""lat"":469489231,""lon"":393477323}",11.0973361
11481910133700,range,1251,"{""message_type"":""GLOBAL_VISION_POSITION_ESTIMATE"",""x"":46.94886016845703,""y"":39.34714889526367}",11.1015832
11481916775300,target_offset,549,"{""x_angle_offset"":3.631483241915703,""y_angle_offset"":-1.9390874041451347}",11.1082248
11481921603000,gimbal,3566,"{""imu_roll"":0.0,""imu_pitch"":-9.999319076538086,""imu_yaw"":29.90330696105957,""frame_roll"":0.0,""frame_pitch"":-9.999319076538086,""frame_yaw"":29.90330696105957,""pitch_speed"":0.0,""yaw_speed"":0.0}",11.1130525
11481922011300,fov,3566,"{""zoom"":12.339999198913574,""hfov"":7.293355464935303,""vfov"":4.106302738189697,""state"":0,""max_aov_h"":90.0,""max_aov_v"":58.71550750732422,""min_aov_h"":1.40625,""min_aov_v"":0.7910428047180176,""max_zoom"":64.0}",11.1134608
11481925020000,range,1252,"{""message_type"":""GLOBAL_VISION_POSITION_ESTIMATE"",""x"":46.94886016845703,""y"":39.34714889526367}",11.1164695
11481932890700,gimbal,3567,"{""imu_roll"":0.0,""imu_pitch"":-9.999385833740234,""imu_yaw"":29.891271591186523,""frame_roll"":0.0,""frame_pitch"":-9.999385833740234,""frame_yaw"":29.891271591186523,""pitch_speed"":0.0,""yaw_speed"":0.0}",11.1243402
11481933197700,fov,3567,"{""zoom"":12.339999198913574,""hfov"":7.293355464935303,""vfov"":4.106302738189697,""state"":0,""max_aov_h"":90.0,""max_aov_v"":58.71550750732422,""min_aov_h"":1.40625,""min_aov_v"":0.7910428047180176,""max_zoom"":64.0}",11.1246472
11481943974500,gimbal,3568,"{""imu_roll"":0.0,""imu_pitch"":-9.99946117401123,""imu_yaw"":29.904600143432617,""frame_roll"":0.0,""frame_pitch"":-9.99946117401123,""frame_yaw"":29.904600143432617,""pitch_speed"":0.0,""yaw_speed"":0.0}",11.135424
11481945433600,fov,3568,"{""zoom"":12.339999198913574,""hfov"":7.293355464935303,""vfov"":4.106302738189697,""state"":0,""max_aov_h"":90.0,""max_aov_v"":58.71550750732422,""min_aov_h"":1.40625,""min_aov_v"":0.7910428047180176,""max_zoom"":64.0}",11.1368831
11481958149600,target_offset,550,"{""x_angle_offset"":3.6542749777436256,""y_angle_offset"":-1.916274611155192}",11.1495991
11481962477900,gimbal,3569,"{""imu_roll"":0.0,""imu_pitch"":-9.99956226348877,""imu_yaw"":29.89907455444336,""frame_roll"":0.0,""frame_pitch"":-9.99956226348877,""frame_yaw"":29.89907455444336,""pitch_speed"":0.0,""yaw_speed"":0.0}",11.1539274
11481962721300,fov,3569,"{""zoom"":12.339999198913574,""hfov"":7.293355464935303,""vfov"":4.106302738189697,""state"":0,""max_aov_h"":90.0,""max_aov_v"":58.71550750732422,""min_aov_h"":1.40625,""min_aov_v"":0.7910428047180176,""max_zoom"":64.0}",11.1541708
11481965729800,attitude,1355,"{""message_type"":""ATTITUDE"",""time_boot_ms"":129970,""roll"":0.6167228817939758,""pitch"":-0.044071029871702194,""yaw"":-2.2546045780181885,""rollspeed"":0.03171750158071518,""pitchspeed"":0.19715742766857147,""yawspeed"":0.12717130780220032}",11.1571793
11481975275400,gimbal,3570,"{""imu_roll"":0.0,""imu_pitch"":-9.999612808227539,""imu_yaw"":29.910625457763672,""frame_roll"":0.0,""frame_pitch"":-9.999612808227539,""frame_yaw"":29.910625457763672,""pitch_speed"":0.0,""yaw_speed"":0.0}",11.1667249
11481976338600,fov,3570,"{""zoom"":12.339999198913574,""hfov"":7.293355464935303,""vfov"":4.106302738189697,""state"":0,""max_aov_h"":90.0,""max_aov_v"":58.71550750732422,""min_aov_h"":1.40625,""min_aov_v"":0.7910428047180176,""max_zoom"":64.0}",11.1677881
11481985302400,gimbal,3571,"{""imu_roll"":0.0,""imu_pitch"":-9.999656677246094,""imu_yaw"":29.903074264526367,""frame_roll"":0.0,""frame_pitch"":-9.999656677246094,""frame_yaw"":29.903074264526367,""pitch_speed"":0.0,""yaw_speed"":0.0}",11.1767519
11481985811200,fov,3571,"{""zoom"":12.339999198913574,""hfov"":7.293355464935303,""vfov"":4.106302738189697,""state"":0,""max_aov_h"":90.0,""max_aov_v"":58.71550750732422,""min_aov_h"":1.40625,""min_aov_v"":0.7910428047180176,""max_zoom"":64.0}",11.1772607
11481999454800,target_offset,551,"{""x_angle_offset"":3.6770667135715485,""y_angle_offset"":-1.9542959328050966}",11.1909043
11482004095900,vfr,678,"{""message_type"":""VFR_HUD"",""airspeed"":41.73227310180664,""alt"":51.189998626708984}",11.1955454
11482004371800,position,678,"{""message_type"":""GLOBAL_POSITION_INT"",""lat"":469489231,""lon"":393477323}",11.1958213
11482004481600,attitude,1356,"{""message_type"":""ATTITUDE"",""time_boot_ms"":130010,""roll"":0.6177586317062378,""pitch"":-0.04045957699418068,""yaw"":-2.2458066940307617,""rollspeed"":0.03003879077732563,""pitchspeed"":0.1975526660680771,""yawspeed"":0.1260271966457367}",11.1959311
11482006111600,gimbal,3572,"{""imu_roll"":0.0,""imu_pitch"":-9.999722480773926,""imu_yaw"":29.921730041503906,""frame_roll"":0.0,""frame_pitch"":-9.999722480773926,""frame_yaw"":29.921730041503906,""pitch_speed"":0.0,""yaw_speed"":0.0}",11.1975611
11482006365900,fov,3572,"{""zoom"":12.339999198913574,""hfov"":7.293355464935303,""vfov"":4.106302738189697,""state"":0,""max_aov_h"":90.0,""max_aov_v"":58.71550750732422,""min_aov_h"":1.40625,""min_aov_v"":0.7910428047180176,""max_zoom"":64.0}",11.1978154
11482016146700,gimbal,3573,"{""imu_roll"":0.0,""imu_pitch"":-9.999753952026367,""imu_yaw"":29.9027099609375,""frame_roll"":0.0,""frame_pitch"":-9.999753952026367,""frame_yaw"":29.9027099609375,""pitch_speed"":0.0,""yaw_speed"":0.0}",11.2075962
11482016448800,fov,3573,"{""zoom"":12.339999198913574,""hfov"":7.293355464935303,""vfov"":4.106302738189697,""state"":0,""max_aov_h"":90.0,""max_aov_v"":58.71550750732422,""min_aov_h"":1.40625,""min_aov_v"":0.7910428047180176,""max_zoom"":64.0}",11.2078983
11482027115200,gimbal,3574,"{""imu_roll"":0.0,""imu_pitch"":-9.999781608581543,""imu_yaw"":29.871519088745117,""frame_roll"":0.0,""frame_pitch"":-9.999781608581543,""frame_yaw"":29.871519088745117,""pitch_speed"":0.0,""yaw_speed"":0.0}",11.2185647
11482027461900,fov,3574,"{""zoom"":12.339999198913574,""hfov"":7.293355464935303,""vfov"":4.106302738189697,""state"":0,""max_aov_h"":90.0,""max_aov_v"":58.71550750732422,""min_aov_h"":1.40625,""min_aov_v"":0.7910428047180176,""max_zoom"":64.0}",11.2189114
11482041587200,target_offset,552,"{""x_angle_offset"":3.6542749777436256,""y_angle_offset"":-1.9390874041451347}",11.2330367
11482046417300,gimbal,3575,"{""imu_roll"":0.0,""imu_pitch"":-9.999823570251465,""imu_yaw"":29.89645004272461,""frame_roll"":0.0,""frame_pitch"":-9.999823570251465,""frame_yaw"":29.89645004272461,""pitch_speed"":0.0,""yaw_speed"":0.0}",11.2378668
11482046970900,fov,3575,"{""zoom"":12.339999198913574,""hfov"":7.293355464935303,""vfov"":4.106302738189697,""state"":0,""max_aov_h"":90.0,""max_aov_v"":58.71550750732422,""min_aov_h"":1.40625,""min_aov_v"":0.7910428047180176,""max_zoom"":64.0}",11.2384204
11482057475700,gimbal,3576,"{""imu_roll"":0.0,""imu_pitch"":-9.999841690063477,""imu_yaw"":29.881982803344727,""frame_roll"":0.0,""frame_pitch"":-9.999841690063477,""frame_yaw"":29.881982803344727,""pitch_speed"":0.0,""yaw_speed"":0.0}",11.2489252
11482057748000,fov,3576,"{""zoom"":12.339999198913574,""hfov"":7.293355464935303,""vfov"":4.106302738189697,""state"":0,""max_aov_h"":90.0,""max_aov_v"":58.71550750732422,""min_aov_h"":1.40625,""min_aov_v"":0.7910428047180176,""max_zoom"":64.0}",11.2491975
11482064830100,range,1253,"{""message_type"":""GLOBAL_VISION_POSITION_ESTIMATE"",""x"":46.94886779785156,""y"":39.347145080566406}",11.2562796
11482065916500,attitude,1357,"{""message_type"":""ATTITUDE"",""time_boot_ms"":130070,""roll"":0.6190162897109985,""pitch"":-0.035012852400541306,""yaw"":-2.2326676845550537,""rollspeed"":0.026061223819851875,""pitchspeed"":0.19700880348682404,""yawspeed"":0.12455658614635468}",11.257366
11482069315500,gimbal,3577,"{""imu_roll"":0.0,""imu_pitch"":-9.999860763549805,""imu_yaw"":29.851804733276367,""frame_roll"":0.0,""frame_pitch"":-9.999860763549805,""frame_yaw"":29.851804733276367,""pitch_speed"":0.0,""yaw_speed"":0.0}",11.260765
11482069611500,fov,3577,"{""zoom"":12.339999198913574,""hfov"":7.293355464935303,""vfov"":4.106302738189697,""state"":0,""max_aov_h"":90.0,""max_aov_v"":58.71550750732422,""min_aov_h"":1.40625,""min_aov_v"":0.7910428047180176,""max_zoom"":64.0}",11.261061
11482082766900,target_offset,553,"{""x_angle_offset"":3.6466777324676514,""y_angle_offset"":-1.9314831398151537}",11.2742164
11482086513600,range,1254,"{""message_type"":""GLOBAL_VISION_POSITION_ESTIMATE"",""x"":46.94886779785156,""y"":39.347145080566406}",11.2779631
11482088779800,gimbal,3578,"{""imu_roll"":0.0,""imu_pitch"":-9.999887466430664,""imu_yaw"":29.77902603149414,""frame_roll"":0.0,""frame_pitch"":-9.999887466430664,""frame_yaw"":29.77902603149414,""pitch_speed"":0.0,""yaw_speed"":0.0}",11.2802293
11482089046700,fov,3578,"{""zoom"":12.339999198913574,""hfov"":7.293355464935303,""vfov"":4.106302738189697,""state"":0,""max_aov_h"":90.0,""max_aov_v"":58.71550750732422,""min_aov_h"":1.40625,""min_aov_v"":0.7910428047180176,""max_zoom"":64.0}",11.2804962
11482099237900,gimbal,3579,"{""imu_roll"":0.0,""imu_pitch"":-9.999898910522461,""imu_yaw"":29.801790237426758,""frame_roll"":0.0,""frame_pitch"":-9.999898910522461,""frame_yaw"":29.801790237426758,""pitch_speed"":0.0,""yaw_speed"":0.0}",11.2906874
11482099610700,fov,3579,"{""zoom"":12.339999198913574,""hfov"":7.293355464935303,""vfov"":4.106302738189697,""state"":0,""max_aov_h"":90.0,""max_aov_v"":58.71550750732422,""min_aov_h"":1.40625,""min_aov_v"":0.7910428047180176,""max_zoom"":64.0}",11.2910602
11482103574000,attitude,1358,"{""message_type"":""ATTITUDE"",""time_boot_ms"":130110,""roll"":0.6197572946548462,""pitch"":-0.03136732056736946,""yaw"":-2.2239432334899902,""rollspeed"":0.024853378534317017,""pitchspeed"":0.19721104204654694,""yawspeed"":0.12354016304016113}",11.2950235
11482103798600,vfr,679,"{""message_type"":""VFR_HUD"",""airspeed"":41.579833984375,""alt"":50.689998626708984}",11.2952481
11482103875000,position,679,"{""message_type"":""GLOBAL_POSITION_INT"",""lat"":469488826,""lon"":393476272}",11.2953245
11482112041300,gimbal,3580,"{""imu_roll"":0.0,""imu_pitch"":-9.99991226196289,""imu_yaw"":29.80783462524414,""frame_roll"":0.0,""frame_pitch"":-9.99991226196289,""frame_yaw"":29.80783462524414,""pitch_speed"":0.0,""yaw_speed"":0.0}",11.3034908
11482113101000,fov,3580,"{""zoom"":12.339999198913574,""hfov"":7.293355464935303,""vfov"":4.106302738189697,""state"":0,""max_aov_h"":90.0,""max_aov_v"":58.71550750732422,""min_aov_h"":1.40625,""min_aov_v"":0.7910428047180176,""max_zoom"":64.0}",11.3045505
11482125914800,target_offset,554,"{""x_angle_offset"":3.669469468295574,""y_angle_offset"":-1.9314831398151537}",11.3173643
11482132382100,gimbal,3581,"{""imu_roll"":0.0,""imu_pitch"":-10.0,""imu_yaw"":29.842641830444336,""frame_roll"":0.0,""frame_pitch"":-10.0,""frame_yaw"":29.842641830444336,""pitch_speed"":0.0,""yaw_speed"":0.0}",11.3238316
11482132668100,fov,3581,"{""zoom"":12.339999198913574,""hfov"":7.293355464935303,""vfov"":4.106302738189697,""state"":0,""max_aov_h"":90.0,""max_aov_v"":58.71550750732422,""min_aov_h"":1.40625,""min_aov_v"":0.7910428047180176,""max_zoom"":64.0}",11.3241176
11482141375200,gimbal,3582,"{""imu_roll"":0.0,""imu_pitch"":-10.0,""imu_yaw"":29.859371185302734,""frame_roll"":0.0,""frame_pitch"":-10.0,""frame_yaw"":29.859371185302734,""pitch_speed"":0.0,""yaw_speed"":0.0}",11.3328247
11482142156900,fov,3582,"{""zoom"":12.339999198913574,""hfov"":7.293355464935303,""vfov"":4.106302738189697,""state"":0,""max_aov_h"":90.0,""max_aov_v"":58.71550750732422,""min_aov_h"":1.40625,""min_aov_v"":0.7910428047180176,""max_zoom"":64.0}",11.3336064
11482154403000,target_offset,555,"{""x_angle_offset"":3.6542749777436256,""y_angle_offset"":-1.9314831398151537}",11.3458525
11482160082800,gimbal,3583,"{""imu_roll"":0.0,""imu_pitch"":-10.0,""imu_yaw"":29.887056350708008,""frame_roll"":0.0,""frame_pitch"":-10.0,""frame_yaw"":29.887056350708008,""pitch_speed"":0.0,""yaw_speed"":0.0}",11.3515323
11482160391000,fov,3583,"{""zoom"":12.339999198913574,""hfov"":7.293355464935303,""vfov"":4.106302738189697,""state"":0,""max_aov_h"":90.0,""max_aov_v"":58.71550750732422,""min_aov_h"":1.40625,""min_aov_v"":0.7910428047180176,""max_zoom"":64.0}",11.3518405
11482163002300,attitude,1359,"{""message_type"":""ATTITUDE"",""time_boot_ms"":130170,""roll"":0.6207939386367798,""pitch"":-0.02581983432173729,""yaw"":-2.2108864784240723,""rollspeed"":0.02190852165222168,""pitchspeed"":0.1981465220451355,""yawspeed"":0.12201929092407227}",11.3544518
11482170428500,gimbal,3584,"{""imu_roll"":0.0,""imu_pitch"":-10.0,""imu_yaw"":29.87313461303711,""frame_roll"":0.0,""frame_pitch"":-10.0,""frame_yaw"":29.87313461303711,""pitch_speed"":0.0,""yaw_speed"":0.0}",11.361878
11482170906500,fov,3584,"{""zoom"":12.339999198913574,""hfov"":7.293355464935303,""vfov"":4.106302738189697,""state"":0,""max_aov_h"":90.0,""max_aov_v"":58.71550750732422,""min_aov_h"":1.40625,""min_aov_v"":0.7910428047180176,""max_zoom"":64.0}",11.362356
11482182430900,gimbal,3585,"{""imu_roll"":0.0,""imu_pitch"":-10.0,""imu_yaw"":29.8454647064209,""frame_roll"":0.0,""frame_pitch"":-10.0,""frame_yaw"":29.8454647064209,""pitch_speed"":0.0,""yaw_speed"":0.0}",11.3738804
11482182696600,fov,3585,"{""zoom"":12.339999198913574,""hfov"":7.293355464935303,""vfov"":4.106302738189697,""state"":0,""max_aov_h"":90.0,""max_aov_v"":58.71550750732422,""min_aov_h"":1.40625,""min_aov_v"":0.7910428047180176,""max_zoom"":64.0}",11.3741461
11482196801800,target_offset,556,"{""x_angle_offset"":3.639080487191677,""y_angle_offset"":-1.916274611155192}",11.3882513
11482201371600,vfr,680,"{""message_type"":""VFR_HUD"",""airspeed"":41.43070983886719,""alt"":50.25}",11.3928211
11482201528300,position,680,"{""message_type"":""GLOBAL_POSITION_INT"",""lat"":469488826,""lon"":393476272}",11.3929778
11482201636200,attitude,1360,"{""message_type"":""ATTITUDE"",""time_boot_ms"":130210,""roll"":0.6214287877082825,""pitch"":-0.022092893719673157,""yaw"":-2.2022082805633545,""rollspeed"":0.019822433590888977,""pitchspeed"":0.19833654165267944,""yawspeed"":0.12097339332103729}",11.3930857
11482202358100,gimbal,3586,"{""imu_roll"":0.0,""imu_pitch"":-10.0,""imu_yaw"":29.87619400024414,""frame_roll"":0.0,""frame_pitch"":-10.0,""frame_yaw"":29.87619400024414,""pitch_speed"":0.0,""yaw_speed"":0.0}",11.3938076
11482202744000,fov,3586,"{""zoom"":12.339999198913574,""hfov"":7.293355464935303,""vfov"":4.106302738189697,""state"":0,""max_aov_h"":90.0,""max_aov_v"":58.71550750732422,""min_aov_h"":1.40625,""min_aov_v"":0.7910428047180176,""max_zoom"":64.0}",11.3941935
11482205317700,range,1255,"{""message_type"":""GLOBAL_VISION_POSITION_ESTIMATE"",""x"":46.9488410949707,""y"":39.3470344543457}",11.3967672
11482213434900,gimbal,3587,"{""imu_roll"":0.0,""imu_pitch"":-10.0,""imu_yaw"":29.860633850097656,""frame_roll"":0.0,""frame_pitch"":-10.0,""frame_yaw"":29.860633850097656,""pitch_speed"":0.0,""yaw_speed"":0.0}",11.4048844
11482213698700,fov,3587,"{""zoom"":12.339999198913574,""hfov"":7.293355464935303,""vfov"":4.106302738189697,""state"":0,""max_aov_h"":90.0,""max_aov_v"":58.71550750732422,""min_aov_h"":1.40625,""min_aov_v"":0.7910428047180176,""max_zoom"":64.0}",11.4051482
11482221764900,range,1256,"{""message_type"":""GLOBAL_VISION_POSITION_ESTIMATE"",""x"":46.9488410949707,""y"":39.3470344543457}",11.4132144
11482224284900,gimbal,3588,"{""imu_roll"":0.0,""imu_pitch"":-10.0,""imu_yaw"":29.831188201904297,""frame_roll"":0.0,""frame_pitch"":-10.0,""frame_yaw"":29.831188201904297,""pitch_speed"":0.0,""yaw_speed"":0.0}",11.4157344
11482224922600,fov,3588,"{""zoom"":12.339999198913574,""hfov"":7.293355464935303,""vfov"":4.106302738189697,""state"":0,""max_aov_h"":90.0,""max_aov_v"":58.71550750732422,""min_aov_h"":1.40625,""min_aov_v"":0.7910428047180176,""max_zoom"":64.0}",11.4163721
11482242696700,target_offset,557,"{""x_angle_offset"":3.631483241915703,""y_angle_offset"":-1.9390874041451347}",11.4341462
11482246544700,gimbal,3589,"{""imu_roll"":0.0,""imu_pitch"":-10.0,""imu_yaw"":29.760297775268555,""frame_roll"":0.0,""frame_pitch"":-10.0,""frame_yaw"":29.760297775268555,""pitch_speed"":0.0,""yaw_speed"":0.0}",11.4379942
11482246823600,fov,3589,"{""zoom"":12.339999198913574,""hfov"":7.293355464935303,""vfov"":4.106302738189697,""state"":0,""max_aov_h"":90.0,""max_aov_v"":58.71550750732422,""min_aov_h"":1.40625,""min_aov_v"":0.7910428047180176,""max_zoom"":64.0}",11.4382731
11482254994400,gimbal,3590,"{""imu_roll"":0.0,""imu_pitch"":-10.0,""imu_yaw"":29.787036895751953,""frame_roll"":0.0,""frame_pitch"":-10.0,""frame_yaw"":29.787036895751953,""pitch_speed"":0.0,""yaw_speed"":0.0}",11.4464439
11482255434300,fov,3590,"{""zoom"":12.339999198913574,""hfov"":7.293355464935303,""vfov"":4.106302738189697,""state"":0,""max_aov_h"":90.0,""max_aov_v"":58.71550750732422,""min_aov_h"":1.40625,""min_aov_v"":0.7910428047180176,""max_zoom"":64.0}",11.4468838
11482264819800,attitude,1361,"{""message_type"":""ATTITUDE"",""time_boot_ms"":130270,""roll"":0.6222014427185059,""pitch"":-0.0162274781614542,""yaw"":-2.189199447631836,""rollspeed"":0.017173700034618378,""pitchspeed"":0.2003616839647293,""yawspeed"":0.11954089254140854}",11.4562693
11482266201700,gimbal,3591,"{""imu_roll"":0.0,""imu_pitch"":-10.0,""imu_yaw"":29.798696517944336,""frame_roll"":0.0,""frame_pitch"":-10.0,""frame_yaw"":29.798696517944336,""pitch_speed"":0.0,""yaw_speed"":0.0}",11.4576512
11482266564700,fov,3591,"{""zoom"":12.339999198913574,""hfov"":7.293355464935303,""vfov"":4.106302738189697,""state"":0,""max_aov_h"":90.0,""max_aov_v"":58.71550750732422,""min_aov_h"":1.40625,""min_aov_v"":0.7910428047180176,""max_zoom"":64.0}",11.4580142
11482279883900,target_offset,558,"{""x_angle_offset"":3.6542749777436256,""y_angle_offset"":-1.923878875485173}",11.4713334
11482285754300,gimbal,3592,"{""imu_roll"":0.0,""imu_pitch"":-10.0,""imu_yaw"":29.83628273010254,""frame_roll"":0.0,""frame_pitch"":-10.0,""frame_yaw"":29.83628273010254,""pitch_speed"":0.0,""yaw_speed"":0.0}",11.4772038
11482286351600,fov,3592,"{""zoom"":12.339999198913574,""hfov"":7.293355464935303,""vfov"":4.106302738189697,""state"":0,""max_aov_h"":90.0,""max_aov_v"":58.71550750732422,""min_aov_h"":1.40625,""min_aov_v"":0.7910428047180176,""max_zoom"":64.0}",11.4778011
11482296501500,gimbal,3593,"{""imu_roll"":0.0,""imu_pitch"":-10.0,""imu_yaw"":29.853778839111328,""frame_roll"":0.0,""frame_pitch"":-10.0,""frame_yaw"":29.853778839111328,""pitch_speed"":0.0,""yaw_speed"":0.0}",11.487951
11482296758600,fov,3593,"{""zoom"":12.339999198913574,""hfov"":7.293355464935303,""vfov"":4.106302738189697,""state"":0,""max_aov_h"":90.0,""max_aov_v"":58.71550750732422,""min_aov_h"":1.40625,""min_aov_v"":0.7910428047180176,""max_zoom"":64.0}",11.4882081
11482308596300,position,681,"{""message_type"":""GLOBAL_POSITION_INT"",""lat"":469488466,""lon"":393475225}",11.5000458
11482308761600,attitude,1362,"{""message_type"":""ATTITUDE"",""time_boot_ms"":130310,""roll"":0.6225652098655701,""pitch"":-0.012029536999762058,""yaw"":-2.1805224418640137,""rollspeed"":0.01537587121129036,""pitchspeed"":0.20106862485408783,""yawspeed"":0.11870177835226059}",11.5002111
11482308994500,vfr,681,"{""message_type"":""VFR_HUD"",""airspeed"":41.262550354003906,""alt"":49.82999801635742}",11.500444
11482309246100,gimbal,3594,"{""imu_roll"":0.0,""imu_pitch"":-10.0,""imu_yaw"":29.85670280456543,""frame_roll"":0.0,""frame_pitch"":-10.0,""frame_yaw"":29.85670280456543,""pitch_speed"":0.0,""yaw_speed"":0.0}",11.5006956
11482309530400,fov,3594,"{""zoom"":12.339999198913574,""hfov"":7.293355464935303,""vfov"":4.106302738189697,""state"":0,""max_aov_h"":90.0,""max_aov_v"":58.71550750732422,""min_aov_h"":1.40625,""min_aov_v"":0.7910428047180176,""max_zoom"":64.0}",11.5009799
11482323247000,target_offset,559,"{""x_angle_offset"":3.6542749777436256,""y_angle_offset"":-1.9010660824952301}",11.5146965
11482327476000,gimbal,3595,"{""imu_roll"":0.0,""imu_pitch"":-10.0,""imu_yaw"":29.88401985168457,""frame_roll"":0.0,""frame_pitch"":-10.0,""frame_yaw"":29.88401985168457,""pitch_speed"":0.0,""yaw_speed"":0.0}",11.5189255
11482327798100,fov,3595,"{""zoom"":12.339999198913574,""hfov"":7.293355464935303,""vfov"":4.106302738189697,""state"":0,""max_aov_h"":90.0,""max_aov_v"":58.71550750732422,""min_aov_h"":1.40625,""min_aov_v"":0.7910428047180176,""max_zoom"":64.0}",11.5192476
11482337014700,gimbal,3596,"{""imu_roll"":0.0,""imu_pitch"":-10.0,""imu_yaw"":29.871597290039062,""frame_roll"":0.0,""frame_pitch"":-10.0,""frame_yaw"":29.871597290039062,""pitch_speed"":0.0,""yaw_speed"":0.0}",11.5284642
11482337829200,fov,3596,"{""zoom"":12.339999198913574,""hfov"":7.293355464935303,""vfov"":4.106302738189697,""state"":0,""max_aov_h"":90.0,""max_aov_v"":58.71550750732422,""min_aov_h"":1.40625,""min_aov_v"":0.7910428047180176,""max_zoom"":64.0}",11.5292787
11482349729500,gimbal,3597,"{""imu_roll"":0.0,""imu_pitch"":-10.0,""imu_yaw"":29.887989044189453,""frame_roll"":0.0,""frame_pitch"":-10.0,""frame_yaw"":29.887989044189453,""pitch_speed"":0.0,""yaw_speed"":0.0}",11.541179
11482350124000,fov,3597,"{""zoom"":12.339999198913574,""hfov"":7.293355464935303,""vfov"":4.106302738189697,""state"":0,""max_aov_h"":90.0,""max_aov_v"":58.71550750732422,""min_aov_h"":1.40625,""min_aov_v"":0.7910428047180176,""max_zoom"":64.0}",11.5415735
11482360312600,range,1257,"{""message_type"":""GLOBAL_VISION_POSITION_ESTIMATE"",""x"":46.94881820678711,""y"":39.34693145751953}",11.5517621
11482363783000,target_offset,560,"{""x_angle_offset"":3.631483241915703,""y_angle_offset"":-1.908670346825211}",11.5552325
11482367611600,range,1258,"{""message_type"":""GLOBAL_VISION_POSITION_ESTIMATE"",""x"":46.94881820678711,""y"":39.34693145751953}",11.5590611
11482368069000,attitude,1363,"{""message_type"":""ATTITUDE"",""time_boot_ms"":130370,""roll"":0.6230071783065796,""pitch"":-0.005676537752151489,""yaw"":-2.1675357818603516,""rollspeed"":0.011695007793605328,""pitchspeed"":0.20197390019893646,""yawspeed"":0.11759000271558762}",11.5595185
11482369337200,gimbal,3598,"{""imu_roll"":0.0,""imu_pitch"":-10.0,""imu_yaw"":29.9102840423584,""frame_roll"":0.0,""frame_pitch"":-10.0,""frame_yaw"":29.9102840423584,""pitch_speed"":0.0,""yaw_speed"":0.0}",11.5607867
11482369744500,fov,3598,"{""zoom"":12.339999198913574,""hfov"":7.293355464935303,""vfov"":4.106302738189697,""state"":0,""max_aov_h"":90.0,""max_aov_v"":58.71550750732422,""min_aov_h"":1.40625,""min_aov_v"":0.7910428047180176,""max_zoom"":64.0}",11.561194
11482382389600,gimbal,3599,"{""imu_roll"":0.0,""imu_pitch"":-10.0,""imu_yaw"":29.89260482788086,""frame_roll"":0.0,""frame_pitch"":-10.0,""frame_yaw"":29.89260482788086,""pitch_speed"":0.0,""yaw_speed"":0.0}",11.5738391
11482383065100,fov,3599,"{""zoom"":12.339999198913574,""hfov"":7.293355464935303,""vfov"":4.106302738189697,""state"":0,""max_aov_h"":90.0,""max_aov_v"":58.71550750732422,""min_aov_h"":1.40625,""min_aov_v"":0.7910428047180176,""max_zoom"":64.0}",11.5745146
11482396666900,target_offset,561,"{""x_angle_offset"":3.6542749777436256,""y_angle_offset"":-1.8630447608453256}",11.5881164
11482401124300,gimbal,3600,"{""imu_roll"":0.0,""imu_pitch"":-10.0,""imu_yaw"":29.913360595703125,""frame_roll"":0.0,""frame_pitch"":-10.0,""frame_yaw"":29.913360595703125,""pitch_speed"":0.0,""yaw_speed"":0.0}",11.5925738
11482401565700,fov,3600,"{""zoom"":12.339999198913574,""hfov"":7.293355464935303,""vfov"":4.106302738189697,""state"":0,""max_aov_h"":90.0,""max_aov_v"":58.71550750732422,""min_aov_h"":1.40625,""min_aov_v"":0.7910428047180176,""max_zoom"":64.0}",11.5930152
11482405026600,position,682,"{""message_type"":""GLOBAL_POSITION_INT"",""lat"":469488466,""lon"":393475225}",11.5964761
11482405170900,attitude,1364,"{""message_type"":""ATTITUDE"",""time_boot_ms"":130410,""roll"":0.6232049465179443,""pitch"":-0.00139802775811404,""yaw"":-2.158878803253174,""rollspeed"":0.008763662539422512,""pitchspeed"":0.20253008604049683,""yawspeed"":0.11684152483940125}",11.5966204
11482405426000,vfr,682,"{""message_type"":""VFR_HUD"",""airspeed"":41.10200881958008,""alt"":49.45000076293945}",11.5968755
11482412697000,gimbal,3601,"{""imu_roll"":0.0,""imu_pitch"":-10.0,""imu_yaw"":29.895963668823242,""frame_roll"":0.0,""frame_pitch"":-10.0,""frame_yaw"":29.895963668823242,""pitch_speed"":0.0,""yaw_speed"":0.0}",11.6041465
11482413068000,fov,3601,"{""zoom"":12.339999198913574,""hfov"":7.293355464935303,""vfov"":4.106302738189697,""state"":0,""max_aov_h"":90.0,""max_aov_v"":58.71550750732422,""min_aov_h"":1.40625,""min_aov_v"":0.7910428047180176,""max_zoom"":64.0}",11.6045175
11482423787900,gimbal,3602,"{""imu_roll"":0.0,""imu_pitch"":-10.0,""imu_yaw"":29.861431121826172,""frame_roll"":0.0,""frame_pitch"":-10.0,""frame_yaw"":29.861431121826172,""pitch_speed"":0.0,""yaw_speed"":0.0}",11.6152374
11482424693200,fov,3602,"{""zoom"":12.339999198913574,""hfov"":7.293355464935303,""vfov"":4.106302738189697,""state"":0,""max_aov_h"":90.0,""max_aov_v"":58.71550750732422,""min_aov_h"":1.40625,""min_aov_v"":0.7910428047180176,""max_zoom"":64.0}",11.6161427
11482439802600,target_offset,562,"{""x_angle_offset"":3.631483241915703,""y_angle_offset"":-1.908670346825211}",11.6312521
11482442767900,gimbal,3603,"{""imu_roll"":0.0,""imu_pitch"":-10.0,""imu_yaw"":29.789958953857422,""frame_roll"":0.0,""frame_pitch"":-10.0,""frame_yaw"":29.789958953857422,""pitch_speed"":0.0,""yaw_speed"":0.0}",11.6342174
11482442980500,fov,3603,"{""zoom"":12.339999198913574,""hfov"":7.293355464935303,""vfov"":4.106302738189697,""state"":0,""max_aov_h"":90.0,""max_aov_v"":58.71550750732422,""min_aov_h"":1.40625,""min_aov_v"":0.7910428047180176,""max_zoom"":64.0}",11.63443
11482452500100,gimbal,3604,"{""imu_roll"":0.0,""imu_pitch"":-10.0,""imu_yaw"":29.811445236206055,""frame_roll"":0.0,""frame_pitch"":-10.0,""frame_yaw"":29.811445236206055,""pitch_speed"":0.0,""yaw_speed"":0.0}",11.6439496
11482452901000,fov,3604,"{""zoom"":12.339999198913574,""hfov"":7.293355464935303,""vfov"":4.106302738189697,""state"":0,""max_aov_h"":90.0,""max_aov_v"":58.71550750732422,""min_aov_h"":1.40625,""min_aov_v"":0.7910428047180176,""max_zoom"":64.0}",11.6443505
11482462877100,attitude,1365,"{""message_type"":""ATTITUDE"",""time_boot_ms"":130470,""roll"":0.6233789324760437,""pitch"":0.005055103916674852,""yaw"":-2.1459224224090576,""rollspeed"":0.005231144838035107,""pitchspeed"":0.20258982479572296,""yawspeed"":0.11601284891366959}",11.6543266
11482464548200,gimbal,3605,"{""imu_roll"":0.0,""imu_pitch"":-10.0,""imu_yaw"":29.81943702697754,""frame_roll"":0.0,""frame_pitch"":-10.0,""frame_yaw"":29.81943702697754,""pitch_speed"":0.0,""yaw_speed"":0.0}",11.6559977
11482464889400,fov,3605,"{""zoom"":12.339999198913574,""hfov"":7.293355464935303,""vfov"":4.106302738189697,""state"":0,""max_aov_h"":90.0,""max_aov_v"":58.71550750732422,""min_aov_h"":1.40625,""min_aov_v"":0.7910428047180176,""max_zoom"":64.0}",11.6563389
11482478329400,target_offset,563,"{""x_angle_offset"":3.6542749777436256,""y_angle_offset"":-1.9542959328050966}",11.6697789
11482484334800,gimbal,3606,"{""imu_roll"":0.0,""imu_pitch"":-10.0,""imu_yaw"":29.853628158569336,""frame_roll"":0.0,""frame_pitch"":-10.0,""frame_yaw"":29.853628158569336,""pitch_speed"":0.0,""yaw_speed"":0.0}",11.6757843
11482484833600,fov,3606,"{""zoom"":12.339999198913574,""hfov"":7.293355464935303,""vfov"":4.106302738189697,""state"":0,""max_aov_h"":90.0,""max_aov_v"":58.71550750732422,""min_aov_h"":1.40625,""min_aov_v"":0.7910428047180176,""max_zoom"":64.0}",11.6762831
11482493216600,gimbal,3607,"{""imu_roll"":0.0,""imu_pitch"":-10.0,""imu_yaw"":29.8403263092041,""frame_roll"":0.0,""frame_pitch"":-10.0,""frame_yaw"":29.8403263092041,""pitch_speed"":0.0,""yaw_speed"":0.0}",11.6846661
11482494031100,fov,3607,"{""zoom"":12.339999198913574,""hfov"":7.293355464935303,""vfov"":4.106302738189697,""state"":0,""max_aov_h"":90.0,""max_aov_v"":58.71550750732422,""min_aov_h"":1.40625,""min_aov_v"":0.7910428047180176,""max_zoom"":64.0}",11.6854806
11482500546200,vfr,683,"{""message_type"":""VFR_HUD"",""airspeed"":40.925289154052734,""alt"":49.119998931884766}",11.6919957
11482500672000,position,683,"{""message_type"":""GLOBAL_POSITION_INT"",""lat"":469488140,""lon"":393474153}",11.6921215
11482500768600,attitude,1366,"{""message_type"":""ATTITUDE"",""time_boot_ms"":130510,""roll"":0.6232365965843201,""pitch"":0.009062688797712326,""yaw"":-2.1372992992401123,""rollspeed"":0.0040919724851846695,""pitchspeed"":0.20290188491344452,""yawspeed"":0.11554168164730072}",11.6922181
11482507255200,gimbal,3608,"{""imu_roll"":0.0,""imu_pitch"":-10.0,""imu_yaw"":29.859729766845703,""frame_roll"":0.0,""frame_pitch"":-10.0,""frame_yaw"":29.859729766845703,""pitch_speed"":0.0,""yaw_speed"":0.0}",11.6987047
11482507635800,fov,3608,"{""zoom"":12.339999198913574,""hfov"":7.293355464935303,""vfov"":4.106302738189697,""state"":0,""max_aov_h"":90.0,""max_aov_v"":58.71550750732422,""min_aov_h"":1.40625,""min_aov_v"":0.7910428047180176,""max_zoom"":64.0}",11.6990853
11482519932700,target_offset,564,"{""x_angle_offset"":3.669469468295574,""y_angle_offset"":-1.9314831398151537}",11.7113822
11482524056500,gimbal,3609,"{""imu_roll"":0.0,""imu_pitch"":-10.0,""imu_yaw"":29.857715606689453,""frame_roll"":0.0,""frame_pitch"":-10.0,""frame_yaw"":29.857715606689453,""pitch_speed"":0.0,""yaw_speed"":0.0}",11.715506
11482524887900,fov,3609,"{""zoom"":12.339999198913574,""hfov"":7.293355464935303,""vfov"":4.106302738189697,""state"":0,""max_aov_h"":90.0,""max_aov_v"":58.71550750732422,""min_aov_h"":1.40625,""min_aov_v"":0.7910428047180176,""max_zoom"":64.0}",11.7163374
11482530802600,range,1259,"{""message_type"":""GLOBAL_VISION_POSITION_ESTIMATE"",""x"":46.94879913330078,""y"":39.346824645996094}",11.7222521
11482535379400,gimbal,3610,"{""imu_roll"":0.0,""imu_pitch"":-10.0,""imu_yaw"":29.87303352355957,""frame_roll"":0.0,""frame_pitch"":-10.0,""frame_yaw"":29.87303352355957,""pitch_speed"":0.0,""yaw_speed"":0.0}",11.7268289
11482535869400,fov,3610,"{""zoom"":12.339999198913574,""hfov"":7.293355464935303,""vfov"":4.106302738189697,""state"":0,""max_aov_h"":90.0,""max_aov_v"":58.71550750732422,""min_aov_h"":1.40625,""min_aov_v"":0.7910428047180176,""max_zoom"":64.0}",11.7273189
11482540584800,range,1260,"{""message_type"":""GLOBAL_VISION_POSITION_ESTIMATE"",""x"":46.94879913330078,""y"":39.346824645996094}",11.7320343
11482547272100,gimbal,3611,"{""imu_roll"":0.0,""imu_pitch"":-10.0,""imu_yaw"":29.888713836669922,""frame_roll"":0.0,""frame_pitch"":-10.0,""frame_yaw"":29.888713836669922,""pitch_speed"":0.0,""yaw_speed"":0.0}",11.7387216
11482547636400,fov,3611,"{""zoom"":12.339999198913574,""hfov"":7.293355464935303,""vfov"":4.106302738189697,""state"":0,""max_aov_h"":90.0,""max_aov_v"":58.71550750732422,""min_aov_h"":1.40625,""min_aov_v"":0.7910428047180176,""max_zoom"":64.0}",11.7390859
11482558739100,attitude,1367,"{""message_type"":""ATTITUDE"",""time_boot_ms"":130570,""roll"":0.6229278445243835,""pitch"":0.015108505263924599,""yaw"":-2.124380588531494,""rollspeed"":0.001057288027368486,""pitchspeed"":0.2027732878923416,""yawspeed"":0.11500438302755356}",11.7501886
11482562141700,target_offset,565,"{""x_angle_offset"":3.6466777324676514,""y_angle_offset"":-1.916274611155192}",11.7535912
11482566728500,gimbal,3612,"{""imu_roll"":0.0,""imu_pitch"":-10.0,""imu_yaw"":29.88102912902832,""frame_roll"":0.0,""frame_pitch"":-10.0,""frame_yaw"":29.88102912902832,""pitch_speed"":0.0,""yaw_speed"":0.0}",11.758178
11482566966300,fov,3612,"{""zoom"":12.339999198913574,""hfov"":7.293355464935303,""vfov"":4.106302738189697,""state"":0,""max_aov_h"":90.0,""max_aov_v"":58.71550750732422,""min_aov_h"":1.40625,""min_aov_v"":0.7910428047180176,""max_zoom"":64.0}",11.7584158
11482578680200,gimbal,3613,"{""imu_roll"":0.0,""imu_pitch"":-10.0,""imu_yaw"":29.893909454345703,""frame_roll"":0.0,""frame_pitch"":-10.0,""frame_yaw"":29.893909454345703,""pitch_speed"":0.0,""yaw_speed"":0.0}",11.7701297
11482578923700,fov,3613,"{""zoom"":12.339999198913574,""hfov"":7.293355464935303,""vfov"":4.106302738189697,""state"":0,""max_aov_h"":90.0,""max_aov_v"":58.71550750732422,""min_aov_h"":1.40625,""min_aov_v"":0.7910428047180176,""max_zoom"":64.0}",11.7703732
11482589385700,gimbal,3614,"{""imu_roll"":0.0,""imu_pitch"":-10.0,""imu_yaw"":29.888525009155273,""frame_roll"":0.0,""frame_pitch"":-10.0,""frame_yaw"":29.888525009155273,""pitch_speed"":0.0,""yaw_speed"":0.0}",11.7808352
11482589943400,fov,3614,"{""zoom"":12.339999198913574,""hfov"":7.293355464935303,""vfov"":4.106302738189697,""state"":0,""max_aov_h"":90.0,""max_aov_v"":58.71550750732422,""min_aov_h"":1.40625,""min_aov_v"":0.7910428047180176,""max_zoom"":64.0}",11.7813929
11482597582900,attitude,1368,"{""message_type"":""ATTITUDE"",""time_boot_ms"":130610,""roll"":0.6226504445075989,""pitch"":0.019091706722974777,""yaw"":-2.1158103942871094,""rollspeed"":-0.00168638548348099,""pitchspeed"":0.20118825137615204,""yawspeed"":0.1148088276386261}",11.7890324
11482597925800,vfr,684,"{""message_type"":""VFR_HUD"",""airspeed"":40.75834655761719,""alt"":48.82999801635742}",11.7893753
11482598016200,position,684,"{""message_type"":""GLOBAL_POSITION_INT"",""lat"":469488140,""lon"":393474153}",11.7894657
11482604055000,target_offset,566,"{""x_angle_offset"":3.6238859966397285,""y_angle_offset"":-1.916274611155192}",11.7955045
11482609597900,gimbal,3615,"{""imu_roll"":0.0,""imu_pitch"":-10.0,""imu_yaw"":29.910140991210938,""frame_roll"":0.0,""frame_pitch"":-10.0,""frame_yaw"":29.910140991210938,""pitch_speed"":0.0,""yaw_speed"":0.0}",11.8010474
11482610108500,fov,3615,"{""zoom"":12.339999198913574,""hfov"":7.293355464935303,""vfov"":4.106302738189697,""state"":0,""max_aov_h"":90.0,""max_aov_v"":58.71550750732422,""min_aov_h"":1.40625,""min_aov_v"":0.7910428047180176,""max_zoom"":64.0}",11.801558
11482619457800,gimbal,3616,"{""imu_roll"":0.0,""imu_pitch"":-10.0,""imu_yaw"":29.919090270996094,""frame_roll"":0.0,""frame_pitch"":-10.0,""frame_yaw"":29.919090270996094,""pitch_speed"":0.0,""yaw_speed"":0.0}",11.8109073
11482619918900,fov,3616,"{""zoom"":12.339999198913574,""hfov"":7.293355464935303,""vfov"":4.106302738189697,""state"":0,""max_aov_h"":90.0,""max_aov_v"":58.71550750732422,""min_aov_h"":1.40625,""min_aov_v"":0.7910428047180176,""max_zoom"":64.0}",11.8113684
11482633818000,target_offset,567,"{""x_angle_offset"":3.669469468295574,""y_angle_offset"":-1.916274611155192}",11.8252675
11482640523800,gimbal,3617,"{""imu_roll"":0.0,""imu_pitch"":-10.0,""imu_yaw"":29.936294555664062,""frame_roll"":0.0,""frame_pitch"":-10.0,""frame_yaw"":29.936294555664062,""pitch_speed"":0.0,""yaw_speed"":0.0}",11.8319733
11482640791500,fov,3617,"{""zoom"":12.339999198913574,""hfov"":7.293355464935303,""vfov"":4.106302738189697,""state"":0,""max_aov_h"":90.0,""max_aov_v"":58.71550750732422,""min_aov_h"":1.40625,""min_aov_v"":0.7910428047180176,""max_zoom"":64.0}",11.832241
11482650847900,gimbal,3618,"{""imu_roll"":0.0,""imu_pitch"":-10.0,""imu_yaw"":29.942413330078125,""frame_roll"":0.0,""frame_pitch"":-10.0,""frame_yaw"":29.942413330078125,""pitch_speed"":0.0,""yaw_speed"":0.0}",11.8422974
11482651261100,fov,3618,"{""zoom"":12.339999198913574,""hfov"":7.293355464935303,""vfov"":4.106302738189697,""state"":0,""max_aov_h"":90.0,""max_aov_v"":58.71550750732422,""min_aov_h"":1.40625,""min_aov_v"":0.7910428047180176,""max_zoom"":64.0}",11.8427106
11482656358800,attitude,1369,"{""message_type"":""ATTITUDE"",""time_boot_ms"":130670,""roll"":0.6221154928207397,""pitch"":0.02504214271903038,""yaw"":-2.102998733520508,""rollspeed"":-0.005045900586992502,""pitchspeed"":0.20021352171897888,""yawspeed"":0.11459541320800781}",11.8478083
11482664706100,gimbal,3619,"{""imu_roll"":0.0,""imu_pitch"":-10.0,""imu_yaw"":29.93440055847168,""frame_roll"":0.0,""frame_pitch"":-10.0,""frame_yaw"":29.93440055847168,""pitch_speed"":0.0,""yaw_speed"":0.0}",11.8561556
11482665076600,fov,3619,"{""zoom"":12.339999198913574,""hfov"":7.293355464935303,""vfov"":4.106302738189697,""state"":0,""max_aov_h"":90.0,""max_aov_v"":58.71550750732422,""min_aov_h"":1.40625,""min_aov_v"":0.7910428047180176,""max_zoom"":64.0}",11.8565261
11482676076700,target_offset,568,"{""x_angle_offset"":3.6466777324676514,""y_angle_offset"":-1.908670346825211}",11.8675262
11482682141100,gimbal,3620,"{""imu_roll"":0.0,""imu_pitch"":-10.0,""imu_yaw"":29.94689178466797,""frame_roll"":0.0,""frame_pitch"":-10.0,""frame_yaw"":29.94689178466797,""pitch_speed"":0.0,""yaw_speed"":0.0}",11.8735906
11482682397700,fov,3620,"{""zoom"":12.339999198913574,""hfov"":7.293355464935303,""vfov"":4.106302738189697,""state"":0,""max_aov_h"":90.0,""max_aov_v"":58.71550750732422,""min_aov_h"":1.40625,""min_aov_v"":0.7910428047180176,""max_zoom"":64.0}",11.8738472
11482687252200,range,1261,"{""message_type"":""GLOBAL_VISION_POSITION_ESTIMATE"",""x"":46.948814392089844,""y"":39.34682083129883}",11.8787017
11482693017300,gimbal,3621,"{""imu_roll"":0.0,""imu_pitch"":-10.0,""imu_yaw"":29.92754554748535,""frame_roll"":0.0,""frame_pitch"":-10.0,""frame_yaw"":29.92754554748535,""pitch_speed"":0.0,""yaw_speed"":0.0}",11.8844668
11482693349300,fov,3621,"{""zoom"":12.339999198913574,""hfov"":7.293355464935303,""vfov"":4.106302738189697,""state"":0,""max_aov_h"":90.0,""max_aov_v"":58.71550750732422,""min_aov_h"":1.40625,""min_aov_v"":0.7910428047180176,""max_zoom"":64.0}",11.8847988
11482695374700,range,1262,"{""message_type"":""GLOBAL_VISION_POSITION_ESTIMATE"",""x"":46.948814392089844,""y"":39.34682083129883}",11.8868242
11482695537900,position,685,"{""message_type"":""GLOBAL_POSITION_INT"",""lat"":469487852,""lon"":393473075}",11.8869874
11482695646500,attitude,1370,"{""message_type"":""ATTITUDE"",""time_boot_ms"":130710,""roll"":0.5908525586128235,""pitch"":0.01466364786028862,""yaw"":-2.0917186737060547,""rollspeed"":-1.3251385688781738,""pitchspeed"":-0.23998457193374634,""yawspeed"":0.5645732283592224}",11.887096
11482695856200,vfr,685,"{""message_type"":""VFR_HUD"",""airspeed"":40.576473236083984,""alt"":48.57999801635742}",11.8873057
11482705615500,gimbal,3622,"{""imu_roll"":0.0,""imu_pitch"":-10.0,""imu_yaw"":29.936647415161133,""frame_roll"":0.0,""frame_pitch"":-10.0,""frame_yaw"":29.936647415161133,""pitch_speed"":0.0,""yaw_speed"":0.0}",11.897065
11482706634200,fov,3622,"{""zoom"":12.339999198913574,""hfov"":7.293355464935303,""vfov"":4.106302738189697,""state"":0,""max_aov_h"":90.0,""max_aov_v"":58.71550750732422,""min_aov_h"":1.40625,""min_aov_v"":0.7910428047180176,""max_zoom"":64.0}",11.8980837
11482721701200,gimbal,3623,"{""imu_roll"":0.0,""imu_pitch"":-10.0,""imu_yaw"":29.947416305541992,""frame_roll"":0.0,""frame_pitch"":-10.0,""frame_yaw"":29.947416305541992,""pitch_speed"":0.0,""yaw_speed"":0.0}",11.9131507
11482722091100,fov,3623,"{""zoom"":12.339999198913574,""hfov"":7.293355464935303,""vfov"":4.106302738189697,""state"":0,""max_aov_h"":90.0,""max_aov_v"":58.71550750732422,""min_aov_h"":1.40625,""min_aov_v"":0.7910428047180176,""max_zoom"":64.0}",11.9135406
11482734709700,gimbal,3624,"{""imu_roll"":0.0,""imu_pitch"":-10.0,""imu_yaw"":29.953575134277344,""frame_roll"":0.0,""frame_pitch"":-10.0,""frame_yaw"":29.953575134277344,""pitch_speed"":0.0,""yaw_speed"":0.0}",11.9261592
11482735149500,fov,3624,"{""zoom"":12.339999198913574,""hfov"":7.293355464935303,""vfov"":4.106302738189697,""state"":0,""max_aov_h"":90.0,""max_aov_v"":58.71550750732422,""min_aov_h"":1.40625,""min_aov_v"":0.7910428047180176,""max_zoom"":64.0}",11.926599
11482744491500,gimbal,3625,"{""imu_roll"":0.0,""imu_pitch"":-10.0,""imu_yaw"":29.958982467651367,""frame_roll"":0.0,""frame_pitch"":-10.0,""frame_yaw"":29.958982467651367,""pitch_speed"":0.0,""yaw_speed"":0.0}",11.935941
11482744813300,fov,3625,"{""zoom"":12.339999198913574,""hfov"":7.293355464935303,""vfov"":4.106302738189697,""state"":0,""max_aov_h"":90.0,""max_aov_v"":58.71550750732422,""min_aov_h"":1.40625,""min_aov_v"":0.7910428047180176,""max_zoom"":64.0}",11.9362628
11482752452900,attitude,1371,"{""message_type"":""ATTITUDE"",""time_boot_ms"":130770,""roll"":0.4892783463001251,""pitch"":-0.03690539300441742,""yaw"":-2.062678337097168,""rollspeed"":-1.3371028900146484,""pitchspeed"":-0.5125705599784851,""yawspeed"":0.8461881875991821}",11.9439024
11482764139100,gimbal,3626,"{""imu_roll"":0.0,""imu_pitch"":-10.0,""imu_yaw"":29.96662712097168,""frame_roll"":0.0,""frame_pitch"":-10.0,""frame_yaw"":29.96662712097168,""pitch_speed"":0.0,""yaw_speed"":0.0}",11.9555886
11482764527200,fov,3626,"{""zoom"":12.339999198913574,""hfov"":7.293355464935303,""vfov"":4.106302738189697,""state"":0,""max_aov_h"":90.0,""max_aov_v"":58.71550750732422,""min_aov_h"":1.40625,""min_aov_v"":0.7910428047180176,""max_zoom"":64.0}",11.9559767
11482774611700,gimbal,3627,"{""imu_roll"":0.0,""imu_pitch"":-10.0,""imu_yaw"":29.970352172851562,""frame_roll"":0.0,""frame_pitch"":-10.0,""frame_yaw"":29.970352172851562,""pitch_speed"":0.0,""yaw_speed"":0.0}",11.9660612
11482775553700,fov,3627,"{""zoom"":12.339999198913574,""hfov"":7.293355464935303,""vfov"":4.106302738189697,""state"":0,""max_aov_h"":90.0,""max_aov_v"":58.71550750732422,""min_aov_h"":1.40625,""min_aov_v"":0.7910428047180176,""max_zoom"":64.0}",11.9670032
11482786407800,gimbal,3628,"{""imu_roll"":0.0,""imu_pitch"":-10.0,""imu_yaw"":29.973609924316406,""frame_roll"":0.0,""frame_pitch"":-10.0,""frame_yaw"":29.973609924316406,""pitch_speed"":0.0,""yaw_speed"":0.0}",11.9778573
11482786847800,fov,3628,"{""zoom"":12.339999198913574,""hfov"":7.293355464935303,""vfov"":4.106302738189697,""state"":0,""max_aov_h"":90.0,""max_aov_v"":58.71550750732422,""min_aov_h"":1.40625,""min_aov_v"":0.7910428047180176,""max_zoom"":64.0}",11.9782973
11482788983600,position,686,"{""message_type"":""GLOBAL_POSITION_INT"",""lat"":469487852,""lon"":393473075}",11.9804331
11482789144400,attitude,1372,"{""message_type"":""ATTITUDE"",""time_boot_ms"":130810,""roll"":0.45150214433670044,""pitch"":-0.06794461607933044,""yaw"":-2.0417628288269043,""rollspeed"":-0.8002034425735474,""pitchspeed"":-0.4401387870311737,""yawspeed"":0.800091028213501}",11.9805939
11482789450300,vfr,686,"{""message_type"":""VFR_HUD"",""airspeed"":40.254051208496094,""alt"":48.38999938964844}",11.9808998
11482805538500,gimbal,3629,"{""imu_roll"":0.0,""imu_pitch"":-10.0,""imu_yaw"":29.978710174560547,""frame_roll"":0.0,""frame_pitch"":-10.0,""frame_yaw"":29.978710174560547,""pitch_speed"":0.0,""yaw_speed"":0.0}",11.996988
11482806025200,fov,3629,"{""zoom"":12.339999198913574,""hfov"":7.293355464935303,""vfov"":4.106302738189697,""state"":0,""max_aov_h"":90.0,""max_aov_v"":58.71550750732422,""min_aov_h"":1.40625,""min_aov_v"":0.7910428047180176,""max_zoom"":64.0}",11.9974747
11482816554500,gimbal,3630,"{""imu_roll"":0.0,""imu_pitch"":-10.0,""imu_yaw"":29.98101806640625,""frame_roll"":0.0,""frame_pitch"":-10.0,""frame_yaw"":29.98101806640625,""pitch_speed"":0.0,""yaw_speed"":0.0}",12.008004
11482816821700,fov,3630,"{""zoom"":12.339999198913574,""hfov"":7.293355464935303,""vfov"":4.106302738189697,""state"":0,""max_aov_h"":90.0,""max_aov_v"":58.71550750732422,""min_aov_h"":1.40625,""min_aov_v"":0.7910428047180176,""max_zoom"":64.0}",12.0082712
11482827841200,gimbal,3631,"{""imu_roll"":0.0,""imu_pitch"":-10.0,""imu_yaw"":29.98332977294922,""frame_roll"":0.0,""frame_pitch"":-10.0,""frame_yaw"":29.98332977294922,""pitch_speed"":0.0,""yaw_speed"":0.0}",12.0192907
11482828141200,fov,3631,"{""zoom"":12.339999198913574,""hfov"":7.293355464935303,""vfov"":4.106302738189697,""state"":0,""max_aov_h"":90.0,""max_aov_v"":58.71550750732422,""min_aov_h"":1.40625,""min_aov_v"":0.7910428047180176,""max_zoom"":64.0}",12.0195907
11482839718000,attitude,1373,"{""message_type"":""ATTITUDE"",""time_boot_ms"":130870,""roll"":0.4176909029483795,""pitch"":-0.10007867962121964,""yaw"":-2.0076820850372314,""rollspeed"":-0.3910857141017914,""pitchspeed"":-0.1586691290140152,""yawspeed"":0.7038230299949646}",12.0311675
11482842411400,range,1263,"{""message_type"":""GLOBAL_VISION_POSITION_ESTIMATE"",""x"":46.948829650878906,""y"":39.34672164916992}",12.0338609
11482846048000,gimbal,3632,"{""imu_roll"":0.0,""imu_pitch"":-10.0,""imu_yaw"":29.98626136779785,""frame_roll"":0.0,""frame_pitch"":-10.0,""frame_yaw"":29.98626136779785,""pitch_speed"":0.0,""yaw_speed"":0.0}",12.0374975
11482846383500,fov,3632,"{""zoom"":12.339999198913574,""hfov"":7.293355464935303,""vfov"":4.106302738189697,""state"":0,""max_aov_h"":90.0,""max_aov_v"":58.71550750732422,""min_aov_h"":1.40625,""min_aov_v"":0.7910428047180176,""max_zoom"":64.0}",12.037833
11482856432900,range,1264,"{""message_type"":""GLOBAL_VISION_POSITION_ESTIMATE"",""x"":46.948829650878906,""y"":39.34672164916992}",12.0478824
11482857525300,gimbal,3633,"{""imu_roll"":0.0,""imu_pitch"":-10.0,""imu_yaw"":29.98788070678711,""frame_roll"":0.0,""frame_pitch"":-10.0,""frame_yaw"":29.98788070678711,""pitch_speed"":0.0,""yaw_speed"":0.0}",12.0489748
11482858103500,fov,3633,"{""zoom"":12.339999198913574,""hfov"":7.293355464935303,""vfov"":4.106302738189697,""state"":0,""max_aov_h"":90.0,""max_aov_v"":58.71550750732422,""min_aov_h"":1.40625,""min_aov_v"":0.7910428047180176,""max_zoom"":64.0}",12.049553
11482869700700,gimbal,3634,"{""imu_roll"":0.0,""imu_pitch"":-10.0,""imu_yaw"":29.989423751831055,""frame_roll"":0.0,""frame_pitch"":-10.0,""frame_yaw"":29.989423751831055,""pitch_speed"":0.0,""yaw_speed"":0.0}",12.0611502
11482870044200,fov,3634,"{""zoom"":12.339999198913574,""hfov"":7.293355464935303,""vfov"":4.106302738189697,""state"":0,""max_aov_h"":90.0,""max_aov_v"":58.71550750732422,""min_aov_h"":1.40625,""min_aov_v"":0.7910428047180176,""max_zoom"":64.0}",12.0614937
11482873115900,attitude,1374,"{""message_type"":""ATTITUDE"",""time_boot_ms"":130910,""roll"":0.40454161167144775,""pitch"":-0.11035358905792236,""yaw"":-1.9836870431900024,""rollspeed"":-0.21836809813976288,""pitchspeed"":0.04197533801198006,""yawspeed"":0.6333354711532593}",12.0645654
11482873513400,vfr,687,"{""message_type"":""VFR_HUD"",""airspeed"":41.860313415527344,""alt"":48.32999801635742}",12.0649629
11482873641400,position,687,"{""message_type"":""GLOBAL_POSITION_INT"",""lat"":469487757,""lon"":393471689}",12.0650909
11482890249400,gimbal,3635,"{""imu_roll"":0.0,""imu_pitch"":-10.0,""imu_yaw"":29.991456985473633,""frame_roll"":0.0,""frame_pitch"":-10.0,""frame_yaw"":29.991456985473633,""pitch_speed"":0.0,""yaw_speed"":0.0}",12.0816989
11482890568700,fov,3635,"{""zoom"":12.339999198913574,""hfov"":7.293355464935303,""vfov"":4.106302738189697,""state"":0,""max_aov_h"":90.0,""max_aov_v"":58.71550750732422,""min_aov_h"":1.40625,""min_aov_v"":0.7910428047180176,""max_zoom"":64.0}",12.0820182
11482900119400,gimbal,3636,"{""imu_roll"":0.0,""imu_pitch"":-10.0,""imu_yaw"":29.99239730834961,""frame_roll"":0.0,""frame_pitch"":-10.0,""frame_yaw"":29.99239730834961,""pitch_speed"":0.0,""yaw_speed"":0.0}",12.0915689
11482900387600,fov,3636,"{""zoom"":12.339999198913574,""hfov"":7.293355464935303,""vfov"":4.106302738189697,""state"":0,""max_aov_h"":90.0,""max_aov_v"":58.71550750732422,""min_aov_h"":1.40625,""min_aov_v"":0.7910428047180176,""max_zoom"":64.0}",12.0918371
11482921092100,gimbal,3637,"{""imu_roll"":0.0,""imu_pitch"":-10.0,""imu_yaw"":29.993896484375,""frame_roll"":0.0,""frame_pitch"":-10.0,""frame_yaw"":29.993896484375,""pitch_speed"":0.0,""yaw_speed"":0.0}",12.1125416
11482921346900,fov,3637,"{""zoom"":12.339999198913574,""hfov"":7.293355464935303,""vfov"":4.106302738189697,""state"":0,""max_aov_h"":90.0,""max_aov_v"":58.71550750732422,""min_aov_h"":1.40625,""min_aov_v"":0.7910428047180176,""max_zoom"":64.0}",12.1127964
11482924993900,attitude,1375,"{""message_type"":""ATTITUDE"",""time_boot_ms"":130970,""roll"":0.40706250071525574,""pitch"":-0.11378978192806244,""yaw"":-1.9486324787139893,""rollspeed"":-0.0293611790984869,""pitchspeed"":0.28108376264572144,""yawspeed"":0.5261480808258057}",12.1164434
11482931327200,gimbal,3638,"{""imu_roll"":0.0,""imu_pitch"":-10.0,""imu_yaw"":29.994537353515625,""frame_roll"":0.0,""frame_pitch"":-10.0,""frame_yaw"":29.994537353515625,""pitch_speed"":0.0,""yaw_speed"":0.0}",12.1227767
11482931614500,fov,3638,"{""zoom"":12.339999198913574,""hfov"":7.293355464935303,""vfov"":4.106302738189697,""state"":0,""max_aov_h"":90.0,""max_aov_v"":58.71550750732422,""min_aov_h"":1.40625,""min_aov_v"":0.7910428047180176,""max_zoom"":64.0}",12.123064
11482942831800,gimbal,3639,"{""imu_roll"":0.0,""imu_pitch"":-10.0,""imu_yaw"":29.99521255493164,""frame_roll"":0.0,""frame_pitch"":-10.0,""frame_yaw"":29.99521255493164,""pitch_speed"":0.0,""yaw_speed"":0.0}",12.1342813
11482943607000,fov,3639,"{""zoom"":12.339999198913574,""hfov"":7.293355464935303,""vfov"":4.106302738189697,""state"":0,""max_aov_h"":90.0,""max_aov_v"":58.71550750732422,""min_aov_h"":1.40625,""min_aov_v"":0.7910428047180176,""max_zoom"":64.0}",12.1350565
11482962922000,gimbal,3640,"{""imu_roll"":0.0,""imu_pitch"":-10.0,""imu_yaw"":29.996110916137695,""frame_roll"":0.0,""frame_pitch"":-10.0,""frame_yaw"":29.996110916137695,""pitch_speed"":0.0,""yaw_speed"":0.0}",12.1543715
11482963318600,vfr,688,"{""message_type"":""VFR_HUD"",""airspeed"":42.78602981567383,""alt"":48.25}",12.1547681
11482963459600,fov,3640,"{""zoom"":12.339999198913574,""hfov"":7.293355464935303,""vfov"":4.106302738189697,""state"":0,""max_aov_h"":90.0,""max_aov_v"":58.71550750732422,""min_aov_h"":1.40625,""min_aov_v"":0.7910428047180176,""max_zoom"":64.0}",12.1549091
11482963607500,position,688,"{""message_type"":""GLOBAL_POSITION_INT"",""lat"":469487757,""lon"":393471689}",12.155057
11482963812600,attitude,1376,"{""message_type"":""ATTITUDE"",""time_boot_ms"":131010,""roll"":0.3939976394176483,""pitch"":-0.11767216771841049,""yaw"":-1.9227744340896606,""rollspeed"":-0.7574921250343323,""pitchspeed"":0.105892114341259,""yawspeed"":0.726398229598999}",12.1552621
11482973178400,gimbal,3641,"{""imu_roll"":0.0,""imu_pitch"":-10.0,""imu_yaw"":29.99652862548828,""frame_roll"":0.0,""frame_pitch"":-10.0,""frame_yaw"":29.99652862548828,""pitch_speed"":0.0,""yaw_speed"":0.0}",12.1646279
11482973443300,fov,3641,"{""zoom"":12.339999198913574,""hfov"":7.293355464935303,""vfov"":4.106302738189697,""state"":0,""max_aov_h"":90.0,""max_aov_v"":58.71550750732422,""min_aov_h"":1.40625,""min_aov_v"":0.7910428047180176,""max_zoom"":64.0}",12.1648928
11482985120700,gimbal,3642,"{""imu_roll"":0.0,""imu_pitch"":-10.0,""imu_yaw"":29.99696159362793,""frame_roll"":0.0,""frame_pitch"":-10.0,""frame_yaw"":29.99696159362793,""pitch_speed"":0.0,""yaw_speed"":0.0}",12.1765702
11482985480200,fov,3642,"{""zoom"":12.339999198913574,""hfov"":7.293355464935303,""vfov"":4.106302738189697,""state"":0,""max_aov_h"":90.0,""max_aov_v"":58.71550750732422,""min_aov_h"":1.40625,""min_aov_v"":0.7910428047180176,""max_zoom"":64.0}",12.1769297
11482998233000,range,1265,"{""message_type"":""GLOBAL_VISION_POSITION_ESTIMATE"",""x"":46.94886016845703,""y"":39.346588134765625}",12.1896825
11483000542600,range,1266,"{""message_type"":""GLOBAL_VISION_POSITION_ESTIMATE"",""x"":46.94886016845703,""y"":39.346588134765625}",12.1919921
11483004463800,gimbal,3643,"{""imu_roll"":0.0,""imu_pitch"":-10.0,""imu_yaw"":29.997535705566406,""frame_roll"":0.0,""frame_pitch"":-10.0,""frame_yaw"":29.997535705566406,""pitch_speed"":0.0,""yaw_speed"":0.0}",12.1959133
11483005444500,fov,3643,"{""zoom"":12.339999198913574,""hfov"":7.293355464935303,""vfov"":4.106302738189697,""state"":0,""max_aov_h"":90.0,""max_aov_v"":58.71550750732422,""min_aov_h"":1.40625,""min_aov_v"":0.7910428047180176,""max_zoom"":64.0}",12.196894
11483017951000,gimbal,3644,"{""imu_roll"":0.0,""imu_pitch"":-10.0,""imu_yaw"":29.997817993164062,""frame_roll"":0.0,""frame_pitch"":-10.0,""frame_yaw"":29.997817993164062,""pitch_speed"":0.0,""yaw_speed"":0.0}",12.2094005
11483018204500,fov,3644,"{""zoom"":12.339999198913574,""hfov"":7.293355464935303,""vfov"":4.106302738189697,""state"":0,""max_aov_h"":90.0,""max_aov_v"":58.71550750732422,""min_aov_h"":1.40625,""min_aov_v"":0.7910428047180176,""max_zoom"":64.0}",12.209654
11483020080700,attitude,1377,"{""message_type"":""ATTITUDE"",""time_boot_ms"":131070,""roll"":0.34592652320861816,""pitch"":-0.13098469376564026,""yaw"":-1.8750706911087036,""rollspeed"":-0.8188219666481018,""pitchspeed"":0.1672115921974182,""yawspeed"":0.8248357772827148}",12.2115302
11483029124000,gimbal,3645,"{""imu_roll"":0.0,""imu_pitch"":-10.0,""imu_yaw"":29.99810028076172,""frame_roll"":0.0,""frame_pitch"":-10.0,""frame_yaw"":29.99810028076172,""pitch_speed"":0.0,""yaw_speed"":0.0}",12.2205735
11483029480100,fov,3645,"{""zoom"":12.339999198913574,""hfov"":7.293355464935303,""vfov"":4.106302738189697,""state"":0,""max_aov_h"":90.0,""max_aov_v"":58.71550750732422,""min_aov_h"":1.40625,""min_aov_v"":0.7910428047180176,""max_zoom"":64.0}",12.2209296
11483047121900,gimbal,3646,"{""imu_roll"":0.0,""imu_pitch"":-10.0,""imu_yaw"":29.99844741821289,""frame_roll"":0.0,""frame_pitch"":-10.0,""frame_yaw"":29.99844741821289,""pitch_speed"":0.0,""yaw_speed"":0.0}",12.2385714
11483048241000,fov,3646,"{""zoom"":12.339999198913574,""hfov"":7.293355464935303,""vfov"":4.106302738189697,""state"":0,""max_aov_h"":90.0,""max_aov_v"":58.71550750732422,""min_aov_h"":1.40625,""min_aov_v"":0.7910428047180176,""max_zoom"":64.0}",12.2396905
11483056771100,attitude,1378,"{""message_type"":""ATTITUDE"",""time_boot_ms"":131110,""roll"":0.3056724965572357,""pitch"":-0.13893593847751617,""yaw"":-1.8380305767059326,""rollspeed"":-1.1270389556884766,""pitchspeed"":0.12985526025295258,""yawspeed"":0.9657592177391052}",12.2482206
11483057024000,vfr,689,"{""message_type"":""VFR_HUD"",""airspeed"":43.22087478637695,""alt"":48.15999984741211}",12.2484735
11483057096500,position,689,"{""message_type"":""GLOBAL_POSITION_INT"",""lat"":469487757,""lon"":393471689}",12.248546
11483059645700,gimbal,3647,"{""imu_roll"":0.0,""imu_pitch"":-10.0,""imu_yaw"":29.998620986938477,""frame_roll"":0.0,""frame_pitch"":-10.0,""frame_yaw"":29.998620986938477,""pitch_speed"":0.0,""yaw_speed"":0.0}",12.2510952
11483060052000,fov,3647,"{""zoom"":12.339999198913574,""hfov"":7.293355464935303,""vfov"":4.106302738189697,""state"":0,""max_aov_h"":90.0,""max_aov_v"":58.71550750732422,""min_aov_h"":1.40625,""min_aov_v"":0.7910428047180176,""max_zoom"":64.0}",12.2515015
11483070385300,gimbal,3648,"{""imu_roll"":0.0,""imu_pitch"":-10.0,""imu_yaw"":29.99879264831543,""frame_roll"":0.0,""frame_pitch"":-10.0,""frame_yaw"":29.99879264831543,""pitch_speed"":0.0,""yaw_speed"":0.0}",12.2618348
11483070612200,fov,3648,"{""zoom"":12.339999198913574,""hfov"":7.293355464935303,""vfov"":4.106302738189697,""state"":0,""max_aov_h"":90.0,""max_aov_v"":58.71550750732422,""min_aov_h"":1.40625,""min_aov_v"":0.7910428047180176,""max_zoom"":64.0}",12.2620617
11483089629900,gimbal,3649,"{""imu_roll"":0.0,""imu_pitch"":-10.0,""imu_yaw"":29.99901580810547,""frame_roll"":0.0,""frame_pitch"":-10.0,""frame_yaw"":29.99901580810547,""pitch_speed"":0.0,""yaw_speed"":0.0}",12.2810794
11483090005200,fov,3649,"{""zoom"":12.339999198913574,""hfov"":7.293355464935303,""vfov"":4.106302738189697,""state"":0,""max_aov_h"":90.0,""max_aov_v"":58.71550750732422,""min_aov_h"":1.40625,""min_aov_v"":0.7910428047180176,""max_zoom"":64.0}",12.2814547
11483100775300,gimbal,3650,"{""imu_roll"":0.0,""imu_pitch"":-10.0,""imu_yaw"":29.999134063720703,""frame_roll"":0.0,""frame_pitch"":-10.0,""frame_yaw"":29.999134063720703,""pitch_speed"":0.0,""yaw_speed"":0.0}",12.2922248
11483101008800,fov,3650,"{""zoom"":12.339999198913574,""hfov"":7.293355464935303,""vfov"":4.106302738189697,""state"":0,""max_aov_h"":90.0,""max_aov_v"":58.71550750732422,""min_aov_h"":1.40625,""min_aov_v"":0.7910428047180176,""max_zoom"":64.0}",12.2924583
11483108799600,attitude,1379,"{""message_type"":""ATTITUDE"",""time_boot_ms"":131170,""roll"":0.236126109957695,""pitch"":-0.10201406478881836,""yaw"":-1.761765480041504,""rollspeed"":-1.201603651046753,""pitchspeed"":1.8518943786621094,""yawspeed"":1.1160218715667725}",12.3002491
11483119728700,gimbal,3651,"{""imu_roll"":0.0,""imu_pitch"":-10.0,""imu_yaw"":29.999296188354492,""frame_roll"":0.0,""frame_pitch"":-10.0,""frame_yaw"":29.999296188354492,""pitch_speed"":0.0,""yaw_speed"":0.0}",12.3111782
11483120092700,fov,3651,"{""zoom"":12.339999198913574,""hfov"":7.293355464935303,""vfov"":4.106302738189697,""state"":0,""max_aov_h"":90.0,""max_aov_v"":58.71550750732422,""min_aov_h"":1.40625,""min_aov_v"":0.7910428047180176,""max_zoom"":64.0}",12.3115422
11483132845400,gimbal,3652,"{""imu_roll"":0.0,""imu_pitch"":-10.0,""imu_yaw"":29.9993839263916,""frame_roll"":0.0,""frame_pitch"":-10.0,""frame_yaw"":29.9993839263916,""pitch_speed"":0.0,""yaw_speed"":0.0}",12.3242949
11483133546100,fov,3652,"{""zoom"":12.339999198913574,""hfov"":7.293355464935303,""vfov"":4.106302738189697,""state"":0,""max_aov_h"":90.0,""max_aov_v"":58.71550750732422,""min_aov_h"":1.40625,""min_aov_v"":0.7910428047180176,""max_zoom"":64.0}",12.3249956
11483147478500,position,690,"{""message_type"":""GLOBAL_POSITION_INT"",""lat"":469487942,""lon"":393470177}",12.338928
11483147694800,attitude,1380,"{""message_type"":""ATTITUDE"",""time_boot_ms"":131210,""roll"":0.20072224736213684,""pitch"":-0.036711208522319794,""yaw"":-1.7011419534683228,""rollspeed"":-0.9986644387245178,""pitchspeed"":1.9032416343688965,""yawspeed"":1.1322077512741089}",12.3391443
11483148065900,vfr,690,"{""message_type"":""VFR_HUD"",""airspeed"":43.24095916748047,""alt"":48.03999710083008}",12.3395154
11483148468100,gimbal,3653,"{""imu_roll"":0.0,""imu_pitch"":-10.0,""imu_yaw"":29.99947166442871,""frame_roll"":0.0,""frame_pitch"":-10.0,""frame_yaw"":29.99947166442871,""pitch_speed"":0.0,""yaw_speed"":0.0}",12.3399176
11483148703500,fov,3653,"{""zoom"":12.339999198913574,""hfov"":7.293355464935303,""vfov"":4.106302738189697,""state"":0,""max_aov_h"":90.0,""max_aov_v"":58.71550750732422,""min_aov_h"":1.40625,""min_aov_v"":0.7910428047180176,""max_zoom"":64.0}",12.340153
11483168152400,range,1267,"{""message_type"":""GLOBAL_VISION_POSITION_ESTIMATE"",""x"":47.11017608642578,""y"":38.80254364013672}",12.3596019
11483177546800,gimbal,3654,"{""imu_roll"":0.0,""imu_pitch"":-10.0,""imu_yaw"":29.999637603759766,""frame_roll"":0.0,""frame_pitch"":-10.0,""frame_yaw"":29.999637603759766,""pitch_speed"":0.0,""yaw_speed"":0.0}",12.3689963
11483177804700,fov,3654,"{""zoom"":12.339999198913574,""hfov"":7.293355464935303,""vfov"":4.106302738189697,""state"":0,""max_aov_h"":90.0,""max_aov_v"":58.71550750732422,""min_aov_h"":1.40625,""min_aov_v"":0.7910428047180176,""max_zoom"":64.0}",12.3692542
11483190866500,gimbal,3655,"{""imu_roll"":0.0,""imu_pitch"":-10.0,""imu_yaw"":29.999685287475586,""frame_roll"":0.0,""frame_pitch"":-10.0,""frame_yaw"":29.999685287475586,""pitch_speed"":0.0,""yaw_speed"":0.0}",12.382316
11483191190800,fov,3655,"{""zoom"":12.339999198913574,""hfov"":7.293355464935303,""vfov"":4.106302738189697,""state"":0,""max_aov_h"":90.0,""max_aov_v"":58.71550750732422,""min_aov_h"":1.40625,""min_aov_v"":0.7910428047180176,""max_zoom"":64.0}",12.3826403
11483197899700,range,1268,"{""message_type"":""GLOBAL_VISION_POSITION_ESTIMATE"",""x"":47.11017608642578,""y"":38.80254364013672}",12.3893492
11483203639600,gimbal,3656,"{""imu_roll"":0.0,""imu_pitch"":-10.0,""imu_yaw"":29.999727249145508,""frame_roll"":0.0,""frame_pitch"":-10.0,""frame_yaw"":29.999727249145508,""pitch_speed"":0.0,""yaw_speed"":0.0}",12.3950891
11483204179600,fov,3656,"{""zoom"":12.339999198913574,""hfov"":7.293355464935303,""vfov"":4.106302738189697,""state"":0,""max_aov_h"":90.0,""max_aov_v"":58.71550750732422,""min_aov_h"":1.40625,""min_aov_v"":0.7910428047180176,""max_zoom"":64.0}",12.3956291
11483217920900,attitude,1381,"{""message_type"":""ATTITUDE"",""time_boot_ms"":131270,""roll"":0.17808546125888824,""pitch"":0.03621683642268181,""yaw"":-1.6211607456207275,""rollspeed"":-0.48148587346076965,""pitchspeed"":1.3410460948944092,""yawspeed"":1.0613576173782349}",12.4093704
11483223930500,gimbal,3657,"{""imu_roll"":0.0,""imu_pitch"":-10.0,""imu_yaw"":29.99977684020996,""frame_roll"":0.0,""frame_pitch"":-10.0,""frame_yaw"":29.99977684020996,""pitch_speed"":0.0,""yaw_speed"":0.0}",12.41538
11483224216700,fov,3657,"{""zoom"":12.339999198913574,""hfov"":7.293355464935303,""vfov"":4.106302738189697,""state"":0,""max_aov_h"":90.0,""max_aov_v"":58.71550750732422,""min_aov_h"":1.40625,""min_aov_v"":0.7910428047180176,""max_zoom"":64.0}",12.4156662
11483241246600,gimbal,3658,"{""imu_roll"":0.0,""imu_pitch"":-10.0,""imu_yaw"":29.999818801879883,""frame_roll"":0.0,""frame_pitch"":-10.0,""frame_yaw"":29.999818801879883,""pitch_speed"":0.0,""yaw_speed"":0.0}",12.4326961
11483241635900,fov,3658,"{""zoom"":12.339999198913574,""hfov"":7.293355464935303,""vfov"":4.106302738189697,""state"":0,""max_aov_h"":90.0,""max_aov_v"":58.71550750732422,""min_aov_h"":1.40625,""min_aov_v"":0.7910428047180176,""max_zoom"":64.0}",12.4330854
11483253345900,gimbal,3659,"{""imu_roll"":0.0,""imu_pitch"":-10.0,""imu_yaw"":29.999841690063477,""frame_roll"":0.0,""frame_pitch"":-10.0,""frame_yaw"":29.999841690063477,""pitch_speed"":0.0,""yaw_speed"":0.0}",12.4447954
11483253776800,fov,3659,"{""zoom"":12.339999198913574,""hfov"":7.293355464935303,""vfov"":4.106302738189697,""state"":0,""max_aov_h"":90.0,""max_aov_v"":58.71550750732422,""min_aov_h"":1.40625,""min_aov_v"":0.7910428047180176,""max_zoom"":64.0}",12.4452263
11483255807000,position,691,"{""message_type"":""GLOBAL_POSITION_INT"",""lat"":469487942,""lon"":393470177}",12.4472565
11483255935200,attitude,1382,"{""message_type"":""ATTITUDE"",""time_boot_ms"":131310,""roll"":0.18009819090366364,""pitch"":0.0676819458603859,""yaw"":-1.57375168800354,""rollspeed"":-0.20046861469745636,""pitchspeed"":0.9799599051475525,""yawspeed"":1.007574439048767}",12.4473847
11483256146500,vfr,691,"{""message_type"":""VFR_HUD"",""airspeed"":42.8902702331543,""alt"":47.98999786376953}",12.447596
11483267148600,gimbal,3660,"{""imu_roll"":0.0,""imu_pitch"":-10.0,""imu_yaw"":29.999862670898438,""frame_roll"":0.0,""frame_pitch"":-10.0,""frame_yaw"":29.999862670898438,""pitch_speed"":0.0,""yaw_speed"":0.0}",12.4585981
11483267544500,fov,3660,"{""zoom"":12.339999198913574,""hfov"":7.293355464935303,""vfov"":4.106302738189697,""state"":0,""max_aov_h"":90.0,""max_aov_v"":58.71550750732422,""min_aov_h"":1.40625,""min_aov_v"":0.7910428047180176,""max_zoom"":64.0}",12.458994
11483286343000,gimbal,3661,"{""imu_roll"":0.0,""imu_pitch"":-10.0,""imu_yaw"":29.999887466430664,""frame_roll"":0.0,""frame_pitch"":-10.0,""frame_yaw"":29.999887466430664,""pitch_speed"":0.0,""yaw_speed"":0.0}",12.4777925
11483287854900,fov,3661,"{""zoom"":12.339999198913574,""hfov"":7.293355464935303,""vfov"":4.106302738189697,""state"":0,""max_aov_h"":90.0,""max_aov_v"":58.71550750732422,""min_aov_h"":1.40625,""min_aov_v"":0.7910428047180176,""max_zoom"":64.0}",12.4793044
11483299803900,gimbal,3662,"{""imu_roll"":0.0,""imu_pitch"":-10.0,""imu_yaw"":29.999900817871094,""frame_roll"":0.0,""frame_pitch"":-10.0,""frame_yaw"":29.999900817871094,""pitch_speed"":0.0,""yaw_speed"":0.0}",12.4912534
11483300329000,fov,3662,"{""zoom"":12.339999198913574,""hfov"":7.293355464935303,""vfov"":4.106302738189697,""state"":0,""max_aov_h"":90.0,""max_aov_v"":58.71550750732422,""min_aov_h"":1.40625,""min_aov_v"":0.7910428047180176,""max_zoom"":64.0}",12.4917785
11483309148200,gimbal,3663,"{""imu_roll"":0.0,""imu_pitch"":-10.0,""imu_yaw"":30.0,""frame_roll"":0.0,""frame_pitch"":-10.0,""frame_yaw"":30.0,""pitch_speed"":0.0,""yaw_speed"":0.0}",12.5005977
11483309550800,fov,3663,"{""zoom"":12.339999198913574,""hfov"":7.293355464935303,""vfov"":4.106302738189697,""state"":0,""max_aov_h"":90.0,""max_aov_v"":58.71550750732422,""min_aov_h"":1.40625,""min_aov_v"":0.7910428047180176,""max_zoom"":64.0}",12.5010003
11483312339800,attitude,1383,"{""message_type"":""ATTITUDE"",""time_boot_ms"":131370,""roll"":0.1975323110818863,""pitch"":0.09343450516462326,""yaw"":-1.5101559162139893,""rollspeed"":0.16372138261795044,""pitchspeed"":0.5519673824310303,""yawspeed"":0.9237592816352844}",12.5037893
11483323170300,range,1269,"{""message_type"":""GLOBAL_VISION_POSITION_ESTIMATE"",""x"":47.17995071411133,""y"":38.8593635559082}",12.5146198
11483327264500,gimbal,3664,"{""imu_roll"":0.0,""imu_pitch"":-10.0,""imu_yaw"":30.0,""frame_roll"":0.0,""frame_pitch"":-10.0,""frame_yaw"":30.0,""pitch_speed"":0.0,""yaw_speed"":0.0}",12.518714
11483327720800,fov,3664,"{""zoom"":12.339999198913574,""hfov"":7.293355464935303,""vfov"":4.106302738189697,""state"":0,""max_aov_h"":90.0,""max_aov_v"":58.71550750732422,""min_aov_h"":1.40625,""min_aov_v"":0.7910428047180176,""max_zoom"":64.0}",12.5191703
11483331692500,range,1270,"{""message_type"":""GLOBAL_VISION_POSITION_ESTIMATE"",""x"":47.17995071411133,""y"":38.8593635559082}",12.523142
11483336004900,gimbal,3665,"{""imu_roll"":0.0,""imu_pitch"":-10.0,""imu_yaw"":30.0,""frame_roll"":0.0,""frame_pitch"":-10.0,""frame_yaw"":30.0,""pitch_speed"":0.0,""yaw_speed"":0.0}",12.5274544
11483336351900,fov,3665,"{""zoom"":12.339999198913574,""hfov"":7.293355464935303,""vfov"":4.106302738189697,""state"":0,""max_aov_h"":90.0,""max_aov_v"":58.71550750732422,""min_aov_h"":1.40625,""min_aov_v"":0.7910428047180176,""max_zoom"":64.0}",12.5278014
11483348597400,attitude,1384,"{""message_type"":""ATTITUDE"",""time_boot_ms"":131410,""roll"":0.21197053790092468,""pitch"":0.09928671270608902,""yaw"":-1.4724111557006836,""rollspeed"":0.3550596833229065,""pitchspeed"":0.3023760914802551,""yawspeed"":0.8671486973762512}",12.5400469
11483348923800,vfr,692,"{""message_type"":""VFR_HUD"",""airspeed"":42.417236328125,""alt"":48.099998474121094}",12.5403733
11483349036100,position,692,"{""message_type"":""GLOBAL_POSITION_INT"",""lat"":469488739,""lon"":393468887}",12.5404856
11483355628200,gimbal,3666,"{""imu_roll"":0.0,""imu_pitch"":-10.0,""imu_yaw"":30.0,""frame_roll"":0.0,""frame_pitch"":-10.0,""frame_yaw"":30.0,""pitch_speed"":0.0,""yaw_speed"":0.0}",12.5470777
11483355891000,fov,3666,"{""zoom"":12.339999198913574,""hfov"":7.293355464935303,""vfov"":4.106302738189697,""state"":0,""max_aov_h"":90.0,""max_aov_v"":58.71550750732422,""min_aov_h"":1.40625,""min_aov_v"":0.7910428047180176,""max_zoom"":64.0}",12.5473405
11483366117700,gimbal,3667,"{""imu_roll"":0.0,""imu_pitch"":-10.0,""imu_yaw"":30.0,""frame_roll"":0.0,""frame_pitch"":-10.0,""frame_yaw"":30.0,""pitch_speed"":0.0,""yaw_speed"":0.0}",12.5575672
11483366429300,fov,3667,"{""zoom"":12.339999198913574,""hfov"":7.293355464935303,""vfov"":4.106302738189697,""state"":0,""max_aov_h"":90.0,""max_aov_v"":58.71550750732422,""min_aov_h"":1.40625,""min_aov_v"":0.7910428047180176,""max_zoom"":64.0}",12.5578788
11483377622600,gimbal,3668,"{""imu_roll"":0.0,""imu_pitch"":-10.0,""imu_yaw"":30.0,""frame_roll"":0.0,""frame_pitch"":-10.0,""frame_yaw"":30.0,""pitch_speed"":0.0,""yaw_speed"":0.0}",12.5690721
11483378373600,fov,3668,"{""zoom"":12.339999198913574,""hfov"":7.293355464935303,""vfov"":4.106302738189697,""state"":0,""max_aov_h"":90.0,""max_aov_v"":58.71550750732422,""min_aov_h"":1.40625,""min_aov_v"":0.7910428047180176,""max_zoom"":64.0}",12.5698231
11483395775800,gimbal,3669,"{""imu_roll"":0.0,""imu_pitch"":-10.0,""imu_yaw"":30.0,""frame_roll"":0.0,""frame_pitch"":-10.0,""frame_yaw"":30.0,""pitch_speed"":0.0,""yaw_speed"":0.0}",12.5872253
11483396289700,fov,3669,"{""zoom"":12.339999198913574,""hfov"":7.293355464935303,""vfov"":4.106302738189697,""state"":0,""max_aov_h"":90.0,""max_aov_v"":58.71550750732422,""min_aov_h"":1.40625,""min_aov_v"":0.7910428047180176,""max_zoom"":64.0}",12.5877392
11483406404500,gimbal,3670,"{""imu_roll"":0.0,""imu_pitch"":-10.0,""imu_yaw"":30.0,""frame_roll"":0.0,""frame_pitch"":-10.0,""frame_yaw"":30.0,""pitch_speed"":0.0,""yaw_speed"":0.0}",12.597854
11483406830100,fov,3670,"{""zoom"":12.339999198913574,""hfov"":7.293355464935303,""vfov"":4.106302738189697,""state"":0,""max_aov_h"":90.0,""max_aov_v"":58.71550750732422,""min_aov_h"":1.40625,""min_aov_v"":0.7910428047180176,""max_zoom"":64.0}",12.5982796
11483415994200,attitude,1385,"{""message_type"":""ATTITUDE"",""time_boot_ms"":131470,""roll"":0.24428167939186096,""pitch"":0.0906396433711052,""yaw"":-1.4238224029541016,""rollspeed"":0.5687440037727356,""pitchspeed"":-0.03974992781877518,""yawspeed"":0.7833505868911743}",12.6074437
11483418023000,gimbal,3671,"{""imu_roll"":0.0,""imu_pitch"":-10.0,""imu_yaw"":30.0,""frame_roll"":0.0,""frame_pitch"":-10.0,""frame_yaw"":30.0,""pitch_speed"":0.0,""yaw_speed"":0.0}",12.6094725
11483418456400,fov,3671,"{""zoom"":12.339999198913574,""hfov"":7.293355464935303,""vfov"":4.106302738189697,""state"":0,""max_aov_h"":90.0,""max_aov_v"":58.71550750732422,""min_aov_h"":1.40625,""min_aov_v"":0.7910428047180176,""max_zoom"":64.0}",12.6099059
11483435886000,gimbal,3672,"{""imu_roll"":0.0,""imu_pitch"":-10.0,""imu_yaw"":30.0,""frame_roll"":0.0,""frame_pitch"":-10.0,""frame_yaw"":30.0,""pitch_speed"":0.0,""yaw_speed"":0.0}",12.6273355
11483436248000,fov,3672,"{""zoom"":12.339999198913574,""hfov"":7.293355464935303,""vfov"":4.106302738189697,""state"":0,""max_aov_h"":90.0,""max_aov_v"":58.71550750732422,""min_aov_h"":1.40625,""min_aov_v"":0.7910428047180176,""max_zoom"":64.0}",12.6276975
11483448484600,gimbal,3673,"{""imu_roll"":0.0,""imu_pitch"":-10.0,""imu_yaw"":30.0,""frame_roll"":0.0,""frame_pitch"":-10.0,""frame_yaw"":30.0,""pitch_speed"":0.0,""yaw_speed"":0.0}",12.6399341
11483448750600,fov,3673,"{""zoom"":12.339999198913574,""hfov"":7.293355464935303,""vfov"":4.106302738189697,""state"":0,""max_aov_h"":90.0,""max_aov_v"":58.71550750732422,""min_aov_h"":1.40625,""min_aov_v"":0.7910428047180176,""max_zoom"":64.0}",12.6402001
11483451290000,position,693,"{""message_type"":""GLOBAL_POSITION_INT"",""lat"":469488739,""lon"":393468887}",12.6427395
11483451441100,attitude,1386,"{""message_type"":""ATTITUDE"",""time_boot_ms"":131510,""roll"":0.27033689618110657,""pitch"":0.07441645860671997,""yaw"":-1.3970792293548584,""rollspeed"":0.6632310152053833,""pitchspeed"":-0.24259521067142487,""yawspeed"":0.7288974523544312}",12.6428906
11483451809900,vfr,693,"{""message_type"":""VFR_HUD"",""airspeed"":41.85417175292969,""alt"":48.43000030517578}",12.6432594
11483459711500,gimbal,3674,"{""imu_roll"":0.0,""imu_pitch"":-10.0,""imu_yaw"":30.0,""frame_roll"":0.0,""frame_pitch"":-10.0,""frame_yaw"":30.0,""pitch_speed"":0.0,""yaw_speed"":0.0}",12.651161
11483460009700,fov,3674,"{""zoom"":12.339999198913574,""hfov"":7.293355464935303,""vfov"":4.106302738189697,""state"":0,""max_aov_h"":90.0,""max_aov_v"":58.71550750732422,""min_aov_h"":1.40625,""min_aov_v"":0.7910428047180176,""max_zoom"":64.0}",12.6514592
11483477396400,gimbal,3675,"{""imu_roll"":0.0,""imu_pitch"":-10.0,""imu_yaw"":30.0,""frame_roll"":0.0,""frame_pitch"":-10.0,""frame_yaw"":30.0,""pitch_speed"":0.0,""yaw_speed"":0.0}",12.6688459
11483478250200,fov,3675,"{""zoom"":12.339999198913574,""hfov"":7.293355464935303,""vfov"":4.106302738189697,""state"":0,""max_aov_h"":90.0,""max_aov_v"":58.71550750732422,""min_aov_h"":1.40625,""min_aov_v"":0.7910428047180176,""max_zoom"":64.0}",12.6696997
11483478460200,range,1271,"{""message_type"":""GLOBAL_VISION_POSITION_ESTIMATE"",""x"":47.216270446777344,""y"":38.90078353881836}",12.6699097
11483488463600,range,1272,"{""message_type"":""GLOBAL_VISION_POSITION_ESTIMATE"",""x"":47.216270446777344,""y"":38.90078353881836}",12.6799131
11483488756000,gimbal,3676,"{""imu_roll"":0.0,""imu_pitch"":-10.0,""imu_yaw"":30.0,""frame_roll"":0.0,""frame_pitch"":-10.0,""frame_yaw"":30.0,""pitch_speed"":0.0,""yaw_speed"":0.0}",12.6802055
11483489124100,fov,3676,"{""zoom"":12.339999198913574,""hfov"":7.293355464935303,""vfov"":4.106302738189697,""state"":0,""max_aov_h"":90.0,""max_aov_v"":58.71550750732422,""min_aov_h"":1.40625,""min_aov_v"":0.7910428047180176,""max_zoom"":64.0}",12.6805736
11483500260900,gimbal,3677,"{""imu_roll"":0.0,""imu_pitch"":-10.0,""imu_yaw"":30.0,""frame_roll"":0.0,""frame_pitch"":-10.0,""frame_yaw"":30.0,""pitch_speed"":0.0,""yaw_speed"":0.0}",12.6917104
11483500635700,fov,3677,"{""zoom"":12.339999198913574,""hfov"":7.293355464935303,""vfov"":4.106302738189697,""state"":0,""max_aov_h"":90.0,""max_aov_v"":58.71550750732422,""min_aov_h"":1.40625,""min_aov_v"":0.7910428047180176,""max_zoom"":64.0}",12.6920852
11483505462700,attitude,1387,"{""message_type"":""ATTITUDE"",""time_boot_ms"":131570,""roll"":0.31184378266334534,""pitch"":0.039794038981199265,""yaw"":-1.3645412921905518,""rollspeed"":0.7128472924232483,""pitchspeed"":-0.39517346024513245,""yawspeed"":0.65810227394104}",12.6969122
11483518765800,gimbal,3678,"{""imu_roll"":0.0,""imu_pitch"":-10.0,""imu_yaw"":30.0,""frame_roll"":0.0,""frame_pitch"":-10.0,""frame_yaw"":30.0,""pitch_speed"":0.0,""yaw_speed"":0.0}",12.7102153
11483519118900,fov,3678,"{""zoom"":12.339999198913574,""hfov"":7.293355464935303,""vfov"":4.106302738189697,""state"":0,""max_aov_h"":90.0,""max_aov_v"":58.71550750732422,""min_aov_h"":1.40625,""min_aov_v"":0.7910428047180176,""max_zoom"":64.0}",12.7105684
11483530489700,gimbal,3679,"{""imu_roll"":0.0,""imu_pitch"":-10.0,""imu_yaw"":30.0,""frame_roll"":0.0,""frame_pitch"":-10.0,""frame_yaw"":30.0,""pitch_speed"":0.0,""yaw_speed"":0.0}",12.7219392
11483530769500,fov,3679,"{""zoom"":12.339999198913574,""hfov"":7.293355464935303,""vfov"":4.106302738189697,""state"":0,""max_aov_h"":90.0,""max_aov_v"":58.71550750732422,""min_aov_h"":1.40625,""min_aov_v"":0.7910428047180176,""max_zoom"":64.0}",12.722219
11483540796400,gimbal,3680,"{""imu_roll"":0.0,""imu_pitch"":-10.0,""imu_yaw"":30.0,""frame_roll"":0.0,""frame_pitch"":-10.0,""frame_yaw"":30.0,""pitch_speed"":0.0,""yaw_speed"":0.0}",12.7322459
11483541263500,fov,3680,"{""zoom"":12.339999198913574,""hfov"":7.293355464935303,""vfov"":4.106302738189697,""state"":0,""max_aov_h"":90.0,""max_aov_v"":58.71550750732422,""min_aov_h"":1.40625,""min_aov_v"":0.7910428047180176,""max_zoom"":64.0}",12.732713
11483560873100,gimbal,3681,"{""imu_roll"":0.0,""imu_pitch"":-10.0,""imu_yaw"":30.0,""frame_roll"":0.0,""frame_pitch"":-10.0,""frame_yaw"":30.0,""pitch_speed"":0.0,""yaw_speed"":0.0}",12.7523226
11483561731500,fov,3681,"{""zoom"":12.339999198913574,""hfov"":7.293355464935303,""vfov"":4.106302738189697,""state"":0,""max_aov_h"":90.0,""max_aov_v"":58.71550750732422,""min_aov_h"":1.40625,""min_aov_v"":0.7910428047180176,""max_zoom"":64.0}",12.753181
11483562395700,attitude,1388,"{""message_type"":""ATTITUDE"",""time_boot_ms"":131610,""roll"":0.34866395592689514,""pitch"":0.016827842220664024,""yaw"":-1.3454843759536743,""rollspeed"":0.6963204145431519,""pitchspeed"":-0.4033777117729187,""yawspeed"":0.6187750697135925}",12.7538452
11483562651400,vfr,694,"{""message_type"":""VFR_HUD"",""airspeed"":41.22330093383789,""alt"":48.98999786376953}",12.7541009
11483562750000,position,694,"{""message_type"":""GLOBAL_POSITION_INT"",""lat"":469489329,""lon"":393467896}",12.7541995
11483572474200,gimbal,3682,"{""imu_roll"":0.0,""imu_pitch"":-10.0,""imu_yaw"":30.0,""frame_roll"":0.0,""frame_pitch"":-10.0,""frame_yaw"":30.0,""pitch_speed"":0.0,""yaw_speed"":0.0}",12.7639237
11483572960300,fov,3682,"{""zoom"":12.339999198913574,""hfov"":7.293355464935303,""vfov"":4.106302738189697,""state"":0,""max_aov_h"":90.0,""max_aov_v"":58.71550750732422,""min_aov_h"":1.40625,""min_aov_v"":0.7910428047180176,""max_zoom"":64.0}",12.7644098
11483585085300,gimbal,3683,"{""imu_roll"":0.0,""imu_pitch"":-10.0,""imu_yaw"":30.0,""frame_roll"":0.0,""frame_pitch"":-10.0,""frame_yaw"":30.0,""pitch_speed"":0.0,""yaw_speed"":0.0}",12.7765348
11483585569500,fov,3683,"{""zoom"":12.339999198913574,""hfov"":7.293355464935303,""vfov"":4.106302738189697,""state"":0,""max_aov_h"":90.0,""max_aov_v"":58.71550750732422,""min_aov_h"":1.40625,""min_aov_v"":0.7910428047180176,""max_zoom"":64.0}",12.777019
11483603997200,gimbal,3684,"{""imu_roll"":0.0,""imu_pitch"":-10.0,""imu_yaw"":30.0,""frame_roll"":0.0,""frame_pitch"":-10.0,""frame_yaw"":30.0,""pitch_speed"":0.0,""yaw_speed"":0.0}",12.7954467
11483604365900,fov,3684,"{""zoom"":12.339999198913574,""hfov"":7.293355464935303,""vfov"":4.106302738189697,""state"":0,""max_aov_h"":90.0,""max_aov_v"":58.71550750732422,""min_aov_h"":1.40625,""min_aov_v"":0.7910428047180176,""max_zoom"":64.0}",12.7958154
11483615567300,gimbal,3685,"{""imu_roll"":0.0,""imu_pitch"":-10.0,""imu_yaw"":30.0,""frame_roll"":0.0,""frame_pitch"":-10.0,""frame_yaw"":30.0,""pitch_speed"":0.0,""yaw_speed"":0.0}",12.8070168
11483615862900,fov,3685,"{""zoom"":12.339999198913574,""hfov"":7.293355464935303,""vfov"":4.106302738189697,""state"":0,""max_aov_h"":90.0,""max_aov_v"":58.71550750732422,""min_aov_h"":1.40625,""min_aov_v"":0.7910428047180176,""max_zoom"":64.0}",12.8073124
11483619221700,attitude,1389,"{""message_type"":""ATTITUDE"",""time_boot_ms"":131670,""roll"":0.4011737108230591,""pitch"":-0.01813163049519062,""yaw"":-1.3214060068130493,""rollspeed"":0.652915894985199,""pitchspeed"":-0.40939947962760925,""yawspeed"":0.5590877532958984}",12.8106712
11483627369700,gimbal,3686,"{""imu_roll"":0.0,""imu_pitch"":-10.0,""imu_yaw"":30.0,""frame_roll"":0.0,""frame_pitch"":-10.0,""frame_yaw"":30.0,""pitch_speed"":0.0,""yaw_speed"":0.0}",12.8188192
11483628249500,fov,3686,"{""zoom"":12.339999198913574,""hfov"":7.293355464935303,""vfov"":4.106302738189697,""state"":0,""max_aov_h"":90.0,""max_aov_v"":58.71550750732422,""min_aov_h"":1.40625,""min_aov_v"":0.7910428047180176,""max_zoom"":64.0}",12.819699
11483646559000,gimbal,3687,"{""imu_roll"":0.0,""imu_pitch"":-10.0,""imu_yaw"":30.0,""frame_roll"":0.0,""frame_pitch"":-10.0,""frame_yaw"":30.0,""pitch_speed"":0.0,""yaw_speed"":0.0}",12.8380085
11483646793900,fov,3687,"{""zoom"":12.339999198913574,""hfov"":7.293355464935303,""vfov"":4.106302738189697,""state"":0,""max_aov_h"":90.0,""max_aov_v"":58.71550750732422,""min_aov_h"":1.40625,""min_aov_v"":0.7910428047180176,""max_zoom"":64.0}",12.8382434
11483647706400,range,1273,"{""message_type"":""GLOBAL_VISION_POSITION_ESTIMATE"",""x"":46.94922637939453,""y"":39.346378326416016}",12.8391559
11483655199200,range,1274,"{""message_type"":""GLOBAL_VISION_POSITION_ESTIMATE"",""x"":46.94922637939453,""y"":39.346378326416016}",12.8466487
11483655454300,attitude,1390,"{""message_type"":""ATTITUDE"",""time_boot_ms"":131710,""roll"":0.433832049369812,""pitch"":-0.04113026335835457,""yaw"":-1.308128833770752,""rollspeed"":0.6086580753326416,""pitchspeed"":-0.40307363867759705,""yawspeed"":0.5186419486999512}",12.8469038
11483655652100,vfr,695,"{""message_type"":""VFR_HUD"",""airspeed"":39.29316711425781,""alt"":49.619998931884766}",12.8471016
11483655721500,position,695,"{""message_type"":""GLOBAL_POSITION_INT"",""lat"":469489329,""lon"":393467896}",12.847171
11483656699200,gimbal,3688,"{""imu_roll"":0.0,""imu_pitch"":-10.0,""imu_yaw"":30.0,""frame_roll"":0.0,""frame_pitch"":-10.0,""frame_yaw"":30.0,""pitch_speed"":0.0,""yaw_speed"":0.0}",12.8481487
11483657048900,fov,3688,"{""zoom"":12.339999198913574,""hfov"":7.293355464935303,""vfov"":4.106302738189697,""state"":0,""max_aov_h"":90.0,""max_aov_v"":58.71550750732422,""min_aov_h"":1.40625,""min_aov_v"":0.7910428047180176,""max_zoom"":64.0}",12.8484984
11483668944100,gimbal,3689,"{""imu_roll"":0.0,""imu_pitch"":-10.0,""imu_yaw"":30.0,""frame_roll"":0.0,""frame_pitch"":-10.0,""frame_yaw"":30.0,""pitch_speed"":0.0,""yaw_speed"":0.0}",12.8603936
11483669399900,fov,3689,"{""zoom"":12.339999198913574,""hfov"":7.293355464935303,""vfov"":4.106302738189697,""state"":0,""max_aov_h"":90.0,""max_aov_v"":58.71550750732422,""min_aov_h"":1.40625,""min_aov_v"":0.7910428047180176,""max_zoom"":64.0}",12.8608494
11483689392700,gimbal,3690,"{""imu_roll"":0.0,""imu_pitch"":-10.0,""imu_yaw"":30.0,""frame_roll"":0.0,""frame_pitch"":-10.0,""frame_yaw"":30.0,""pitch_speed"":0.0,""yaw_speed"":0.0}",12.8808422
11483689658800,fov,3690,"{""zoom"":12.339999198913574,""hfov"":7.293355464935303,""vfov"":4.106302738189697,""state"":0,""max_aov_h"":90.0,""max_aov_v"":58.71550750732422,""min_aov_h"":1.40625,""min_aov_v"":0.7910428047180176,""max_zoom"":64.0}",12.8811083
11483702233300,gimbal,3691,"{""imu_roll"":0.0,""imu_pitch"":-10.0,""imu_yaw"":30.0,""frame_roll"":0.0,""frame_pitch"":-10.0,""frame_yaw"":30.0,""pitch_speed"":0.0,""yaw_speed"":0.0}",12.8936828
11483702711400,fov,3691,"{""zoom"":12.339999198913574,""hfov"":7.293355464935303,""vfov"":4.106302738189697,""state"":0,""max_aov_h"":90.0,""max_aov_v"":58.71550750732422,""min_aov_h"":1.40625,""min_aov_v"":0.7910428047180176,""max_zoom"":64.0}",12.8941609
