recv_monotonic_ns,stream,stream_seq,payload_json,session_time_s
27050686128700,range,1029,"{""message_type"":""GLOBAL_VISION_POSITION_ESTIMATE"",""x"":46.948001861572266,""y"":39.348480224609375}",-4.9972454
27050691526300,gimbal,2562,"{""imu_roll"":0.0,""imu_pitch"":21.391597747802734,""imu_yaw"":1.794983148574829,""frame_roll"":0.0,""frame_pitch"":21.391597747802734,""frame_yaw"":1.794983148574829,""pitch_speed"":0.0,""yaw_speed"":0.0}",-4.9918478
27050694005900,fov,2562,"{""zoom"":12.339999198913574,""hfov"":7.293355464935303,""vfov"":4.106302738189697,""state"":0,""max_aov_h"":90.0,""max_aov_v"":58.71550750732422,""min_aov_h"":1.40625,""min_aov_v"":0.7910428047180176,""max_zoom"":64.0}",-4.9893682
27050694285200,range,1030,"{""message_type"":""GLOBAL_VISION_POSITION_ESTIMATE"",""x"":46.948001861572266,""y"":39.348480224609375}",-4.9890889
27050694411000,attitude,1012,"{""message_type"":""ATTITUDE"",""time_boot_ms"":112670,""roll"":0.061892684549093246,""pitch"":0.1700861006975174,""yaw"":-3.0625569820404053,""rollspeed"":-0.054663173854351044,""pitchspeed"":0.003918230067938566,""yawspeed"":0.0246778205037117}",-4.9889631
27050716327000,gimbal,2563,"{""imu_roll"":0.0,""imu_pitch"":21.404356002807617,""imu_yaw"":1.7604496479034424,""frame_roll"":0.0,""frame_pitch"":21.404356002807617,""frame_yaw"":1.7604496479034424,""pitch_speed"":0.0,""yaw_speed"":0.0}",-4.9670471
27050716822800,fov,2563,"{""zoom"":12.339999198913574,""hfov"":7.293355464935303,""vfov"":4.106302738189697,""state"":0,""max_aov_h"":90.0,""max_aov_v"":58.71550750732422,""min_aov_h"":1.40625,""min_aov_v"":0.7910428047180176,""max_zoom"":64.0}",-4.9665513
27050726206200,target_offset,330,"{""x_angle_offset"":-0.1747366413474083,""y_angle_offset"":0.11406396494971381}",-4.9571679
27050741783700,vfr,506,"{""message_type"":""VFR_HUD"",""airspeed"":29.255489349365234,""alt"":186.0800018310547}",-4.9415904
27050741965500,position,506,"{""message_type"":""GLOBAL_POSITION_INT"",""lat"":469539944,""lon"":393492189}",-4.9414086
27050742074900,attitude,1013,"{""message_type"":""ATTITUDE"",""time_boot_ms"":112710,""roll"":0.05990099906921387,""pitch"":0.17018570005893707,""yaw"":-3.0617949962615967,""rollspeed"":-0.056610144674777985,""pitchspeed"":0.003556649899110198,""yawspeed"":0.022282611578702927}",-4.9412992
27050745171100,gimbal,2564,"{""imu_roll"":0.0,""imu_pitch"":21.43564796447754,""imu_yaw"":1.6989744901657104,""frame_roll"":0.0,""frame_pitch"":21.43564796447754,""frame_yaw"":1.6989744901657104,""pitch_speed"":0.0,""yaw_speed"":0.0}",-4.938203
27050745478200,fov,2564,"{""zoom"":12.339999198913574,""hfov"":7.293355464935303,""vfov"":4.106302738189697,""state"":0,""max_aov_h"":90.0,""max_aov_v"":58.71550750732422,""min_aov_h"":1.40625,""min_aov_v"":0.7910428047180176,""max_zoom"":64.0}",-4.9378959
27050751866100,target_offset,331,"{""x_angle_offset"":-0.18233388662338257,""y_angle_offset"":0.11406396494971381}",-4.931508
27050768373200,gimbal,2565,"{""imu_roll"":0.0,""imu_pitch"":21.45771598815918,""imu_yaw"":1.6501445770263672,""frame_roll"":0.0,""frame_pitch"":21.45771598815918,""frame_yaw"":1.6501445770263672,""pitch_speed"":0.0,""yaw_speed"":0.0}",-4.9150009
27050768696000,fov,2565,"{""zoom"":12.339999198913574,""hfov"":7.293355464935303,""vfov"":4.106302738189697,""state"":0,""max_aov_h"":90.0,""max_aov_v"":58.71550750732422,""min_aov_h"":1.40625,""min_aov_v"":0.7910428047180176,""max_zoom"":64.0}",-4.9146781
27050798315800,gimbal,2566,"{""imu_roll"":0.0,""imu_pitch"":21.47937774658203,""imu_yaw"":1.593353271484375,""frame_roll"":0.0,""frame_pitch"":21.47937774658203,""frame_yaw"":1.593353271484375,""pitch_speed"":0.0,""yaw_speed"":0.0}",-4.8850583
27050798840900,fov,2566,"{""zoom"":12.339999198913574,""hfov"":7.293355464935303,""vfov"":4.106302738189697,""state"":0,""max_aov_h"":90.0,""max_aov_v"":58.71550750732422,""min_aov_h"":1.40625,""min_aov_v"":0.7910428047180176,""max_zoom"":64.0}",-4.8845332
27050800944500,target_offset,332,"{""x_angle_offset"":-0.21272286772727966,""y_angle_offset"":0.12166822927969473}",-4.8824296
27050805393800,attitude,1014,"{""message_type"":""ATTITUDE"",""time_boot_ms"":112770,""roll"":0.056757934391498566,""pitch"":0.17032171785831451,""yaw"":-3.060811758041382,""rollspeed"":-0.05906177684664726,""pitchspeed"":0.0030479892157018185,""yawspeed"":0.018848108127713203}",-4.8779803
27050819788400,gimbal,2567,"{""imu_roll"":0.0,""imu_pitch"":21.50751495361328,""imu_yaw"":1.5323020219802856,""frame_roll"":0.0,""frame_pitch"":21.50751495361328,""frame_yaw"":1.5323020219802856,""pitch_speed"":0.0,""yaw_speed"":0.0}",-4.8635857
27050820048100,fov,2567,"{""zoom"":12.339999198913574,""hfov"":7.293355464935303,""vfov"":4.106302738189697,""state"":0,""max_aov_h"":90.0,""max_aov_v"":58.71550750732422,""min_aov_h"":1.40625,""min_aov_v"":0.7910428047180176,""max_zoom"":64.0}",-4.863326
27050827276900,range,1031,"{""message_type"":""GLOBAL_VISION_POSITION_ESTIMATE"",""x"":46.94795227050781,""y"":39.348472595214844}",-4.8560972
27050843082200,gimbal,2568,"{""imu_roll"":0.0,""imu_pitch"":21.52756118774414,""imu_yaw"":1.4840956926345825,""frame_roll"":0.0,""frame_pitch"":21.52756118774414,""frame_yaw"":1.4840956926345825,""pitch_speed"":0.0,""yaw_speed"":0.0}",-4.8402919
27050843437300,fov,2568,"{""zoom"":12.339999198913574,""hfov"":7.293355464935303,""vfov"":4.106302738189697,""state"":0,""max_aov_h"":90.0,""max_aov_v"":58.71550750732422,""min_aov_h"":1.40625,""min_aov_v"":0.7910428047180176,""max_zoom"":64.0}",-4.8399368
27050847529100,range,1032,"{""message_type"":""GLOBAL_VISION_POSITION_ESTIMATE"",""x"":46.94795227050781,""y"":39.348472595214844}",-4.835845
27050847671700,vfr,507,"{""message_type"":""VFR_HUD"",""airspeed"":29.223554611206055,""alt"":186.36000061035156}",-4.8357024
27050847758400,attitude,1015,"{""message_type"":""ATTITUDE"",""time_boot_ms"":112810,""roll"":0.05459423363208771,""pitch"":0.17041005194187164,""yaw"":-3.060264825820923,""rollspeed"":-0.059639155864715576,""pitchspeed"":0.0029579184483736753,""yawspeed"":0.016582289710640907}",-4.8356157
27050847954200,position,507,"{""message_type"":""GLOBAL_POSITION_INT"",""lat"":469539944,""lon"":393492189}",-4.8354199
27050853390900,target_offset,333,"{""x_angle_offset"":-0.21272286772727966,""y_angle_offset"":0.12166822927969473}",-4.8299832
27050872354100,gimbal,2569,"{""imu_roll"":0.0,""imu_pitch"":21.56329345703125,""imu_yaw"":1.4046821594238281,""frame_roll"":0.0,""frame_pitch"":21.56329345703125,""frame_yaw"":1.4046821594238281,""pitch_speed"":0.0,""yaw_speed"":0.0}",-4.81102
27050872672400,fov,2569,"{""zoom"":12.339999198913574,""hfov"":7.293355464935303,""vfov"":4.106302738189697,""state"":0,""max_aov_h"":90.0,""max_aov_v"":58.71550750732422,""min_aov_h"":1.40625,""min_aov_v"":0.7910428047180176,""max_zoom"":64.0}",-4.8107017
27050877344800,target_offset,334,"{""x_angle_offset"":-0.2051256224513054,""y_angle_offset"":0.12166822927969473}",-4.8060293
27050896649300,gimbal,2570,"{""imu_roll"":0.0,""imu_pitch"":21.587488174438477,""imu_yaw"":1.347859501838684,""frame_roll"":0.0,""frame_pitch"":21.587488174438477,""frame_yaw"":1.347859501838684,""pitch_speed"":0.0,""yaw_speed"":0.0}",-4.7867248
27050896917600,fov,2570,"{""zoom"":12.339999198913574,""hfov"":7.293355464935303,""vfov"":4.106302738189697,""state"":0,""max_aov_h"":90.0,""max_aov_v"":58.71550750732422,""min_aov_h"":1.40625,""min_aov_v"":0.7910428047180176,""max_zoom"":64.0}",-4.7864565
27050908288800,attitude,1016,"{""message_type"":""ATTITUDE"",""time_boot_ms"":112870,""roll"":0.051323823630809784,""pitch"":0.1705436259508133,""yaw"":-3.059605121612549,""rollspeed"":-0.0592341385781765,""pitchspeed"":0.002617201069369912,""yawspeed"":0.013172081671655178}",-4.7750853
27050922833300,gimbal,2571,"{""imu_roll"":0.0,""imu_pitch"":21.60723114013672,""imu_yaw"":1.2955807447433472,""frame_roll"":0.0,""frame_pitch"":21.60723114013672,""frame_yaw"":1.2955807447433472,""pitch_speed"":0.0,""yaw_speed"":0.0}",-4.7605408
27050923204500,fov,2571,"{""zoom"":12.339999198913574,""hfov"":7.293355464935303,""vfov"":4.106302738189697,""state"":0,""max_aov_h"":90.0,""max_aov_v"":58.71550750732422,""min_aov_h"":1.40625,""min_aov_v"":0.7910428047180176,""max_zoom"":64.0}",-4.7601696
27050928782600,target_offset,335,"{""x_angle_offset"":-0.19752837717533112,""y_angle_offset"":0.12166822927969473}",-4.7545915
27050952605700,gimbal,2572,"{""imu_roll"":0.0,""imu_pitch"":21.63624382019043,""imu_yaw"":1.2277336120605469,""frame_roll"":0.0,""frame_pitch"":21.63624382019043,""frame_yaw"":1.2277336120605469,""pitch_speed"":0.0,""yaw_speed"":0.0}",-4.7307684
27050952902000,fov,2572,"{""zoom"":12.339999198913574,""hfov"":7.293355464935303,""vfov"":4.106302738189697,""state"":0,""max_aov_h"":90.0,""max_aov_v"":58.71550750732422,""min_aov_h"":1.40625,""min_aov_v"":0.7910428047180176,""max_zoom"":64.0}",-4.7304721
27050955840700,vfr,508,"{""message_type"":""VFR_HUD"",""airspeed"":29.171295166015625,""alt"":186.63999938964844}",-4.7275334
27050955959000,position,508,"{""message_type"":""GLOBAL_POSITION_INT"",""lat"":469539384,""lon"":393492113}",-4.7274151
27050956041100,attitude,1017,"{""message_type"":""ATTITUDE"",""time_boot_ms"":112910,""roll"":0.048861462622880936,""pitch"":0.17055292427539825,""yaw"":-3.0593247413635254,""rollspeed"":-0.05788039416074753,""pitchspeed"":0.002505617681890726,""yawspeed"":0.011005004867911339}",-4.727333
27050958610500,target_offset,336,"{""x_angle_offset"":-0.15194490551948547,""y_angle_offset"":0.12166822927969473}",-4.7247636
27050974859300,gimbal,2573,"{""imu_roll"":0.0,""imu_pitch"":21.665103912353516,""imu_yaw"":1.181107521057129,""frame_roll"":0.0,""frame_pitch"":21.665103912353516,""frame_yaw"":1.181107521057129,""pitch_speed"":0.0,""yaw_speed"":0.0}",-4.7085148
27050976040400,fov,2573,"{""zoom"":12.339999198913574,""hfov"":7.293355464935303,""vfov"":4.106302738189697,""state"":0,""max_aov_h"":90.0,""max_aov_v"":58.71550750732422,""min_aov_h"":1.40625,""min_aov_v"":0.7910428047180176,""max_zoom"":64.0}",-4.7073337
27050982492400,range,1033,"{""message_type"":""GLOBAL_VISION_POSITION_ESTIMATE"",""x"":46.94789123535156,""y"":39.34846878051758}",-4.7008817
27050996660200,range,1034,"{""message_type"":""GLOBAL_VISION_POSITION_ESTIMATE"",""x"":46.94789123535156,""y"":39.34846878051758}",-4.6867139
27050999526200,gimbal,2574,"{""imu_roll"":0.0,""imu_pitch"":21.685155868530273,""imu_yaw"":1.1455399990081787,""frame_roll"":0.0,""frame_pitch"":21.685155868530273,""frame_yaw"":1.1455399990081787,""pitch_speed"":0.0,""yaw_speed"":0.0}",-4.6838479
27050999966500,fov,2574,"{""zoom"":12.339999198913574,""hfov"":7.293355464935303,""vfov"":4.106302738189697,""state"":0,""max_aov_h"":90.0,""max_aov_v"":58.71550750732422,""min_aov_h"":1.40625,""min_aov_v"":0.7910428047180176,""max_zoom"":64.0}",-4.6834076
27051007977800,target_offset,337,"{""x_angle_offset"":-0.12155592441558838,""y_angle_offset"":0.11406396494971381}",-4.6753963
27051019113500,attitude,1018,"{""message_type"":""ATTITUDE"",""time_boot_ms"":112970,""roll"":0.04525982588529587,""pitch"":0.17055979371070862,""yaw"":-3.0590500831604004,""rollspeed"":-0.0555860698223114,""pitchspeed"":0.0020504603162407875,""yawspeed"":0.007841347716748714}",-4.6642606
27051027611100,gimbal,2575,"{""imu_roll"":0.0,""imu_pitch"":21.719005584716797,""imu_yaw"":1.1009658575057983,""frame_roll"":0.0,""frame_pitch"":21.719005584716797,""frame_yaw"":1.1009658575057983,""pitch_speed"":0.0,""yaw_speed"":0.0}",-4.655763
27051027914000,fov,2575,"{""zoom"":12.339999198913574,""hfov"":7.293355464935303,""vfov"":4.106302738189697,""state"":0,""max_aov_h"":90.0,""max_aov_v"":58.71550750732422,""min_aov_h"":1.40625,""min_aov_v"":0.7910428047180176,""max_zoom"":64.0}",-4.6554601
27051034454000,target_offset,338,"{""x_angle_offset"":-0.09116694331169128,""y_angle_offset"":0.11406396494971381}",-4.6489201
27051053044900,gimbal,2576,"{""imu_roll"":0.0,""imu_pitch"":21.742557525634766,""imu_yaw"":1.0717167854309082,""frame_roll"":0.0,""frame_pitch"":21.742557525634766,""frame_yaw"":1.0717167854309082,""pitch_speed"":0.0,""yaw_speed"":0.0}",-4.6303292
27051053317100,fov,2576,"{""zoom"":12.339999198913574,""hfov"":7.293355464935303,""vfov"":4.106302738189697,""state"":0,""max_aov_h"":90.0,""max_aov_v"":58.71550750732422,""min_aov_h"":1.40625,""min_aov_v"":0.7910428047180176,""max_zoom"":64.0}",-4.630057
27051060958100,position,509,"{""message_type"":""GLOBAL_POSITION_INT"",""lat"":469539384,""lon"":393492113}",-4.622416
27051061066100,attitude,1019,"{""message_type"":""ATTITUDE"",""time_boot_ms"":113010,""roll"":0.04285416007041931,""pitch"":0.17054985463619232,""yaw"":-3.0589680671691895,""rollspeed"":-0.05615071579813957,""pitchspeed"":0.001782712759450078,""yawspeed"":0.005687660537660122}",-4.622308
27051061246000,vfr,509,"{""message_type"":""VFR_HUD"",""airspeed"":29.13465690612793,""alt"":186.9199981689453}",-4.6221281
27051077294700,gimbal,2577,"{""imu_roll"":0.0,""imu_pitch"":21.759666442871094,""imu_yaw"":1.0484708547592163,""frame_roll"":0.0,""frame_pitch"":21.759666442871094,""frame_yaw"":1.0484708547592163,""pitch_speed"":0.0,""yaw_speed"":0.0}",-4.6060794
27051078316300,fov,2577,"{""zoom"":12.339999198913574,""hfov"":7.293355464935303,""vfov"":4.106302738189697,""state"":0,""max_aov_h"":90.0,""max_aov_v"":58.71550750732422,""min_aov_h"":1.40625,""min_aov_v"":0.7910428047180176,""max_zoom"":64.0}",-4.6050578
27051084728300,target_offset,339,"{""x_angle_offset"":-0.08356969803571701,""y_angle_offset"":0.11406396494971381}",-4.5986458
27051108339600,gimbal,2578,"{""imu_roll"":0.0,""imu_pitch"":21.79187774658203,""imu_yaw"":1.0133851766586304,""frame_roll"":0.0,""frame_pitch"":21.79187774658203,""frame_yaw"":1.0133851766586304,""pitch_speed"":0.0,""yaw_speed"":0.0}",-4.5750345
27051108977100,fov,2578,"{""zoom"":12.339999198913574,""hfov"":7.293355464935303,""vfov"":4.106302738189697,""state"":0,""max_aov_h"":90.0,""max_aov_v"":58.71550750732422,""min_aov_h"":1.40625,""min_aov_v"":0.7910428047180176,""max_zoom"":64.0}",-4.574397
27051111763500,target_offset,340,"{""x_angle_offset"":-0.053180716931819916,""y_angle_offset"":0.1064597006197329}",-4.5716106
27051126036600,attitude,1020,"{""message_type"":""ATTITUDE"",""time_boot_ms"":113070,""roll"":0.03916185349225998,""pitch"":0.1705295890569687,""yaw"":-3.0589938163757324,""rollspeed"":-0.057199977338314056,""pitchspeed"":0.0015102631878107786,""yawspeed"":0.0023883816320449114}",-4.5573375
27051128322500,gimbal,2579,"{""imu_roll"":0.0,""imu_pitch"":21.81281089782715,""imu_yaw"":0.9967308044433594,""frame_roll"":0.0,""frame_pitch"":21.81281089782715,""frame_yaw"":0.9967308044433594,""pitch_speed"":0.0,""yaw_speed"":0.0}",-4.5550516
27051128672600,fov,2579,"{""zoom"":12.339999198913574,""hfov"":7.293355464935303,""vfov"":4.106302738189697,""state"":0,""max_aov_h"":90.0,""max_aov_v"":58.71550750732422,""min_aov_h"":1.40625,""min_aov_v"":0.7910428047180176,""max_zoom"":64.0}",-4.5547015
27051138043200,range,1035,"{""message_type"":""GLOBAL_VISION_POSITION_ESTIMATE"",""x"":46.94789123535156,""y"":39.34846878051758}",-4.5453309
27051143579700,range,1036,"{""message_type"":""GLOBAL_VISION_POSITION_ESTIMATE"",""x"":46.94789123535156,""y"":39.34846878051758}",-4.5397944
27051154216000,gimbal,2580,"{""imu_roll"":0.0,""imu_pitch"":21.831890106201172,""imu_yaw"":0.9804517030715942,""frame_roll"":0.0,""frame_pitch"":21.831890106201172,""frame_yaw"":0.9804517030715942,""pitch_speed"":0.0,""yaw_speed"":0.0}",-4.5291581
27051154512800,fov,2580,"{""zoom"":12.339999198913574,""hfov"":7.293355464935303,""vfov"":4.106302738189697,""state"":0,""max_aov_h"":90.0,""max_aov_v"":58.71550750732422,""min_aov_h"":1.40625,""min_aov_v"":0.7910428047180176,""max_zoom"":64.0}",-4.5288613
27051160956800,target_offset,341,"{""x_angle_offset"":-0.053180716931819916,""y_angle_offset"":0.09885543628975196}",-4.5224173
27051166284600,position,510,"{""message_type"":""GLOBAL_POSITION_INT"",""lat"":469538826,""lon"":393492043}",-4.5170895
27051166375900,attitude,1021,"{""message_type"":""ATTITUDE"",""time_boot_ms"":113110,""roll"":0.03657568246126175,""pitch"":0.17050452530384064,""yaw"":-3.05912709236145,""rollspeed"":-0.05643900856375694,""pitchspeed"":0.001204860396683216,""yawspeed"":0.0003098791930824518}",-4.5169982
27051166594300,vfr,510,"{""message_type"":""VFR_HUD"",""airspeed"":29.079004287719727,""alt"":187.1999969482422}",-4.5167798
27051177930400,gimbal,2581,"{""imu_roll"":0.0,""imu_pitch"":21.854494094848633,""imu_yaw"":0.9664697051048279,""frame_roll"":0.0,""frame_pitch"":21.854494094848633,""frame_yaw"":0.9664697051048279,""pitch_speed"":0.0,""yaw_speed"":0.0}",-4.5054437
27051178165000,fov,2581,"{""zoom"":12.339999198913574,""hfov"":7.293355464935303,""vfov"":4.106302738189697,""state"":0,""max_aov_h"":90.0,""max_aov_v"":58.71550750732422,""min_aov_h"":1.40625,""min_aov_v"":0.7910428047180176,""max_zoom"":64.0}",-4.5052091
27051200200200,gimbal,2582,"{""imu_roll"":0.0,""imu_pitch"":21.869474411010742,""imu_yaw"":0.9571044445037842,""frame_roll"":0.0,""frame_pitch"":21.869474411010742,""frame_yaw"":0.9571044445037842,""pitch_speed"":0.0,""yaw_speed"":0.0}",-4.4831739
27051200791800,fov,2582,"{""zoom"":12.339999198913574,""hfov"":7.293355464935303,""vfov"":4.106302738189697,""state"":0,""max_aov_h"":90.0,""max_aov_v"":58.71550750732422,""min_aov_h"":1.40625,""min_aov_v"":0.7910428047180176,""max_zoom"":64.0}",-4.4825823
27051213011900,target_offset,342,"{""x_angle_offset"":-0.06077796220779419,""y_angle_offset"":0.09885543628975196}",-4.4703622
27051230272000,target_offset,343,"{""x_angle_offset"":-0.06837520748376846,""y_angle_offset"":0.09885543628975196}",-4.4531021
27051235469600,attitude,1022,"{""message_type"":""ATTITUDE"",""time_boot_ms"":113170,""roll"":0.03255874663591385,""pitch"":0.17046648263931274,""yaw"":-3.059492349624634,""rollspeed"":-0.05520949140191078,""pitchspeed"":0.0011709989048540592,""yawspeed"":-0.002665420062839985}",-4.4479045
27051236043000,gimbal,2583,"{""imu_roll"":0.0,""imu_pitch"":21.895893096923828,""imu_yaw"":0.9320285320281982,""frame_roll"":0.0,""frame_pitch"":21.895893096923828,""frame_yaw"":0.9320285320281982,""pitch_speed"":0.0,""yaw_speed"":0.0}",-4.4473311
27051236186400,fov,2583,"{""zoom"":12.339999198913574,""hfov"":7.293355464935303,""vfov"":4.106302738189697,""state"":0,""max_aov_h"":90.0,""max_aov_v"":58.71550750732422,""min_aov_h"":1.40625,""min_aov_v"":0.7910428047180176,""max_zoom"":64.0}",-4.4471877
27051251860600,gimbal,2584,"{""imu_roll"":0.0,""imu_pitch"":21.907445907592773,""imu_yaw"":0.9212817549705505,""frame_roll"":0.0,""frame_pitch"":21.907445907592773,""frame_yaw"":0.9212817549705505,""pitch_speed"":0.0,""yaw_speed"":0.0}",-4.4315135
27051252039600,fov,2584,"{""zoom"":12.339999198913574,""hfov"":7.293355464935303,""vfov"":4.106302738189697,""state"":0,""max_aov_h"":90.0,""max_aov_v"":58.71550750732422,""min_aov_h"":1.40625,""min_aov_v"":0.7910428047180176,""max_zoom"":64.0}",-4.4313345
27051266962800,vfr,511,"{""message_type"":""VFR_HUD"",""airspeed"":29.039981842041016,""alt"":187.47999572753906}",-4.4164113
27051267057400,position,511,"{""message_type"":""GLOBAL_POSITION_INT"",""lat"":469538826,""lon"":393492043}",-4.4163167
27051267130900,attitude,1023,"{""message_type"":""ATTITUDE"",""time_boot_ms"":113210,""roll"":0.029929615557193756,""pitch"":0.17045164108276367,""yaw"":-3.059816837310791,""rollspeed"":-0.053683117032051086,""pitchspeed"":0.0014528068713843822,""yawspeed"":-0.004569985903799534}",-4.4162432
27051280763000,range,1037,"{""message_type"":""GLOBAL_VISION_POSITION_ESTIMATE"",""x"":46.947837829589844,""y"":39.34844207763672}",-4.4026111
27051281066400,gimbal,2585,"{""imu_roll"":0.0,""imu_pitch"":21.918365478515625,""imu_yaw"":0.9123062491416931,""frame_roll"":0.0,""frame_pitch"":21.918365478515625,""frame_yaw"":0.9123062491416931,""pitch_speed"":0.0,""yaw_speed"":0.0}",-4.4023077
27051282163100,fov,2585,"{""zoom"":12.339999198913574,""hfov"":7.293355464935303,""vfov"":4.106302738189697,""state"":0,""max_aov_h"":90.0,""max_aov_v"":58.71550750732422,""min_aov_h"":1.40625,""min_aov_v"":0.7910428047180176,""max_zoom"":64.0}",-4.401211
27051287634500,target_offset,344,"{""x_angle_offset"":-0.07597245275974274,""y_angle_offset"":0.09885543628975196}",-4.3957396
27051295533100,range,1038,"{""message_type"":""GLOBAL_VISION_POSITION_ESTIMATE"",""x"":46.947837829589844,""y"":39.34844207763672}",-4.387841
27051306732100,fov,2586,"{""zoom"":12.339999198913574,""hfov"":7.293355464935303,""vfov"":4.106302738189697,""state"":0,""max_aov_h"":90.0,""max_aov_v"":58.71550750732422,""min_aov_h"":1.40625,""min_aov_v"":0.7910428047180176,""max_zoom"":64.0}",-4.376642
27051307046400,gimbal,2586,"{""imu_roll"":0.0,""imu_pitch"":21.94817352294922,""imu_yaw"":0.8904389142990112,""frame_roll"":0.0,""frame_pitch"":21.94817352294922,""frame_yaw"":0.8904389142990112,""pitch_speed"":0.0,""yaw_speed"":0.0}",-4.3763277
27051312225500,target_offset,345,"{""x_angle_offset"":-0.07597245275974274,""y_angle_offset"":0.09885543628975196}",-4.3711486
27051329947000,gimbal,2587,"{""imu_roll"":0.0,""imu_pitch"":21.96773910522461,""imu_yaw"":0.8749215006828308,""frame_roll"":0.0,""frame_pitch"":21.96773910522461,""frame_yaw"":0.8749215006828308,""pitch_speed"":0.0,""yaw_speed"":0.0}",-4.3534271
27051330207100,fov,2587,"{""zoom"":12.339999198913574,""hfov"":7.293355464935303,""vfov"":4.106302738189697,""state"":0,""max_aov_h"":90.0,""max_aov_v"":58.71550750732422,""min_aov_h"":1.40625,""min_aov_v"":0.7910428047180176,""max_zoom"":64.0}",-4.353167
27051338762200,attitude,1024,"{""message_type"":""ATTITUDE"",""time_boot_ms"":113270,""roll"":0.026117555797100067,""pitch"":0.17042739689350128,""yaw"":-3.0604186058044434,""rollspeed"":-0.050402019172906876,""pitchspeed"":0.0014212096575647593,""yawspeed"":-0.007147165015339851}",-4.3446119
27051353521900,gimbal,2588,"{""imu_roll"":0.0,""imu_pitch"":21.985252380371094,""imu_yaw"":0.8631515502929688,""frame_roll"":0.0,""frame_pitch"":21.985252380371094,""frame_yaw"":0.8631515502929688,""pitch_speed"":0.0,""yaw_speed"":0.0}",-4.3298522
27051354046600,fov,2588,"{""zoom"":12.339999198913574,""hfov"":7.293355464935303,""vfov"":4.106302738189697,""state"":0,""max_aov_h"":90.0,""max_aov_v"":58.71550750732422,""min_aov_h"":1.40625,""min_aov_v"":0.7910428047180176,""max_zoom"":64.0}",-4.3293275
27051362473400,target_offset,346,"{""x_angle_offset"":-0.07597245275974274,""y_angle_offset"":0.09885543628975196}",-4.3209007
27051376942100,attitude,1025,"{""message_type"":""ATTITUDE"",""time_boot_ms"":113310,""roll"":0.023690352216362953,""pitch"":0.17041176557540894,""yaw"":-3.0608906745910645,""rollspeed"":-0.04775422066450119,""pitchspeed"":0.0012570638209581375,""yawspeed"":-0.008842394687235355}",-4.306432
27051377376100,vfr,512,"{""message_type"":""VFR_HUD"",""airspeed"":28.982555389404297,""alt"":187.75}",-4.305998
27051377495600,position,512,"{""message_type"":""GLOBAL_POSITION_INT"",""lat"":469538268,""lon"":393491982}",-4.3058785
27051378011700,gimbal,2589,"{""imu_roll"":0.0,""imu_pitch"":22.00850486755371,""imu_yaw"":0.8430583477020264,""frame_roll"":0.0,""frame_pitch"":22.00850486755371,""frame_yaw"":0.8430583477020264,""pitch_speed"":0.0,""yaw_speed"":0.0}",-4.3053624
27051378800200,fov,2589,"{""zoom"":12.339999198913574,""hfov"":7.293355464935303,""vfov"":4.106302738189697,""state"":0,""max_aov_h"":90.0,""max_aov_v"":58.71550750732422,""min_aov_h"":1.40625,""min_aov_v"":0.7910428047180176,""max_zoom"":64.0}",-4.3045739
27051405969200,gimbal,2590,"{""imu_roll"":0.0,""imu_pitch"":22.028587341308594,""imu_yaw"":0.8284859657287598,""frame_roll"":0.0,""frame_pitch"":22.028587341308594,""frame_yaw"":0.8284859657287598,""pitch_speed"":0.0,""yaw_speed"":0.0}",-4.2774049
27051408150300,fov,2590,"{""zoom"":12.339999198913574,""hfov"":7.293355464935303,""vfov"":4.106302738189697,""state"":0,""max_aov_h"":90.0,""max_aov_v"":58.71550750732422,""min_aov_h"":1.40625,""min_aov_v"":0.7910428047180176,""max_zoom"":64.0}",-4.2752238
27051414091400,target_offset,347,"{""x_angle_offset"":-0.07597245275974274,""y_angle_offset"":0.09885543628975196}",-4.2692827
27051432284900,gimbal,2591,"{""imu_roll"":0.0,""imu_pitch"":22.055618286132812,""imu_yaw"":0.8087784647941589,""frame_roll"":0.0,""frame_pitch"":22.055618286132812,""frame_yaw"":0.8087784647941589,""pitch_speed"":0.0,""yaw_speed"":0.0}",-4.2510892
27051432490200,fov,2591,"{""zoom"":12.339999198913574,""hfov"":7.293355464935303,""vfov"":4.106302738189697,""state"":0,""max_aov_h"":90.0,""max_aov_v"":58.71550750732422,""min_aov_h"":1.40625,""min_aov_v"":0.7910428047180176,""max_zoom"":64.0}",-4.2508839
27051433911800,range,1039,"{""message_type"":""GLOBAL_VISION_POSITION_ESTIMATE"",""x"":46.94777297973633,""y"":39.348453521728516}",-4.2494623
27051439630500,target_offset,348,"{""x_angle_offset"":-0.07597245275974274,""y_angle_offset"":0.09885543628975196}",-4.2437436
27051447776200,range,1040,"{""message_type"":""GLOBAL_VISION_POSITION_ESTIMATE"",""x"":46.94777297973633,""y"":39.348453521728516}",-4.2355979
27051447888900,attitude,1026,"{""message_type"":""ATTITUDE"",""time_boot_ms"":113370,""roll"":0.020019371062517166,""pitch"":0.1703706532716751,""yaw"":-3.0617403984069824,""rollspeed"":-0.04302448779344559,""pitchspeed"":0.0010737013071775436,""yawspeed"":-0.011065501719713211}",-4.2354852
27051454779400,gimbal,2592,"{""imu_roll"":0.0,""imu_pitch"":22.076623916625977,""imu_yaw"":0.7929454445838928,""frame_roll"":0.0,""frame_pitch"":22.076623916625977,""frame_yaw"":0.7929454445838928,""pitch_speed"":0.0,""yaw_speed"":0.0}",-4.2285947
27051455007100,fov,2592,"{""zoom"":12.339999198913574,""hfov"":7.293355464935303,""vfov"":4.106302738189697,""state"":0,""max_aov_h"":90.0,""max_aov_v"":58.71550750732422,""min_aov_h"":1.40625,""min_aov_v"":0.7910428047180176,""max_zoom"":64.0}",-4.228367
27051480477800,gimbal,2593,"{""imu_roll"":0.0,""imu_pitch"":22.09248924255371,""imu_yaw"":0.7836164832115173,""frame_roll"":0.0,""frame_pitch"":22.09248924255371,""frame_yaw"":0.7836164832115173,""pitch_speed"":0.0,""yaw_speed"":0.0}",-4.2028963
27051480863300,fov,2593,"{""zoom"":12.339999198913574,""hfov"":7.293355464935303,""vfov"":4.106302738189697,""state"":0,""max_aov_h"":90.0,""max_aov_v"":58.71550750732422,""min_aov_h"":1.40625,""min_aov_v"":0.7910428047180176,""max_zoom"":64.0}",-4.2025108
27051488913100,target_offset,349,"{""x_angle_offset"":-0.06077796220779419,""y_angle_offset"":0.09885543628975196}",-4.194461
27051492456900,vfr,513,"{""message_type"":""VFR_HUD"",""airspeed"":28.942289352416992,""alt"":188.02999877929688}",-4.1909172
27051492606600,position,513,"{""message_type"":""GLOBAL_POSITION_INT"",""lat"":469538268,""lon"":393491982}",-4.1907675
27051492866200,attitude,1027,"{""message_type"":""ATTITUDE"",""time_boot_ms"":113410,""roll"":0.017731836065649986,""pitch"":0.17032283544540405,""yaw"":-3.0623626708984375,""rollspeed"":-0.03954073041677475,""pitchspeed"":0.00043881189776584506,""yawspeed"":-0.012444197200238705}",-4.1905079
27051508077600,gimbal,2594,"{""imu_roll"":0.0,""imu_pitch"":22.11564826965332,""imu_yaw"":0.7644367814064026,""frame_roll"":0.0,""frame_pitch"":22.11564826965332,""frame_yaw"":0.7644367814064026,""pitch_speed"":0.0,""yaw_speed"":0.0}",-4.1752965
27051508427800,fov,2594,"{""zoom"":12.339999198913574,""hfov"":7.293355464935303,""vfov"":4.106302738189697,""state"":0,""max_aov_h"":90.0,""max_aov_v"":58.71550750732422,""min_aov_h"":1.40625,""min_aov_v"":0.7910428047180176,""max_zoom"":64.0}",-4.1749463
27051512895800,target_offset,350,"{""x_angle_offset"":-0.02279173582792282,""y_angle_offset"":0.09885543628975196}",-4.1704783
27051529286700,gimbal,2595,"{""imu_roll"":0.0,""imu_pitch"":22.137577056884766,""imu_yaw"":0.7594938278198242,""frame_roll"":0.0,""frame_pitch"":22.137577056884766,""frame_yaw"":0.7594938278198242,""pitch_speed"":0.0,""yaw_speed"":0.0}",-4.1540874
27051529615600,fov,2595,"{""zoom"":12.339999198913574,""hfov"":7.293355464935303,""vfov"":4.106302738189697,""state"":0,""max_aov_h"":90.0,""max_aov_v"":58.71550750732422,""min_aov_h"":1.40625,""min_aov_v"":0.7910428047180176,""max_zoom"":64.0}",-4.1537585
27051550801300,attitude,1028,"{""message_type"":""ATTITUDE"",""time_boot_ms"":113470,""roll"":0.014583747833967209,""pitch"":0.17019113898277283,""yaw"":-3.0633773803710938,""rollspeed"":-0.03346743434667587,""pitchspeed"":-0.0006764529389329255,""yawspeed"":-0.014233831316232681}",-4.1325728
27051552463900,gimbal,2596,"{""imu_roll"":0.0,""imu_pitch"":22.154518127441406,""imu_yaw"":0.759270966053009,""frame_roll"":0.0,""frame_pitch"":22.154518127441406,""frame_yaw"":0.759270966053009,""pitch_speed"":0.0,""yaw_speed"":0.0}",-4.1309102
27051552803000,fov,2596,"{""zoom"":12.339999198913574,""hfov"":7.293355464935303,""vfov"":4.106302738189697,""state"":0,""max_aov_h"":90.0,""max_aov_v"":58.71550750732422,""min_aov_h"":1.40625,""min_aov_v"":0.7910428047180176,""max_zoom"":64.0}",-4.1305711
27051563402100,target_offset,351,"{""x_angle_offset"":-0.015194490551948547,""y_angle_offset"":0.09885543628975196}",-4.119972
27051575747000,gimbal,2597,"{""imu_roll"":0.0,""imu_pitch"":22.173858642578125,""imu_yaw"":0.7552359104156494,""frame_roll"":0.0,""frame_pitch"":22.173858642578125,""frame_yaw"":0.7552359104156494,""pitch_speed"":0.0,""yaw_speed"":0.0}",-4.1076271
27051576071700,fov,2597,"{""zoom"":12.339999198913574,""hfov"":7.293355464935303,""vfov"":4.106302738189697,""state"":0,""max_aov_h"":90.0,""max_aov_v"":58.71550750732422,""min_aov_h"":1.40625,""min_aov_v"":0.7910428047180176,""max_zoom"":64.0}",-4.1073024
27051590793100,position,514,"{""message_type"":""GLOBAL_POSITION_INT"",""lat"":469538268,""lon"":393491982}",-4.092581
27051590993500,attitude,1029,"{""message_type"":""ATTITUDE"",""time_boot_ms"":113510,""roll"":0.012670370750129223,""pitch"":0.17006133496761322,""yaw"":-3.0640931129455566,""rollspeed"":-0.029666559770703316,""pitchspeed"":-0.0016259236726909876,""yawspeed"":-0.015307532623410225}",-4.0923806
27051591442400,vfr,514,"{""message_type"":""VFR_HUD"",""airspeed"":28.883649826049805,""alt"":188.3000030517578}",-4.0919317
27051598572600,gimbal,2598,"{""imu_roll"":0.0,""imu_pitch"":22.18773651123047,""imu_yaw"":0.7558659315109253,""frame_roll"":0.0,""frame_pitch"":22.18773651123047,""frame_yaw"":0.7558659315109253,""pitch_speed"":0.0,""yaw_speed"":0.0}",-4.0848015
27051598928200,fov,2598,"{""zoom"":12.339999198913574,""hfov"":7.293355464935303,""vfov"":4.106302738189697,""state"":0,""max_aov_h"":90.0,""max_aov_v"":58.71550750732422,""min_aov_h"":1.40625,""min_aov_v"":0.7910428047180176,""max_zoom"":64.0}",-4.0844459
27051605302700,range,1041,"{""message_type"":""GLOBAL_VISION_POSITION_ESTIMATE"",""x"":46.94777297973633,""y"":39.34843063354492}",-4.0780714
27051609265200,target_offset,352,"{""x_angle_offset"":0.02279173582792282,""y_angle_offset"":0.09885543628975196}",-4.0741089
27051623347800,range,1042,"{""message_type"":""GLOBAL_VISION_POSITION_ESTIMATE"",""x"":46.94777297973633,""y"":39.34843063354492}",-4.0600263
27051624093700,gimbal,2599,"{""imu_roll"":0.0,""imu_pitch"":22.212238311767578,""imu_yaw"":0.7631567716598511,""frame_roll"":0.0,""frame_pitch"":22.212238311767578,""frame_yaw"":0.7631567716598511,""pitch_speed"":0.0,""yaw_speed"":0.0}",-4.0592804
27051626435900,fov,2599,"{""zoom"":12.339999198913574,""hfov"":7.293355464935303,""vfov"":4.106302738189697,""state"":0,""max_aov_h"":90.0,""max_aov_v"":58.71550750732422,""min_aov_h"":1.40625,""min_aov_v"":0.7910428047180176,""max_zoom"":64.0}",-4.0569382
27051635463600,target_offset,353,"{""x_angle_offset"":0.06077796220779419,""y_angle_offset"":0.09125117195977105}",-4.0479105
27051648447800,gimbal,2600,"{""imu_roll"":0.0,""imu_pitch"":22.234792709350586,""imu_yaw"":0.7798797488212585,""frame_roll"":0.0,""frame_pitch"":22.234792709350586,""frame_yaw"":0.7798797488212585,""pitch_speed"":0.0,""yaw_speed"":0.0}",-4.0349263
27051648740900,fov,2600,"{""zoom"":12.339999198913574,""hfov"":7.293355464935303,""vfov"":4.106302738189697,""state"":0,""max_aov_h"":90.0,""max_aov_v"":58.71550750732422,""min_aov_h"":1.40625,""min_aov_v"":0.7910428047180176,""max_zoom"":64.0}",-4.0346332
27051665324100,attitude,1030,"{""message_type"":""ATTITUDE"",""time_boot_ms"":113570,""roll"":0.009997932240366936,""pitch"":0.16978301107883453,""yaw"":-3.0652408599853516,""rollspeed"":-0.024261659011244774,""pitchspeed"":-0.00298049277625978,""yawspeed"":-0.01673274114727974}",-4.01805
27051675081400,gimbal,2601,"{""imu_roll"":0.0,""imu_pitch"":22.251256942749023,""imu_yaw"":0.7974244952201843,""frame_roll"":0.0,""frame_pitch"":22.251256942749023,""frame_yaw"":0.7974244952201843,""pitch_speed"":0.0,""yaw_speed"":0.0}",-4.0082927
27051675435100,fov,2601,"{""zoom"":12.339999198913574,""hfov"":7.293355464935303,""vfov"":4.106302738189697,""state"":0,""max_aov_h"":90.0,""max_aov_v"":58.71550750732422,""min_aov_h"":1.40625,""min_aov_v"":0.7910428047180176,""max_zoom"":64.0}",-4.007939
27051684106300,target_offset,354,"{""x_angle_offset"":0.06077796220779419,""y_angle_offset"":0.09125117195977105}",-3.9992678
27051698682100,gimbal,2602,"{""imu_roll"":0.0,""imu_pitch"":22.268413543701172,""imu_yaw"":0.8156521916389465,""frame_roll"":0.0,""frame_pitch"":22.268413543701172,""frame_yaw"":0.8156521916389465,""pitch_speed"":0.0,""yaw_speed"":0.0}",-3.984692
27051699145300,fov,2602,"{""zoom"":12.339999198913574,""hfov"":7.293355464935303,""vfov"":4.106302738189697,""state"":0,""max_aov_h"":90.0,""max_aov_v"":58.71550750732422,""min_aov_h"":1.40625,""min_aov_v"":0.7910428047180176,""max_zoom"":64.0}",-3.9842288
27051710837300,position,515,"{""message_type"":""GLOBAL_POSITION_INT"",""lat"":469537713,""lon"":393491928}",-3.9725368
27051711003200,attitude,1031,"{""message_type"":""ATTITUDE"",""time_boot_ms"":113610,""roll"":0.008374547585844994,""pitch"":0.16955067217350006,""yaw"":-3.0660343170166016,""rollspeed"":-0.020598893985152245,""pitchspeed"":-0.0038482770323753357,""yawspeed"":-0.01741260290145874}",-3.9723709
27051711291000,vfr,515,"{""message_type"":""VFR_HUD"",""airspeed"":28.842533111572266,""alt"":188.5699920654297}",-3.9720831
27051722435800,gimbal,2603,"{""imu_roll"":0.0,""imu_pitch"":22.282075881958008,""imu_yaw"":0.8346793055534363,""frame_roll"":0.0,""frame_pitch"":22.282075881958008,""frame_yaw"":0.8346793055534363,""pitch_speed"":0.0,""yaw_speed"":0.0}",-3.9609383
27051723442700,fov,2603,"{""zoom"":12.339999198913574,""hfov"":7.293355464935303,""vfov"":4.106302738189697,""state"":0,""max_aov_h"":90.0,""max_aov_v"":58.71550750732422,""min_aov_h"":1.40625,""min_aov_v"":0.7910428047180176,""max_zoom"":64.0}",-3.9599314
27051732595700,target_offset,355,"{""x_angle_offset"":0.06837520748376846,""y_angle_offset"":0.08364690762979013}",-3.9507784
27051753467800,gimbal,2604,"{""imu_roll"":0.0,""imu_pitch"":22.300777435302734,""imu_yaw"":0.8594770431518555,""frame_roll"":0.0,""frame_pitch"":22.300777435302734,""frame_yaw"":0.8594770431518555,""pitch_speed"":0.0,""yaw_speed"":0.0}",-3.9299063
27051753807900,fov,2604,"{""zoom"":12.339999198913574,""hfov"":7.293355464935303,""vfov"":4.106302738189697,""state"":0,""max_aov_h"":90.0,""max_aov_v"":58.71550750732422,""min_aov_h"":1.40625,""min_aov_v"":0.7910428047180176,""max_zoom"":64.0}",-3.9295662
27051758041900,target_offset,356,"{""x_angle_offset"":0.07597245275974274,""y_angle_offset"":0.0760426432998092}",-3.9253322
27051761448200,range,1043,"{""message_type"":""GLOBAL_VISION_POSITION_ESTIMATE"",""x"":46.94772720336914,""y"":39.34843063354492}",-3.9219259
27051766324100,range,1044,"{""message_type"":""GLOBAL_VISION_POSITION_ESTIMATE"",""x"":46.94772720336914,""y"":39.34843063354492}",-3.91705
27051774120500,gimbal,2605,"{""imu_roll"":0.0,""imu_pitch"":22.316823959350586,""imu_yaw"":0.8791326284408569,""frame_roll"":0.0,""frame_pitch"":22.316823959350586,""frame_yaw"":0.8791326284408569,""pitch_speed"":0.0,""yaw_speed"":0.0}",-3.9092536
27051774403000,fov,2605,"{""zoom"":12.339999198913574,""hfov"":7.293355464935303,""vfov"":4.106302738189697,""state"":0,""max_aov_h"":90.0,""max_aov_v"":58.71550750732422,""min_aov_h"":1.40625,""min_aov_v"":0.7910428047180176,""max_zoom"":64.0}",-3.9089711
27051786432900,attitude,1032,"{""message_type"":""ATTITUDE"",""time_boot_ms"":113670,""roll"":0.006198342423886061,""pitch"":0.16916146874427795,""yaw"":-3.067262887954712,""rollspeed"":-0.015343176200985909,""pitchspeed"":-0.0045073325745761395,""yawspeed"":-0.01837887056171894}",-3.8969412
27051794326200,gimbal,2606,"{""imu_roll"":0.0,""imu_pitch"":22.32693099975586,""imu_yaw"":0.8953465819358826,""frame_roll"":0.0,""frame_pitch"":22.32693099975586,""frame_yaw"":0.8953465819358826,""pitch_speed"":0.0,""yaw_speed"":0.0}",-3.8890479
27051794904500,fov,2606,"{""zoom"":12.339999198913574,""hfov"":7.293355464935303,""vfov"":4.106302738189697,""state"":0,""max_aov_h"":90.0,""max_aov_v"":58.71550750732422,""min_aov_h"":1.40625,""min_aov_v"":0.7910428047180176,""max_zoom"":64.0}",-3.8884696
27051810453000,target_offset,357,"{""x_angle_offset"":0.07597245275974274,""y_angle_offset"":0.06843837896982828}",-3.8729211
27051827659100,gimbal,2607,"{""imu_roll"":0.0,""imu_pitch"":22.34654998779297,""imu_yaw"":0.9244158267974854,""frame_roll"":0.0,""frame_pitch"":22.34654998779297,""frame_yaw"":0.9244158267974854,""pitch_speed"":0.0,""yaw_speed"":0.0}",-3.855715
27051827967200,fov,2607,"{""zoom"":12.339999198913574,""hfov"":7.293355464935303,""vfov"":4.106302738189697,""state"":0,""max_aov_h"":90.0,""max_aov_v"":58.71550750732422,""min_aov_h"":1.40625,""min_aov_v"":0.7910428047180176,""max_zoom"":64.0}",-3.8554069
27051833963700,target_offset,358,"{""x_angle_offset"":0.07597245275974274,""y_angle_offset"":0.06843837896982828}",-3.8494104
27051838942700,vfr,516,"{""message_type"":""VFR_HUD"",""airspeed"":28.8137149810791,""alt"":188.83999633789062}",-3.8444314
27051839337200,position,516,"{""message_type"":""GLOBAL_POSITION_INT"",""lat"":469537713,""lon"":393491928}",-3.8440369
27051839414200,attitude,1033,"{""message_type"":""ATTITUDE"",""time_boot_ms"":113710,""roll"":0.004929518327116966,""pitch"":0.16888238489627838,""yaw"":-3.0680902004241943,""rollspeed"":-0.011646552011370659,""pitchspeed"":-0.0048181223683059216,""yawspeed"":-0.0188441164791584}",-3.8439599
27051848845100,gimbal,2608,"{""imu_roll"":0.0,""imu_pitch"":22.361530303955078,""imu_yaw"":0.9442644119262695,""frame_roll"":0.0,""frame_pitch"":22.361530303955078,""frame_yaw"":0.9442644119262695,""pitch_speed"":0.0,""yaw_speed"":0.0}",-3.834529
27051849037800,fov,2608,"{""zoom"":12.339999198913574,""hfov"":7.293355464935303,""vfov"":4.106302738189697,""state"":0,""max_aov_h"":90.0,""max_aov_v"":58.71550750732422,""min_aov_h"":1.40625,""min_aov_v"":0.7910428047180176,""max_zoom"":64.0}",-3.8343363
27051871214100,gimbal,2609,"{""imu_roll"":0.0,""imu_pitch"":22.371715545654297,""imu_yaw"":0.9618279337882996,""frame_roll"":0.0,""frame_pitch"":22.371715545654297,""frame_yaw"":0.9618279337882996,""pitch_speed"":0.0,""yaw_speed"":0.0}",-3.81216
27051871524700,fov,2609,"{""zoom"":12.339999198913574,""hfov"":7.293355464935303,""vfov"":4.106302738189697,""state"":0,""max_aov_h"":90.0,""max_aov_v"":58.71550750732422,""min_aov_h"":1.40625,""min_aov_v"":0.7910428047180176,""max_zoom"":64.0}",-3.8118494
27051879103700,target_offset,359,"{""x_angle_offset"":0.07597245275974274,""y_angle_offset"":0.060834114639847364}",-3.8042704
27051892455000,gimbal,2610,"{""imu_roll"":0.0,""imu_pitch"":22.381258010864258,""imu_yaw"":0.9839837551116943,""frame_roll"":0.0,""frame_pitch"":22.381258010864258,""frame_yaw"":0.9839837551116943,""pitch_speed"":0.0,""yaw_speed"":0.0}",-3.7909191
27051892708300,fov,2610,"{""zoom"":12.339999198913574,""hfov"":7.293355464935303,""vfov"":4.106302738189697,""state"":0,""max_aov_h"":90.0,""max_aov_v"":58.71550750732422,""min_aov_h"":1.40625,""min_aov_v"":0.7910428047180176,""max_zoom"":64.0}",-3.7906658
27051899529700,attitude,1034,"{""message_type"":""ATTITUDE"",""time_boot_ms"":113770,""roll"":0.0032568229362368584,""pitch"":0.1684897541999817,""yaw"":-3.069340467453003,""rollspeed"":-0.007312699221074581,""pitchspeed"":-0.004678978584706783,""yawspeed"":-0.01922697387635708}",-3.7838444
27051914842300,gimbal,2611,"{""imu_roll"":0.0,""imu_pitch"":22.387868881225586,""imu_yaw"":1.0037200450897217,""frame_roll"":0.0,""frame_pitch"":22.387868881225586,""frame_yaw"":1.0037200450897217,""pitch_speed"":0.0,""yaw_speed"":0.0}",-3.7685318
27051916060900,fov,2611,"{""zoom"":12.339999198913574,""hfov"":7.293355464935303,""vfov"":4.106302738189697,""state"":0,""max_aov_h"":90.0,""max_aov_v"":58.71550750732422,""min_aov_h"":1.40625,""min_aov_v"":0.7910428047180176,""max_zoom"":64.0}",-3.7673132
27051916938700,range,1045,"{""message_type"":""GLOBAL_VISION_POSITION_ESTIMATE"",""x"":46.94853210449219,""y"":39.348533630371094}",-3.7664354
27051924119200,range,1046,"{""message_type"":""GLOBAL_VISION_POSITION_ESTIMATE"",""x"":46.94853210449219,""y"":39.348533630371094}",-3.7592549
27051926572600,target_offset,360,"{""x_angle_offset"":0.07597245275974274,""y_angle_offset"":0.05322985030986645}",-3.7568015
27051942716900,gimbal,2612,"{""imu_roll"":0.0,""imu_pitch"":22.400894165039062,""imu_yaw"":1.0307979583740234,""frame_roll"":0.0,""frame_pitch"":22.400894165039062,""frame_yaw"":1.0307979583740234,""pitch_speed"":0.0,""yaw_speed"":0.0}",-3.7406572
27051943056600,fov,2612,"{""zoom"":12.339999198913574,""hfov"":7.293355464935303,""vfov"":4.106302738189697,""state"":0,""max_aov_h"":90.0,""max_aov_v"":58.71550750732422,""min_aov_h"":1.40625,""min_aov_v"":0.7910428047180176,""max_zoom"":64.0}",-3.7403175
27051947288900,target_offset,361,"{""x_angle_offset"":0.09116694331169128,""y_angle_offset"":0.04562558597988552}",-3.7360852
27051950732400,attitude,1035,"{""message_type"":""ATTITUDE"",""time_boot_ms"":113810,""roll"":0.0023059009108692408,""pitch"":0.16829492151737213,""yaw"":-3.070164918899536,""rollspeed"":-0.004325891379266977,""pitchspeed"":-0.003952364902943373,""yawspeed"":-0.019430330023169518}",-3.7326417
27051950914900,vfr,517,"{""message_type"":""VFR_HUD"",""airspeed"":28.76321792602539,""alt"":189.1199951171875}",-3.7324592
27051950981500,position,517,"{""message_type"":""GLOBAL_POSITION_INT"",""lat"":469537160,""lon"":393491881}",-3.7323926
27051964587200,gimbal,2613,"{""imu_roll"":0.0,""imu_pitch"":22.408788681030273,""imu_yaw"":1.0576645135879517,""frame_roll"":0.0,""frame_pitch"":22.408788681030273,""frame_yaw"":1.0576645135879517,""pitch_speed"":0.0,""yaw_speed"":0.0}",-3.7187869
27051964905100,fov,2613,"{""zoom"":12.339999198913574,""hfov"":7.293355464935303,""vfov"":4.106302738189697,""state"":0,""max_aov_h"":90.0,""max_aov_v"":58.71550750732422,""min_aov_h"":1.40625,""min_aov_v"":0.7910428047180176,""max_zoom"":64.0}",-3.718469
27051989645200,gimbal,2614,"{""imu_roll"":0.0,""imu_pitch"":22.414207458496094,""imu_yaw"":1.0805182456970215,""frame_roll"":0.0,""frame_pitch"":22.414207458496094,""frame_yaw"":1.0805182456970215,""pitch_speed"":0.0,""yaw_speed"":0.0}",-3.6937289
27051989927800,fov,2614,"{""zoom"":12.339999198913574,""hfov"":7.293355464935303,""vfov"":4.106302738189697,""state"":0,""max_aov_h"":90.0,""max_aov_v"":58.71550750732422,""min_aov_h"":1.40625,""min_aov_v"":0.7910428047180176,""max_zoom"":64.0}",-3.6934463
27051997323500,target_offset,362,"{""x_angle_offset"":0.09116694331169128,""y_angle_offset"":0.04562558597988552}",-3.6860506
27052009614500,gimbal,2615,"{""imu_roll"":0.0,""imu_pitch"":22.423852920532227,""imu_yaw"":1.104625940322876,""frame_roll"":0.0,""frame_pitch"":22.423852920532227,""frame_yaw"":1.104625940322876,""pitch_speed"":0.0,""yaw_speed"":0.0}",-3.6737596
27052009825500,fov,2615,"{""zoom"":12.339999198913574,""hfov"":7.293355464935303,""vfov"":4.106302738189697,""state"":0,""max_aov_h"":90.0,""max_aov_v"":58.71550750732422,""min_aov_h"":1.40625,""min_aov_v"":0.7910428047180176,""max_zoom"":64.0}",-3.6735486
27052014614300,attitude,1036,"{""message_type"":""ATTITUDE"",""time_boot_ms"":113870,""roll"":0.0010955017060041428,""pitch"":0.16806261241436005,""yaw"":-3.071392297744751,""rollspeed"":0.00015401304699480534,""pitchspeed"":-0.0028054933063685894,""yawspeed"":-0.0193996112793684}",-3.6687598
27052031532100,gimbal,2616,"{""imu_roll"":0.0,""imu_pitch"":22.43093490600586,""imu_yaw"":1.126816749572754,""frame_roll"":0.0,""frame_pitch"":22.43093490600586,""frame_yaw"":1.126816749572754,""pitch_speed"":0.0,""yaw_speed"":0.0}",-3.651842
27052031779300,fov,2616,"{""zoom"":12.339999198913574,""hfov"":7.293355464935303,""vfov"":4.106302738189697,""state"":0,""max_aov_h"":90.0,""max_aov_v"":58.71550750732422,""min_aov_h"":1.40625,""min_aov_v"":0.7910428047180176,""max_zoom"":64.0}",-3.6515948
27052042740800,target_offset,363,"{""x_angle_offset"":0.10636143386363983,""y_angle_offset"":0.04562558597988552}",-3.6406333
27052056433500,gimbal,2617,"{""imu_roll"":0.0,""imu_pitch"":22.437252044677734,""imu_yaw"":1.1579970121383667,""frame_roll"":0.0,""frame_pitch"":22.437252044677734,""frame_yaw"":1.1579970121383667,""pitch_speed"":0.0,""yaw_speed"":0.0}",-3.6269406
27052056702400,fov,2617,"{""zoom"":12.339999198913574,""hfov"":7.293355464935303,""vfov"":4.106302738189697,""state"":0,""max_aov_h"":90.0,""max_aov_v"":58.71550750732422,""min_aov_h"":1.40625,""min_aov_v"":0.7910428047180176,""max_zoom"":64.0}",-3.6266717
27052059520300,position,518,"{""message_type"":""GLOBAL_POSITION_INT"",""lat"":469537160,""lon"":393491881}",-3.6238538
27052059674600,attitude,1037,"{""message_type"":""ATTITUDE"",""time_boot_ms"":113910,""roll"":0.00046091375406831503,""pitch"":0.16794916987419128,""yaw"":-3.0721852779388428,""rollspeed"":0.0035062420647591352,""pitchspeed"":-0.0018186368979513645,""yawspeed"":-0.019214924424886703}",-3.6236995
27052059974800,vfr,518,"{""message_type"":""VFR_HUD"",""airspeed"":28.72781753540039,""alt"":189.37998962402344}",-3.6233993
27052080860500,gimbal,2618,"{""imu_roll"":0.0,""imu_pitch"":22.44169044494629,""imu_yaw"":1.1852589845657349,""frame_roll"":0.0,""frame_pitch"":22.44169044494629,""frame_yaw"":1.1852589845657349,""pitch_speed"":0.0,""yaw_speed"":0.0}",-3.6025136
27052081212000,fov,2618,"{""zoom"":12.339999198913574,""hfov"":7.293355464935303,""vfov"":4.106302738189697,""state"":0,""max_aov_h"":90.0,""max_aov_v"":58.71550750732422,""min_aov_h"":1.40625,""min_aov_v"":0.7910428047180176,""max_zoom"":64.0}",-3.6021621
27052084676500,range,1047,"{""message_type"":""GLOBAL_VISION_POSITION_ESTIMATE"",""x"":46.94846725463867,""y"":39.34850311279297}",-3.5986976
27052091884400,target_offset,364,"{""x_angle_offset"":0.1139586791396141,""y_angle_offset"":0.05322985030986645}",-3.5914897
27052102330900,range,1048,"{""message_type"":""GLOBAL_VISION_POSITION_ESTIMATE"",""x"":46.94846725463867,""y"":39.34850311279297}",-3.5810432
27052110943600,gimbal,2619,"{""imu_roll"":0.0,""imu_pitch"":22.453004837036133,""imu_yaw"":1.227620005607605,""frame_roll"":0.0,""frame_pitch"":22.453004837036133,""frame_yaw"":1.227620005607605,""pitch_speed"":0.0,""yaw_speed"":0.0}",-3.5724305
27052111231600,fov,2619,"{""zoom"":12.339999198913574,""hfov"":7.293355464935303,""vfov"":4.106302738189697,""state"":0,""max_aov_h"":90.0,""max_aov_v"":58.71550750732422,""min_aov_h"":1.40625,""min_aov_v"":0.7910428047180176,""max_zoom"":64.0}",-3.5721425
27052116674600,target_offset,365,"{""x_angle_offset"":0.1443476602435112,""y_angle_offset"":0.08364690762979013}",-3.5666995
27052125287900,attitude,1038,"{""message_type"":""ATTITUDE"",""time_boot_ms"":113970,""roll"":-0.0002441589895170182,""pitch"":0.1678583025932312,""yaw"":-3.07334566116333,""rollspeed"":0.0083024762570858,""pitchspeed"":-0.0001566224091220647,""yawspeed"":-0.01870083622634411}",-3.5580862
27052134853900,gimbal,2620,"{""imu_roll"":0.0,""imu_pitch"":22.469146728515625,""imu_yaw"":1.2648894786834717,""frame_roll"":0.0,""frame_pitch"":22.469146728515625,""frame_yaw"":1.2648894786834717,""pitch_speed"":0.0,""yaw_speed"":0.0}",-3.5485202
27052135125300,fov,2620,"{""zoom"":12.339999198913574,""hfov"":7.293355464935303,""vfov"":4.106302738189697,""state"":0,""max_aov_h"":90.0,""max_aov_v"":58.71550750732422,""min_aov_h"":1.40625,""min_aov_v"":0.7910428047180176,""max_zoom"":64.0}",-3.5482488
27052159348600,gimbal,2621,"{""imu_roll"":0.0,""imu_pitch"":22.482084274291992,""imu_yaw"":1.3006736040115356,""frame_roll"":0.0,""frame_pitch"":22.482084274291992,""frame_yaw"":1.3006736040115356,""pitch_speed"":0.0,""yaw_speed"":0.0}",-3.5240255
27052160466200,fov,2621,"{""zoom"":12.339999198913574,""hfov"":7.293355464935303,""vfov"":4.106302738189697,""state"":0,""max_aov_h"":90.0,""max_aov_v"":58.71550750732422,""min_aov_h"":1.40625,""min_aov_v"":0.7910428047180176,""max_zoom"":64.0}",-3.5229079
27052166418200,vfr,519,"{""message_type"":""VFR_HUD"",""airspeed"":28.70301055908203,""alt"":189.63999938964844}",-3.5169559
27052167994700,target_offset,366,"{""x_angle_offset"":0.1443476602435112,""y_angle_offset"":0.08364690762979013}",-3.5153794
27052171030000,position,519,"{""message_type"":""GLOBAL_POSITION_INT"",""lat"":469536605,""lon"":393491838}",-3.5123441
27052171463500,attitude,1039,"{""message_type"":""ATTITUDE"",""time_boot_ms"":114010,""roll"":-0.00043684180127456784,""pitch"":0.16774004697799683,""yaw"":-3.074065923690796,""rollspeed"":0.011572537012398243,""pitchspeed"":0.00124185043387115,""yawspeed"":-0.018302693963050842}",-3.5119106
27052188320300,gimbal,2622,"{""imu_roll"":0.0,""imu_pitch"":22.50067710876465,""imu_yaw"":1.3468186855316162,""frame_roll"":0.0,""frame_pitch"":22.50067710876465,""frame_yaw"":1.3468186855316162,""pitch_speed"":0.0,""yaw_speed"":0.0}",-3.4950538
27052188836900,fov,2622,"{""zoom"":12.339999198913574,""hfov"":7.293355464935303,""vfov"":4.106302738189697,""state"":0,""max_aov_h"":90.0,""max_aov_v"":58.71550750732422,""min_aov_h"":1.40625,""min_aov_v"":0.7910428047180176,""max_zoom"":64.0}",-3.4945372
27052195465200,target_offset,367,"{""x_angle_offset"":0.1443476602435112,""y_angle_offset"":0.09125117195977105}",-3.4879089
27052209785400,gimbal,2623,"{""imu_roll"":0.0,""imu_pitch"":22.519384384155273,""imu_yaw"":1.3781626224517822,""frame_roll"":0.0,""frame_pitch"":22.519384384155273,""frame_yaw"":1.3781626224517822,""pitch_speed"":0.0,""yaw_speed"":0.0}",-3.4735887
27052210582900,fov,2623,"{""zoom"":12.339999198913574,""hfov"":7.293355464935303,""vfov"":4.106302738189697,""state"":0,""max_aov_h"":90.0,""max_aov_v"":58.71550750732422,""min_aov_h"":1.40625,""min_aov_v"":0.7910428047180176,""max_zoom"":64.0}",-3.4727912
27052222942500,attitude,1040,"{""message_type"":""ATTITUDE"",""time_boot_ms"":114070,""roll"":-0.0005043384153395891,""pitch"":0.1676599085330963,""yaw"":-3.0750999450683594,""rollspeed"":0.015626298263669014,""pitchspeed"":0.003129867836833,""yawspeed"":-0.01740809716284275}",-3.4604316
27052235123100,gimbal,2624,"{""imu_roll"":0.0,""imu_pitch"":22.53606605529785,""imu_yaw"":1.411600947380066,""frame_roll"":0.0,""frame_pitch"":22.53606605529785,""frame_yaw"":1.411600947380066,""pitch_speed"":0.0,""yaw_speed"":0.0}",-3.448251
27052237134500,fov,2624,"{""zoom"":12.339999198913574,""hfov"":7.293355464935303,""vfov"":4.106302738189697,""state"":0,""max_aov_h"":90.0,""max_aov_v"":58.71550750732422,""min_aov_h"":1.40625,""min_aov_v"":0.7910428047180176,""max_zoom"":64.0}",-3.4462396
27052239489700,range,1049,"{""message_type"":""GLOBAL_VISION_POSITION_ESTIMATE"",""x"":46.948421478271484,""y"":39.34849166870117}",-3.4438844
27052244672300,target_offset,368,"{""x_angle_offset"":0.15194490551948547,""y_angle_offset"":0.09125117195977105}",-3.4387018
27052247351500,range,1050,"{""message_type"":""GLOBAL_VISION_POSITION_ESTIMATE"",""x"":46.948421478271484,""y"":39.34849166870117}",-3.4360226
27052259168200,gimbal,2625,"{""imu_roll"":0.0,""imu_pitch"":22.553552627563477,""imu_yaw"":1.4519627094268799,""frame_roll"":0.0,""frame_pitch"":22.553552627563477,""frame_yaw"":1.4519627094268799,""pitch_speed"":0.0,""yaw_speed"":0.0}",-3.4242059
27052260097900,fov,2625,"{""zoom"":12.339999198913574,""hfov"":7.293355464935303,""vfov"":4.106302738189697,""state"":0,""max_aov_h"":90.0,""max_aov_v"":58.71550750732422,""min_aov_h"":1.40625,""min_aov_v"":0.7910428047180176,""max_zoom"":64.0}",-3.4232762
27052263596200,vfr,520,"{""message_type"":""VFR_HUD"",""airspeed"":28.685632705688477,""alt"":189.9099884033203}",-3.4197779
27052263687200,position,520,"{""message_type"":""GLOBAL_POSITION_INT"",""lat"":469536605,""lon"":393491838}",-3.4196869
27052263795500,attitude,1041,"{""message_type"":""ATTITUDE"",""time_boot_ms"":114110,""roll"":-0.0004103068495169282,""pitch"":0.16767427325248718,""yaw"":-3.075744152069092,""rollspeed"":0.01813483238220215,""pitchspeed"":0.0045412746258080006,""yawspeed"":-0.016704924404621124}",-3.4195786
27052288351800,gimbal,2626,"{""imu_roll"":0.0,""imu_pitch"":22.56865119934082,""imu_yaw"":1.4930460453033447,""frame_roll"":0.0,""frame_pitch"":22.56865119934082,""frame_yaw"":1.4930460453033447,""pitch_speed"":0.0,""yaw_speed"":0.0}",-3.3950223
27052288900900,fov,2626,"{""zoom"":12.339999198913574,""hfov"":7.293355464935303,""vfov"":4.106302738189697,""state"":0,""max_aov_h"":90.0,""max_aov_v"":58.71550750732422,""min_aov_h"":1.40625,""min_aov_v"":0.7910428047180176,""max_zoom"":64.0}",-3.3944732
27052292356900,target_offset,369,"{""x_angle_offset"":0.15954215079545975,""y_angle_offset"":0.12927249360967566}",-3.3910172
27052318123700,gimbal,2627,"{""imu_roll"":0.0,""imu_pitch"":22.604602813720703,""imu_yaw"":1.5418633222579956,""frame_roll"":0.0,""frame_pitch"":22.604602813720703,""frame_yaw"":1.5418633222579956,""pitch_speed"":0.0,""yaw_speed"":0.0}",-3.3652504
27052318640500,fov,2627,"{""zoom"":12.339999198913574,""hfov"":7.293355464935303,""vfov"":4.106302738189697,""state"":0,""max_aov_h"":90.0,""max_aov_v"":58.71550750732422,""min_aov_h"":1.40625,""min_aov_v"":0.7910428047180176,""max_zoom"":64.0}",-3.3647336
27052323187100,target_offset,370,"{""x_angle_offset"":0.18993113189935684,""y_angle_offset"":0.12927249360967566}",-3.360187
27052327775200,attitude,1042,"{""message_type"":""ATTITUDE"",""time_boot_ms"":114170,""roll"":-0.00014514572103507817,""pitch"":0.16780348122119904,""yaw"":-3.0766520500183105,""rollspeed"":0.020358996465802193,""pitchspeed"":0.006499668583273888,""yawspeed"":-0.01552381832152605}",-3.3555989
27052337068200,gimbal,2628,"{""imu_roll"":0.0,""imu_pitch"":22.630949020385742,""imu_yaw"":1.5848278999328613,""frame_roll"":0.0,""frame_pitch"":22.630949020385742,""frame_yaw"":1.5848278999328613,""pitch_speed"":0.0,""yaw_speed"":0.0}",-3.3463059
27052337370600,fov,2628,"{""zoom"":12.339999198913574,""hfov"":7.293355464935303,""vfov"":4.106302738189697,""state"":0,""max_aov_h"":90.0,""max_aov_v"":58.71550750732422,""min_aov_h"":1.40625,""min_aov_v"":0.7910428047180176,""max_zoom"":64.0}",-3.3460035
27052362336200,gimbal,2629,"{""imu_roll"":0.0,""imu_pitch"":22.654010772705078,""imu_yaw"":1.6273467540740967,""frame_roll"":0.0,""frame_pitch"":22.654010772705078,""frame_yaw"":1.6273467540740967,""pitch_speed"":0.0,""yaw_speed"":0.0}",-3.3210379
27052362680400,fov,2629,"{""zoom"":12.339999198913574,""hfov"":7.293355464935303,""vfov"":4.106302738189697,""state"":0,""max_aov_h"":90.0,""max_aov_v"":58.71550750732422,""min_aov_h"":1.40625,""min_aov_v"":0.7910428047180176,""max_zoom"":64.0}",-3.3206937
27052368034000,target_offset,371,"{""x_angle_offset"":0.18993113189935684,""y_angle_offset"":0.12927249360967566}",-3.3153401
27052373106200,position,521,"{""message_type"":""GLOBAL_POSITION_INT"",""lat"":469536050,""lon"":393491794}",-3.3102679
27052373225500,attitude,1043,"{""message_type"":""ATTITUDE"",""time_boot_ms"":114210,""roll"":0.0002192764077335596,""pitch"":0.16798679530620575,""yaw"":-3.0771865844726562,""rollspeed"":0.022444723173975945,""pitchspeed"":0.007533532567322254,""yawspeed"":-0.014634331688284874}",-3.3101486
27052373462700,vfr,521,"{""message_type"":""VFR_HUD"",""airspeed"":28.673460006713867,""alt"":190.1699981689453}",-3.3099114
27052391168500,gimbal,2630,"{""imu_roll"":0.0,""imu_pitch"":22.681198120117188,""imu_yaw"":1.6741803884506226,""frame_roll"":0.0,""frame_pitch"":22.681198120117188,""frame_yaw"":1.6741803884506226,""pitch_speed"":0.0,""yaw_speed"":0.0}",-3.2922056
27052391477100,fov,2630,"{""zoom"":12.339999198913574,""hfov"":7.293355464935303,""vfov"":4.106302738189697,""state"":0,""max_aov_h"":90.0,""max_aov_v"":58.71550750732422,""min_aov_h"":1.40625,""min_aov_v"":0.7910428047180176,""max_zoom"":64.0}",-3.291897
27052394669700,range,1051,"{""message_type"":""GLOBAL_VISION_POSITION_ESTIMATE"",""x"":46.948368072509766,""y"":39.34846496582031}",-3.2887044
27052398808500,target_offset,372,"{""x_angle_offset"":0.18993113189935684,""y_angle_offset"":0.13687675793965656}",-3.2845656
27052401897300,range,1052,"{""message_type"":""GLOBAL_VISION_POSITION_ESTIMATE"",""x"":46.948368072509766,""y"":39.34846496582031}",-3.2814768
27052415771800,gimbal,2631,"{""imu_roll"":0.0,""imu_pitch"":22.71512794494629,""imu_yaw"":1.724854826927185,""frame_roll"":0.0,""frame_pitch"":22.71512794494629,""frame_yaw"":1.724854826927185,""pitch_speed"":0.0,""yaw_speed"":0.0}",-3.2676023
27052416053800,fov,2631,"{""zoom"":12.339999198913574,""hfov"":7.293355464935303,""vfov"":4.106302738189697,""state"":0,""max_aov_h"":90.0,""max_aov_v"":58.71550750732422,""min_aov_h"":1.40625,""min_aov_v"":0.7910428047180176,""max_zoom"":64.0}",-3.2673203
27052437403600,attitude,1044,"{""message_type"":""ATTITUDE"",""time_boot_ms"":114270,""roll"":0.0010389791568741202,""pitch"":0.1683962047100067,""yaw"":-3.077894687652588,""rollspeed"":0.024944888427853584,""pitchspeed"":0.008757628500461578,""yawspeed"":-0.013153106905519962}",-3.2459705
27052439174700,gimbal,2632,"{""imu_roll"":0.0,""imu_pitch"":22.738515853881836,""imu_yaw"":1.7639144659042358,""frame_roll"":0.0,""frame_pitch"":22.738515853881836,""frame_yaw"":1.7639144659042358,""pitch_speed"":0.0,""yaw_speed"":0.0}",-3.2441994
27052439497000,fov,2632,"{""zoom"":12.339999198913574,""hfov"":7.293355464935303,""vfov"":4.106302738189697,""state"":0,""max_aov_h"":90.0,""max_aov_v"":58.71550750732422,""min_aov_h"":1.40625,""min_aov_v"":0.7910428047180176,""max_zoom"":64.0}",-3.2438771
27052448796200,target_offset,373,"{""x_angle_offset"":0.18993113189935684,""y_angle_offset"":0.13687675793965656}",-3.2345779
27052468298800,gimbal,2633,"{""imu_roll"":0.0,""imu_pitch"":22.775686264038086,""imu_yaw"":1.8144490718841553,""frame_roll"":0.0,""frame_pitch"":22.775686264038086,""frame_yaw"":1.8144490718841553,""pitch_speed"":0.0,""yaw_speed"":0.0}",-3.2150753
27052468650600,fov,2633,"{""zoom"":12.339999198913574,""hfov"":7.293355464935303,""vfov"":4.106302738189697,""state"":0,""max_aov_h"":90.0,""max_aov_v"":58.71550750732422,""min_aov_h"":1.40625,""min_aov_v"":0.7910428047180176,""max_zoom"":64.0}",-3.2147235
27052474447500,target_offset,374,"{""x_angle_offset"":0.18993113189935684,""y_angle_offset"":0.13687675793965656}",-3.2089266
27052481360100,attitude,1045,"{""message_type"":""ATTITUDE"",""time_boot_ms"":114310,""roll"":0.0016569324070587754,""pitch"":0.16869795322418213,""yaw"":-3.0783050060272217,""rollspeed"":0.025985823944211006,""pitchspeed"":0.009194575250148773,""yawspeed"":-0.012094664387404919}",-3.202014
27052481619600,vfr,522,"{""message_type"":""VFR_HUD"",""airspeed"":28.63449478149414,""alt"":190.42999267578125}",-3.2017545
27052481687300,position,522,"{""message_type"":""GLOBAL_POSITION_INT"",""lat"":469536050,""lon"":393491794}",-3.2016868
27052488235400,gimbal,2634,"{""imu_roll"":0.0,""imu_pitch"":22.80097770690918,""imu_yaw"":1.8559733629226685,""frame_roll"":0.0,""frame_pitch"":22.80097770690918,""frame_yaw"":1.8559733629226685,""pitch_speed"":0.0,""yaw_speed"":0.0}",-3.1951387
27052488648300,fov,2634,"{""zoom"":12.339999198913574,""hfov"":7.293355464935303,""vfov"":4.106302738189697,""state"":0,""max_aov_h"":90.0,""max_aov_v"":58.71550750732422,""min_aov_h"":1.40625,""min_aov_v"":0.7910428047180176,""max_zoom"":64.0}",-3.1947258
27052511451200,gimbal,2635,"{""imu_roll"":0.0,""imu_pitch"":22.822492599487305,""imu_yaw"":1.8940963745117188,""frame_roll"":0.0,""frame_pitch"":22.822492599487305,""frame_yaw"":1.8940963745117188,""pitch_speed"":0.0,""yaw_speed"":0.0}",-3.1719229
27052511761800,fov,2635,"{""zoom"":12.339999198913574,""hfov"":7.293355464935303,""vfov"":4.106302738189697,""state"":0,""max_aov_h"":90.0,""max_aov_v"":58.71550750732422,""min_aov_h"":1.40625,""min_aov_v"":0.7910428047180176,""max_zoom"":64.0}",-3.1716123
27052520942400,target_offset,375,"{""x_angle_offset"":0.18233388662338257,""y_angle_offset"":0.1444810222696375}",-3.1624317
27052533440200,gimbal,2636,"{""imu_roll"":0.0,""imu_pitch"":22.853059768676758,""imu_yaw"":1.934049129486084,""frame_roll"":0.0,""frame_pitch"":22.853059768676758,""frame_yaw"":1.934049129486084,""pitch_speed"":0.0,""yaw_speed"":0.0}",-3.1499339
27052533916600,fov,2636,"{""zoom"":12.339999198913574,""hfov"":7.293355464935303,""vfov"":4.106302738189697,""state"":0,""max_aov_h"":90.0,""max_aov_v"":58.71550750732422,""min_aov_h"":1.40625,""min_aov_v"":0.7910428047180176,""max_zoom"":64.0}",-3.1494575
27052543489200,attitude,1046,"{""message_type"":""ATTITUDE"",""time_boot_ms"":114370,""roll"":0.002652618335559964,""pitch"":0.16916564106941223,""yaw"":-3.0788352489471436,""rollspeed"":0.026801103726029396,""pitchspeed"":0.009371687658131123,""yawspeed"":-0.010376389138400555}",-3.1398849
27052559198500,gimbal,2637,"{""imu_roll"":0.0,""imu_pitch"":22.879562377929688,""imu_yaw"":1.971587896347046,""frame_roll"":0.0,""frame_pitch"":22.879562377929688,""frame_yaw"":1.971587896347046,""pitch_speed"":0.0,""yaw_speed"":0.0}",-3.1241756
27052559531400,fov,2637,"{""zoom"":12.339999198913574,""hfov"":7.293355464935303,""vfov"":4.106302738189697,""state"":0,""max_aov_h"":90.0,""max_aov_v"":58.71550750732422,""min_aov_h"":1.40625,""min_aov_v"":0.7910428047180176,""max_zoom"":64.0}",-3.1238427
27052564974800,range,1053,"{""message_type"":""GLOBAL_VISION_POSITION_ESTIMATE"",""x"":46.948368072509766,""y"":39.34844970703125}",-3.1183993
27052566599600,target_offset,376,"{""x_angle_offset"":0.18233388662338257,""y_angle_offset"":0.1444810222696375}",-3.1167745
27052569492100,range,1054,"{""message_type"":""GLOBAL_VISION_POSITION_ESTIMATE"",""x"":46.948368072509766,""y"":39.34844970703125}",-3.113882
27052585685400,gimbal,2638,"{""imu_roll"":0.0,""imu_pitch"":22.91398811340332,""imu_yaw"":2.0242655277252197,""frame_roll"":0.0,""frame_pitch"":22.91398811340332,""frame_yaw"":2.0242655277252197,""pitch_speed"":0.0,""yaw_speed"":0.0}",-3.0976887
27052585979300,fov,2638,"{""zoom"":12.339999198913574,""hfov"":7.293355464935303,""vfov"":4.106302738189697,""state"":0,""max_aov_h"":90.0,""max_aov_v"":58.71550750732422,""min_aov_h"":1.40625,""min_aov_v"":0.7910428047180176,""max_zoom"":64.0}",-3.0973948
27052590831600,vfr,523,"{""message_type"":""VFR_HUD"",""airspeed"":28.60718536376953,""alt"":190.69000244140625}",-3.0925425
27052590965500,position,523,"{""message_type"":""GLOBAL_POSITION_INT"",""lat"":469535498,""lon"":393491749}",-3.0924086
27052591052600,attitude,1047,"{""message_type"":""ATTITUDE"",""time_boot_ms"":114410,""roll"":0.0033306065015494823,""pitch"":0.16945387423038483,""yaw"":-3.079120635986328,""rollspeed"":0.02674844115972519,""pitchspeed"":0.008513389155268669,""yawspeed"":-0.009189349599182606}",-3.0923215
27052593292500,target_offset,377,"{""x_angle_offset"":0.1747366413474083,""y_angle_offset"":0.1444810222696375}",-3.0900816
27052610364000,gimbal,2639,"{""imu_roll"":0.0,""imu_pitch"":22.94720458984375,""imu_yaw"":2.0688815116882324,""frame_roll"":0.0,""frame_pitch"":22.94720458984375,""frame_yaw"":2.0688815116882324,""pitch_speed"":0.0,""yaw_speed"":0.0}",-3.0730101
27052611070500,fov,2639,"{""zoom"":12.339999198913574,""hfov"":7.293355464935303,""vfov"":4.106302738189697,""state"":0,""max_aov_h"":90.0,""max_aov_v"":58.71550750732422,""min_aov_h"":1.40625,""min_aov_v"":0.7910428047180176,""max_zoom"":64.0}",-3.0723036
27052634059900,gimbal,2640,"{""imu_roll"":0.0,""imu_pitch"":22.969440460205078,""imu_yaw"":2.1004629135131836,""frame_roll"":0.0,""frame_pitch"":22.969440460205078,""frame_yaw"":2.1004629135131836,""pitch_speed"":0.0,""yaw_speed"":0.0}",-3.0493142
27052634434400,fov,2640,"{""zoom"":12.339999198913574,""hfov"":7.293355464935303,""vfov"":4.106302738189697,""state"":0,""max_aov_h"":90.0,""max_aov_v"":58.71550750732422,""min_aov_h"":1.40625,""min_aov_v"":0.7910428047180176,""max_zoom"":64.0}",-3.0489397
27052644029700,target_offset,378,"{""x_angle_offset"":0.16713939607143402,""y_angle_offset"":0.1444810222696375}",-3.0393444
27052651118200,attitude,1048,"{""message_type"":""ATTITUDE"",""time_boot_ms"":114470,""roll"":0.004656422417610884,""pitch"":0.1700466424226761,""yaw"":-3.079409599304199,""rollspeed"":0.026872137561440468,""pitchspeed"":0.007018485106527805,""yawspeed"":-0.007283315062522888}",-3.0322559
27052653486900,gimbal,2641,"{""imu_roll"":0.0,""imu_pitch"":22.998157501220703,""imu_yaw"":2.1396453380584717,""frame_roll"":0.0,""frame_pitch"":22.998157501220703,""frame_yaw"":2.1396453380584717,""pitch_speed"":0.0,""yaw_speed"":0.0}",-3.0298872
27052653741200,fov,2641,"{""zoom"":12.339999198913574,""hfov"":7.293355464935303,""vfov"":4.106302738189697,""state"":0,""max_aov_h"":90.0,""max_aov_v"":58.71550750732422,""min_aov_h"":1.40625,""min_aov_v"":0.7910428047180176,""max_zoom"":64.0}",-3.0296329
27052676152900,gimbal,2642,"{""imu_roll"":0.0,""imu_pitch"":23.017881393432617,""imu_yaw"":2.167696475982666,""frame_roll"":0.0,""frame_pitch"":23.017881393432617,""frame_yaw"":2.167696475982666,""pitch_speed"":0.0,""yaw_speed"":0.0}",-3.0072212
27052676412400,fov,2642,"{""zoom"":12.339999198913574,""hfov"":7.293355464935303,""vfov"":4.106302738189697,""state"":0,""max_aov_h"":90.0,""max_aov_v"":58.71550750732422,""min_aov_h"":1.40625,""min_aov_v"":0.7910428047180176,""max_zoom"":64.0}",-3.0069617
27052688367700,target_offset,379,"{""x_angle_offset"":0.16713939607143402,""y_angle_offset"":0.1444810222696375}",-2.9950064
27052694775400,vfr,524,"{""message_type"":""VFR_HUD"",""airspeed"":28.588054656982422,""alt"":190.95999145507812}",-2.9885987
27052694892400,position,524,"{""message_type"":""GLOBAL_POSITION_INT"",""lat"":469535498,""lon"":393491749}",-2.9884817
27052694974200,attitude,1049,"{""message_type"":""ATTITUDE"",""time_boot_ms"":114510,""roll"":0.005548023618757725,""pitch"":0.17039142549037933,""yaw"":-3.079530715942383,""rollspeed"":0.026712287217378616,""pitchspeed"":0.006010368466377258,""yawspeed"":-0.006056175567209721}",-2.9883999
27052706550300,gimbal,2643,"{""imu_roll"":0.0,""imu_pitch"":23.06053352355957,""imu_yaw"":2.2181739807128906,""frame_roll"":0.0,""frame_pitch"":23.06053352355957,""frame_yaw"":2.2181739807128906,""pitch_speed"":0.0,""yaw_speed"":0.0}",-2.9768238
27052707203300,fov,2643,"{""zoom"":12.339999198913574,""hfov"":7.293355464935303,""vfov"":4.106302738189697,""state"":0,""max_aov_h"":90.0,""max_aov_v"":58.71550750732422,""min_aov_h"":1.40625,""min_aov_v"":0.7910428047180176,""max_zoom"":64.0}",-2.9761708
27052709415100,target_offset,380,"{""x_angle_offset"":0.15954215079545975,""y_angle_offset"":0.1520852865996184}",-2.973959
27052719367300,range,1055,"{""message_type"":""GLOBAL_VISION_POSITION_ESTIMATE"",""x"":46.94831085205078,""y"":39.34843826293945}",-2.9640068
27052727862700,gimbal,2644,"{""imu_roll"":0.0,""imu_pitch"":23.094064712524414,""imu_yaw"":2.2555878162384033,""frame_roll"":0.0,""frame_pitch"":23.094064712524414,""frame_yaw"":2.2555878162384033,""pitch_speed"":0.0,""yaw_speed"":0.0}",-2.9555114
27052728179600,fov,2644,"{""zoom"":12.339999198913574,""hfov"":7.293355464935303,""vfov"":4.106302738189697,""state"":0,""max_aov_h"":90.0,""max_aov_v"":58.71550750732422,""min_aov_h"":1.40625,""min_aov_v"":0.7910428047180176,""max_zoom"":64.0}",-2.9551945
27052736857100,range,1056,"{""message_type"":""GLOBAL_VISION_POSITION_ESTIMATE"",""x"":46.94831085205078,""y"":39.34843826293945}",-2.946517
27052751389200,gimbal,2645,"{""imu_roll"":0.0,""imu_pitch"":23.11870574951172,""imu_yaw"":2.283816337585449,""frame_roll"":0.0,""frame_pitch"":23.11870574951172,""frame_yaw"":2.283816337585449,""pitch_speed"":0.0,""yaw_speed"":0.0}",-2.9319849
27052751905500,fov,2645,"{""zoom"":12.339999198913574,""hfov"":7.293355464935303,""vfov"":4.106302738189697,""state"":0,""max_aov_h"":90.0,""max_aov_v"":58.71550750732422,""min_aov_h"":1.40625,""min_aov_v"":0.7910428047180176,""max_zoom"":64.0}",-2.9314686
27052761033800,target_offset,381,"{""x_angle_offset"":0.15954215079545975,""y_angle_offset"":0.1520852865996184}",-2.9223403
27052763699500,attitude,1050,"{""message_type"":""ATTITUDE"",""time_boot_ms"":114570,""roll"":0.006879026535898447,""pitch"":0.1708303838968277,""yaw"":-3.079615831375122,""rollspeed"":0.02616075612604618,""pitchspeed"":0.004478009883314371,""yawspeed"":-0.004043025430291891}",-2.9196746
27052773438000,gimbal,2646,"{""imu_roll"":0.0,""imu_pitch"":23.15352439880371,""imu_yaw"":2.3202297687530518,""frame_roll"":0.0,""frame_pitch"":23.15352439880371,""frame_yaw"":2.3202297687530518,""pitch_speed"":0.0,""yaw_speed"":0.0}",-2.9099361
27052773708700,fov,2646,"{""zoom"":12.339999198913574,""hfov"":7.293355464935303,""vfov"":4.106302738189697,""state"":0,""max_aov_h"":90.0,""max_aov_v"":58.71550750732422,""min_aov_h"":1.40625,""min_aov_v"":0.7910428047180176,""max_zoom"":64.0}",-2.9096654
27052796515800,gimbal,2647,"{""imu_roll"":0.0,""imu_pitch"":23.17816734313965,""imu_yaw"":2.3462984561920166,""frame_roll"":0.0,""frame_pitch"":23.17816734313965,""frame_yaw"":2.3462984561920166,""pitch_speed"":0.0,""yaw_speed"":0.0}",-2.8868583
27052796821500,fov,2647,"{""zoom"":12.339999198913574,""hfov"":7.293355464935303,""vfov"":4.106302738189697,""state"":0,""max_aov_h"":90.0,""max_aov_v"":58.71550750732422,""min_aov_h"":1.40625,""min_aov_v"":0.7910428047180176,""max_zoom"":64.0}",-2.8865526
27052808394200,target_offset,382,"{""x_angle_offset"":0.15194490551948547,""y_angle_offset"":0.1444810222696375}",-2.8749799
27052813475600,position,525,"{""message_type"":""GLOBAL_POSITION_INT"",""lat"":469535498,""lon"":393491749}",-2.8698985
27052813629900,attitude,1051,"{""message_type"":""ATTITUDE"",""time_boot_ms"":114610,""roll"":0.007761143613606691,""pitch"":0.17107310891151428,""yaw"":-3.0795955657958984,""rollspeed"":0.025815743952989578,""pitchspeed"":0.00348626053892076,""yawspeed"":-0.002597759012132883}",-2.8697442
27052814572800,vfr,525,"{""message_type"":""VFR_HUD"",""airspeed"":28.574655532836914,""alt"":191.22000122070312}",-2.8688013
27052826377000,gimbal,2648,"{""imu_roll"":0.0,""imu_pitch"":23.219436645507812,""imu_yaw"":2.3882381916046143,""frame_roll"":0.0,""frame_pitch"":23.219436645507812,""frame_yaw"":2.3882381916046143,""pitch_speed"":0.0,""yaw_speed"":0.0}",-2.8569971
27052826690900,fov,2648,"{""zoom"":12.339999198913574,""hfov"":7.293355464935303,""vfov"":4.106302738189697,""state"":0,""max_aov_h"":90.0,""max_aov_v"":58.71550750732422,""min_aov_h"":1.40625,""min_aov_v"":0.7910428047180176,""max_zoom"":64.0}",-2.8566832
27052833183300,target_offset,383,"{""x_angle_offset"":0.1443476602435112,""y_angle_offset"":0.13687675793965656}",-2.8501908
27052849542800,gimbal,2649,"{""imu_roll"":0.0,""imu_pitch"":23.246376037597656,""imu_yaw"":2.420447826385498,""frame_roll"":0.0,""frame_pitch"":23.246376037597656,""frame_yaw"":2.420447826385498,""pitch_speed"":0.0,""yaw_speed"":0.0}",-2.8338313
27052849828900,fov,2649,"{""zoom"":12.339999198913574,""hfov"":7.293355464935303,""vfov"":4.106302738189697,""state"":0,""max_aov_h"":90.0,""max_aov_v"":58.71550750732422,""min_aov_h"":1.40625,""min_aov_v"":0.7910428047180176,""max_zoom"":64.0}",-2.8335452
27052872836100,gimbal,2650,"{""imu_roll"":0.0,""imu_pitch"":23.266929626464844,""imu_yaw"":2.4446771144866943,""frame_roll"":0.0,""frame_pitch"":23.266929626464844,""frame_yaw"":2.4446771144866943,""pitch_speed"":0.0,""yaw_speed"":0.0}",-2.810538
27052873021600,attitude,1052,"{""message_type"":""ATTITUDE"",""time_boot_ms"":114670,""roll"":0.009232689626514912,""pitch"":0.17120538651943207,""yaw"":-3.079435348510742,""rollspeed"":0.024349484592676163,""pitchspeed"":0.0018637708853930235,""yawspeed"":-0.0005537548568099737}",-2.8103525
27052875678700,fov,2650,"{""zoom"":12.339999198913574,""hfov"":7.293355464935303,""vfov"":4.106302738189697,""state"":0,""max_aov_h"":90.0,""max_aov_v"":58.71550750732422,""min_aov_h"":1.40625,""min_aov_v"":0.7910428047180176,""max_zoom"":64.0}",-2.8076954
27052876826900,range,1057,"{""message_type"":""GLOBAL_VISION_POSITION_ESTIMATE"",""x"":46.94831085205078,""y"":39.348419189453125}",-2.8065472
27052883296400,target_offset,384,"{""x_angle_offset"":0.13675041496753693,""y_angle_offset"":0.1064597006197329}",-2.8000777
27052895536500,range,1058,"{""message_type"":""GLOBAL_VISION_POSITION_ESTIMATE"",""x"":46.94831085205078,""y"":39.348419189453125}",-2.7878376
27052896416400,gimbal,2651,"{""imu_roll"":0.0,""imu_pitch"":23.288101196289062,""imu_yaw"":2.47383189201355,""frame_roll"":0.0,""frame_pitch"":23.288101196289062,""frame_yaw"":2.47383189201355,""pitch_speed"":0.0,""yaw_speed"":0.0}",-2.7869577
27052896662000,fov,2651,"{""zoom"":12.339999198913574,""hfov"":7.293355464935303,""vfov"":4.106302738189697,""state"":0,""max_aov_h"":90.0,""max_aov_v"":58.71550750732422,""min_aov_h"":1.40625,""min_aov_v"":0.7910428047180176,""max_zoom"":64.0}",-2.7867121
27052913015700,position,526,"{""message_type"":""GLOBAL_POSITION_INT"",""lat"":469534944,""lon"":393491700}",-2.7703584
27052913178300,attitude,1053,"{""message_type"":""ATTITUDE"",""time_boot_ms"":114710,""roll"":0.010235018096864223,""pitch"":0.17119334638118744,""yaw"":-3.0792431831359863,""rollspeed"":0.023351604118943214,""pitchspeed"":0.0010787739884108305,""yawspeed"":0.0008118662517517805}",-2.7701958
27052913516300,vfr,526,"{""message_type"":""VFR_HUD"",""airspeed"":28.565271377563477,""alt"":191.47000122070312}",-2.7698578
27052920288200,gimbal,2652,"{""imu_roll"":0.0,""imu_pitch"":23.30404281616211,""imu_yaw"":2.494997262954712,""frame_roll"":0.0,""frame_pitch"":23.30404281616211,""frame_yaw"":2.494997262954712,""pitch_speed"":0.0,""yaw_speed"":0.0}",-2.7630859
27052920578500,fov,2652,"{""zoom"":12.339999198913574,""hfov"":7.293355464935303,""vfov"":4.106302738189697,""state"":0,""max_aov_h"":90.0,""max_aov_v"":58.71550750732422,""min_aov_h"":1.40625,""min_aov_v"":0.7910428047180176,""max_zoom"":64.0}",-2.7627956
27052930813200,target_offset,385,"{""x_angle_offset"":0.12915316969156265,""y_angle_offset"":0.09885543628975196}",-2.7525609
27052948567100,gimbal,2653,"{""imu_roll"":0.0,""imu_pitch"":23.33242416381836,""imu_yaw"":2.5286505222320557,""frame_roll"":0.0,""frame_pitch"":23.33242416381836,""frame_yaw"":2.5286505222320557,""pitch_speed"":0.0,""yaw_speed"":0.0}",-2.734807
27052948851100,fov,2653,"{""zoom"":12.339999198913574,""hfov"":7.293355464935303,""vfov"":4.106302738189697,""state"":0,""max_aov_h"":90.0,""max_aov_v"":58.71550750732422,""min_aov_h"":1.40625,""min_aov_v"":0.7910428047180176,""max_zoom"":64.0}",-2.734523
27052954905300,target_offset,386,"{""x_angle_offset"":0.12155592441558838,""y_angle_offset"":0.09125117195977105}",-2.7284688
27052972876400,gimbal,2654,"{""imu_roll"":0.0,""imu_pitch"":23.354280471801758,""imu_yaw"":2.55310320854187,""frame_roll"":0.0,""frame_pitch"":23.354280471801758,""frame_yaw"":2.55310320854187,""pitch_speed"":0.0,""yaw_speed"":0.0}",-2.7104977
27052973805600,fov,2654,"{""zoom"":12.339999198913574,""hfov"":7.293355464935303,""vfov"":4.106302738189697,""state"":0,""max_aov_h"":90.0,""max_aov_v"":58.71550750732422,""min_aov_h"":1.40625,""min_aov_v"":0.7910428047180176,""max_zoom"":64.0}",-2.7095685
27052977719300,attitude,1054,"{""message_type"":""ATTITUDE"",""time_boot_ms"":114770,""roll"":0.011641297489404678,""pitch"":0.1711294800043106,""yaw"":-3.078853130340576,""rollspeed"":0.021440280601382256,""pitchspeed"":0.00025007472140714526,""yawspeed"":0.002997056348249316}",-2.7056548
27052997264800,gimbal,2655,"{""imu_roll"":0.0,""imu_pitch"":23.370763778686523,""imu_yaw"":2.5696961879730225,""frame_roll"":0.0,""frame_pitch"":23.370763778686523,""frame_yaw"":2.5696961879730225,""pitch_speed"":0.0,""yaw_speed"":0.0}",-2.6861093
27052997685200,fov,2655,"{""zoom"":12.339999198913574,""hfov"":7.293355464935303,""vfov"":4.106302738189697,""state"":0,""max_aov_h"":90.0,""max_aov_v"":58.71550750732422,""min_aov_h"":1.40625,""min_aov_v"":0.7910428047180176,""max_zoom"":64.0}",-2.6856889
27053006056200,target_offset,387,"{""x_angle_offset"":0.1139586791396141,""y_angle_offset"":0.08364690762979013}",-2.6773179
27053023924900,attitude,1055,"{""message_type"":""ATTITUDE"",""time_boot_ms"":114810,""roll"":0.012597816064953804,""pitch"":0.17107175290584564,""yaw"":-3.0785155296325684,""rollspeed"":0.021970003843307495,""pitchspeed"":0.00015235826140269637,""yawspeed"":0.004459301941096783}",-2.6594492
27053024358100,vfr,527,"{""message_type"":""VFR_HUD"",""airspeed"":28.52814292907715,""alt"":191.739990234375}",-2.659016
27053024475300,position,527,"{""message_type"":""GLOBAL_POSITION_INT"",""lat"":469534944,""lon"":393491700}",-2.6588988
27053024962300,gimbal,2656,"{""imu_roll"":0.0,""imu_pitch"":23.39185333251953,""imu_yaw"":2.5992612838745117,""frame_roll"":0.0,""frame_pitch"":23.39185333251953,""frame_yaw"":2.5992612838745117,""pitch_speed"":0.0,""yaw_speed"":0.0}",-2.6584118
27053025606900,fov,2656,"{""zoom"":12.339999198913574,""hfov"":7.293355464935303,""vfov"":4.106302738189697,""state"":0,""max_aov_h"":90.0,""max_aov_v"":58.71550750732422,""min_aov_h"":1.40625,""min_aov_v"":0.7910428047180176,""max_zoom"":64.0}",-2.6577672
27053032323300,target_offset,388,"{""x_angle_offset"":0.10636143386363983,""y_angle_offset"":0.08364690762979013}",-2.6510508
27053045891400,range,1059,"{""message_type"":""GLOBAL_VISION_POSITION_ESTIMATE"",""x"":46.94826126098633,""y"":39.34839630126953}",-2.6374827
27053047847300,range,1060,"{""message_type"":""GLOBAL_VISION_POSITION_ESTIMATE"",""x"":46.94826126098633,""y"":39.34839630126953}",-2.6355268
27053048600700,gimbal,2657,"{""imu_roll"":0.0,""imu_pitch"":23.40958595275879,""imu_yaw"":2.621814012527466,""frame_roll"":0.0,""frame_pitch"":23.40958595275879,""frame_yaw"":2.621814012527466,""pitch_speed"":0.0,""yaw_speed"":0.0}",-2.6347734
27053049405200,fov,2657,"{""zoom"":12.339999198913574,""hfov"":7.293355464935303,""vfov"":4.106302738189697,""state"":0,""max_aov_h"":90.0,""max_aov_v"":58.71550750732422,""min_aov_h"":1.40625,""min_aov_v"":0.7910428047180176,""max_zoom"":64.0}",-2.6339689
27053072207200,gimbal,2658,"{""imu_roll"":0.0,""imu_pitch"":23.422317504882812,""imu_yaw"":2.635756254196167,""frame_roll"":0.0,""frame_pitch"":23.422317504882812,""frame_yaw"":2.635756254196167,""pitch_speed"":0.0,""yaw_speed"":0.0}",-2.6111669
27053073860000,fov,2658,"{""zoom"":12.339999198913574,""hfov"":7.293355464935303,""vfov"":4.106302738189697,""state"":0,""max_aov_h"":90.0,""max_aov_v"":58.71550750732422,""min_aov_h"":1.40625,""min_aov_v"":0.7910428047180176,""max_zoom"":64.0}",-2.6095141
27053083907600,target_offset,389,"{""x_angle_offset"":0.09876418858766556,""y_angle_offset"":0.08364690762979013}",-2.5994665
27053089976800,attitude,1056,"{""message_type"":""ATTITUDE"",""time_boot_ms"":114870,""roll"":0.014192672446370125,""pitch"":0.1710294932126999,""yaw"":-3.0778818130493164,""rollspeed"":0.02296171523630619,""pitchspeed"":0.00022780877770856023,""yawspeed"":0.006829533725976944}",-2.5933973
27053096055200,gimbal,2659,"{""imu_roll"":0.0,""imu_pitch"":23.43899917602539,""imu_yaw"":2.655226707458496,""frame_roll"":0.0,""frame_pitch"":23.43899917602539,""frame_yaw"":2.655226707458496,""pitch_speed"":0.0,""yaw_speed"":0.0}",-2.5873189
27053096327500,fov,2659,"{""zoom"":12.339999198913574,""hfov"":7.293355464935303,""vfov"":4.106302738189697,""state"":0,""max_aov_h"":90.0,""max_aov_v"":58.71550750732422,""min_aov_h"":1.40625,""min_aov_v"":0.7910428047180176,""max_zoom"":64.0}",-2.5870466
27053121736600,gimbal,2660,"{""imu_roll"":0.0,""imu_pitch"":23.449993133544922,""imu_yaw"":2.6653175354003906,""frame_roll"":0.0,""frame_pitch"":23.449993133544922,""frame_yaw"":2.6653175354003906,""pitch_speed"":0.0,""yaw_speed"":0.0}",-2.5616375
27053122220500,fov,2660,"{""zoom"":12.339999198913574,""hfov"":7.293355464935303,""vfov"":4.106302738189697,""state"":0,""max_aov_h"":90.0,""max_aov_v"":58.71550750732422,""min_aov_h"":1.40625,""min_aov_v"":0.7910428047180176,""max_zoom"":64.0}",-2.5611536
27053131208100,target_offset,390,"{""x_angle_offset"":0.09876418858766556,""y_angle_offset"":0.0760426432998092}",-2.552166
27053135685900,vfr,528,"{""message_type"":""VFR_HUD"",""airspeed"":28.502124786376953,""alt"":192.0}",-2.5476882
27053135821700,position,528,"{""message_type"":""GLOBAL_POSITION_INT"",""lat"":469534395,""lon"":393491645}",-2.5475524
27053135935100,attitude,1057,"{""message_type"":""ATTITUDE"",""time_boot_ms"":114910,""roll"":0.01542159728705883,""pitch"":0.17106322944164276,""yaw"":-3.0773584842681885,""rollspeed"":0.023492256179451942,""pitchspeed"":0.0002769337152130902,""yawspeed"":0.008350093849003315}",-2.547439
27053148559100,gimbal,2661,"{""imu_roll"":0.0,""imu_pitch"":23.468822479248047,""imu_yaw"":2.6863062381744385,""frame_roll"":0.0,""frame_pitch"":23.468822479248047,""frame_yaw"":2.6863062381744385,""pitch_speed"":0.0,""yaw_speed"":0.0}",-2.534815
27053148928200,fov,2661,"{""zoom"":12.339999198913574,""hfov"":7.293355464935303,""vfov"":4.106302738189697,""state"":0,""max_aov_h"":90.0,""max_aov_v"":58.71550750732422,""min_aov_h"":1.40625,""min_aov_v"":0.7910428047180176,""max_zoom"":64.0}",-2.5344459
27053154234000,target_offset,391,"{""x_angle_offset"":0.09116694331169128,""y_angle_offset"":0.08364690762979013}",-2.5291401
27053171119800,gimbal,2662,"{""imu_roll"":0.0,""imu_pitch"":23.4827823638916,""imu_yaw"":2.700699806213379,""frame_roll"":0.0,""frame_pitch"":23.4827823638916,""frame_yaw"":2.700699806213379,""pitch_speed"":0.0,""yaw_speed"":0.0}",-2.5122543
27053171405900,fov,2662,"{""zoom"":12.339999198913574,""hfov"":7.293355464935303,""vfov"":4.106302738189697,""state"":0,""max_aov_h"":90.0,""max_aov_v"":58.71550750732422,""min_aov_h"":1.40625,""min_aov_v"":0.7910428047180176,""max_zoom"":64.0}",-2.5119682
27053198329700,gimbal,2663,"{""imu_roll"":0.0,""imu_pitch"":23.495027542114258,""imu_yaw"":2.709426164627075,""frame_roll"":0.0,""frame_pitch"":23.495027542114258,""frame_yaw"":2.709426164627075,""pitch_speed"":0.0,""yaw_speed"":0.0}",-2.4850444
27053198747100,fov,2663,"{""zoom"":12.339999198913574,""hfov"":7.293355464935303,""vfov"":4.106302738189697,""state"":0,""max_aov_h"":90.0,""max_aov_v"":58.71550750732422,""min_aov_h"":1.40625,""min_aov_v"":0.7910428047180176,""max_zoom"":64.0}",-2.484627
27053200150700,range,1061,"{""message_type"":""GLOBAL_VISION_POSITION_ESTIMATE"",""x"":46.948204040527344,""y"":39.34836959838867}",-2.4832234
27053200982000,attitude,1058,"{""message_type"":""ATTITUDE"",""time_boot_ms"":114970,""roll"":0.017316585406661034,""pitch"":0.17111675441265106,""yaw"":-3.0764706134796143,""rollspeed"":0.024057677015662193,""pitchspeed"":0.00034278183011338115,""yawspeed"":0.010589146986603737}",-2.4823921
27053205996600,target_offset,392,"{""x_angle_offset"":0.08356969803571701,""y_angle_offset"":0.08364690762979013}",-2.4773775
27053222700300,range,1062,"{""message_type"":""GLOBAL_VISION_POSITION_ESTIMATE"",""x"":46.948204040527344,""y"":39.34836959838867}",-2.4606738
27053227445900,gimbal,2664,"{""imu_roll"":0.0,""imu_pitch"":23.517486572265625,""imu_yaw"":2.7265419960021973,""frame_roll"":0.0,""frame_pitch"":23.517486572265625,""frame_yaw"":2.7265419960021973,""pitch_speed"":0.0,""yaw_speed"":0.0}",-2.4559282
27053227815400,fov,2664,"{""zoom"":12.339999198913574,""hfov"":7.293355464935303,""vfov"":4.106302738189697,""state"":0,""max_aov_h"":90.0,""max_aov_v"":58.71550750732422,""min_aov_h"":1.40625,""min_aov_v"":0.7910428047180176,""max_zoom"":64.0}",-2.4555587
27053232942600,target_offset,393,"{""x_angle_offset"":0.08356969803571701,""y_angle_offset"":0.08364690762979013}",-2.4504315
27053245281300,vfr,529,"{""message_type"":""VFR_HUD"",""airspeed"":28.483896255493164,""alt"":192.26998901367188}",-2.4380928
27053245482000,position,529,"{""message_type"":""GLOBAL_POSITION_INT"",""lat"":469534395,""lon"":393491645}",-2.4378921
27053245614900,attitude,1059,"{""message_type"":""ATTITUDE"",""time_boot_ms"":115010,""roll"":0.018564417958259583,""pitch"":0.1711442470550537,""yaw"":-3.0758121013641357,""rollspeed"":0.022922495380043983,""pitchspeed"":0.00021656934404745698,""yawspeed"":0.012025405652821064}",-2.4377592
27053246890200,gimbal,2665,"{""imu_roll"":0.0,""imu_pitch"":23.537296295166016,""imu_yaw"":2.7382431030273438,""frame_roll"":0.0,""frame_pitch"":23.537296295166016,""frame_yaw"":2.7382431030273438,""pitch_speed"":0.0,""yaw_speed"":0.0}",-2.4364839
27053247183700,fov,2665,"{""zoom"":12.339999198913574,""hfov"":7.293355464935303,""vfov"":4.106302738189697,""state"":0,""max_aov_h"":90.0,""max_aov_v"":58.71550750732422,""min_aov_h"":1.40625,""min_aov_v"":0.7910428047180176,""max_zoom"":64.0}",-2.4361904
27053275200100,gimbal,2666,"{""imu_roll"":0.0,""imu_pitch"":23.55414581298828,""imu_yaw"":2.7423739433288574,""frame_roll"":0.0,""frame_pitch"":23.55414581298828,""frame_yaw"":2.7423739433288574,""pitch_speed"":0.0,""yaw_speed"":0.0}",-2.408174
27053275505400,fov,2666,"{""zoom"":12.339999198913574,""hfov"":7.293355464935303,""vfov"":4.106302738189697,""state"":0,""max_aov_h"":90.0,""max_aov_v"":58.71550750732422,""min_aov_h"":1.40625,""min_aov_v"":0.7910428047180176,""max_zoom"":64.0}",-2.4078687
27053280466000,target_offset,394,"{""x_angle_offset"":0.07597245275974274,""y_angle_offset"":0.09125117195977105}",-2.4029081
27053296905700,gimbal,2667,"{""imu_roll"":0.0,""imu_pitch"":23.57294273376465,""imu_yaw"":2.752511978149414,""frame_roll"":0.0,""frame_pitch"":23.57294273376465,""frame_yaw"":2.752511978149414,""pitch_speed"":0.0,""yaw_speed"":0.0}",-2.3864684
27053297164900,fov,2667,"{""zoom"":12.339999198913574,""hfov"":7.293355464935303,""vfov"":4.106302738189697,""state"":0,""max_aov_h"":90.0,""max_aov_v"":58.71550750732422,""min_aov_h"":1.40625,""min_aov_v"":0.7910428047180176,""max_zoom"":64.0}",-2.3862092
27053305312700,attitude,1060,"{""message_type"":""ATTITUDE"",""time_boot_ms"":115070,""roll"":0.020371589809656143,""pitch"":0.17118744552135468,""yaw"":-3.074726104736328,""rollspeed"":0.021428929641842842,""pitchspeed"":0.0003142794594168663,""yawspeed"":0.014143298380076885}",-2.3780614
27053323768500,gimbal,2668,"{""imu_roll"":0.0,""imu_pitch"":23.591371536254883,""imu_yaw"":2.756192445755005,""frame_roll"":0.0,""frame_pitch"":23.591371536254883,""frame_yaw"":2.756192445755005,""pitch_speed"":0.0,""yaw_speed"":0.0}",-2.3596056
27053324065600,fov,2668,"{""zoom"":12.339999198913574,""hfov"":7.293355464935303,""vfov"":4.106302738189697,""state"":0,""max_aov_h"":90.0,""max_aov_v"":58.71550750732422,""min_aov_h"":1.40625,""min_aov_v"":0.7910428047180176,""max_zoom"":64.0}",-2.3593085
27053328686800,target_offset,395,"{""x_angle_offset"":0.07597245275974274,""y_angle_offset"":0.09885543628975196}",-2.3546873
27053349508000,position,530,"{""message_type"":""GLOBAL_POSITION_INT"",""lat"":469533844,""lon"":393491582}",-2.3338661
27053349678000,attitude,1061,"{""message_type"":""ATTITUDE"",""time_boot_ms"":115110,""roll"":0.021680938079953194,""pitch"":0.17105227708816528,""yaw"":-3.0739097595214844,""rollspeed"":0.019389363005757332,""pitchspeed"":0.0003437264822423458,""yawspeed"":0.015402858145534992}",-2.3336961
27053350065100,vfr,530,"{""message_type"":""VFR_HUD"",""airspeed"":28.471132278442383,""alt"":192.52999877929688}",-2.333309
27053352461900,gimbal,2669,"{""imu_roll"":0.0,""imu_pitch"":23.61954689025879,""imu_yaw"":2.7655279636383057,""frame_roll"":0.0,""frame_pitch"":23.61954689025879,""frame_yaw"":2.7655279636383057,""pitch_speed"":0.0,""yaw_speed"":0.0}",-2.3309122
27053352784600,fov,2669,"{""zoom"":12.339999198913574,""hfov"":7.293355464935303,""vfov"":4.106302738189697,""state"":0,""max_aov_h"":90.0,""max_aov_v"":58.71550750732422,""min_aov_h"":1.40625,""min_aov_v"":0.7910428047180176,""max_zoom"":64.0}",-2.3305895
27053356155700,range,1063,"{""message_type"":""GLOBAL_VISION_POSITION_ESTIMATE"",""x"":46.948158264160156,""y"":39.34836196899414}",-2.3272184
27053358121000,target_offset,396,"{""x_angle_offset"":0.07597245275974274,""y_angle_offset"":0.09885543628975196}",-2.3252531
27053368410900,range,1064,"{""message_type"":""GLOBAL_VISION_POSITION_ESTIMATE"",""x"":46.948158264160156,""y"":39.34836196899414}",-2.3149632
27053379932400,gimbal,2670,"{""imu_roll"":0.0,""imu_pitch"":23.64028549194336,""imu_yaw"":2.7755651473999023,""frame_roll"":0.0,""frame_pitch"":23.64028549194336,""frame_yaw"":2.7755651473999023,""pitch_speed"":0.0,""yaw_speed"":0.0}",-2.3034417
27053380364900,fov,2670,"{""zoom"":12.339999198913574,""hfov"":7.293355464935303,""vfov"":4.106302738189697,""state"":0,""max_aov_h"":90.0,""max_aov_v"":58.71550750732422,""min_aov_h"":1.40625,""min_aov_v"":0.7910428047180176,""max_zoom"":64.0}",-2.3030092
27053411906100,gimbal,2671,"{""imu_roll"":0.0,""imu_pitch"":23.6636962890625,""imu_yaw"":2.7757408618927,""frame_roll"":0.0,""frame_pitch"":23.6636962890625,""frame_yaw"":2.7757408618927,""pitch_speed"":0.0,""yaw_speed"":0.0}",-2.271468
27053412230300,fov,2671,"{""zoom"":12.339999198913574,""hfov"":7.293355464935303,""vfov"":4.106302738189697,""state"":0,""max_aov_h"":90.0,""max_aov_v"":58.71550750732422,""min_aov_h"":1.40625,""min_aov_v"":0.7910428047180176,""max_zoom"":64.0}",-2.2711438
27053414485600,target_offset,397,"{""x_angle_offset"":0.06837520748376846,""y_angle_offset"":0.09885543628975196}",-2.2688885
27053418755000,attitude,1062,"{""message_type"":""ATTITUDE"",""time_boot_ms"":115170,""roll"":0.023490313440561295,""pitch"":0.17084750533103943,""yaw"":-3.072601795196533,""rollspeed"":0.01603136770427227,""pitchspeed"":0.0004074088647030294,""yawspeed"":0.01725197397172451}",-2.2646191
27053439381400,gimbal,2672,"{""imu_roll"":0.0,""imu_pitch"":23.689573287963867,""imu_yaw"":2.784639596939087,""frame_roll"":0.0,""frame_pitch"":23.689573287963867,""frame_yaw"":2.784639596939087,""pitch_speed"":0.0,""yaw_speed"":0.0}",-2.2439927
27053439813700,fov,2672,"{""zoom"":12.339999198913574,""hfov"":7.293355464935303,""vfov"":4.106302738189697,""state"":0,""max_aov_h"":90.0,""max_aov_v"":58.71550750732422,""min_aov_h"":1.40625,""min_aov_v"":0.7910428047180176,""max_zoom"":64.0}",-2.2435604
27053446851900,target_offset,398,"{""x_angle_offset"":0.06837520748376846,""y_angle_offset"":0.09885543628975196}",-2.2365222
27053455322500,vfr,531,"{""message_type"":""VFR_HUD"",""airspeed"":28.46219253540039,""alt"":192.7899932861328}",-2.2280516
27053455403000,position,531,"{""message_type"":""GLOBAL_POSITION_INT"",""lat"":469533844,""lon"":393491582}",-2.2279711
27053455468200,attitude,1063,"{""message_type"":""ATTITUDE"",""time_boot_ms"":115210,""roll"":0.024565506726503372,""pitch"":0.170713409781456,""yaw"":-3.0716798305511475,""rollspeed"":0.012880058959126472,""pitchspeed"":0.00046597322216257453,""yawspeed"":0.01824750192463398}",-2.2279059
27053467883000,gimbal,2673,"{""imu_roll"":0.0,""imu_pitch"":23.71355438232422,""imu_yaw"":2.787964344024658,""frame_roll"":0.0,""frame_pitch"":23.71355438232422,""frame_yaw"":2.787964344024658,""pitch_speed"":0.0,""yaw_speed"":0.0}",-2.2154911
27053468117100,fov,2673,"{""zoom"":12.339999198913574,""hfov"":7.293355464935303,""vfov"":4.106302738189697,""state"":0,""max_aov_h"":90.0,""max_aov_v"":58.71550750732422,""min_aov_h"":1.40625,""min_aov_v"":0.7910428047180176,""max_zoom"":64.0}",-2.215257
27053494999500,gimbal,2674,"{""imu_roll"":0.0,""imu_pitch"":23.727590560913086,""imu_yaw"":2.7836217880249023,""frame_roll"":0.0,""frame_pitch"":23.727590560913086,""frame_yaw"":2.7836217880249023,""pitch_speed"":0.0,""yaw_speed"":0.0}",-2.1883746
27053495271100,fov,2674,"{""zoom"":12.339999198913574,""hfov"":7.293355464935303,""vfov"":4.106302738189697,""state"":0,""max_aov_h"":90.0,""max_aov_v"":58.71550750732422,""min_aov_h"":1.40625,""min_aov_v"":0.7910428047180176,""max_zoom"":64.0}",-2.188103
27053503099300,target_offset,399,"{""x_angle_offset"":0.06077796220779419,""y_angle_offset"":0.09885543628975196}",-2.1802748
27053515378700,attitude,1064,"{""message_type"":""ATTITUDE"",""time_boot_ms"":115270,""roll"":0.02593538910150528,""pitch"":0.17051951587200165,""yaw"":-3.0702273845672607,""rollspeed"":0.007756325416266918,""pitchspeed"":0.0007763406611047685,""yawspeed"":0.019808029755949974}",-2.1679954
27053522407200,gimbal,2675,"{""imu_roll"":0.0,""imu_pitch"":23.75620460510254,""imu_yaw"":2.7888436317443848,""frame_roll"":0.0,""frame_pitch"":23.75620460510254,""frame_yaw"":2.7888436317443848,""pitch_speed"":0.0,""yaw_speed"":0.0}",-2.1609669
27053522756500,fov,2675,"{""zoom"":12.339999198913574,""hfov"":7.293355464935303,""vfov"":4.106302738189697,""state"":0,""max_aov_h"":90.0,""max_aov_v"":58.71550750732422,""min_aov_h"":1.40625,""min_aov_v"":0.7910428047180176,""max_zoom"":64.0}",-2.1606176
27053525925400,target_offset,400,"{""x_angle_offset"":0.053180716931819916,""y_angle_offset"":0.09885543628975196}",-2.1574487
27053530198900,range,1065,"{""message_type"":""GLOBAL_VISION_POSITION_ESTIMATE"",""x"":46.948158264160156,""y"":39.34834289550781}",-2.1531752
27053536641500,range,1066,"{""message_type"":""GLOBAL_VISION_POSITION_ESTIMATE"",""x"":46.948158264160156,""y"":39.34834289550781}",-2.1467326
27053544103700,gimbal,2676,"{""imu_roll"":0.0,""imu_pitch"":23.775245666503906,""imu_yaw"":2.7926509380340576,""frame_roll"":0.0,""frame_pitch"":23.775245666503906,""frame_yaw"":2.7926509380340576,""pitch_speed"":0.0,""yaw_speed"":0.0}",-2.1392704
27053544483500,fov,2676,"{""zoom"":12.339999198913574,""hfov"":7.293355464935303,""vfov"":4.106302738189697,""state"":0,""max_aov_h"":90.0,""max_aov_v"":58.71550750732422,""min_aov_h"":1.40625,""min_aov_v"":0.7910428047180176,""max_zoom"":64.0}",-2.1388906
27053556908200,attitude,1065,"{""message_type"":""ATTITUDE"",""time_boot_ms"":115310,""roll"":0.026765163987874985,""pitch"":0.17041803896427155,""yaw"":-3.0692038536071777,""rollspeed"":0.005097390618175268,""pitchspeed"":0.0009931606473401189,""yawspeed"":0.020664801821112633}",-2.1264659
27053557185000,vfr,532,"{""message_type"":""VFR_HUD"",""airspeed"":28.425384521484375,""alt"":193.05999755859375}",-2.1261891
27053557264700,position,532,"{""message_type"":""GLOBAL_POSITION_INT"",""lat"":469533295,""lon"":393491511}",-2.1261094
27053569467000,gimbal,2677,"{""imu_roll"":0.0,""imu_pitch"":23.791255950927734,""imu_yaw"":2.788607597351074,""frame_roll"":0.0,""frame_pitch"":23.791255950927734,""frame_yaw"":2.788607597351074,""pitch_speed"":0.0,""yaw_speed"":0.0}",-2.1139071
27053569907200,fov,2677,"{""zoom"":12.339999198913574,""hfov"":7.293355464935303,""vfov"":4.106302738189697,""state"":0,""max_aov_h"":90.0,""max_aov_v"":58.71550750732422,""min_aov_h"":1.40625,""min_aov_v"":0.7910428047180176,""max_zoom"":64.0}",-2.1134669
27053576109300,target_offset,401,"{""x_angle_offset"":0.04558347165584564,""y_angle_offset"":0.1064597006197329}",-2.1072648
27053597651900,gimbal,2678,"{""imu_roll"":0.0,""imu_pitch"":23.8158016204834,""imu_yaw"":2.7869760990142822,""frame_roll"":0.0,""frame_pitch"":23.8158016204834,""frame_yaw"":2.7869760990142822,""pitch_speed"":0.0,""yaw_speed"":0.0}",-2.0857222
27053598035600,fov,2678,"{""zoom"":12.339999198913574,""hfov"":7.293355464935303,""vfov"":4.106302738189697,""state"":0,""max_aov_h"":90.0,""max_aov_v"":58.71550750732422,""min_aov_h"":1.40625,""min_aov_v"":0.7910428047180176,""max_zoom"":64.0}",-2.0853385
27053607551600,target_offset,402,"{""x_angle_offset"":0.007597245275974274,""y_angle_offset"":0.1064597006197329}",-2.0758225
27053621276300,gimbal,2679,"{""imu_roll"":0.0,""imu_pitch"":23.839452743530273,""imu_yaw"":2.7789947986602783,""frame_roll"":0.0,""frame_pitch"":23.839452743530273,""frame_yaw"":2.7789947986602783,""pitch_speed"":0.0,""yaw_speed"":0.0}",-2.0620978
27053621639000,fov,2679,"{""zoom"":12.339999198913574,""hfov"":7.293355464935303,""vfov"":4.106302738189697,""state"":0,""max_aov_h"":90.0,""max_aov_v"":58.71550750732422,""min_aov_h"":1.40625,""min_aov_v"":0.7910428047180176,""max_zoom"":64.0}",-2.0617351
27053625458100,attitude,1066,"{""message_type"":""ATTITUDE"",""time_boot_ms"":115370,""roll"":0.02788018062710762,""pitch"":0.1703023612499237,""yaw"":-3.067598581314087,""rollspeed"":-6.002373993396759e-07,""pitchspeed"":0.0013708554906770587,""yawspeed"":0.02183002419769764}",-2.057916
27053646834500,gimbal,2680,"{""imu_roll"":0.0,""imu_pitch"":23.856033325195312,""imu_yaw"":2.764767646789551,""frame_roll"":0.0,""frame_pitch"":23.856033325195312,""frame_yaw"":2.764767646789551,""pitch_speed"":0.0,""yaw_speed"":0.0}",-2.0365396
27053647098100,fov,2680,"{""zoom"":12.339999198913574,""hfov"":7.293355464935303,""vfov"":4.106302738189697,""state"":0,""max_aov_h"":90.0,""max_aov_v"":58.71550750732422,""min_aov_h"":1.40625,""min_aov_v"":0.7910428047180176,""max_zoom"":64.0}",-2.036276
27053656253300,target_offset,403,"{""x_angle_offset"":0.007597245275974274,""y_angle_offset"":0.1064597006197329}",-2.0271208
27053663247300,vfr,533,"{""message_type"":""VFR_HUD"",""airspeed"":28.39958953857422,""alt"":193.3199920654297}",-2.0201268
27053663349300,position,533,"{""message_type"":""GLOBAL_POSITION_INT"",""lat"":469533295,""lon"":393491511}",-2.0200248
27053663421700,attitude,1067,"{""message_type"":""ATTITUDE"",""time_boot_ms"":115410,""roll"":0.02848784066736698,""pitch"":0.17023159563541412,""yaw"":-3.0664916038513184,""rollspeed"":-0.0023838086053729057,""pitchspeed"":0.0016321499133482575,""yawspeed"":0.02260087989270687}",-2.0199524
27053676530400,gimbal,2681,"{""imu_roll"":0.0,""imu_pitch"":23.884811401367188,""imu_yaw"":2.7539916038513184,""frame_roll"":0.0,""frame_pitch"":23.884811401367188,""frame_yaw"":2.7539916038513184,""pitch_speed"":0.0,""yaw_speed"":0.0}",-2.0068437
27053677034100,fov,2681,"{""zoom"":12.339999198913574,""hfov"":7.293355464935303,""vfov"":4.106302738189697,""state"":0,""max_aov_h"":90.0,""max_aov_v"":58.71550750732422,""min_aov_h"":1.40625,""min_aov_v"":0.7910428047180176,""max_zoom"":64.0}",-2.00634
27053683081900,target_offset,404,"{""x_angle_offset"":-0.030388981103897095,""y_angle_offset"":0.1064597006197329}",-2.0002922
27053687114900,range,1067,"{""message_type"":""GLOBAL_VISION_POSITION_ESTIMATE"",""x"":46.948097229003906,""y"":39.34830856323242}",-1.9962592
27053688012200,range,1068,"{""message_type"":""GLOBAL_VISION_POSITION_ESTIMATE"",""x"":46.948097229003906,""y"":39.34830856323242}",-1.9953619
27053700991700,gimbal,2682,"{""imu_roll"":0.0,""imu_pitch"":23.905221939086914,""imu_yaw"":2.733536958694458,""frame_roll"":0.0,""frame_pitch"":23.905221939086914,""frame_yaw"":2.733536958694458,""pitch_speed"":0.0,""yaw_speed"":0.0}",-1.9823824
27053701970400,fov,2682,"{""zoom"":12.339999198913574,""hfov"":7.293355464935303,""vfov"":4.106302738189697,""state"":0,""max_aov_h"":90.0,""max_aov_v"":58.71550750732422,""min_aov_h"":1.40625,""min_aov_v"":0.7910428047180176,""max_zoom"":64.0}",-1.9814037
27053728177500,gimbal,2683,"{""imu_roll"":0.0,""imu_pitch"":23.921037673950195,""imu_yaw"":2.709865093231201,""frame_roll"":0.0,""frame_pitch"":23.921037673950195,""frame_yaw"":2.709865093231201,""pitch_speed"":0.0,""yaw_speed"":0.0}",-1.9551966
27053728552100,fov,2683,"{""zoom"":12.339999198913574,""hfov"":7.293355464935303,""vfov"":4.106302738189697,""state"":0,""max_aov_h"":90.0,""max_aov_v"":58.71550750732422,""min_aov_h"":1.40625,""min_aov_v"":0.7910428047180176,""max_zoom"":64.0}",-1.954822
27053733144300,attitude,1068,"{""message_type"":""ATTITUDE"",""time_boot_ms"":115470,""roll"":0.029280638322234154,""pitch"":0.17014291882514954,""yaw"":-3.0647873878479004,""rollspeed"":-0.00473469402641058,""pitchspeed"":0.0019613439217209816,""yawspeed"":0.023598438128829002}",-1.9502298
27053736059000,target_offset,405,"{""x_angle_offset"":-0.030388981103897095,""y_angle_offset"":0.11406396494971381}",-1.9473151
27053756287000,gimbal,2684,"{""imu_roll"":0.0,""imu_pitch"":23.951791763305664,""imu_yaw"":2.682439088821411,""frame_roll"":0.0,""frame_pitch"":23.951791763305664,""frame_yaw"":2.682439088821411,""pitch_speed"":0.0,""yaw_speed"":0.0}",-1.9270871
27053757601800,fov,2684,"{""zoom"":12.339999198913574,""hfov"":7.293355464935303,""vfov"":4.106302738189697,""state"":0,""max_aov_h"":90.0,""max_aov_v"":58.71550750732422,""min_aov_h"":1.40625,""min_aov_v"":0.7910428047180176,""max_zoom"":64.0}",-1.9257723
27053761462200,target_offset,406,"{""x_angle_offset"":-0.03798622637987137,""y_angle_offset"":0.12166822927969473}",-1.9219119
27053780122600,position,534,"{""message_type"":""GLOBAL_POSITION_INT"",""lat"":469532748,""lon"":393491433}",-1.9032515
27053780295600,attitude,1069,"{""message_type"":""ATTITUDE"",""time_boot_ms"":115510,""roll"":0.02976277284324169,""pitch"":0.17009054124355316,""yaw"":-3.0636205673217773,""rollspeed"":-0.005425707437098026,""pitchspeed"":0.0021459534764289856,""yawspeed"":0.024357637390494347}",-1.9030785
27053780828200,vfr,534,"{""message_type"":""VFR_HUD"",""airspeed"":28.381519317626953,""alt"":193.5800018310547}",-1.9025459
27053781083100,gimbal,2685,"{""imu_roll"":0.0,""imu_pitch"":23.978116989135742,""imu_yaw"":2.6639530658721924,""frame_roll"":0.0,""frame_pitch"":23.978116989135742,""frame_yaw"":2.6639530658721924,""pitch_speed"":0.0,""yaw_speed"":0.0}",-1.902291
27053782051800,fov,2685,"{""zoom"":12.339999198913574,""hfov"":7.293355464935303,""vfov"":4.106302738189697,""state"":0,""max_aov_h"":90.0,""max_aov_v"":58.71550750732422,""min_aov_h"":1.40625,""min_aov_v"":0.7910428047180176,""max_zoom"":64.0}",-1.9013223
27053811085300,gimbal,2686,"{""imu_roll"":0.0,""imu_pitch"":24.00079917907715,""imu_yaw"":2.63739013671875,""frame_roll"":0.0,""frame_pitch"":24.00079917907715,""frame_yaw"":2.63739013671875,""pitch_speed"":0.0,""yaw_speed"":0.0}",-1.8722888
27053811406100,fov,2686,"{""zoom"":12.339999198913574,""hfov"":7.293355464935303,""vfov"":4.106302738189697,""state"":0,""max_aov_h"":90.0,""max_aov_v"":58.71550750732422,""min_aov_h"":1.40625,""min_aov_v"":0.7910428047180176,""max_zoom"":64.0}",-1.871968
27053813914000,target_offset,407,"{""x_angle_offset"":-0.04558347165584564,""y_angle_offset"":0.12166822927969473}",-1.8694601
27053837762500,range,1069,"{""message_type"":""GLOBAL_VISION_POSITION_ESTIMATE"",""x"":46.94804763793945,""y"":39.34830093383789}",-1.8456116
27053841746300,gimbal,2687,"{""imu_roll"":0.0,""imu_pitch"":24.03250503540039,""imu_yaw"":2.604936361312866,""frame_roll"":0.0,""frame_pitch"":24.03250503540039,""frame_yaw"":2.604936361312866,""pitch_speed"":0.0,""yaw_speed"":0.0}",-1.8416278
27053842015500,fov,2687,"{""zoom"":12.339999198913574,""hfov"":7.293355464935303,""vfov"":4.106302738189697,""state"":0,""max_aov_h"":90.0,""max_aov_v"":58.71550750732422,""min_aov_h"":1.40625,""min_aov_v"":0.7910428047180176,""max_zoom"":64.0}",-1.8413586
27053846091200,target_offset,408,"{""x_angle_offset"":-0.04558347165584564,""y_angle_offset"":0.12927249360967566}",-1.8372829
27053854178800,range,1070,"{""message_type"":""GLOBAL_VISION_POSITION_ESTIMATE"",""x"":46.94804763793945,""y"":39.34830093383789}",-1.8291953
27053854304100,attitude,1070,"{""message_type"":""ATTITUDE"",""time_boot_ms"":115570,""roll"":0.030586112290620804,""pitch"":0.1700163036584854,""yaw"":-3.0618162155151367,""rollspeed"":-0.0050529069267213345,""pitchspeed"":0.0026581082493066788,""yawspeed"":0.02540014684200287}",-1.82907
27053867363700,gimbal,2688,"{""imu_roll"":0.0,""imu_pitch"":24.064682006835938,""imu_yaw"":2.5782487392425537,""frame_roll"":0.0,""frame_pitch"":24.064682006835938,""frame_yaw"":2.5782487392425537,""pitch_speed"":0.0,""yaw_speed"":0.0}",-1.8160104
27053867635800,fov,2688,"{""zoom"":12.339999198913574,""hfov"":7.293355464935303,""vfov"":4.106302738189697,""state"":0,""max_aov_h"":90.0,""max_aov_v"":58.71550750732422,""min_aov_h"":1.40625,""min_aov_v"":0.7910428047180176,""max_zoom"":64.0}",-1.8157383
27053892900100,gimbal,2689,"{""imu_roll"":0.0,""imu_pitch"":24.085376739501953,""imu_yaw"":2.5510716438293457,""frame_roll"":0.0,""frame_pitch"":24.085376739501953,""frame_yaw"":2.5510716438293457,""pitch_speed"":0.0,""yaw_speed"":0.0}",-1.790474
27053893249000,fov,2689,"{""zoom"":12.339999198913574,""hfov"":7.293355464935303,""vfov"":4.106302738189697,""state"":0,""max_aov_h"":90.0,""max_aov_v"":58.71550750732422,""min_aov_h"":1.40625,""min_aov_v"":0.7910428047180176,""max_zoom"":64.0}",-1.7901251
27053894744600,vfr,535,"{""message_type"":""VFR_HUD"",""airspeed"":28.338098526000977,""alt"":193.8300018310547}",-1.7886295
27053894849000,position,535,"{""message_type"":""GLOBAL_POSITION_INT"",""lat"":469532748,""lon"":393491433}",-1.7885251
27053894943400,attitude,1071,"{""message_type"":""ATTITUDE"",""time_boot_ms"":115610,""roll"":0.031198851764202118,""pitch"":0.16997718811035156,""yaw"":-3.060589551925659,""rollspeed"":-0.0032235076650977135,""pitchspeed"":0.0028373277746140957,""yawspeed"":0.025998631492257118}",-1.7884307
27053901173300,target_offset,409,"{""x_angle_offset"":-0.04558347165584564,""y_angle_offset"":0.12927249360967566}",-1.7822008
27053919684800,gimbal,2690,"{""imu_roll"":0.0,""imu_pitch"":24.11764144897461,""imu_yaw"":2.5312771797180176,""frame_roll"":0.0,""frame_pitch"":24.11764144897461,""frame_yaw"":2.5312771797180176,""pitch_speed"":0.0,""yaw_speed"":0.0}",-1.7636893
27053920013700,fov,2690,"{""zoom"":12.339999198913574,""hfov"":7.293355464935303,""vfov"":4.106302738189697,""state"":0,""max_aov_h"":90.0,""max_aov_v"":58.71550750732422,""min_aov_h"":1.40625,""min_aov_v"":0.7910428047180176,""max_zoom"":64.0}",-1.7633604
27053930188300,target_offset,410,"{""x_angle_offset"":-0.03798622637987137,""y_angle_offset"":0.12927249360967566}",-1.7531858
27053948617100,gimbal,2691,"{""imu_roll"":0.0,""imu_pitch"":24.153839111328125,""imu_yaw"":2.502530574798584,""frame_roll"":0.0,""frame_pitch"":24.153839111328125,""frame_yaw"":2.502530574798584,""pitch_speed"":0.0,""yaw_speed"":0.0}",-1.734757
27053948979600,fov,2691,"{""zoom"":12.339999198913574,""hfov"":7.293355464935303,""vfov"":4.106302738189697,""state"":0,""max_aov_h"":90.0,""max_aov_v"":58.71550750732422,""min_aov_h"":1.40625,""min_aov_v"":0.7910428047180176,""max_zoom"":64.0}",-1.7343945
27053954801900,target_offset,411,"{""x_angle_offset"":-0.03798622637987137,""y_angle_offset"":0.12166822927969473}",-1.7285722
27053961783300,attitude,1072,"{""message_type"":""ATTITUDE"",""time_boot_ms"":115670,""roll"":0.032297518104314804,""pitch"":0.1699228286743164,""yaw"":-3.058716058731079,""rollspeed"":0.00028042402118444443,""pitchspeed"":0.0029700137674808502,""yawspeed"":0.02695940062403679}",-1.7215908
27053971040500,gimbal,2692,"{""imu_roll"":0.0,""imu_pitch"":24.17858123779297,""imu_yaw"":2.4836535453796387,""frame_roll"":0.0,""frame_pitch"":24.17858123779297,""frame_yaw"":2.4836535453796387,""pitch_speed"":0.0,""yaw_speed"":0.0}",-1.7123336
27053971293900,fov,2692,"{""zoom"":12.339999198913574,""hfov"":7.293355464935303,""vfov"":4.106302738189697,""state"":0,""max_aov_h"":90.0,""max_aov_v"":58.71550750732422,""min_aov_h"":1.40625,""min_aov_v"":0.7910428047180176,""max_zoom"":64.0}",-1.7120802
27053997258100,gimbal,2693,"{""imu_roll"":0.0,""imu_pitch"":24.19888687133789,""imu_yaw"":2.4583816528320312,""frame_roll"":0.0,""frame_pitch"":24.19888687133789,""frame_yaw"":2.4583816528320312,""pitch_speed"":0.0,""yaw_speed"":0.0}",-1.686116
27053997596000,fov,2693,"{""zoom"":12.339999198913574,""hfov"":7.293355464935303,""vfov"":4.106302738189697,""state"":0,""max_aov_h"":90.0,""max_aov_v"":58.71550750732422,""min_aov_h"":1.40625,""min_aov_v"":0.7910428047180176,""max_zoom"":64.0}",-1.6857781
27054003314500,target_offset,412,"{""x_angle_offset"":-0.03798622637987137,""y_angle_offset"":0.12927249360967566}",-1.6800596
27054007980800,range,1071,"{""message_type"":""GLOBAL_VISION_POSITION_ESTIMATE"",""x"":46.94804763793945,""y"":39.34830093383789}",-1.6753933
27054008063500,vfr,536,"{""message_type"":""VFR_HUD"",""airspeed"":28.307666778564453,""alt"":194.08999633789062}",-1.6753106
27054008133700,position,536,"{""message_type"":""GLOBAL_POSITION_INT"",""lat"":469532748,""lon"":393491433}",-1.6752404
27054008202900,attitude,1073,"{""message_type"":""ATTITUDE"",""time_boot_ms"":115710,""roll"":0.03315027058124542,""pitch"":0.1698867380619049,""yaw"":-3.0574491024017334,""rollspeed"":0.0027039828710258007,""pitchspeed"":0.0030097714625298977,""yawspeed"":0.02757778950035572}",-1.6751712
27054026951700,gimbal,2694,"{""imu_roll"":0.0,""imu_pitch"":24.235116958618164,""imu_yaw"":2.432673692703247,""frame_roll"":0.0,""frame_pitch"":24.235116958618164,""frame_yaw"":2.432673692703247,""pitch_speed"":0.0,""yaw_speed"":0.0}",-1.6564224
27054027312600,fov,2694,"{""zoom"":12.339999198913574,""hfov"":7.293355464935303,""vfov"":4.106302738189697,""state"":0,""max_aov_h"":90.0,""max_aov_v"":58.71550750732422,""min_aov_h"":1.40625,""min_aov_v"":0.7910428047180176,""max_zoom"":64.0}",-1.6560615
27054031661400,target_offset,413,"{""x_angle_offset"":-0.03798622637987137,""y_angle_offset"":0.12166822927969473}",-1.6517127
27054035306500,range,1072,"{""message_type"":""GLOBAL_VISION_POSITION_ESTIMATE"",""x"":46.94804763793945,""y"":39.34830093383789}",-1.6480676
27054051075700,gimbal,2695,"{""imu_roll"":0.0,""imu_pitch"":24.26279067993164,""imu_yaw"":2.4090735912323,""frame_roll"":0.0,""frame_pitch"":24.26279067993164,""frame_yaw"":2.4090735912323,""pitch_speed"":0.0,""yaw_speed"":0.0}",-1.6322984
27054051371400,fov,2695,"{""zoom"":12.339999198913574,""hfov"":7.293355464935303,""vfov"":4.106302738189697,""state"":0,""max_aov_h"":90.0,""max_aov_v"":58.71550750732422,""min_aov_h"":1.40625,""min_aov_v"":0.7910428047180176,""max_zoom"":64.0}",-1.6320027
27054068941700,attitude,1074,"{""message_type"":""ATTITUDE"",""time_boot_ms"":115770,""roll"":0.03464004397392273,""pitch"":0.16992394626140594,""yaw"":-3.0555214881896973,""rollspeed"":0.006134641822427511,""pitchspeed"":0.002778311725705862,""yawspeed"":0.02830582670867443}",-1.6144324
27054076417700,gimbal,2696,"{""imu_roll"":0.0,""imu_pitch"":24.282180786132812,""imu_yaw"":2.3833425045013428,""frame_roll"":0.0,""frame_pitch"":24.282180786132812,""frame_yaw"":2.3833425045013428,""pitch_speed"":0.0,""yaw_speed"":0.0}",-1.6069564
27054076759700,fov,2696,"{""zoom"":12.339999198913574,""hfov"":7.293355464935303,""vfov"":4.106302738189697,""state"":0,""max_aov_h"":90.0,""max_aov_v"":58.71550750732422,""min_aov_h"":1.40625,""min_aov_v"":0.7910428047180176,""max_zoom"":64.0}",-1.6066144
27054084593300,target_offset,414,"{""x_angle_offset"":-0.03798622637987137,""y_angle_offset"":0.12166822927969473}",-1.5987808
27054106485400,gimbal,2697,"{""imu_roll"":0.0,""imu_pitch"":24.31624984741211,""imu_yaw"":2.35219669342041,""frame_roll"":0.0,""frame_pitch"":24.31624984741211,""frame_yaw"":2.35219669342041,""pitch_speed"":0.0,""yaw_speed"":0.0}",-1.5768887
27054109268000,fov,2697,"{""zoom"":12.339999198913574,""hfov"":7.293355464935303,""vfov"":4.106302738189697,""state"":0,""max_aov_h"":90.0,""max_aov_v"":58.71550750732422,""min_aov_h"":1.40625,""min_aov_v"":0.7910428047180176,""max_zoom"":64.0}",-1.5741061
27054111303100,target_offset,415,"{""x_angle_offset"":-0.04558347165584564,""y_angle_offset"":0.11406396494971381}",-1.572071
27054119914100,attitude,1075,"{""message_type"":""ATTITUDE"",""time_boot_ms"":115810,""roll"":0.03574959188699722,""pitch"":0.16996809840202332,""yaw"":-3.0542280673980713,""rollspeed"":0.008302107453346252,""pitchspeed"":0.0025286292657256126,""yawspeed"":0.028733765706419945}",-1.56346
27054120220800,vfr,537,"{""message_type"":""VFR_HUD"",""airspeed"":28.286346435546875,""alt"":194.34999084472656}",-1.5631533
27054120322700,position,537,"{""message_type"":""GLOBAL_POSITION_INT"",""lat"":469532203,""lon"":393491348}",-1.5630514
27054130660600,gimbal,2698,"{""imu_roll"":0.0,""imu_pitch"":24.338716506958008,""imu_yaw"":2.3270018100738525,""frame_roll"":0.0,""frame_pitch"":24.338716506958008,""frame_yaw"":2.3270018100738525,""pitch_speed"":0.0,""yaw_speed"":0.0}",-1.5527135
27054130973900,fov,2698,"{""zoom"":12.339999198913574,""hfov"":7.293355464935303,""vfov"":4.106302738189697,""state"":0,""max_aov_h"":90.0,""max_aov_v"":58.71550750732422,""min_aov_h"":1.40625,""min_aov_v"":0.7910428047180176,""max_zoom"":64.0}",-1.5524002
27054156627800,gimbal,2699,"{""imu_roll"":0.0,""imu_pitch"":24.357900619506836,""imu_yaw"":2.2925772666931152,""frame_roll"":0.0,""frame_pitch"":24.357900619506836,""frame_yaw"":2.2925772666931152,""pitch_speed"":0.0,""yaw_speed"":0.0}",-1.5267463
27054156946700,fov,2699,"{""zoom"":12.339999198913574,""hfov"":7.293355464935303,""vfov"":4.106302738189697,""state"":0,""max_aov_h"":90.0,""max_aov_v"":58.71550750732422,""min_aov_h"":1.40625,""min_aov_v"":0.7910428047180176,""max_zoom"":64.0}",-1.5264274
27054161742000,target_offset,416,"{""x_angle_offset"":-0.03798622637987137,""y_angle_offset"":0.11406396494971381}",-1.5216321
27054165408800,range,1073,"{""message_type"":""GLOBAL_VISION_POSITION_ESTIMATE"",""x"":46.94798278808594,""y"":39.34829330444336}",-1.5179653
27054177538500,gimbal,2700,"{""imu_roll"":0.0,""imu_pitch"":24.379436492919922,""imu_yaw"":2.272355079650879,""frame_roll"":0.0,""frame_pitch"":24.379436492919922,""frame_yaw"":2.272355079650879,""pitch_speed"":0.0,""yaw_speed"":0.0}",-1.5058356
27054178095400,fov,2700,"{""zoom"":12.339999198913574,""hfov"":7.293355464935303,""vfov"":4.106302738189697,""state"":0,""max_aov_h"":90.0,""max_aov_v"":58.71550750732422,""min_aov_h"":1.40625,""min_aov_v"":0.7910428047180176,""max_zoom"":64.0}",-1.5052787
27054180993600,range,1074,"{""message_type"":""GLOBAL_VISION_POSITION_ESTIMATE"",""x"":46.94798278808594,""y"":39.34829330444336}",-1.5023805
27054181165600,attitude,1076,"{""message_type"":""ATTITUDE"",""time_boot_ms"":115870,""roll"":0.0375237874686718,""pitch"":0.1700197011232376,""yaw"":-3.052278995513916,""rollspeed"":0.010107260197401047,""pitchspeed"":0.0023412061855196953,""yawspeed"":0.029168283566832542}",-1.5022085
27054203570400,gimbal,2701,"{""imu_roll"":0.0,""imu_pitch"":24.398639678955078,""imu_yaw"":2.24411940574646,""frame_roll"":0.0,""frame_pitch"":24.398639678955078,""frame_yaw"":2.24411940574646,""pitch_speed"":0.0,""yaw_speed"":0.0}",-1.4798037
27054203868000,fov,2701,"{""zoom"":12.339999198913574,""hfov"":7.293355464935303,""vfov"":4.106302738189697,""state"":0,""max_aov_h"":90.0,""max_aov_v"":58.71550750732422,""min_aov_h"":1.40625,""min_aov_v"":0.7910428047180176,""max_zoom"":64.0}",-1.4795061
27054212916000,target_offset,417,"{""x_angle_offset"":-0.030388981103897095,""y_angle_offset"":0.1064597006197329}",-1.4704581
27054220490300,vfr,538,"{""message_type"":""VFR_HUD"",""airspeed"":28.27140998840332,""alt"":194.59999084472656}",-1.4628838
27054220614100,position,538,"{""message_type"":""GLOBAL_POSITION_INT"",""lat"":469532203,""lon"":393491348}",-1.46276
27054220717200,attitude,1077,"{""message_type"":""ATTITUDE"",""time_boot_ms"":115910,""roll"":0.03873138502240181,""pitch"":0.17003405094146729,""yaw"":-3.0509860515594482,""rollspeed"":0.010260459035634995,""pitchspeed"":0.001789436093531549,""yawspeed"":0.029310746118426323}",-1.4626569
27054234428200,gimbal,2702,"{""imu_roll"":0.0,""imu_pitch"":24.42642593383789,""imu_yaw"":2.2175652980804443,""frame_roll"":0.0,""frame_pitch"":24.42642593383789,""frame_yaw"":2.2175652980804443,""pitch_speed"":0.0,""yaw_speed"":0.0}",-1.4489459
27054234896700,fov,2702,"{""zoom"":12.339999198913574,""hfov"":7.293355464935303,""vfov"":4.106302738189697,""state"":0,""max_aov_h"":90.0,""max_aov_v"":58.71550750732422,""min_aov_h"":1.40625,""min_aov_v"":0.7910428047180176,""max_zoom"":64.0}",-1.4484774
27054239369300,target_offset,418,"{""x_angle_offset"":-0.02279173582792282,""y_angle_offset"":0.11406396494971381}",-1.4440048
27054257737300,gimbal,2703,"{""imu_roll"":0.0,""imu_pitch"":24.451988220214844,""imu_yaw"":2.1940884590148926,""frame_roll"":0.0,""frame_pitch"":24.451988220214844,""frame_yaw"":2.1940884590148926,""pitch_speed"":0.0,""yaw_speed"":0.0}",-1.4256368
27054258696800,fov,2703,"{""zoom"":12.339999198913574,""hfov"":7.293355464935303,""vfov"":4.106302738189697,""state"":0,""max_aov_h"":90.0,""max_aov_v"":58.71550750732422,""min_aov_h"":1.40625,""min_aov_v"":0.7910428047180176,""max_zoom"":64.0}",-1.4246773
27054280732300,gimbal,2704,"{""imu_roll"":0.0,""imu_pitch"":24.466720581054688,""imu_yaw"":2.171970844268799,""frame_roll"":0.0,""frame_pitch"":24.466720581054688,""frame_yaw"":2.171970844268799,""pitch_speed"":0.0,""yaw_speed"":0.0}",-1.4026418
27054281117900,fov,2704,"{""zoom"":12.339999198913574,""hfov"":7.293355464935303,""vfov"":4.106302738189697,""state"":0,""max_aov_h"":90.0,""max_aov_v"":58.71550750732422,""min_aov_h"":1.40625,""min_aov_v"":0.7910428047180176,""max_zoom"":64.0}",-1.4022562
27054285858900,attitude,1078,"{""message_type"":""ATTITUDE"",""time_boot_ms"":115970,""roll"":0.04051339998841286,""pitch"":0.16998763382434845,""yaw"":-3.049060106277466,""rollspeed"":0.009966420009732246,""pitchspeed"":0.00035567604936659336,""yawspeed"":0.029327893629670143}",-1.3975152
27054294128000,target_offset,419,"{""x_angle_offset"":-0.02279173582792282,""y_angle_offset"":0.11406396494971381}",-1.3892461
27054312636600,target_offset,420,"{""x_angle_offset"":-0.015194490551948547,""y_angle_offset"":0.12166822927969473}",-1.3707375
27054317284400,range,1075,"{""message_type"":""GLOBAL_VISION_POSITION_ESTIMATE"",""x"":46.94798278808594,""y"":39.34829330444336}",-1.3660897
27054318218600,gimbal,2705,"{""imu_roll"":0.0,""imu_pitch"":24.499513626098633,""imu_yaw"":2.140580892562866,""frame_roll"":0.0,""frame_pitch"":24.499513626098633,""frame_yaw"":2.140580892562866,""pitch_speed"":0.0,""yaw_speed"":0.0}",-1.3651555
27054318381800,fov,2705,"{""zoom"":12.339999198913574,""hfov"":7.293355464935303,""vfov"":4.106302738189697,""state"":0,""max_aov_h"":90.0,""max_aov_v"":58.71550750732422,""min_aov_h"":1.40625,""min_aov_v"":0.7910428047180176,""max_zoom"":64.0}",-1.3649923
27054323477400,range,1076,"{""message_type"":""GLOBAL_VISION_POSITION_ESTIMATE"",""x"":46.94798278808594,""y"":39.34829330444336}",-1.3598967
27054323611900,position,539,"{""message_type"":""GLOBAL_POSITION_INT"",""lat"":469531662,""lon"":393491256}",-1.3597622
27054323723500,attitude,1079,"{""message_type"":""ATTITUDE"",""time_boot_ms"":116010,""roll"":0.04165894165635109,""pitch"":0.16990911960601807,""yaw"":-3.0477962493896484,""rollspeed"":0.009196380153298378,""pitchspeed"":-0.0007329878862947226,""yawspeed"":0.029250679537653923}",-1.3596506
27054323990200,vfr,539,"{""message_type"":""VFR_HUD"",""airspeed"":28.229829788208008,""alt"":194.86000061035156}",-1.3593839
27054338164900,gimbal,2706,"{""imu_roll"":0.0,""imu_pitch"":24.52042007446289,""imu_yaw"":2.1319239139556885,""frame_roll"":0.0,""frame_pitch"":24.52042007446289,""frame_yaw"":2.1319239139556885,""pitch_speed"":0.0,""yaw_speed"":0.0}",-1.3452092
27054338952200,fov,2706,"{""zoom"":12.339999198913574,""hfov"":7.293355464935303,""vfov"":4.106302738189697,""state"":0,""max_aov_h"":90.0,""max_aov_v"":58.71550750732422,""min_aov_h"":1.40625,""min_aov_v"":0.7910428047180176,""max_zoom"":64.0}",-1.3444219
27054362590600,gimbal,2707,"{""imu_roll"":0.0,""imu_pitch"":24.537322998046875,""imu_yaw"":2.1137163639068604,""frame_roll"":0.0,""frame_pitch"":24.537322998046875,""frame_yaw"":2.1137163639068604,""pitch_speed"":0.0,""yaw_speed"":0.0}",-1.3207835
27054363419300,fov,2707,"{""zoom"":12.339999198913574,""hfov"":7.293355464935303,""vfov"":4.106302738189697,""state"":0,""max_aov_h"":90.0,""max_aov_v"":58.71550750732422,""min_aov_h"":1.40625,""min_aov_v"":0.7910428047180176,""max_zoom"":64.0}",-1.3199548
27054369930400,target_offset,421,"{""x_angle_offset"":-0.015194490551948547,""y_angle_offset"":0.12166822927969473}",-1.3134437
27054386797400,attitude,1080,"{""message_type"":""ATTITUDE"",""time_boot_ms"":116070,""roll"":0.04325823113322258,""pitch"":0.16971386969089508,""yaw"":-3.045927047729492,""rollspeed"":0.006639738101512194,""pitchspeed"":-0.002323643770068884,""yawspeed"":0.028873933479189873}",-1.2965767
27054395799800,gimbal,2708,"{""imu_roll"":0.0,""imu_pitch"":24.57452392578125,""imu_yaw"":2.091134548187256,""frame_roll"":0.0,""frame_pitch"":24.57452392578125,""frame_yaw"":2.091134548187256,""pitch_speed"":0.0,""yaw_speed"":0.0}",-1.2875743
27054397410500,fov,2708,"{""zoom"":12.339999198913574,""hfov"":7.293355464935303,""vfov"":4.106302738189697,""state"":0,""max_aov_h"":90.0,""max_aov_v"":58.71550750732422,""min_aov_h"":1.40625,""min_aov_v"":0.7910428047180176,""max_zoom"":64.0}",-1.2859636
27054398451100,target_offset,422,"{""x_angle_offset"":-0.007597245275974274,""y_angle_offset"":0.12166822927969473}",-1.284923
27054420702500,gimbal,2709,"{""imu_roll"":0.0,""imu_pitch"":24.60042381286621,""imu_yaw"":2.0732834339141846,""frame_roll"":0.0,""frame_pitch"":24.60042381286621,""frame_yaw"":2.0732834339141846,""pitch_speed"":0.0,""yaw_speed"":0.0}",-1.2626716
27054420986400,fov,2709,"{""zoom"":12.339999198913574,""hfov"":7.293355464935303,""vfov"":4.106302738189697,""state"":0,""max_aov_h"":90.0,""max_aov_v"":58.71550750732422,""min_aov_h"":1.40625,""min_aov_v"":0.7910428047180176,""max_zoom"":64.0}",-1.2623877
27054431548200,vfr,540,"{""message_type"":""VFR_HUD"",""airspeed"":28.200687408447266,""alt"":195.11000061035156}",-1.2518259
27054431631600,position,540,"{""message_type"":""GLOBAL_POSITION_INT"",""lat"":469531662,""lon"":393491256}",-1.2517425
27054431699900,attitude,1081,"{""message_type"":""ATTITUDE"",""time_boot_ms"":116110,""roll"":0.04420991241931915,""pitch"":0.16953453421592712,""yaw"":-3.044710397720337,""rollspeed"":0.004215889610350132,""pitchspeed"":-0.003106835298240185,""yawspeed"":0.028548771515488625}",-1.2516742
27054444709500,gimbal,2710,"{""imu_roll"":0.0,""imu_pitch"":24.619125366210938,""imu_yaw"":2.0517234802246094,""frame_roll"":0.0,""frame_pitch"":24.619125366210938,""frame_yaw"":2.0517234802246094,""pitch_speed"":0.0,""yaw_speed"":0.0}",-1.2386646
27054445317900,fov,2710,"{""zoom"":12.339999198913574,""hfov"":7.293355464935303,""vfov"":4.106302738189697,""state"":0,""max_aov_h"":90.0,""max_aov_v"":58.71550750732422,""min_aov_h"":1.40625,""min_aov_v"":0.7910428047180176,""max_zoom"":64.0}",-1.2380562
27054450741400,target_offset,423,"{""x_angle_offset"":-0.015194490551948547,""y_angle_offset"":0.12927249360967566}",-1.2326327
27054472191000,gimbal,2711,"{""imu_roll"":0.0,""imu_pitch"":24.65314292907715,""imu_yaw"":2.0325071811676025,""frame_roll"":0.0,""frame_pitch"":24.65314292907715,""frame_yaw"":2.0325071811676025,""pitch_speed"":0.0,""yaw_speed"":0.0}",-1.2111831
27054472545100,fov,2711,"{""zoom"":12.339999198913574,""hfov"":7.293355464935303,""vfov"":4.106302738189697,""state"":0,""max_aov_h"":90.0,""max_aov_v"":58.71550750732422,""min_aov_h"":1.40625,""min_aov_v"":0.7910428047180176,""max_zoom"":64.0}",-1.210829
27054479042400,target_offset,424,"{""x_angle_offset"":-0.015194490551948547,""y_angle_offset"":0.12927249360967566}",-1.2043317
27054487244300,range,1077,"{""message_type"":""GLOBAL_VISION_POSITION_ESTIMATE"",""x"":46.947933197021484,""y"":39.348262786865234}",-1.1961298
27054494190900,range,1078,"{""message_type"":""GLOBAL_VISION_POSITION_ESTIMATE"",""x"":46.947933197021484,""y"":39.348262786865234}",-1.1891832
27054494420400,attitude,1082,"{""message_type"":""ATTITUDE"",""time_boot_ms"":116170,""roll"":0.04545429348945618,""pitch"":0.16921862959861755,""yaw"":-3.0429248809814453,""rollspeed"":0.0007434925064444542,""pitchspeed"":-0.003997589461505413,""yawspeed"":0.02779882587492466}",-1.1889537
27054500653200,gimbal,2712,"{""imu_roll"":0.0,""imu_pitch"":24.684093475341797,""imu_yaw"":2.007686138153076,""frame_roll"":0.0,""frame_pitch"":24.684093475341797,""frame_yaw"":2.007686138153076,""pitch_speed"":0.0,""yaw_speed"":0.0}",-1.1827209
27054500926700,fov,2712,"{""zoom"":12.339999198913574,""hfov"":7.293355464935303,""vfov"":4.106302738189697,""state"":0,""max_aov_h"":90.0,""max_aov_v"":58.71550750732422,""min_aov_h"":1.40625,""min_aov_v"":0.7910428047180176,""max_zoom"":64.0}",-1.1824474
27054526135800,gimbal,2713,"{""imu_roll"":0.0,""imu_pitch"":24.70494270324707,""imu_yaw"":1.978825569152832,""frame_roll"":0.0,""frame_pitch"":24.70494270324707,""frame_yaw"":1.978825569152832,""pitch_speed"":0.0,""yaw_speed"":0.0}",-1.1572383
27054526434200,fov,2713,"{""zoom"":12.339999198913574,""hfov"":7.293355464935303,""vfov"":4.106302738189697,""state"":0,""max_aov_h"":90.0,""max_aov_v"":58.71550750732422,""min_aov_h"":1.40625,""min_aov_v"":0.7910428047180176,""max_zoom"":64.0}",-1.1569399
27054531778500,target_offset,425,"{""x_angle_offset"":-0.02279173582792282,""y_angle_offset"":0.12166822927969473}",-1.1515956
27054537132400,vfr,541,"{""message_type"":""VFR_HUD"",""airspeed"":28.180267333984375,""alt"":195.37998962402344}",-1.1462417
27054537303700,position,541,"{""message_type"":""GLOBAL_POSITION_INT"",""lat"":469531119,""lon"":393491159}",-1.1460704
27054537413700,attitude,1083,"{""message_type"":""ATTITUDE"",""time_boot_ms"":116210,""roll"":0.046031709760427475,""pitch"":0.1688576340675354,""yaw"":-3.0417866706848145,""rollspeed"":-0.0026255177799612284,""pitchspeed"":-0.004499921575188637,""yawspeed"":0.02728993259370327}",-1.1459604
27054555291800,gimbal,2714,"{""imu_roll"":0.0,""imu_pitch"":24.734289169311523,""imu_yaw"":1.9602967500686646,""frame_roll"":0.0,""frame_pitch"":24.734289169311523,""frame_yaw"":1.9602967500686646,""pitch_speed"":0.0,""yaw_speed"":0.0}",-1.1280823
27054555635300,fov,2714,"{""zoom"":12.339999198913574,""hfov"":7.293355464935303,""vfov"":4.106302738189697,""state"":0,""max_aov_h"":90.0,""max_aov_v"":58.71550750732422,""min_aov_h"":1.40625,""min_aov_v"":0.7910428047180176,""max_zoom"":64.0}",-1.1277388
27054560462400,target_offset,426,"{""x_angle_offset"":-0.030388981103897095,""y_angle_offset"":0.09125117195977105}",-1.1229117
27054579315100,gimbal,2715,"{""imu_roll"":0.0,""imu_pitch"":24.752389907836914,""imu_yaw"":1.9380961656570435,""frame_roll"":0.0,""frame_pitch"":24.752389907836914,""frame_yaw"":1.9380961656570435,""pitch_speed"":0.0,""yaw_speed"":0.0}",-1.104059
27054579605400,fov,2715,"{""zoom"":12.339999198913574,""hfov"":7.293355464935303,""vfov"":4.106302738189697,""state"":0,""max_aov_h"":90.0,""max_aov_v"":58.71550750732422,""min_aov_h"":1.40625,""min_aov_v"":0.7910428047180176,""max_zoom"":64.0}",-1.1037687
27054594692900,attitude,1084,"{""message_type"":""ATTITUDE"",""time_boot_ms"":116270,""roll"":0.04666778817772865,""pitch"":0.1682974100112915,""yaw"":-3.0401296615600586,""rollspeed"":-0.006959347985684872,""pitchspeed"":-0.004655078519135714,""yawspeed"":0.026311421766877174}",-1.0886812
27054611682700,gimbal,2716,"{""imu_roll"":0.0,""imu_pitch"":24.768007278442383,""imu_yaw"":1.9052493572235107,""frame_roll"":0.0,""frame_pitch"":24.768007278442383,""frame_yaw"":1.9052493572235107,""pitch_speed"":0.0,""yaw_speed"":0.0}",-1.0716914
27054612244500,fov,2716,"{""zoom"":12.339999198913574,""hfov"":7.293355464935303,""vfov"":4.106302738189697,""state"":0,""max_aov_h"":90.0,""max_aov_v"":58.71550750732422,""min_aov_h"":1.40625,""min_aov_v"":0.7910428047180176,""max_zoom"":64.0}",-1.0711296
27054613700500,target_offset,427,"{""x_angle_offset"":-0.030388981103897095,""y_angle_offset"":0.09125117195977105}",-1.0696736
27054634940300,gimbal,2717,"{""imu_roll"":0.0,""imu_pitch"":24.788591384887695,""imu_yaw"":1.8871668577194214,""frame_roll"":0.0,""frame_pitch"":24.788591384887695,""frame_yaw"":1.8871668577194214,""pitch_speed"":0.0,""yaw_speed"":0.0}",-1.0484338
27054635249100,fov,2717,"{""zoom"":12.339999198913574,""hfov"":7.293355464935303,""vfov"":4.106302738189697,""state"":0,""max_aov_h"":90.0,""max_aov_v"":58.71550750732422,""min_aov_h"":1.40625,""min_aov_v"":0.7910428047180176,""max_zoom"":64.0}",-1.048125
27054642611000,target_offset,428,"{""x_angle_offset"":-0.03798622637987137,""y_angle_offset"":0.09125117195977105}",-1.0407631
27054645351900,attitude,1085,"{""message_type"":""ATTITUDE"",""time_boot_ms"":116310,""roll"":0.046967994421720505,""pitch"":0.1679435670375824,""yaw"":-3.039060354232788,""rollspeed"":-0.008946247398853302,""pitchspeed"":-0.0041318354196846485,""yawspeed"":0.025674305856227875}",-1.0380222
27054645682200,position,542,"{""message_type"":""GLOBAL_POSITION_INT"",""lat"":469531119,""lon"":393491159}",-1.0376919
27054645758100,vfr,542,"{""message_type"":""VFR_HUD"",""airspeed"":28.134981155395508,""alt"":195.6199951171875}",-1.037616
27054645945900,range,1079,"{""message_type"":""GLOBAL_VISION_POSITION_ESTIMATE"",""x"":46.9478874206543,""y"":39.34824752807617}",-1.0374282
27054658448500,gimbal,2718,"{""imu_roll"":0.0,""imu_pitch"":24.81036949157715,""imu_yaw"":1.866480827331543,""frame_roll"":0.0,""frame_pitch"":24.81036949157715,""frame_yaw"":1.866480827331543,""pitch_speed"":0.0,""yaw_speed"":0.0}",-1.0249256
27054658961300,range,1080,"{""message_type"":""GLOBAL_VISION_POSITION_ESTIMATE"",""x"":46.9478874206543,""y"":39.34824752807617}",-1.0244128
27054659225500,fov,2718,"{""zoom"":12.339999198913574,""hfov"":7.293355464935303,""vfov"":4.106302738189697,""state"":0,""max_aov_h"":90.0,""max_aov_v"":58.71550750732422,""min_aov_h"":1.40625,""min_aov_v"":0.7910428047180176,""max_zoom"":64.0}",-1.0241486
27054686168500,gimbal,2719,"{""imu_roll"":0.0,""imu_pitch"":24.82756805419922,""imu_yaw"":1.8386467695236206,""frame_roll"":0.0,""frame_pitch"":24.82756805419922,""frame_yaw"":1.8386467695236206,""pitch_speed"":0.0,""yaw_speed"":0.0}",-0.9972056
27054686412500,fov,2719,"{""zoom"":12.339999198913574,""hfov"":7.293355464935303,""vfov"":4.106302738189697,""state"":0,""max_aov_h"":90.0,""max_aov_v"":58.71550750732422,""min_aov_h"":1.40625,""min_aov_v"":0.7910428047180176,""max_zoom"":64.0}",-0.9969616
27054691788900,target_offset,429,"{""x_angle_offset"":-0.04558347165584564,""y_angle_offset"":0.09125117195977105}",-0.9915852
27054699772000,attitude,1086,"{""message_type"":""ATTITUDE"",""time_boot_ms"":116370,""roll"":0.04728447273373604,""pitch"":0.16745470464229584,""yaw"":-3.037511110305786,""rollspeed"":-0.01126624271273613,""pitchspeed"":-0.0033557009883224964,""yawspeed"":0.02458580955862999}",-0.9836021
27054714069000,gimbal,2720,"{""imu_roll"":0.0,""imu_pitch"":24.852121353149414,""imu_yaw"":1.813234567642212,""frame_roll"":0.0,""frame_pitch"":24.852121353149414,""frame_yaw"":1.813234567642212,""pitch_speed"":0.0,""yaw_speed"":0.0}",-0.9693051
27054714752500,fov,2720,"{""zoom"":12.339999198913574,""hfov"":7.293355464935303,""vfov"":4.106302738189697,""state"":0,""max_aov_h"":90.0,""max_aov_v"":58.71550750732422,""min_aov_h"":1.40625,""min_aov_v"":0.7910428047180176,""max_zoom"":64.0}",-0.9686216
27054721889300,target_offset,430,"{""x_angle_offset"":-0.06077796220779419,""y_angle_offset"":0.09125117195977105}",-0.9614848
27054739915600,position,543,"{""message_type"":""GLOBAL_POSITION_INT"",""lat"":469530580,""lon"":393491062}",-0.9434585
27054740078600,attitude,1087,"{""message_type"":""ATTITUDE"",""time_boot_ms"":116410,""roll"":0.047368235886096954,""pitch"":0.16721034049987793,""yaw"":-3.036532402038574,""rollspeed"":-0.01182490587234497,""pitchspeed"":-0.0026020826771855354,""yawspeed"":0.023747915402054787}",-0.9432955
27054740376800,vfr,543,"{""message_type"":""VFR_HUD"",""airspeed"":28.10323715209961,""alt"":195.8699951171875}",-0.9429973
27054741121100,gimbal,2721,"{""imu_roll"":0.0,""imu_pitch"":24.874893188476562,""imu_yaw"":1.78136146068573,""frame_roll"":0.0,""frame_pitch"":24.874893188476562,""frame_yaw"":1.78136146068573,""pitch_speed"":0.0,""yaw_speed"":0.0}",-0.942253
27054742640500,fov,2721,"{""zoom"":12.339999198913574,""hfov"":7.293355464935303,""vfov"":4.106302738189697,""state"":0,""max_aov_h"":90.0,""max_aov_v"":58.71550750732422,""min_aov_h"":1.40625,""min_aov_v"":0.7910428047180176,""max_zoom"":64.0}",-0.9407336
27054764377700,gimbal,2722,"{""imu_roll"":0.0,""imu_pitch"":24.88838768005371,""imu_yaw"":1.756377100944519,""frame_roll"":0.0,""frame_pitch"":24.88838768005371,""frame_yaw"":1.756377100944519,""pitch_speed"":0.0,""yaw_speed"":0.0}",-0.9189964
27054764742100,fov,2722,"{""zoom"":12.339999198913574,""hfov"":7.293355464935303,""vfov"":4.106302738189697,""state"":0,""max_aov_h"":90.0,""max_aov_v"":58.71550750732422,""min_aov_h"":1.40625,""min_aov_v"":0.7910428047180176,""max_zoom"":64.0}",-0.918632
27054774325700,target_offset,431,"{""x_angle_offset"":-0.06837520748376846,""y_angle_offset"":0.09125117195977105}",-0.9090484
27054783554000,range,1081,"{""message_type"":""GLOBAL_VISION_POSITION_ESTIMATE"",""x"":46.94862747192383,""y"":39.34836959838867}",-0.8998201
27054785660900,range,1082,"{""message_type"":""GLOBAL_VISION_POSITION_ESTIMATE"",""x"":46.94862747192383,""y"":39.34836959838867}",-0.8977132
27054793585100,target_offset,432,"{""x_angle_offset"":-0.06837520748376846,""y_angle_offset"":0.09125117195977105}",-0.889789
27054799961300,gimbal,2723,"{""imu_roll"":0.0,""imu_pitch"":24.914709091186523,""imu_yaw"":1.7095310688018799,""frame_roll"":0.0,""frame_pitch"":24.914709091186523,""frame_yaw"":1.7095310688018799,""pitch_speed"":0.0,""yaw_speed"":0.0}",-0.8834128
27054800171700,fov,2723,"{""zoom"":12.339999198913574,""hfov"":7.293355464935303,""vfov"":4.106302738189697,""state"":0,""max_aov_h"":90.0,""max_aov_v"":58.71550750732422,""min_aov_h"":1.40625,""min_aov_v"":0.7910428047180176,""max_zoom"":64.0}",-0.8832024
27054806421300,attitude,1088,"{""message_type"":""ATTITUDE"",""time_boot_ms"":116470,""roll"":0.04735501483082771,""pitch"":0.16699059307575226,""yaw"":-3.0351338386535645,""rollspeed"":-0.012371586635708809,""pitchspeed"":-0.0009986821096390486,""yawspeed"":0.0226531233638525}",-0.8769528
27054818124400,gimbal,2724,"{""imu_roll"":0.0,""imu_pitch"":24.92449378967285,""imu_yaw"":1.69449782371521,""frame_roll"":0.0,""frame_pitch"":24.92449378967285,""frame_yaw"":1.69449782371521,""pitch_speed"":0.0,""yaw_speed"":0.0}",-0.8652497
27054818353800,fov,2724,"{""zoom"":12.339999198913574,""hfov"":7.293355464935303,""vfov"":4.106302738189697,""state"":0,""max_aov_h"":90.0,""max_aov_v"":58.71550750732422,""min_aov_h"":1.40625,""min_aov_v"":0.7910428047180176,""max_zoom"":64.0}",-0.8650203
27054845030200,vfr,544,"{""message_type"":""VFR_HUD"",""airspeed"":28.080995559692383,""alt"":196.12998962402344}",-0.8383439
27054845179800,position,544,"{""message_type"":""GLOBAL_POSITION_INT"",""lat"":469530580,""lon"":393491062}",-0.8381943
27054845298200,attitude,1089,"{""message_type"":""ATTITUDE"",""time_boot_ms"":116510,""roll"":0.047329846769571304,""pitch"":0.16691721975803375,""yaw"":-3.0342390537261963,""rollspeed"":-0.012374602258205414,""pitchspeed"":0.0005222753388807178,""yawspeed"":0.021920720115303993}",-0.8380759
27054847665500,gimbal,2725,"{""imu_roll"":0.0,""imu_pitch"":24.934612274169922,""imu_yaw"":1.6675236225128174,""frame_roll"":0.0,""frame_pitch"":24.934612274169922,""frame_yaw"":1.6675236225128174,""pitch_speed"":0.0,""yaw_speed"":0.0}",-0.8357086
27054847932600,fov,2725,"{""zoom"":12.339999198913574,""hfov"":7.293355464935303,""vfov"":4.106302738189697,""state"":0,""max_aov_h"":90.0,""max_aov_v"":58.71550750732422,""min_aov_h"":1.40625,""min_aov_v"":0.7910428047180176,""max_zoom"":64.0}",-0.8354415
27054851046500,target_offset,433,"{""x_angle_offset"":-0.07597245275974274,""y_angle_offset"":0.09125117195977105}",-0.8323276
27054880032100,gimbal,2726,"{""imu_roll"":0.0,""imu_pitch"":24.956623077392578,""imu_yaw"":1.629173994064331,""frame_roll"":0.0,""frame_pitch"":24.956623077392578,""frame_yaw"":1.629173994064331,""pitch_speed"":0.0,""yaw_speed"":0.0}",-0.803342
27054880355300,fov,2726,"{""zoom"":12.339999198913574,""hfov"":7.293355464935303,""vfov"":4.106302738189697,""state"":0,""max_aov_h"":90.0,""max_aov_v"":58.71550750732422,""min_aov_h"":1.40625,""min_aov_v"":0.7910428047180176,""max_zoom"":64.0}",-0.8030188
27054883113000,target_offset,434,"{""x_angle_offset"":-0.07597245275974274,""y_angle_offset"":0.09125117195977105}",-0.8002611
27054903447300,attitude,1090,"{""message_type"":""ATTITUDE"",""time_boot_ms"":116570,""roll"":0.047289591282606125,""pitch"":0.16690030694007874,""yaw"":-3.0329506397247314,""rollspeed"":-0.0122198686003685,""pitchspeed"":0.002252317499369383,""yawspeed"":0.020739443600177765}",-0.7799268
27054904090600,gimbal,2727,"{""imu_roll"":0.0,""imu_pitch"":24.974552154541016,""imu_yaw"":1.5958631038665771,""frame_roll"":0.0,""frame_pitch"":24.974552154541016,""frame_yaw"":1.5958631038665771,""pitch_speed"":0.0,""yaw_speed"":0.0}",-0.7792835
27054904426300,fov,2727,"{""zoom"":12.339999198913574,""hfov"":7.293355464935303,""vfov"":4.106302738189697,""state"":0,""max_aov_h"":90.0,""max_aov_v"":58.71550750732422,""min_aov_h"":1.40625,""min_aov_v"":0.7910428047180176,""max_zoom"":64.0}",-0.7789478
27054928915600,gimbal,2728,"{""imu_roll"":0.0,""imu_pitch"":24.9859619140625,""imu_yaw"":1.5683482885360718,""frame_roll"":0.0,""frame_pitch"":24.9859619140625,""frame_yaw"":1.5683482885360718,""pitch_speed"":0.0,""yaw_speed"":0.0}",-0.7544585
27054929230000,fov,2728,"{""zoom"":12.339999198913574,""hfov"":7.293355464935303,""vfov"":4.106302738189697,""state"":0,""max_aov_h"":90.0,""max_aov_v"":58.71550750732422,""min_aov_h"":1.40625,""min_aov_v"":0.7910428047180176,""max_zoom"":64.0}",-0.7541441
27054938221200,target_offset,435,"{""x_angle_offset"":-0.07597245275974274,""y_angle_offset"":0.09885543628975196}",-0.7451529
27054943109400,range,1083,"{""message_type"":""GLOBAL_VISION_POSITION_ESTIMATE"",""x"":46.94862747192383,""y"":39.34836959838867}",-0.7402647
27054944448400,vfr,545,"{""message_type"":""VFR_HUD"",""airspeed"":28.065414428710938,""alt"":196.3699951171875}",-0.7389257
27054944594500,attitude,1091,"{""message_type"":""ATTITUDE"",""time_boot_ms"":116610,""roll"":0.04727931320667267,""pitch"":0.16695082187652588,""yaw"":-3.0321290493011475,""rollspeed"":-0.011519039049744606,""pitchspeed"":0.003492286428809166,""yawspeed"":0.020107213407754898}",-0.7387796
27054944856900,range,1084,"{""message_type"":""GLOBAL_VISION_POSITION_ESTIMATE"",""x"":46.94862747192383,""y"":39.34836959838867}",-0.7385172
27054944984300,position,545,"{""message_type"":""GLOBAL_POSITION_INT"",""lat"":469530040,""lon"":393490962}",-0.7383898
27054956326400,gimbal,2729,"{""imu_roll"":0.0,""imu_pitch"":25.012088775634766,""imu_yaw"":1.5290164947509766,""frame_roll"":0.0,""frame_pitch"":25.012088775634766,""frame_yaw"":1.5290164947509766,""pitch_speed"":0.0,""yaw_speed"":0.0}",-0.7270477
27054956683300,fov,2729,"{""zoom"":12.339999198913574,""hfov"":7.293355464935303,""vfov"":4.106302738189697,""state"":0,""max_aov_h"":90.0,""max_aov_v"":58.71550750732422,""min_aov_h"":1.40625,""min_aov_v"":0.7910428047180176,""max_zoom"":64.0}",-0.7266908
27054960930600,target_offset,436,"{""x_angle_offset"":-0.07597245275974274,""y_angle_offset"":0.13687675793965656}",-0.7224435
27054979607500,gimbal,2730,"{""imu_roll"":0.0,""imu_pitch"":25.041946411132812,""imu_yaw"":1.5027382373809814,""frame_roll"":0.0,""frame_pitch"":25.041946411132812,""frame_yaw"":1.5027382373809814,""pitch_speed"":0.0,""yaw_speed"":0.0}",-0.7037666
27054979974700,fov,2730,"{""zoom"":12.339999198913574,""hfov"":7.293355464935303,""vfov"":4.106302738189697,""state"":0,""max_aov_h"":90.0,""max_aov_v"":58.71550750732422,""min_aov_h"":1.40625,""min_aov_v"":0.7910428047180176,""max_zoom"":64.0}",-0.7033994
27055010415800,gimbal,2731,"{""imu_roll"":0.0,""imu_pitch"":25.06776237487793,""imu_yaw"":1.4709839820861816,""frame_roll"":0.0,""frame_pitch"":25.06776237487793,""frame_yaw"":1.4709839820861816,""pitch_speed"":0.0,""yaw_speed"":0.0}",-0.6729583
27055011122100,fov,2731,"{""zoom"":12.339999198913574,""hfov"":7.293355464935303,""vfov"":4.106302738189697,""state"":0,""max_aov_h"":90.0,""max_aov_v"":58.71550750732422,""min_aov_h"":1.40625,""min_aov_v"":0.7910428047180176,""max_zoom"":64.0}",-0.672252
27055011389300,attitude,1092,"{""message_type"":""ATTITUDE"",""time_boot_ms"":116670,""roll"":0.04702466353774071,""pitch"":0.16699637472629547,""yaw"":-3.030996084213257,""rollspeed"":-0.011353917419910431,""pitchspeed"":0.004668472334742546,""yawspeed"":0.018793998286128044}",-0.6719848
27055013710700,target_offset,437,"{""x_angle_offset"":-0.06837520748376846,""y_angle_offset"":0.1444810222696375}",-0.6696634
27055035971500,gimbal,2732,"{""imu_roll"":0.0,""imu_pitch"":25.10701560974121,""imu_yaw"":1.4372012615203857,""frame_roll"":0.0,""frame_pitch"":25.10701560974121,""frame_yaw"":1.4372012615203857,""pitch_speed"":0.0,""yaw_speed"":0.0}",-0.6474026
27055036290500,fov,2732,"{""zoom"":12.339999198913574,""hfov"":7.293355464935303,""vfov"":4.106302738189697,""state"":0,""max_aov_h"":90.0,""max_aov_v"":58.71550750732422,""min_aov_h"":1.40625,""min_aov_v"":0.7910428047180176,""max_zoom"":64.0}",-0.6470836
27055050281800,position,546,"{""message_type"":""GLOBAL_POSITION_INT"",""lat"":469530040,""lon"":393490962}",-0.6330923
27055050371700,vfr,546,"{""message_type"":""VFR_HUD"",""airspeed"":28.05450439453125,""alt"":196.61000061035156}",-0.6330024
27055050442300,attitude,1093,"{""message_type"":""ATTITUDE"",""time_boot_ms"":116710,""roll"":0.04685452580451965,""pitch"":0.16708388924598694,""yaw"":-3.030282735824585,""rollspeed"":-0.011231675744056702,""pitchspeed"":0.005896385759115219,""yawspeed"":0.01798793114721775}",-0.6329318
27055058353100,gimbal,2733,"{""imu_roll"":0.0,""imu_pitch"":25.128931045532227,""imu_yaw"":1.4117683172225952,""frame_roll"":0.0,""frame_pitch"":25.128931045532227,""frame_yaw"":1.4117683172225952,""pitch_speed"":0.0,""yaw_speed"":0.0}",-0.625021
27055060626400,fov,2733,"{""zoom"":12.339999198913574,""hfov"":7.293355464935303,""vfov"":4.106302738189697,""state"":0,""max_aov_h"":90.0,""max_aov_v"":58.71550750732422,""min_aov_h"":1.40625,""min_aov_v"":0.7910428047180176,""max_zoom"":64.0}",-0.6227477
27055084270500,gimbal,2734,"{""imu_roll"":0.0,""imu_pitch"":25.14715003967285,""imu_yaw"":1.383718490600586,""frame_roll"":0.0,""frame_pitch"":25.14715003967285,""frame_yaw"":1.383718490600586,""pitch_speed"":0.0,""yaw_speed"":0.0}",-0.5991036
27055084650100,fov,2734,"{""zoom"":12.339999198913574,""hfov"":7.293355464935303,""vfov"":4.106302738189697,""state"":0,""max_aov_h"":90.0,""max_aov_v"":58.71550750732422,""min_aov_h"":1.40625,""min_aov_v"":0.7910428047180176,""max_zoom"":64.0}",-0.598724
27055107391200,range,1085,"{""message_type"":""GLOBAL_VISION_POSITION_ESTIMATE"",""x"":46.948577880859375,""y"":39.348358154296875}",-0.5759829
27055113165800,gimbal,2735,"{""imu_roll"":0.0,""imu_pitch"":25.16347312927246,""imu_yaw"":1.3506065607070923,""frame_roll"":0.0,""frame_pitch"":25.16347312927246,""frame_yaw"":1.3506065607070923,""pitch_speed"":0.0,""yaw_speed"":0.0}",-0.5702083
27055113471300,fov,2735,"{""zoom"":12.339999198913574,""hfov"":7.293355464935303,""vfov"":4.106302738189697,""state"":0,""max_aov_h"":90.0,""max_aov_v"":58.71550750732422,""min_aov_h"":1.40625,""min_aov_v"":0.7910428047180176,""max_zoom"":64.0}",-0.5699028
27055113616800,range,1086,"{""message_type"":""GLOBAL_VISION_POSITION_ESTIMATE"",""x"":46.948577880859375,""y"":39.348358154296875}",-0.5697573
27055113813700,attitude,1094,"{""message_type"":""ATTITUDE"",""time_boot_ms"":116770,""roll"":0.04656685143709183,""pitch"":0.16729363799095154,""yaw"":-3.0292725563049316,""rollspeed"":-0.012229815125465393,""pitchspeed"":0.007290609180927277,""yawspeed"":0.016675250604748726}",-0.5695604
27055118525300,target_offset,438,"{""x_angle_offset"":0.1139586791396141,""y_angle_offset"":0.570319824748569}",-0.5648488
27055137595900,gimbal,2736,"{""imu_roll"":0.0,""imu_pitch"":25.293312072753906,""imu_yaw"":1.3679968118667603,""frame_roll"":0.0,""frame_pitch"":25.293312072753906,""frame_yaw"":1.3679968118667603,""pitch_speed"":0.0,""yaw_speed"":0.0}",-0.5457782
27055137956500,fov,2736,"{""zoom"":12.339999198913574,""hfov"":7.293355464935303,""vfov"":4.106302738189697,""state"":0,""max_aov_h"":90.0,""max_aov_v"":58.71550750732422,""min_aov_h"":1.40625,""min_aov_v"":0.7910428047180176,""max_zoom"":64.0}",-0.5454176
27055159513600,attitude,1095,"{""message_type"":""ATTITUDE"",""time_boot_ms"":116810,""roll"":0.04629460349678993,""pitch"":0.16747801005840302,""yaw"":-3.0286426544189453,""rollspeed"":-0.013801125809550285,""pitchspeed"":0.00814589112997055,""yawspeed"":0.015738332644104958}",-0.5238605
27055159972300,vfr,547,"{""message_type"":""VFR_HUD"",""airspeed"":28.046863555908203,""alt"":196.86000061035156}",-0.5234018
27055160096600,position,547,"{""message_type"":""GLOBAL_POSITION_INT"",""lat"":469530040,""lon"":393490962}",-0.5232775
27055161049700,gimbal,2737,"{""imu_roll"":0.0,""imu_pitch"":25.3909912109375,""imu_yaw"":1.3770554065704346,""frame_roll"":0.0,""frame_pitch"":25.3909912109375,""frame_yaw"":1.3770554065704346,""pitch_speed"":0.0,""yaw_speed"":0.0}",-0.5223244
27055161385700,fov,2737,"{""zoom"":12.339999198913574,""hfov"":7.293355464935303,""vfov"":4.106302738189697,""state"":0,""max_aov_h"":90.0,""max_aov_v"":58.71550750732422,""min_aov_h"":1.40625,""min_aov_v"":0.7910428047180176,""max_zoom"":64.0}",-0.5219884
27055168550800,target_offset,439,"{""x_angle_offset"":0.1139586791396141,""y_angle_offset"":0.5931326177385118}",-0.5148233
27055189359800,gimbal,2738,"{""imu_roll"":0.0,""imu_pitch"":25.56889533996582,""imu_yaw"":1.3977800607681274,""frame_roll"":0.0,""frame_pitch"":25.56889533996582,""frame_yaw"":1.3977800607681274,""pitch_speed"":0.0,""yaw_speed"":0.0}",-0.4940143
27055189646700,fov,2738,"{""zoom"":12.339999198913574,""hfov"":7.293355464935303,""vfov"":4.106302738189697,""state"":0,""max_aov_h"":90.0,""max_aov_v"":58.71550750732422,""min_aov_h"":1.40625,""min_aov_v"":0.7910428047180176,""max_zoom"":64.0}",-0.4937274
27055193896000,target_offset,440,"{""x_angle_offset"":0.13675041496753693,""y_angle_offset"":0.6387582037183973}",-0.4894781
27055211431500,gimbal,2739,"{""imu_roll"":0.0,""imu_pitch"":25.712533950805664,""imu_yaw"":1.419535517692566,""frame_roll"":0.0,""frame_pitch"":25.712533950805664,""frame_yaw"":1.419535517692566,""pitch_speed"":0.0,""yaw_speed"":0.0}",-0.4719426
27055211771800,fov,2739,"{""zoom"":12.339999198913574,""hfov"":7.293355464935303,""vfov"":4.106302738189697,""state"":0,""max_aov_h"":90.0,""max_aov_v"":58.71550750732422,""min_aov_h"":1.40625,""min_aov_v"":0.7910428047180176,""max_zoom"":64.0}",-0.4716023
27055220134300,attitude,1096,"{""message_type"":""ATTITUDE"",""time_boot_ms"":116870,""roll"":0.04562347009778023,""pitch"":0.1678292453289032,""yaw"":-3.027785301208496,""rollspeed"":-0.016327597200870514,""pitchspeed"":0.00957752950489521,""yawspeed"":0.014222780242562294}",-0.4632398
27055238603000,gimbal,2740,"{""imu_roll"":0.0,""imu_pitch"":25.8355770111084,""imu_yaw"":1.432212233543396,""frame_roll"":0.0,""frame_pitch"":25.8355770111084,""frame_yaw"":1.432212233543396,""pitch_speed"":0.0,""yaw_speed"":0.0}",-0.4447711
27055239006600,fov,2740,"{""zoom"":12.339999198913574,""hfov"":7.293355464935303,""vfov"":4.106302738189697,""state"":0,""max_aov_h"":90.0,""max_aov_v"":58.71550750732422,""min_aov_h"":1.40625,""min_aov_v"":0.7910428047180176,""max_zoom"":64.0}",-0.4443675
27055245859600,target_offset,441,"{""x_angle_offset"":0.1139586791396141,""y_angle_offset"":0.5399027674286454}",-0.4375145
27055261651800,range,1087,"{""message_type"":""GLOBAL_VISION_POSITION_ESTIMATE"",""x"":46.948577880859375,""y"":39.34833908081055}",-0.4217223
27055266989100,gimbal,2741,"{""imu_roll"":0.0,""imu_pitch"":25.963605880737305,""imu_yaw"":1.452873945236206,""frame_roll"":0.0,""frame_pitch"":25.963605880737305,""frame_yaw"":1.452873945236206,""pitch_speed"":0.0,""yaw_speed"":0.0}",-0.416385
27055267434100,fov,2741,"{""zoom"":12.339999198913574,""hfov"":7.293355464935303,""vfov"":4.106302738189697,""state"":0,""max_aov_h"":90.0,""max_aov_v"":58.71550750732422,""min_aov_h"":1.40625,""min_aov_v"":0.7910428047180176,""max_zoom"":64.0}",-0.41594
27055268718100,range,1088,"{""message_type"":""GLOBAL_VISION_POSITION_ESTIMATE"",""x"":46.948577880859375,""y"":39.34833908081055}",-0.414656
27055268838600,position,548,"{""message_type"":""GLOBAL_POSITION_INT"",""lat"":469529499,""lon"":393490863}",-0.4145355
27055268919600,attitude,1097,"{""message_type"":""ATTITUDE"",""time_boot_ms"":116910,""roll"":0.045025214552879333,""pitch"":0.1680934727191925,""yaw"":-3.0272672176361084,""rollspeed"":-0.018187038600444794,""pitchspeed"":0.010071838274598122,""yawspeed"":0.013201793655753136}",-0.4144545
27055269117000,vfr,548,"{""message_type"":""VFR_HUD"",""airspeed"":28.010391235351562,""alt"":197.09999084472656}",-0.4142571
27055275547200,target_offset,442,"{""x_angle_offset"":0.053180716931819916,""y_angle_offset"":0.3421918948491414}",-0.4078269
27055288834000,gimbal,2742,"{""imu_roll"":0.0,""imu_pitch"":26.055694580078125,""imu_yaw"":1.4582815170288086,""frame_roll"":0.0,""frame_pitch"":26.055694580078125,""frame_yaw"":1.4582815170288086,""pitch_speed"":0.0,""yaw_speed"":0.0}",-0.3945401
27055289182800,fov,2742,"{""zoom"":12.339999198913574,""hfov"":7.293355464935303,""vfov"":4.106302738189697,""state"":0,""max_aov_h"":90.0,""max_aov_v"":58.71550750732422,""min_aov_h"":1.40625,""min_aov_v"":0.7910428047180176,""max_zoom"":64.0}",-0.3941913
27055313195800,gimbal,2743,"{""imu_roll"":0.0,""imu_pitch"":26.109407424926758,""imu_yaw"":1.457824468612671,""frame_roll"":0.0,""frame_pitch"":26.109407424926758,""frame_yaw"":1.457824468612671,""pitch_speed"":0.0,""yaw_speed"":0.0}",-0.3701783
27055313474800,fov,2743,"{""zoom"":12.339999198913574,""hfov"":7.293355464935303,""vfov"":4.106302738189697,""state"":0,""max_aov_h"":90.0,""max_aov_v"":58.71550750732422,""min_aov_h"":1.40625,""min_aov_v"":0.7910428047180176,""max_zoom"":64.0}",-0.3698993
27055321629400,target_offset,443,"{""x_angle_offset"":0.007597245275974274,""y_angle_offset"":0.24333645855938946}",-0.3617447
27055326232800,attitude,1098,"{""message_type"":""ATTITUDE"",""time_boot_ms"":116970,""roll"":0.04398496821522713,""pitch"":0.1685091257095337,""yaw"":-3.0265607833862305,""rollspeed"":-0.020736901089549065,""pitchspeed"":0.01030177902430296,""yawspeed"":0.011663129553198814}",-0.3571413
27055337245300,gimbal,2744,"{""imu_roll"":0.0,""imu_pitch"":26.17138671875,""imu_yaw"":1.4495947360992432,""frame_roll"":0.0,""frame_pitch"":26.17138671875,""frame_yaw"":1.4495947360992432,""pitch_speed"":0.0,""yaw_speed"":0.0}",-0.3461288
27055337472500,fov,2744,"{""zoom"":12.339999198913574,""hfov"":7.293355464935303,""vfov"":4.106302738189697,""state"":0,""max_aov_h"":90.0,""max_aov_v"":58.71550750732422,""min_aov_h"":1.40625,""min_aov_v"":0.7910428047180176,""max_zoom"":64.0}",-0.3459016
27055362302000,vfr,549,"{""message_type"":""VFR_HUD"",""airspeed"":27.984832763671875,""alt"":197.33999633789062}",-0.3210721
27055362444700,position,549,"{""message_type"":""GLOBAL_POSITION_INT"",""lat"":469529499,""lon"":393490863}",-0.3209294
27055362553200,attitude,1099,"{""message_type"":""ATTITUDE"",""time_boot_ms"":117010,""roll"":0.04322865232825279,""pitch"":0.16878463327884674,""yaw"":-3.026130199432373,""rollspeed"":-0.021469581872224808,""pitchspeed"":0.010066891089081764,""yawspeed"":0.010748062282800674}",-0.3208209
27055365240800,gimbal,2745,"{""imu_roll"":0.0,""imu_pitch"":26.216901779174805,""imu_yaw"":1.438628911972046,""frame_roll"":0.0,""frame_pitch"":26.216901779174805,""frame_yaw"":1.438628911972046,""pitch_speed"":0.0,""yaw_speed"":0.0}",-0.3181333
27055365556000,fov,2745,"{""zoom"":12.339999198913574,""hfov"":7.293355464935303,""vfov"":4.106302738189697,""state"":0,""max_aov_h"":90.0,""max_aov_v"":58.71550750732422,""min_aov_h"":1.40625,""min_aov_v"":0.7910428047180176,""max_zoom"":64.0}",-0.3178181
27055371543000,target_offset,444,"{""x_angle_offset"":-0.03798622637987137,""y_angle_offset"":0.06843837896982828}",-0.3118311
27055395541500,gimbal,2746,"{""imu_roll"":0.0,""imu_pitch"":26.234996795654297,""imu_yaw"":1.4176404476165771,""frame_roll"":0.0,""frame_pitch"":26.234996795654297,""frame_yaw"":1.4176404476165771,""pitch_speed"":0.0,""yaw_speed"":0.0}",-0.2878326
27055395872500,fov,2746,"{""zoom"":12.339999198913574,""hfov"":7.293355464935303,""vfov"":4.106302738189697,""state"":0,""max_aov_h"":90.0,""max_aov_v"":58.71550750732422,""min_aov_h"":1.40625,""min_aov_v"":0.7910428047180176,""max_zoom"":64.0}",-0.2875016
27055399363900,target_offset,445,"{""x_angle_offset"":-0.08356969803571701,""y_angle_offset"":0.0}",-0.2840102
27055416822800,range,1089,"{""message_type"":""GLOBAL_VISION_POSITION_ESTIMATE"",""x"":46.94852066040039,""y"":39.34830856323242}",-0.2665513
27055418584700,gimbal,2747,"{""imu_roll"":0.0,""imu_pitch"":26.229482650756836,""imu_yaw"":1.3874657154083252,""frame_roll"":0.0,""frame_pitch"":26.229482650756836,""frame_yaw"":1.3874657154083252,""pitch_speed"":0.0,""yaw_speed"":0.0}",-0.2647894
27055418865200,fov,2747,"{""zoom"":12.339999198913574,""hfov"":7.293355464935303,""vfov"":4.106302738189697,""state"":0,""max_aov_h"":90.0,""max_aov_v"":58.71550750732422,""min_aov_h"":1.40625,""min_aov_v"":0.7910428047180176,""max_zoom"":64.0}",-0.2645089
27055428415900,range,1090,"{""message_type"":""GLOBAL_VISION_POSITION_ESTIMATE"",""x"":46.94852066040039,""y"":39.34830856323242}",-0.2549582
27055428512100,attitude,1100,"{""message_type"":""ATTITUDE"",""time_boot_ms"":117070,""roll"":0.042100004851818085,""pitch"":0.16929075121879578,""yaw"":-3.0255515575408936,""rollspeed"":-0.019128821790218353,""pitchspeed"":0.009050510823726654,""yawspeed"":0.009602775797247887}",-0.254862
27055442883100,gimbal,2748,"{""imu_roll"":0.0,""imu_pitch"":26.225566864013672,""imu_yaw"":1.362808346748352,""frame_roll"":0.0,""frame_pitch"":26.225566864013672,""frame_yaw"":1.362808346748352,""pitch_speed"":0.0,""yaw_speed"":0.0}",-0.240491
27055443179700,fov,2748,"{""zoom"":12.339999198913574,""hfov"":7.293355464935303,""vfov"":4.106302738189697,""state"":0,""max_aov_h"":90.0,""max_aov_v"":58.71550750732422,""min_aov_h"":1.40625,""min_aov_v"":0.7910428047180176,""max_zoom"":64.0}",-0.2401944
27055452051400,target_offset,446,"{""x_angle_offset"":-0.08356969803571701,""y_angle_offset"":-0.0076042643299809205}",-0.2313227
27055472018100,gimbal,2749,"{""imu_roll"":0.0,""imu_pitch"":26.221954345703125,""imu_yaw"":1.3318476676940918,""frame_roll"":0.0,""frame_pitch"":26.221954345703125,""frame_yaw"":1.3318476676940918,""pitch_speed"":0.0,""yaw_speed"":0.0}",-0.211356
27055472413800,fov,2749,"{""zoom"":12.339999198913574,""hfov"":7.293355464935303,""vfov"":4.106302738189697,""state"":0,""max_aov_h"":90.0,""max_aov_v"":58.71550750732422,""min_aov_h"":1.40625,""min_aov_v"":0.7910428047180176,""max_zoom"":64.0}",-0.2109603
27055476125700,position,550,"{""message_type"":""GLOBAL_POSITION_INT"",""lat"":469528964,""lon"":393490764}",-0.2072484
27055476306400,attitude,1101,"{""message_type"":""ATTITUDE"",""time_boot_ms"":117110,""roll"":0.04138747602701187,""pitch"":0.1697644591331482,""yaw"":-3.02521014213562,""rollspeed"":-0.0162393469363451,""pitchspeed"":0.008397451601922512,""yawspeed"":0.00891854241490364}",-0.2070677
27055477567300,target_offset,447,"{""x_angle_offset"":-0.09116694331169128,""y_angle_offset"":0.015208528659961841}",-0.2058068
27055481091700,vfr,550,"{""message_type"":""VFR_HUD"",""airspeed"":27.966928482055664,""alt"":197.58999633789062}",-0.2022824
27055496327800,gimbal,2750,"{""imu_roll"":0.0,""imu_pitch"":26.225099563598633,""imu_yaw"":1.3043936491012573,""frame_roll"":0.0,""frame_pitch"":26.225099563598633,""frame_yaw"":1.3043936491012573,""pitch_speed"":0.0,""yaw_speed"":0.0}",-0.1870463
27055496822000,fov,2750,"{""zoom"":12.339999198913574,""hfov"":7.293355464935303,""vfov"":4.106302738189697,""state"":0,""max_aov_h"":90.0,""max_aov_v"":58.71550750732422,""min_aov_h"":1.40625,""min_aov_v"":0.7910428047180176,""max_zoom"":64.0}",-0.1865521
27055520428200,gimbal,2751,"{""imu_roll"":0.0,""imu_pitch"":26.2275390625,""imu_yaw"":1.279877781867981,""frame_roll"":0.0,""frame_pitch"":26.2275390625,""frame_yaw"":1.279877781867981,""pitch_speed"":0.0,""yaw_speed"":0.0}",-0.1629459
27055521021500,fov,2751,"{""zoom"":12.339999198913574,""hfov"":7.293355464935303,""vfov"":4.106302738189697,""state"":0,""max_aov_h"":90.0,""max_aov_v"":58.71550750732422,""min_aov_h"":1.40625,""min_aov_v"":0.7910428047180176,""max_zoom"":64.0}",-0.1623526
27055526210000,target_offset,448,"{""x_angle_offset"":-0.08356969803571701,""y_angle_offset"":0.06843837896982828}",-0.1571641
27055536336300,attitude,1102,"{""message_type"":""ATTITUDE"",""time_boot_ms"":117170,""roll"":0.04065101593732834,""pitch"":0.17041200399398804,""yaw"":-3.024733543395996,""rollspeed"":-0.00874263048171997,""pitchspeed"":0.007057889364659786,""yawspeed"":0.008279876783490181}",-0.1470378
27055547964100,gimbal,2752,"{""imu_roll"":0.0,""imu_pitch"":26.241601943969727,""imu_yaw"":1.2509126663208008,""frame_roll"":0.0,""frame_pitch"":26.241601943969727,""frame_yaw"":1.2509126663208008,""pitch_speed"":0.0,""yaw_speed"":0.0}",-0.13541
27055548757300,fov,2752,"{""zoom"":12.339999198913574,""hfov"":7.293355464935303,""vfov"":4.106302738189697,""state"":0,""max_aov_h"":90.0,""max_aov_v"":58.71550750732422,""min_aov_h"":1.40625,""min_aov_v"":0.7910428047180176,""max_zoom"":64.0}",-0.1346168
27055554624900,target_offset,449,"{""x_angle_offset"":-0.053180716931819916,""y_angle_offset"":0.1444810222696375}",-0.1287492
27055558482300,range,1091,"{""message_type"":""GLOBAL_VISION_POSITION_ESTIMATE"",""x"":46.94846725463867,""y"":39.348304748535156}",-0.1248918
27055560673100,range,1092,"{""message_type"":""GLOBAL_VISION_POSITION_ESTIMATE"",""x"":46.94846725463867,""y"":39.348304748535156}",-0.122701
27055573512200,gimbal,2753,"{""imu_roll"":0.0,""imu_pitch"":26.27330207824707,""imu_yaw"":1.231042742729187,""frame_roll"":0.0,""frame_pitch"":26.27330207824707,""frame_yaw"":1.231042742729187,""pitch_speed"":0.0,""yaw_speed"":0.0}",-0.1098619
27055573857100,fov,2753,"{""zoom"":12.339999198913574,""hfov"":7.293355464935303,""vfov"":4.106302738189697,""state"":0,""max_aov_h"":90.0,""max_aov_v"":58.71550750732422,""min_aov_h"":1.40625,""min_aov_v"":0.7910428047180176,""max_zoom"":64.0}",-0.109517
27055579594500,position,551,"{""message_type"":""GLOBAL_POSITION_INT"",""lat"":469528964,""lon"":393490764}",-0.1037796
27055579746000,attitude,1103,"{""message_type"":""ATTITUDE"",""time_boot_ms"":117210,""roll"":0.04043467715382576,""pitch"":0.17079435288906097,""yaw"":-3.0244369506835938,""rollspeed"":-0.0030340715311467648,""pitchspeed"":0.005902966484427452,""yawspeed"":0.007820162922143936}",-0.1036281
27055580034500,vfr,551,"{""message_type"":""VFR_HUD"",""airspeed"":27.954387664794922,""alt"":197.83999633789062}",-0.1033396
27055595350500,gimbal,2754,"{""imu_roll"":0.0,""imu_pitch"":26.294353485107422,""imu_yaw"":1.2153401374816895,""frame_roll"":0.0,""frame_pitch"":26.294353485107422,""frame_yaw"":1.2153401374816895,""pitch_speed"":0.0,""yaw_speed"":0.0}",-0.0880236
27055595750400,fov,2754,"{""zoom"":12.339999198913574,""hfov"":7.293355464935303,""vfov"":4.106302738189697,""state"":0,""max_aov_h"":90.0,""max_aov_v"":58.71550750732422,""min_aov_h"":1.40625,""min_aov_v"":0.7910428047180176,""max_zoom"":64.0}",-0.0876237
27055603849300,target_offset,450,"{""x_angle_offset"":-0.030388981103897095,""y_angle_offset"":0.19010660824952302}",-0.0795248
27055625268600,gimbal,2755,"{""imu_roll"":0.0,""imu_pitch"":26.34958839416504,""imu_yaw"":1.1954500675201416,""frame_roll"":0.0,""frame_pitch"":26.34958839416504,""frame_yaw"":1.1954500675201416,""pitch_speed"":0.0,""yaw_speed"":0.0}",-0.0581055
27055625601600,fov,2755,"{""zoom"":12.339999198913574,""hfov"":7.293355464935303,""vfov"":4.106302738189697,""state"":0,""max_aov_h"":90.0,""max_aov_v"":58.71550750732422,""min_aov_h"":1.40625,""min_aov_v"":0.7910428047180176,""max_zoom"":64.0}",-0.0577725
27055630970700,target_offset,451,"{""x_angle_offset"":0.015194490551948547,""y_angle_offset"":0.23573219422940853}",-0.0524034
27055645592600,attitude,1104,"{""message_type"":""ATTITUDE"",""time_boot_ms"":117270,""roll"":0.040514424443244934,""pitch"":0.17126914858818054,""yaw"":-3.024022102355957,""rollspeed"":0.0048972927033901215,""pitchspeed"":0.003899872303009033,""yawspeed"":0.007393553387373686}",-0.0377815
27055647060400,gimbal,2756,"{""imu_roll"":0.0,""imu_pitch"":26.399112701416016,""imu_yaw"":1.1960009336471558,""frame_roll"":0.0,""frame_pitch"":26.399112701416016,""frame_yaw"":1.1960009336471558,""pitch_speed"":0.0,""yaw_speed"":0.0}",-0.0363137
27055647257800,fov,2756,"{""zoom"":12.339999198913574,""hfov"":7.293355464935303,""vfov"":4.106302738189697,""state"":0,""max_aov_h"":90.0,""max_aov_v"":58.71550750732422,""min_aov_h"":1.40625,""min_aov_v"":0.7910428047180176,""max_zoom"":64.0}",-0.0361163
27055670027900,gimbal,2757,"{""imu_roll"":0.0,""imu_pitch"":26.435659408569336,""imu_yaw"":1.193831443786621,""frame_roll"":0.0,""frame_pitch"":26.435659408569336,""frame_yaw"":1.193831443786621,""pitch_speed"":0.0,""yaw_speed"":0.0}",-0.0133462
27055670243500,fov,2757,"{""zoom"":12.339999198913574,""hfov"":7.293355464935303,""vfov"":4.106302738189697,""state"":0,""max_aov_h"":90.0,""max_aov_v"":58.71550750732422,""min_aov_h"":1.40625,""min_aov_v"":0.7910428047180176,""max_zoom"":64.0}",-0.0131306
27055679566900,target_offset,452,"{""x_angle_offset"":0.030388981103897095,""y_angle_offset"":0.24333645855938946}",-0.0038072
27055686448500,attitude,1105,"{""message_type"":""ATTITUDE"",""time_boot_ms"":117310,""roll"":0.040713611990213394,""pitch"":0.17133808135986328,""yaw"":-3.023782253265381,""rollspeed"":0.00891035981476307,""pitchspeed"":0.0027489522472023964,""yawspeed"":0.0069844420067965984}",0.0030744
27055709427900,vfr,552,"{""message_type"":""VFR_HUD"",""airspeed"":27.945608139038086,""alt"":198.0800018310547}",0.0260538
27055709660700,position,552,"{""message_type"":""GLOBAL_POSITION_INT"",""lat"":469528425,""lon"":393490667}",0.0262866
27055710153400,range,1093,"{""message_type"":""GLOBAL_VISION_POSITION_ESTIMATE"",""x"":46.94841003417969,""y"":39.34830093383789}",0.0267793
27055710953700,range,1094,"{""message_type"":""GLOBAL_VISION_POSITION_ESTIMATE"",""x"":46.94841003417969,""y"":39.34830093383789}",0.0275796
27055713699000,gimbal,2758,"{""imu_roll"":0.0,""imu_pitch"":26.466676712036133,""imu_yaw"":1.1892554759979248,""frame_roll"":0.0,""frame_pitch"":26.466676712036133,""frame_yaw"":1.1892554759979248,""pitch_speed"":0.0,""yaw_speed"":0.0}",0.0303249
27055713921700,fov,2758,"{""zoom"":12.339999198913574,""hfov"":7.293355464935303,""vfov"":4.106302738189697,""state"":0,""max_aov_h"":90.0,""max_aov_v"":58.71550750732422,""min_aov_h"":1.40625,""min_aov_v"":0.7910428047180176,""max_zoom"":64.0}",0.0305476
27055768365800,attitude,1106,"{""message_type"":""ATTITUDE"",""time_boot_ms"":117370,""roll"":0.04134676605463028,""pitch"":0.17042101919651031,""yaw"":-3.0234999656677246,""rollspeed"":0.0182475745677948,""pitchspeed"":-0.03204067051410675,""yawspeed"":0.0061681694351136684}",0.0849917
27055776865200,target_offset,453,"{""x_angle_offset"":0.06077796220779419,""y_angle_offset"":0.24333645855938946}",0.0934911
27055781125700,gimbal,2759,"{""imu_roll"":0.0,""imu_pitch"":26.527862548828125,""imu_yaw"":1.1910226345062256,""frame_roll"":0.0,""frame_pitch"":26.527862548828125,""frame_yaw"":1.1910226345062256,""pitch_speed"":0.0,""yaw_speed"":0.0}",0.0977516
27055789782600,fov,2759,"{""zoom"":12.339999198913574,""hfov"":7.293355464935303,""vfov"":4.106302738189697,""state"":0,""max_aov_h"":90.0,""max_aov_v"":58.71550750732422,""min_aov_h"":1.40625,""min_aov_v"":0.7910428047180176,""max_zoom"":64.0}",0.1064085
27055800248600,gimbal,2760,"{""imu_roll"":0.0,""imu_pitch"":26.564937591552734,""imu_yaw"":1.189875841140747,""frame_roll"":0.0,""frame_pitch"":26.564937591552734,""frame_yaw"":1.189875841140747,""pitch_speed"":0.0,""yaw_speed"":0.0}",0.1168745
27055810125400,vfr,553,"{""message_type"":""VFR_HUD"",""airspeed"":27.9394588470459,""alt"":198.3300018310547}",0.1267513
27055810967900,fov,2760,"{""zoom"":12.339999198913574,""hfov"":7.293355464935303,""vfov"":4.106302738189697,""state"":0,""max_aov_h"":90.0,""max_aov_v"":58.71550750732422,""min_aov_h"":1.40625,""min_aov_v"":0.7910428047180176,""max_zoom"":64.0}",0.1275938
27055811550500,position,553,"{""message_type"":""GLOBAL_POSITION_INT"",""lat"":469528425,""lon"":393490667}",0.1281764
27055836016100,attitude,1107,"{""message_type"":""ATTITUDE"",""time_boot_ms"":117410,""roll"":0.04217459261417389,""pitch"":0.16843833029270172,""yaw"":-3.0234055519104004,""rollspeed"":0.02602474018931389,""pitchspeed"":-0.05139491334557533,""yawspeed"":0.005439567845314741}",0.152642
27055836724400,gimbal,2761,"{""imu_roll"":0.0,""imu_pitch"":26.59446144104004,""imu_yaw"":1.186650037765503,""frame_roll"":0.0,""frame_pitch"":26.59446144104004,""frame_yaw"":1.186650037765503,""pitch_speed"":0.0,""yaw_speed"":0.0}",0.1533503
27055863131500,fov,2761,"{""zoom"":12.339999198913574,""hfov"":7.293355464935303,""vfov"":4.106302738189697,""state"":0,""max_aov_h"":90.0,""max_aov_v"":58.71550750732422,""min_aov_h"":1.40625,""min_aov_v"":0.7910428047180176,""max_zoom"":64.0}",0.1797574
27055863945600,range,1095,"{""message_type"":""GLOBAL_VISION_POSITION_ESTIMATE"",""x"":46.94841003417969,""y"":39.34830093383789}",0.1805715
27055876126500,range,1096,"{""message_type"":""GLOBAL_VISION_POSITION_ESTIMATE"",""x"":46.94841003417969,""y"":39.34830093383789}",0.1927524
27055884555500,attitude,1108,"{""message_type"":""ATTITUDE"",""time_boot_ms"":117470,""roll"":0.04376982897520065,""pitch"":0.1652282178401947,""yaw"":-3.0233306884765625,""rollspeed"":0.03238711133599281,""pitchspeed"":-0.05103833228349686,""yawspeed"":0.004310992546379566}",0.2011814
27055886117400,target_offset,454,"{""x_angle_offset"":0.08356969803571701,""y_angle_offset"":0.2129194012394658}",0.2027433
27055938673600,vfr,554,"{""message_type"":""VFR_HUD"",""airspeed"":27.903911590576172,""alt"":198.5800018310547}",0.2552995
27055946410900,gimbal,2762,"{""imu_roll"":0.0,""imu_pitch"":26.622058868408203,""imu_yaw"":1.1967037916183472,""frame_roll"":0.0,""frame_pitch"":26.622058868408203,""frame_yaw"":1.1967037916183472,""pitch_speed"":0.0,""yaw_speed"":0.0}",0.2630368
27055950842200,position,554,"{""message_type"":""GLOBAL_POSITION_INT"",""lat"":469527886,""lon"":393490571}",0.2674681
27055951981600,attitude,1109,"{""message_type"":""ATTITUDE"",""time_boot_ms"":117510,""roll"":0.04488185793161392,""pitch"":0.16330255568027496,""yaw"":-3.023314952850342,""rollspeed"":0.03269139677286148,""pitchspeed"":-0.044415876269340515,""yawspeed"":0.0035611391067504883}",0.2686075
27055958781000,fov,2762,"{""zoom"":12.339999198913574,""hfov"":7.293355464935303,""vfov"":4.106302738189697,""state"":0,""max_aov_h"":90.0,""max_aov_v"":58.71550750732422,""min_aov_h"":1.40625,""min_aov_v"":0.7910428047180176,""max_zoom"":64.0}",0.2754069
27055970473400,gimbal,2763,"{""imu_roll"":0.0,""imu_pitch"":26.64311408996582,""imu_yaw"":1.2030712366104126,""frame_roll"":0.0,""frame_pitch"":26.64311408996582,""frame_yaw"":1.2030712366104126,""pitch_speed"":0.0,""yaw_speed"":0.0}",0.2870993
27055972391100,fov,2763,"{""zoom"":12.339999198913574,""hfov"":7.293355464935303,""vfov"":4.106302738189697,""state"":0,""max_aov_h"":90.0,""max_aov_v"":58.71550750732422,""min_aov_h"":1.40625,""min_aov_v"":0.7910428047180176,""max_zoom"":64.0}",0.289017
27055973529900,gimbal,2764,"{""imu_roll"":0.0,""imu_pitch"":26.655412673950195,""imu_yaw"":1.2056992053985596,""frame_roll"":0.0,""frame_pitch"":26.655412673950195,""frame_yaw"":1.2056992053985596,""pitch_speed"":0.0,""yaw_speed"":0.0}",0.2901558
27055983964200,fov,2764,"{""zoom"":12.339999198913574,""hfov"":7.293355464935303,""vfov"":4.106302738189697,""state"":0,""max_aov_h"":90.0,""max_aov_v"":58.71550750732422,""min_aov_h"":1.40625,""min_aov_v"":0.7910428047180176,""max_zoom"":64.0}",0.3005901
27055985232200,gimbal,2765,"{""imu_roll"":0.0,""imu_pitch"":26.665355682373047,""imu_yaw"":1.206899642944336,""frame_roll"":0.0,""frame_pitch"":26.665355682373047,""frame_yaw"":1.206899642944336,""pitch_speed"":0.0,""yaw_speed"":0.0}",0.3018581
27055987609400,fov,2765,"{""zoom"":12.339999198913574,""hfov"":7.293355464935303,""vfov"":4.106302738189697,""state"":0,""max_aov_h"":90.0,""max_aov_v"":58.71550750732422,""min_aov_h"":1.40625,""min_aov_v"":0.7910428047180176,""max_zoom"":64.0}",0.3042353
27055988475900,gimbal,2766,"{""imu_roll"":0.0,""imu_pitch"":26.675907135009766,""imu_yaw"":1.206851601600647,""frame_roll"":0.0,""frame_pitch"":26.675907135009766,""frame_yaw"":1.206851601600647,""pitch_speed"":0.0,""yaw_speed"":0.0}",0.3051018
27055988741400,fov,2766,"{""zoom"":12.339999198913574,""hfov"":7.293355464935303,""vfov"":4.106302738189697,""state"":0,""max_aov_h"":90.0,""max_aov_v"":58.71550750732422,""min_aov_h"":1.40625,""min_aov_v"":0.7910428047180176,""max_zoom"":64.0}",0.3053673
27055989406600,gimbal,2767,"{""imu_roll"":0.0,""imu_pitch"":26.695972442626953,""imu_yaw"":1.2165663242340088,""frame_roll"":0.0,""frame_pitch"":26.695972442626953,""frame_yaw"":1.2165663242340088,""pitch_speed"":0.0,""yaw_speed"":0.0}",0.3060325
27055989617800,fov,2767,"{""zoom"":12.339999198913574,""hfov"":7.293355464935303,""vfov"":4.106302738189697,""state"":0,""max_aov_h"":90.0,""max_aov_v"":58.71550750732422,""min_aov_h"":1.40625,""min_aov_v"":0.7910428047180176,""max_zoom"":64.0}",0.3062437
27055989817000,gimbal,2768,"{""imu_roll"":0.0,""imu_pitch"":26.712398529052734,""imu_yaw"":1.223895788192749,""frame_roll"":0.0,""frame_pitch"":26.712398529052734,""frame_yaw"":1.223895788192749,""pitch_speed"":0.0,""yaw_speed"":0.0}",0.3064429
27055989986700,fov,2768,"{""zoom"":12.339999198913574,""hfov"":7.293355464935303,""vfov"":4.106302738189697,""state"":0,""max_aov_h"":90.0,""max_aov_v"":58.71550750732422,""min_aov_h"":1.40625,""min_aov_v"":0.7910428047180176,""max_zoom"":64.0}",0.3066126
27055990517700,target_offset,455,"{""x_angle_offset"":0.08356969803571701,""y_angle_offset"":0.2129194012394658}",0.3071436
27055995048200,target_offset,456,"{""x_angle_offset"":0.1139586791396141,""y_angle_offset"":0.1444810222696375}",0.3116741
27055997751000,target_offset,457,"{""x_angle_offset"":0.13675041496753693,""y_angle_offset"":0.06843837896982828}",0.3143769
27055999612700,attitude,1110,"{""message_type"":""ATTITUDE"",""time_boot_ms"":117570,""roll"":0.04632757604122162,""pitch"":0.16098140180110931,""yaw"":-3.0233373641967773,""rollspeed"":0.027751997113227844,""pitchspeed"":-0.031900737434625626,""yawspeed"":0.0021689566783607006}",0.3162386
27056000955600,target_offset,458,"{""x_angle_offset"":0.15954215079545975,""y_angle_offset"":-0.05322985030986645}",0.3175815
27056003743900,gimbal,2769,"{""imu_roll"":0.0,""imu_pitch"":26.728927612304688,""imu_yaw"":1.2304185628890991,""frame_roll"":0.0,""frame_pitch"":26.728927612304688,""frame_yaw"":1.2304185628890991,""pitch_speed"":0.0,""yaw_speed"":0.0}",0.3203698
27056003936200,fov,2769,"{""zoom"":12.339999198913574,""hfov"":7.293355464935303,""vfov"":4.106302738189697,""state"":0,""max_aov_h"":90.0,""max_aov_v"":58.71550750732422,""min_aov_h"":1.40625,""min_aov_v"":0.7910428047180176,""max_zoom"":64.0}",0.3205621
27056004592500,target_offset,459,"{""x_angle_offset"":0.18233388662338257,""y_angle_offset"":-0.1064597006197329}",0.3212184
27056006611700,target_offset,460,"{""x_angle_offset"":0.23551460355520248,""y_angle_offset"":-0.19771087257950393}",0.3232376
27056017106100,gimbal,2770,"{""imu_roll"":0.0,""imu_pitch"":26.678056716918945,""imu_yaw"":1.2834627628326416,""frame_roll"":0.0,""frame_pitch"":26.678056716918945,""frame_yaw"":1.2834627628326416,""pitch_speed"":0.0,""yaw_speed"":0.0}",0.333732
27056017485600,fov,2770,"{""zoom"":12.339999198913574,""hfov"":7.293355464935303,""vfov"":4.106302738189697,""state"":0,""max_aov_h"":90.0,""max_aov_v"":58.71550750732422,""min_aov_h"":1.40625,""min_aov_v"":0.7910428047180176,""max_zoom"":64.0}",0.3341115
27056024703900,range,1097,"{""message_type"":""GLOBAL_VISION_POSITION_ESTIMATE"",""x"":46.9483642578125,""y"":39.348289489746094}",0.3413298
27056038405400,range,1098,"{""message_type"":""GLOBAL_VISION_POSITION_ESTIMATE"",""x"":46.9483642578125,""y"":39.348289489746094}",0.3550313
27056038686800,attitude,1111,"{""message_type"":""ATTITUDE"",""time_boot_ms"":117610,""roll"":0.04697028547525406,""pitch"":0.15983058512210846,""yaw"":-3.023383140563965,""rollspeed"":0.020473763346672058,""pitchspeed"":-0.02411845698952675,""yawspeed"":0.001094155479222536}",0.3553127
27056039118200,vfr,555,"{""message_type"":""VFR_HUD"",""airspeed"":27.81635856628418,""alt"":198.8300018310547}",0.3557441
27056039273600,position,555,"{""message_type"":""GLOBAL_POSITION_INT"",""lat"":469527886,""lon"":393490571}",0.3558995
27056041815800,gimbal,2771,"{""imu_roll"":0.0,""imu_pitch"":26.636676788330078,""imu_yaw"":1.326120138168335,""frame_roll"":0.0,""frame_pitch"":26.636676788330078,""frame_yaw"":1.326120138168335,""pitch_speed"":0.0,""yaw_speed"":0.0}",0.3584417
27056042399100,fov,2771,"{""zoom"":12.339999198913574,""hfov"":7.293355464935303,""vfov"":4.106302738189697,""state"":0,""max_aov_h"":90.0,""max_aov_v"":58.71550750732422,""min_aov_h"":1.40625,""min_aov_v"":0.7910428047180176,""max_zoom"":64.0}",0.359025
27056048499700,target_offset,461,"{""x_angle_offset"":0.25070909410715103,""y_angle_offset"":-0.25094072288937036}",0.3651256
27056070510100,gimbal,2772,"{""imu_roll"":0.0,""imu_pitch"":26.565298080444336,""imu_yaw"":1.3877803087234497,""frame_roll"":0.0,""frame_pitch"":26.565298080444336,""frame_yaw"":1.3877803087234497,""pitch_speed"":0.0,""yaw_speed"":0.0}",0.387136
27056070895700,fov,2772,"{""zoom"":12.339999198913574,""hfov"":7.293355464935303,""vfov"":4.106302738189697,""state"":0,""max_aov_h"":90.0,""max_aov_v"":58.71550750732422,""min_aov_h"":1.40625,""min_aov_v"":0.7910428047180176,""max_zoom"":64.0}",0.3875216
27056075498900,target_offset,462,"{""x_angle_offset"":0.27350082993507385,""y_angle_offset"":-0.31937910185919866}",0.3921248
27056094207600,gimbal,2773,"{""imu_roll"":0.0,""imu_pitch"":26.479726791381836,""imu_yaw"":1.455115795135498,""frame_roll"":0.0,""frame_pitch"":26.479726791381836,""frame_yaw"":1.455115795135498,""pitch_speed"":0.0,""yaw_speed"":0.0}",0.4108335
27056094541900,fov,2773,"{""zoom"":12.339999198913574,""hfov"":7.293355464935303,""vfov"":4.106302738189697,""state"":0,""max_aov_h"":90.0,""max_aov_v"":58.71550750732422,""min_aov_h"":1.40625,""min_aov_v"":0.7910428047180176,""max_zoom"":64.0}",0.4111678
27056102506500,attitude,1112,"{""message_type"":""ATTITUDE"",""time_boot_ms"":117670,""roll"":0.04715313762426376,""pitch"":0.15850214660167694,""yaw"":-3.023512363433838,""rollspeed"":0.0033377110958099365,""pitchspeed"":-0.017786391079425812,""yawspeed"":-0.0007531773298978806}",0.4191324
27056117766600,gimbal,2774,"{""imu_roll"":0.0,""imu_pitch"":26.425790786743164,""imu_yaw"":1.4976489543914795,""frame_roll"":0.0,""frame_pitch"":26.425790786743164,""frame_yaw"":1.4976489543914795,""pitch_speed"":0.0,""yaw_speed"":0.0}",0.4343925
27056118372200,fov,2774,"{""zoom"":12.339999198913574,""hfov"":7.293355464935303,""vfov"":4.106302738189697,""state"":0,""max_aov_h"":90.0,""max_aov_v"":58.71550750732422,""min_aov_h"":1.40625,""min_aov_v"":0.7910428047180176,""max_zoom"":64.0}",0.4349981
27056127154100,target_offset,463,"{""x_angle_offset"":0.25070909410715103,""y_angle_offset"":-0.288962044539275}",0.44378
27056146306300,gimbal,2775,"{""imu_roll"":0.0,""imu_pitch"":26.334745407104492,""imu_yaw"":1.5703542232513428,""frame_roll"":0.0,""frame_pitch"":26.334745407104492,""frame_yaw"":1.5703542232513428,""pitch_speed"":0.0,""yaw_speed"":0.0}",0.4629322
27056146610200,fov,2775,"{""zoom"":12.339999198913574,""hfov"":7.293355464935303,""vfov"":4.106302738189697,""state"":0,""max_aov_h"":90.0,""max_aov_v"":58.71550750732422,""min_aov_h"":1.40625,""min_aov_v"":0.7910428047180176,""max_zoom"":64.0}",0.4632361
27056151988900,target_offset,464,"{""x_angle_offset"":0.2051256224513054,""y_angle_offset"":-0.1825023439195421}",0.4686148
27056154072700,vfr,556,"{""message_type"":""VFR_HUD"",""airspeed"":27.69186019897461,""alt"":199.05999755859375}",0.4706986
27056154674600,position,556,"{""message_type"":""GLOBAL_POSITION_INT"",""lat"":469527360,""lon"":393490481}",0.4713005
27056154855600,attitude,1113,"{""message_type"":""ATTITUDE"",""time_boot_ms"":117710,""roll"":0.04661906138062477,""pitch"":0.1577054262161255,""yaw"":-3.0236494541168213,""rollspeed"":-0.009985564276576042,""pitchspeed"":-0.017128106206655502,""yawspeed"":-0.0020411077421158552}",0.4714815
27056171976700,gimbal,2776,"{""imu_roll"":0.0,""imu_pitch"":26.29098129272461,""imu_yaw"":1.6147618293762207,""frame_roll"":0.0,""frame_pitch"":26.29098129272461,""frame_yaw"":1.6147618293762207,""pitch_speed"":0.0,""yaw_speed"":0.0}",0.4886026
27056172385600,fov,2776,"{""zoom"":12.339999198913574,""hfov"":7.293355464935303,""vfov"":4.106302738189697,""state"":0,""max_aov_h"":90.0,""max_aov_v"":58.71550750732422,""min_aov_h"":1.40625,""min_aov_v"":0.7910428047180176,""max_zoom"":64.0}",0.4890115
27056180454900,range,1099,"{""message_type"":""GLOBAL_VISION_POSITION_ESTIMATE"",""x"":46.94831085205078,""y"":39.34823989868164}",0.4970808
27056188552200,range,1100,"{""message_type"":""GLOBAL_VISION_POSITION_ESTIMATE"",""x"":46.94831085205078,""y"":39.34823989868164}",0.5051781
27056197595100,gimbal,2777,"{""imu_roll"":0.0,""imu_pitch"":26.254539489746094,""imu_yaw"":1.6527962684631348,""frame_roll"":0.0,""frame_pitch"":26.254539489746094,""frame_yaw"":1.6527962684631348,""pitch_speed"":0.0,""yaw_speed"":0.0}",0.514221
27056198237900,fov,2777,"{""zoom"":12.339999198913574,""hfov"":7.293355464935303,""vfov"":4.106302738189697,""state"":0,""max_aov_h"":90.0,""max_aov_v"":58.71550750732422,""min_aov_h"":1.40625,""min_aov_v"":0.7910428047180176,""max_zoom"":64.0}",0.5148638
27056201661900,target_offset,465,"{""x_angle_offset"":0.15954215079545975,""y_angle_offset"":-0.08364690762979013}",0.5182878
27056210222500,attitude,1114,"{""message_type"":""ATTITUDE"",""time_boot_ms"":117770,""roll"":0.0445808582007885,""pitch"":0.15634307265281677,""yaw"":-3.0239710807800293,""rollspeed"":-0.03112017922103405,""pitchspeed"":-0.020836452022194862,""yawspeed"":-0.004128164611756802}",0.5268484
27056218667600,gimbal,2778,"{""imu_roll"":0.0,""imu_pitch"":26.234512329101562,""imu_yaw"":1.689166784286499,""frame_roll"":0.0,""frame_pitch"":26.234512329101562,""frame_yaw"":1.689166784286499,""pitch_speed"":0.0,""yaw_speed"":0.0}",0.5352935
27056219865900,fov,2778,"{""zoom"":12.339999198913574,""hfov"":7.293355464935303,""vfov"":4.106302738189697,""state"":0,""max_aov_h"":90.0,""max_aov_v"":58.71550750732422,""min_aov_h"":1.40625,""min_aov_v"":0.7910428047180176,""max_zoom"":64.0}",0.5364918
27056244148800,gimbal,2779,"{""imu_roll"":0.0,""imu_pitch"":26.218929290771484,""imu_yaw"":1.7189668416976929,""frame_roll"":0.0,""frame_pitch"":26.218929290771484,""frame_yaw"":1.7189668416976929,""pitch_speed"":0.0,""yaw_speed"":0.0}",0.5607747
27056244467400,fov,2779,"{""zoom"":12.339999198913574,""hfov"":7.293355464935303,""vfov"":4.106302738189697,""state"":0,""max_aov_h"":90.0,""max_aov_v"":58.71550750732422,""min_aov_h"":1.40625,""min_aov_v"":0.7910428047180176,""max_zoom"":64.0}",0.5610933
27056249404500,target_offset,466,"{""x_angle_offset"":0.08356969803571701,""y_angle_offset"":0.060834114639847364}",0.5660304
27056254113700,attitude,1115,"{""message_type"":""ATTITUDE"",""time_boot_ms"":117810,""roll"":0.04255755618214607,""pitch"":0.1552162617444992,""yaw"":-3.024240255355835,""rollspeed"":-0.043641842901706696,""pitchspeed"":-0.02603808231651783,""yawspeed"":-0.005515706725418568}",0.5707396
27056254407200,vfr,557,"{""message_type"":""VFR_HUD"",""airspeed"":27.54111099243164,""alt"":199.27999877929688}",0.5710331
27056254520000,position,557,"{""message_type"":""GLOBAL_POSITION_INT"",""lat"":469527360,""lon"":393490481}",0.5711459
27056271499100,gimbal,2780,"{""imu_roll"":0.0,""imu_pitch"":26.23610496520996,""imu_yaw"":1.7448679208755493,""frame_roll"":0.0,""frame_pitch"":26.23610496520996,""frame_yaw"":1.7448679208755493,""pitch_speed"":0.0,""yaw_speed"":0.0}",0.588125
27056273861900,fov,2780,"{""zoom"":12.339999198913574,""hfov"":7.293355464935303,""vfov"":4.106302738189697,""state"":0,""max_aov_h"":90.0,""max_aov_v"":58.71550750732422,""min_aov_h"":1.40625,""min_aov_v"":0.7910428047180176,""max_zoom"":64.0}",0.5904878
27056276239800,target_offset,467,"{""x_angle_offset"":0.007597245275974274,""y_angle_offset"":0.1520852865996184}",0.5928657
27056295630400,gimbal,2781,"{""imu_roll"":0.0,""imu_pitch"":26.26712989807129,""imu_yaw"":1.7449883222579956,""frame_roll"":0.0,""frame_pitch"":26.26712989807129,""frame_yaw"":1.7449883222579956,""pitch_speed"":0.0,""yaw_speed"":0.0}",0.6122563
27056295907600,fov,2781,"{""zoom"":12.339999198913574,""hfov"":7.293355464935303,""vfov"":4.106302738189697,""state"":0,""max_aov_h"":90.0,""max_aov_v"":58.71550750732422,""min_aov_h"":1.40625,""min_aov_v"":0.7910428047180176,""max_zoom"":64.0}",0.6125335
27056312442300,attitude,1116,"{""message_type"":""ATTITUDE"",""time_boot_ms"":117870,""roll"":0.03873651847243309,""pitch"":0.153076171875,""yaw"":-3.0247268676757812,""rollspeed"":-0.057842910289764404,""pitchspeed"":-0.035462986677885056,""yawspeed"":-0.007240494713187218}",0.6290682
27056321253600,gimbal,2782,"{""imu_roll"":0.0,""imu_pitch"":26.293167114257812,""imu_yaw"":1.747876763343811,""frame_roll"":0.0,""frame_pitch"":26.293167114257812,""frame_yaw"":1.747876763343811,""pitch_speed"":0.0,""yaw_speed"":0.0}",0.6378795
27056321724500,fov,2782,"{""zoom"":12.339999198913574,""hfov"":7.293355464935303,""vfov"":4.106302738189697,""state"":0,""max_aov_h"":90.0,""max_aov_v"":58.71550750732422,""min_aov_h"":1.40625,""min_aov_v"":0.7910428047180176,""max_zoom"":64.0}",0.6383504
27056329543600,target_offset,468,"{""x_angle_offset"":-0.02279173582792282,""y_angle_offset"":0.17489807958956116}",0.6461695
27056335662400,range,1101,"{""message_type"":""GLOBAL_VISION_POSITION_ESTIMATE"",""x"":46.948326110839844,""y"":39.34822082519531}",0.6522883
27056337722800,range,1102,"{""message_type"":""GLOBAL_VISION_POSITION_ESTIMATE"",""x"":46.948326110839844,""y"":39.34822082519531}",0.6543487
27056349020800,gimbal,2783,"{""imu_roll"":0.0,""imu_pitch"":26.337934494018555,""imu_yaw"":1.741371750831604,""frame_roll"":0.0,""frame_pitch"":26.337934494018555,""frame_yaw"":1.741371750831604,""pitch_speed"":0.0,""yaw_speed"":0.0}",0.6656467
27056349483500,fov,2783,"{""zoom"":12.339999198913574,""hfov"":7.293355464935303,""vfov"":4.106302738189697,""state"":0,""max_aov_h"":90.0,""max_aov_v"":58.71550750732422,""min_aov_h"":1.40625,""min_aov_v"":0.7910428047180176,""max_zoom"":64.0}",0.6661094
27056353010200,target_offset,469,"{""x_angle_offset"":-0.09116694331169128,""y_angle_offset"":0.15968955092959933}",0.6696361
27056360635300,vfr,558,"{""message_type"":""VFR_HUD"",""airspeed"":27.40328025817871,""alt"":199.489990234375}",0.6772612
27056360814000,position,558,"{""message_type"":""GLOBAL_POSITION_INT"",""lat"":469527360,""lon"":393490481}",0.6774399
27056360937200,attitude,1117,"{""message_type"":""ATTITUDE"",""time_boot_ms"":117910,""roll"":0.035873282700777054,""pitch"":0.1513223946094513,""yaw"":-3.0250751972198486,""rollspeed"":-0.06237561255693436,""pitchspeed"":-0.041986990720033646,""yawspeed"":-0.007994383573532104}",0.6775631
27056371922900,gimbal,2784,"{""imu_roll"":0.0,""imu_pitch"":26.369543075561523,""imu_yaw"":1.7229642868041992,""frame_roll"":0.0,""frame_pitch"":26.369543075561523,""frame_yaw"":1.7229642868041992,""pitch_speed"":0.0,""yaw_speed"":0.0}",0.6885488
27056372279100,fov,2784,"{""zoom"":12.339999198913574,""hfov"":7.293355464935303,""vfov"":4.106302738189697,""state"":0,""max_aov_h"":90.0,""max_aov_v"":58.71550750732422,""min_aov_h"":1.40625,""min_aov_v"":0.7910428047180176,""max_zoom"":64.0}",0.688905
27056403606600,target_offset,470,"{""x_angle_offset"":-0.10636143386363983,""y_angle_offset"":0.11406396494971381}",0.7202325
27056408615900,gimbal,2785,"{""imu_roll"":0.0,""imu_pitch"":26.40642738342285,""imu_yaw"":1.706415057182312,""frame_roll"":0.0,""frame_pitch"":26.40642738342285,""frame_yaw"":1.706415057182312,""pitch_speed"":0.0,""yaw_speed"":0.0}",0.7252418
27056408938500,fov,2785,"{""zoom"":12.339999198913574,""hfov"":7.293355464935303,""vfov"":4.106302738189697,""state"":0,""max_aov_h"":90.0,""max_aov_v"":58.71550750732422,""min_aov_h"":1.40625,""min_aov_v"":0.7910428047180176,""max_zoom"":64.0}",0.7255644
27056427534300,attitude,1118,"{""message_type"":""ATTITUDE"",""time_boot_ms"":117970,""roll"":0.031382426619529724,""pitch"":0.1476217657327652,""yaw"":-3.0256550312042236,""rollspeed"":-0.06186261773109436,""pitchspeed"":-0.05106918141245842,""yawspeed"":-0.008845174685120583}",0.7441602
27056433307900,gimbal,2786,"{""imu_roll"":0.0,""imu_pitch"":26.426284790039062,""imu_yaw"":1.6810297966003418,""frame_roll"":0.0,""frame_pitch"":26.426284790039062,""frame_yaw"":1.6810297966003418,""pitch_speed"":0.0,""yaw_speed"":0.0}",0.7499338
27056433690700,fov,2786,"{""zoom"":12.339999198913574,""hfov"":7.293355464935303,""vfov"":4.106302738189697,""state"":0,""max_aov_h"":90.0,""max_aov_v"":58.71550750732422,""min_aov_h"":1.40625,""min_aov_v"":0.7910428047180176,""max_zoom"":64.0}",0.7503166
27056439248700,target_offset,471,"{""x_angle_offset"":-0.12915316969156265,""y_angle_offset"":0.0076042643299809205}",0.7558746
27056458496200,gimbal,2787,"{""imu_roll"":0.0,""imu_pitch"":26.427988052368164,""imu_yaw"":1.649444341659546,""frame_roll"":0.0,""frame_pitch"":26.427988052368164,""frame_yaw"":1.649444341659546,""pitch_speed"":0.0,""yaw_speed"":0.0}",0.7751221
27056458780000,fov,2787,"{""zoom"":12.339999198913574,""hfov"":7.293355464935303,""vfov"":4.106302738189697,""state"":0,""max_aov_h"":90.0,""max_aov_v"":58.71550750732422,""min_aov_h"":1.40625,""min_aov_v"":0.7910428047180176,""max_zoom"":64.0}",0.7754059
27056466977100,position,559,"{""message_type"":""GLOBAL_POSITION_INT"",""lat"":469526844,""lon"":393490396}",0.783603
27056467143400,attitude,1119,"{""message_type"":""ATTITUDE"",""time_boot_ms"":118010,""roll"":0.028554823249578476,""pitch"":0.14468352496623993,""yaw"":-3.0260276794433594,""rollspeed"":-0.055910542607307434,""pitchspeed"":-0.05592190474271774,""yawspeed"":-0.008801830001175404}",0.7837693
27056467435800,vfr,559,"{""message_type"":""VFR_HUD"",""airspeed"":27.2424259185791,""alt"":199.69000244140625}",0.7840617
27056476813700,range,1103,"{""message_type"":""GLOBAL_VISION_POSITION_ESTIMATE"",""x"":46.948280334472656,""y"":39.348201751708984}",0.7934396
27056489661200,gimbal,2788,"{""imu_roll"":0.0,""imu_pitch"":26.42940902709961,""imu_yaw"":1.6272507905960083,""frame_roll"":0.0,""frame_pitch"":26.42940902709961,""frame_yaw"":1.6272507905960083,""pitch_speed"":0.0,""yaw_speed"":0.0}",0.8062871
27056490229500,range,1104,"{""message_type"":""GLOBAL_VISION_POSITION_ESTIMATE"",""x"":46.948280334472656,""y"":39.348201751708984}",0.8068554
27056490455000,fov,2788,"{""zoom"":12.339999198913574,""hfov"":7.293355464935303,""vfov"":4.106302738189697,""state"":0,""max_aov_h"":90.0,""max_aov_v"":58.71550750732422,""min_aov_h"":1.40625,""min_aov_v"":0.7910428047180176,""max_zoom"":64.0}",0.8070809
27056492477100,target_offset,472,"{""x_angle_offset"":-0.12915316969156265,""y_angle_offset"":-0.060834114639847364}",0.809103
27056514613300,gimbal,2789,"{""imu_roll"":0.0,""imu_pitch"":26.412248611450195,""imu_yaw"":1.5934927463531494,""frame_roll"":0.0,""frame_pitch"":26.412248611450195,""frame_yaw"":1.5934927463531494,""pitch_speed"":0.0,""yaw_speed"":0.0}",0.8312392
27056515563500,fov,2789,"{""zoom"":12.339999198913574,""hfov"":7.293355464935303,""vfov"":4.106302738189697,""state"":0,""max_aov_h"":90.0,""max_aov_v"":58.71550750732422,""min_aov_h"":1.40625,""min_aov_v"":0.7910428047180176,""max_zoom"":64.0}",0.8321894
27056521685400,target_offset,473,"{""x_angle_offset"":-0.12915316969156265,""y_angle_offset"":-0.1825023439195421}",0.8383113
27056534446400,attitude,1120,"{""message_type"":""ATTITUDE"",""time_boot_ms"":118070,""roll"":0.02497382089495659,""pitch"":0.14001448452472687,""yaw"":-3.026557445526123,""rollspeed"":-0.04138823226094246,""pitchspeed"":-0.06064750254154205,""yawspeed"":-0.008339714258909225}",0.8510723
27056545379000,gimbal,2790,"{""imu_roll"":0.0,""imu_pitch"":26.354705810546875,""imu_yaw"":1.5561529397964478,""frame_roll"":0.0,""frame_pitch"":26.354705810546875,""frame_yaw"":1.5561529397964478,""pitch_speed"":0.0,""yaw_speed"":0.0}",0.8620049
27056545689100,fov,2790,"{""zoom"":12.339999198913574,""hfov"":7.293355464935303,""vfov"":4.106302738189697,""state"":0,""max_aov_h"":90.0,""max_aov_v"":58.71550750732422,""min_aov_h"":1.40625,""min_aov_v"":0.7910428047180176,""max_zoom"":64.0}",0.862315
27056575638500,gimbal,2791,"{""imu_roll"":0.0,""imu_pitch"":26.31366539001465,""imu_yaw"":1.5327528715133667,""frame_roll"":0.0,""frame_pitch"":26.31366539001465,""frame_yaw"":1.5327528715133667,""pitch_speed"":0.0,""yaw_speed"":0.0}",0.8922644
27056576433500,fov,2791,"{""zoom"":12.339999198913574,""hfov"":7.293355464935303,""vfov"":4.106302738189697,""state"":0,""max_aov_h"":90.0,""max_aov_v"":58.71550750732422,""min_aov_h"":1.40625,""min_aov_v"":0.7910428047180176,""max_zoom"":64.0}",0.8930594
27056577675000,target_offset,474,"{""x_angle_offset"":-0.1139586791396141,""y_angle_offset"":-0.25094072288937036}",0.8943009
27056584561600,position,560,"{""message_type"":""GLOBAL_POSITION_INT"",""lat"":469526844,""lon"":393490396}",0.9011875
27056584882300,attitude,1121,"{""message_type"":""ATTITUDE"",""time_boot_ms"":118110,""roll"":0.023190736770629883,""pitch"":0.13678961992263794,""yaw"":-3.0268595218658447,""rollspeed"":-0.0287329088896513,""pitchspeed"":-0.06238467991352081,""yawspeed"":-0.007718674372881651}",0.9015082
27056585219700,vfr,560,"{""message_type"":""VFR_HUD"",""airspeed"":27.09696388244629,""alt"":199.8699951171875}",0.9018456
27056605675900,gimbal,2792,"{""imu_roll"":0.0,""imu_pitch"":26.23784637451172,""imu_yaw"":1.498157024383545,""frame_roll"":0.0,""frame_pitch"":26.23784637451172,""frame_yaw"":1.498157024383545,""pitch_speed"":0.0,""yaw_speed"":0.0}",0.9223018
27056606428000,fov,2792,"{""zoom"":12.339999198913574,""hfov"":7.293355464935303,""vfov"":4.106302738189697,""state"":0,""max_aov_h"":90.0,""max_aov_v"":58.71550750732422,""min_aov_h"":1.40625,""min_aov_v"":0.7910428047180176,""max_zoom"":64.0}",0.9230539
27056607890000,target_offset,475,"{""x_angle_offset"":-0.08356969803571701,""y_angle_offset"":-0.32698336618917956}",0.9245159
27056633031600,range,1105,"{""message_type"":""GLOBAL_VISION_POSITION_ESTIMATE"",""x"":46.948280334472656,""y"":39.348201751708984}",0.9496575
27056634740700,range,1106,"{""message_type"":""GLOBAL_VISION_POSITION_ESTIMATE"",""x"":46.948280334472656,""y"":39.348201751708984}",0.9513666
27056635704000,target_offset,476,"{""x_angle_offset"":-0.06077796220779419,""y_angle_offset"":-0.3345876305191605}",0.9523299
27056640287100,gimbal,2793,"{""imu_roll"":0.0,""imu_pitch"":26.12412452697754,""imu_yaw"":1.4711567163467407,""frame_roll"":0.0,""frame_pitch"":26.12412452697754,""frame_yaw"":1.4711567163467407,""pitch_speed"":0.0,""yaw_speed"":0.0}",0.956913
27056640750200,fov,2793,"{""zoom"":12.339999198913574,""hfov"":7.293355464935303,""vfov"":4.106302738189697,""state"":0,""max_aov_h"":90.0,""max_aov_v"":58.71550750732422,""min_aov_h"":1.40625,""min_aov_v"":0.7910428047180176,""max_zoom"":64.0}",0.9573761
27056653214600,attitude,1122,"{""message_type"":""ATTITUDE"",""time_boot_ms"":118170,""roll"":0.02155018225312233,""pitch"":0.13231268525123596,""yaw"":-3.0272481441497803,""rollspeed"":-0.008224889636039734,""pitchspeed"":-0.064717598259449,""yawspeed"":-0.0064851343631744385}",0.9698405
27056660446100,gimbal,2794,"{""imu_roll"":0.0,""imu_pitch"":26.067441940307617,""imu_yaw"":1.4631540775299072,""frame_roll"":0.0,""frame_pitch"":26.067441940307617,""frame_yaw"":1.4631540775299072,""pitch_speed"":0.0,""yaw_speed"":0.0}",0.977072
27056661661100,fov,2794,"{""zoom"":12.339999198913574,""hfov"":7.293355464935303,""vfov"":4.106302738189697,""state"":0,""max_aov_h"":90.0,""max_aov_v"":58.71550750732422,""min_aov_h"":1.40625,""min_aov_v"":0.7910428047180176,""max_zoom"":64.0}",0.978287
27056691307400,gimbal,2795,"{""imu_roll"":0.0,""imu_pitch"":26.015695571899414,""imu_yaw"":1.4589223861694336,""frame_roll"":0.0,""frame_pitch"":26.015695571899414,""frame_yaw"":1.4589223861694336,""pitch_speed"":0.0,""yaw_speed"":0.0}",1.0079333
27056691623500,fov,2795,"{""zoom"":12.339999198913574,""hfov"":7.293355464935303,""vfov"":4.106302738189697,""state"":0,""max_aov_h"":90.0,""max_aov_v"":58.71550750732422,""min_aov_h"":1.40625,""min_aov_v"":0.7910428047180176,""max_zoom"":64.0}",1.0082494
27056693184500,target_offset,477,"{""x_angle_offset"":-0.03798622637987137,""y_angle_offset"":-0.3574004235091033}",1.0098104
27056696804300,vfr,561,"{""message_type"":""VFR_HUD"",""airspeed"":26.962343215942383,""alt"":200.0500030517578}",1.0134302
27056697060100,position,561,"{""message_type"":""GLOBAL_POSITION_INT"",""lat"":469526342,""lon"":393490316}",1.013686
27056697186000,attitude,1123,"{""message_type"":""ATTITUDE"",""time_boot_ms"":118210,""roll"":0.021124709397554398,""pitch"":0.12987230718135834,""yaw"":-3.027449607849121,""rollspeed"":0.004248733166605234,""pitchspeed"":-0.06673751026391983,""yawspeed"":-0.0053640068508684635}",1.0138119
27056716112500,gimbal,2796,"{""imu_roll"":0.0,""imu_pitch"":25.922330856323242,""imu_yaw"":1.447414517402649,""frame_roll"":0.0,""frame_pitch"":25.922330856323242,""frame_yaw"":1.447414517402649,""pitch_speed"":0.0,""yaw_speed"":0.0}",1.0327384
27056716593800,fov,2796,"{""zoom"":12.339999198913574,""hfov"":7.293355464935303,""vfov"":4.106302738189697,""state"":0,""max_aov_h"":90.0,""max_aov_v"":58.71550750732422,""min_aov_h"":1.40625,""min_aov_v"":0.7910428047180176,""max_zoom"":64.0}",1.0332197
27056720585900,target_offset,478,"{""x_angle_offset"":0.03798622637987137,""y_angle_offset"":-0.2965663088692559}",1.0372118
27056738337000,gimbal,2797,"{""imu_roll"":0.0,""imu_pitch"":25.84651756286621,""imu_yaw"":1.455511212348938,""frame_roll"":0.0,""frame_pitch"":25.84651756286621,""frame_yaw"":1.455511212348938,""pitch_speed"":0.0,""yaw_speed"":0.0}",1.0549629
27056739454300,fov,2797,"{""zoom"":12.339999198913574,""hfov"":7.293355464935303,""vfov"":4.106302738189697,""state"":0,""max_aov_h"":90.0,""max_aov_v"":58.71550750732422,""min_aov_h"":1.40625,""min_aov_v"":0.7910428047180176,""max_zoom"":64.0}",1.0560802
27056758664700,attitude,1124,"{""message_type"":""ATTITUDE"",""time_boot_ms"":118270,""roll"":0.02127944864332676,""pitch"":0.12604664266109467,""yaw"":-3.027686595916748,""rollspeed"":0.019024042412638664,""pitchspeed"":-0.06977051496505737,""yawspeed"":-0.003913527354598045}",1.0752906
27056765226200,gimbal,2798,"{""imu_roll"":0.0,""imu_pitch"":25.794530868530273,""imu_yaw"":1.4624578952789307,""frame_roll"":0.0,""frame_pitch"":25.794530868530273,""frame_yaw"":1.4624578952789307,""pitch_speed"":0.0,""yaw_speed"":0.0}",1.0818521
27056765656800,fov,2798,"{""zoom"":12.339999198913574,""hfov"":7.293355464935303,""vfov"":4.106302738189697,""state"":0,""max_aov_h"":90.0,""max_aov_v"":58.71550750732422,""min_aov_h"":1.40625,""min_aov_v"":0.7910428047180176,""max_zoom"":64.0}",1.0822827
27056773101900,target_offset,479,"{""x_angle_offset"":0.06077796220779419,""y_angle_offset"":-0.2965663088692559}",1.0897278
27056788151200,range,1107,"{""message_type"":""GLOBAL_VISION_POSITION_ESTIMATE"",""x"":46.94822692871094,""y"":39.348209381103516}",1.1047771
27056792495000,target_offset,480,"{""x_angle_offset"":0.1139586791396141,""y_angle_offset"":-0.2737535158793131}",1.1091209
27056799011300,gimbal,2799,"{""imu_roll"":0.0,""imu_pitch"":25.69232940673828,""imu_yaw"":1.482731580734253,""frame_roll"":0.0,""frame_pitch"":25.69232940673828,""frame_yaw"":1.482731580734253,""pitch_speed"":0.0,""yaw_speed"":0.0}",1.1156372
27056799308500,fov,2799,"{""zoom"":12.339999198913574,""hfov"":7.293355464935303,""vfov"":4.106302738189697,""state"":0,""max_aov_h"":90.0,""max_aov_v"":58.71550750732422,""min_aov_h"":1.40625,""min_aov_v"":0.7910428047180176,""max_zoom"":64.0}",1.1159344
27056803262500,range,1108,"{""message_type"":""GLOBAL_VISION_POSITION_ESTIMATE"",""x"":46.94822692871094,""y"":39.348209381103516}",1.1198884
27056803379900,attitude,1125,"{""message_type"":""ATTITUDE"",""time_boot_ms"":118310,""roll"":0.021794894710183144,""pitch"":0.12340524047613144,""yaw"":-3.027797222137451,""rollspeed"":0.026246320456266403,""pitchspeed"":-0.07171148806810379,""yawspeed"":-0.0029199025593698025}",1.1200058
27056803576800,vfr,562,"{""message_type"":""VFR_HUD"",""airspeed"":26.835224151611328,""alt"":200.1999969482422}",1.1202027
27056803650700,position,562,"{""message_type"":""GLOBAL_POSITION_INT"",""lat"":469526342,""lon"":393490316}",1.1202766
27056819886500,gimbal,2800,"{""imu_roll"":0.0,""imu_pitch"":25.64803123474121,""imu_yaw"":1.5029144287109375,""frame_roll"":0.0,""frame_pitch"":25.64803123474121,""frame_yaw"":1.5029144287109375,""pitch_speed"":0.0,""yaw_speed"":0.0}",1.1365124
27056820405600,fov,2800,"{""zoom"":12.339999198913574,""hfov"":7.293355464935303,""vfov"":4.106302738189697,""state"":0,""max_aov_h"":90.0,""max_aov_v"":58.71550750732422,""min_aov_h"":1.40625,""min_aov_v"":0.7910428047180176,""max_zoom"":64.0}",1.1370315
27056848991400,target_offset,481,"{""x_angle_offset"":0.13675041496753693,""y_angle_offset"":-0.2737535158793131}",1.1656173
27056853784800,gimbal,2801,"{""imu_roll"":0.0,""imu_pitch"":25.607555389404297,""imu_yaw"":1.52280855178833,""frame_roll"":0.0,""frame_pitch"":25.607555389404297,""frame_yaw"":1.52280855178833,""pitch_speed"":0.0,""yaw_speed"":0.0}",1.1704107
27056854118900,fov,2801,"{""zoom"":12.339999198913574,""hfov"":7.293355464935303,""vfov"":4.106302738189697,""state"":0,""max_aov_h"":90.0,""max_aov_v"":58.71550750732422,""min_aov_h"":1.40625,""min_aov_v"":0.7910428047180176,""max_zoom"":64.0}",1.1707448
27056861896100,attitude,1126,"{""message_type"":""ATTITUDE"",""time_boot_ms"":118370,""roll"":0.02289925329387188,""pitch"":0.11922859400510788,""yaw"":-3.027907371520996,""rollspeed"":0.031066611409187317,""pitchspeed"":-0.07636483758687973,""yawspeed"":-0.0016254691872745752}",1.178522
27056877909700,gimbal,2802,"{""imu_roll"":0.0,""imu_pitch"":25.541688919067383,""imu_yaw"":1.5509181022644043,""frame_roll"":0.0,""frame_pitch"":25.541688919067383,""frame_yaw"":1.5509181022644043,""pitch_speed"":0.0,""yaw_speed"":0.0}",1.1945356
27056878483600,fov,2802,"{""zoom"":12.339999198913574,""hfov"":7.293355464935303,""vfov"":4.106302738189697,""state"":0,""max_aov_h"":90.0,""max_aov_v"":58.71550750732422,""min_aov_h"":1.40625,""min_aov_v"":0.7910428047180176,""max_zoom"":64.0}",1.1951095
27056881477400,target_offset,482,"{""x_angle_offset"":0.15954215079545975,""y_angle_offset"":-0.2737535158793131}",1.1981033
27056901555000,position,563,"{""message_type"":""GLOBAL_POSITION_INT"",""lat"":469525833,""lon"":393490233}",1.2181809
27056901801600,attitude,1127,"{""message_type"":""ATTITUDE"",""time_boot_ms"":118410,""roll"":0.023900937288999557,""pitch"":0.11571168154478073,""yaw"":-3.027909755706787,""rollspeed"":0.030397187918424606,""pitchspeed"":-0.07980523258447647,""yawspeed"":-0.0009021824225783348}",1.2184275
27056902131600,vfr,563,"{""message_type"":""VFR_HUD"",""airspeed"":26.71324920654297,""alt"":200.3300018310547}",1.2187575
27056903263000,gimbal,2803,"{""imu_roll"":0.0,""imu_pitch"":25.460678100585938,""imu_yaw"":1.5906944274902344,""frame_roll"":0.0,""frame_pitch"":25.460678100585938,""frame_yaw"":1.5906944274902344,""pitch_speed"":0.0,""yaw_speed"":0.0}",1.2198889
27056903752600,fov,2803,"{""zoom"":12.339999198913574,""hfov"":7.293355464935303,""vfov"":4.106302738189697,""state"":0,""max_aov_h"":90.0,""max_aov_v"":58.71550750732422,""min_aov_h"":1.40625,""min_aov_v"":0.7910428047180176,""max_zoom"":64.0}",1.2203785
27056929471100,gimbal,2804,"{""imu_roll"":0.0,""imu_pitch"":25.403579711914062,""imu_yaw"":1.6195721626281738,""frame_roll"":0.0,""frame_pitch"":25.403579711914062,""frame_yaw"":1.6195721626281738,""pitch_speed"":0.0,""yaw_speed"":0.0}",1.246097
27056932215900,fov,2804,"{""zoom"":12.339999198913574,""hfov"":7.293355464935303,""vfov"":4.106302738189697,""state"":0,""max_aov_h"":90.0,""max_aov_v"":58.71550750732422,""min_aov_h"":1.40625,""min_aov_v"":0.7910428047180176,""max_zoom"":64.0}",1.2488418
27056933378500,target_offset,483,"{""x_angle_offset"":0.18233388662338257,""y_angle_offset"":-0.31177483752921775}",1.2500044
27056943213400,range,1109,"{""message_type"":""GLOBAL_VISION_POSITION_ESTIMATE"",""x"":46.94898223876953,""y"":39.348331451416016}",1.2598393
27056945272400,range,1110,"{""message_type"":""GLOBAL_VISION_POSITION_ESTIMATE"",""x"":46.94898223876953,""y"":39.348331451416016}",1.2618983
27056958817400,gimbal,2805,"{""imu_roll"":0.0,""imu_pitch"":25.303722381591797,""imu_yaw"":1.6752021312713623,""frame_roll"":0.0,""frame_pitch"":25.303722381591797,""frame_yaw"":1.6752021312713623,""pitch_speed"":0.0,""yaw_speed"":0.0}",1.2754433
27056959124100,fov,2805,"{""zoom"":12.339999198913574,""hfov"":7.293355464935303,""vfov"":4.106302738189697,""state"":0,""max_aov_h"":90.0,""max_aov_v"":58.71550750732422,""min_aov_h"":1.40625,""min_aov_v"":0.7910428047180176,""max_zoom"":64.0}",1.27575
27056962436500,target_offset,484,"{""x_angle_offset"":0.21272286772727966,""y_angle_offset"":-0.38021321649904605}",1.2790624
27056967495100,attitude,1128,"{""message_type"":""ATTITUDE"",""time_boot_ms"":118470,""roll"":0.025212354958057404,""pitch"":0.11018852889537811,""yaw"":-3.0278806686401367,""rollspeed"":0.025401555001735687,""pitchspeed"":-0.0847872793674469,""yawspeed"":-9.438395500183105e-05}",1.284121
27056982702000,gimbal,2806,"{""imu_roll"":0.0,""imu_pitch"":25.206777572631836,""imu_yaw"":1.724120020866394,""frame_roll"":0.0,""frame_pitch"":25.206777572631836,""frame_yaw"":1.724120020866394,""pitch_speed"":0.0,""yaw_speed"":0.0}",1.2993279
27056983194300,fov,2806,"{""zoom"":12.339999198913574,""hfov"":7.293355464935303,""vfov"":4.106302738189697,""state"":0,""max_aov_h"":90.0,""max_aov_v"":58.71550750732422,""min_aov_h"":1.40625,""min_aov_v"":0.7910428047180176,""max_zoom"":64.0}",1.2998202
27057002168800,position,564,"{""message_type"":""GLOBAL_POSITION_INT"",""lat"":469525833,""lon"":393490233}",1.3187947
27057002412100,attitude,1129,"{""message_type"":""ATTITUDE"",""time_boot_ms"":118510,""roll"":0.02584114298224449,""pitch"":0.1063585951924324,""yaw"":-3.027832508087158,""rollspeed"":0.01983656734228134,""pitchspeed"":-0.08741944283246994,""yawspeed"":0.00036608241498470306}",1.319038
27057003111300,vfr,564,"{""message_type"":""VFR_HUD"",""airspeed"":26.594757080078125,""alt"":200.45999145507812}",1.3197372
27057011012800,gimbal,2807,"{""imu_roll"":0.0,""imu_pitch"":25.129928588867188,""imu_yaw"":1.763617992401123,""frame_roll"":0.0,""frame_pitch"":25.129928588867188,""frame_yaw"":1.763617992401123,""pitch_speed"":0.0,""yaw_speed"":0.0}",1.3276387
27057011394300,fov,2807,"{""zoom"":12.339999198913574,""hfov"":7.293355464935303,""vfov"":4.106302738189697,""state"":0,""max_aov_h"":90.0,""max_aov_v"":58.71550750732422,""min_aov_h"":1.40625,""min_aov_v"":0.7910428047180176,""max_zoom"":64.0}",1.3280202
27057017693500,target_offset,485,"{""x_angle_offset"":0.2051256224513054,""y_angle_offset"":-0.4030260094889888}",1.3343194
27057037361900,gimbal,2808,"{""imu_roll"":0.0,""imu_pitch"":25.0322322845459,""imu_yaw"":1.8096672296524048,""frame_roll"":0.0,""frame_pitch"":25.0322322845459,""frame_yaw"":1.8096672296524048,""pitch_speed"":0.0,""yaw_speed"":0.0}",1.3539878
27057037832400,fov,2808,"{""zoom"":12.339999198913574,""hfov"":7.293355464935303,""vfov"":4.106302738189697,""state"":0,""max_aov_h"":90.0,""max_aov_v"":58.71550750732422,""min_aov_h"":1.40625,""min_aov_v"":0.7910428047180176,""max_zoom"":64.0}",1.3544583
27057043061200,target_offset,486,"{""x_angle_offset"":0.18993113189935684,""y_angle_offset"":-0.4258388024789316}",1.3596871
27057067171700,gimbal,2809,"{""imu_roll"":0.0,""imu_pitch"":24.884450912475586,""imu_yaw"":1.8738324642181396,""frame_roll"":0.0,""frame_pitch"":24.884450912475586,""frame_yaw"":1.8738324642181396,""pitch_speed"":0.0,""yaw_speed"":0.0}",1.3837976
27057067563500,attitude,1130,"{""message_type"":""ATTITUDE"",""time_boot_ms"":118570,""roll"":0.026240410283207893,""pitch"":0.10042297095060349,""yaw"":-3.0277340412139893,""rollspeed"":0.008181963115930557,""pitchspeed"":-0.09096898883581161,""yawspeed"":0.000822518952190876}",1.3841894
27057069422900,fov,2809,"{""zoom"":12.339999198913574,""hfov"":7.293355464935303,""vfov"":4.106302738189697,""state"":0,""max_aov_h"":90.0,""max_aov_v"":58.71550750732422,""min_aov_h"":1.40625,""min_aov_v"":0.7910428047180176,""max_zoom"":64.0}",1.3860488
27057094861700,gimbal,2810,"{""imu_roll"":0.0,""imu_pitch"":24.809568405151367,""imu_yaw"":1.906795620918274,""frame_roll"":0.0,""frame_pitch"":24.809568405151367,""frame_yaw"":1.906795620918274,""pitch_speed"":0.0,""yaw_speed"":0.0}",1.4114876
27057095251100,fov,2810,"{""zoom"":12.339999198913574,""hfov"":7.293355464935303,""vfov"":4.106302738189697,""state"":0,""max_aov_h"":90.0,""max_aov_v"":58.71550750732422,""min_aov_h"":1.40625,""min_aov_v"":0.7910428047180176,""max_zoom"":64.0}",1.411877
27057098692800,range,1111,"{""message_type"":""GLOBAL_VISION_POSITION_ESTIMATE"",""x"":46.94898223876953,""y"":39.34831237792969}",1.4153187
27057102092300,target_offset,487,"{""x_angle_offset"":0.16713939607143402,""y_angle_offset"":-0.4334430668089125}",1.4187182
27057116807200,attitude,1131,"{""message_type"":""ATTITUDE"",""time_boot_ms"":118610,""roll"":0.026191791519522667,""pitch"":0.09647134691476822,""yaw"":-3.0276246070861816,""rollspeed"":0.00016960524953901768,""pitchspeed"":-0.09231166541576385,""yawspeed"":0.0009967382065951824}",1.4334331
27057117214600,vfr,565,"{""message_type"":""VFR_HUD"",""airspeed"":26.51149559020996,""alt"":200.55999755859375}",1.4338405
27057117378500,range,1112,"{""message_type"":""GLOBAL_VISION_POSITION_ESTIMATE"",""x"":46.94898223876953,""y"":39.34831237792969}",1.4340044
27057117489200,position,565,"{""message_type"":""GLOBAL_POSITION_INT"",""lat"":469525324,""lon"":393490147}",1.4341151
27057125307500,target_offset,488,"{""x_angle_offset"":0.13675041496753693,""y_angle_offset"":-0.4334430668089125}",1.4419334
27057131418700,gimbal,2811,"{""imu_roll"":0.0,""imu_pitch"":24.658323287963867,""imu_yaw"":1.96172297000885,""frame_roll"":0.0,""frame_pitch"":24.658323287963867,""frame_yaw"":1.96172297000885,""pitch_speed"":0.0,""yaw_speed"":0.0}",1.4480446
27057131711000,fov,2811,"{""zoom"":12.339999198913574,""hfov"":7.293355464935303,""vfov"":4.106302738189697,""state"":0,""max_aov_h"":90.0,""max_aov_v"":58.71550750732422,""min_aov_h"":1.40625,""min_aov_v"":0.7910428047180176,""max_zoom"":64.0}",1.4483369
27057157986700,gimbal,2812,"{""imu_roll"":0.0,""imu_pitch"":24.57762336730957,""imu_yaw"":1.9847854375839233,""frame_roll"":0.0,""frame_pitch"":24.57762336730957,""frame_yaw"":1.9847854375839233,""pitch_speed"":0.0,""yaw_speed"":0.0}",1.4746126
27057158686300,fov,2812,"{""zoom"":12.339999198913574,""hfov"":7.293355464935303,""vfov"":4.106302738189697,""state"":0,""max_aov_h"":90.0,""max_aov_v"":58.71550750732422,""min_aov_h"":1.40625,""min_aov_v"":0.7910428047180176,""max_zoom"":64.0}",1.4753122
27057163662600,target_offset,489,"{""x_angle_offset"":0.09116694331169128,""y_angle_offset"":-0.4410473311388934}",1.4802885
27057182537000,gimbal,2813,"{""imu_roll"":0.0,""imu_pitch"":24.46077537536621,""imu_yaw"":2.0059494972229004,""frame_roll"":0.0,""frame_pitch"":24.46077537536621,""frame_yaw"":2.0059494972229004,""pitch_speed"":0.0,""yaw_speed"":0.0}",1.4991629
27057183005600,fov,2813,"{""zoom"":12.339999198913574,""hfov"":7.293355464935303,""vfov"":4.106302738189697,""state"":0,""max_aov_h"":90.0,""max_aov_v"":58.71550750732422,""min_aov_h"":1.40625,""min_aov_v"":0.7910428047180176,""max_zoom"":64.0}",1.4996315
27057195170800,attitude,1132,"{""message_type"":""ATTITUDE"",""time_boot_ms"":118670,""roll"":0.025657840073108673,""pitch"":0.09061629325151443,""yaw"":-3.027409553527832,""rollspeed"":-0.011527752503752708,""pitchspeed"":-0.09286222606897354,""yawspeed"":0.0014701364561915398}",1.5117967
27057208173400,gimbal,2814,"{""imu_roll"":0.0,""imu_pitch"":24.36734962463379,""imu_yaw"":2.023207664489746,""frame_roll"":0.0,""frame_pitch"":24.36734962463379,""frame_yaw"":2.023207664489746,""pitch_speed"":0.0,""yaw_speed"":0.0}",1.5247993
27057208545500,fov,2814,"{""zoom"":12.339999198913574,""hfov"":7.293355464935303,""vfov"":4.106302738189697,""state"":0,""max_aov_h"":90.0,""max_aov_v"":58.71550750732422,""min_aov_h"":1.40625,""min_aov_v"":0.7910428047180176,""max_zoom"":64.0}",1.5251714
27057212960600,target_offset,490,"{""x_angle_offset"":0.07597245275974274,""y_angle_offset"":-0.46386012412883615}",1.5295865
27057237496900,gimbal,2815,"{""imu_roll"":0.0,""imu_pitch"":24.229999542236328,""imu_yaw"":2.041728973388672,""frame_roll"":0.0,""frame_pitch"":24.229999542236328,""frame_yaw"":2.041728973388672,""pitch_speed"":0.0,""yaw_speed"":0.0}",1.5541228
27057237782500,vfr,566,"{""message_type"":""VFR_HUD"",""airspeed"":26.453060150146484,""alt"":200.62998962402344}",1.5544084
27057237929400,position,566,"{""message_type"":""GLOBAL_POSITION_INT"",""lat"":469525324,""lon"":393490147}",1.5545553
27057238057200,attitude,1133,"{""message_type"":""ATTITUDE"",""time_boot_ms"":118710,""roll"":0.024960340932011604,""pitch"":0.08669263869524002,""yaw"":-3.027221918106079,""rollspeed"":-0.01783350296318531,""pitchspeed"":-0.09357130527496338,""yawspeed"":0.0017740069888532162}",1.5546831
27057240114900,fov,2815,"{""zoom"":12.339999198913574,""hfov"":7.293355464935303,""vfov"":4.106302738189697,""state"":0,""max_aov_h"":90.0,""max_aov_v"":58.71550750732422,""min_aov_h"":1.40625,""min_aov_v"":0.7910428047180176,""max_zoom"":64.0}",1.5567408
27057243468200,target_offset,491,"{""x_angle_offset"":0.02279173582792282,""y_angle_offset"":-0.4182345381489506}",1.5600941
27057253646500,range,1113,"{""message_type"":""GLOBAL_VISION_POSITION_ESTIMATE"",""x"":46.948936462402344,""y"":39.34827423095703}",1.5702724
27057258153800,range,1114,"{""message_type"":""GLOBAL_VISION_POSITION_ESTIMATE"",""x"":46.948936462402344,""y"":39.34827423095703}",1.5747797
27057260168200,gimbal,2816,"{""imu_roll"":0.0,""imu_pitch"":24.125015258789062,""imu_yaw"":2.0422544479370117,""frame_roll"":0.0,""frame_pitch"":24.125015258789062,""frame_yaw"":2.0422544479370117,""pitch_speed"":0.0,""yaw_speed"":0.0}",1.5767941
27057262447900,fov,2816,"{""zoom"":12.339999198913574,""hfov"":7.293355464935303,""vfov"":4.106302738189697,""state"":0,""max_aov_h"":90.0,""max_aov_v"":58.71550750732422,""min_aov_h"":1.40625,""min_aov_v"":0.7910428047180176,""max_zoom"":64.0}",1.5790738
27057293253100,target_offset,492,"{""x_angle_offset"":0.0,""y_angle_offset"":-0.39542174515900785}",1.609879
27057297936700,gimbal,2817,"{""imu_roll"":0.0,""imu_pitch"":24.028966903686523,""imu_yaw"":2.042757511138916,""frame_roll"":0.0,""frame_pitch"":24.028966903686523,""frame_yaw"":2.042757511138916,""pitch_speed"":0.0,""yaw_speed"":0.0}",1.6145626
27057298241900,fov,2817,"{""zoom"":12.339999198913574,""hfov"":7.293355464935303,""vfov"":4.106302738189697,""state"":0,""max_aov_h"":90.0,""max_aov_v"":58.71550750732422,""min_aov_h"":1.40625,""min_aov_v"":0.7910428047180176,""max_zoom"":64.0}",1.6148678
27057301064500,attitude,1134,"{""message_type"":""ATTITUDE"",""time_boot_ms"":118770,""roll"":0.023589644581079483,""pitch"":0.08071371912956238,""yaw"":-3.0268938541412354,""rollspeed"":-0.023378128185868263,""pitchspeed"":-0.09566418826580048,""yawspeed"":0.0024554398842155933}",1.6176904
27057319191400,gimbal,2818,"{""imu_roll"":0.0,""imu_pitch"":23.94904136657715,""imu_yaw"":2.0373263359069824,""frame_roll"":0.0,""frame_pitch"":23.94904136657715,""frame_yaw"":2.0373263359069824,""pitch_speed"":0.0,""yaw_speed"":0.0}",1.6358173
27057319814800,fov,2818,"{""zoom"":12.339999198913574,""hfov"":7.293355464935303,""vfov"":4.106302738189697,""state"":0,""max_aov_h"":90.0,""max_aov_v"":58.71550750732422,""min_aov_h"":1.40625,""min_aov_v"":0.7910428047180176,""max_zoom"":64.0}",1.6364407
27057326539800,target_offset,493,"{""x_angle_offset"":-0.030388981103897095,""y_angle_offset"":-0.3726089521690651}",1.6431657
27057337391700,position,567,"{""message_type"":""GLOBAL_POSITION_INT"",""lat"":469524814,""lon"":393490059}",1.6540176
27057337538200,attitude,1135,"{""message_type"":""ATTITUDE"",""time_boot_ms"":118810,""roll"":0.0226119551807642,""pitch"":0.07665926218032837,""yaw"":-3.0266194343566895,""rollspeed"":-0.023547057062387466,""pitchspeed"":-0.0968407392501831,""yawspeed"":0.0030690589919686317}",1.6541641
27057337719700,vfr,567,"{""message_type"":""VFR_HUD"",""airspeed"":26.379030227661133,""alt"":200.67999267578125}",1.6543456
27057345726500,gimbal,2819,"{""imu_roll"":0.0,""imu_pitch"":23.82604217529297,""imu_yaw"":2.0250320434570312,""frame_roll"":0.0,""frame_pitch"":23.82604217529297,""frame_yaw"":2.0250320434570312,""pitch_speed"":0.0,""yaw_speed"":0.0}",1.6623524
27057346075000,fov,2819,"{""zoom"":12.339999198913574,""hfov"":7.293355464935303,""vfov"":4.106302738189697,""state"":0,""max_aov_h"":90.0,""max_aov_v"":58.71550750732422,""min_aov_h"":1.40625,""min_aov_v"":0.7910428047180176,""max_zoom"":64.0}",1.6627009
27057373117400,gimbal,2820,"{""imu_roll"":0.0,""imu_pitch"":23.75396728515625,""imu_yaw"":2.0172080993652344,""frame_roll"":0.0,""frame_pitch"":23.75396728515625,""frame_yaw"":2.0172080993652344,""pitch_speed"":0.0,""yaw_speed"":0.0}",1.6897433
27057373535800,fov,2820,"{""zoom"":12.339999198913574,""hfov"":7.293355464935303,""vfov"":4.106302738189697,""state"":0,""max_aov_h"":90.0,""max_aov_v"":58.71550750732422,""min_aov_h"":1.40625,""min_aov_v"":0.7910428047180176,""max_zoom"":64.0}",1.6901617
27057379403800,target_offset,494,"{""x_angle_offset"":-0.030388981103897095,""y_angle_offset"":-0.3726089521690651}",1.6960297
27057408435300,gimbal,2821,"{""imu_roll"":0.0,""imu_pitch"":23.634471893310547,""imu_yaw"":2.0036118030548096,""frame_roll"":0.0,""frame_pitch"":23.634471893310547,""frame_yaw"":2.0036118030548096,""pitch_speed"":0.0,""yaw_speed"":0.0}",1.7250612
27057408882400,fov,2821,"{""zoom"":12.339999198913574,""hfov"":7.293355464935303,""vfov"":4.106302738189697,""state"":0,""max_aov_h"":90.0,""max_aov_v"":58.71550750732422,""min_aov_h"":1.40625,""min_aov_v"":0.7910428047180176,""max_zoom"":64.0}",1.7255083
27057409596000,range,1115,"{""message_type"":""GLOBAL_VISION_POSITION_ESTIMATE"",""x"":46.948875427246094,""y"":39.348270416259766}",1.7262219
27057409951500,attitude,1136,"{""message_type"":""ATTITUDE"",""time_boot_ms"":118870,""roll"":0.021441493183374405,""pitch"":0.07067801058292389,""yaw"":-3.026134967803955,""rollspeed"":-0.02056877315044403,""pitchspeed"":-0.09797604382038116,""yawspeed"":0.004407469183206558}",1.7265774
27057411091500,target_offset,495,"{""x_angle_offset"":-0.03798622637987137,""y_angle_offset"":-0.4182345381489506}",1.7277174
27057436332400,range,1116,"{""message_type"":""GLOBAL_VISION_POSITION_ESTIMATE"",""x"":46.948875427246094,""y"":39.348270416259766}",1.7529583
27057436959400,target_offset,496,"{""x_angle_offset"":-0.03798622637987137,""y_angle_offset"":-0.4486515954688743}",1.7535853
27057443454500,gimbal,2822,"{""imu_roll"":0.0,""imu_pitch"":23.530607223510742,""imu_yaw"":1.9933531284332275,""frame_roll"":0.0,""frame_pitch"":23.530607223510742,""frame_yaw"":1.9933531284332275,""pitch_speed"":0.0,""yaw_speed"":0.0}",1.7600804
27057443721400,fov,2822,"{""zoom"":12.339999198913574,""hfov"":7.293355464935303,""vfov"":4.106302738189697,""state"":0,""max_aov_h"":90.0,""max_aov_v"":58.71550750732422,""min_aov_h"":1.40625,""min_aov_v"":0.7910428047180176,""max_zoom"":64.0}",1.7603473
27057454164100,position,568,"{""message_type"":""GLOBAL_POSITION_INT"",""lat"":469524814,""lon"":393490059}",1.77079
27057454302200,attitude,1137,"{""message_type"":""ATTITUDE"",""time_boot_ms"":118910,""roll"":0.020837517455220222,""pitch"":0.06668730080127716,""yaw"":-3.0257575511932373,""rollspeed"":-0.01651431806385517,""pitchspeed"":-0.09759300202131271,""yawspeed"":0.005312928464263678}",1.7709281
27057454512800,vfr,568,"{""message_type"":""VFR_HUD"",""airspeed"":26.32708740234375,""alt"":200.6999969482422}",1.7711387
27057465381500,gimbal,2823,"{""imu_roll"":0.0,""imu_pitch"":23.44379234313965,""imu_yaw"":1.9826314449310303,""frame_roll"":0.0,""frame_pitch"":23.44379234313965,""frame_yaw"":1.9826314449310303,""pitch_speed"":0.0,""yaw_speed"":0.0}",1.7820074
27057465633500,fov,2823,"{""zoom"":12.339999198913574,""hfov"":7.293355464935303,""vfov"":4.106302738189697,""state"":0,""max_aov_h"":90.0,""max_aov_v"":58.71550750732422,""min_aov_h"":1.40625,""min_aov_v"":0.7910428047180176,""max_zoom"":64.0}",1.7822594
27057489120100,gimbal,2824,"{""imu_roll"":0.0,""imu_pitch"":23.3833065032959,""imu_yaw"":1.9739315509796143,""frame_roll"":0.0,""frame_pitch"":23.3833065032959,""frame_yaw"":1.9739315509796143,""pitch_speed"":0.0,""yaw_speed"":0.0}",1.805746
27057489518300,fov,2824,"{""zoom"":12.339999198913574,""hfov"":7.293355464935303,""vfov"":4.106302738189697,""state"":0,""max_aov_h"":90.0,""max_aov_v"":58.71550750732422,""min_aov_h"":1.40625,""min_aov_v"":0.7910428047180176,""max_zoom"":64.0}",1.8061442
27057494823000,target_offset,497,"{""x_angle_offset"":-0.03798622637987137,""y_angle_offset"":-0.4942771814487598}",1.8114489
27057518874700,attitude,1138,"{""message_type"":""ATTITUDE"",""time_boot_ms"":118970,""roll"":0.020308101549744606,""pitch"":0.060765039175748825,""yaw"":-3.025125026702881,""rollspeed"":-0.008386485278606415,""pitchspeed"":-0.09638065844774246,""yawspeed"":0.006976795848459005}",1.8355006
27057520044500,gimbal,2825,"{""imu_roll"":0.0,""imu_pitch"":23.214866638183594,""imu_yaw"":1.958046793937683,""frame_roll"":0.0,""frame_pitch"":23.214866638183594,""frame_yaw"":1.958046793937683,""pitch_speed"":0.0,""yaw_speed"":0.0}",1.8366704
27057521000000,fov,2825,"{""zoom"":12.339999198913574,""hfov"":7.293355464935303,""vfov"":4.106302738189697,""state"":0,""max_aov_h"":90.0,""max_aov_v"":58.71550750732422,""min_aov_h"":1.40625,""min_aov_v"":0.7910428047180176,""max_zoom"":64.0}",1.8376259
27057524542200,target_offset,498,"{""x_angle_offset"":-0.03798622637987137,""y_angle_offset"":-0.4942771814487598}",1.8411681
27057541660200,gimbal,2826,"{""imu_roll"":0.0,""imu_pitch"":23.106346130371094,""imu_yaw"":1.9464503526687622,""frame_roll"":0.0,""frame_pitch"":23.106346130371094,""frame_yaw"":1.9464503526687622,""pitch_speed"":0.0,""yaw_speed"":0.0}",1.8582861
27057542089100,fov,2826,"{""zoom"":12.339999198913574,""hfov"":7.293355464935303,""vfov"":4.106302738189697,""state"":0,""max_aov_h"":90.0,""max_aov_v"":58.71550750732422,""min_aov_h"":1.40625,""min_aov_v"":0.7910428047180176,""max_zoom"":64.0}",1.858715
27057558561800,position,569,"{""message_type"":""GLOBAL_POSITION_INT"",""lat"":469524814,""lon"":393490059}",1.8751877
27057558748800,attitude,1139,"{""message_type"":""ATTITUDE"",""time_boot_ms"":119010,""roll"":0.020259708166122437,""pitch"":0.05683993920683861,""yaw"":-3.024648666381836,""rollspeed"":-0.002220794791355729,""pitchspeed"":-0.09586931765079498,""yawspeed"":0.008262161165475845}",1.8753747
27057559346000,vfr,569,"{""message_type"":""VFR_HUD"",""airspeed"":26.323822021484375,""alt"":200.72000122070312}",1.8759719
27057562221100,range,1117,"{""message_type"":""GLOBAL_VISION_POSITION_ESTIMATE"",""x"":46.948875427246094,""y"":39.3482551574707}",1.878847
27057569454000,target_offset,499,"{""x_angle_offset"":-0.030388981103897095,""y_angle_offset"":-0.5170899744387026}",1.8860799
27057575541700,gimbal,2827,"{""imu_roll"":0.0,""imu_pitch"":22.996122360229492,""imu_yaw"":1.9315005540847778,""frame_roll"":0.0,""frame_pitch"":22.996122360229492,""frame_yaw"":1.9315005540847778,""pitch_speed"":0.0,""yaw_speed"":0.0}",1.8921676
27057575873500,fov,2827,"{""zoom"":12.339999198913574,""hfov"":7.293355464935303,""vfov"":4.106302738189697,""state"":0,""max_aov_h"":90.0,""max_aov_v"":58.71550750732422,""min_aov_h"":1.40625,""min_aov_v"":0.7910428047180176,""max_zoom"":64.0}",1.8924994
27057583103400,range,1118,"{""message_type"":""GLOBAL_VISION_POSITION_ESTIMATE"",""x"":46.948875427246094,""y"":39.3482551574707}",1.8997293
27057597994900,gimbal,2828,"{""imu_roll"":0.0,""imu_pitch"":22.8839168548584,""imu_yaw"":1.923142671585083,""frame_roll"":0.0,""frame_pitch"":22.8839168548584,""frame_yaw"":1.923142671585083,""pitch_speed"":0.0,""yaw_speed"":0.0}",1.9146208
27057599978000,fov,2828,"{""zoom"":12.339999198913574,""hfov"":7.293355464935303,""vfov"":4.106302738189697,""state"":0,""max_aov_h"":90.0,""max_aov_v"":58.71550750732422,""min_aov_h"":1.40625,""min_aov_v"":0.7910428047180176,""max_zoom"":64.0}",1.9166039
27057602254300,target_offset,500,"{""x_angle_offset"":-0.007597245275974274,""y_angle_offset"":-0.5246942387686835}",1.9188802
27057620589200,gimbal,2829,"{""imu_roll"":0.0,""imu_pitch"":22.768943786621094,""imu_yaw"":1.9184443950653076,""frame_roll"":0.0,""frame_pitch"":22.768943786621094,""frame_yaw"":1.9184443950653076,""pitch_speed"":0.0,""yaw_speed"":0.0}",1.9372151
27057621045100,fov,2829,"{""zoom"":12.339999198913574,""hfov"":7.293355464935303,""vfov"":4.106302738189697,""state"":0,""max_aov_h"":90.0,""max_aov_v"":58.71550750732422,""min_aov_h"":1.40625,""min_aov_v"":0.7910428047180176,""max_zoom"":64.0}",1.937671
27057622356100,attitude,1140,"{""message_type"":""ATTITUDE"",""time_boot_ms"":119070,""roll"":0.020812680944800377,""pitch"":0.05109832063317299,""yaw"":-3.0238571166992188,""rollspeed"":0.0065591889433562756,""pitchspeed"":-0.09484010189771652,""yawspeed"":0.010208267718553543}",1.938982
27057648465200,target_offset,501,"{""x_angle_offset"":-0.007597245275974274,""y_angle_offset"":-0.5018814457787407}",1.9650911
27057653923700,gimbal,2830,"{""imu_roll"":0.0,""imu_pitch"":22.640972137451172,""imu_yaw"":1.9085774421691895,""frame_roll"":0.0,""frame_pitch"":22.640972137451172,""frame_yaw"":1.9085774421691895,""pitch_speed"":0.0,""yaw_speed"":0.0}",1.9705496
27057654143800,fov,2830,"{""zoom"":12.339999198913574,""hfov"":7.293355464935303,""vfov"":4.106302738189697,""state"":0,""max_aov_h"":90.0,""max_aov_v"":58.71550750732422,""min_aov_h"":1.40625,""min_aov_v"":0.7910428047180176,""max_zoom"":64.0}",1.9707697
27057663211500,vfr,570,"{""message_type"":""VFR_HUD"",""airspeed"":26.321535110473633,""alt"":200.67999267578125}",1.9798374
27057663443800,position,570,"{""message_type"":""GLOBAL_POSITION_INT"",""lat"":469524299,""lon"":393489964}",1.9800697
27057663605600,attitude,1141,"{""message_type"":""ATTITUDE"",""time_boot_ms"":119110,""roll"":0.021514032036066055,""pitch"":0.04732057452201843,""yaw"":-3.0232810974121094,""rollspeed"":0.011672832071781158,""pitchspeed"":-0.0943998172879219,""yawspeed"":0.011408133432269096}",1.9802315
27057675219300,gimbal,2831,"{""imu_roll"":0.0,""imu_pitch"":22.544374465942383,""imu_yaw"":1.900652289390564,""frame_roll"":0.0,""frame_pitch"":22.544374465942383,""frame_yaw"":1.900652289390564,""pitch_speed"":0.0,""yaw_speed"":0.0}",1.9918452
27057678703800,fov,2831,"{""zoom"":12.339999198913574,""hfov"":7.293355464935303,""vfov"":4.106302738189697,""state"":0,""max_aov_h"":90.0,""max_aov_v"":58.71550750732422,""min_aov_h"":1.40625,""min_aov_v"":0.7910428047180176,""max_zoom"":64.0}",1.9953297
27057684673500,target_offset,502,"{""x_angle_offset"":0.015194490551948547,""y_angle_offset"":-0.5246942387686835}",2.0012994
27057697662400,gimbal,2832,"{""imu_roll"":0.0,""imu_pitch"":22.431167602539062,""imu_yaw"":1.9001575708389282,""frame_roll"":0.0,""frame_pitch"":22.431167602539062,""frame_yaw"":1.9001575708389282,""pitch_speed"":0.0,""yaw_speed"":0.0}",2.0142883
27057698020500,fov,2832,"{""zoom"":12.339999198913574,""hfov"":7.293355464935303,""vfov"":4.106302738189697,""state"":0,""max_aov_h"":90.0,""max_aov_v"":58.71550750732422,""min_aov_h"":1.40625,""min_aov_v"":0.7910428047180176,""max_zoom"":64.0}",2.0146464
27057720033200,range,1119,"{""message_type"":""GLOBAL_VISION_POSITION_ESTIMATE"",""x"":46.948829650878906,""y"":39.34823989868164}",2.0366591
27057723310800,gimbal,2833,"{""imu_roll"":0.0,""imu_pitch"":22.32013511657715,""imu_yaw"":1.8954834938049316,""frame_roll"":0.0,""frame_pitch"":22.32013511657715,""frame_yaw"":1.8954834938049316,""pitch_speed"":0.0,""yaw_speed"":0.0}",2.0399367
27057723838100,fov,2833,"{""zoom"":12.339999198913574,""hfov"":7.293355464935303,""vfov"":4.106302738189697,""state"":0,""max_aov_h"":90.0,""max_aov_v"":58.71550750732422,""min_aov_h"":1.40625,""min_aov_v"":0.7910428047180176,""max_zoom"":64.0}",2.040464
27057727658200,target_offset,503,"{""x_angle_offset"":0.02279173582792282,""y_angle_offset"":-0.5018814457787407}",2.0442841
27057732276500,range,1120,"{""message_type"":""GLOBAL_VISION_POSITION_ESTIMATE"",""x"":46.948829650878906,""y"":39.34823989868164}",2.0489024
27057732937300,attitude,1142,"{""message_type"":""ATTITUDE"",""time_boot_ms"":119170,""roll"":0.022822503000497818,""pitch"":0.04166848212480545,""yaw"":-3.022359609603882,""rollspeed"":0.01596863381564617,""pitchspeed"":-0.09408511221408844,""yawspeed"":0.013090969994664192}",2.0495632
27057748992500,gimbal,2834,"{""imu_roll"":0.0,""imu_pitch"":22.197063446044922,""imu_yaw"":1.8961818218231201,""frame_roll"":0.0,""frame_pitch"":22.197063446044922,""frame_yaw"":1.8961818218231201,""pitch_speed"":0.0,""yaw_speed"":0.0}",2.0656184
27057749475700,fov,2834,"{""zoom"":12.339999198913574,""hfov"":7.293355464935303,""vfov"":4.106302738189697,""state"":0,""max_aov_h"":90.0,""max_aov_v"":58.71550750732422,""min_aov_h"":1.40625,""min_aov_v"":0.7910428047180176,""max_zoom"":64.0}",2.0661016
27057757868000,target_offset,504,"{""x_angle_offset"":0.04558347165584564,""y_angle_offset"":-0.5094857101087217}",2.0744939
27057765986400,position,571,"{""message_type"":""GLOBAL_POSITION_INT"",""lat"":469524299,""lon"":393489964}",2.0826123
27057766155600,attitude,1143,"{""message_type"":""ATTITUDE"",""time_boot_ms"":119210,""roll"":0.023748140782117844,""pitch"":0.0379113033413887,""yaw"":-3.0217156410217285,""rollspeed"":0.016359765082597733,""pitchspeed"":-0.09378933161497116,""yawspeed"":0.014109352603554726}",2.0827815
27057766339600,vfr,571,"{""message_type"":""VFR_HUD"",""airspeed"":26.353052139282227,""alt"":200.62998962402344}",2.0829655
27057773225900,gimbal,2835,"{""imu_roll"":0.0,""imu_pitch"":22.058969497680664,""imu_yaw"":1.9006965160369873,""frame_roll"":0.0,""frame_pitch"":22.058969497680664,""frame_yaw"":1.9006965160369873,""pitch_speed"":0.0,""yaw_speed"":0.0}",2.0898518
27057773567500,fov,2835,"{""zoom"":12.339999198913574,""hfov"":7.293355464935303,""vfov"":4.106302738189697,""state"":0,""max_aov_h"":90.0,""max_aov_v"":58.71550750732422,""min_aov_h"":1.40625,""min_aov_v"":0.7910428047180176,""max_zoom"":64.0}",2.0901934
27057799418700,gimbal,2836,"{""imu_roll"":0.0,""imu_pitch"":21.9771785736084,""imu_yaw"":1.8997870683670044,""frame_roll"":0.0,""frame_pitch"":21.9771785736084,""frame_yaw"":1.8997870683670044,""pitch_speed"":0.0,""yaw_speed"":0.0}",2.1160446
27057799757400,fov,2836,"{""zoom"":12.339999198913574,""hfov"":7.293355464935303,""vfov"":4.106302738189697,""state"":0,""max_aov_h"":90.0,""max_aov_v"":58.71550750732422,""min_aov_h"":1.40625,""min_aov_v"":0.7910428047180176,""max_zoom"":64.0}",2.1163833
27057809375900,target_offset,505,"{""x_angle_offset"":0.04558347165584564,""y_angle_offset"":-0.5094857101087217}",2.1260018
27057825797300,gimbal,2837,"{""imu_roll"":0.0,""imu_pitch"":21.822040557861328,""imu_yaw"":1.904367208480835,""frame_roll"":0.0,""frame_pitch"":21.822040557861328,""frame_yaw"":1.904367208480835,""pitch_speed"":0.0,""yaw_speed"":0.0}",2.1424232
27057826214000,fov,2837,"{""zoom"":12.339999198913574,""hfov"":7.293355464935303,""vfov"":4.106302738189697,""state"":0,""max_aov_h"":90.0,""max_aov_v"":58.71550750732422,""min_aov_h"":1.40625,""min_aov_v"":0.7910428047180176,""max_zoom"":64.0}",2.1428399
27057830242600,target_offset,506,"{""x_angle_offset"":0.04558347165584564,""y_angle_offset"":-0.46386012412883615}",2.1468685
27057834250100,attitude,1144,"{""message_type"":""ATTITUDE"",""time_boot_ms"":119270,""roll"":0.025140440091490746,""pitch"":0.03228144347667694,""yaw"":-3.0207014083862305,""rollspeed"":0.014092601835727692,""pitchspeed"":-0.09328997135162354,""yawspeed"":0.015425102785229683}",2.150876
27057850035900,gimbal,2838,"{""imu_roll"":0.0,""imu_pitch"":21.716014862060547,""imu_yaw"":1.9075093269348145,""frame_roll"":0.0,""frame_pitch"":21.716014862060547,""frame_yaw"":1.9075093269348145,""pitch_speed"":0.0,""yaw_speed"":0.0}",2.1666618
27057850424200,fov,2838,"{""zoom"":12.339999198913574,""hfov"":7.293355464935303,""vfov"":4.106302738189697,""state"":0,""max_aov_h"":90.0,""max_aov_v"":58.71550750732422,""min_aov_h"":1.40625,""min_aov_v"":0.7910428047180176,""max_zoom"":64.0}",2.1670501
27057871180200,gimbal,2839,"{""imu_roll"":0.0,""imu_pitch"":21.641651153564453,""imu_yaw"":1.9068431854248047,""frame_roll"":0.0,""frame_pitch"":21.641651153564453,""frame_yaw"":1.9068431854248047,""pitch_speed"":0.0,""yaw_speed"":0.0}",2.1878061
27057873041000,fov,2839,"{""zoom"":12.339999198913574,""hfov"":7.293355464935303,""vfov"":4.106302738189697,""state"":0,""max_aov_h"":90.0,""max_aov_v"":58.71550750732422,""min_aov_h"":1.40625,""min_aov_v"":0.7910428047180176,""max_zoom"":64.0}",2.1896669
27057874591800,range,1121,"{""message_type"":""GLOBAL_VISION_POSITION_ESTIMATE"",""x"":46.948829650878906,""y"":39.348228454589844}",2.1912177
27057879815100,target_offset,507,"{""x_angle_offset"":0.053180716931819916,""y_angle_offset"":-0.46386012412883615}",2.196441
27057883431000,attitude,1145,"{""message_type"":""ATTITUDE"",""time_boot_ms"":119310,""roll"":0.02604253590106964,""pitch"":0.028511740267276764,""yaw"":-3.020000696182251,""rollspeed"":0.011155974119901657,""pitchspeed"":-0.09280276298522949,""yawspeed"":0.016171574592590332}",2.2000569
27057884083600,vfr,572,"{""message_type"":""VFR_HUD"",""airspeed"":26.375093460083008,""alt"":200.55999755859375}",2.2007095
27057884161700,position,572,"{""message_type"":""GLOBAL_POSITION_INT"",""lat"":469523778,""lon"":393489863}",2.2007876
27057884250100,range,1122,"{""message_type"":""GLOBAL_VISION_POSITION_ESTIMATE"",""x"":46.948829650878906,""y"":39.348228454589844}",2.200876
27057894362500,gimbal,2840,"{""imu_roll"":0.0,""imu_pitch"":21.526195526123047,""imu_yaw"":1.9141466617584229,""frame_roll"":0.0,""frame_pitch"":21.526195526123047,""frame_yaw"":1.9141466617584229,""pitch_speed"":0.0,""yaw_speed"":0.0}",2.2109884
27057894664400,fov,2840,"{""zoom"":12.339999198913574,""hfov"":7.293355464935303,""vfov"":4.106302738189697,""state"":0,""max_aov_h"":90.0,""max_aov_v"":58.71550750732422,""min_aov_h"":1.40625,""min_aov_v"":0.7910428047180176,""max_zoom"":64.0}",2.2112903
27057921351600,gimbal,2841,"{""imu_roll"":0.0,""imu_pitch"":21.43854331970215,""imu_yaw"":1.9152249097824097,""frame_roll"":0.0,""frame_pitch"":21.43854331970215,""frame_yaw"":1.9152249097824097,""pitch_speed"":0.0,""yaw_speed"":0.0}",2.2379775
27057922147900,fov,2841,"{""zoom"":12.339999198913574,""hfov"":7.293355464935303,""vfov"":4.106302738189697,""state"":0,""max_aov_h"":90.0,""max_aov_v"":58.71550750732422,""min_aov_h"":1.40625,""min_aov_v"":0.7910428047180176,""max_zoom"":64.0}",2.2387738
27057925883800,target_offset,508,"{""x_angle_offset"":0.04558347165584564,""y_angle_offset"":-0.4410473311388934}",2.2425097
27057942547500,attitude,1146,"{""message_type"":""ATTITUDE"",""time_boot_ms"":119370,""roll"":0.027100179344415665,""pitch"":0.02295001968741417,""yaw"":-3.0189218521118164,""rollspeed"":0.004751019645482302,""pitchspeed"":-0.09089100360870361,""yawspeed"":0.016930172219872475}",2.2591734
27057948453700,gimbal,2842,"{""imu_roll"":0.0,""imu_pitch"":21.296842575073242,""imu_yaw"":1.9211971759796143,""frame_roll"":0.0,""frame_pitch"":21.296842575073242,""frame_yaw"":1.9211971759796143,""pitch_speed"":0.0,""yaw_speed"":0.0}",2.2650796
27057948832000,fov,2842,"{""zoom"":12.339999198913574,""hfov"":7.293355464935303,""vfov"":4.106302738189697,""state"":0,""max_aov_h"":90.0,""max_aov_v"":58.71550750732422,""min_aov_h"":1.40625,""min_aov_v"":0.7910428047180176,""max_zoom"":64.0}",2.2654579
27057951631800,target_offset,509,"{""x_angle_offset"":0.04558347165584564,""y_angle_offset"":-0.4182345381489506}",2.2682577
27057973794700,gimbal,2843,"{""imu_roll"":0.0,""imu_pitch"":21.198253631591797,""imu_yaw"":1.9236607551574707,""frame_roll"":0.0,""frame_pitch"":21.198253631591797,""frame_yaw"":1.9236607551574707,""pitch_speed"":0.0,""yaw_speed"":0.0}",2.2904206
27057974267000,fov,2843,"{""zoom"":12.339999198913574,""hfov"":7.293355464935303,""vfov"":4.106302738189697,""state"":0,""max_aov_h"":90.0,""max_aov_v"":58.71550750732422,""min_aov_h"":1.40625,""min_aov_v"":0.7910428047180176,""max_zoom"":64.0}",2.2908929
27057981720400,vfr,573,"{""message_type"":""VFR_HUD"",""airspeed"":26.423542022705078,""alt"":200.4499969482422}",2.2983463
27057981913200,position,573,"{""message_type"":""GLOBAL_POSITION_INT"",""lat"":469523778,""lon"":393489863}",2.2985391
27057982056300,attitude,1147,"{""message_type"":""ATTITUDE"",""time_boot_ms"":119410,""roll"":0.02754233591258526,""pitch"":0.019296353682875633,""yaw"":-3.0181853771209717,""rollspeed"":-0.0007936339825391769,""pitchspeed"":-0.08985456824302673,""yawspeed"":0.017361951991915703}",2.2986822
27058000131300,gimbal,2844,"{""imu_roll"":0.0,""imu_pitch"":21.120121002197266,""imu_yaw"":1.920303463935852,""frame_roll"":0.0,""frame_pitch"":21.120121002197266,""frame_yaw"":1.920303463935852,""pitch_speed"":0.0,""yaw_speed"":0.0}",2.3167572
27058000521000,fov,2844,"{""zoom"":12.339999198913574,""hfov"":7.293355464935303,""vfov"":4.106302738189697,""state"":0,""max_aov_h"":90.0,""max_aov_v"":58.71550750732422,""min_aov_h"":1.40625,""min_aov_v"":0.7910428047180176,""max_zoom"":64.0}",2.3171469
27058006851200,target_offset,510,"{""x_angle_offset"":0.02279173582792282,""y_angle_offset"":-0.39542174515900785}",2.3234771
27058030978100,target_offset,511,"{""x_angle_offset"":0.0,""y_angle_offset"":-0.3726089521690651}",2.347604
27058036668400,gimbal,2845,"{""imu_roll"":0.0,""imu_pitch"":20.982465744018555,""imu_yaw"":1.9179556369781494,""frame_roll"":0.0,""frame_pitch"":20.982465744018555,""frame_yaw"":1.9179556369781494,""pitch_speed"":0.0,""yaw_speed"":0.0}",2.3532943
27058036971900,fov,2845,"{""zoom"":12.339999198913574,""hfov"":7.293355464935303,""vfov"":4.106302738189697,""state"":0,""max_aov_h"":90.0,""max_aov_v"":58.71550750732422,""min_aov_h"":1.40625,""min_aov_v"":0.7910428047180176,""max_zoom"":64.0}",2.3535978
27058043867800,range,1123,"{""message_type"":""GLOBAL_VISION_POSITION_ESTIMATE"",""x"":46.948768615722656,""y"":39.34820556640625}",2.3604937
27058052386300,range,1124,"{""message_type"":""GLOBAL_VISION_POSITION_ESTIMATE"",""x"":46.948768615722656,""y"":39.34820556640625}",2.3690122
27058052599200,attitude,1148,"{""message_type"":""ATTITUDE"",""time_boot_ms"":119470,""roll"":0.027786489576101303,""pitch"":0.01386999897658825,""yaw"":-3.017061948776245,""rollspeed"":-0.009027362801134586,""pitchspeed"":-0.08884193003177643,""yawspeed"":0.017893986776471138}",2.3692251
27058053829900,gimbal,2846,"{""imu_roll"":0.0,""imu_pitch"":20.925495147705078,""imu_yaw"":1.911088466644287,""frame_roll"":0.0,""frame_pitch"":20.925495147705078,""frame_yaw"":1.911088466644287,""pitch_speed"":0.0,""yaw_speed"":0.0}",2.3704558
27058056591700,fov,2846,"{""zoom"":12.339999198913574,""hfov"":7.293355464935303,""vfov"":4.106302738189697,""state"":0,""max_aov_h"":90.0,""max_aov_v"":58.71550750732422,""min_aov_h"":1.40625,""min_aov_v"":0.7910428047180176,""max_zoom"":64.0}",2.3732176
27058083212600,gimbal,2847,"{""imu_roll"":0.0,""imu_pitch"":20.87947654724121,""imu_yaw"":1.9003585577011108,""frame_roll"":0.0,""frame_pitch"":20.87947654724121,""frame_yaw"":1.9003585577011108,""pitch_speed"":0.0,""yaw_speed"":0.0}",2.3998385
27058083657600,fov,2847,"{""zoom"":12.339999198913574,""hfov"":7.293355464935303,""vfov"":4.106302738189697,""state"":0,""max_aov_h"":90.0,""max_aov_v"":58.71550750732422,""min_aov_h"":1.40625,""min_aov_v"":0.7910428047180176,""max_zoom"":64.0}",2.4002835
27058089837900,target_offset,512,"{""x_angle_offset"":0.0,""y_angle_offset"":-0.39542174515900785}",2.4064638
27058097572200,vfr,574,"{""message_type"":""VFR_HUD"",""airspeed"":26.4903507232666,""alt"":200.30999755859375}",2.4141981
27058097757200,position,574,"{""message_type"":""GLOBAL_POSITION_INT"",""lat"":469523251,""lon"":393489757}",2.4143831
27058097898200,attitude,1149,"{""message_type"":""ATTITUDE"",""time_boot_ms"":119510,""roll"":0.027739575132727623,""pitch"":0.010438302531838417,""yaw"":-3.0163066387176514,""rollspeed"":-0.014354897662997246,""pitchspeed"":-0.08715903013944626,""yawspeed"":0.01810649409890175}",2.4145241
27058109519300,gimbal,2848,"{""imu_roll"":0.0,""imu_pitch"":20.767013549804688,""imu_yaw"":1.8921459913253784,""frame_roll"":0.0,""frame_pitch"":20.767013549804688,""frame_yaw"":1.8921459913253784,""pitch_speed"":0.0,""yaw_speed"":0.0}",2.4261452
27058109888500,fov,2848,"{""zoom"":12.339999198913574,""hfov"":7.293355464935303,""vfov"":4.106302738189697,""state"":0,""max_aov_h"":90.0,""max_aov_v"":58.71550750732422,""min_aov_h"":1.40625,""min_aov_v"":0.7910428047180176,""max_zoom"":64.0}",2.4265144
27058115731400,target_offset,513,"{""x_angle_offset"":-0.030388981103897095,""y_angle_offset"":-0.3726089521690651}",2.4323573
27058135624600,gimbal,2849,"{""imu_roll"":0.0,""imu_pitch"":20.666095733642578,""imu_yaw"":1.8734012842178345,""frame_roll"":0.0,""frame_pitch"":20.666095733642578,""frame_yaw"":1.8734012842178345,""pitch_speed"":0.0,""yaw_speed"":0.0}",2.4522505
27058135951000,fov,2849,"{""zoom"":12.339999198913574,""hfov"":7.293355464935303,""vfov"":4.106302738189697,""state"":0,""max_aov_h"":90.0,""max_aov_v"":58.71550750732422,""min_aov_h"":1.40625,""min_aov_v"":0.7910428047180176,""max_zoom"":64.0}",2.4525769
27058157798900,gimbal,2850,"{""imu_roll"":0.0,""imu_pitch"":20.602291107177734,""imu_yaw"":1.8565914630889893,""frame_roll"":0.0,""frame_pitch"":20.602291107177734,""frame_yaw"":1.8565914630889893,""pitch_speed"":0.0,""yaw_speed"":0.0}",2.4744248
27058158577900,fov,2850,"{""zoom"":12.339999198913574,""hfov"":7.293355464935303,""vfov"":4.106302738189697,""state"":0,""max_aov_h"":90.0,""max_aov_v"":58.71550750732422,""min_aov_h"":1.40625,""min_aov_v"":0.7910428047180176,""max_zoom"":64.0}",2.4752038
27058168780600,attitude,1150,"{""message_type"":""ATTITUDE"",""time_boot_ms"":119570,""roll"":0.027313290163874626,""pitch"":0.00543894711881876,""yaw"":-3.0151567459106445,""rollspeed"":-0.02101106569170952,""pitchspeed"":-0.08427276462316513,""yawspeed"":0.01839681901037693}",2.4854065
27058169317000,target_offset,514,"{""x_angle_offset"":-0.03798622637987137,""y_angle_offset"":-0.4182345381489506}",2.4859429
27058185691000,range,1125,"{""message_type"":""GLOBAL_VISION_POSITION_ESTIMATE"",""x"":46.94872283935547,""y"":39.34819030761719}",2.5023169
27058190298200,gimbal,2851,"{""imu_roll"":0.0,""imu_pitch"":20.4800968170166,""imu_yaw"":1.8342349529266357,""frame_roll"":0.0,""frame_pitch"":20.4800968170166,""frame_yaw"":1.8342349529266357,""pitch_speed"":0.0,""yaw_speed"":0.0}",2.5069241
27058191139900,range,1126,"{""message_type"":""GLOBAL_VISION_POSITION_ESTIMATE"",""x"":46.94872283935547,""y"":39.34819030761719}",2.5077658
27058191412200,fov,2851,"{""zoom"":12.339999198913574,""hfov"":7.293355464935303,""vfov"":4.106302738189697,""state"":0,""max_aov_h"":90.0,""max_aov_v"":58.71550750732422,""min_aov_h"":1.40625,""min_aov_v"":0.7910428047180176,""max_zoom"":64.0}",2.5080381
27058194256500,target_offset,515,"{""x_angle_offset"":-0.06077796220779419,""y_angle_offset"":-0.4410473311388934}",2.5108824
27058210961200,gimbal,2852,"{""imu_roll"":0.0,""imu_pitch"":20.366758346557617,""imu_yaw"":1.8101567029953003,""frame_roll"":0.0,""frame_pitch"":20.366758346557617,""frame_yaw"":1.8101567029953003,""pitch_speed"":0.0,""yaw_speed"":0.0}",2.5275871
27058211293600,fov,2852,"{""zoom"":12.339999198913574,""hfov"":7.293355464935303,""vfov"":4.106302738189697,""state"":0,""max_aov_h"":90.0,""max_aov_v"":58.71550750732422,""min_aov_h"":1.40625,""min_aov_v"":0.7910428047180176,""max_zoom"":64.0}",2.5279195
27058212863100,position,575,"{""message_type"":""GLOBAL_POSITION_INT"",""lat"":469523251,""lon"":393489757}",2.529489
27058213032500,attitude,1151,"{""message_type"":""ATTITUDE"",""time_boot_ms"":119610,""roll"":0.02685709111392498,""pitch"":0.002178280148655176,""yaw"":-3.014373779296875,""rollspeed"":-0.023772431537508965,""pitchspeed"":-0.08296019583940506,""yawspeed"":0.01870689168572426}",2.5296584
27058213254000,vfr,575,"{""message_type"":""VFR_HUD"",""airspeed"":26.56986427307129,""alt"":200.1599884033203}",2.5298799
27058235478000,gimbal,2853,"{""imu_roll"":0.0,""imu_pitch"":20.292173385620117,""imu_yaw"":1.790096402168274,""frame_roll"":0.0,""frame_pitch"":20.292173385620117,""frame_yaw"":1.790096402168274,""pitch_speed"":0.0,""yaw_speed"":0.0}",2.5521039
27058235913900,fov,2853,"{""zoom"":12.339999198913574,""hfov"":7.293355464935303,""vfov"":4.106302738189697,""state"":0,""max_aov_h"":90.0,""max_aov_v"":58.71550750732422,""min_aov_h"":1.40625,""min_aov_v"":0.7910428047180176,""max_zoom"":64.0}",2.5525398
27058243948900,target_offset,516,"{""x_angle_offset"":-0.06077796220779419,""y_angle_offset"":-0.4334430668089125}",2.5605748
27058257545300,gimbal,2854,"{""imu_roll"":0.0,""imu_pitch"":20.17171287536621,""imu_yaw"":1.7637124061584473,""frame_roll"":0.0,""frame_pitch"":20.17171287536621,""frame_yaw"":1.7637124061584473,""pitch_speed"":0.0,""yaw_speed"":0.0}",2.5741712
27058257894500,fov,2854,"{""zoom"":12.339999198913574,""hfov"":7.293355464935303,""vfov"":4.106302738189697,""state"":0,""max_aov_h"":90.0,""max_aov_v"":58.71550750732422,""min_aov_h"":1.40625,""min_aov_v"":0.7910428047180176,""max_zoom"":64.0}",2.5745204
27058271560600,attitude,1152,"{""message_type"":""ATTITUDE"",""time_boot_ms"":119670,""roll"":0.026074089109897614,""pitch"":-0.002579402644187212,""yaw"":-3.0131828784942627,""rollspeed"":-0.025020742788910866,""pitchspeed"":-0.08033925294876099,""yawspeed"":0.019085226580500603}",2.5881865
27058281771700,gimbal,2855,"{""imu_roll"":0.0,""imu_pitch"":20.097991943359375,""imu_yaw"":1.7418969869613647,""frame_roll"":0.0,""frame_pitch"":20.097991943359375,""frame_yaw"":1.7418969869613647,""pitch_speed"":0.0,""yaw_speed"":0.0}",2.5983976
27058282247000,fov,2855,"{""zoom"":12.339999198913574,""hfov"":7.293355464935303,""vfov"":4.106302738189697,""state"":0,""max_aov_h"":90.0,""max_aov_v"":58.71550750732422,""min_aov_h"":1.40625,""min_aov_v"":0.7910428047180176,""max_zoom"":64.0}",2.5988729
27058292075100,target_offset,517,"{""x_angle_offset"":-0.06077796220779419,""y_angle_offset"":-0.4334430668089125}",2.608701
27058310488200,gimbal,2856,"{""imu_roll"":0.0,""imu_pitch"":19.977384567260742,""imu_yaw"":1.716623306274414,""frame_roll"":0.0,""frame_pitch"":19.977384567260742,""frame_yaw"":1.716623306274414,""pitch_speed"":0.0,""yaw_speed"":0.0}",2.6271141
27058311104100,fov,2856,"{""zoom"":12.339999198913574,""hfov"":7.293355464935303,""vfov"":4.106302738189697,""state"":0,""max_aov_h"":90.0,""max_aov_v"":58.71550750732422,""min_aov_h"":1.40625,""min_aov_v"":0.7910428047180176,""max_zoom"":64.0}",2.62773
27058317510300,target_offset,518,"{""x_angle_offset"":-0.06837520748376846,""y_angle_offset"":-0.4030260094889888}",2.6341362
27058320576900,vfr,576,"{""message_type"":""VFR_HUD"",""airspeed"":26.658248901367188,""alt"":199.97000122070312}",2.6372028
27058320745700,position,576,"{""message_type"":""GLOBAL_POSITION_INT"",""lat"":469522719,""lon"":393489646}",2.6373716
27058320832100,attitude,1153,"{""message_type"":""ATTITUDE"",""time_boot_ms"":119710,""roll"":0.025570815429091454,""pitch"":-0.00560620566830039,""yaw"":-3.0123744010925293,""rollspeed"":-0.023904889822006226,""pitchspeed"":-0.07838106900453568,""yawspeed"":0.01944350264966488}",2.637458
27058332689600,gimbal,2857,"{""imu_roll"":0.0,""imu_pitch"":19.868572235107422,""imu_yaw"":1.6914550065994263,""frame_roll"":0.0,""frame_pitch"":19.868572235107422,""frame_yaw"":1.6914550065994263,""pitch_speed"":0.0,""yaw_speed"":0.0}",2.6493155
27058332995200,fov,2857,"{""zoom"":12.339999198913574,""hfov"":7.293355464935303,""vfov"":4.106302738189697,""state"":0,""max_aov_h"":90.0,""max_aov_v"":58.71550750732422,""min_aov_h"":1.40625,""min_aov_v"":0.7910428047180176,""max_zoom"":64.0}",2.6496211
27058340033900,range,1127,"{""message_type"":""GLOBAL_VISION_POSITION_ESTIMATE"",""x"":46.94866943359375,""y"":39.348167419433594}",2.6566598
27058355675900,gimbal,2858,"{""imu_roll"":0.0,""imu_pitch"":19.804859161376953,""imu_yaw"":1.671828031539917,""frame_roll"":0.0,""frame_pitch"":19.804859161376953,""frame_yaw"":1.671828031539917,""pitch_speed"":0.0,""yaw_speed"":0.0}",2.6723018
27058356011200,fov,2858,"{""zoom"":12.339999198913574,""hfov"":7.293355464935303,""vfov"":4.106302738189697,""state"":0,""max_aov_h"":90.0,""max_aov_v"":58.71550750732422,""min_aov_h"":1.40625,""min_aov_v"":0.7910428047180176,""max_zoom"":64.0}",2.6726371
27058359679700,range,1128,"{""message_type"":""GLOBAL_VISION_POSITION_ESTIMATE"",""x"":46.94866943359375,""y"":39.348167419433594}",2.6763056
27058366814000,target_offset,519,"{""x_angle_offset"":-0.06837520748376846,""y_angle_offset"":-0.3574004235091033}",2.6834399
27058382048900,gimbal,2859,"{""imu_roll"":0.0,""imu_pitch"":19.70432472229004,""imu_yaw"":1.6406272649765015,""frame_roll"":0.0,""frame_pitch"":19.70432472229004,""frame_yaw"":1.6406272649765015,""pitch_speed"":0.0,""yaw_speed"":0.0}",2.6986748
27058382295200,attitude,1154,"{""message_type"":""ATTITUDE"",""time_boot_ms"":119770,""roll"":0.02497817948460579,""pitch"":-0.009958803653717041,""yaw"":-3.0111474990844727,""rollspeed"":-0.020118718966841698,""pitchspeed"":-0.07640832662582397,""yawspeed"":0.02004753239452839}",2.6989211
27058383377000,fov,2859,"{""zoom"":12.339999198913574,""hfov"":7.293355464935303,""vfov"":4.106302738189697,""state"":0,""max_aov_h"":90.0,""max_aov_v"":58.71550750732422,""min_aov_h"":1.40625,""min_aov_v"":0.7910428047180176,""max_zoom"":64.0}",2.7000029
27058389368300,target_offset,520,"{""x_angle_offset"":-0.06837520748376846,""y_angle_offset"":-0.3345876305191605}",2.7059942
27058408040900,gimbal,2860,"{""imu_roll"":0.0,""imu_pitch"":19.619159698486328,""imu_yaw"":1.6147464513778687,""frame_roll"":0.0,""frame_pitch"":19.619159698486328,""frame_yaw"":1.6147464513778687,""pitch_speed"":0.0,""yaw_speed"":0.0}",2.7246668
27058408578800,fov,2860,"{""zoom"":12.339999198913574,""hfov"":7.293355464935303,""vfov"":4.106302738189697,""state"":0,""max_aov_h"":90.0,""max_aov_v"":58.71550750732422,""min_aov_h"":1.40625,""min_aov_v"":0.7910428047180176,""max_zoom"":64.0}",2.7252047
27058425025700,position,577,"{""message_type"":""GLOBAL_POSITION_INT"",""lat"":469522719,""lon"":393489646}",2.7416516
27058425231800,attitude,1155,"{""message_type"":""ATTITUDE"",""time_boot_ms"":119810,""roll"":0.02473980002105236,""pitch"":-0.012784839607775211,""yaw"":-3.0103158950805664,""rollspeed"":-0.016447870060801506,""pitchspeed"":-0.07472185045480728,""yawspeed"":0.020419392734766006}",2.7418577
27058425477800,vfr,577,"{""message_type"":""VFR_HUD"",""airspeed"":26.7525691986084,""alt"":199.75999450683594}",2.7421037
27058436076600,gimbal,2861,"{""imu_roll"":0.0,""imu_pitch"":19.543853759765625,""imu_yaw"":1.583821415901184,""frame_roll"":0.0,""frame_pitch"":19.543853759765625,""frame_yaw"":1.583821415901184,""pitch_speed"":0.0,""yaw_speed"":0.0}",2.7527025
27058438327400,fov,2861,"{""zoom"":12.339999198913574,""hfov"":7.293355464935303,""vfov"":4.106302738189697,""state"":0,""max_aov_h"":90.0,""max_aov_v"":58.71550750732422,""min_aov_h"":1.40625,""min_aov_v"":0.7910428047180176,""max_zoom"":64.0}",2.7549533
27058443433200,target_offset,521,"{""x_angle_offset"":-0.07597245275974274,""y_angle_offset"":-0.3345876305191605}",2.7600591
27058455865900,gimbal,2862,"{""imu_roll"":0.0,""imu_pitch"":19.474817276000977,""imu_yaw"":1.5615739822387695,""frame_roll"":0.0,""frame_pitch"":19.474817276000977,""frame_yaw"":1.5615739822387695,""pitch_speed"":0.0,""yaw_speed"":0.0}",2.7724918
27058456441000,fov,2862,"{""zoom"":12.339999198913574,""hfov"":7.293355464935303,""vfov"":4.106302738189697,""state"":0,""max_aov_h"":90.0,""max_aov_v"":58.71550750732422,""min_aov_h"":1.40625,""min_aov_v"":0.7910428047180176,""max_zoom"":64.0}",2.7730669
27058480477100,gimbal,2863,"{""imu_roll"":0.0,""imu_pitch"":19.413490295410156,""imu_yaw"":1.5359655618667603,""frame_roll"":0.0,""frame_pitch"":19.413490295410156,""frame_yaw"":1.5359655618667603,""pitch_speed"":0.0,""yaw_speed"":0.0}",2.797103
27058481084300,fov,2863,"{""zoom"":12.339999198913574,""hfov"":7.293355464935303,""vfov"":4.106302738189697,""state"":0,""max_aov_h"":90.0,""max_aov_v"":58.71550750732422,""min_aov_h"":1.40625,""min_aov_v"":0.7910428047180176,""max_zoom"":64.0}",2.7977102
27058488569900,target_offset,522,"{""x_angle_offset"":-0.06837520748376846,""y_angle_offset"":-0.31177483752921775}",2.8051958
27058493748600,attitude,1156,"{""message_type"":""ATTITUDE"",""time_boot_ms"":119870,""roll"":0.024729972705245018,""pitch"":-0.016893329098820686,""yaw"":-3.0090465545654297,""rollspeed"":-0.009145570918917656,""pitchspeed"":-0.07218153774738312,""yawspeed"":0.0210136529058218}",2.8103745
27058495879300,range,1129,"{""message_type"":""GLOBAL_VISION_POSITION_ESTIMATE"",""x"":46.94866943359375,""y"":39.348167419433594}",2.8125052
27058506499300,gimbal,2864,"{""imu_roll"":0.0,""imu_pitch"":19.33333969116211,""imu_yaw"":1.5085941553115845,""frame_roll"":0.0,""frame_pitch"":19.33333969116211,""frame_yaw"":1.5085941553115845,""pitch_speed"":0.0,""yaw_speed"":0.0}",2.8231252
27058506935900,fov,2864,"{""zoom"":12.339999198913574,""hfov"":7.293355464935303,""vfov"":4.106302738189697,""state"":0,""max_aov_h"":90.0,""max_aov_v"":58.71550750732422,""min_aov_h"":1.40625,""min_aov_v"":0.7910428047180176,""max_zoom"":64.0}",2.8235618
27058514381900,target_offset,523,"{""x_angle_offset"":-0.06837520748376846,""y_angle_offset"":-0.31177483752921775}",2.8310078
27058519963700,range,1130,"{""message_type"":""GLOBAL_VISION_POSITION_ESTIMATE"",""x"":46.94866943359375,""y"":39.348167419433594}",2.8365896
27058529625900,gimbal,2865,"{""imu_roll"":0.0,""imu_pitch"":19.25263214111328,""imu_yaw"":1.4829498529434204,""frame_roll"":0.0,""frame_pitch"":19.25263214111328,""frame_yaw"":1.4829498529434204,""pitch_speed"":0.0,""yaw_speed"":0.0}",2.8462518
27058530090200,fov,2865,"{""zoom"":12.339999198913574,""hfov"":7.293355464935303,""vfov"":4.106302738189697,""state"":0,""max_aov_h"":90.0,""max_aov_v"":58.71550750732422,""min_aov_h"":1.40625,""min_aov_v"":0.7910428047180176,""max_zoom"":64.0}",2.8467161
27058540742600,position,578,"{""message_type"":""GLOBAL_POSITION_INT"",""lat"":469522179,""lon"":393489528}",2.8573685
27058540930100,attitude,1157,"{""message_type"":""ATTITUDE"",""time_boot_ms"":119910,""roll"":0.024958603084087372,""pitch"":-0.01955488510429859,""yaw"":-3.0081889629364014,""rollspeed"":-0.004444935824722052,""pitchspeed"":-0.07068706303834915,""yawspeed"":0.021480655297636986}",2.857556
27058541197000,vfr,578,"{""message_type"":""VFR_HUD"",""airspeed"":26.883363723754883,""alt"":199.52999877929688}",2.8578229
27058550445700,gimbal,2866,"{""imu_roll"":0.0,""imu_pitch"":19.20017433166504,""imu_yaw"":1.4618515968322754,""frame_roll"":0.0,""frame_pitch"":19.20017433166504,""frame_yaw"":1.4618515968322754,""pitch_speed"":0.0,""yaw_speed"":0.0}",2.8670716
27058550863700,fov,2866,"{""zoom"":12.339999198913574,""hfov"":7.293355464935303,""vfov"":4.106302738189697,""state"":0,""max_aov_h"":90.0,""max_aov_v"":58.71550750732422,""min_aov_h"":1.40625,""min_aov_v"":0.7910428047180176,""max_zoom"":64.0}",2.8674896
27058558807100,target_offset,524,"{""x_angle_offset"":-0.06077796220779419,""y_angle_offset"":-0.3041705731992368}",2.875433
27058572792100,gimbal,2867,"{""imu_roll"":0.0,""imu_pitch"":19.119752883911133,""imu_yaw"":1.435267686843872,""frame_roll"":0.0,""frame_pitch"":19.119752883911133,""frame_yaw"":1.435267686843872,""pitch_speed"":0.0,""yaw_speed"":0.0}",2.889418
27058573182700,fov,2867,"{""zoom"":12.339999198913574,""hfov"":7.293355464935303,""vfov"":4.106302738189697,""state"":0,""max_aov_h"":90.0,""max_aov_v"":58.71550750732422,""min_aov_h"":1.40625,""min_aov_v"":0.7910428047180176,""max_zoom"":64.0}",2.8898086
27058598329900,gimbal,2868,"{""imu_roll"":0.0,""imu_pitch"":19.066028594970703,""imu_yaw"":1.4115090370178223,""frame_roll"":0.0,""frame_pitch"":19.066028594970703,""frame_yaw"":1.4115090370178223,""pitch_speed"":0.0,""yaw_speed"":0.0}",2.9149558
27058599317300,fov,2868,"{""zoom"":12.339999198913574,""hfov"":7.293355464935303,""vfov"":4.106302738189697,""state"":0,""max_aov_h"":90.0,""max_aov_v"":58.71550750732422,""min_aov_h"":1.40625,""min_aov_v"":0.7910428047180176,""max_zoom"":64.0}",2.9159432
27058605770300,target_offset,525,"{""x_angle_offset"":-0.03798622637987137,""y_angle_offset"":-0.2965663088692559}",2.9223962
27058610173900,attitude,1158,"{""message_type"":""ATTITUDE"",""time_boot_ms"":119970,""roll"":0.025665653869509697,""pitch"":-0.023430556058883667,""yaw"":-3.0069010257720947,""rollspeed"":0.0026569096371531487,""pitchspeed"":-0.0679052546620369,""yawspeed"":0.022019976750016212}",2.9267998
27058625686000,gimbal,2869,"{""imu_roll"":0.0,""imu_pitch"":18.98110580444336,""imu_yaw"":1.3898489475250244,""frame_roll"":0.0,""frame_pitch"":18.98110580444336,""frame_yaw"":1.3898489475250244,""pitch_speed"":0.0,""yaw_speed"":0.0}",2.9423119
27058626169800,fov,2869,"{""zoom"":12.339999198913574,""hfov"":7.293355464935303,""vfov"":4.106302738189697,""state"":0,""max_aov_h"":90.0,""max_aov_v"":58.71550750732422,""min_aov_h"":1.40625,""min_aov_v"":0.7910428047180176,""max_zoom"":64.0}",2.9427957
27058628644900,target_offset,526,"{""x_angle_offset"":-0.02279173582792282,""y_angle_offset"":-0.2737535158793131}",2.9452708
27058645052000,gimbal,2870,"{""imu_roll"":0.0,""imu_pitch"":18.92146110534668,""imu_yaw"":1.3781293630599976,""frame_roll"":0.0,""frame_pitch"":18.92146110534668,""frame_yaw"":1.3781293630599976,""pitch_speed"":0.0,""yaw_speed"":0.0}",2.9616779
27058645622400,fov,2870,"{""zoom"":12.339999198913574,""hfov"":7.293355464935303,""vfov"":4.106302738189697,""state"":0,""max_aov_h"":90.0,""max_aov_v"":58.71550750732422,""min_aov_h"":1.40625,""min_aov_v"":0.7910428047180176,""max_zoom"":64.0}",2.9622483
27058649007300,position,579,"{""message_type"":""GLOBAL_POSITION_INT"",""lat"":469522179,""lon"":393489528}",2.9656332
27058649244500,attitude,1159,"{""message_type"":""ATTITUDE"",""time_boot_ms"":120010,""roll"":0.02633349597454071,""pitch"":-0.02591065689921379,""yaw"":-3.0060393810272217,""rollspeed"":0.006283107679337263,""pitchspeed"":-0.0656445100903511,""yawspeed"":0.022311480715870857}",2.9658704
27058649546900,vfr,579,"{""message_type"":""VFR_HUD"",""airspeed"":27.006860733032227,""alt"":199.27999877929688}",2.9661728
27058667813400,range,1131,"{""message_type"":""GLOBAL_VISION_POSITION_ESTIMATE"",""x"":46.948612213134766,""y"":39.348148345947266}",2.9844393
27058670115700,range,1132,"{""message_type"":""GLOBAL_VISION_POSITION_ESTIMATE"",""x"":46.948612213134766,""y"":39.348148345947266}",2.9867416
27058672566600,gimbal,2871,"{""imu_roll"":0.0,""imu_pitch"":18.862611770629883,""imu_yaw"":1.3591198921203613,""frame_roll"":0.0,""frame_pitch"":18.862611770629883,""frame_yaw"":1.3591198921203613,""pitch_speed"":0.0,""yaw_speed"":0.0}",2.9891925
27058672853900,fov,2871,"{""zoom"":12.339999198913574,""hfov"":7.293355464935303,""vfov"":4.106302738189697,""state"":0,""max_aov_h"":90.0,""max_aov_v"":58.71550750732422,""min_aov_h"":1.40625,""min_aov_v"":0.7910428047180176,""max_zoom"":64.0}",2.9894798
27058674410500,target_offset,527,"{""x_angle_offset"":-0.015194490551948547,""y_angle_offset"":-0.2737535158793131}",2.9910364
27058691135300,gimbal,2872,"{""imu_roll"":0.0,""imu_pitch"":18.801576614379883,""imu_yaw"":1.3500392436981201,""frame_roll"":0.0,""frame_pitch"":18.801576614379883,""frame_yaw"":1.3500392436981201,""pitch_speed"":0.0,""yaw_speed"":0.0}",3.0077612
27058691532900,fov,2872,"{""zoom"":12.339999198913574,""hfov"":7.293355464935303,""vfov"":4.106302738189697,""state"":0,""max_aov_h"":90.0,""max_aov_v"":58.71550750732422,""min_aov_h"":1.40625,""min_aov_v"":0.7910428047180176,""max_zoom"":64.0}",3.0081588
27058707275200,attitude,1160,"{""message_type"":""ATTITUDE"",""time_boot_ms"":120070,""roll"":0.027550363913178444,""pitch"":-0.029445793479681015,""yaw"":-3.004739999771118,""rollspeed"":0.010282298550009727,""pitchspeed"":-0.06180199608206749,""yawspeed"":0.022631198167800903}",3.0239011
27058715868300,gimbal,2873,"{""imu_roll"":0.0,""imu_pitch"":18.74574851989746,""imu_yaw"":1.334194302558899,""frame_roll"":0.0,""frame_pitch"":18.74574851989746,""frame_yaw"":1.334194302558899,""pitch_speed"":0.0,""yaw_speed"":0.0}",3.0324942
27058716227600,fov,2873,"{""zoom"":12.339999198913574,""hfov"":7.293355464935303,""vfov"":4.106302738189697,""state"":0,""max_aov_h"":90.0,""max_aov_v"":58.71550750732422,""min_aov_h"":1.40625,""min_aov_v"":0.7910428047180176,""max_zoom"":64.0}",3.0328535
27058721792200,target_offset,528,"{""x_angle_offset"":0.0,""y_angle_offset"":-0.2737535158793131}",3.0384181
27058741111600,gimbal,2874,"{""imu_roll"":0.0,""imu_pitch"":18.677200317382812,""imu_yaw"":1.3236274719238281,""frame_roll"":0.0,""frame_pitch"":18.677200317382812,""frame_yaw"":1.3236274719238281,""pitch_speed"":0.0,""yaw_speed"":0.0}",3.0577375
27058741477000,fov,2874,"{""zoom"":12.339999198913574,""hfov"":7.293355464935303,""vfov"":4.106302738189697,""state"":0,""max_aov_h"":90.0,""max_aov_v"":58.71550750732422,""min_aov_h"":1.40625,""min_aov_v"":0.7910428047180176,""max_zoom"":64.0}",3.0581029
27058749398300,target_offset,529,"{""x_angle_offset"":0.0,""y_angle_offset"":-0.2737535158793131}",3.0660242
27058753566700,position,580,"{""message_type"":""GLOBAL_POSITION_INT"",""lat"":469522179,""lon"":393489528}",3.0701926
27058753720200,attitude,1161,"{""message_type"":""ATTITUDE"",""time_boot_ms"":120110,""roll"":0.028463365510106087,""pitch"":-0.03166612982749939,""yaw"":-3.003877639770508,""rollspeed"":0.012074548751115799,""pitchspeed"":-0.058965664356946945,""yawspeed"":0.022757960483431816}",3.0703461
27058753937000,vfr,580,"{""message_type"":""VFR_HUD"",""airspeed"":27.157283782958984,""alt"":198.989990234375}",3.0705629
27058763511500,gimbal,2875,"{""imu_roll"":0.0,""imu_pitch"":18.60757064819336,""imu_yaw"":1.3153448104858398,""frame_roll"":0.0,""frame_pitch"":18.60757064819336,""frame_yaw"":1.3153448104858398,""pitch_speed"":0.0,""yaw_speed"":0.0}",3.0801374
27058764813400,fov,2875,"{""zoom"":12.339999198913574,""hfov"":7.293355464935303,""vfov"":4.106302738189697,""state"":0,""max_aov_h"":90.0,""max_aov_v"":58.71550750732422,""min_aov_h"":1.40625,""min_aov_v"":0.7910428047180176,""max_zoom"":64.0}",3.0814393
27058784484700,gimbal,2876,"{""imu_roll"":0.0,""imu_pitch"":18.563108444213867,""imu_yaw"":1.3041350841522217,""frame_roll"":0.0,""frame_pitch"":18.563108444213867,""frame_yaw"":1.3041350841522217,""pitch_speed"":0.0,""yaw_speed"":0.0}",3.1011106
27058784795300,fov,2876,"{""zoom"":12.339999198913574,""hfov"":7.293355464935303,""vfov"":4.106302738189697,""state"":0,""max_aov_h"":90.0,""max_aov_v"":58.71550750732422,""min_aov_h"":1.40625,""min_aov_v"":0.7910428047180176,""max_zoom"":64.0}",3.1014212
27058795064000,target_offset,530,"{""x_angle_offset"":0.0,""y_angle_offset"":-0.2737535158793131}",3.1116899
27058807651200,gimbal,2877,"{""imu_roll"":0.0,""imu_pitch"":18.50034523010254,""imu_yaw"":1.2967015504837036,""frame_roll"":0.0,""frame_pitch"":18.50034523010254,""frame_yaw"":1.2967015504837036,""pitch_speed"":0.0,""yaw_speed"":0.0}",3.1242771
27058808414200,fov,2877,"{""zoom"":12.339999198913574,""hfov"":7.293355464935303,""vfov"":4.106302738189697,""state"":0,""max_aov_h"":90.0,""max_aov_v"":58.71550750732422,""min_aov_h"":1.40625,""min_aov_v"":0.7910428047180176,""max_zoom"":64.0}",3.1250401
27058815233100,attitude,1162,"{""message_type"":""ATTITUDE"",""time_boot_ms"":120170,""roll"":0.029867611825466156,""pitch"":-0.0348086878657341,""yaw"":-3.002600908279419,""rollspeed"":0.012512188404798508,""pitchspeed"":-0.05489165708422661,""yawspeed"":0.02270231395959854}",3.131859
27058822306800,range,1133,"{""message_type"":""GLOBAL_VISION_POSITION_ESTIMATE"",""x"":46.948612213134766,""y"":39.348148345947266}",3.1389327
27058829864800,gimbal,2878,"{""imu_roll"":0.0,""imu_pitch"":18.451440811157227,""imu_yaw"":1.2852007150650024,""frame_roll"":0.0,""frame_pitch"":18.451440811157227,""frame_yaw"":1.2852007150650024,""pitch_speed"":0.0,""yaw_speed"":0.0}",3.1464907
27058830202900,fov,2878,"{""zoom"":12.339999198913574,""hfov"":7.293355464935303,""vfov"":4.106302738189697,""state"":0,""max_aov_h"":90.0,""max_aov_v"":58.71550750732422,""min_aov_h"":1.40625,""min_aov_v"":0.7910428047180176,""max_zoom"":64.0}",3.1468288
27058839121800,target_offset,531,"{""x_angle_offset"":0.0,""y_angle_offset"":-0.2737535158793131}",3.1557477
27058843981900,range,1134,"{""message_type"":""GLOBAL_VISION_POSITION_ESTIMATE"",""x"":46.948612213134766,""y"":39.348148345947266}",3.1606078
27058852956800,gimbal,2879,"{""imu_roll"":0.0,""imu_pitch"":18.38888168334961,""imu_yaw"":1.2770851850509644,""frame_roll"":0.0,""frame_pitch"":18.38888168334961,""frame_yaw"":1.2770851850509644,""pitch_speed"":0.0,""yaw_speed"":0.0}",3.1695827
27058853482500,fov,2879,"{""zoom"":12.339999198913574,""hfov"":7.293355464935303,""vfov"":4.106302738189697,""state"":0,""max_aov_h"":90.0,""max_aov_v"":58.71550750732422,""min_aov_h"":1.40625,""min_aov_v"":0.7910428047180176,""max_zoom"":64.0}",3.1701084
27058860441500,position,581,"{""message_type"":""GLOBAL_POSITION_INT"",""lat"":469521633,""lon"":393489405}",3.1770674
27058860606300,attitude,1163,"{""message_type"":""ATTITUDE"",""time_boot_ms"":120210,""roll"":0.030784623697400093,""pitch"":-0.03679245710372925,""yaw"":-3.001768112182617,""rollspeed"":0.012205755338072777,""pitchspeed"":-0.0525398775935173,""yawspeed"":0.02250649966299534}",3.1772322
27058860867200,vfr,581,"{""message_type"":""VFR_HUD"",""airspeed"":27.294187545776367,""alt"":198.6999969482422}",3.1774931
27058873503500,gimbal,2880,"{""imu_roll"":0.0,""imu_pitch"":18.343868255615234,""imu_yaw"":1.266638159751892,""frame_roll"":0.0,""frame_pitch"":18.343868255615234,""frame_yaw"":1.266638159751892,""pitch_speed"":0.0,""yaw_speed"":0.0}",3.1901294
27058875612300,fov,2880,"{""zoom"":12.339999198913574,""hfov"":7.293355464935303,""vfov"":4.106302738189697,""state"":0,""max_aov_h"":90.0,""max_aov_v"":58.71550750732422,""min_aov_h"":1.40625,""min_aov_v"":0.7910428047180176,""max_zoom"":64.0}",3.1922382
27058883382900,target_offset,532,"{""x_angle_offset"":0.0,""y_angle_offset"":-0.2737535158793131}",3.2000088
27058901913700,gimbal,2881,"{""imu_roll"":0.0,""imu_pitch"":18.266773223876953,""imu_yaw"":1.2549705505371094,""frame_roll"":0.0,""frame_pitch"":18.266773223876953,""frame_yaw"":1.2549705505371094,""pitch_speed"":0.0,""yaw_speed"":0.0}",3.2185396
27058902314400,fov,2881,"{""zoom"":12.339999198913574,""hfov"":7.293355464935303,""vfov"":4.106302738189697,""state"":0,""max_aov_h"":90.0,""max_aov_v"":58.71550750732422,""min_aov_h"":1.40625,""min_aov_v"":0.7910428047180176,""max_zoom"":64.0}",3.2189403
27058908075200,target_offset,533,"{""x_angle_offset"":-0.007597245275974274,""y_angle_offset"":-0.25094072288937036}",3.2247011
27058922837900,gimbal,2882,"{""imu_roll"":0.0,""imu_pitch"":18.204103469848633,""imu_yaw"":1.242752194404602,""frame_roll"":0.0,""frame_pitch"":18.204103469848633,""frame_yaw"":1.242752194404602,""pitch_speed"":0.0,""yaw_speed"":0.0}",3.2394638
27058923170500,fov,2882,"{""zoom"":12.339999198913574,""hfov"":7.293355464935303,""vfov"":4.106302738189697,""state"":0,""max_aov_h"":90.0,""max_aov_v"":58.71550750732422,""min_aov_h"":1.40625,""min_aov_v"":0.7910428047180176,""max_zoom"":64.0}",3.2397964
27058927539700,attitude,1164,"{""message_type"":""ATTITUDE"",""time_boot_ms"":120270,""roll"":0.03208983317017555,""pitch"":-0.03958789259195328,""yaw"":-3.000537395477295,""rollspeed"":0.01066518947482109,""pitchspeed"":-0.04909734055399895,""yawspeed"":0.022195620462298393}",3.2441656
27058946205600,gimbal,2883,"{""imu_roll"":0.0,""imu_pitch"":18.15802764892578,""imu_yaw"":1.2275272607803345,""frame_roll"":0.0,""frame_pitch"":18.15802764892578,""frame_yaw"":1.2275272607803345,""pitch_speed"":0.0,""yaw_speed"":0.0}",3.2628315
27058946562300,fov,2883,"{""zoom"":12.339999198913574,""hfov"":7.293355464935303,""vfov"":4.106302738189697,""state"":0,""max_aov_h"":90.0,""max_aov_v"":58.71550750732422,""min_aov_h"":1.40625,""min_aov_v"":0.7910428047180176,""max_zoom"":64.0}",3.2631882
27058953199500,target_offset,534,"{""x_angle_offset"":-0.007597245275974274,""y_angle_offset"":-0.22812792989942762}",3.2698254
27058967043200,gimbal,2884,"{""imu_roll"":0.0,""imu_pitch"":18.10947608947754,""imu_yaw"":1.2181761264801025,""frame_roll"":0.0,""frame_pitch"":18.10947608947754,""frame_yaw"":1.2181761264801025,""pitch_speed"":0.0,""yaw_speed"":0.0}",3.2836691
27058967525200,fov,2884,"{""zoom"":12.339999198913574,""hfov"":7.293355464935303,""vfov"":4.106302738189697,""state"":0,""max_aov_h"":90.0,""max_aov_v"":58.71550750732422,""min_aov_h"":1.40625,""min_aov_v"":0.7910428047180176,""max_zoom"":64.0}",3.2841511
27058969915000,attitude,1165,"{""message_type"":""ATTITUDE"",""time_boot_ms"":120310,""roll"":0.03292284905910492,""pitch"":-0.0413246676325798,""yaw"":-2.99973726272583,""rollspeed"":0.0100783072412014,""pitchspeed"":-0.04627195745706558,""yawspeed"":0.02183619886636734}",3.2865409
27058970200900,vfr,582,"{""message_type"":""VFR_HUD"",""airspeed"":27.453229904174805,""alt"":198.3699951171875}",3.2868268
27058970376600,position,582,"{""message_type"":""GLOBAL_POSITION_INT"",""lat"":469521633,""lon"":393489405}",3.2870025
27058977974200,range,1135,"{""message_type"":""GLOBAL_VISION_POSITION_ESTIMATE"",""x"":46.94855880737305,""y"":39.34813690185547}",3.2946001
27058988843300,gimbal,2885,"{""imu_roll"":0.0,""imu_pitch"":18.069499969482422,""imu_yaw"":1.2049633264541626,""frame_roll"":0.0,""frame_pitch"":18.069499969482422,""frame_yaw"":1.2049633264541626,""pitch_speed"":0.0,""yaw_speed"":0.0}",3.3054692
27058989155000,fov,2885,"{""zoom"":12.339999198913574,""hfov"":7.293355464935303,""vfov"":4.106302738189697,""state"":0,""max_aov_h"":90.0,""max_aov_v"":58.71550750732422,""min_aov_h"":1.40625,""min_aov_v"":0.7910428047180176,""max_zoom"":64.0}",3.3057809
27058992705300,range,1136,"{""message_type"":""GLOBAL_VISION_POSITION_ESTIMATE"",""x"":46.94855880737305,""y"":39.34813690185547}",3.3093312
27058996990400,target_offset,535,"{""x_angle_offset"":-0.007597245275974274,""y_angle_offset"":-0.19771087257950393}",3.3136163
27059012846800,gimbal,2886,"{""imu_roll"":0.0,""imu_pitch"":18.023527145385742,""imu_yaw"":1.1946539878845215,""frame_roll"":0.0,""frame_pitch"":18.023527145385742,""frame_yaw"":1.1946539878845215,""pitch_speed"":0.0,""yaw_speed"":0.0}",3.3294727
27059013290600,fov,2886,"{""zoom"":12.339999198913574,""hfov"":7.293355464935303,""vfov"":4.106302738189697,""state"":0,""max_aov_h"":90.0,""max_aov_v"":58.71550750732422,""min_aov_h"":1.40625,""min_aov_v"":0.7910428047180176,""max_zoom"":64.0}",3.3299165
27059027523000,attitude,1166,"{""message_type"":""ATTITUDE"",""time_boot_ms"":120370,""roll"":0.03408931940793991,""pitch"":-0.04406494274735451,""yaw"":-2.998551368713379,""rollspeed"":0.00978811178356409,""pitchspeed"":-0.04285917058587074,""yawspeed"":0.02191890962421894}",3.3441489
27059038492200,gimbal,2887,"{""imu_roll"":0.0,""imu_pitch"":17.983440399169922,""imu_yaw"":1.1772489547729492,""frame_roll"":0.0,""frame_pitch"":17.983440399169922,""frame_yaw"":1.1772489547729492,""pitch_speed"":0.0,""yaw_speed"":0.0}",3.3551181
27059038872300,fov,2887,"{""zoom"":12.339999198913574,""hfov"":7.293355464935303,""vfov"":4.106302738189697,""state"":0,""max_aov_h"":90.0,""max_aov_v"":58.71550750732422,""min_aov_h"":1.40625,""min_aov_v"":0.7910428047180176,""max_zoom"":64.0}",3.3554982
27059042289000,target_offset,536,"{""x_angle_offset"":-0.007597245275974274,""y_angle_offset"":-0.17489807958956116}",3.3589149
27059058152100,gimbal,2888,"{""imu_roll"":0.0,""imu_pitch"":17.9405574798584,""imu_yaw"":1.168042540550232,""frame_roll"":0.0,""frame_pitch"":17.9405574798584,""frame_yaw"":1.168042540550232,""pitch_speed"":0.0,""yaw_speed"":0.0}",3.374778
27059058666600,fov,2888,"{""zoom"":12.339999198913574,""hfov"":7.293355464935303,""vfov"":4.106302738189697,""state"":0,""max_aov_h"":90.0,""max_aov_v"":58.71550750732422,""min_aov_h"":1.40625,""min_aov_v"":0.7910428047180176,""max_zoom"":64.0}",3.3752925
27059071278300,vfr,583,"{""message_type"":""VFR_HUD"",""airspeed"":27.627229690551758,""alt"":198.02999877929688}",3.3879042
27059071484300,position,583,"{""message_type"":""GLOBAL_POSITION_INT"",""lat"":469521065,""lon"":393489274}",3.3881102
27059072124500,attitude,1167,"{""message_type"":""ATTITUDE"",""time_boot_ms"":120410,""roll"":0.03478445112705231,""pitch"":-0.046237312257289886,""yaw"":-2.9977707862854004,""rollspeed"":0.008930126205086708,""pitchspeed"":-0.04117085784673691,""yawspeed"":0.021508194506168365}",3.3887504
27059080587300,gimbal,2889,"{""imu_roll"":0.0,""imu_pitch"":17.910137176513672,""imu_yaw"":1.1576898097991943,""frame_roll"":0.0,""frame_pitch"":17.910137176513672,""frame_yaw"":1.1576898097991943,""pitch_speed"":0.0,""yaw_speed"":0.0}",3.3972132
27059081918600,fov,2889,"{""zoom"":12.339999198913574,""hfov"":7.293355464935303,""vfov"":4.106302738189697,""state"":0,""max_aov_h"":90.0,""max_aov_v"":58.71550750732422,""min_aov_h"":1.40625,""min_aov_v"":0.7910428047180176,""max_zoom"":64.0}",3.3985445
27059090921000,target_offset,537,"{""x_angle_offset"":0.0,""y_angle_offset"":-0.1520852865996184}",3.4075469
27059107203000,gimbal,2890,"{""imu_roll"":0.0,""imu_pitch"":17.86819076538086,""imu_yaw"":1.147266149520874,""frame_roll"":0.0,""frame_pitch"":17.86819076538086,""frame_yaw"":1.147266149520874,""pitch_speed"":0.0,""yaw_speed"":0.0}",3.4238289
27059107640200,fov,2890,"{""zoom"":12.339999198913574,""hfov"":7.293355464935303,""vfov"":4.106302738189697,""state"":0,""max_aov_h"":90.0,""max_aov_v"":58.71550750732422,""min_aov_h"":1.40625,""min_aov_v"":0.7910428047180176,""max_zoom"":64.0}",3.4242661
27059113366500,target_offset,538,"{""x_angle_offset"":0.0,""y_angle_offset"":-0.1444810222696375}",3.4299924
27059129578400,gimbal,2891,"{""imu_roll"":0.0,""imu_pitch"":17.831462860107422,""imu_yaw"":1.1400470733642578,""frame_roll"":0.0,""frame_pitch"":17.831462860107422,""frame_yaw"":1.1400470733642578,""pitch_speed"":0.0,""yaw_speed"":0.0}",3.4462043
27059129874000,fov,2891,"{""zoom"":12.339999198913574,""hfov"":7.293355464935303,""vfov"":4.106302738189697,""state"":0,""max_aov_h"":90.0,""max_aov_v"":58.71550750732422,""min_aov_h"":1.40625,""min_aov_v"":0.7910428047180176,""max_zoom"":64.0}",3.4464999
27059133029800,range,1137,"{""message_type"":""GLOBAL_VISION_POSITION_ESTIMATE"",""x"":46.94850540161133,""y"":39.348121643066406}",3.4496557
27059139687100,range,1138,"{""message_type"":""GLOBAL_VISION_POSITION_ESTIMATE"",""x"":46.94850540161133,""y"":39.348121643066406}",3.456313
27059139879500,attitude,1168,"{""message_type"":""ATTITUDE"",""time_boot_ms"":120470,""roll"":0.03582167997956276,""pitch"":-0.04938701167702675,""yaw"":-2.996638298034668,""rollspeed"":0.009082481265068054,""pitchspeed"":-0.03886369615793228,""yawspeed"":0.020777147263288498}",3.4565054
27059155866900,gimbal,2892,"{""imu_roll"":0.0,""imu_pitch"":17.803104400634766,""imu_yaw"":1.1276994943618774,""frame_roll"":0.0,""frame_pitch"":17.803104400634766,""frame_yaw"":1.1276994943618774,""pitch_speed"":0.0,""yaw_speed"":0.0}",3.4724928
27059156300400,fov,2892,"{""zoom"":12.339999198913574,""hfov"":7.293355464935303,""vfov"":4.106302738189697,""state"":0,""max_aov_h"":90.0,""max_aov_v"":58.71550750732422,""min_aov_h"":1.40625,""min_aov_v"":0.7910428047180176,""max_zoom"":64.0}",3.4729263
27059161339100,target_offset,539,"{""x_angle_offset"":0.0,""y_angle_offset"":-0.1444810222696375}",3.477965
27059176116400,gimbal,2893,"{""imu_roll"":0.0,""imu_pitch"":17.76775550842285,""imu_yaw"":1.1203851699829102,""frame_roll"":0.0,""frame_pitch"":17.76775550842285,""frame_yaw"":1.1203851699829102,""pitch_speed"":0.0,""yaw_speed"":0.0}",3.4927423
27059176415500,fov,2893,"{""zoom"":12.339999198913574,""hfov"":7.293355464935303,""vfov"":4.106302738189697,""state"":0,""max_aov_h"":90.0,""max_aov_v"":58.71550750732422,""min_aov_h"":1.40625,""min_aov_v"":0.7910428047180176,""max_zoom"":64.0}",3.4930414
27059181385100,position,584,"{""message_type"":""GLOBAL_POSITION_INT"",""lat"":469521065,""lon"":393489274}",3.498011
27059181670400,attitude,1169,"{""message_type"":""ATTITUDE"",""time_boot_ms"":120510,""roll"":0.03652217239141464,""pitch"":-0.051391325891017914,""yaw"":-2.995905876159668,""rollspeed"":0.009333265945315361,""pitchspeed"":-0.036928512156009674,""yawspeed"":0.02046147920191288}",3.4982963
27059181956400,vfr,584,"{""message_type"":""VFR_HUD"",""airspeed"":27.779794692993164,""alt"":197.6699981689453}",3.4985823
27059196741300,gimbal,2894,"{""imu_roll"":0.0,""imu_pitch"":17.74227523803711,""imu_yaw"":1.1104333400726318,""frame_roll"":0.0,""frame_pitch"":17.74227523803711,""frame_yaw"":1.1104333400726318,""pitch_speed"":0.0,""yaw_speed"":0.0}",3.5133672
27059197243600,fov,2894,"{""zoom"":12.339999198913574,""hfov"":7.293355464935303,""vfov"":4.106302738189697,""state"":0,""max_aov_h"":90.0,""max_aov_v"":58.71550750732422,""min_aov_h"":1.40625,""min_aov_v"":0.7910428047180176,""max_zoom"":64.0}",3.5138695
27059207878800,target_offset,540,"{""x_angle_offset"":0.007597245275974274,""y_angle_offset"":-0.11406396494971381}",3.5245047
27059224732200,gimbal,2895,"{""imu_roll"":0.0,""imu_pitch"":17.70916175842285,""imu_yaw"":1.1002131700515747,""frame_roll"":0.0,""frame_pitch"":17.70916175842285,""frame_yaw"":1.1002131700515747,""pitch_speed"":0.0,""yaw_speed"":0.0}",3.5413581
27059225020900,fov,2895,"{""zoom"":12.339999198913574,""hfov"":7.293355464935303,""vfov"":4.106302738189697,""state"":0,""max_aov_h"":90.0,""max_aov_v"":58.71550750732422,""min_aov_h"":1.40625,""min_aov_v"":0.7910428047180176,""max_zoom"":64.0}",3.5416468
27059232396700,target_offset,541,"{""x_angle_offset"":0.007597245275974274,""y_angle_offset"":-0.11406396494971381}",3.5490226
27059245577900,gimbal,2896,"{""imu_roll"":0.0,""imu_pitch"":17.681856155395508,""imu_yaw"":1.0952447652816772,""frame_roll"":0.0,""frame_pitch"":17.681856155395508,""frame_yaw"":1.0952447652816772,""pitch_speed"":0.0,""yaw_speed"":0.0}",3.5622038
27059245930600,fov,2896,"{""zoom"":12.339999198913574,""hfov"":7.293355464935303,""vfov"":4.106302738189697,""state"":0,""max_aov_h"":90.0,""max_aov_v"":58.71550750732422,""min_aov_h"":1.40625,""min_aov_v"":0.7910428047180176,""max_zoom"":64.0}",3.5625565
27059248598100,attitude,1170,"{""message_type"":""ATTITUDE"",""time_boot_ms"":120570,""roll"":0.03762991353869438,""pitch"":-0.05422959104180336,""yaw"":-2.994844913482666,""rollspeed"":0.010543735697865486,""pitchspeed"":-0.03325625881552696,""yawspeed"":0.01965950056910515}",3.565224
27059267661900,gimbal,2897,"{""imu_roll"":0.0,""imu_pitch"":17.658533096313477,""imu_yaw"":1.086043357849121,""frame_roll"":0.0,""frame_pitch"":17.658533096313477,""frame_yaw"":1.086043357849121,""pitch_speed"":0.0,""yaw_speed"":0.0}",3.5842878
27059268066400,fov,2897,"{""zoom"":12.339999198913574,""hfov"":7.293355464935303,""vfov"":4.106302738189697,""state"":0,""max_aov_h"":90.0,""max_aov_v"":58.71550750732422,""min_aov_h"":1.40625,""min_aov_v"":0.7910428047180176,""max_zoom"":64.0}",3.5846923
27059277568600,target_offset,542,"{""x_angle_offset"":0.007597245275974274,""y_angle_offset"":-0.11406396494971381}",3.5941945
27059289594600,gimbal,2898,"{""imu_roll"":0.0,""imu_pitch"":17.63135528564453,""imu_yaw"":1.0786267518997192,""frame_roll"":0.0,""frame_pitch"":17.63135528564453,""frame_yaw"":1.0786267518997192,""pitch_speed"":0.0,""yaw_speed"":0.0}",3.6062205
27059289909900,position,585,"{""message_type"":""GLOBAL_POSITION_INT"",""lat"":469520501,""lon"":393489142}",3.6065358
27059290212900,attitude,1171,"{""message_type"":""ATTITUDE"",""time_boot_ms"":120610,""roll"":0.038339097052812576,""pitch"":-0.055302705615758896,""yaw"":-2.994162082672119,""rollspeed"":0.011706510558724403,""pitchspeed"":-0.030094802379608154,""yawspeed"":0.019154563546180725}",3.6068388
27059290790500,vfr,585,"{""message_type"":""VFR_HUD"",""airspeed"":27.94882583618164,""alt"":197.2899932861328}",3.6074164
27059290976300,fov,2898,"{""zoom"":12.339999198913574,""hfov"":7.293355464935303,""vfov"":4.106302738189697,""state"":0,""max_aov_h"":90.0,""max_aov_v"":58.71550750732422,""min_aov_h"":1.40625,""min_aov_v"":0.7910428047180176,""max_zoom"":64.0}",3.6076022
27059305491700,range,1139,"{""message_type"":""GLOBAL_VISION_POSITION_ESTIMATE"",""x"":46.94845199584961,""y"":39.34809494018555}",3.6221176
27059308979300,range,1140,"{""message_type"":""GLOBAL_VISION_POSITION_ESTIMATE"",""x"":46.94845199584961,""y"":39.34809494018555}",3.6256052
27059309683000,gimbal,2899,"{""imu_roll"":0.0,""imu_pitch"":17.611602783203125,""imu_yaw"":1.0688475370407104,""frame_roll"":0.0,""frame_pitch"":17.611602783203125,""frame_yaw"":1.0688475370407104,""pitch_speed"":0.0,""yaw_speed"":0.0}",3.6263089
27059312539800,fov,2899,"{""zoom"":12.339999198913574,""hfov"":7.293355464935303,""vfov"":4.106302738189697,""state"":0,""max_aov_h"":90.0,""max_aov_v"":58.71550750732422,""min_aov_h"":1.40625,""min_aov_v"":0.7910428047180176,""max_zoom"":64.0}",3.6291657
27059319766700,target_offset,543,"{""x_angle_offset"":0.007597245275974274,""y_angle_offset"":-0.09125117195977105}",3.6363926
27059330398200,gimbal,2900,"{""imu_roll"":0.0,""imu_pitch"":17.589824676513672,""imu_yaw"":1.061060905456543,""frame_roll"":0.0,""frame_pitch"":17.589824676513672,""frame_yaw"":1.061060905456543,""pitch_speed"":0.0,""yaw_speed"":0.0}",3.6470241
27059330868700,fov,2900,"{""zoom"":12.339999198913574,""hfov"":7.293355464935303,""vfov"":4.106302738189697,""state"":0,""max_aov_h"":90.0,""max_aov_v"":58.71550750732422,""min_aov_h"":1.40625,""min_aov_v"":0.7910428047180176,""max_zoom"":64.0}",3.6474946
27059348090100,attitude,1172,"{""message_type"":""ATTITUDE"",""time_boot_ms"":120670,""roll"":0.03950507566332817,""pitch"":-0.05669548362493515,""yaw"":-2.993168830871582,""rollspeed"":0.013729614205658436,""pitchspeed"":-0.026043295860290527,""yawspeed"":0.01846308261156082}",3.664716
27059356447400,gimbal,2901,"{""imu_roll"":0.0,""imu_pitch"":17.570045471191406,""imu_yaw"":1.0472733974456787,""frame_roll"":0.0,""frame_pitch"":17.570045471191406,""frame_yaw"":1.0472733974456787,""pitch_speed"":0.0,""yaw_speed"":0.0}",3.6730733
27059358756200,fov,2901,"{""zoom"":12.339999198913574,""hfov"":7.293355464935303,""vfov"":4.106302738189697,""state"":0,""max_aov_h"":90.0,""max_aov_v"":58.71550750732422,""min_aov_h"":1.40625,""min_aov_v"":0.7910428047180176,""max_zoom"":64.0}",3.6753821
27059361550000,target_offset,544,"{""x_angle_offset"":0.007597245275974274,""y_angle_offset"":-0.08364690762979013}",3.6781759
27059377684400,gimbal,2902,"{""imu_roll"":0.0,""imu_pitch"":17.550018310546875,""imu_yaw"":1.0451503992080688,""frame_roll"":0.0,""frame_pitch"":17.550018310546875,""frame_yaw"":1.0451503992080688,""pitch_speed"":0.0,""yaw_speed"":0.0}",3.6943103
27059378216900,fov,2902,"{""zoom"":12.339999198913574,""hfov"":7.293355464935303,""vfov"":4.106302738189697,""state"":0,""max_aov_h"":90.0,""max_aov_v"":58.71550750732422,""min_aov_h"":1.40625,""min_aov_v"":0.7910428047180176,""max_zoom"":64.0}",3.6948428
27059391405600,target_offset,545,"{""x_angle_offset"":0.015194490551948547,""y_angle_offset"":-0.060834114639847364}",3.7080315
27059397619200,vfr,586,"{""message_type"":""VFR_HUD"",""airspeed"":28.128507614135742,""alt"":196.89999389648438}",3.7142451
27059397813700,position,586,"{""message_type"":""GLOBAL_POSITION_INT"",""lat"":469520501,""lon"":393489142}",3.7144396
27059397948700,attitude,1173,"{""message_type"":""ATTITUDE"",""time_boot_ms"":120710,""roll"":0.040347594767808914,""pitch"":-0.05753017216920853,""yaw"":-2.9925363063812256,""rollspeed"":0.01497915480285883,""pitchspeed"":-0.024604372680187225,""yawspeed"":0.0178956538438797}",3.7145746
27059403880000,gimbal,2903,"{""imu_roll"":0.0,""imu_pitch"":17.526939392089844,""imu_yaw"":1.041317105293274,""frame_roll"":0.0,""frame_pitch"":17.526939392089844,""frame_yaw"":1.041317105293274,""pitch_speed"":0.0,""yaw_speed"":0.0}",3.7205059
27059404211900,fov,2903,"{""zoom"":12.339999198913574,""hfov"":7.293355464935303,""vfov"":4.106302738189697,""state"":0,""max_aov_h"":90.0,""max_aov_v"":58.71550750732422,""min_aov_h"":1.40625,""min_aov_v"":0.7910428047180176,""max_zoom"":64.0}",3.7208378
27059423942400,gimbal,2904,"{""imu_roll"":0.0,""imu_pitch"":17.515239715576172,""imu_yaw"":1.0358357429504395,""frame_roll"":0.0,""frame_pitch"":17.515239715576172,""frame_yaw"":1.0358357429504395,""pitch_speed"":0.0,""yaw_speed"":0.0}",3.7405683
27059424257000,fov,2904,"{""zoom"":12.339999198913574,""hfov"":7.293355464935303,""vfov"":4.106302738189697,""state"":0,""max_aov_h"":90.0,""max_aov_v"":58.71550750732422,""min_aov_h"":1.40625,""min_aov_v"":0.7910428047180176,""max_zoom"":64.0}",3.7408829
27059436681400,target_offset,546,"{""x_angle_offset"":0.015194490551948547,""y_angle_offset"":-0.060834114639847364}",3.7533073
27059448063000,gimbal,2905,"{""imu_roll"":0.0,""imu_pitch"":17.498476028442383,""imu_yaw"":1.029011845588684,""frame_roll"":0.0,""frame_pitch"":17.498476028442383,""frame_yaw"":1.029011845588684,""pitch_speed"":0.0,""yaw_speed"":0.0}",3.7646889
27059448811300,fov,2905,"{""zoom"":12.339999198913574,""hfov"":7.293355464935303,""vfov"":4.106302738189697,""state"":0,""max_aov_h"":90.0,""max_aov_v"":58.71550750732422,""min_aov_h"":1.40625,""min_aov_v"":0.7910428047180176,""max_zoom"":64.0}",3.7654372
27059459586300,attitude,1174,"{""message_type"":""ATTITUDE"",""time_boot_ms"":120770,""roll"":0.0417078472673893,""pitch"":-0.05870329588651657,""yaw"":-2.991626739501953,""rollspeed"":0.01688215509057045,""pitchspeed"":-0.02339402213692665,""yawspeed"":0.017158549278974533}",3.7762122
27059460902600,range,1141,"{""message_type"":""GLOBAL_VISION_POSITION_ESTIMATE"",""x"":46.94845199584961,""y"":39.348079681396484}",3.7775285
27059467156800,gimbal,2906,"{""imu_roll"":0.0,""imu_pitch"":17.488693237304688,""imu_yaw"":1.0218050479888916,""frame_roll"":0.0,""frame_pitch"":17.488693237304688,""frame_yaw"":1.0218050479888916,""pitch_speed"":0.0,""yaw_speed"":0.0}",3.7837827
27059469416700,fov,2906,"{""zoom"":12.339999198913574,""hfov"":7.293355464935303,""vfov"":4.106302738189697,""state"":0,""max_aov_h"":90.0,""max_aov_v"":58.71550750732422,""min_aov_h"":1.40625,""min_aov_v"":0.7910428047180176,""max_zoom"":64.0}",3.7860426
27059481970600,target_offset,547,"{""x_angle_offset"":0.02279173582792282,""y_angle_offset"":-0.0380213216499046}",3.7985965
27059485224500,range,1142,"{""message_type"":""GLOBAL_VISION_POSITION_ESTIMATE"",""x"":46.94845199584961,""y"":39.348079681396484}",3.8018504
27059494433300,gimbal,2907,"{""imu_roll"":0.0,""imu_pitch"":17.477800369262695,""imu_yaw"":1.0190179347991943,""frame_roll"":0.0,""frame_pitch"":17.477800369262695,""frame_yaw"":1.0190179347991943,""pitch_speed"":0.0,""yaw_speed"":0.0}",3.8110592
27059494792600,fov,2907,"{""zoom"":12.339999198913574,""hfov"":7.293355464935303,""vfov"":4.106302738189697,""state"":0,""max_aov_h"":90.0,""max_aov_v"":58.71550750732422,""min_aov_h"":1.40625,""min_aov_v"":0.7910428047180176,""max_zoom"":64.0}",3.8114185
27059507370100,position,587,"{""message_type"":""GLOBAL_POSITION_INT"",""lat"":469519928,""lon"":393489006}",3.823996
27059507648900,attitude,1175,"{""message_type"":""ATTITUDE"",""time_boot_ms"":120810,""roll"":0.042599793523550034,""pitch"":-0.059496644884347916,""yaw"":-2.9910483360290527,""rollspeed"":0.01805325597524643,""pitchspeed"":-0.02330469712615013,""yawspeed"":0.016686905175447464}",3.8242748
27059508023300,vfr,587,"{""message_type"":""VFR_HUD"",""airspeed"":28.31528091430664,""alt"":196.5}",3.8246492
27059512761600,gimbal,2908,"{""imu_roll"":0.0,""imu_pitch"":17.471561431884766,""imu_yaw"":1.014590859413147,""frame_roll"":0.0,""frame_pitch"":17.471561431884766,""frame_yaw"":1.014590859413147,""pitch_speed"":0.0,""yaw_speed"":0.0}",3.8293875
27059513317600,fov,2908,"{""zoom"":12.339999198913574,""hfov"":7.293355464935303,""vfov"":4.106302738189697,""state"":0,""max_aov_h"":90.0,""max_aov_v"":58.71550750732422,""min_aov_h"":1.40625,""min_aov_v"":0.7910428047180176,""max_zoom"":64.0}",3.8299435
27059525261300,target_offset,548,"{""x_angle_offset"":0.02279173582792282,""y_angle_offset"":-0.0380213216499046}",3.8418872
27059540729400,gimbal,2909,"{""imu_roll"":0.0,""imu_pitch"":17.460250854492188,""imu_yaw"":1.0155508518218994,""frame_roll"":0.0,""frame_pitch"":17.460250854492188,""frame_yaw"":1.0155508518218994,""pitch_speed"":0.0,""yaw_speed"":0.0}",3.8573553
27059541534500,fov,2909,"{""zoom"":12.339999198913574,""hfov"":7.293355464935303,""vfov"":4.106302738189697,""state"":0,""max_aov_h"":90.0,""max_aov_v"":58.71550750732422,""min_aov_h"":1.40625,""min_aov_v"":0.7910428047180176,""max_zoom"":64.0}",3.8581604
27059549230200,target_offset,549,"{""x_angle_offset"":0.04558347165584564,""y_angle_offset"":-0.030417057319923682}",3.8658561
27059561665300,gimbal,2910,"{""imu_roll"":0.0,""imu_pitch"":17.451154708862305,""imu_yaw"":1.0207648277282715,""frame_roll"":0.0,""frame_pitch"":17.451154708862305,""frame_yaw"":1.0207648277282715,""pitch_speed"":0.0,""yaw_speed"":0.0}",3.8782912
27059562014000,fov,2910,"{""zoom"":12.339999198913574,""hfov"":7.293355464935303,""vfov"":4.106302738189697,""state"":0,""max_aov_h"":90.0,""max_aov_v"":58.71550750732422,""min_aov_h"":1.40625,""min_aov_v"":0.7910428047180176,""max_zoom"":64.0}",3.8786399
27059579669700,gimbal,2911,"{""imu_roll"":0.0,""imu_pitch"":17.446352005004883,""imu_yaw"":1.02066969871521,""frame_roll"":0.0,""frame_pitch"":17.446352005004883,""frame_yaw"":1.02066969871521,""pitch_speed"":0.0,""yaw_speed"":0.0}",3.8962956
27059579951800,fov,2911,"{""zoom"":12.339999198913574,""hfov"":7.293355464935303,""vfov"":4.106302738189697,""state"":0,""max_aov_h"":90.0,""max_aov_v"":58.71550750732422,""min_aov_h"":1.40625,""min_aov_v"":0.7910428047180176,""max_zoom"":64.0}",3.8965777
27059586495800,attitude,1176,"{""message_type"":""ATTITUDE"",""time_boot_ms"":120870,""roll"":0.04389866068959236,""pitch"":-0.06070108711719513,""yaw"":-2.9902215003967285,""rollspeed"":0.019283216446638107,""pitchspeed"":-0.022817231714725494,""yawspeed"":0.01577858254313469}",3.9031217
27059592641600,target_offset,550,"{""x_angle_offset"":0.04558347165584564,""y_angle_offset"":-0.02281279298994276}",3.9092675
27059605094400,gimbal,2912,"{""imu_roll"":0.0,""imu_pitch"":17.435470581054688,""imu_yaw"":1.0235651731491089,""frame_roll"":0.0,""frame_pitch"":17.435470581054688,""frame_yaw"":1.0235651731491089,""pitch_speed"":0.0,""yaw_speed"":0.0}",3.9217203
27059605496400,fov,2912,"{""zoom"":12.339999198913574,""hfov"":7.293355464935303,""vfov"":4.106302738189697,""state"":0,""max_aov_h"":90.0,""max_aov_v"":58.71550750732422,""min_aov_h"":1.40625,""min_aov_v"":0.7910428047180176,""max_zoom"":64.0}",3.9221223
27059616054600,range,1143,"{""message_type"":""GLOBAL_VISION_POSITION_ESTIMATE"",""x"":46.948387145996094,""y"":39.34807205200195}",3.9326805
27059624574700,range,1144,"{""message_type"":""GLOBAL_VISION_POSITION_ESTIMATE"",""x"":46.948387145996094,""y"":39.34807205200195}",3.9412006
27059624871200,position,588,"{""message_type"":""GLOBAL_POSITION_INT"",""lat"":469519928,""lon"":393489006}",3.9414971
27059625101400,attitude,1177,"{""message_type"":""ATTITUDE"",""time_boot_ms"":120910,""roll"":0.04480288177728653,""pitch"":-0.061494775116443634,""yaw"":-2.9897046089172363,""rollspeed"":0.020097676664590836,""pitchspeed"":-0.022848166525363922,""yawspeed"":0.01521686278283596}",3.9417273
27059626207300,vfr,588,"{""message_type"":""VFR_HUD"",""airspeed"":28.476177215576172,""alt"":196.08999633789062}",3.9428332
27059628289300,gimbal,2913,"{""imu_roll"":0.0,""imu_pitch"":17.428638458251953,""imu_yaw"":1.0213392972946167,""frame_roll"":0.0,""frame_pitch"":17.428638458251953,""frame_yaw"":1.0213392972946167,""pitch_speed"":0.0,""yaw_speed"":0.0}",3.9449152
27059628664600,fov,2913,"{""zoom"":12.339999198913574,""hfov"":7.293355464935303,""vfov"":4.106302738189697,""state"":0,""max_aov_h"":90.0,""max_aov_v"":58.71550750732422,""min_aov_h"":1.40625,""min_aov_v"":0.7910428047180176,""max_zoom"":64.0}",3.9452905
27059636175500,target_offset,551,"{""x_angle_offset"":0.04558347165584564,""y_angle_offset"":-0.02281279298994276}",3.9528014
27059649768000,gimbal,2914,"{""imu_roll"":0.0,""imu_pitch"":17.4226016998291,""imu_yaw"":1.0250924825668335,""frame_roll"":0.0,""frame_pitch"":17.4226016998291,""frame_yaw"":1.0250924825668335,""pitch_speed"":0.0,""yaw_speed"":0.0}",3.9663939
27059650369400,fov,2914,"{""zoom"":12.339999198913574,""hfov"":7.293355464935303,""vfov"":4.106302738189697,""state"":0,""max_aov_h"":90.0,""max_aov_v"":58.71550750732422,""min_aov_h"":1.40625,""min_aov_v"":0.7910428047180176,""max_zoom"":64.0}",3.9669953
27059669031300,gimbal,2915,"{""imu_roll"":0.0,""imu_pitch"":17.418354034423828,""imu_yaw"":1.0242559909820557,""frame_roll"":0.0,""frame_pitch"":17.418354034423828,""frame_yaw"":1.0242559909820557,""pitch_speed"":0.0,""yaw_speed"":0.0}",3.9856572
27059669359900,fov,2915,"{""zoom"":12.339999198913574,""hfov"":7.293355464935303,""vfov"":4.106302738189697,""state"":0,""max_aov_h"":90.0,""max_aov_v"":58.71550750732422,""min_aov_h"":1.40625,""min_aov_v"":0.7910428047180176,""max_zoom"":64.0}",3.9859858
27059679782000,target_offset,552,"{""x_angle_offset"":0.04558347165584564,""y_angle_offset"":-0.02281279298994276}",3.9964079
27059690221800,attitude,1178,"{""message_type"":""ATTITUDE"",""time_boot_ms"":120970,""roll"":0.04616551473736763,""pitch"":-0.06274744868278503,""yaw"":-2.988983392715454,""rollspeed"":0.019977284595370293,""pitchspeed"":-0.02445220947265625,""yawspeed"":0.014233145862817764}",4.0068477
27059690977100,gimbal,2916,"{""imu_roll"":0.0,""imu_pitch"":17.409870147705078,""imu_yaw"":1.0278902053833008,""frame_roll"":0.0,""frame_pitch"":17.409870147705078,""frame_yaw"":1.0278902053833008,""pitch_speed"":0.0,""yaw_speed"":0.0}",4.007603
27059692722000,fov,2916,"{""zoom"":12.339999198913574,""hfov"":7.293355464935303,""vfov"":4.106302738189697,""state"":0,""max_aov_h"":90.0,""max_aov_v"":58.71550750732422,""min_aov_h"":1.40625,""min_aov_v"":0.7910428047180176,""max_zoom"":64.0}",4.0093479
27059716338900,gimbal,2917,"{""imu_roll"":0.0,""imu_pitch"":17.40372085571289,""imu_yaw"":1.0268253087997437,""frame_roll"":0.0,""frame_pitch"":17.40372085571289,""frame_yaw"":1.0268253087997437,""pitch_speed"":0.0,""yaw_speed"":0.0}",4.0329648
27059716786100,fov,2917,"{""zoom"":12.339999198913574,""hfov"":7.293355464935303,""vfov"":4.106302738189697,""state"":0,""max_aov_h"":90.0,""max_aov_v"":58.71550750732422,""min_aov_h"":1.40625,""min_aov_v"":0.7910428047180176,""max_zoom"":64.0}",4.033412
27059726128500,target_offset,553,"{""x_angle_offset"":0.04558347165584564,""y_angle_offset"":-0.02281279298994276}",4.0427544
27059736261900,vfr,589,"{""message_type"":""VFR_HUD"",""airspeed"":28.64922332763672,""alt"":195.6599884033203}",4.0528878
27059736429300,position,589,"{""message_type"":""GLOBAL_POSITION_INT"",""lat"":469519351,""lon"":393488867}",4.0530552
27059736573500,attitude,1179,"{""message_type"":""ATTITUDE"",""time_boot_ms"":121010,""roll"":0.047076016664505005,""pitch"":-0.06363990902900696,""yaw"":-2.9885411262512207,""rollspeed"":0.01992224156856537,""pitchspeed"":-0.025589250028133392,""yawspeed"":0.01352161355316639}",4.0531994
27059736982700,gimbal,2918,"{""imu_roll"":0.0,""imu_pitch"":17.398311614990234,""imu_yaw"":1.030175805091858,""frame_roll"":0.0,""frame_pitch"":17.398311614990234,""frame_yaw"":1.030175805091858,""pitch_speed"":0.0,""yaw_speed"":0.0}",4.0536086
27059737267800,fov,2918,"{""zoom"":12.339999198913574,""hfov"":7.293355464935303,""vfov"":4.106302738189697,""state"":0,""max_aov_h"":90.0,""max_aov_v"":58.71550750732422,""min_aov_h"":1.40625,""min_aov_v"":0.7910428047180176,""max_zoom"":64.0}",4.0538937
27059747398900,target_offset,554,"{""x_angle_offset"":0.053180716931819916,""y_angle_offset"":-0.02281279298994276}",4.0640248
27059760596900,gimbal,2919,"{""imu_roll"":0.0,""imu_pitch"":17.388612747192383,""imu_yaw"":1.0378459692001343,""frame_roll"":0.0,""frame_pitch"":17.388612747192383,""frame_yaw"":1.0378459692001343,""pitch_speed"":0.0,""yaw_speed"":0.0}",4.0772228
27059761739900,fov,2919,"{""zoom"":12.339999198913574,""hfov"":7.293355464935303,""vfov"":4.106302738189697,""state"":0,""max_aov_h"":90.0,""max_aov_v"":58.71550750732422,""min_aov_h"":1.40625,""min_aov_v"":0.7910428047180176,""max_zoom"":64.0}",4.0783658
27059778350800,gimbal,2920,"{""imu_roll"":0.0,""imu_pitch"":17.383007049560547,""imu_yaw"":1.039928674697876,""frame_roll"":0.0,""frame_pitch"":17.383007049560547,""frame_yaw"":1.039928674697876,""pitch_speed"":0.0,""yaw_speed"":0.0}",4.0949767
27059778970000,fov,2920,"{""zoom"":12.339999198913574,""hfov"":7.293355464935303,""vfov"":4.106302738189697,""state"":0,""max_aov_h"":90.0,""max_aov_v"":58.71550750732422,""min_aov_h"":1.40625,""min_aov_v"":0.7910428047180176,""max_zoom"":64.0}",4.0955959
27059786350000,range,1145,"{""message_type"":""GLOBAL_VISION_POSITION_ESTIMATE"",""x"":46.948326110839844,""y"":39.34805679321289}",4.1029759
27059791683100,target_offset,555,"{""x_angle_offset"":0.053180716931819916,""y_angle_offset"":-0.030417057319923682}",4.108309
27059801155800,gimbal,2921,"{""imu_roll"":0.0,""imu_pitch"":17.37249183654785,""imu_yaw"":1.044658899307251,""frame_roll"":0.0,""frame_pitch"":17.37249183654785,""frame_yaw"":1.044658899307251,""pitch_speed"":0.0,""yaw_speed"":0.0}",4.1177817
27059801668800,fov,2921,"{""zoom"":12.339999198913574,""hfov"":7.293355464935303,""vfov"":4.106302738189697,""state"":0,""max_aov_h"":90.0,""max_aov_v"":58.71550750732422,""min_aov_h"":1.40625,""min_aov_v"":0.7910428047180176,""max_zoom"":64.0}",4.1182947
27059802873000,range,1146,"{""message_type"":""GLOBAL_VISION_POSITION_ESTIMATE"",""x"":46.948326110839844,""y"":39.34805679321289}",4.1194989
27059803045700,attitude,1180,"{""message_type"":""ATTITUDE"",""time_boot_ms"":121070,""roll"":0.04820007458329201,""pitch"":-0.06483644992113113,""yaw"":-2.987928628921509,""rollspeed"":0.018473001196980476,""pitchspeed"":-0.027286306023597717,""yawspeed"":0.01245635375380516}",4.1196716
27059820984800,gimbal,2922,"{""imu_roll"":0.0,""imu_pitch"":17.365676879882812,""imu_yaw"":1.0454813241958618,""frame_roll"":0.0,""frame_pitch"":17.365676879882812,""frame_yaw"":1.0454813241958618,""pitch_speed"":0.0,""yaw_speed"":0.0}",4.1376107
27059821373500,fov,2922,"{""zoom"":12.339999198913574,""hfov"":7.293355464935303,""vfov"":4.106302738189697,""state"":0,""max_aov_h"":90.0,""max_aov_v"":58.71550750732422,""min_aov_h"":1.40625,""min_aov_v"":0.7910428047180176,""max_zoom"":64.0}",4.1379994
27059832705000,target_offset,556,"{""x_angle_offset"":0.053180716931819916,""y_angle_offset"":-0.030417057319923682}",4.1493309
27059841282100,gimbal,2923,"{""imu_roll"":0.0,""imu_pitch"":17.354684829711914,""imu_yaw"":1.054077386856079,""frame_roll"":0.0,""frame_pitch"":17.354684829711914,""frame_yaw"":1.054077386856079,""pitch_speed"":0.0,""yaw_speed"":0.0}",4.157908
27059841590800,fov,2923,"{""zoom"":12.339999198913574,""hfov"":7.293355464935303,""vfov"":4.106302738189697,""state"":0,""max_aov_h"":90.0,""max_aov_v"":58.71550750732422,""min_aov_h"":1.40625,""min_aov_v"":0.7910428047180176,""max_zoom"":64.0}",4.1582167
27059844829800,vfr,590,"{""message_type"":""VFR_HUD"",""airspeed"":28.830307006835938,""alt"":195.22999572753906}",4.1614557
27059844985200,position,590,"{""message_type"":""GLOBAL_POSITION_INT"",""lat"":469519351,""lon"":393488867}",4.1616111
27059845152600,attitude,1181,"{""message_type"":""ATTITUDE"",""time_boot_ms"":121110,""roll"":0.04888232424855232,""pitch"":-0.06569142639636993,""yaw"":-2.987562656402588,""rollspeed"":0.01683535985648632,""pitchspeed"":-0.0284697487950325,""yawspeed"":0.01163104735314846}",4.1617785
27059865869500,gimbal,2924,"{""imu_roll"":0.0,""imu_pitch"":17.345821380615234,""imu_yaw"":1.0582218170166016,""frame_roll"":0.0,""frame_pitch"":17.345821380615234,""frame_yaw"":1.0582218170166016,""pitch_speed"":0.0,""yaw_speed"":0.0}",4.1824954
27059866307500,fov,2924,"{""zoom"":12.339999198913574,""hfov"":7.293355464935303,""vfov"":4.106302738189697,""state"":0,""max_aov_h"":90.0,""max_aov_v"":58.71550750732422,""min_aov_h"":1.40625,""min_aov_v"":0.7910428047180176,""max_zoom"":64.0}",4.1829334
27059872720100,target_offset,557,"{""x_angle_offset"":0.053180716931819916,""y_angle_offset"":-0.0380213216499046}",4.189346
27059887623200,gimbal,2925,"{""imu_roll"":0.0,""imu_pitch"":17.33313751220703,""imu_yaw"":1.0645841360092163,""frame_roll"":0.0,""frame_pitch"":17.33313751220703,""frame_yaw"":1.0645841360092163,""pitch_speed"":0.0,""yaw_speed"":0.0}",4.2042491
27059888453500,fov,2925,"{""zoom"":12.339999198913574,""hfov"":7.293355464935303,""vfov"":4.106302738189697,""state"":0,""max_aov_h"":90.0,""max_aov_v"":58.71550750732422,""min_aov_h"":1.40625,""min_aov_v"":0.7910428047180176,""max_zoom"":64.0}",4.2050794
27059904909800,attitude,1182,"{""message_type"":""ATTITUDE"",""time_boot_ms"":121170,""roll"":0.04984383285045624,""pitch"":-0.06706348806619644,""yaw"":-2.9870660305023193,""rollspeed"":0.015853149816393852,""pitchspeed"":-0.0303305983543396,""yawspeed"":0.010665697045624256}",4.2215357
27059911545900,gimbal,2926,"{""imu_roll"":0.0,""imu_pitch"":17.32472801208496,""imu_yaw"":1.0660940408706665,""frame_roll"":0.0,""frame_pitch"":17.32472801208496,""frame_yaw"":1.0660940408706665,""pitch_speed"":0.0,""yaw_speed"":0.0}",4.2281718
27059911955600,fov,2926,"{""zoom"":12.339999198913574,""hfov"":7.293355464935303,""vfov"":4.106302738189697,""state"":0,""max_aov_h"":90.0,""max_aov_v"":58.71550750732422,""min_aov_h"":1.40625,""min_aov_v"":0.7910428047180176,""max_zoom"":64.0}",4.2285815
27059918909600,target_offset,558,"{""x_angle_offset"":0.06077796220779419,""y_angle_offset"":-0.060834114639847364}",4.2355355
27059928033800,gimbal,2927,"{""imu_roll"":0.0,""imu_pitch"":17.308752059936523,""imu_yaw"":1.0754759311676025,""frame_roll"":0.0,""frame_pitch"":17.308752059936523,""frame_yaw"":1.0754759311676025,""pitch_speed"":0.0,""yaw_speed"":0.0}",4.2446597
27059928640900,fov,2927,"{""zoom"":12.339999198913574,""hfov"":7.293355464935303,""vfov"":4.106302738189697,""state"":0,""max_aov_h"":90.0,""max_aov_v"":58.71550750732422,""min_aov_h"":1.40625,""min_aov_v"":0.7910428047180176,""max_zoom"":64.0}",4.2452668
27059938493400,range,1147,"{""message_type"":""GLOBAL_VISION_POSITION_ESTIMATE"",""x"":46.948326110839844,""y"":39.348045349121094}",4.2551193
27059947069100,position,591,"{""message_type"":""GLOBAL_POSITION_INT"",""lat"":469519351,""lon"":393488867}",4.263695
27059947329200,attitude,1183,"{""message_type"":""ATTITUDE"",""time_boot_ms"":121210,""roll"":0.050433140248060226,""pitch"":-0.06803173571825027,""yaw"":-2.98677396774292,""rollspeed"":0.014491318725049496,""pitchspeed"":-0.03135526552796364,""yawspeed"":0.009927580133080482}",4.2639551
27059947946400,range,1148,"{""message_type"":""GLOBAL_VISION_POSITION_ESTIMATE"",""x"":46.948326110839844,""y"":39.348045349121094}",4.2645723
27059948128300,vfr,591,"{""message_type"":""VFR_HUD"",""airspeed"":29.016456604003906,""alt"":194.7899932861328}",4.2647542
27059952683400,gimbal,2928,"{""imu_roll"":0.0,""imu_pitch"":17.29598617553711,""imu_yaw"":1.080417513847351,""frame_roll"":0.0,""frame_pitch"":17.29598617553711,""frame_yaw"":1.080417513847351,""pitch_speed"":0.0,""yaw_speed"":0.0}",4.2693093
27059953104600,fov,2928,"{""zoom"":12.339999198913574,""hfov"":7.293355464935303,""vfov"":4.106302738189697,""state"":0,""max_aov_h"":90.0,""max_aov_v"":58.71550750732422,""min_aov_h"":1.40625,""min_aov_v"":0.7910428047180176,""max_zoom"":64.0}",4.2697305
27059960910200,target_offset,559,"{""x_angle_offset"":0.06077796220779419,""y_angle_offset"":-0.060834114639847364}",4.2775361
27059970730900,gimbal,2929,"{""imu_roll"":0.0,""imu_pitch"":17.28110694885254,""imu_yaw"":1.0871049165725708,""frame_roll"":0.0,""frame_pitch"":17.28110694885254,""frame_yaw"":1.0871049165725708,""pitch_speed"":0.0,""yaw_speed"":0.0}",4.2873568
27059971240400,fov,2929,"{""zoom"":12.339999198913574,""hfov"":7.293355464935303,""vfov"":4.106302738189697,""state"":0,""max_aov_h"":90.0,""max_aov_v"":58.71550750732422,""min_aov_h"":1.40625,""min_aov_v"":0.7910428047180176,""max_zoom"":64.0}",4.2878663
27059996151800,gimbal,2930,"{""imu_roll"":0.0,""imu_pitch"":17.27019500732422,""imu_yaw"":1.0900400876998901,""frame_roll"":0.0,""frame_pitch"":17.27019500732422,""frame_yaw"":1.0900400876998901,""pitch_speed"":0.0,""yaw_speed"":0.0}",4.3127777
27059996668500,fov,2930,"{""zoom"":12.339999198913574,""hfov"":7.293355464935303,""vfov"":4.106302738189697,""state"":0,""max_aov_h"":90.0,""max_aov_v"":58.71550750732422,""min_aov_h"":1.40625,""min_aov_v"":0.7910428047180176,""max_zoom"":64.0}",4.3132944
27060005440900,target_offset,560,"{""x_angle_offset"":0.06077796220779419,""y_angle_offset"":-0.08364690762979013}",4.3220668
27060018309300,gimbal,2931,"{""imu_roll"":0.0,""imu_pitch"":17.246984481811523,""imu_yaw"":1.1017807722091675,""frame_roll"":0.0,""frame_pitch"":17.246984481811523,""frame_yaw"":1.1017807722091675,""pitch_speed"":0.0,""yaw_speed"":0.0}",4.3349352
27060018904300,fov,2931,"{""zoom"":12.339999198913574,""hfov"":7.293355464935303,""vfov"":4.106302738189697,""state"":0,""max_aov_h"":90.0,""max_aov_v"":58.71550750732422,""min_aov_h"":1.40625,""min_aov_v"":0.7910428047180176,""max_zoom"":64.0}",4.3355302
27060025682900,attitude,1184,"{""message_type"":""ATTITUDE"",""time_boot_ms"":121270,""roll"":0.05113261565566063,""pitch"":-0.06971335411071777,""yaw"":-2.9863836765289307,""rollspeed"":0.013660444878041744,""pitchspeed"":-0.03335634618997574,""yawspeed"":0.008862670511007309}",4.3423088
27060029590200,target_offset,561,"{""x_angle_offset"":0.06077796220779419,""y_angle_offset"":-0.08364690762979013}",4.3462161
27060040662100,gimbal,2932,"{""imu_roll"":0.0,""imu_pitch"":17.226625442504883,""imu_yaw"":1.1092779636383057,""frame_roll"":0.0,""frame_pitch"":17.226625442504883,""frame_yaw"":1.1092779636383057,""pitch_speed"":0.0,""yaw_speed"":0.0}",4.357288
27060041436200,fov,2932,"{""zoom"":12.339999198913574,""hfov"":7.293355464935303,""vfov"":4.106302738189697,""state"":0,""max_aov_h"":90.0,""max_aov_v"":58.71550750732422,""min_aov_h"":1.40625,""min_aov_v"":0.7910428047180176,""max_zoom"":64.0}",4.3580621
27060065605400,gimbal,2933,"{""imu_roll"":0.0,""imu_pitch"":17.21153450012207,""imu_yaw"":1.1126399040222168,""frame_roll"":0.0,""frame_pitch"":17.21153450012207,""frame_yaw"":1.1126399040222168,""pitch_speed"":0.0,""yaw_speed"":0.0}",4.3822313
27060065891600,fov,2933,"{""zoom"":12.339999198913574,""hfov"":7.293355464935303,""vfov"":4.106302738189697,""state"":0,""max_aov_h"":90.0,""max_aov_v"":58.71550750732422,""min_aov_h"":1.40625,""min_aov_v"":0.7910428047180176,""max_zoom"":64.0}",4.3825175
27060069961900,position,592,"{""message_type"":""GLOBAL_POSITION_INT"",""lat"":469518763,""lon"":393488728}",4.3865878
27060070247300,attitude,1185,"{""message_type"":""ATTITUDE"",""time_boot_ms"":121310,""roll"":0.05154024437069893,""pitch"":-0.07095041871070862,""yaw"":-2.986156702041626,""rollspeed"":0.013466204516589642,""pitchspeed"":-0.03463878482580185,""yawspeed"":0.008233816362917423}",4.3868732
27060070533200,vfr,592,"{""message_type"":""VFR_HUD"",""airspeed"":29.206079483032227,""alt"":194.3300018310547}",4.3871591
27060074486400,target_offset,562,"{""x_angle_offset"":0.06077796220779419,""y_angle_offset"":-0.08364690762979013}",4.3911123
27060087611800,gimbal,2934,"{""imu_roll"":0.0,""imu_pitch"":17.189878463745117,""imu_yaw"":1.1228703260421753,""frame_roll"":0.0,""frame_pitch"":17.189878463745117,""frame_yaw"":1.1228703260421753,""pitch_speed"":0.0,""yaw_speed"":0.0}",4.4042377
27060088025700,fov,2934,"{""zoom"":12.339999198913574,""hfov"":7.293355464935303,""vfov"":4.106302738189697,""state"":0,""max_aov_h"":90.0,""max_aov_v"":58.71550750732422,""min_aov_h"":1.40625,""min_aov_v"":0.7910428047180176,""max_zoom"":64.0}",4.4046516
27060094263400,range,1149,"{""message_type"":""GLOBAL_VISION_POSITION_ESTIMATE"",""x"":46.948280334472656,""y"":39.348026275634766}",4.4108893
27060107433200,gimbal,2935,"{""imu_roll"":0.0,""imu_pitch"":17.176469802856445,""imu_yaw"":1.1281341314315796,""frame_roll"":0.0,""frame_pitch"":17.176469802856445,""frame_yaw"":1.1281341314315796,""pitch_speed"":0.0,""yaw_speed"":0.0}",4.4240591
27060107804900,fov,2935,"{""zoom"":12.339999198913574,""hfov"":7.293355464935303,""vfov"":4.106302738189697,""state"":0,""max_aov_h"":90.0,""max_aov_v"":58.71550750732422,""min_aov_h"":1.40625,""min_aov_v"":0.7910428047180176,""max_zoom"":64.0}",4.4244308
27060116157000,range,1150,"{""message_type"":""GLOBAL_VISION_POSITION_ESTIMATE"",""x"":46.948280334472656,""y"":39.348026275634766}",4.4327829
27060118330800,target_offset,563,"{""x_angle_offset"":0.06077796220779419,""y_angle_offset"":-0.08364690762979013}",4.4349567
27060129727700,gimbal,2936,"{""imu_roll"":0.0,""imu_pitch"":17.1519775390625,""imu_yaw"":1.1401748657226562,""frame_roll"":0.0,""frame_pitch"":17.1519775390625,""frame_yaw"":1.1401748657226562,""pitch_speed"":0.0,""yaw_speed"":0.0}",4.4463536
27060130058200,fov,2936,"{""zoom"":12.339999198913574,""hfov"":7.293355464935303,""vfov"":4.106302738189697,""state"":0,""max_aov_h"":90.0,""max_aov_v"":58.71550750732422,""min_aov_h"":1.40625,""min_aov_v"":0.7910428047180176,""max_zoom"":64.0}",4.4466841
27060137955100,attitude,1186,"{""message_type"":""ATTITUDE"",""time_boot_ms"":121370,""roll"":0.052110455930233,""pitch"":-0.07288001477718353,""yaw"":-2.9858670234680176,""rollspeed"":0.012455972842872143,""pitchspeed"":-0.03635014221072197,""yawspeed"":0.007207607850432396}",4.454581
27060149409200,gimbal,2937,"{""imu_roll"":0.0,""imu_pitch"":17.13619041442871,""imu_yaw"":1.1467167139053345,""frame_roll"":0.0,""frame_pitch"":17.13619041442871,""frame_yaw"":1.1467167139053345,""pitch_speed"":0.0,""yaw_speed"":0.0}",4.4660351
27060149916000,fov,2937,"{""zoom"":12.339999198913574,""hfov"":7.293355464935303,""vfov"":4.106302738189697,""state"":0,""max_aov_h"":90.0,""max_aov_v"":58.71550750732422,""min_aov_h"":1.40625,""min_aov_v"":0.7910428047180176,""max_zoom"":64.0}",4.4665419
27060162131400,target_offset,564,"{""x_angle_offset"":0.06837520748376846,""y_angle_offset"":-0.09125117195977105}",4.4787573
27060173375200,gimbal,2938,"{""imu_roll"":0.0,""imu_pitch"":17.109243392944336,""imu_yaw"":1.1605579853057861,""frame_roll"":0.0,""frame_pitch"":17.109243392944336,""frame_yaw"":1.1605579853057861,""pitch_speed"":0.0,""yaw_speed"":0.0}",4.4900011
27060173956800,fov,2938,"{""zoom"":12.339999198913574,""hfov"":7.293355464935303,""vfov"":4.106302738189697,""state"":0,""max_aov_h"":90.0,""max_aov_v"":58.71550750732422,""min_aov_h"":1.40625,""min_aov_v"":0.7910428047180176,""max_zoom"":64.0}",4.4905827
27060185225700,vfr,593,"{""message_type"":""VFR_HUD"",""airspeed"":29.39748764038086,""alt"":193.8699951171875}",4.5018516
27060185371200,position,593,"{""message_type"":""GLOBAL_POSITION_INT"",""lat"":469518763,""lon"":393488728}",4.5019971
27060185483100,attitude,1187,"{""message_type"":""ATTITUDE"",""time_boot_ms"":121410,""roll"":0.052467066794633865,""pitch"":-0.07423575967550278,""yaw"":-2.985708475112915,""rollspeed"":0.012136495672166348,""pitchspeed"":-0.0376778170466423,""yawspeed"":0.006564658135175705}",4.502109
27060195982300,gimbal,2939,"{""imu_roll"":0.0,""imu_pitch"":17.09282875061035,""imu_yaw"":1.1678718328475952,""frame_roll"":0.0,""frame_pitch"":17.09282875061035,""frame_yaw"":1.1678718328475952,""pitch_speed"":0.0,""yaw_speed"":0.0}",4.5126082
27060196750600,fov,2939,"{""zoom"":12.339999198913574,""hfov"":7.293355464935303,""vfov"":4.106302738189697,""state"":0,""max_aov_h"":90.0,""max_aov_v"":58.71550750732422,""min_aov_h"":1.40625,""min_aov_v"":0.7910428047180176,""max_zoom"":64.0}",4.5133765
27060207324000,target_offset,565,"{""x_angle_offset"":0.06837520748376846,""y_angle_offset"":-0.09125117195977105}",4.5239499
27060222450000,gimbal,2940,"{""imu_roll"":0.0,""imu_pitch"":17.064849853515625,""imu_yaw"":1.1829392910003662,""frame_roll"":0.0,""frame_pitch"":17.064849853515625,""frame_yaw"":1.1829392910003662,""pitch_speed"":0.0,""yaw_speed"":0.0}",4.5390759
27060222830800,fov,2940,"{""zoom"":12.339999198913574,""hfov"":7.293355464935303,""vfov"":4.106302738189697,""state"":0,""max_aov_h"":90.0,""max_aov_v"":58.71550750732422,""min_aov_h"":1.40625,""min_aov_v"":0.7910428047180176,""max_zoom"":64.0}",4.5394567
27060231020600,target_offset,566,"{""x_angle_offset"":0.06837520748376846,""y_angle_offset"":-0.09125117195977105}",4.5476465
27060242214100,gimbal,2941,"{""imu_roll"":0.0,""imu_pitch"":17.041622161865234,""imu_yaw"":1.1926405429840088,""frame_roll"":0.0,""frame_pitch"":17.041622161865234,""frame_yaw"":1.1926405429840088,""pitch_speed"":0.0,""yaw_speed"":0.0}",4.55884
27060243040700,fov,2941,"{""zoom"":12.339999198913574,""hfov"":7.293355464935303,""vfov"":4.106302738189697,""state"":0,""max_aov_h"":90.0,""max_aov_v"":58.71550750732422,""min_aov_h"":1.40625,""min_aov_v"":0.7910428047180176,""max_zoom"":64.0}",4.5596666
27060265214200,gimbal,2942,"{""imu_roll"":0.0,""imu_pitch"":17.02557373046875,""imu_yaw"":1.1982673406600952,""frame_roll"":0.0,""frame_pitch"":17.02557373046875,""frame_yaw"":1.1982673406600952,""pitch_speed"":0.0,""yaw_speed"":0.0}",4.5818401
27060265614300,range,1151,"{""message_type"":""GLOBAL_VISION_POSITION_ESTIMATE"",""x"":46.948280334472656,""y"":39.3480110168457}",4.5822402
27060265828900,fov,2942,"{""zoom"":12.339999198913574,""hfov"":7.293355464935303,""vfov"":4.106302738189697,""state"":0,""max_aov_h"":90.0,""max_aov_v"":58.71550750732422,""min_aov_h"":1.40625,""min_aov_v"":0.7910428047180176,""max_zoom"":64.0}",4.5824548
27060268598700,range,1152,"{""message_type"":""GLOBAL_VISION_POSITION_ESTIMATE"",""x"":46.948280334472656,""y"":39.3480110168457}",4.5852246
27060268871900,attitude,1188,"{""message_type"":""ATTITUDE"",""time_boot_ms"":121470,""roll"":0.05290237441658974,""pitch"":-0.07675626128911972,""yaw"":-2.9855117797851562,""rollspeed"":0.011004135943949223,""pitchspeed"":-0.03892151638865471,""yawspeed"":0.005665619857609272}",4.5854978
27060274603200,target_offset,567,"{""x_angle_offset"":0.06837520748376846,""y_angle_offset"":-0.09125117195977105}",4.5912291
27060286658100,gimbal,2943,"{""imu_roll"":0.0,""imu_pitch"":17.00040054321289,""imu_yaw"":1.2100375890731812,""frame_roll"":0.0,""frame_pitch"":17.00040054321289,""frame_yaw"":1.2100375890731812,""pitch_speed"":0.0,""yaw_speed"":0.0}",4.603284
27060286995500,fov,2943,"{""zoom"":12.339999198913574,""hfov"":7.293355464935303,""vfov"":4.106302738189697,""state"":0,""max_aov_h"":90.0,""max_aov_v"":58.71550750732422,""min_aov_h"":1.40625,""min_aov_v"":0.7910428047180176,""max_zoom"":64.0}",4.6036214
27060310766400,gimbal,2944,"{""imu_roll"":0.0,""imu_pitch"":16.98410415649414,""imu_yaw"":1.2167384624481201,""frame_roll"":0.0,""frame_pitch"":16.98410415649414,""frame_yaw"":1.2167384624481201,""pitch_speed"":0.0,""yaw_speed"":0.0}",4.6273923
27060311215700,fov,2944,"{""zoom"":12.339999198913574,""hfov"":7.293355464935303,""vfov"":4.106302738189697,""state"":0,""max_aov_h"":90.0,""max_aov_v"":58.71550750732422,""min_aov_h"":1.40625,""min_aov_v"":0.7910428047180176,""max_zoom"":64.0}",4.6278416
27060313267700,vfr,594,"{""message_type"":""VFR_HUD"",""airspeed"":29.589750289916992,""alt"":193.4099884033203}",4.6298936
27060313506600,position,594,"{""message_type"":""GLOBAL_POSITION_INT"",""lat"":469518153,""lon"":393488584}",4.6301325
27060313671800,attitude,1189,"{""message_type"":""ATTITUDE"",""time_boot_ms"":121510,""roll"":0.05310680344700813,""pitch"":-0.07906749844551086,""yaw"":-2.985403060913086,""rollspeed"":0.011052560992538929,""pitchspeed"":-0.040577419102191925,""yawspeed"":0.005117674358189106}",4.6302977
27060318013400,target_offset,568,"{""x_angle_offset"":0.06077796220779419,""y_angle_offset"":-0.08364690762979013}",4.6346393
27060331640800,gimbal,2945,"{""imu_roll"":0.0,""imu_pitch"":16.962928771972656,""imu_yaw"":1.229727864265442,""frame_roll"":0.0,""frame_pitch"":16.962928771972656,""frame_yaw"":1.229727864265442,""pitch_speed"":0.0,""yaw_speed"":0.0}",4.6482667
27060331995100,fov,2945,"{""zoom"":12.339999198913574,""hfov"":7.293355464935303,""vfov"":4.106302738189697,""state"":0,""max_aov_h"":90.0,""max_aov_v"":58.71550750732422,""min_aov_h"":1.40625,""min_aov_v"":0.7910428047180176,""max_zoom"":64.0}",4.648621
27060350378800,gimbal,2946,"{""imu_roll"":0.0,""imu_pitch"":16.950544357299805,""imu_yaw"":1.2366713285446167,""frame_roll"":0.0,""frame_pitch"":16.950544357299805,""frame_yaw"":1.2366713285446167,""pitch_speed"":0.0,""yaw_speed"":0.0}",4.6670047
27060350681300,fov,2946,"{""zoom"":12.339999198913574,""hfov"":7.293355464935303,""vfov"":4.106302738189697,""state"":0,""max_aov_h"":90.0,""max_aov_v"":58.71550750732422,""min_aov_h"":1.40625,""min_aov_v"":0.7910428047180176,""max_zoom"":64.0}",4.6673072
27060364464100,target_offset,569,"{""x_angle_offset"":0.06077796220779419,""y_angle_offset"":-0.09125117195977105}",4.68109
27060378638700,gimbal,2947,"{""imu_roll"":0.0,""imu_pitch"":16.924772262573242,""imu_yaw"":1.2515983581542969,""frame_roll"":0.0,""frame_pitch"":16.924772262573242,""frame_yaw"":1.2515983581542969,""pitch_speed"":0.0,""yaw_speed"":0.0}",4.6952646
27060379521800,fov,2947,"{""zoom"":12.339999198913574,""hfov"":7.293355464935303,""vfov"":4.106302738189697,""state"":0,""max_aov_h"":90.0,""max_aov_v"":58.71550750732422,""min_aov_h"":1.40625,""min_aov_v"":0.7910428047180176,""max_zoom"":64.0}",4.6961477
27060391000400,target_offset,570,"{""x_angle_offset"":0.06077796220779419,""y_angle_offset"":-0.09125117195977105}",4.7076263
27060395760500,attitude,1190,"{""message_type"":""ATTITUDE"",""time_boot_ms"":121570,""roll"":0.053435489535331726,""pitch"":-0.08261415362358093,""yaw"":-2.9852757453918457,""rollspeed"":0.011355825699865818,""pitchspeed"":-0.04185750335454941,""yawspeed"":0.004399691708385944}",4.7123864
27060404923900,gimbal,2948,"{""imu_roll"":0.0,""imu_pitch"":16.898193359375,""imu_yaw"":1.263205885887146,""frame_roll"":0.0,""frame_pitch"":16.898193359375,""frame_yaw"":1.263205885887146,""pitch_speed"":0.0,""yaw_speed"":0.0}",4.7215498
27060405304800,fov,2948,"{""zoom"":12.339999198913574,""hfov"":7.293355464935303,""vfov"":4.106302738189697,""state"":0,""max_aov_h"":90.0,""max_aov_v"":58.71550750732422,""min_aov_h"":1.40625,""min_aov_v"":0.7910428047180176,""max_zoom"":64.0}",4.7219307
27060420586900,range,1153,"{""message_type"":""GLOBAL_VISION_POSITION_ESTIMATE"",""x"":46.94821548461914,""y"":39.34798812866211}",4.7372128
27060431858100,gimbal,2949,"{""imu_roll"":0.0,""imu_pitch"":16.882421493530273,""imu_yaw"":1.269258737564087,""frame_roll"":0.0,""frame_pitch"":16.882421493530273,""frame_yaw"":1.269258737564087,""pitch_speed"":0.0,""yaw_speed"":0.0}",4.748484
27060432303200,fov,2949,"{""zoom"":12.339999198913574,""hfov"":7.293355464935303,""vfov"":4.106302738189697,""state"":0,""max_aov_h"":90.0,""max_aov_v"":58.71550750732422,""min_aov_h"":1.40625,""min_aov_v"":0.7910428047180176,""max_zoom"":64.0}",4.7489291
27060434305500,range,1154,"{""message_type"":""GLOBAL_VISION_POSITION_ESTIMATE"",""x"":46.94821548461914,""y"":39.34798812866211}",4.7509314
27060434529300,vfr,595,"{""message_type"":""VFR_HUD"",""airspeed"":29.782339096069336,""alt"":192.92999267578125}",4.7511552
27060434721300,attitude,1191,"{""message_type"":""ATTITUDE"",""time_boot_ms"":121610,""roll"":0.05365097522735596,""pitch"":-0.08499716222286224,""yaw"":-2.985210418701172,""rollspeed"":0.011334161274135113,""pitchspeed"":-0.041989684104919434,""yawspeed"":0.003987322561442852}",4.7513472
27060435095700,position,595,"{""message_type"":""GLOBAL_POSITION_INT"",""lat"":469518153,""lon"":393488584}",4.7517216
27060436922500,target_offset,571,"{""x_angle_offset"":0.06077796220779419,""y_angle_offset"":-0.09885543628975196}",4.7535484
27060450511900,gimbal,2950,"{""imu_roll"":0.0,""imu_pitch"":16.85819435119629,""imu_yaw"":1.2787960767745972,""frame_roll"":0.0,""frame_pitch"":16.85819435119629,""frame_yaw"":1.2787960767745972,""pitch_speed"":0.0,""yaw_speed"":0.0}",4.7671378
27060450857200,fov,2950,"{""zoom"":12.339999198913574,""hfov"":7.293355464935303,""vfov"":4.106302738189697,""state"":0,""max_aov_h"":90.0,""max_aov_v"":58.71550750732422,""min_aov_h"":1.40625,""min_aov_v"":0.7910428047180176,""max_zoom"":64.0}",4.7674831
27060471182300,gimbal,2951,"{""imu_roll"":0.0,""imu_pitch"":16.839324951171875,""imu_yaw"":1.2856675386428833,""frame_roll"":0.0,""frame_pitch"":16.839324951171875,""frame_yaw"":1.2856675386428833,""pitch_speed"":0.0,""yaw_speed"":0.0}",4.7878082
27060471765800,fov,2951,"{""zoom"":12.339999198913574,""hfov"":7.293355464935303,""vfov"":4.106302738189697,""state"":0,""max_aov_h"":90.0,""max_aov_v"":58.71550750732422,""min_aov_h"":1.40625,""min_aov_v"":0.7910428047180176,""max_zoom"":64.0}",4.7883917
27060480827100,target_offset,572,"{""x_angle_offset"":0.06077796220779419,""y_angle_offset"":-0.12166822927969473}",4.797453
27060490042500,gimbal,2952,"{""imu_roll"":0.0,""imu_pitch"":16.80929183959961,""imu_yaw"":1.2969012260437012,""frame_roll"":0.0,""frame_pitch"":16.80929183959961,""frame_yaw"":1.2969012260437012,""pitch_speed"":0.0,""yaw_speed"":0.0}",4.8066684
27060491549500,fov,2952,"{""zoom"":12.339999198913574,""hfov"":7.293355464935303,""vfov"":4.106302738189697,""state"":0,""max_aov_h"":90.0,""max_aov_v"":58.71550750732422,""min_aov_h"":1.40625,""min_aov_v"":0.7910428047180176,""max_zoom"":64.0}",4.8081754
27060494842600,attitude,1192,"{""message_type"":""ATTITUDE"",""time_boot_ms"":121670,""roll"":0.054011270403862,""pitch"":-0.08856214582920074,""yaw"":-2.985133409500122,""rollspeed"":0.01201965194195509,""pitchspeed"":-0.04189637303352356,""yawspeed"":0.003516700118780136}",4.8114685
27060515565400,gimbal,2953,"{""imu_roll"":0.0,""imu_pitch"":16.78618049621582,""imu_yaw"":1.3049753904342651,""frame_roll"":0.0,""frame_pitch"":16.78618049621582,""frame_yaw"":1.3049753904342651,""pitch_speed"":0.0,""yaw_speed"":0.0}",4.8321913
27060515971800,fov,2953,"{""zoom"":12.339999198913574,""hfov"":7.293355464935303,""vfov"":4.106302738189697,""state"":0,""max_aov_h"":90.0,""max_aov_v"":58.71550750732422,""min_aov_h"":1.40625,""min_aov_v"":0.7910428047180176,""max_zoom"":64.0}",4.8325977
27060524237400,target_offset,573,"{""x_angle_offset"":0.06837520748376846,""y_angle_offset"":-0.1444810222696375}",4.8408633
27060536069400,gimbal,2954,"{""imu_roll"":0.0,""imu_pitch"":16.749366760253906,""imu_yaw"":1.3182364702224731,""frame_roll"":0.0,""frame_pitch"":16.749366760253906,""frame_yaw"":1.3182364702224731,""pitch_speed"":0.0,""yaw_speed"":0.0}",4.8526953
27060538090600,fov,2954,"{""zoom"":12.339999198913574,""hfov"":7.293355464935303,""vfov"":4.106302738189697,""state"":0,""max_aov_h"":90.0,""max_aov_v"":58.71550750732422,""min_aov_h"":1.40625,""min_aov_v"":0.7910428047180176,""max_zoom"":64.0}",4.8547165
27060543510100,vfr,596,"{""message_type"":""VFR_HUD"",""airspeed"":29.974668502807617,""alt"":192.44000244140625}",4.860136
27060543741700,position,596,"{""message_type"":""GLOBAL_POSITION_INT"",""lat"":469517548,""lon"":393488444}",4.8603676
27060543943000,attitude,1193,"{""message_type"":""ATTITUDE"",""time_boot_ms"":121710,""roll"":0.05420698598027229,""pitch"":-0.0902891680598259,""yaw"":-2.9850804805755615,""rollspeed"":0.013114134781062603,""pitchspeed"":-0.041992831975221634,""yawspeed"":0.00327892042696476}",4.8605689
27060546319200,target_offset,574,"{""x_angle_offset"":0.09116694331169128,""y_angle_offset"":-0.1444810222696375}",4.8629451
27060557569900,gimbal,2955,"{""imu_roll"":0.0,""imu_pitch"":16.71399688720703,""imu_yaw"":1.337276577949524,""frame_roll"":0.0,""frame_pitch"":16.71399688720703,""frame_yaw"":1.337276577949524,""pitch_speed"":0.0,""yaw_speed"":0.0}",4.8741958
27060558046700,fov,2955,"{""zoom"":12.339999198913574,""hfov"":7.293355464935303,""vfov"":4.106302738189697,""state"":0,""max_aov_h"":90.0,""max_aov_v"":58.71550750732422,""min_aov_h"":1.40625,""min_aov_v"":0.7910428047180176,""max_zoom"":64.0}",4.8746726
27060575808700,range,1155,"{""message_type"":""GLOBAL_VISION_POSITION_ESTIMATE"",""x"":46.94895935058594,""y"":39.34816360473633}",4.8924346
27060579294300,gimbal,2956,"{""imu_roll"":0.0,""imu_pitch"":16.688169479370117,""imu_yaw"":1.350819706916809,""frame_roll"":0.0,""frame_pitch"":16.688169479370117,""frame_yaw"":1.350819706916809,""pitch_speed"":0.0,""yaw_speed"":0.0}",4.8959202
27060579843500,fov,2956,"{""zoom"":12.339999198913574,""hfov"":7.293355464935303,""vfov"":4.106302738189697,""state"":0,""max_aov_h"":90.0,""max_aov_v"":58.71550750732422,""min_aov_h"":1.40625,""min_aov_v"":0.7910428047180176,""max_zoom"":64.0}",4.8964694
27060589714800,target_offset,575,"{""x_angle_offset"":0.08356969803571701,""y_angle_offset"":-0.1444810222696375}",4.9063407
27060592747100,range,1156,"{""message_type"":""GLOBAL_VISION_POSITION_ESTIMATE"",""x"":46.94895935058594,""y"":39.34816360473633}",4.909373
27060603664800,gimbal,2957,"{""imu_roll"":0.0,""imu_pitch"":16.6494140625,""imu_yaw"":1.368530511856079,""frame_roll"":0.0,""frame_pitch"":16.6494140625,""frame_yaw"":1.368530511856079,""pitch_speed"":0.0,""yaw_speed"":0.0}",4.9202907
27060604110700,fov,2957,"{""zoom"":12.339999198913574,""hfov"":7.293355464935303,""vfov"":4.106302738189697,""state"":0,""max_aov_h"":90.0,""max_aov_v"":58.71550750732422,""min_aov_h"":1.40625,""min_aov_v"":0.7910428047180176,""max_zoom"":64.0}",4.9207366
27060607876100,attitude,1194,"{""message_type"":""ATTITUDE"",""time_boot_ms"":121770,""roll"":0.05455043911933899,""pitch"":-0.0928964912891388,""yaw"":-2.985011339187622,""rollspeed"":0.014010132290422916,""pitchspeed"":-0.04252593219280243,""yawspeed"":0.002994673326611519}",4.924502
27060622336300,gimbal,2958,"{""imu_roll"":0.0,""imu_pitch"":16.62466049194336,""imu_yaw"":1.37949538230896,""frame_roll"":0.0,""frame_pitch"":16.62466049194336,""frame_yaw"":1.37949538230896,""pitch_speed"":0.0,""yaw_speed"":0.0}",4.9389622
27060623419000,fov,2958,"{""zoom"":12.339999198913574,""hfov"":7.293355464935303,""vfov"":4.106302738189697,""state"":0,""max_aov_h"":90.0,""max_aov_v"":58.71550750732422,""min_aov_h"":1.40625,""min_aov_v"":0.7910428047180176,""max_zoom"":64.0}",4.9400449
27060633273200,target_offset,576,"{""x_angle_offset"":0.09116694331169128,""y_angle_offset"":-0.1444810222696375}",4.9498991
27060643541300,gimbal,2959,"{""imu_roll"":0.0,""imu_pitch"":16.59238052368164,""imu_yaw"":1.3948907852172852,""frame_roll"":0.0,""frame_pitch"":16.59238052368164,""frame_yaw"":1.3948907852172852,""pitch_speed"":0.0,""yaw_speed"":0.0}",4.9601672
27060643868600,fov,2959,"{""zoom"":12.339999198913574,""hfov"":7.293355464935303,""vfov"":4.106302738189697,""state"":0,""max_aov_h"":90.0,""max_aov_v"":58.71550750732422,""min_aov_h"":1.40625,""min_aov_v"":0.7910428047180176,""max_zoom"":64.0}",4.9604945
27060652173200,attitude,1195,"{""message_type"":""ATTITUDE"",""time_boot_ms"":121810,""roll"":0.05482026934623718,""pitch"":-0.09465022385120392,""yaw"":-2.984969139099121,""rollspeed"":0.014813852496445179,""pitchspeed"":-0.042708829045295715,""yawspeed"":0.0028597074560821056}",4.9687991
27060652505300,vfr,597,"{""message_type"":""VFR_HUD"",""airspeed"":30.166452407836914,""alt"":191.92999267578125}",4.9691312
27060653094300,position,597,"{""message_type"":""GLOBAL_POSITION_INT"",""lat"":469517548,""lon"":393488444}",4.9697202
27060666014800,gimbal,2960,"{""imu_roll"":0.0,""imu_pitch"":16.569305419921875,""imu_yaw"":1.405562162399292,""frame_roll"":0.0,""frame_pitch"":16.569305419921875,""frame_yaw"":1.405562162399292,""pitch_speed"":0.0,""yaw_speed"":0.0}",4.9826407
27060666289500,fov,2960,"{""zoom"":12.339999198913574,""hfov"":7.293355464935303,""vfov"":4.106302738189697,""state"":0,""max_aov_h"":90.0,""max_aov_v"":58.71550750732422,""min_aov_h"":1.40625,""min_aov_v"":0.7910428047180176,""max_zoom"":64.0}",4.9829154
27060674919000,target_offset,577,"{""x_angle_offset"":0.08356969803571701,""y_angle_offset"":-0.1444810222696375}",4.9915449
27060686431600,gimbal,2961,"{""imu_roll"":0.0,""imu_pitch"":16.53477668762207,""imu_yaw"":1.4199912548065186,""frame_roll"":0.0,""frame_pitch"":16.53477668762207,""frame_yaw"":1.4199912548065186,""pitch_speed"":0.0,""yaw_speed"":0.0}",5.0030575
27060686862100,fov,2961,"{""zoom"":12.339999198913574,""hfov"":7.293355464935303,""vfov"":4.106302738189697,""state"":0,""max_aov_h"":90.0,""max_aov_v"":58.71550750732422,""min_aov_h"":1.40625,""min_aov_v"":0.7910428047180176,""max_zoom"":64.0}",5.003488
27060706709200,gimbal,2962,"{""imu_roll"":0.0,""imu_pitch"":16.51128578186035,""imu_yaw"":1.4295179843902588,""frame_roll"":0.0,""frame_pitch"":16.51128578186035,""frame_yaw"":1.4295179843902588,""pitch_speed"":0.0,""yaw_speed"":0.0}",5.0233351
27060707050700,fov,2962,"{""zoom"":12.339999198913574,""hfov"":7.293355464935303,""vfov"":4.106302738189697,""state"":0,""max_aov_h"":90.0,""max_aov_v"":58.71550750732422,""min_aov_h"":1.40625,""min_aov_v"":0.7910428047180176,""max_zoom"":64.0}",5.0236766
27060717223500,attitude,1196,"{""message_type"":""ATTITUDE"",""time_boot_ms"":121870,""roll"":0.05523723363876343,""pitch"":-0.0972980409860611,""yaw"":-2.984908103942871,""rollspeed"":0.014956873841583729,""pitchspeed"":-0.04323284327983856,""yawspeed"":0.002780744805932045}",5.0338494
27060719745100,target_offset,578,"{""x_angle_offset"":0.08356969803571701,""y_angle_offset"":-0.13687675793965656}",5.036371
27060729940700,gimbal,2963,"{""imu_roll"":0.0,""imu_pitch"":16.47777557373047,""imu_yaw"":1.4444550275802612,""frame_roll"":0.0,""frame_pitch"":16.47777557373047,""frame_yaw"":1.4444550275802612,""pitch_speed"":0.0,""yaw_speed"":0.0}",5.0465666
27060730269100,fov,2963,"{""zoom"":12.339999198913574,""hfov"":7.293355464935303,""vfov"":4.106302738189697,""state"":0,""max_aov_h"":90.0,""max_aov_v"":58.71550750732422,""min_aov_h"":1.40625,""min_aov_v"":0.7910428047180176,""max_zoom"":64.0}",5.046895
27060745139900,range,1157,"{""message_type"":""GLOBAL_VISION_POSITION_ESTIMATE"",""x"":46.94895935058594,""y"":39.34815979003906}",5.0617658
27060755242000,gimbal,2964,"{""imu_roll"":0.0,""imu_pitch"":16.453454971313477,""imu_yaw"":1.454925298690796,""frame_roll"":0.0,""frame_pitch"":16.453454971313477,""frame_yaw"":1.454925298690796,""pitch_speed"":0.0,""yaw_speed"":0.0}",5.0718679
27060756030700,fov,2964,"{""zoom"":12.339999198913574,""hfov"":7.293355464935303,""vfov"":4.106302738189697,""state"":0,""max_aov_h"":90.0,""max_aov_v"":58.71550750732422,""min_aov_h"":1.40625,""min_aov_v"":0.7910428047180176,""max_zoom"":64.0}",5.0726566
27060761078100,range,1158,"{""message_type"":""GLOBAL_VISION_POSITION_ESTIMATE"",""x"":46.94895935058594,""y"":39.34815979003906}",5.077704
27060761288100,attitude,1197,"{""message_type"":""ATTITUDE"",""time_boot_ms"":121910,""roll"":0.055521272122859955,""pitch"":-0.09904561936855316,""yaw"":-2.984861135482788,""rollspeed"":0.015522540546953678,""pitchspeed"":-0.04356462508440018,""yawspeed"":0.002811061218380928}",5.077914
27060761554200,vfr,598,"{""message_type"":""VFR_HUD"",""airspeed"":30.357608795166016,""alt"":191.4099884033203}",5.0781801
27060761692300,position,598,"{""message_type"":""GLOBAL_POSITION_INT"",""lat"":469516937,""lon"":393488301}",5.0783182
27060763099700,target_offset,579,"{""x_angle_offset"":0.08356969803571701,""y_angle_offset"":-0.13687675793965656}",5.0797256
27060774294900,gimbal,2965,"{""imu_roll"":0.0,""imu_pitch"":16.422082901000977,""imu_yaw"":1.4720379114151,""frame_roll"":0.0,""frame_pitch"":16.422082901000977,""frame_yaw"":1.4720379114151,""pitch_speed"":0.0,""yaw_speed"":0.0}",5.0909208
27060774611700,fov,2965,"{""zoom"":12.339999198913574,""hfov"":7.293355464935303,""vfov"":4.106302738189697,""state"":0,""max_aov_h"":90.0,""max_aov_v"":58.71550750732422,""min_aov_h"":1.40625,""min_aov_v"":0.7910428047180176,""max_zoom"":64.0}",5.0912376
27060794890300,gimbal,2966,"{""imu_roll"":0.0,""imu_pitch"":16.397138595581055,""imu_yaw"":1.4853355884552002,""frame_roll"":0.0,""frame_pitch"":16.397138595581055,""frame_yaw"":1.4853355884552002,""pitch_speed"":0.0,""yaw_speed"":0.0}",5.1115162
27060795432700,fov,2966,"{""zoom"":12.339999198913574,""hfov"":7.293355464935303,""vfov"":4.106302738189697,""state"":0,""max_aov_h"":90.0,""max_aov_v"":58.71550750732422,""min_aov_h"":1.40625,""min_aov_v"":0.7910428047180176,""max_zoom"":64.0}",5.1120586
27060805073300,target_offset,580,"{""x_angle_offset"":0.09116694331169128,""y_angle_offset"":-0.13687675793965656}",5.1216992
27060818564700,gimbal,2967,"{""imu_roll"":0.0,""imu_pitch"":16.366168975830078,""imu_yaw"":1.5018926858901978,""frame_roll"":0.0,""frame_pitch"":16.366168975830078,""frame_yaw"":1.5018926858901978,""pitch_speed"":0.0,""yaw_speed"":0.0}",5.1351906
27060819159000,fov,2967,"{""zoom"":12.339999198913574,""hfov"":7.293355464935303,""vfov"":4.106302738189697,""state"":0,""max_aov_h"":90.0,""max_aov_v"":58.71550750732422,""min_aov_h"":1.40625,""min_aov_v"":0.7910428047180176,""max_zoom"":64.0}",5.1357849
27060829312500,attitude,1198,"{""message_type"":""ATTITUDE"",""time_boot_ms"":121970,""roll"":0.05595386400818825,""pitch"":-0.10165813565254211,""yaw"":-2.9847805500030518,""rollspeed"":0.015684397891163826,""pitchspeed"":-0.0445895753800869,""yawspeed"":0.0029432866722345352}",5.1459384
27060830570200,target_offset,581,"{""x_angle_offset"":0.09876418858766556,""y_angle_offset"":-0.13687675793965656}",5.1471961
27060841052100,gimbal,2968,"{""imu_roll"":0.0,""imu_pitch"":16.32955551147461,""imu_yaw"":1.5209956169128418,""frame_roll"":0.0,""frame_pitch"":16.32955551147461,""frame_yaw"":1.5209956169128418,""pitch_speed"":0.0,""yaw_speed"":0.0}",5.157678
27060841351600,fov,2968,"{""zoom"":12.339999198913574,""hfov"":7.293355464935303,""vfov"":4.106302738189697,""state"":0,""max_aov_h"":90.0,""max_aov_v"":58.71550750732422,""min_aov_h"":1.40625,""min_aov_v"":0.7910428047180176,""max_zoom"":64.0}",5.1579775
27060862488300,gimbal,2969,"{""imu_roll"":0.0,""imu_pitch"":16.307985305786133,""imu_yaw"":1.531957745552063,""frame_roll"":0.0,""frame_pitch"":16.307985305786133,""frame_yaw"":1.531957745552063,""pitch_speed"":0.0,""yaw_speed"":0.0}",5.1791142
27060863016200,fov,2969,"{""zoom"":12.339999198913574,""hfov"":7.293355464935303,""vfov"":4.106302738189697,""state"":0,""max_aov_h"":90.0,""max_aov_v"":58.71550750732422,""min_aov_h"":1.40625,""min_aov_v"":0.7910428047180176,""max_zoom"":64.0}",5.1796421
27060870388500,position,599,"{""message_type"":""GLOBAL_POSITION_INT"",""lat"":469516937,""lon"":393488301}",5.1870144
27060870649800,attitude,1199,"{""message_type"":""ATTITUDE"",""time_boot_ms"":122010,""roll"":0.056228503584861755,""pitch"":-0.10344469547271729,""yaw"":-2.9847161769866943,""rollspeed"":0.015394494868814945,""pitchspeed"":-0.04566418379545212,""yawspeed"":0.0031226100400090218}",5.1872757
27060871025600,vfr,599,"{""message_type"":""VFR_HUD"",""airspeed"":30.54786491394043,""alt"":190.87998962402344}",5.1876515
27060872841300,target_offset,582,"{""x_angle_offset"":0.09876418858766556,""y_angle_offset"":-0.13687675793965656}",5.1894672
27060884115600,gimbal,2970,"{""imu_roll"":0.0,""imu_pitch"":16.26958465576172,""imu_yaw"":1.5544148683547974,""frame_roll"":0.0,""frame_pitch"":16.26958465576172,""frame_yaw"":1.5544148683547974,""pitch_speed"":0.0,""yaw_speed"":0.0}",5.2007415
27060884863400,fov,2970,"{""zoom"":12.339999198913574,""hfov"":7.293355464935303,""vfov"":4.106302738189697,""state"":0,""max_aov_h"":90.0,""max_aov_v"":58.71550750732422,""min_aov_h"":1.40625,""min_aov_v"":0.7910428047180176,""max_zoom"":64.0}",5.2014893
27060900764900,range,1159,"{""message_type"":""GLOBAL_VISION_POSITION_ESTIMATE"",""x"":46.94889450073242,""y"":39.348140716552734}",5.2173908
27060905779500,gimbal,2971,"{""imu_roll"":0.0,""imu_pitch"":16.24565887451172,""imu_yaw"":1.568034052848816,""frame_roll"":0.0,""frame_pitch"":16.24565887451172,""frame_yaw"":1.568034052848816,""pitch_speed"":0.0,""yaw_speed"":0.0}",5.2224054
27060906079800,fov,2971,"{""zoom"":12.339999198913574,""hfov"":7.293355464935303,""vfov"":4.106302738189697,""state"":0,""max_aov_h"":90.0,""max_aov_v"":58.71550750732422,""min_aov_h"":1.40625,""min_aov_v"":0.7910428047180176,""max_zoom"":64.0}",5.2227057
27060911100500,range,1160,"{""message_type"":""GLOBAL_VISION_POSITION_ESTIMATE"",""x"":46.94889450073242,""y"":39.348140716552734}",5.2277264
27060917136200,target_offset,583,"{""x_angle_offset"":0.09876418858766556,""y_angle_offset"":-0.13687675793965656}",5.2337621
27060928806700,gimbal,2972,"{""imu_roll"":0.0,""imu_pitch"":16.212766647338867,""imu_yaw"":1.5863900184631348,""frame_roll"":0.0,""frame_pitch"":16.212766647338867,""frame_yaw"":1.5863900184631348,""pitch_speed"":0.0,""yaw_speed"":0.0}",5.2454326
27060929099600,fov,2972,"{""zoom"":12.339999198913574,""hfov"":7.293355464935303,""vfov"":4.106302738189697,""state"":0,""max_aov_h"":90.0,""max_aov_v"":58.71550750732422,""min_aov_h"":1.40625,""min_aov_v"":0.7910428047180176,""max_zoom"":64.0}",5.2457255
27060930851800,attitude,1200,"{""message_type"":""ATTITUDE"",""time_boot_ms"":122070,""roll"":0.05664056912064552,""pitch"":-0.10619937628507614,""yaw"":-2.984605550765991,""rollspeed"":0.01580347865819931,""pitchspeed"":-0.04702703282237053,""yawspeed"":0.0034023988991975784}",5.2474777
27060948807800,gimbal,2973,"{""imu_roll"":0.0,""imu_pitch"":16.191381454467773,""imu_yaw"":1.598000407218933,""frame_roll"":0.0,""frame_pitch"":16.191381454467773,""frame_yaw"":1.598000407218933,""pitch_speed"":0.0,""yaw_speed"":0.0}",5.2654337
27060949123900,fov,2973,"{""zoom"":12.339999198913574,""hfov"":7.293355464935303,""vfov"":4.106302738189697,""state"":0,""max_aov_h"":90.0,""max_aov_v"":58.71550750732422,""min_aov_h"":1.40625,""min_aov_v"":0.7910428047180176,""max_zoom"":64.0}",5.2657498
27060958271100,target_offset,584,"{""x_angle_offset"":0.09876418858766556,""y_angle_offset"":-0.1444810222696375}",5.274897
27060970225100,gimbal,2974,"{""imu_roll"":0.0,""imu_pitch"":16.157468795776367,""imu_yaw"":1.6185412406921387,""frame_roll"":0.0,""frame_pitch"":16.157468795776367,""frame_yaw"":1.6185412406921387,""pitch_speed"":0.0,""yaw_speed"":0.0}",5.286851
27060970690700,fov,2974,"{""zoom"":12.339999198913574,""hfov"":7.293355464935303,""vfov"":4.106302738189697,""state"":0,""max_aov_h"":90.0,""max_aov_v"":58.71550750732422,""min_aov_h"":1.40625,""min_aov_v"":0.7910428047180176,""max_zoom"":64.0}",5.2873166
27060972995700,attitude,1201,"{""message_type"":""ATTITUDE"",""time_boot_ms"":122110,""roll"":0.056944590061903,""pitch"":-0.1080770492553711,""yaw"":-2.984515428543091,""rollspeed"":0.016375327482819557,""pitchspeed"":-0.047748107463121414,""yawspeed"":0.0036982260644435883}",5.2896216
27060973359300,vfr,600,"{""message_type"":""VFR_HUD"",""airspeed"":30.737150192260742,""alt"":190.3300018310547}",5.2899852
27060973503300,position,600,"{""message_type"":""GLOBAL_POSITION_INT"",""lat"":469516319,""lon"":393488157}",5.2901292
27060995503500,gimbal,2975,"{""imu_roll"":0.0,""imu_pitch"":16.1322021484375,""imu_yaw"":1.6333914995193481,""frame_roll"":0.0,""frame_pitch"":16.1322021484375,""frame_yaw"":1.6333914995193481,""pitch_speed"":0.0,""yaw_speed"":0.0}",5.3121294
27060996126600,fov,2975,"{""zoom"":12.339999198913574,""hfov"":7.293355464935303,""vfov"":4.106302738189697,""state"":0,""max_aov_h"":90.0,""max_aov_v"":58.71550750732422,""min_aov_h"":1.40625,""min_aov_v"":0.7910428047180176,""max_zoom"":64.0}",5.3127525
27061002245400,target_offset,585,"{""x_angle_offset"":0.09876418858766556,""y_angle_offset"":-0.1444810222696375}",5.3188713
27061014388700,gimbal,2976,"{""imu_roll"":0.0,""imu_pitch"":16.09892463684082,""imu_yaw"":1.6499114036560059,""frame_roll"":0.0,""frame_pitch"":16.09892463684082,""frame_yaw"":1.6499114036560059,""pitch_speed"":0.0,""yaw_speed"":0.0}",5.3310146
27061014676500,fov,2976,"{""zoom"":12.339999198913574,""hfov"":7.293355464935303,""vfov"":4.106302738189697,""state"":0,""max_aov_h"":90.0,""max_aov_v"":58.71550750732422,""min_aov_h"":1.40625,""min_aov_v"":0.7910428047180176,""max_zoom"":64.0}",5.3313024
27061037092900,gimbal,2977,"{""imu_roll"":0.0,""imu_pitch"":16.071582794189453,""imu_yaw"":1.6629503965377808,""frame_roll"":0.0,""frame_pitch"":16.071582794189453,""frame_yaw"":1.6629503965377808,""pitch_speed"":0.0,""yaw_speed"":0.0}",5.3537188
27061037458200,fov,2977,"{""zoom"":12.339999198913574,""hfov"":7.293355464935303,""vfov"":4.106302738189697,""state"":0,""max_aov_h"":90.0,""max_aov_v"":58.71550750732422,""min_aov_h"":1.40625,""min_aov_v"":0.7910428047180176,""max_zoom"":64.0}",5.3540841
27061041894100,attitude,1202,"{""message_type"":""ATTITUDE"",""time_boot_ms"":122170,""roll"":0.05746278911828995,""pitch"":-0.11086440086364746,""yaw"":-2.98435115814209,""rollspeed"":0.016837013885378838,""pitchspeed"":-0.04809272661805153,""yawspeed"":0.0041925301775336266}",5.35852
27061046748600,target_offset,586,"{""x_angle_offset"":0.09876418858766556,""y_angle_offset"":-0.16729381525958026}",5.3633745
27061055903700,range,1161,"{""message_type"":""GLOBAL_VISION_POSITION_ESTIMATE"",""x"":46.948848724365234,""y"":39.34811019897461}",5.3725296
27061063644800,gimbal,2978,"{""imu_roll"":0.0,""imu_pitch"":16.023719787597656,""imu_yaw"":1.6868478059768677,""frame_roll"":0.0,""frame_pitch"":16.023719787597656,""frame_yaw"":1.6868478059768677,""pitch_speed"":0.0,""yaw_speed"":0.0}",5.3802707
27061064284300,fov,2978,"{""zoom"":12.339999198913574,""hfov"":7.293355464935303,""vfov"":4.106302738189697,""state"":0,""max_aov_h"":90.0,""max_aov_v"":58.71550750732422,""min_aov_h"":1.40625,""min_aov_v"":0.7910428047180176,""max_zoom"":64.0}",5.3809102
27061069551400,range,1162,"{""message_type"":""GLOBAL_VISION_POSITION_ESTIMATE"",""x"":46.948848724365234,""y"":39.34811019897461}",5.3861773
27061073268100,target_offset,587,"{""x_angle_offset"":0.09876418858766556,""y_angle_offset"":-0.17489807958956116}",5.389894
27061084035900,gimbal,2979,"{""imu_roll"":0.0,""imu_pitch"":15.98253345489502,""imu_yaw"":1.7073909044265747,""frame_roll"":0.0,""frame_pitch"":15.98253345489502,""frame_yaw"":1.7073909044265747,""pitch_speed"":0.0,""yaw_speed"":0.0}",5.4006618
27061084743300,fov,2979,"{""zoom"":12.339999198913574,""hfov"":7.293355464935303,""vfov"":4.106302738189697,""state"":0,""max_aov_h"":90.0,""max_aov_v"":58.71550750732422,""min_aov_h"":1.40625,""min_aov_v"":0.7910428047180176,""max_zoom"":64.0}",5.4013692
27061092641300,position,601,"{""message_type"":""GLOBAL_POSITION_INT"",""lat"":469516319,""lon"":393488157}",5.4092672
27061092819300,attitude,1203,"{""message_type"":""ATTITUDE"",""time_boot_ms"":122210,""roll"":0.05781612917780876,""pitch"":-0.11275061964988708,""yaw"":-2.984219789505005,""rollspeed"":0.01708839274942875,""pitchspeed"":-0.04877648130059242,""yawspeed"":0.00460419524461031}",5.4094452
27061093378800,vfr,601,"{""message_type"":""VFR_HUD"",""airspeed"":30.925640106201172,""alt"":189.76998901367188}",5.4100047
27061102458400,gimbal,2980,"{""imu_roll"":0.0,""imu_pitch"":15.955771446228027,""imu_yaw"":1.720238208770752,""frame_roll"":0.0,""frame_pitch"":15.955771446228027,""frame_yaw"":1.720238208770752,""pitch_speed"":0.0,""yaw_speed"":0.0}",5.4190843
27061104083300,fov,2980,"{""zoom"":12.339999198913574,""hfov"":7.293355464935303,""vfov"":4.106302738189697,""state"":0,""max_aov_h"":90.0,""max_aov_v"":58.71550750732422,""min_aov_h"":1.40625,""min_aov_v"":0.7910428047180176,""max_zoom"":64.0}",5.4207092
27061115850200,target_offset,588,"{""x_angle_offset"":0.09876418858766556,""y_angle_offset"":-0.17489807958956116}",5.4324761
27061126489200,gimbal,2981,"{""imu_roll"":0.0,""imu_pitch"":15.91158390045166,""imu_yaw"":1.739418387413025,""frame_roll"":0.0,""frame_pitch"":15.91158390045166,""frame_yaw"":1.739418387413025,""pitch_speed"":0.0,""yaw_speed"":0.0}",5.4431151
27061126898200,fov,2981,"{""zoom"":12.339999198913574,""hfov"":7.293355464935303,""vfov"":4.106302738189697,""state"":0,""max_aov_h"":90.0,""max_aov_v"":58.71550750732422,""min_aov_h"":1.40625,""min_aov_v"":0.7910428047180176,""max_zoom"":64.0}",5.4435241
27061150895900,gimbal,2982,"{""imu_roll"":0.0,""imu_pitch"":15.880759239196777,""imu_yaw"":1.7517861127853394,""frame_roll"":0.0,""frame_pitch"":15.880759239196777,""frame_yaw"":1.7517861127853394,""pitch_speed"":0.0,""yaw_speed"":0.0}",5.4675218
27061151227500,fov,2982,"{""zoom"":12.339999198913574,""hfov"":7.293355464935303,""vfov"":4.106302738189697,""state"":0,""max_aov_h"":90.0,""max_aov_v"":58.71550750732422,""min_aov_h"":1.40625,""min_aov_v"":0.7910428047180176,""max_zoom"":64.0}",5.4678534
27061155212900,attitude,1204,"{""message_type"":""ATTITUDE"",""time_boot_ms"":122270,""roll"":0.058406658470630646,""pitch"":-0.11563669890165329,""yaw"":-2.983987331390381,""rollspeed"":0.018455009907484055,""pitchspeed"":-0.049924399703741074,""yawspeed"":0.0053432174026966095}",5.4718388
27061158884200,target_offset,589,"{""x_angle_offset"":0.09116694331169128,""y_angle_offset"":-0.16729381525958026}",5.4755101
27061171617900,gimbal,2983,"{""imu_roll"":0.0,""imu_pitch"":15.843114852905273,""imu_yaw"":1.7668417692184448,""frame_roll"":0.0,""frame_pitch"":15.843114852905273,""frame_yaw"":1.7668417692184448,""pitch_speed"":0.0,""yaw_speed"":0.0}",5.4882438
27061171977300,fov,2983,"{""zoom"":12.339999198913574,""hfov"":7.293355464935303,""vfov"":4.106302738189697,""state"":0,""max_aov_h"":90.0,""max_aov_v"":58.71550750732422,""min_aov_h"":1.40625,""min_aov_v"":0.7910428047180176,""max_zoom"":64.0}",5.4886032
27061192569700,gimbal,2984,"{""imu_roll"":0.0,""imu_pitch"":15.816661834716797,""imu_yaw"":1.7764934301376343,""frame_roll"":0.0,""frame_pitch"":15.816661834716797,""frame_yaw"":1.7764934301376343,""pitch_speed"":0.0,""yaw_speed"":0.0}",5.5091956
27061192954300,fov,2984,"{""zoom"":12.339999198913574,""hfov"":7.293355464935303,""vfov"":4.106302738189697,""state"":0,""max_aov_h"":90.0,""max_aov_v"":58.71550750732422,""min_aov_h"":1.40625,""min_aov_v"":0.7910428047180176,""max_zoom"":64.0}",5.5095802
27061196720300,range,1163,"{""message_type"":""GLOBAL_VISION_POSITION_ESTIMATE"",""x"":46.948848724365234,""y"":39.34809875488281}",5.5133462
27061197763700,attitude,1205,"{""message_type"":""ATTITUDE"",""time_boot_ms"":122310,""roll"":0.058854471892118454,""pitch"":-0.11762683093547821,""yaw"":-2.9838008880615234,""rollspeed"":0.019908001646399498,""pitchspeed"":-0.05156023055315018,""yawspeed"":0.005961247719824314}",5.5143896
27061198222700,vfr,602,"{""message_type"":""VFR_HUD"",""airspeed"":31.112913131713867,""alt"":189.19000244140625}",5.5148486
27061198406200,position,602,"{""message_type"":""GLOBAL_POSITION_INT"",""lat"":469516319,""lon"":393488157}",5.5150321
27061204177100,target_offset,590,"{""x_angle_offset"":0.08356969803571701,""y_angle_offset"":-0.16729381525958026}",5.520803
27061219253400,gimbal,2985,"{""imu_roll"":0.0,""imu_pitch"":15.770444869995117,""imu_yaw"":1.7940438985824585,""frame_roll"":0.0,""frame_pitch"":15.770444869995117,""frame_yaw"":1.7940438985824585,""pitch_speed"":0.0,""yaw_speed"":0.0}",5.5358793
27061220165300,fov,2985,"{""zoom"":12.339999198913574,""hfov"":7.293355464935303,""vfov"":4.106302738189697,""state"":0,""max_aov_h"":90.0,""max_aov_v"":58.71550750732422,""min_aov_h"":1.40625,""min_aov_v"":0.7910428047180176,""max_zoom"":64.0}",5.5367912
27061224656500,range,1164,"{""message_type"":""GLOBAL_VISION_POSITION_ESTIMATE"",""x"":46.948848724365234,""y"":39.34809875488281}",5.5412824
27061227193800,target_offset,591,"{""x_angle_offset"":0.08356969803571701,""y_angle_offset"":-0.16729381525958026}",5.5438197
27061241940100,gimbal,2986,"{""imu_roll"":0.0,""imu_pitch"":15.730437278747559,""imu_yaw"":1.810139536857605,""frame_roll"":0.0,""frame_pitch"":15.730437278747559,""frame_yaw"":1.810139536857605,""pitch_speed"":0.0,""yaw_speed"":0.0}",5.558566
27061244424400,fov,2986,"{""zoom"":12.339999198913574,""hfov"":7.293355464935303,""vfov"":4.106302738189697,""state"":0,""max_aov_h"":90.0,""max_aov_v"":58.71550750732422,""min_aov_h"":1.40625,""min_aov_v"":0.7910428047180176,""max_zoom"":64.0}",5.5610503
27061261905000,attitude,1206,"{""message_type"":""ATTITUDE"",""time_boot_ms"":122370,""roll"":0.059708550572395325,""pitch"":-0.1207103356719017,""yaw"":-2.983484983444214,""rollspeed"":0.02211124449968338,""pitchspeed"":-0.05379582941532135,""yawspeed"":0.0069863516837358475}",5.5785309
27061263199900,gimbal,2987,"{""imu_roll"":0.0,""imu_pitch"":15.704977035522461,""imu_yaw"":1.8194012641906738,""frame_roll"":0.0,""frame_pitch"":15.704977035522461,""frame_yaw"":1.8194012641906738,""pitch_speed"":0.0,""yaw_speed"":0.0}",5.5798258
27061263986800,fov,2987,"{""zoom"":12.339999198913574,""hfov"":7.293355464935303,""vfov"":4.106302738189697,""state"":0,""max_aov_h"":90.0,""max_aov_v"":58.71550750732422,""min_aov_h"":1.40625,""min_aov_v"":0.7910428047180176,""max_zoom"":64.0}",5.5806127
27061274402600,target_offset,592,"{""x_angle_offset"":0.08356969803571701,""y_angle_offset"":-0.16729381525958026}",5.5910285
27061285277500,gimbal,2988,"{""imu_roll"":0.0,""imu_pitch"":15.663975715637207,""imu_yaw"":1.8348547220230103,""frame_roll"":0.0,""frame_pitch"":15.663975715637207,""frame_yaw"":1.8348547220230103,""pitch_speed"":0.0,""yaw_speed"":0.0}",5.6019034
27061285890500,fov,2988,"{""zoom"":12.339999198913574,""hfov"":7.293355464935303,""vfov"":4.106302738189697,""state"":0,""max_aov_h"":90.0,""max_aov_v"":58.71550750732422,""min_aov_h"":1.40625,""min_aov_v"":0.7910428047180176,""max_zoom"":64.0}",5.6025164
27061303112300,position,603,"{""message_type"":""GLOBAL_POSITION_INT"",""lat"":469515695,""lon"":393488009}",5.6197382
27061303419400,vfr,603,"{""message_type"":""VFR_HUD"",""airspeed"":31.29911994934082,""alt"":188.59999084472656}",5.6200453
27061303541100,attitude,1207,"{""message_type"":""ATTITUDE"",""time_boot_ms"":122410,""roll"":0.06036142259836197,""pitch"":-0.1228342279791832,""yaw"":-2.983241558074951,""rollspeed"":0.023417089134454727,""pitchspeed"":-0.05505458265542984,""yawspeed"":0.007668580859899521}",5.620167
27061305611400,gimbal,2989,"{""imu_roll"":0.0,""imu_pitch"":15.639254570007324,""imu_yaw"":1.8430724143981934,""frame_roll"":0.0,""frame_pitch"":15.639254570007324,""frame_yaw"":1.8430724143981934,""pitch_speed"":0.0,""yaw_speed"":0.0}",5.6222373
27061305913600,fov,2989,"{""zoom"":12.339999198913574,""hfov"":7.293355464935303,""vfov"":4.106302738189697,""state"":0,""max_aov_h"":90.0,""max_aov_v"":58.71550750732422,""min_aov_h"":1.40625,""min_aov_v"":0.7910428047180176,""max_zoom"":64.0}",5.6225395
27061317967500,target_offset,593,"{""x_angle_offset"":0.08356969803571701,""y_angle_offset"":-0.17489807958956116}",5.6345934
27061327805700,gimbal,2990,"{""imu_roll"":0.0,""imu_pitch"":15.59591293334961,""imu_yaw"":1.8571233749389648,""frame_roll"":0.0,""frame_pitch"":15.59591293334961,""frame_yaw"":1.8571233749389648,""pitch_speed"":0.0,""yaw_speed"":0.0}",5.6444316
27061328118900,fov,2990,"{""zoom"":12.339999198913574,""hfov"":7.293355464935303,""vfov"":4.106302738189697,""state"":0,""max_aov_h"":90.0,""max_aov_v"":58.71550750732422,""min_aov_h"":1.40625,""min_aov_v"":0.7910428047180176,""max_zoom"":64.0}",5.6447448
27061352054900,gimbal,2991,"{""imu_roll"":0.0,""imu_pitch"":15.56460189819336,""imu_yaw"":1.8658934831619263,""frame_roll"":0.0,""frame_pitch"":15.56460189819336,""frame_yaw"":1.8658934831619263,""pitch_speed"":0.0,""yaw_speed"":0.0}",5.6686808
27061352398000,fov,2991,"{""zoom"":12.339999198913574,""hfov"":7.293355464935303,""vfov"":4.106302738189697,""state"":0,""max_aov_h"":90.0,""max_aov_v"":58.71550750732422,""min_aov_h"":1.40625,""min_aov_v"":0.7910428047180176,""max_zoom"":64.0}",5.6690239
27061359344300,target_offset,594,"{""x_angle_offset"":0.08356969803571701,""y_angle_offset"":-0.19771087257950393}",5.6759702
27061365142000,range,1165,"{""message_type"":""GLOBAL_VISION_POSITION_ESTIMATE"",""x"":46.94878387451172,""y"":39.34808349609375}",5.6817679
27061367125400,attitude,1208,"{""message_type"":""ATTITUDE"",""time_boot_ms"":122470,""roll"":0.06143821403384209,""pitch"":-0.1260754019021988,""yaw"":-2.982820749282837,""rollspeed"":0.025523506104946136,""pitchspeed"":-0.05578085407614708,""yawspeed"":0.008920393884181976}",5.6837513
27061369735400,gimbal,2992,"{""imu_roll"":0.0,""imu_pitch"":15.52155876159668,""imu_yaw"":1.878587007522583,""frame_roll"":0.0,""frame_pitch"":15.52155876159668,""frame_yaw"":1.878587007522583,""pitch_speed"":0.0,""yaw_speed"":0.0}",5.6863613
27061370045500,fov,2992,"{""zoom"":12.339999198913574,""hfov"":7.293355464935303,""vfov"":4.106302738189697,""state"":0,""max_aov_h"":90.0,""max_aov_v"":58.71550750732422,""min_aov_h"":1.40625,""min_aov_v"":0.7910428047180176,""max_zoom"":64.0}",5.6866714
27061395515000,range,1166,"{""message_type"":""GLOBAL_VISION_POSITION_ESTIMATE"",""x"":46.94878387451172,""y"":39.34808349609375}",5.7121409
27061397726800,gimbal,2993,"{""imu_roll"":0.0,""imu_pitch"":15.477133750915527,""imu_yaw"":1.889629602432251,""frame_roll"":0.0,""frame_pitch"":15.477133750915527,""frame_yaw"":1.889629602432251,""pitch_speed"":0.0,""yaw_speed"":0.0}",5.7143527
27061398122700,fov,2993,"{""zoom"":12.339999198913574,""hfov"":7.293355464935303,""vfov"":4.106302738189697,""state"":0,""max_aov_h"":90.0,""max_aov_v"":58.71550750732422,""min_aov_h"":1.40625,""min_aov_v"":0.7910428047180176,""max_zoom"":64.0}",5.7147486
27061405000500,target_offset,595,"{""x_angle_offset"":0.08356969803571701,""y_angle_offset"":-0.22812792989942762}",5.7216264
27061415509200,vfr,604,"{""message_type"":""VFR_HUD"",""airspeed"":31.484481811523438,""alt"":187.97999572753906}",5.7321351
27061415823200,position,604,"{""message_type"":""GLOBAL_POSITION_INT"",""lat"":469515695,""lon"":393488009}",5.7324491
27061416034400,attitude,1209,"{""message_type"":""ATTITUDE"",""time_boot_ms"":122510,""roll"":0.06224669888615608,""pitch"":-0.128225177526474,""yaw"":-2.9824929237365723,""rollspeed"":0.02781491167843342,""pitchspeed"":-0.055066004395484924,""yawspeed"":0.009819414466619492}",5.7326603
27061417976100,gimbal,2994,"{""imu_roll"":0.0,""imu_pitch"":15.42444896697998,""imu_yaw"":1.9018200635910034,""frame_roll"":0.0,""frame_pitch"":15.42444896697998,""frame_yaw"":1.9018200635910034,""pitch_speed"":0.0,""yaw_speed"":0.0}",5.734602
27061418275600,fov,2994,"{""zoom"":12.339999198913574,""hfov"":7.293355464935303,""vfov"":4.106302738189697,""state"":0,""max_aov_h"":90.0,""max_aov_v"":58.71550750732422,""min_aov_h"":1.40625,""min_aov_v"":0.7910428047180176,""max_zoom"":64.0}",5.7349015
27061441916800,gimbal,2995,"{""imu_roll"":0.0,""imu_pitch"":15.383378982543945,""imu_yaw"":1.9095324277877808,""frame_roll"":0.0,""frame_pitch"":15.383378982543945,""frame_yaw"":1.9095324277877808,""pitch_speed"":0.0,""yaw_speed"":0.0}",5.7585427
27061442300800,fov,2995,"{""zoom"":12.339999198913574,""hfov"":7.293355464935303,""vfov"":4.106302738189697,""state"":0,""max_aov_h"":90.0,""max_aov_v"":58.71550750732422,""min_aov_h"":1.40625,""min_aov_v"":0.7910428047180176,""max_zoom"":64.0}",5.7589267
27061450011700,target_offset,596,"{""x_angle_offset"":0.08356969803571701,""y_angle_offset"":-0.23573219422940853}",5.7666376
27061465878500,gimbal,2996,"{""imu_roll"":0.0,""imu_pitch"":15.323718070983887,""imu_yaw"":1.923909306526184,""frame_roll"":0.0,""frame_pitch"":15.323718070983887,""frame_yaw"":1.923909306526184,""pitch_speed"":0.0,""yaw_speed"":0.0}",5.7825044
27061466333300,fov,2996,"{""zoom"":12.339999198913574,""hfov"":7.293355464935303,""vfov"":4.106302738189697,""state"":0,""max_aov_h"":90.0,""max_aov_v"":58.71550750732422,""min_aov_h"":1.40625,""min_aov_v"":0.7910428047180176,""max_zoom"":64.0}",5.7829592
27061473466400,target_offset,597,"{""x_angle_offset"":0.08356969803571701,""y_angle_offset"":-0.23573219422940853}",5.7900923
27061482183400,attitude,1210,"{""message_type"":""ATTITUDE"",""time_boot_ms"":122570,""roll"":0.06363071501255035,""pitch"":-0.13178911805152893,""yaw"":-2.981938362121582,""rollspeed"":0.029695909470319748,""pitchspeed"":-0.05388243868947029,""yawspeed"":0.011217768304049969}",5.7988093
27061484071300,gimbal,2997,"{""imu_roll"":0.0,""imu_pitch"":15.269007682800293,""imu_yaw"":1.938309669494629,""frame_roll"":0.0,""frame_pitch"":15.269007682800293,""frame_yaw"":1.938309669494629,""pitch_speed"":0.0,""yaw_speed"":0.0}",5.8006972
27061484445600,fov,2997,"{""zoom"":12.339999198913574,""hfov"":7.293355464935303,""vfov"":4.106302738189697,""state"":0,""max_aov_h"":90.0,""max_aov_v"":58.71550750732422,""min_aov_h"":1.40625,""min_aov_v"":0.7910428047180176,""max_zoom"":64.0}",5.8010715
27061505252700,gimbal,2998,"{""imu_roll"":0.0,""imu_pitch"":15.231548309326172,""imu_yaw"":1.9459679126739502,""frame_roll"":0.0,""frame_pitch"":15.231548309326172,""frame_yaw"":1.9459679126739502,""pitch_speed"":0.0,""yaw_speed"":0.0}",5.8218786
27061505640700,fov,2998,"{""zoom"":12.339999198913574,""hfov"":7.293355464935303,""vfov"":4.106302738189697,""state"":0,""max_aov_h"":90.0,""max_aov_v"":58.71550750732422,""min_aov_h"":1.40625,""min_aov_v"":0.7910428047180176,""max_zoom"":64.0}",5.8222666
27061515887700,target_offset,598,"{""x_angle_offset"":0.09116694331169128,""y_angle_offset"":-0.22812792989942762}",5.8325136
27061520671000,range,1167,"{""message_type"":""GLOBAL_VISION_POSITION_ESTIMATE"",""x"":46.94878387451172,""y"":39.34806823730469}",5.8372969
27061526776900,gimbal,2999,"{""imu_roll"":0.0,""imu_pitch"":15.179473876953125,""imu_yaw"":1.9602432250976562,""frame_roll"":0.0,""frame_pitch"":15.179473876953125,""frame_yaw"":1.9602432250976562,""pitch_speed"":0.0,""yaw_speed"":0.0}",5.8434028
27061526965300,attitude,1211,"{""message_type"":""ATTITUDE"",""time_boot_ms"":122610,""roll"":0.06467557698488235,""pitch"":-0.13468289375305176,""yaw"":-2.9815263748168945,""rollspeed"":0.030643530189990997,""pitchspeed"":-0.05369730293750763,""yawspeed"":0.012219884432852268}",5.8435912
27061527198900,vfr,605,"{""message_type"":""VFR_HUD"",""airspeed"":31.66872215270996,""alt"":187.36000061035156}",5.8438248
27061527277700,position,605,"{""message_type"":""GLOBAL_POSITION_INT"",""lat"":469515052,""lon"":393487853}",5.8439036
27061527380700,range,1168,"{""message_type"":""GLOBAL_VISION_POSITION_ESTIMATE"",""x"":46.94878387451172,""y"":39.34806823730469}",5.8440066
27061527731300,fov,2999,"{""zoom"":12.339999198913574,""hfov"":7.293355464935303,""vfov"":4.106302738189697,""state"":0,""max_aov_h"":90.0,""max_aov_v"":58.71550750732422,""min_aov_h"":1.40625,""min_aov_v"":0.7910428047180176,""max_zoom"":64.0}",5.8443572
27061546677200,gimbal,3000,"{""imu_roll"":0.0,""imu_pitch"":15.140276908874512,""imu_yaw"":1.9687269926071167,""frame_roll"":0.0,""frame_pitch"":15.140276908874512,""frame_yaw"":1.9687269926071167,""pitch_speed"":0.0,""yaw_speed"":0.0}",5.8633031
27061547006500,fov,3000,"{""zoom"":12.339999198913574,""hfov"":7.293355464935303,""vfov"":4.106302738189697,""state"":0,""max_aov_h"":90.0,""max_aov_v"":58.71550750732422,""min_aov_h"":1.40625,""min_aov_v"":0.7910428047180176,""max_zoom"":64.0}",5.8636324
27061557405100,target_offset,599,"{""x_angle_offset"":0.09116694331169128,""y_angle_offset"":-0.20531513690948486}",5.874031
27061568474400,gimbal,3001,"{""imu_roll"":0.0,""imu_pitch"":15.093901634216309,""imu_yaw"":1.9825835227966309,""frame_roll"":0.0,""frame_pitch"":15.093901634216309,""frame_yaw"":1.9825835227966309,""pitch_speed"":0.0,""yaw_speed"":0.0}",5.8851003
27061568816700,fov,3001,"{""zoom"":12.339999198913574,""hfov"":7.293355464935303,""vfov"":4.106302738189697,""state"":0,""max_aov_h"":90.0,""max_aov_v"":58.71550750732422,""min_aov_h"":1.40625,""min_aov_v"":0.7910428047180176,""max_zoom"":64.0}",5.8854426
27061586236200,gimbal,3002,"{""imu_roll"":0.0,""imu_pitch"":15.05975341796875,""imu_yaw"":1.990720272064209,""frame_roll"":0.0,""frame_pitch"":15.05975341796875,""frame_yaw"":1.990720272064209,""pitch_speed"":0.0,""yaw_speed"":0.0}",5.9028621
27061586671400,fov,3002,"{""zoom"":12.339999198913574,""hfov"":7.293355464935303,""vfov"":4.106302738189697,""state"":0,""max_aov_h"":90.0,""max_aov_v"":58.71550750732422,""min_aov_h"":1.40625,""min_aov_v"":0.7910428047180176,""max_zoom"":64.0}",5.9032973
27061597523500,attitude,1212,"{""message_type"":""ATTITUDE"",""time_boot_ms"":122670,""roll"":0.06626450270414352,""pitch"":-0.1389947533607483,""yaw"":-2.9808449745178223,""rollspeed"":0.030861571431159973,""pitchspeed"":-0.05303022637963295,""yawspeed"":0.013548815622925758}",5.9141494
27061597979900,target_offset,600,"{""x_angle_offset"":0.09116694331169128,""y_angle_offset"":-0.20531513690948486}",5.9146058
27061610897900,gimbal,3003,"{""imu_roll"":0.0,""imu_pitch"":15.00701904296875,""imu_yaw"":2.0057930946350098,""frame_roll"":0.0,""frame_pitch"":15.00701904296875,""frame_yaw"":2.0057930946350098,""pitch_speed"":0.0,""yaw_speed"":0.0}",5.9275238
27061611436900,fov,3003,"{""zoom"":12.339999198913574,""hfov"":7.293355464935303,""vfov"":4.106302738189697,""state"":0,""max_aov_h"":90.0,""max_aov_v"":58.71550750732422,""min_aov_h"":1.40625,""min_aov_v"":0.7910428047180176,""max_zoom"":64.0}",5.9280628
27061632630100,gimbal,3004,"{""imu_roll"":0.0,""imu_pitch"":14.975789070129395,""imu_yaw"":2.011683225631714,""frame_roll"":0.0,""frame_pitch"":14.975789070129395,""frame_yaw"":2.011683225631714,""pitch_speed"":0.0,""yaw_speed"":0.0}",5.949256
27061634260900,fov,3004,"{""zoom"":12.339999198913574,""hfov"":7.293355464935303,""vfov"":4.106302738189697,""state"":0,""max_aov_h"":90.0,""max_aov_v"":58.71550750732422,""min_aov_h"":1.40625,""min_aov_v"":0.7910428047180176,""max_zoom"":64.0}",5.9508868
27061635188700,position,606,"{""message_type"":""GLOBAL_POSITION_INT"",""lat"":469515052,""lon"":393487853}",5.9518146
27061635387000,attitude,1213,"{""message_type"":""ATTITUDE"",""time_boot_ms"":122710,""roll"":0.06729622930288315,""pitch"":-0.14184795320034027,""yaw"":-2.9803452491760254,""rollspeed"":0.030409641563892365,""pitchspeed"":-0.05237434804439545,""yawspeed"":0.01448698341846466}",5.9520129
27061635798700,vfr,606,"{""message_type"":""VFR_HUD"",""airspeed"":31.851871490478516,""alt"":186.6999969482422}",5.9524246
27061646132300,target_offset,601,"{""x_angle_offset"":0.08356969803571701,""y_angle_offset"":-0.1825023439195421}",5.9627582
27061659817500,gimbal,3005,"{""imu_roll"":0.0,""imu_pitch"":14.928569793701172,""imu_yaw"":2.0276572704315186,""frame_roll"":0.0,""frame_pitch"":14.928569793701172,""frame_yaw"":2.0276572704315186,""pitch_speed"":0.0,""yaw_speed"":0.0}",5.9764434
27061660104800,fov,3005,"{""zoom"":12.339999198913574,""hfov"":7.293355464935303,""vfov"":4.106302738189697,""state"":0,""max_aov_h"":90.0,""max_aov_v"":58.71550750732422,""min_aov_h"":1.40625,""min_aov_v"":0.7910428047180176,""max_zoom"":64.0}",5.9767307
27061667081200,target_offset,602,"{""x_angle_offset"":0.08356969803571701,""y_angle_offset"":-0.1825023439195421}",5.9837071
27061674471300,range,1169,"{""message_type"":""GLOBAL_VISION_POSITION_ESTIMATE"",""x"":46.9487190246582,""y"":39.348045349121094}",5.9910972
27061678533500,gimbal,3006,"{""imu_roll"":0.0,""imu_pitch"":14.888327598571777,""imu_yaw"":2.0423359870910645,""frame_roll"":0.0,""frame_pitch"":14.888327598571777,""frame_yaw"":2.0423359870910645,""pitch_speed"":0.0,""yaw_speed"":0.0}",5.9951594
27061678845100,fov,3006,"{""zoom"":12.339999198913574,""hfov"":7.293355464935303,""vfov"":4.106302738189697,""state"":0,""max_aov_h"":90.0,""max_aov_v"":58.71550750732422,""min_aov_h"":1.40625,""min_aov_v"":0.7910428047180176,""max_zoom"":64.0}",5.995471
27061682001400,range,1170,"{""message_type"":""GLOBAL_VISION_POSITION_ESTIMATE"",""x"":46.9487190246582,""y"":39.348045349121094}",5.9986273
27061699185800,gimbal,3007,"{""imu_roll"":0.0,""imu_pitch"":14.859365463256836,""imu_yaw"":2.049934148788452,""frame_roll"":0.0,""frame_pitch"":14.859365463256836,""frame_yaw"":2.049934148788452,""pitch_speed"":0.0,""yaw_speed"":0.0}",6.0158117
27061699511800,fov,3007,"{""zoom"":12.339999198913574,""hfov"":7.293355464935303,""vfov"":4.106302738189697,""state"":0,""max_aov_h"":90.0,""max_aov_v"":58.71550750732422,""min_aov_h"":1.40625,""min_aov_v"":0.7910428047180176,""max_zoom"":64.0}",6.0161377
27061705039400,attitude,1214,"{""message_type"":""ATTITUDE"",""time_boot_ms"":122770,""roll"":0.0688076838850975,""pitch"":-0.14606378972530365,""yaw"":-2.979527473449707,""rollspeed"":0.029983799904584885,""pitchspeed"":-0.05082415044307709,""yawspeed"":0.015862401574850082}",6.0216653
27061711290500,target_offset,603,"{""x_angle_offset"":0.07597245275974274,""y_angle_offset"":-0.17489807958956116}",6.0279164
27061719522700,gimbal,3008,"{""imu_roll"":0.0,""imu_pitch"":14.820501327514648,""imu_yaw"":2.0593619346618652,""frame_roll"":0.0,""frame_pitch"":14.820501327514648,""frame_yaw"":2.0593619346618652,""pitch_speed"":0.0,""yaw_speed"":0.0}",6.0361486
27061721628600,fov,3008,"{""zoom"":12.339999198913574,""hfov"":7.293355464935303,""vfov"":4.106302738189697,""state"":0,""max_aov_h"":90.0,""max_aov_v"":58.71550750732422,""min_aov_h"":1.40625,""min_aov_v"":0.7910428047180176,""max_zoom"":64.0}",6.0382545
27061743403500,gimbal,3009,"{""imu_roll"":0.0,""imu_pitch"":14.789834976196289,""imu_yaw"":2.062952995300293,""frame_roll"":0.0,""frame_pitch"":14.789834976196289,""frame_yaw"":2.062952995300293,""pitch_speed"":0.0,""yaw_speed"":0.0}",6.0600294
27061745026500,fov,3009,"{""zoom"":12.339999198913574,""hfov"":7.293355464935303,""vfov"":4.106302738189697,""state"":0,""max_aov_h"":90.0,""max_aov_v"":58.71550750732422,""min_aov_h"":1.40625,""min_aov_v"":0.7910428047180176,""max_zoom"":64.0}",6.0616524
27061745359500,attitude,1215,"{""message_type"":""ATTITUDE"",""time_boot_ms"":122810,""roll"":0.06993935257196426,""pitch"":-0.14797364175319672,""yaw"":-2.978951930999756,""rollspeed"":0.028941618278622627,""pitchspeed"":-0.04977962374687195,""yawspeed"":0.016755351796746254}",6.0619854
27061745771900,vfr,607,"{""message_type"":""VFR_HUD"",""airspeed"":32.03384780883789,""alt"":186.0399932861328}",6.0623978
27061745960500,position,607,"{""message_type"":""GLOBAL_POSITION_INT"",""lat"":469514416,""lon"":393487693}",6.0625864
27061751943800,target_offset,604,"{""x_angle_offset"":0.06837520748376846,""y_angle_offset"":-0.17489807958956116}",6.0685697
27061764595900,gimbal,3010,"{""imu_roll"":0.0,""imu_pitch"":14.750226974487305,""imu_yaw"":2.0696117877960205,""frame_roll"":0.0,""frame_pitch"":14.750226974487305,""frame_yaw"":2.0696117877960205,""pitch_speed"":0.0,""yaw_speed"":0.0}",6.0812218
27061764891300,fov,3010,"{""zoom"":12.339999198913574,""hfov"":7.293355464935303,""vfov"":4.106302738189697,""state"":0,""max_aov_h"":90.0,""max_aov_v"":58.71550750732422,""min_aov_h"":1.40625,""min_aov_v"":0.7910428047180176,""max_zoom"":64.0}",6.0815172
27061787534600,gimbal,3011,"{""imu_roll"":0.0,""imu_pitch"":14.722197532653809,""imu_yaw"":2.070878505706787,""frame_roll"":0.0,""frame_pitch"":14.722197532653809,""frame_yaw"":2.070878505706787,""pitch_speed"":0.0,""yaw_speed"":0.0}",6.1041605
27061787965000,fov,3011,"{""zoom"":12.339999198913574,""hfov"":7.293355464935303,""vfov"":4.106302738189697,""state"":0,""max_aov_h"":90.0,""max_aov_v"":58.71550750732422,""min_aov_h"":1.40625,""min_aov_v"":0.7910428047180176,""max_zoom"":64.0}",6.1045909
27061796058600,target_offset,605,"{""x_angle_offset"":0.04558347165584564,""y_angle_offset"":-0.1825023439195421}",6.1126845
27061805721300,gimbal,3012,"{""imu_roll"":0.0,""imu_pitch"":14.678853034973145,""imu_yaw"":2.075941801071167,""frame_roll"":0.0,""frame_pitch"":14.678853034973145,""frame_yaw"":2.075941801071167,""pitch_speed"":0.0,""yaw_speed"":0.0}",6.1223472
27061806022400,fov,3012,"{""zoom"":12.339999198913574,""hfov"":7.293355464935303,""vfov"":4.106302738189697,""state"":0,""max_aov_h"":90.0,""max_aov_v"":58.71550750732422,""min_aov_h"":1.40625,""min_aov_v"":0.7910428047180176,""max_zoom"":64.0}",6.1226483
27061808795500,attitude,1216,"{""message_type"":""ATTITUDE"",""time_boot_ms"":122870,""roll"":0.07150998711585999,""pitch"":-0.1507437825202942,""yaw"":-2.9780192375183105,""rollspeed"":0.02683797851204872,""pitchspeed"":-0.04764748364686966,""yawspeed"":0.018053539097309113}",6.1254214
27061829099200,gimbal,3013,"{""imu_roll"":0.0,""imu_pitch"":14.647010803222656,""imu_yaw"":2.0760345458984375,""frame_roll"":0.0,""frame_pitch"":14.647010803222656,""frame_yaw"":2.0760345458984375,""pitch_speed"":0.0,""yaw_speed"":0.0}",6.1457251
27061829426300,fov,3013,"{""zoom"":12.339999198913574,""hfov"":7.293355464935303,""vfov"":4.106302738189697,""state"":0,""max_aov_h"":90.0,""max_aov_v"":58.71550750732422,""min_aov_h"":1.40625,""min_aov_v"":0.7910428047180176,""max_zoom"":64.0}",6.1460522
27061830480900,range,1171,"{""message_type"":""GLOBAL_VISION_POSITION_ESTIMATE"",""x"":46.94865798950195,""y"":39.348018646240234}",6.1471068
27061833129100,range,1172,"{""message_type"":""GLOBAL_VISION_POSITION_ESTIMATE"",""x"":46.94865798950195,""y"":39.348018646240234}",6.149755
27061838999300,target_offset,606,"{""x_angle_offset"":0.053180716931819916,""y_angle_offset"":-0.19010660824952302}",6.1556252
27061847464700,position,608,"{""message_type"":""GLOBAL_POSITION_INT"",""lat"":469514416,""lon"":393487693}",6.1640906
27061847676200,attitude,1217,"{""message_type"":""ATTITUDE"",""time_boot_ms"":122910,""roll"":0.07248884439468384,""pitch"":-0.15253961086273193,""yaw"":-2.9773521423339844,""rollspeed"":0.025442635640501976,""pitchspeed"":-0.04678765684366226,""yawspeed"":0.018880123272538185}",6.1643021
27061847967700,vfr,608,"{""message_type"":""VFR_HUD"",""airspeed"":32.21502685546875,""alt"":185.33999633789062}",6.1645936
27061852786700,gimbal,3014,"{""imu_roll"":0.0,""imu_pitch"":14.59432601928711,""imu_yaw"":2.0785608291625977,""frame_roll"":0.0,""frame_pitch"":14.59432601928711,""frame_yaw"":2.0785608291625977,""pitch_speed"":0.0,""yaw_speed"":0.0}",6.1694126
27061853213200,fov,3014,"{""zoom"":12.339999198913574,""hfov"":7.293355464935303,""vfov"":4.106302738189697,""state"":0,""max_aov_h"":90.0,""max_aov_v"":58.71550750732422,""min_aov_h"":1.40625,""min_aov_v"":0.7910428047180176,""max_zoom"":64.0}",6.1698391
27061872364300,gimbal,3015,"{""imu_roll"":0.0,""imu_pitch"":14.563058853149414,""imu_yaw"":2.076277494430542,""frame_roll"":0.0,""frame_pitch"":14.563058853149414,""frame_yaw"":2.076277494430542,""pitch_speed"":0.0,""yaw_speed"":0.0}",6.1889902
27061872669200,fov,3015,"{""zoom"":12.339999198913574,""hfov"":7.293355464935303,""vfov"":4.106302738189697,""state"":0,""max_aov_h"":90.0,""max_aov_v"":58.71550750732422,""min_aov_h"":1.40625,""min_aov_v"":0.7910428047180176,""max_zoom"":64.0}",6.1892951
27061884857800,target_offset,607,"{""x_angle_offset"":0.053180716931819916,""y_angle_offset"":-0.19010660824952302}",6.2014837
27061899172000,gimbal,3016,"{""imu_roll"":0.0,""imu_pitch"":14.516182899475098,""imu_yaw"":2.0789432525634766,""frame_roll"":0.0,""frame_pitch"":14.516182899475098,""frame_yaw"":2.0789432525634766,""pitch_speed"":0.0,""yaw_speed"":0.0}",6.2157979
27061899625200,fov,3016,"{""zoom"":12.339999198913574,""hfov"":7.293355464935303,""vfov"":4.106302738189697,""state"":0,""max_aov_h"":90.0,""max_aov_v"":58.71550750732422,""min_aov_h"":1.40625,""min_aov_v"":0.7910428047180176,""max_zoom"":64.0}",6.2162511
27061907878000,target_offset,608,"{""x_angle_offset"":0.053180716931819916,""y_angle_offset"":-0.19010660824952302}",6.2245039
27061915951900,attitude,1218,"{""message_type"":""ATTITUDE"",""time_boot_ms"":122970,""roll"":0.07383254915475845,""pitch"":-0.155185267329216,""yaw"":-2.9762845039367676,""rollspeed"":0.023342464119195938,""pitchspeed"":-0.04583146050572395,""yawspeed"":0.020201504230499268}",6.2325778
27061918031100,gimbal,3017,"{""imu_roll"":0.0,""imu_pitch"":14.4683198928833,""imu_yaw"":2.086796283721924,""frame_roll"":0.0,""frame_pitch"":14.4683198928833,""frame_yaw"":2.086796283721924,""pitch_speed"":0.0,""yaw_speed"":0.0}",6.234657
27061918331400,fov,3017,"{""zoom"":12.339999198913574,""hfov"":7.293355464935303,""vfov"":4.106302738189697,""state"":0,""max_aov_h"":90.0,""max_aov_v"":58.71550750732422,""min_aov_h"":1.40625,""min_aov_v"":0.7910428047180176,""max_zoom"":64.0}",6.2349573
27061937959000,gimbal,3018,"{""imu_roll"":0.0,""imu_pitch"":14.437642097473145,""imu_yaw"":2.088475465774536,""frame_roll"":0.0,""frame_pitch"":14.437642097473145,""frame_yaw"":2.088475465774536,""pitch_speed"":0.0,""yaw_speed"":0.0}",6.2545849
27061938341300,fov,3018,"{""zoom"":12.339999198913574,""hfov"":7.293355464935303,""vfov"":4.106302738189697,""state"":0,""max_aov_h"":90.0,""max_aov_v"":58.71550750732422,""min_aov_h"":1.40625,""min_aov_v"":0.7910428047180176,""max_zoom"":64.0}",6.2549672
27061950296200,target_offset,609,"{""x_angle_offset"":0.053180716931819916,""y_angle_offset"":-0.1825023439195421}",6.2669221
27061956011500,vfr,609,"{""message_type"":""VFR_HUD"",""airspeed"":32.3951416015625,""alt"":184.62998962402344}",6.2726374
27061956210000,position,609,"{""message_type"":""GLOBAL_POSITION_INT"",""lat"":469513775,""lon"":393487525}",6.2728359
27061956351000,attitude,1219,"{""message_type"":""ATTITUDE"",""time_boot_ms"":123010,""roll"":0.0747058317065239,""pitch"":-0.15690800547599792,""yaw"":-2.97554087638855,""rollspeed"":0.022284233942627907,""pitchspeed"":-0.046171870082616806,""yawspeed"":0.02092698961496353}",6.2729769
27061963002000,gimbal,3019,"{""imu_roll"":0.0,""imu_pitch"":14.38770866394043,""imu_yaw"":2.092639923095703,""frame_roll"":0.0,""frame_pitch"":14.38770866394043,""frame_yaw"":2.092639923095703,""pitch_speed"":0.0,""yaw_speed"":0.0}",6.2796279
27061963365900,fov,3019,"{""zoom"":12.339999198913574,""hfov"":7.293355464935303,""vfov"":4.106302738189697,""state"":0,""max_aov_h"":90.0,""max_aov_v"":58.71550750732422,""min_aov_h"":1.40625,""min_aov_v"":0.7910428047180176,""max_zoom"":64.0}",6.2799918
27061983331200,gimbal,3020,"{""imu_roll"":0.0,""imu_pitch"":14.357457160949707,""imu_yaw"":2.090813398361206,""frame_roll"":0.0,""frame_pitch"":14.357457160949707,""frame_yaw"":2.090813398361206,""pitch_speed"":0.0,""yaw_speed"":0.0}",6.2999571
27061983617300,fov,3020,"{""zoom"":12.339999198913574,""hfov"":7.293355464935303,""vfov"":4.106302738189697,""state"":0,""max_aov_h"":90.0,""max_aov_v"":58.71550750732422,""min_aov_h"":1.40625,""min_aov_v"":0.7910428047180176,""max_zoom"":64.0}",6.3002432
27061986769100,range,1173,"{""message_type"":""GLOBAL_VISION_POSITION_ESTIMATE"",""x"":46.94859313964844,""y"":39.347984313964844}",6.303395
27061993498800,target_offset,610,"{""x_angle_offset"":0.053180716931819916,""y_angle_offset"":-0.17489807958956116}",6.3101247
27061998443700,range,1174,"{""message_type"":""GLOBAL_VISION_POSITION_ESTIMATE"",""x"":46.94859313964844,""y"":39.347984313964844}",6.3150696
27062004380500,gimbal,3021,"{""imu_roll"":0.0,""imu_pitch"":14.316690444946289,""imu_yaw"":2.094911575317383,""frame_roll"":0.0,""frame_pitch"":14.316690444946289,""frame_yaw"":2.094911575317383,""pitch_speed"":0.0,""yaw_speed"":0.0}",6.3210064
27062004813200,fov,3021,"{""zoom"":12.339999198913574,""hfov"":7.293355464935303,""vfov"":4.106302738189697,""state"":0,""max_aov_h"":90.0,""max_aov_v"":58.71550750732422,""min_aov_h"":1.40625,""min_aov_v"":0.7910428047180176,""max_zoom"":64.0}",6.3214391
27062017810500,attitude,1220,"{""message_type"":""ATTITUDE"",""time_boot_ms"":123070,""roll"":0.07603762298822403,""pitch"":-0.15946264564990997,""yaw"":-2.974376678466797,""rollspeed"":0.021853923797607422,""pitchspeed"":-0.04682415723800659,""yawspeed"":0.02222062647342682}",6.3344364
27062025504400,gimbal,3022,"{""imu_roll"":0.0,""imu_pitch"":14.287755966186523,""imu_yaw"":2.093341827392578,""frame_roll"":0.0,""frame_pitch"":14.287755966186523,""frame_yaw"":2.093341827392578,""pitch_speed"":0.0,""yaw_speed"":0.0}",6.3421303
27062025914000,fov,3022,"{""zoom"":12.339999198913574,""hfov"":7.293355464935303,""vfov"":4.106302738189697,""state"":0,""max_aov_h"":90.0,""max_aov_v"":58.71550750732422,""min_aov_h"":1.40625,""min_aov_v"":0.7910428047180176,""max_zoom"":64.0}",6.3425399
27062036474200,target_offset,611,"{""x_angle_offset"":0.04558347165584564,""y_angle_offset"":-0.1520852865996184}",6.3531001
27062048584700,gimbal,3023,"{""imu_roll"":0.0,""imu_pitch"":14.250041961669922,""imu_yaw"":2.0969598293304443,""frame_roll"":0.0,""frame_pitch"":14.250041961669922,""frame_yaw"":2.0969598293304443,""pitch_speed"":0.0,""yaw_speed"":0.0}",6.3652106
27062049031100,fov,3023,"{""zoom"":12.339999198913574,""hfov"":7.293355464935303,""vfov"":4.106302738189697,""state"":0,""max_aov_h"":90.0,""max_aov_v"":58.71550750732422,""min_aov_h"":1.40625,""min_aov_v"":0.7910428047180176,""max_zoom"":64.0}",6.365657
27062061392500,attitude,1221,"{""message_type"":""ATTITUDE"",""time_boot_ms"":123110,""roll"":0.0768936425447464,""pitch"":-0.16120761632919312,""yaw"":-2.973564863204956,""rollspeed"":0.021351637318730354,""pitchspeed"":-0.047758180648088455,""yawspeed"":0.02296040765941143}",6.3780184
27062062113000,vfr,610,"{""message_type"":""VFR_HUD"",""airspeed"":32.60110092163086,""alt"":183.89999389648438}",6.3787389
27062062496900,position,610,"{""message_type"":""GLOBAL_POSITION_INT"",""lat"":469513775,""lon"":393487525}",6.3791228
27062069325800,gimbal,3024,"{""imu_roll"":0.0,""imu_pitch"":14.226027488708496,""imu_yaw"":2.0947022438049316,""frame_roll"":0.0,""frame_pitch"":14.226027488708496,""frame_yaw"":2.0947022438049316,""pitch_speed"":0.0,""yaw_speed"":0.0}",6.3859517
27062069671700,fov,3024,"{""zoom"":12.339999198913574,""hfov"":7.293355464935303,""vfov"":4.106302738189697,""state"":0,""max_aov_h"":90.0,""max_aov_v"":58.71550750732422,""min_aov_h"":1.40625,""min_aov_v"":0.7910428047180176,""max_zoom"":64.0}",6.3862976
27062080297300,target_offset,612,"{""x_angle_offset"":0.03798622637987137,""y_angle_offset"":-0.1444810222696375}",6.3969232
27062090637600,gimbal,3025,"{""imu_roll"":0.0,""imu_pitch"":14.1885347366333,""imu_yaw"":2.0977165699005127,""frame_roll"":0.0,""frame_pitch"":14.1885347366333,""frame_yaw"":2.0977165699005127,""pitch_speed"":0.0,""yaw_speed"":0.0}",6.4072635
27062091438100,fov,3025,"{""zoom"":12.339999198913574,""hfov"":7.293355464935303,""vfov"":4.106302738189697,""state"":0,""max_aov_h"":90.0,""max_aov_v"":58.71550750732422,""min_aov_h"":1.40625,""min_aov_v"":0.7910428047180176,""max_zoom"":64.0}",6.408064
27062112255300,gimbal,3026,"{""imu_roll"":0.0,""imu_pitch"":14.163280487060547,""imu_yaw"":2.0955734252929688,""frame_roll"":0.0,""frame_pitch"":14.163280487060547,""frame_yaw"":2.0955734252929688,""pitch_speed"":0.0,""yaw_speed"":0.0}",6.4288812
27062112629200,fov,3026,"{""zoom"":12.339999198913574,""hfov"":7.293355464935303,""vfov"":4.106302738189697,""state"":0,""max_aov_h"":90.0,""max_aov_v"":58.71550750732422,""min_aov_h"":1.40625,""min_aov_v"":0.7910428047180176,""max_zoom"":64.0}",6.4292551
27062123861400,target_offset,613,"{""x_angle_offset"":0.015194490551948547,""y_angle_offset"":-0.1444810222696375}",6.4404873
27062135470200,gimbal,3027,"{""imu_roll"":0.0,""imu_pitch"":14.128132820129395,""imu_yaw"":2.0938076972961426,""frame_roll"":0.0,""frame_pitch"":14.128132820129395,""frame_yaw"":2.0938076972961426,""pitch_speed"":0.0,""yaw_speed"":0.0}",6.4520961
27062136080500,fov,3027,"{""zoom"":12.339999198913574,""hfov"":7.293355464935303,""vfov"":4.106302738189697,""state"":0,""max_aov_h"":90.0,""max_aov_v"":58.71550750732422,""min_aov_h"":1.40625,""min_aov_v"":0.7910428047180176,""max_zoom"":64.0}",6.4527064
27062140078800,attitude,1222,"{""message_type"":""ATTITUDE"",""time_boot_ms"":123170,""roll"":0.07815966755151749,""pitch"":-0.16390356421470642,""yaw"":-2.972302198410034,""rollspeed"":0.021352669224143028,""pitchspeed"":-0.04944605380296707,""yawspeed"":0.024109680205583572}",6.4567047
27062140785100,range,1175,"{""message_type"":""GLOBAL_VISION_POSITION_ESTIMATE"",""x"":46.9485969543457,""y"":39.34797286987305}",6.457411
27062146558700,target_offset,614,"{""x_angle_offset"":0.015194490551948547,""y_angle_offset"":-0.1444810222696375}",6.4631846
27062157196300,gimbal,3028,"{""imu_roll"":0.0,""imu_pitch"":14.094322204589844,""imu_yaw"":2.0890533924102783,""frame_roll"":0.0,""frame_pitch"":14.094322204589844,""frame_yaw"":2.0890533924102783,""pitch_speed"":0.0,""yaw_speed"":0.0}",6.4738222
27062158326700,fov,3028,"{""zoom"":12.339999198913574,""hfov"":7.293355464935303,""vfov"":4.106302738189697,""state"":0,""max_aov_h"":90.0,""max_aov_v"":58.71550750732422,""min_aov_h"":1.40625,""min_aov_v"":0.7910428047180176,""max_zoom"":64.0}",6.4749526
27062164441000,range,1176,"{""message_type"":""GLOBAL_VISION_POSITION_ESTIMATE"",""x"":46.9485969543457,""y"":39.34797286987305}",6.4810669
27062176972100,gimbal,3029,"{""imu_roll"":0.0,""imu_pitch"":14.071758270263672,""imu_yaw"":2.0812528133392334,""frame_roll"":0.0,""frame_pitch"":14.071758270263672,""frame_yaw"":2.0812528133392334,""pitch_speed"":0.0,""yaw_speed"":0.0}",6.493598
27062177380800,fov,3029,"{""zoom"":12.339999198913574,""hfov"":7.293355464935303,""vfov"":4.106302738189697,""state"":0,""max_aov_h"":90.0,""max_aov_v"":58.71550750732422,""min_aov_h"":1.40625,""min_aov_v"":0.7910428047180176,""max_zoom"":64.0}",6.4940067
27062187685400,vfr,611,"{""message_type"":""VFR_HUD"",""airspeed"":32.7977294921875,""alt"":183.14999389648438}",6.5043113
27062187878000,position,611,"{""message_type"":""GLOBAL_POSITION_INT"",""lat"":469513125,""lon"":393487348}",6.5045039
27062188008200,attitude,1223,"{""message_type"":""ATTITUDE"",""time_boot_ms"":123210,""roll"":0.0790029913187027,""pitch"":-0.1657700389623642,""yaw"":-2.971433639526367,""rollspeed"":0.021500855684280396,""pitchspeed"":-0.05069226026535034,""yawspeed"":0.024707680568099022}",6.5046341
27062189499900,target_offset,615,"{""x_angle_offset"":0.007597245275974274,""y_angle_offset"":-0.1444810222696375}",6.5061258
27062199452900,gimbal,3030,"{""imu_roll"":0.0,""imu_pitch"":14.031970024108887,""imu_yaw"":2.0759286880493164,""frame_roll"":0.0,""frame_pitch"":14.031970024108887,""frame_yaw"":2.0759286880493164,""pitch_speed"":0.0,""yaw_speed"":0.0}",6.5160788
27062199906700,fov,3030,"{""zoom"":12.339999198913574,""hfov"":7.293355464935303,""vfov"":4.106302738189697,""state"":0,""max_aov_h"":90.0,""max_aov_v"":58.71550750732422,""min_aov_h"":1.40625,""min_aov_v"":0.7910428047180176,""max_zoom"":64.0}",6.5165326
27062221269800,gimbal,3031,"{""imu_roll"":0.0,""imu_pitch"":14.00858211517334,""imu_yaw"":2.068025588989258,""frame_roll"":0.0,""frame_pitch"":14.00858211517334,""frame_yaw"":2.068025588989258,""pitch_speed"":0.0,""yaw_speed"":0.0}",6.5378957
27062221638900,fov,3031,"{""zoom"":12.339999198913574,""hfov"":7.293355464935303,""vfov"":4.106302738189697,""state"":0,""max_aov_h"":90.0,""max_aov_v"":58.71550750732422,""min_aov_h"":1.40625,""min_aov_v"":0.7910428047180176,""max_zoom"":64.0}",6.5382648
27062234080000,target_offset,616,"{""x_angle_offset"":0.007597245275974274,""y_angle_offset"":-0.1444810222696375}",6.5507059
27062243968100,gimbal,3032,"{""imu_roll"":0.0,""imu_pitch"":13.967900276184082,""imu_yaw"":2.0595717430114746,""frame_roll"":0.0,""frame_pitch"":13.967900276184082,""frame_yaw"":2.0595717430114746,""pitch_speed"":0.0,""yaw_speed"":0.0}",6.560594
27062244277400,fov,3032,"{""zoom"":12.339999198913574,""hfov"":7.293355464935303,""vfov"":4.106302738189697,""state"":0,""max_aov_h"":90.0,""max_aov_v"":58.71550750732422,""min_aov_h"":1.40625,""min_aov_v"":0.7910428047180176,""max_zoom"":64.0}",6.5609033
27062245660400,attitude,1224,"{""message_type"":""ATTITUDE"",""time_boot_ms"":123270,""roll"":0.08039205521345139,""pitch"":-0.1689041703939438,""yaw"":-2.970121383666992,""rollspeed"":0.021600591018795967,""pitchspeed"":-0.05276362597942352,""yawspeed"":0.025724364444613457}",6.5622863
27062265334600,gimbal,3033,"{""imu_roll"":0.0,""imu_pitch"":13.944077491760254,""imu_yaw"":2.0497000217437744,""frame_roll"":0.0,""frame_pitch"":13.944077491760254,""frame_yaw"":2.0497000217437744,""pitch_speed"":0.0,""yaw_speed"":0.0}",6.5819605
27062265660700,fov,3033,"{""zoom"":12.339999198913574,""hfov"":7.293355464935303,""vfov"":4.106302738189697,""state"":0,""max_aov_h"":90.0,""max_aov_v"":58.71550750732422,""min_aov_h"":1.40625,""min_aov_v"":0.7910428047180176,""max_zoom"":64.0}",6.5822866
27062277112300,target_offset,617,"{""x_angle_offset"":0.0,""y_angle_offset"":-0.1444810222696375}",6.5937382
27062287606600,gimbal,3034,"{""imu_roll"":0.0,""imu_pitch"":13.908018112182617,""imu_yaw"":2.04164981842041,""frame_roll"":0.0,""frame_pitch"":13.908018112182617,""frame_yaw"":2.04164981842041,""pitch_speed"":0.0,""yaw_speed"":0.0}",6.6042325
27062288353300,fov,3034,"{""zoom"":12.339999198913574,""hfov"":7.293355464935303,""vfov"":4.106302738189697,""state"":0,""max_aov_h"":90.0,""max_aov_v"":58.71550750732422,""min_aov_h"":1.40625,""min_aov_v"":0.7910428047180176,""max_zoom"":64.0}",6.6049792
27062288872500,attitude,1225,"{""message_type"":""ATTITUDE"",""time_boot_ms"":123310,""roll"":0.0813610777258873,""pitch"":-0.1710471212863922,""yaw"":-2.9692201614379883,""rollspeed"":0.02282106690108776,""pitchspeed"":-0.053480155766010284,""yawspeed"":0.026386985555291176}",6.6054984
27062289182300,vfr,612,"{""message_type"":""VFR_HUD"",""airspeed"":32.98759460449219,""alt"":182.37998962402344}",6.6058082
27062289347400,position,612,"{""message_type"":""GLOBAL_POSITION_INT"",""lat"":469513125,""lon"":393487348}",6.6059733
27062294455900,range,1177,"{""message_type"":""GLOBAL_VISION_POSITION_ESTIMATE"",""x"":46.94853210449219,""y"":39.347957611083984}",6.6110818
27062309749800,gimbal,3035,"{""imu_roll"":0.0,""imu_pitch"":13.88601303100586,""imu_yaw"":2.0320630073547363,""frame_roll"":0.0,""frame_pitch"":13.88601303100586,""frame_yaw"":2.0320630073547363,""pitch_speed"":0.0,""yaw_speed"":0.0}",6.6263757
27062312244200,fov,3035,"{""zoom"":12.339999198913574,""hfov"":7.293355464935303,""vfov"":4.106302738189697,""state"":0,""max_aov_h"":90.0,""max_aov_v"":58.71550750732422,""min_aov_h"":1.40625,""min_aov_v"":0.7910428047180176,""max_zoom"":64.0}",6.6288701
27062316107700,range,1178,"{""message_type"":""GLOBAL_VISION_POSITION_ESTIMATE"",""x"":46.94853210449219,""y"":39.347957611083984}",6.6327336
27062319651300,target_offset,618,"{""x_angle_offset"":0.0,""y_angle_offset"":-0.17489807958956116}",6.6362772
27062330085000,gimbal,3036,"{""imu_roll"":0.0,""imu_pitch"":13.846738815307617,""imu_yaw"":2.025195598602295,""frame_roll"":0.0,""frame_pitch"":13.846738815307617,""frame_yaw"":2.025195598602295,""pitch_speed"":0.0,""yaw_speed"":0.0}",6.6467109
27062330419500,fov,3036,"{""zoom"":12.339999198913574,""hfov"":7.293355464935303,""vfov"":4.106302738189697,""state"":0,""max_aov_h"":90.0,""max_aov_v"":58.71550750732422,""min_aov_h"":1.40625,""min_aov_v"":0.7910428047180176,""max_zoom"":64.0}",6.6470454
27062356278600,gimbal,3037,"{""imu_roll"":0.0,""imu_pitch"":13.815875053405762,""imu_yaw"":2.0136640071868896,""frame_roll"":0.0,""frame_pitch"":13.815875053405762,""frame_yaw"":2.0136640071868896,""pitch_speed"":0.0,""yaw_speed"":0.0}",6.6729045
27062356720500,fov,3037,"{""zoom"":12.339999198913574,""hfov"":7.293355464935303,""vfov"":4.106302738189697,""state"":0,""max_aov_h"":90.0,""max_aov_v"":58.71550750732422,""min_aov_h"":1.40625,""min_aov_v"":0.7910428047180176,""max_zoom"":64.0}",6.6733464
27062364085600,target_offset,619,"{""x_angle_offset"":0.0,""y_angle_offset"":-0.19771087257950393}",6.6807115
27062368167600,attitude,1226,"{""message_type"":""ATTITUDE"",""time_boot_ms"":123370,""roll"":0.08287382870912552,""pitch"":-0.17428158223628998,""yaw"":-2.9678330421447754,""rollspeed"":0.024061767384409904,""pitchspeed"":-0.053619202226400375,""yawspeed"":0.027242785319685936}",6.6847935
27062375307300,gimbal,3038,"{""imu_roll"":0.0,""imu_pitch"":13.770279884338379,""imu_yaw"":2.0055973529815674,""frame_roll"":0.0,""frame_pitch"":13.770279884338379,""frame_yaw"":2.0055973529815674,""pitch_speed"":0.0,""yaw_speed"":0.0}",6.6919332
27062376011700,fov,3038,"{""zoom"":12.339999198913574,""hfov"":7.293355464935303,""vfov"":4.106302738189697,""state"":0,""max_aov_h"":90.0,""max_aov_v"":58.71550750732422,""min_aov_h"":1.40625,""min_aov_v"":0.7910428047180176,""max_zoom"":64.0}",6.6926376
27062405392200,gimbal,3039,"{""imu_roll"":0.0,""imu_pitch"":13.724183082580566,""imu_yaw"":1.9899429082870483,""frame_roll"":0.0,""frame_pitch"":13.724183082580566,""frame_yaw"":1.9899429082870483,""pitch_speed"":0.0,""yaw_speed"":0.0}",6.7220181
27062405784000,fov,3039,"{""zoom"":12.339999198913574,""hfov"":7.293355464935303,""vfov"":4.106302738189697,""state"":0,""max_aov_h"":90.0,""max_aov_v"":58.71550750732422,""min_aov_h"":1.40625,""min_aov_v"":0.7910428047180176,""max_zoom"":64.0}",6.7224099
27062414237200,target_offset,620,"{""x_angle_offset"":0.007597245275974274,""y_angle_offset"":-0.20531513690948486}",6.7308631
27062419029600,position,613,"{""message_type"":""GLOBAL_POSITION_INT"",""lat"":469513125,""lon"":393487348}",6.7356555
27062419138200,attitude,1227,"{""message_type"":""ATTITUDE"",""time_boot_ms"":123410,""roll"":0.08390616625547409,""pitch"":-0.17643298208713531,""yaw"":-2.9668874740600586,""rollspeed"":0.024581382051110268,""pitchspeed"":-0.053337402641773224,""yawspeed"":0.02772977203130722}",6.7357641
27062419367800,vfr,613,"{""message_type"":""VFR_HUD"",""airspeed"":33.172489166259766,""alt"":181.59999084472656}",6.7359937
27062429795700,gimbal,3040,"{""imu_roll"":0.0,""imu_pitch"":13.666543006896973,""imu_yaw"":1.9789596796035767,""frame_roll"":0.0,""frame_pitch"":13.666543006896973,""frame_yaw"":1.9789596796035767,""pitch_speed"":0.0,""yaw_speed"":0.0}",6.7464216
27062430147800,fov,3040,"{""zoom"":12.339999198913574,""hfov"":7.293355464935303,""vfov"":4.106302738189697,""state"":0,""max_aov_h"":90.0,""max_aov_v"":58.71550750732422,""min_aov_h"":1.40625,""min_aov_v"":0.7910428047180176,""max_zoom"":64.0}",6.7467737
27062437599200,target_offset,621,"{""x_angle_offset"":0.007597245275974274,""y_angle_offset"":-0.2129194012394658}",6.7542251
27062454563200,gimbal,3041,"{""imu_roll"":0.0,""imu_pitch"":13.612156867980957,""imu_yaw"":1.96989905834198,""frame_roll"":0.0,""frame_pitch"":13.612156867980957,""frame_yaw"":1.96989905834198,""pitch_speed"":0.0,""yaw_speed"":0.0}",6.7711891
27062455390500,fov,3041,"{""zoom"":12.339999198913574,""hfov"":7.293355464935303,""vfov"":4.106302738189697,""state"":0,""max_aov_h"":90.0,""max_aov_v"":58.71550750732422,""min_aov_h"":1.40625,""min_aov_v"":0.7910428047180176,""max_zoom"":64.0}",6.7720164
27062465201500,range,1179,"{""message_type"":""GLOBAL_VISION_POSITION_ESTIMATE"",""x"":46.94853210449219,""y"":39.347957611083984}",6.7818274
27062476997000,gimbal,3042,"{""imu_roll"":0.0,""imu_pitch"":13.5802583694458,""imu_yaw"":1.9584038257598877,""frame_roll"":0.0,""frame_pitch"":13.5802583694458,""frame_yaw"":1.9584038257598877,""pitch_speed"":0.0,""yaw_speed"":0.0}",6.7936229
27062477413900,fov,3042,"{""zoom"":12.339999198913574,""hfov"":7.293355464935303,""vfov"":4.106302738189697,""state"":0,""max_aov_h"":90.0,""max_aov_v"":58.71550750732422,""min_aov_h"":1.40625,""min_aov_v"":0.7910428047180176,""max_zoom"":64.0}",6.7940398
27062482224000,range,1180,"{""message_type"":""GLOBAL_VISION_POSITION_ESTIMATE"",""x"":46.94853210449219,""y"":39.347957611083984}",6.7988499
27062482514600,attitude,1228,"{""message_type"":""ATTITUDE"",""time_boot_ms"":123470,""roll"":0.0855151042342186,""pitch"":-0.17952507734298706,""yaw"":-2.9654555320739746,""rollspeed"":0.02452223002910614,""pitchspeed"":-0.05297199636697769,""yawspeed"":0.028423849493265152}",6.7991405
27062486203200,target_offset,622,"{""x_angle_offset"":0.007597245275974274,""y_angle_offset"":-0.20531513690948486}",6.8028291
27062502038500,gimbal,3043,"{""imu_roll"":0.0,""imu_pitch"":13.524795532226562,""imu_yaw"":1.9505113363265991,""frame_roll"":0.0,""frame_pitch"":13.524795532226562,""frame_yaw"":1.9505113363265991,""pitch_speed"":0.0,""yaw_speed"":0.0}",6.8186644
27062502335700,fov,3043,"{""zoom"":12.339999198913574,""hfov"":7.293355464935303,""vfov"":4.106302738189697,""state"":0,""max_aov_h"":90.0,""max_aov_v"":58.71550750732422,""min_aov_h"":1.40625,""min_aov_v"":0.7910428047180176,""max_zoom"":64.0}",6.8189616
27062507752200,target_offset,623,"{""x_angle_offset"":0.015194490551948547,""y_angle_offset"":-0.1825023439195421}",6.8243781
27062520924300,gimbal,3044,"{""imu_roll"":0.0,""imu_pitch"":13.484646797180176,""imu_yaw"":1.9462034702301025,""frame_roll"":0.0,""frame_pitch"":13.484646797180176,""frame_yaw"":1.9462034702301025,""pitch_speed"":0.0,""yaw_speed"":0.0}",6.8375502
27062521245400,fov,3044,"{""zoom"":12.339999198913574,""hfov"":7.293355464935303,""vfov"":4.106302738189697,""state"":0,""max_aov_h"":90.0,""max_aov_v"":58.71550750732422,""min_aov_h"":1.40625,""min_aov_v"":0.7910428047180176,""max_zoom"":64.0}",6.8378713
27062524691700,position,614,"{""message_type"":""GLOBAL_POSITION_INT"",""lat"":469512472,""lon"":393487163}",6.8413176
27062524889500,attitude,1229,"{""message_type"":""ATTITUDE"",""time_boot_ms"":123510,""roll"":0.0866253599524498,""pitch"":-0.18155120313167572,""yaw"":-2.964492082595825,""rollspeed"":0.02492484077811241,""pitchspeed"":-0.05327992141246796,""yawspeed"":0.02876105159521103}",6.8415154
27062525175500,vfr,614,"{""message_type"":""VFR_HUD"",""airspeed"":33.379886627197266,""alt"":180.77999877929688}",6.8418014
27062542574500,gimbal,3045,"{""imu_roll"":0.0,""imu_pitch"":13.454139709472656,""imu_yaw"":1.9369391202926636,""frame_roll"":0.0,""frame_pitch"":13.454139709472656,""frame_yaw"":1.9369391202926636,""pitch_speed"":0.0,""yaw_speed"":0.0}",6.8592004
27062543009100,fov,3045,"{""zoom"":12.339999198913574,""hfov"":7.293355464935303,""vfov"":4.106302738189697,""state"":0,""max_aov_h"":90.0,""max_aov_v"":58.71550750732422,""min_aov_h"":1.40625,""min_aov_v"":0.7910428047180176,""max_zoom"":64.0}",6.859635
27062551912900,target_offset,624,"{""x_angle_offset"":0.015194490551948547,""y_angle_offset"":-0.1825023439195421}",6.8685388
27062563191200,gimbal,3046,"{""imu_roll"":0.0,""imu_pitch"":13.411115646362305,""imu_yaw"":1.9284416437149048,""frame_roll"":0.0,""frame_pitch"":13.411115646362305,""frame_yaw"":1.9284416437149048,""pitch_speed"":0.0,""yaw_speed"":0.0}",6.8798171
27062563552400,fov,3046,"{""zoom"":12.339999198913574,""hfov"":7.293355464935303,""vfov"":4.106302738189697,""state"":0,""max_aov_h"":90.0,""max_aov_v"":58.71550750732422,""min_aov_h"":1.40625,""min_aov_v"":0.7910428047180176,""max_zoom"":64.0}",6.8801783
27062584297400,attitude,1230,"{""message_type"":""ATTITUDE"",""time_boot_ms"":123570,""roll"":0.08823900669813156,""pitch"":-0.18457821011543274,""yaw"":-2.9630327224731445,""rollspeed"":0.023759858682751656,""pitchspeed"":-0.05272537097334862,""yawspeed"":0.029175925999879837}",6.9009233
27062584703100,gimbal,3047,"{""imu_roll"":0.0,""imu_pitch"":13.383204460144043,""imu_yaw"":1.916356086730957,""frame_roll"":0.0,""frame_pitch"":13.383204460144043,""frame_yaw"":1.916356086730957,""pitch_speed"":0.0,""yaw_speed"":0.0}",6.901329
27062585137200,fov,3047,"{""zoom"":12.339999198913574,""hfov"":7.293355464935303,""vfov"":4.106302738189697,""state"":0,""max_aov_h"":90.0,""max_aov_v"":58.71550750732422,""min_aov_h"":1.40625,""min_aov_v"":0.7910428047180176,""max_zoom"":64.0}",6.9017631
27062594775600,target_offset,625,"{""x_angle_offset"":0.015194490551948547,""y_angle_offset"":-0.1825023439195421}",6.9114015
27062607799000,gimbal,3048,"{""imu_roll"":0.0,""imu_pitch"":13.337305068969727,""imu_yaw"":1.9076850414276123,""frame_roll"":0.0,""frame_pitch"":13.337305068969727,""frame_yaw"":1.9076850414276123,""pitch_speed"":0.0,""yaw_speed"":0.0}",6.9244249
27062608152700,fov,3048,"{""zoom"":12.339999198913574,""hfov"":7.293355464935303,""vfov"":4.106302738189697,""state"":0,""max_aov_h"":90.0,""max_aov_v"":58.71550750732422,""min_aov_h"":1.40625,""min_aov_v"":0.7910428047180176,""max_zoom"":64.0}",6.9247786
27062620614200,range,1181,"{""message_type"":""GLOBAL_VISION_POSITION_ESTIMATE"",""x"":46.94846725463867,""y"":39.34792709350586}",6.9372401
27062623409200,range,1182,"{""message_type"":""GLOBAL_VISION_POSITION_ESTIMATE"",""x"":46.94846725463867,""y"":39.34792709350586}",6.9400351
27062623685600,attitude,1231,"{""message_type"":""ATTITUDE"",""time_boot_ms"":123610,""roll"":0.08927309513092041,""pitch"":-0.18660365045070648,""yaw"":-2.962057590484619,""rollspeed"":0.022979620844125748,""pitchspeed"":-0.053196679800748825,""yawspeed"":0.029341809451580048}",6.9403115
27062624054700,vfr,615,"{""message_type"":""VFR_HUD"",""airspeed"":33.576297760009766,""alt"":179.94000244140625}",6.9406806
27062624165700,position,615,"{""message_type"":""GLOBAL_POSITION_INT"",""lat"":469512472,""lon"":393487163}",6.9407916
27062632169300,gimbal,3049,"{""imu_roll"":0.0,""imu_pitch"":13.303531646728516,""imu_yaw"":1.894861102104187,""frame_roll"":0.0,""frame_pitch"":13.303531646728516,""frame_yaw"":1.894861102104187,""pitch_speed"":0.0,""yaw_speed"":0.0}",6.9487952
27062632661300,fov,3049,"{""zoom"":12.339999198913574,""hfov"":7.293355464935303,""vfov"":4.106302738189697,""state"":0,""max_aov_h"":90.0,""max_aov_v"":58.71550750732422,""min_aov_h"":1.40625,""min_aov_v"":0.7910428047180176,""max_zoom"":64.0}",6.9492872
27062639078600,target_offset,626,"{""x_angle_offset"":0.015194490551948547,""y_angle_offset"":-0.1825023439195421}",6.9557045
27062650396400,gimbal,3050,"{""imu_roll"":0.0,""imu_pitch"":13.26569652557373,""imu_yaw"":1.8885784149169922,""frame_roll"":0.0,""frame_pitch"":13.26569652557373,""frame_yaw"":1.8885784149169922,""pitch_speed"":0.0,""yaw_speed"":0.0}",6.9670223
27062650877300,fov,3050,"{""zoom"":12.339999198913574,""hfov"":7.293355464935303,""vfov"":4.106302738189697,""state"":0,""max_aov_h"":90.0,""max_aov_v"":58.71550750732422,""min_aov_h"":1.40625,""min_aov_v"":0.7910428047180176,""max_zoom"":64.0}",6.9675032
27062671263200,gimbal,3051,"{""imu_roll"":0.0,""imu_pitch"":13.234956741333008,""imu_yaw"":1.8766388893127441,""frame_roll"":0.0,""frame_pitch"":13.234956741333008,""frame_yaw"":1.8766388893127441,""pitch_speed"":0.0,""yaw_speed"":0.0}",6.9878891
27062671862200,fov,3051,"{""zoom"":12.339999198913574,""hfov"":7.293355464935303,""vfov"":4.106302738189697,""state"":0,""max_aov_h"":90.0,""max_aov_v"":58.71550750732422,""min_aov_h"":1.40625,""min_aov_v"":0.7910428047180176,""max_zoom"":64.0}",6.9884881
27062682023900,target_offset,627,"{""x_angle_offset"":0.007597245275974274,""y_angle_offset"":-0.2129194012394658}",6.9986498
27062689684200,attitude,1232,"{""message_type"":""ATTITUDE"",""time_boot_ms"":123670,""roll"":0.09069839119911194,""pitch"":-0.19017428159713745,""yaw"":-2.960606098175049,""rollspeed"":0.02003057859838009,""pitchspeed"":-0.054203663021326065,""yawspeed"":0.02932831645011902}",7.0063101
27062690905900,gimbal,3052,"{""imu_roll"":0.0,""imu_pitch"":13.184823989868164,""imu_yaw"":1.8682283163070679,""frame_roll"":0.0,""frame_pitch"":13.184823989868164,""frame_yaw"":1.8682283163070679,""pitch_speed"":0.0,""yaw_speed"":0.0}",7.0075318
27062691387400,fov,3052,"{""zoom"":12.339999198913574,""hfov"":7.293355464935303,""vfov"":4.106302738189697,""state"":0,""max_aov_h"":90.0,""max_aov_v"":58.71550750732422,""min_aov_h"":1.40625,""min_aov_v"":0.7910428047180176,""max_zoom"":64.0}",7.0080133
27062711691300,gimbal,3053,"{""imu_roll"":0.0,""imu_pitch"":13.149718284606934,""imu_yaw"":1.8565768003463745,""frame_roll"":0.0,""frame_pitch"":13.149718284606934,""frame_yaw"":1.8565768003463745,""pitch_speed"":0.0,""yaw_speed"":0.0}",7.0283172
27062713113900,fov,3053,"{""zoom"":12.339999198913574,""hfov"":7.293355464935303,""vfov"":4.106302738189697,""state"":0,""max_aov_h"":90.0,""max_aov_v"":58.71550750732422,""min_aov_h"":1.40625,""min_aov_v"":0.7910428047180176,""max_zoom"":64.0}",7.0297398
27062725265800,target_offset,628,"{""x_angle_offset"":0.007597245275974274,""y_angle_offset"":-0.2129194012394658}",7.0418917
27062732064200,vfr,616,"{""message_type"":""VFR_HUD"",""airspeed"":33.765010833740234,""alt"":179.09999084472656}",7.0486901
27062732341900,position,616,"{""message_type"":""GLOBAL_POSITION_INT"",""lat"":469511797,""lon"":393486967}",7.0489678
27062732503700,attitude,1233,"{""message_type"":""ATTITUDE"",""time_boot_ms"":123710,""roll"":0.09155570715665817,""pitch"":-0.19323919713497162,""yaw"":-2.9596526622772217,""rollspeed"":0.018203426152467728,""pitchspeed"":-0.054910965263843536,""yawspeed"":0.029247306287288666}",7.0491296
27062736605100,gimbal,3054,"{""imu_roll"":0.0,""imu_pitch"":13.09697437286377,""imu_yaw"":1.8474336862564087,""frame_roll"":0.0,""frame_pitch"":13.09697437286377,""frame_yaw"":1.8474336862564087,""pitch_speed"":0.0,""yaw_speed"":0.0}",7.053231
27062737042700,fov,3054,"{""zoom"":12.339999198913574,""hfov"":7.293355464935303,""vfov"":4.106302738189697,""state"":0,""max_aov_h"":90.0,""max_aov_v"":58.71550750732422,""min_aov_h"":1.40625,""min_aov_v"":0.7910428047180176,""max_zoom"":64.0}",7.0536686
27062747553900,target_offset,629,"{""x_angle_offset"":0.007597245275974274,""y_angle_offset"":-0.2205236655694467}",7.0641798
27062757613100,gimbal,3055,"{""imu_roll"":0.0,""imu_pitch"":13.046683311462402,""imu_yaw"":1.8404806852340698,""frame_roll"":0.0,""frame_pitch"":13.046683311462402,""frame_yaw"":1.8404806852340698,""pitch_speed"":0.0,""yaw_speed"":0.0}",7.074239
27062758380600,fov,3055,"{""zoom"":12.339999198913574,""hfov"":7.293355464935303,""vfov"":4.106302738189697,""state"":0,""max_aov_h"":90.0,""max_aov_v"":58.71550750732422,""min_aov_h"":1.40625,""min_aov_v"":0.7910428047180176,""max_zoom"":64.0}",7.0750065
27062776892700,range,1183,"{""message_type"":""GLOBAL_VISION_POSITION_ESTIMATE"",""x"":46.94839859008789,""y"":39.347896575927734}",7.0935186
27062782232100,gimbal,3056,"{""imu_roll"":0.0,""imu_pitch"":13.007516860961914,""imu_yaw"":1.8276506662368774,""frame_roll"":0.0,""frame_pitch"":13.007516860961914,""frame_yaw"":1.8276506662368774,""pitch_speed"":0.0,""yaw_speed"":0.0}",7.098858
27062782812200,fov,3056,"{""zoom"":12.339999198913574,""hfov"":7.293355464935303,""vfov"":4.106302738189697,""state"":0,""max_aov_h"":90.0,""max_aov_v"":58.71550750732422,""min_aov_h"":1.40625,""min_aov_v"":0.7910428047180176,""max_zoom"":64.0}",7.0994381
27062790986900,target_offset,630,"{""x_angle_offset"":0.0,""y_angle_offset"":-0.2205236655694467}",7.1076128
27062794888600,range,1184,"{""message_type"":""GLOBAL_VISION_POSITION_ESTIMATE"",""x"":46.94839859008789,""y"":39.347896575927734}",7.1115145
27062795138200,attitude,1234,"{""message_type"":""ATTITUDE"",""time_boot_ms"":123770,""roll"":0.09267029166221619,""pitch"":-0.19785264134407043,""yaw"":-2.9582436084747314,""rollspeed"":0.014515447430312634,""pitchspeed"":-0.0547775961458683,""yawspeed"":0.02896702289581299}",7.1117641
27062799968900,gimbal,3057,"{""imu_roll"":0.0,""imu_pitch"":12.958348274230957,""imu_yaw"":1.8210281133651733,""frame_roll"":0.0,""frame_pitch"":12.958348274230957,""frame_yaw"":1.8210281133651733,""pitch_speed"":0.0,""yaw_speed"":0.0}",7.1165948
27062800283800,fov,3057,"{""zoom"":12.339999198913574,""hfov"":7.293355464935303,""vfov"":4.106302738189697,""state"":0,""max_aov_h"":90.0,""max_aov_v"":58.71550750732422,""min_aov_h"":1.40625,""min_aov_v"":0.7910428047180176,""max_zoom"":64.0}",7.1169097
27062819802300,gimbal,3058,"{""imu_roll"":0.0,""imu_pitch"":12.921673774719238,""imu_yaw"":1.8113316297531128,""frame_roll"":0.0,""frame_pitch"":12.921673774719238,""frame_yaw"":1.8113316297531128,""pitch_speed"":0.0,""yaw_speed"":0.0}",7.1364282
27062820214700,fov,3058,"{""zoom"":12.339999198913574,""hfov"":7.293355464935303,""vfov"":4.106302738189697,""state"":0,""max_aov_h"":90.0,""max_aov_v"":58.71550750732422,""min_aov_h"":1.40625,""min_aov_v"":0.7910428047180176,""max_zoom"":64.0}",7.1368406
27062832439400,target_offset,631,"{""x_angle_offset"":0.0,""y_angle_offset"":-0.2129194012394658}",7.1490653
27062839508800,vfr,617,"{""message_type"":""VFR_HUD"",""airspeed"":33.97349548339844,""alt"":178.22000122070312}",7.1561347
27062839732800,attitude,1235,"{""message_type"":""ATTITUDE"",""time_boot_ms"":123810,""roll"":0.09327180683612823,""pitch"":-0.20089033246040344,""yaw"":-2.957317352294922,""rollspeed"":0.011736982502043247,""pitchspeed"":-0.053771816194057465,""yawspeed"":0.028717897832393646}",7.1563587
27062840000800,position,617,"{""message_type"":""GLOBAL_POSITION_INT"",""lat"":469511797,""lon"":393486967}",7.1566267
27062842305000,gimbal,3059,"{""imu_roll"":0.0,""imu_pitch"":12.872091293334961,""imu_yaw"":1.8028278350830078,""frame_roll"":0.0,""frame_pitch"":12.872091293334961,""frame_yaw"":1.8028278350830078,""pitch_speed"":0.0,""yaw_speed"":0.0}",7.1589309
27062842651200,fov,3059,"{""zoom"":12.339999198913574,""hfov"":7.293355464935303,""vfov"":4.106302738189697,""state"":0,""max_aov_h"":90.0,""max_aov_v"":58.71550750732422,""min_aov_h"":1.40625,""min_aov_v"":0.7910428047180176,""max_zoom"":64.0}",7.1592771
27062864492400,gimbal,3060,"{""imu_roll"":0.0,""imu_pitch"":12.838031768798828,""imu_yaw"":1.7920671701431274,""frame_roll"":0.0,""frame_pitch"":12.838031768798828,""frame_yaw"":1.7920671701431274,""pitch_speed"":0.0,""yaw_speed"":0.0}",7.1811183
27062864924000,fov,3060,"{""zoom"":12.339999198913574,""hfov"":7.293355464935303,""vfov"":4.106302738189697,""state"":0,""max_aov_h"":90.0,""max_aov_v"":58.71550750732422,""min_aov_h"":1.40625,""min_aov_v"":0.7910428047180176,""max_zoom"":64.0}",7.1815499
27062874855700,target_offset,632,"{""x_angle_offset"":-0.007597245275974274,""y_angle_offset"":-0.2129194012394658}",7.1914816
27062887724500,gimbal,3061,"{""imu_roll"":0.0,""imu_pitch"":12.78075885772705,""imu_yaw"":1.7790707349777222,""frame_roll"":0.0,""frame_pitch"":12.78075885772705,""frame_yaw"":1.7790707349777222,""pitch_speed"":0.0,""yaw_speed"":0.0}",7.2043504
27062888222700,fov,3061,"{""zoom"":12.339999198913574,""hfov"":7.293355464935303,""vfov"":4.106302738189697,""state"":0,""max_aov_h"":90.0,""max_aov_v"":58.71550750732422,""min_aov_h"":1.40625,""min_aov_v"":0.7910428047180176,""max_zoom"":64.0}",7.2048486
27062899894100,attitude,1236,"{""message_type"":""ATTITUDE"",""time_boot_ms"":123870,""roll"":0.09405340254306793,""pitch"":-0.20528891682624817,""yaw"":-2.9559407234191895,""rollspeed"":0.009574679657816887,""pitchspeed"":-0.05027509108185768,""yawspeed"":0.028244201093912125}",7.21652
27062907111300,gimbal,3062,"{""imu_roll"":0.0,""imu_pitch"":12.747689247131348,""imu_yaw"":1.766710877418518,""frame_roll"":0.0,""frame_pitch"":12.747689247131348,""frame_yaw"":1.766710877418518,""pitch_speed"":0.0,""yaw_speed"":0.0}",7.2237372
27062907687600,fov,3062,"{""zoom"":12.339999198913574,""hfov"":7.293355464935303,""vfov"":4.106302738189697,""state"":0,""max_aov_h"":90.0,""max_aov_v"":58.71550750732422,""min_aov_h"":1.40625,""min_aov_v"":0.7910428047180176,""max_zoom"":64.0}",7.2243135
27062919361500,target_offset,633,"{""x_angle_offset"":-0.015194490551948547,""y_angle_offset"":-0.2129194012394658}",7.2359874
27062929430500,gimbal,3063,"{""imu_roll"":0.0,""imu_pitch"":12.696852684020996,""imu_yaw"":1.752445101737976,""frame_roll"":0.0,""frame_pitch"":12.696852684020996,""frame_yaw"":1.752445101737976,""pitch_speed"":0.0,""yaw_speed"":0.0}",7.2460564
27062929783900,fov,3063,"{""zoom"":12.339999198913574,""hfov"":7.293355464935303,""vfov"":4.106302738189697,""state"":0,""max_aov_h"":90.0,""max_aov_v"":58.71550750732422,""min_aov_h"":1.40625,""min_aov_v"":0.7910428047180176,""max_zoom"":64.0}",7.2464098
27062939944000,position,618,"{""message_type"":""GLOBAL_POSITION_INT"",""lat"":469511132,""lon"":393486768}",7.2565699
27062940059700,attitude,1237,"{""message_type"":""ATTITUDE"",""time_boot_ms"":123910,""roll"":0.0945226326584816,""pitch"":-0.2072100192308426,""yaw"":-2.9550352096557617,""rollspeed"":0.008137512020766735,""pitchspeed"":-0.04751498997211456,""yawspeed"":0.027953824028372765}",7.2566856
27062940297200,vfr,618,"{""message_type"":""VFR_HUD"",""airspeed"":34.16976547241211,""alt"":177.3199920654297}",7.2569231
27062947126100,range,1185,"{""message_type"":""GLOBAL_VISION_POSITION_ESTIMATE"",""x"":46.948333740234375,""y"":39.34786605834961}",7.263752
27062951031600,gimbal,3064,"{""imu_roll"":0.0,""imu_pitch"":12.661787033081055,""imu_yaw"":1.7361605167388916,""frame_roll"":0.0,""frame_pitch"":12.661787033081055,""frame_yaw"":1.7361605167388916,""pitch_speed"":0.0,""yaw_speed"":0.0}",7.2676575
27062951337000,fov,3064,"{""zoom"":12.339999198913574,""hfov"":7.293355464935303,""vfov"":4.106302738189697,""state"":0,""max_aov_h"":90.0,""max_aov_v"":58.71550750732422,""min_aov_h"":1.40625,""min_aov_v"":0.7910428047180176,""max_zoom"":64.0}",7.2679629
27062960804100,target_offset,634,"{""x_angle_offset"":-0.015194490551948547,""y_angle_offset"":-0.20531513690948486}",7.27743
27062964715700,range,1186,"{""message_type"":""GLOBAL_VISION_POSITION_ESTIMATE"",""x"":46.948333740234375,""y"":39.34786605834961}",7.2813416
27062972837500,gimbal,3065,"{""imu_roll"":0.0,""imu_pitch"":12.610228538513184,""imu_yaw"":1.723818063735962,""frame_roll"":0.0,""frame_pitch"":12.610228538513184,""frame_yaw"":1.723818063735962,""pitch_speed"":0.0,""yaw_speed"":0.0}",7.2894634
27062973112600,fov,3065,"{""zoom"":12.339999198913574,""hfov"":7.293355464935303,""vfov"":4.106302738189697,""state"":0,""max_aov_h"":90.0,""max_aov_v"":58.71550750732422,""min_aov_h"":1.40625,""min_aov_v"":0.7910428047180176,""max_zoom"":64.0}",7.2897385
27062993826300,gimbal,3066,"{""imu_roll"":0.0,""imu_pitch"":12.578261375427246,""imu_yaw"":1.7116585969924927,""frame_roll"":0.0,""frame_pitch"":12.578261375427246,""frame_yaw"":1.7116585969924927,""pitch_speed"":0.0,""yaw_speed"":0.0}",7.3104522
27062994312300,fov,3066,"{""zoom"":12.339999198913574,""hfov"":7.293355464935303,""vfov"":4.106302738189697,""state"":0,""max_aov_h"":90.0,""max_aov_v"":58.71550750732422,""min_aov_h"":1.40625,""min_aov_v"":0.7910428047180176,""max_zoom"":64.0}",7.3109382
27063004957100,target_offset,635,"{""x_angle_offset"":-0.02279173582792282,""y_angle_offset"":-0.19771087257950393}",7.321583
27063009026000,attitude,1238,"{""message_type"":""ATTITUDE"",""time_boot_ms"":123970,""roll"":0.0951300710439682,""pitch"":-0.20988242328166962,""yaw"":-2.953690767288208,""rollspeed"":0.006441189907491207,""pitchspeed"":-0.043573372066020966,""yawspeed"":0.027283450588583946}",7.3256519
27063019509300,gimbal,3067,"{""imu_roll"":0.0,""imu_pitch"":12.527063369750977,""imu_yaw"":1.6953603029251099,""frame_roll"":0.0,""frame_pitch"":12.527063369750977,""frame_yaw"":1.6953603029251099,""pitch_speed"":0.0,""yaw_speed"":0.0}",7.3361352
27063019887300,fov,3067,"{""zoom"":12.339999198913574,""hfov"":7.293355464935303,""vfov"":4.106302738189697,""state"":0,""max_aov_h"":90.0,""max_aov_v"":58.71550750732422,""min_aov_h"":1.40625,""min_aov_v"":0.7910428047180176,""max_zoom"":64.0}",7.3365132
27063026570900,target_offset,636,"{""x_angle_offset"":-0.02279173582792282,""y_angle_offset"":-0.19010660824952302}",7.3431968
27063039998000,gimbal,3068,"{""imu_roll"":0.0,""imu_pitch"":12.480456352233887,""imu_yaw"":1.682211995124817,""frame_roll"":0.0,""frame_pitch"":12.480456352233887,""frame_yaw"":1.682211995124817,""pitch_speed"":0.0,""yaw_speed"":0.0}",7.3566239
27063040584600,fov,3068,"{""zoom"":12.339999198913574,""hfov"":7.293355464935303,""vfov"":4.106302738189697,""state"":0,""max_aov_h"":90.0,""max_aov_v"":58.71550750732422,""min_aov_h"":1.40625,""min_aov_v"":0.7910428047180176,""max_zoom"":64.0}",7.3572105
27063049868100,position,619,"{""message_type"":""GLOBAL_POSITION_INT"",""lat"":469511132,""lon"":393486768}",7.366494
27063050072400,attitude,1239,"{""message_type"":""ATTITUDE"",""time_boot_ms"":124010,""roll"":0.09549618512392044,""pitch"":-0.21158356964588165,""yaw"":-2.952813148498535,""rollspeed"":0.005772724747657776,""pitchspeed"":-0.04250221699476242,""yawspeed"":0.026821762323379517}",7.3666983
27063050296400,vfr,619,"{""message_type"":""VFR_HUD"",""airspeed"":34.35749816894531,""alt"":176.39999389648438}",7.3669223
27063058593900,gimbal,3069,"{""imu_roll"":0.0,""imu_pitch"":12.452995300292969,""imu_yaw"":1.670789361000061,""frame_roll"":0.0,""frame_pitch"":12.452995300292969,""frame_yaw"":1.670789361000061,""pitch_speed"":0.0,""yaw_speed"":0.0}",7.3752198
27063058946200,fov,3069,"{""zoom"":12.339999198913574,""hfov"":7.293355464935303,""vfov"":4.106302738189697,""state"":0,""max_aov_h"":90.0,""max_aov_v"":58.71550750732422,""min_aov_h"":1.40625,""min_aov_v"":0.7910428047180176,""max_zoom"":64.0}",7.3755721
27063068664600,target_offset,637,"{""x_angle_offset"":-0.02279173582792282,""y_angle_offset"":-0.15968955092959933}",7.3852905
27063080286000,gimbal,3070,"{""imu_roll"":0.0,""imu_pitch"":12.414257049560547,""imu_yaw"":1.658616065979004,""frame_roll"":0.0,""frame_pitch"":12.414257049560547,""frame_yaw"":1.658616065979004,""pitch_speed"":0.0,""yaw_speed"":0.0}",7.3969119
27063080681700,fov,3070,"{""zoom"":12.339999198913574,""hfov"":7.293355464935303,""vfov"":4.106302738189697,""state"":0,""max_aov_h"":90.0,""max_aov_v"":58.71550750732422,""min_aov_h"":1.40625,""min_aov_v"":0.7910428047180176,""max_zoom"":64.0}",7.3973076
27063100350100,gimbal,3071,"{""imu_roll"":0.0,""imu_pitch"":12.38769245147705,""imu_yaw"":1.6448107957839966,""frame_roll"":0.0,""frame_pitch"":12.38769245147705,""frame_yaw"":1.6448107957839966,""pitch_speed"":0.0,""yaw_speed"":0.0}",7.416976
27063100733300,fov,3071,"{""zoom"":12.339999198913574,""hfov"":7.293355464935303,""vfov"":4.106302738189697,""state"":0,""max_aov_h"":90.0,""max_aov_v"":58.71550750732422,""min_aov_h"":1.40625,""min_aov_v"":0.7910428047180176,""max_zoom"":64.0}",7.4173592
27063103986100,range,1187,"{""message_type"":""GLOBAL_VISION_POSITION_ESTIMATE"",""x"":46.948333740234375,""y"":39.34786605834961}",7.420612
27063112424600,target_offset,638,"{""x_angle_offset"":-0.02279173582792282,""y_angle_offset"":-0.13687675793965656}",7.4290505
27063118356300,range,1188,"{""message_type"":""GLOBAL_VISION_POSITION_ESTIMATE"",""x"":46.948333740234375,""y"":39.34786605834961}",7.4349822
27063118535200,attitude,1240,"{""message_type"":""ATTITUDE"",""time_boot_ms"":124070,""roll"":0.09602788090705872,""pitch"":-0.21408429741859436,""yaw"":-2.951526403427124,""rollspeed"":0.005752029828727245,""pitchspeed"":-0.04193204268813133,""yawspeed"":0.026189904659986496}",7.4351611
27063122708900,gimbal,3072,"{""imu_roll"":0.0,""imu_pitch"":12.366595268249512,""imu_yaw"":1.6291488409042358,""frame_roll"":0.0,""frame_pitch"":12.366595268249512,""frame_yaw"":1.6291488409042358,""pitch_speed"":0.0,""yaw_speed"":0.0}",7.4393348
27063123585000,fov,3072,"{""zoom"":12.339999198913574,""hfov"":7.293355464935303,""vfov"":4.106302738189697,""state"":0,""max_aov_h"":90.0,""max_aov_v"":58.71550750732422,""min_aov_h"":1.40625,""min_aov_v"":0.7910428047180176,""max_zoom"":64.0}",7.4402109
27063142978600,gimbal,3073,"{""imu_roll"":0.0,""imu_pitch"":12.340421676635742,""imu_yaw"":1.6192572116851807,""frame_roll"":0.0,""frame_pitch"":12.340421676635742,""frame_yaw"":1.6192572116851807,""pitch_speed"":0.0,""yaw_speed"":0.0}",7.4596045
27063143948600,fov,3073,"{""zoom"":12.339999198913574,""hfov"":7.293355464935303,""vfov"":4.106302738189697,""state"":0,""max_aov_h"":90.0,""max_aov_v"":58.71550750732422,""min_aov_h"":1.40625,""min_aov_v"":0.7910428047180176,""max_zoom"":64.0}",7.4605745
27063153036100,target_offset,639,"{""x_angle_offset"":-0.02279173582792282,""y_angle_offset"":-0.1064597006197329}",7.469662
27063158025300,position,620,"{""message_type"":""GLOBAL_POSITION_INT"",""lat"":469510458,""lon"":393486563}",7.4746512
27063158227700,attitude,1241,"{""message_type"":""ATTITUDE"",""time_boot_ms"":124110,""roll"":0.09628386050462723,""pitch"":-0.2157393842935562,""yaw"":-2.950681447982788,""rollspeed"":0.005424480885267258,""pitchspeed"":-0.042724765837192535,""yawspeed"":0.025619715452194214}",7.4748536
27063158446100,vfr,620,"{""message_type"":""VFR_HUD"",""airspeed"":34.56409454345703,""alt"":175.4499969482422}",7.475072
27063164163500,gimbal,3074,"{""imu_roll"":0.0,""imu_pitch"":12.310730934143066,""imu_yaw"":1.602481722831726,""frame_roll"":0.0,""frame_pitch"":12.310730934143066,""frame_yaw"":1.602481722831726,""pitch_speed"":0.0,""yaw_speed"":0.0}",7.4807894
27063164786200,fov,3074,"{""zoom"":12.339999198913574,""hfov"":7.293355464935303,""vfov"":4.106302738189697,""state"":0,""max_aov_h"":90.0,""max_aov_v"":58.71550750732422,""min_aov_h"":1.40625,""min_aov_v"":0.7910428047180176,""max_zoom"":64.0}",7.4814121
27063184785600,gimbal,3075,"{""imu_roll"":0.0,""imu_pitch"":12.292135238647461,""imu_yaw"":1.5875107049942017,""frame_roll"":0.0,""frame_pitch"":12.292135238647461,""frame_yaw"":1.5875107049942017,""pitch_speed"":0.0,""yaw_speed"":0.0}",7.5014115
27063187440000,fov,3075,"{""zoom"":12.339999198913574,""hfov"":7.293355464935303,""vfov"":4.106302738189697,""state"":0,""max_aov_h"":90.0,""max_aov_v"":58.71550750732422,""min_aov_h"":1.40625,""min_aov_v"":0.7910428047180176,""max_zoom"":64.0}",7.5040659
27063196874400,target_offset,640,"{""x_angle_offset"":-0.015194490551948547,""y_angle_offset"":-0.1064597006197329}",7.5135003
27063206736400,gimbal,3076,"{""imu_roll"":0.0,""imu_pitch"":12.266739845275879,""imu_yaw"":1.5755751132965088,""frame_roll"":0.0,""frame_pitch"":12.266739845275879,""frame_yaw"":1.5755751132965088,""pitch_speed"":0.0,""yaw_speed"":0.0}",7.5233623
27063207149500,fov,3076,"{""zoom"":12.339999198913574,""hfov"":7.293355464935303,""vfov"":4.106302738189697,""state"":0,""max_aov_h"":90.0,""max_aov_v"":58.71550750732422,""min_aov_h"":1.40625,""min_aov_v"":0.7910428047180176,""max_zoom"":64.0}",7.5237754
27063217531800,attitude,1242,"{""message_type"":""ATTITUDE"",""time_boot_ms"":124170,""roll"":0.09653724730014801,""pitch"":-0.2182292938232422,""yaw"":-2.949427843093872,""rollspeed"":0.006093312986195087,""pitchspeed"":-0.04417462646961212,""yawspeed"":0.024991007521748543}",7.5341577
27063225470800,gimbal,3077,"{""imu_roll"":0.0,""imu_pitch"":12.248411178588867,""imu_yaw"":1.5620813369750977,""frame_roll"":0.0,""frame_pitch"":12.248411178588867,""frame_yaw"":1.5620813369750977,""pitch_speed"":0.0,""yaw_speed"":0.0}",7.5420967
27063225838200,fov,3077,"{""zoom"":12.339999198913574,""hfov"":7.293355464935303,""vfov"":4.106302738189697,""state"":0,""max_aov_h"":90.0,""max_aov_v"":58.71550750732422,""min_aov_h"":1.40625,""min_aov_v"":0.7910428047180176,""max_zoom"":64.0}",7.5424641
27063237885800,target_offset,641,"{""x_angle_offset"":-0.015194490551948547,""y_angle_offset"":-0.1064597006197329}",7.5545117
27063248090100,gimbal,3078,"{""imu_roll"":0.0,""imu_pitch"":12.222222328186035,""imu_yaw"":1.5514360666275024,""frame_roll"":0.0,""frame_pitch"":12.222222328186035,""frame_yaw"":1.5514360666275024,""pitch_speed"":0.0,""yaw_speed"":0.0}",7.564716
27063248394800,fov,3078,"{""zoom"":12.339999198913574,""hfov"":7.293355464935303,""vfov"":4.106302738189697,""state"":0,""max_aov_h"":90.0,""max_aov_v"":58.71550750732422,""min_aov_h"":1.40625,""min_aov_v"":0.7910428047180176,""max_zoom"":64.0}",7.5650207
27063257113900,range,1189,"{""message_type"":""GLOBAL_VISION_POSITION_ESTIMATE"",""x"":46.94826889038086,""y"":39.34782791137695}",7.5737398
27063258896900,range,1190,"{""message_type"":""GLOBAL_VISION_POSITION_ESTIMATE"",""x"":46.94826889038086,""y"":39.34782791137695}",7.5755228
27063259144300,position,621,"{""message_type"":""GLOBAL_POSITION_INT"",""lat"":469510458,""lon"":393486563}",7.5757702
27063259388700,attitude,1243,"{""message_type"":""ATTITUDE"",""time_boot_ms"":124210,""roll"":0.09673058241605759,""pitch"":-0.21996620297431946,""yaw"":-2.948629379272461,""rollspeed"":0.006172086112201214,""pitchspeed"":-0.045978695154190063,""yawspeed"":0.02437669038772583}",7.5760146
27063259910800,vfr,621,"{""message_type"":""VFR_HUD"",""airspeed"":34.75810623168945,""alt"":174.47999572753906}",7.5765367
27063266287700,gimbal,3079,"{""imu_roll"":0.0,""imu_pitch"":12.205113410949707,""imu_yaw"":1.5405986309051514,""frame_roll"":0.0,""frame_pitch"":12.205113410949707,""frame_yaw"":1.5405986309051514,""pitch_speed"":0.0,""yaw_speed"":0.0}",7.5829136
27063267287900,fov,3079,"{""zoom"":12.339999198913574,""hfov"":7.293355464935303,""vfov"":4.106302738189697,""state"":0,""max_aov_h"":90.0,""max_aov_v"":58.71550750732422,""min_aov_h"":1.40625,""min_aov_v"":0.7910428047180176,""max_zoom"":64.0}",7.5839138
27063279498400,target_offset,642,"{""x_angle_offset"":-0.007597245275974274,""y_angle_offset"":-0.11406396494971381}",7.5961243
27063290192700,gimbal,3080,"{""imu_roll"":0.0,""imu_pitch"":12.175625801086426,""imu_yaw"":1.5272910594940186,""frame_roll"":0.0,""frame_pitch"":12.175625801086426,""frame_yaw"":1.5272910594940186,""pitch_speed"":0.0,""yaw_speed"":0.0}",7.6068186
27063290632700,fov,3080,"{""zoom"":12.339999198913574,""hfov"":7.293355464935303,""vfov"":4.106302738189697,""state"":0,""max_aov_h"":90.0,""max_aov_v"":58.71550750732422,""min_aov_h"":1.40625,""min_aov_v"":0.7910428047180176,""max_zoom"":64.0}",7.6072586
27063310631900,gimbal,3081,"{""imu_roll"":0.0,""imu_pitch"":12.158528327941895,""imu_yaw"":1.51570725440979,""frame_roll"":0.0,""frame_pitch"":12.158528327941895,""frame_yaw"":1.51570725440979,""pitch_speed"":0.0,""yaw_speed"":0.0}",7.6272578
27063311003300,fov,3081,"{""zoom"":12.339999198913574,""hfov"":7.293355464935303,""vfov"":4.106302738189697,""state"":0,""max_aov_h"":90.0,""max_aov_v"":58.71550750732422,""min_aov_h"":1.40625,""min_aov_v"":0.7910428047180176,""max_zoom"":64.0}",7.6276292
27063321982300,target_offset,643,"{""x_angle_offset"":0.0,""y_angle_offset"":-0.1444810222696375}",7.6386082
27063325477200,attitude,1244,"{""message_type"":""ATTITUDE"",""time_boot_ms"":124270,""roll"":0.09706158936023712,""pitch"":-0.2226419597864151,""yaw"":-2.9474823474884033,""rollspeed"":0.007125230506062508,""pitchspeed"":-0.04700333997607231,""yawspeed"":0.023543253540992737}",7.6421031
27063330163600,gimbal,3082,"{""imu_roll"":0.0,""imu_pitch"":12.122987747192383,""imu_yaw"":1.5058714151382446,""frame_roll"":0.0,""frame_pitch"":12.122987747192383,""frame_yaw"":1.5058714151382446,""pitch_speed"":0.0,""yaw_speed"":0.0}",7.6467895
27063330496700,fov,3082,"{""zoom"":12.339999198913574,""hfov"":7.293355464935303,""vfov"":4.106302738189697,""state"":0,""max_aov_h"":90.0,""max_aov_v"":58.71550750732422,""min_aov_h"":1.40625,""min_aov_v"":0.7910428047180176,""max_zoom"":64.0}",7.6471226
27063351069500,gimbal,3083,"{""imu_roll"":0.0,""imu_pitch"":12.099342346191406,""imu_yaw"":1.495052456855774,""frame_roll"":0.0,""frame_pitch"":12.099342346191406,""frame_yaw"":1.495052456855774,""pitch_speed"":0.0,""yaw_speed"":0.0}",7.6676954
27063351670600,fov,3083,"{""zoom"":12.339999198913574,""hfov"":7.293355464935303,""vfov"":4.106302738189697,""state"":0,""max_aov_h"":90.0,""max_aov_v"":58.71550750732422,""min_aov_h"":1.40625,""min_aov_v"":0.7910428047180176,""max_zoom"":64.0}",7.6682965
27063363882800,target_offset,644,"{""x_angle_offset"":0.007597245275974274,""y_angle_offset"":-0.1444810222696375}",7.6805087
27063367975300,vfr,622,"{""message_type"":""VFR_HUD"",""airspeed"":34.96837615966797,""alt"":173.489990234375}",7.6846012
27063368207300,attitude,1245,"{""message_type"":""ATTITUDE"",""time_boot_ms"":124310,""roll"":0.09730824828147888,""pitch"":-0.22443710267543793,""yaw"":-2.946748971939087,""rollspeed"":0.007275264710187912,""pitchspeed"":-0.04719331115484238,""yawspeed"":0.02297222800552845}",7.6848332
27063368541600,position,622,"{""message_type"":""GLOBAL_POSITION_INT"",""lat"":469509779,""lon"":393486352}",7.6851675
27063376521600,gimbal,3084,"{""imu_roll"":0.0,""imu_pitch"":12.064363479614258,""imu_yaw"":1.4901365041732788,""frame_roll"":0.0,""frame_pitch"":12.064363479614258,""frame_yaw"":1.4901365041732788,""pitch_speed"":0.0,""yaw_speed"":0.0}",7.6931475
27063376808500,fov,3084,"{""zoom"":12.339999198913574,""hfov"":7.293355464935303,""vfov"":4.106302738189697,""state"":0,""max_aov_h"":90.0,""max_aov_v"":58.71550750732422,""min_aov_h"":1.40625,""min_aov_v"":0.7910428047180176,""max_zoom"":64.0}",7.6934344
27063387717300,target_offset,645,"{""x_angle_offset"":0.015194490551948547,""y_angle_offset"":-0.17489807958956116}",7.7043432
27063394686400,gimbal,3085,"{""imu_roll"":0.0,""imu_pitch"":12.026589393615723,""imu_yaw"":1.4874439239501953,""frame_roll"":0.0,""frame_pitch"":12.026589393615723,""frame_yaw"":1.4874439239501953,""pitch_speed"":0.0,""yaw_speed"":0.0}",7.7113123
27063395644900,fov,3085,"{""zoom"":12.339999198913574,""hfov"":7.293355464935303,""vfov"":4.106302738189697,""state"":0,""max_aov_h"":90.0,""max_aov_v"":58.71550750732422,""min_aov_h"":1.40625,""min_aov_v"":0.7910428047180176,""max_zoom"":64.0}",7.7122708
27063416157900,gimbal,3086,"{""imu_roll"":0.0,""imu_pitch"":11.9984712600708,""imu_yaw"":1.4815765619277954,""frame_roll"":0.0,""frame_pitch"":11.9984712600708,""frame_yaw"":1.4815765619277954,""pitch_speed"":0.0,""yaw_speed"":0.0}",7.7327838
27063416461900,fov,3086,"{""zoom"":12.339999198913574,""hfov"":7.293355464935303,""vfov"":4.106302738189697,""state"":0,""max_aov_h"":90.0,""max_aov_v"":58.71550750732422,""min_aov_h"":1.40625,""min_aov_v"":0.7910428047180176,""max_zoom"":64.0}",7.7330878
27063429837500,range,1191,"{""message_type"":""GLOBAL_VISION_POSITION_ESTIMATE"",""x"":46.94819259643555,""y"":39.347816467285156}",7.7464634
27063433905200,target_offset,646,"{""x_angle_offset"":0.015194490551948547,""y_angle_offset"":-0.17489807958956116}",7.7505311
27063438521800,range,1192,"{""message_type"":""GLOBAL_VISION_POSITION_ESTIMATE"",""x"":46.94819259643555,""y"":39.347816467285156}",7.7551477
27063438677800,attitude,1246,"{""message_type"":""ATTITUDE"",""time_boot_ms"":124370,""roll"":0.09756980091333389,""pitch"":-0.22717200219631195,""yaw"":-2.9456632137298584,""rollspeed"":0.008253047242760658,""pitchspeed"":-0.04762949049472809,""yawspeed"":0.022081315517425537}",7.7553037
27063445396000,gimbal,3087,"{""imu_roll"":0.0,""imu_pitch"":11.946078300476074,""imu_yaw"":1.476556420326233,""frame_roll"":0.0,""frame_pitch"":11.946078300476074,""frame_yaw"":1.476556420326233,""pitch_speed"":0.0,""yaw_speed"":0.0}",7.7620219
27063445807700,fov,3087,"{""zoom"":12.339999198913574,""hfov"":7.293355464935303,""vfov"":4.106302738189697,""state"":0,""max_aov_h"":90.0,""max_aov_v"":58.71550750732422,""min_aov_h"":1.40625,""min_aov_v"":0.7910428047180176,""max_zoom"":64.0}",7.7624336
27063462541200,gimbal,3088,"{""imu_roll"":0.0,""imu_pitch"":11.924651145935059,""imu_yaw"":1.4717915058135986,""frame_roll"":0.0,""frame_pitch"":11.924651145935059,""frame_yaw"":1.4717915058135986,""pitch_speed"":0.0,""yaw_speed"":0.0}",7.7791671
27063462836000,fov,3088,"{""zoom"":12.339999198913574,""hfov"":7.293355464935303,""vfov"":4.106302738189697,""state"":0,""max_aov_h"":90.0,""max_aov_v"":58.71550750732422,""min_aov_h"":1.40625,""min_aov_v"":0.7910428047180176,""max_zoom"":64.0}",7.7794619
27063474336300,target_offset,647,"{""x_angle_offset"":0.02279173582792282,""y_angle_offset"":-0.17489807958956116}",7.7909622
27063481539300,vfr,623,"{""message_type"":""VFR_HUD"",""airspeed"":35.16446304321289,""alt"":172.47999572753906}",7.7981652
27063481722200,position,623,"{""message_type"":""GLOBAL_POSITION_INT"",""lat"":469509779,""lon"":393486352}",7.7983481
27063481852400,attitude,1247,"{""message_type"":""ATTITUDE"",""time_boot_ms"":124410,""roll"":0.09777668863534927,""pitch"":-0.22902503609657288,""yaw"":-2.9449779987335205,""rollspeed"":0.008487921208143234,""pitchspeed"":-0.04837314039468765,""yawspeed"":0.021342605352401733}",7.7984783
27063483958000,gimbal,3089,"{""imu_roll"":0.0,""imu_pitch"":11.883036613464355,""imu_yaw"":1.4715977907180786,""frame_roll"":0.0,""frame_pitch"":11.883036613464355,""frame_yaw"":1.4715977907180786,""pitch_speed"":0.0,""yaw_speed"":0.0}",7.8005839
27063484481400,fov,3089,"{""zoom"":12.339999198913574,""hfov"":7.293355464935303,""vfov"":4.106302738189697,""state"":0,""max_aov_h"":90.0,""max_aov_v"":58.71550750732422,""min_aov_h"":1.40625,""min_aov_v"":0.7910428047180176,""max_zoom"":64.0}",7.8011073
27063503690800,gimbal,3090,"{""imu_roll"":0.0,""imu_pitch"":11.854619026184082,""imu_yaw"":1.4681041240692139,""frame_roll"":0.0,""frame_pitch"":11.854619026184082,""frame_yaw"":1.4681041240692139,""pitch_speed"":0.0,""yaw_speed"":0.0}",7.8203167
27063504186900,fov,3090,"{""zoom"":12.339999198913574,""hfov"":7.293355464935303,""vfov"":4.106302738189697,""state"":0,""max_aov_h"":90.0,""max_aov_v"":58.71550750732422,""min_aov_h"":1.40625,""min_aov_v"":0.7910428047180176,""max_zoom"":64.0}",7.8208128
27063513749800,target_offset,648,"{""x_angle_offset"":0.02279173582792282,""y_angle_offset"":-0.16729381525958026}",7.8303757
27063524418000,gimbal,3091,"{""imu_roll"":0.0,""imu_pitch"":11.814549446105957,""imu_yaw"":1.4642107486724854,""frame_roll"":0.0,""frame_pitch"":11.814549446105957,""frame_yaw"":1.4642107486724854,""pitch_speed"":0.0,""yaw_speed"":0.0}",7.8410439
27063525269000,fov,3091,"{""zoom"":12.339999198913574,""hfov"":7.293355464935303,""vfov"":4.106302738189697,""state"":0,""max_aov_h"":90.0,""max_aov_v"":58.71550750732422,""min_aov_h"":1.40625,""min_aov_v"":0.7910428047180176,""max_zoom"":64.0}",7.8418949
27063542170800,gimbal,3092,"{""imu_roll"":0.0,""imu_pitch"":11.790002822875977,""imu_yaw"":1.45940363407135,""frame_roll"":0.0,""frame_pitch"":11.790002822875977,""frame_yaw"":1.45940363407135,""pitch_speed"":0.0,""yaw_speed"":0.0}",7.8587967
27063542559000,fov,3092,"{""zoom"":12.339999198913574,""hfov"":7.293355464935303,""vfov"":4.106302738189697,""state"":0,""max_aov_h"":90.0,""max_aov_v"":58.71550750732422,""min_aov_h"":1.40625,""min_aov_v"":0.7910428047180176,""max_zoom"":64.0}",7.8591849
27063545785100,attitude,1248,"{""message_type"":""ATTITUDE"",""time_boot_ms"":124470,""roll"":0.0980597585439682,""pitch"":-0.2318597435951233,""yaw"":-2.9440014362335205,""rollspeed"":0.00747059378772974,""pitchspeed"":-0.04973820596933365,""yawspeed"":0.02048768848180771}",7.862411
27063554566900,target_offset,649,"{""x_angle_offset"":0.02279173582792282,""y_angle_offset"":-0.16729381525958026}",7.8711928
27063563542400,gimbal,3093,"{""imu_roll"":0.0,""imu_pitch"":11.745230674743652,""imu_yaw"":1.4579299688339233,""frame_roll"":0.0,""frame_pitch"":11.745230674743652,""frame_yaw"":1.4579299688339233,""pitch_speed"":0.0,""yaw_speed"":0.0}",7.8801683
27063564090500,fov,3093,"{""zoom"":12.339999198913574,""hfov"":7.293355464935303,""vfov"":4.106302738189697,""state"":0,""max_aov_h"":90.0,""max_aov_v"":58.71550750732422,""min_aov_h"":1.40625,""min_aov_v"":0.7910428047180176,""max_zoom"":64.0}",7.8807164
27063581299400,range,1193,"{""message_type"":""GLOBAL_VISION_POSITION_ESTIMATE"",""x"":46.948997497558594,""y"":39.34804153442383}",7.8979253
27063583437800,gimbal,3094,"{""imu_roll"":0.0,""imu_pitch"":11.720325469970703,""imu_yaw"":1.454293131828308,""frame_roll"":0.0,""frame_pitch"":11.720325469970703,""frame_yaw"":1.454293131828308,""pitch_speed"":0.0,""yaw_speed"":0.0}",7.9000637
27063583823600,fov,3094,"{""zoom"":12.339999198913574,""hfov"":7.293355464935303,""vfov"":4.106302738189697,""state"":0,""max_aov_h"":90.0,""max_aov_v"":58.71550750732422,""min_aov_h"":1.40625,""min_aov_v"":0.7910428047180176,""max_zoom"":64.0}",7.9004495
27063590293300,attitude,1249,"{""message_type"":""ATTITUDE"",""time_boot_ms"":124510,""roll"":0.09822633862495422,""pitch"":-0.23379671573638916,""yaw"":-2.9433887004852295,""rollspeed"":0.006852098740637302,""pitchspeed"":-0.05069420114159584,""yawspeed"":0.019817963242530823}",7.9069192
27063590666200,vfr,624,"{""message_type"":""VFR_HUD"",""airspeed"":35.37521743774414,""alt"":171.45999145507812}",7.9072921
27063591627800,position,624,"{""message_type"":""GLOBAL_POSITION_INT"",""lat"":469509779,""lon"":393486352}",7.9082537
27063591790800,range,1194,"{""message_type"":""GLOBAL_VISION_POSITION_ESTIMATE"",""x"":46.948997497558594,""y"":39.34804153442383}",7.9084167
27063595847800,target_offset,650,"{""x_angle_offset"":0.02279173582792282,""y_angle_offset"":-0.15968955092959933}",7.9124737
27063602911100,gimbal,3095,"{""imu_roll"":0.0,""imu_pitch"":11.684762954711914,""imu_yaw"":1.4547348022460938,""frame_roll"":0.0,""frame_pitch"":11.684762954711914,""frame_yaw"":1.4547348022460938,""pitch_speed"":0.0,""yaw_speed"":0.0}",7.919537
27063604107100,fov,3095,"{""zoom"":12.339999198913574,""hfov"":7.293355464935303,""vfov"":4.106302738189697,""state"":0,""max_aov_h"":90.0,""max_aov_v"":58.71550750732422,""min_aov_h"":1.40625,""min_aov_v"":0.7910428047180176,""max_zoom"":64.0}",7.920733
27063621373700,gimbal,3096,"{""imu_roll"":0.0,""imu_pitch"":11.663841247558594,""imu_yaw"":1.4524462223052979,""frame_roll"":0.0,""frame_pitch"":11.663841247558594,""frame_yaw"":1.4524462223052979,""pitch_speed"":0.0,""yaw_speed"":0.0}",7.9379996
27063621741300,fov,3096,"{""zoom"":12.339999198913574,""hfov"":7.293355464935303,""vfov"":4.106302738189697,""state"":0,""max_aov_h"":90.0,""max_aov_v"":58.71550750732422,""min_aov_h"":1.40625,""min_aov_v"":0.7910428047180176,""max_zoom"":64.0}",7.9383672
27063635730100,target_offset,651,"{""x_angle_offset"":0.02279173582792282,""y_angle_offset"":-0.15968955092959933}",7.952356
27063646417200,gimbal,3097,"{""imu_roll"":0.0,""imu_pitch"":11.620254516601562,""imu_yaw"":1.4525253772735596,""frame_roll"":0.0,""frame_pitch"":11.620254516601562,""frame_yaw"":1.4525253772735596,""pitch_speed"":0.0,""yaw_speed"":0.0}",7.9630431
27063646908800,fov,3097,"{""zoom"":12.339999198913574,""hfov"":7.293355464935303,""vfov"":4.106302738189697,""state"":0,""max_aov_h"":90.0,""max_aov_v"":58.71550750732422,""min_aov_h"":1.40625,""min_aov_v"":0.7910428047180176,""max_zoom"":64.0}",7.9635347
27063654523000,attitude,1250,"{""message_type"":""ATTITUDE"",""time_boot_ms"":124570,""roll"":0.09831252694129944,""pitch"":-0.2367917150259018,""yaw"":-2.942502021789551,""rollspeed"":0.005854620598256588,""pitchspeed"":-0.05233831703662872,""yawspeed"":0.018799766898155212}",7.9711489
27063664632900,gimbal,3098,"{""imu_roll"":0.0,""imu_pitch"":11.596652030944824,""imu_yaw"":1.4502402544021606,""frame_roll"":0.0,""frame_pitch"":11.596652030944824,""frame_yaw"":1.4502402544021606,""pitch_speed"":0.0,""yaw_speed"":0.0}",7.9812588
27063664966700,fov,3098,"{""zoom"":12.339999198913574,""hfov"":7.293355464935303,""vfov"":4.106302738189697,""state"":0,""max_aov_h"":90.0,""max_aov_v"":58.71550750732422,""min_aov_h"":1.40625,""min_aov_v"":0.7910428047180176,""max_zoom"":64.0}",7.9815926
27063677028700,target_offset,652,"{""x_angle_offset"":0.02279173582792282,""y_angle_offset"":-0.15968955092959933}",7.9936546
27063685397400,gimbal,3099,"{""imu_roll"":0.0,""imu_pitch"":11.559781074523926,""imu_yaw"":1.4513994455337524,""frame_roll"":0.0,""frame_pitch"":11.559781074523926,""frame_yaw"":1.4513994455337524,""pitch_speed"":0.0,""yaw_speed"":0.0}",8.0020233
27063685745900,fov,3099,"{""zoom"":12.339999198913574,""hfov"":7.293355464935303,""vfov"":4.106302738189697,""state"":0,""max_aov_h"":90.0,""max_aov_v"":58.71550750732422,""min_aov_h"":1.40625,""min_aov_v"":0.7910428047180176,""max_zoom"":64.0}",8.0023718
27063696376700,attitude,1251,"{""message_type"":""ATTITUDE"",""time_boot_ms"":124610,""roll"":0.09832829236984253,""pitch"":-0.23879972100257874,""yaw"":-2.941934585571289,""rollspeed"":0.005799638107419014,""pitchspeed"":-0.05229198560118675,""yawspeed"":0.018160775303840637}",8.0130026
27063696962900,vfr,625,"{""message_type"":""VFR_HUD"",""airspeed"":35.57107925415039,""alt"":170.39999389648438}",8.0135888
27063697167600,position,625,"{""message_type"":""GLOBAL_POSITION_INT"",""lat"":469509096,""lon"":393486140}",8.0137935
27063702249800,gimbal,3100,"{""imu_roll"":0.0,""imu_pitch"":11.537942886352539,""imu_yaw"":1.4500991106033325,""frame_roll"":0.0,""frame_pitch"":11.537942886352539,""frame_yaw"":1.4500991106033325,""pitch_speed"":0.0,""yaw_speed"":0.0}",8.0188757
27063702549200,fov,3100,"{""zoom"":12.339999198913574,""hfov"":7.293355464935303,""vfov"":4.106302738189697,""state"":0,""max_aov_h"":90.0,""max_aov_v"":58.71550750732422,""min_aov_h"":1.40625,""min_aov_v"":0.7910428047180176,""max_zoom"":64.0}",8.0191751
27063716384400,target_offset,653,"{""x_angle_offset"":0.015194490551948547,""y_angle_offset"":-0.16729381525958026}",8.0330103
27063722822000,range,1195,"{""message_type"":""GLOBAL_VISION_POSITION_ESTIMATE"",""x"":46.94893264770508,""y"":39.34800720214844}",8.0394479
27063724729800,gimbal,3101,"{""imu_roll"":0.0,""imu_pitch"":11.512744903564453,""imu_yaw"":1.4445674419403076,""frame_roll"":0.0,""frame_pitch"":11.512744903564453,""frame_yaw"":1.4445674419403076,""pitch_speed"":0.0,""yaw_speed"":0.0}",8.0413557
27063725418700,fov,3101,"{""zoom"":12.339999198913574,""hfov"":7.293355464935303,""vfov"":4.106302738189697,""state"":0,""max_aov_h"":90.0,""max_aov_v"":58.71550750732422,""min_aov_h"":1.40625,""min_aov_v"":0.7910428047180176,""max_zoom"":64.0}",8.0420446
27063738878200,gimbal,3102,"{""imu_roll"":0.0,""imu_pitch"":11.489727973937988,""imu_yaw"":1.443650484085083,""frame_roll"":0.0,""frame_pitch"":11.489727973937988,""frame_yaw"":1.443650484085083,""pitch_speed"":0.0,""yaw_speed"":0.0}",8.0555041
27063739245800,fov,3102,"{""zoom"":12.339999198913574,""hfov"":7.293355464935303,""vfov"":4.106302738189697,""state"":0,""max_aov_h"":90.0,""max_aov_v"":58.71550750732422,""min_aov_h"":1.40625,""min_aov_v"":0.7910428047180176,""max_zoom"":64.0}",8.0558717
27063739831300,range,1196,"{""message_type"":""GLOBAL_VISION_POSITION_ESTIMATE"",""x"":46.94893264770508,""y"":39.34800720214844}",8.0564572
27063754503500,target_offset,654,"{""x_angle_offset"":0.015194490551948547,""y_angle_offset"":-0.16729381525958026}",8.0711294
27063758616900,attitude,1252,"{""message_type"":""ATTITUDE"",""time_boot_ms"":124670,""roll"":0.09833657741546631,""pitch"":-0.24177946150302887,""yaw"":-2.941124200820923,""rollspeed"":0.005209035240113735,""pitchspeed"":-0.05167128145694733,""yawspeed"":0.01719784550368786}",8.0752428
27063762953500,gimbal,3103,"{""imu_roll"":0.0,""imu_pitch"":11.448596954345703,""imu_yaw"":1.4406712055206299,""frame_roll"":0.0,""frame_pitch"":11.448596954345703,""frame_yaw"":1.4406712055206299,""pitch_speed"":0.0,""yaw_speed"":0.0}",8.0795794
27063763343100,fov,3103,"{""zoom"":12.339999198913574,""hfov"":7.293355464935303,""vfov"":4.106302738189697,""state"":0,""max_aov_h"":90.0,""max_aov_v"":58.71550750732422,""min_aov_h"":1.40625,""min_aov_v"":0.7910428047180176,""max_zoom"":64.0}",8.079969
27063778442600,gimbal,3104,"{""imu_roll"":0.0,""imu_pitch"":11.427993774414062,""imu_yaw"":1.437726378440857,""frame_roll"":0.0,""frame_pitch"":11.427993774414062,""frame_yaw"":1.437726378440857,""pitch_speed"":0.0,""yaw_speed"":0.0}",8.0950685
27063778779400,fov,3104,"{""zoom"":12.339999198913574,""hfov"":7.293355464935303,""vfov"":4.106302738189697,""state"":0,""max_aov_h"":90.0,""max_aov_v"":58.71550750732422,""min_aov_h"":1.40625,""min_aov_v"":0.7910428047180176,""max_zoom"":64.0}",8.0954053
27063792998400,target_offset,655,"{""x_angle_offset"":0.015194490551948547,""y_angle_offset"":-0.17489807958956116}",8.1096243
27063800015700,vfr,626,"{""message_type"":""VFR_HUD"",""airspeed"":35.780845642089844,""alt"":169.3199920654297}",8.1166416
27063800277100,position,626,"{""message_type"":""GLOBAL_POSITION_INT"",""lat"":469509096,""lon"":393486140}",8.116903
27063800482600,attitude,1253,"{""message_type"":""ATTITUDE"",""time_boot_ms"":124710,""roll"":0.09836745262145996,""pitch"":-0.2437571883201599,""yaw"":-2.9406089782714844,""rollspeed"":0.006119591183960438,""pitchspeed"":-0.05165661498904228,""yawspeed"":0.016696542501449585}",8.1171085
27063801728800,gimbal,3105,"{""imu_roll"":0.0,""imu_pitch"":11.385180473327637,""imu_yaw"":1.4363139867782593,""frame_roll"":0.0,""frame_pitch"":11.385180473327637,""frame_yaw"":1.4363139867782593,""pitch_speed"":0.0,""yaw_speed"":0.0}",8.1183547
27063802079300,fov,3105,"{""zoom"":12.339999198913574,""hfov"":7.293355464935303,""vfov"":4.106302738189697,""state"":0,""max_aov_h"":90.0,""max_aov_v"":58.71550750732422,""min_aov_h"":1.40625,""min_aov_v"":0.7910428047180176,""max_zoom"":64.0}",8.1187052
27063818706400,gimbal,3106,"{""imu_roll"":0.0,""imu_pitch"":11.364054679870605,""imu_yaw"":1.4339358806610107,""frame_roll"":0.0,""frame_pitch"":11.364054679870605,""frame_yaw"":1.4339358806610107,""pitch_speed"":0.0,""yaw_speed"":0.0}",8.1353323
27063819112900,fov,3106,"{""zoom"":12.339999198913574,""hfov"":7.293355464935303,""vfov"":4.106302738189697,""state"":0,""max_aov_h"":90.0,""max_aov_v"":58.71550750732422,""min_aov_h"":1.40625,""min_aov_v"":0.7910428047180176,""max_zoom"":64.0}",8.1357388
27063832674500,target_offset,656,"{""x_angle_offset"":0.015194490551948547,""y_angle_offset"":-0.20531513690948486}",8.1493004
27063840654700,gimbal,3107,"{""imu_roll"":0.0,""imu_pitch"":11.314079284667969,""imu_yaw"":1.4291257858276367,""frame_roll"":0.0,""frame_pitch"":11.314079284667969,""frame_yaw"":1.4291257858276367,""pitch_speed"":0.0,""yaw_speed"":0.0}",8.1572806
27063841102800,fov,3107,"{""zoom"":12.339999198913574,""hfov"":7.293355464935303,""vfov"":4.106302738189697,""state"":0,""max_aov_h"":90.0,""max_aov_v"":58.71550750732422,""min_aov_h"":1.40625,""min_aov_v"":0.7910428047180176,""max_zoom"":64.0}",8.1577287
27063855688600,gimbal,3108,"{""imu_roll"":0.0,""imu_pitch"":11.287652015686035,""imu_yaw"":1.4250080585479736,""frame_roll"":0.0,""frame_pitch"":11.287652015686035,""frame_yaw"":1.4250080585479736,""pitch_speed"":0.0,""yaw_speed"":0.0}",8.1723145
27063856201800,fov,3108,"{""zoom"":12.339999198913574,""hfov"":7.293355464935303,""vfov"":4.106302738189697,""state"":0,""max_aov_h"":90.0,""max_aov_v"":58.71550750732422,""min_aov_h"":1.40625,""min_aov_v"":0.7910428047180176,""max_zoom"":64.0}",8.1728277
27063863370700,attitude,1254,"{""message_type"":""ATTITUDE"",""time_boot_ms"":124770,""roll"":0.0984405055642128,""pitch"":-0.2471688836812973,""yaw"":-2.9398648738861084,""rollspeed"":0.007576698437333107,""pitchspeed"":-0.051773570477962494,""yawspeed"":0.015892084687948227}",8.1799966
27063864054900,range,1197,"{""message_type"":""GLOBAL_VISION_POSITION_ESTIMATE"",""x"":46.94893264770508,""y"":39.34800338745117}",8.1806808
27063874161300,target_offset,657,"{""x_angle_offset"":0.02279173582792282,""y_angle_offset"":-0.2129194012394658}",8.1907872
27063882668700,gimbal,3109,"{""imu_roll"":0.0,""imu_pitch"":11.254096031188965,""imu_yaw"":1.417079210281372,""frame_roll"":0.0,""frame_pitch"":11.254096031188965,""frame_yaw"":1.417079210281372,""pitch_speed"":0.0,""yaw_speed"":0.0}",8.1992946
27063883163400,fov,3109,"{""zoom"":12.339999198913574,""hfov"":7.293355464935303,""vfov"":4.106302738189697,""state"":0,""max_aov_h"":90.0,""max_aov_v"":58.71550750732422,""min_aov_h"":1.40625,""min_aov_v"":0.7910428047180176,""max_zoom"":64.0}",8.1997893
27063886230100,range,1198,"{""message_type"":""GLOBAL_VISION_POSITION_ESTIMATE"",""x"":46.94893264770508,""y"":39.34800338745117}",8.202856
27063894746800,gimbal,3110,"{""imu_roll"":0.0,""imu_pitch"":11.225564956665039,""imu_yaw"":1.4172565937042236,""frame_roll"":0.0,""frame_pitch"":11.225564956665039,""frame_yaw"":1.4172565937042236,""pitch_speed"":0.0,""yaw_speed"":0.0}",8.2113727
27063895171500,fov,3110,"{""zoom"":12.339999198913574,""hfov"":7.293355464935303,""vfov"":4.106302738189697,""state"":0,""max_aov_h"":90.0,""max_aov_v"":58.71550750732422,""min_aov_h"":1.40625,""min_aov_v"":0.7910428047180176,""max_zoom"":64.0}",8.2117974
27063906454200,attitude,1255,"{""message_type"":""ATTITUDE"",""time_boot_ms"":124810,""roll"":0.0984957292675972,""pitch"":-0.2500469982624054,""yaw"":-2.9393744468688965,""rollspeed"":0.008785565383732319,""pitchspeed"":-0.05165918916463852,""yawspeed"":0.015507984906435013}",8.2230801
27063907470500,vfr,627,"{""message_type"":""VFR_HUD"",""airspeed"":35.9754753112793,""alt"":168.22000122070312}",8.2240964
27063907722200,position,627,"{""message_type"":""GLOBAL_POSITION_INT"",""lat"":469508391,""lon"":393485918}",8.2243481
27063908600300,target_offset,658,"{""x_angle_offset"":0.02279173582792282,""y_angle_offset"":-0.2205236655694467}",8.2252262
27063917820800,gimbal,3111,"{""imu_roll"":0.0,""imu_pitch"":11.169249534606934,""imu_yaw"":1.4159587621688843,""frame_roll"":0.0,""frame_pitch"":11.169249534606934,""frame_yaw"":1.4159587621688843,""pitch_speed"":0.0,""yaw_speed"":0.0}",8.2344467
27063918166600,fov,3111,"{""zoom"":12.339999198913574,""hfov"":7.293355464935303,""vfov"":4.106302738189697,""state"":0,""max_aov_h"":90.0,""max_aov_v"":58.71550750732422,""min_aov_h"":1.40625,""min_aov_v"":0.7910428047180176,""max_zoom"":64.0}",8.2347925
27063932687100,gimbal,3112,"{""imu_roll"":0.0,""imu_pitch"":11.14150333404541,""imu_yaw"":1.413840413093567,""frame_roll"":0.0,""frame_pitch"":11.14150333404541,""frame_yaw"":1.413840413093567,""pitch_speed"":0.0,""yaw_speed"":0.0}",8.249313
27063932995800,fov,3112,"{""zoom"":12.339999198913574,""hfov"":7.293355464935303,""vfov"":4.106302738189697,""state"":0,""max_aov_h"":90.0,""max_aov_v"":58.71550750732422,""min_aov_h"":1.40625,""min_aov_v"":0.7910428047180176,""max_zoom"":64.0}",8.2496217
27063946814900,target_offset,659,"{""x_angle_offset"":0.03798622637987137,""y_angle_offset"":-0.2205236655694467}",8.2634408
27063954964200,gimbal,3113,"{""imu_roll"":0.0,""imu_pitch"":11.092767715454102,""imu_yaw"":1.4186688661575317,""frame_roll"":0.0,""frame_pitch"":11.092767715454102,""frame_yaw"":1.4186688661575317,""pitch_speed"":0.0,""yaw_speed"":0.0}",8.2715901
27063956079900,fov,3113,"{""zoom"":12.339999198913574,""hfov"":7.293355464935303,""vfov"":4.106302738189697,""state"":0,""max_aov_h"":90.0,""max_aov_v"":58.71550750732422,""min_aov_h"":1.40625,""min_aov_v"":0.7910428047180176,""max_zoom"":64.0}",8.2727058
27063964431100,attitude,1256,"{""message_type"":""ATTITUDE"",""time_boot_ms"":124870,""roll"":0.09868257492780685,""pitch"":-0.25430428981781006,""yaw"":-2.9386603832244873,""rollspeed"":0.010641355067491531,""pitchspeed"":-0.050354454666376114,""yawspeed"":0.014916105195879936}",8.281057
27063973940300,gimbal,3114,"{""imu_roll"":0.0,""imu_pitch"":11.062012672424316,""imu_yaw"":1.4200142621994019,""frame_roll"":0.0,""frame_pitch"":11.062012672424316,""frame_yaw"":1.4200142621994019,""pitch_speed"":0.0,""yaw_speed"":0.0}",8.2905662
27063974358400,fov,3114,"{""zoom"":12.339999198913574,""hfov"":7.293355464935303,""vfov"":4.106302738189697,""state"":0,""max_aov_h"":90.0,""max_aov_v"":58.71550750732422,""min_aov_h"":1.40625,""min_aov_v"":0.7910428047180176,""max_zoom"":64.0}",8.2909843
27063985009000,target_offset,660,"{""x_angle_offset"":0.06077796220779419,""y_angle_offset"":-0.2205236655694467}",8.3016349
27063993589700,gimbal,3115,"{""imu_roll"":0.0,""imu_pitch"":11.013996124267578,""imu_yaw"":1.4279603958129883,""frame_roll"":0.0,""frame_pitch"":11.013996124267578,""frame_yaw"":1.4279603958129883,""pitch_speed"":0.0,""yaw_speed"":0.0}",8.3102156
27063993905400,fov,3115,"{""zoom"":12.339999198913574,""hfov"":7.293355464935303,""vfov"":4.106302738189697,""state"":0,""max_aov_h"":90.0,""max_aov_v"":58.71550750732422,""min_aov_h"":1.40625,""min_aov_v"":0.7910428047180176,""max_zoom"":64.0}",8.3105313
27064008486300,position,628,"{""message_type"":""GLOBAL_POSITION_INT"",""lat"":469508391,""lon"":393485918}",8.3251122
27064008716700,attitude,1257,"{""message_type"":""ATTITUDE"",""time_boot_ms"":124910,""roll"":0.0988568514585495,""pitch"":-0.2570810914039612,""yaw"":-2.938194513320923,""rollspeed"":0.01154886931180954,""pitchspeed"":-0.04896850138902664,""yawspeed"":0.014595890417695045}",8.3253426
27064008991200,vfr,628,"{""message_type"":""VFR_HUD"",""airspeed"":36.18347930908203,""alt"":167.09999084472656}",8.3256171
27064009470400,gimbal,3116,"{""imu_roll"":0.0,""imu_pitch"":10.985915184020996,""imu_yaw"":1.431396245956421,""frame_roll"":0.0,""frame_pitch"":10.985915184020996,""frame_yaw"":1.431396245956421,""pitch_speed"":0.0,""yaw_speed"":0.0}",8.3260963
27064010899600,fov,3116,"{""zoom"":12.339999198913574,""hfov"":7.293355464935303,""vfov"":4.106302738189697,""state"":0,""max_aov_h"":90.0,""max_aov_v"":58.71550750732422,""min_aov_h"":1.40625,""min_aov_v"":0.7910428047180176,""max_zoom"":64.0}",8.3275255
27064018892700,range,1199,"{""message_type"":""GLOBAL_VISION_POSITION_ESTIMATE"",""x"":46.94886016845703,""y"":39.34797668457031}",8.3355186
27064024310600,target_offset,661,"{""x_angle_offset"":0.06077796220779419,""y_angle_offset"":-0.2129194012394658}",8.3409365
27064029117600,range,1200,"{""message_type"":""GLOBAL_VISION_POSITION_ESTIMATE"",""x"":46.94886016845703,""y"":39.34797668457031}",8.3457435
27064032235000,gimbal,3117,"{""imu_roll"":0.0,""imu_pitch"":10.935697555541992,""imu_yaw"":1.4371752738952637,""frame_roll"":0.0,""frame_pitch"":10.935697555541992,""frame_yaw"":1.4371752738952637,""pitch_speed"":0.0,""yaw_speed"":0.0}",8.3488609
27064032873300,fov,3117,"{""zoom"":12.339999198913574,""hfov"":7.293355464935303,""vfov"":4.106302738189697,""state"":0,""max_aov_h"":90.0,""max_aov_v"":58.71550750732422,""min_aov_h"":1.40625,""min_aov_v"":0.7910428047180176,""max_zoom"":64.0}",8.3494992
27064045821800,gimbal,3118,"{""imu_roll"":0.0,""imu_pitch"":10.912034034729004,""imu_yaw"":1.4388158321380615,""frame_roll"":0.0,""frame_pitch"":10.912034034729004,""frame_yaw"":1.4388158321380615,""pitch_speed"":0.0,""yaw_speed"":0.0}",8.3624477
27064046208700,fov,3118,"{""zoom"":12.339999198913574,""hfov"":7.293355464935303,""vfov"":4.106302738189697,""state"":0,""max_aov_h"":90.0,""max_aov_v"":58.71550750732422,""min_aov_h"":1.40625,""min_aov_v"":0.7910428047180176,""max_zoom"":64.0}",8.3628346
27064060703300,gimbal,3119,"{""imu_roll"":0.0,""imu_pitch"":10.89106559753418,""imu_yaw"":1.4389384984970093,""frame_roll"":0.0,""frame_pitch"":10.89106559753418,""frame_yaw"":1.4389384984970093,""pitch_speed"":0.0,""yaw_speed"":0.0}",8.3773292
27064061033200,fov,3119,"{""zoom"":12.339999198913574,""hfov"":7.293355464935303,""vfov"":4.106302738189697,""state"":0,""max_aov_h"":90.0,""max_aov_v"":58.71550750732422,""min_aov_h"":1.40625,""min_aov_v"":0.7910428047180176,""max_zoom"":64.0}",8.3776591
27064069235200,attitude,1258,"{""message_type"":""ATTITUDE"",""time_boot_ms"":124970,""roll"":0.09917249530553818,""pitch"":-0.2611317038536072,""yaw"":-2.937504291534424,""rollspeed"":0.01250664796680212,""pitchspeed"":-0.04664027690887451,""yawspeed"":0.014233315363526344}",8.3858611
27064075270600,target_offset,662,"{""x_angle_offset"":0.06837520748376846,""y_angle_offset"":-0.20531513690948486}",8.3918965
27064082310400,fov,3120,"{""zoom"":12.339999198913574,""hfov"":7.293355464935303,""vfov"":4.106302738189697,""state"":0,""max_aov_h"":90.0,""max_aov_v"":58.71550750732422,""min_aov_h"":1.40625,""min_aov_v"":0.7910428047180176,""max_zoom"":64.0}",8.3989363
27064082663900,gimbal,3120,"{""imu_roll"":0.0,""imu_pitch"":10.86434268951416,""imu_yaw"":1.4364510774612427,""frame_roll"":0.0,""frame_pitch"":10.86434268951416,""frame_yaw"":1.4364510774612427,""pitch_speed"":0.0,""yaw_speed"":0.0}",8.3992898
27064095568700,gimbal,3121,"{""imu_roll"":0.0,""imu_pitch"":10.839804649353027,""imu_yaw"":1.4430562257766724,""frame_roll"":0.0,""frame_pitch"":10.839804649353027,""frame_yaw"":1.4430562257766724,""pitch_speed"":0.0,""yaw_speed"":0.0}",8.4121946
27064095903500,fov,3121,"{""zoom"":12.339999198913574,""hfov"":7.293355464935303,""vfov"":4.106302738189697,""state"":0,""max_aov_h"":90.0,""max_aov_v"":58.71550750732422,""min_aov_h"":1.40625,""min_aov_v"":0.7910428047180176,""max_zoom"":64.0}",8.4125294
27064110397900,vfr,629,"{""message_type"":""VFR_HUD"",""airspeed"":36.4005241394043,""alt"":165.9499969482422}",8.4270238
27064110669900,position,629,"{""message_type"":""GLOBAL_POSITION_INT"",""lat"":469507694,""lon"":393485699}",8.4272958
27064110883400,attitude,1259,"{""message_type"":""ATTITUDE"",""time_boot_ms"":125010,""roll"":0.09938216209411621,""pitch"":-0.26283833384513855,""yaw"":-2.937034845352173,""rollspeed"":0.012649225071072578,""pitchspeed"":-0.04389874264597893,""yawspeed"":0.013981692492961884}",8.4275093
27064112743100,target_offset,663,"{""x_angle_offset"":0.06837520748376846,""y_angle_offset"":-0.17489807958956116}",8.429369
27064118624900,gimbal,3122,"{""imu_roll"":0.0,""imu_pitch"":10.801545143127441,""imu_yaw"":1.4496803283691406,""frame_roll"":0.0,""frame_pitch"":10.801545143127441,""frame_yaw"":1.4496803283691406,""pitch_speed"":0.0,""yaw_speed"":0.0}",8.4352508
27064119005800,fov,3122,"{""zoom"":12.339999198913574,""hfov"":7.293355464935303,""vfov"":4.106302738189697,""state"":0,""max_aov_h"":90.0,""max_aov_v"":58.71550750732422,""min_aov_h"":1.40625,""min_aov_v"":0.7910428047180176,""max_zoom"":64.0}",8.4356317
27064134039500,gimbal,3123,"{""imu_roll"":0.0,""imu_pitch"":10.7803316116333,""imu_yaw"":1.455057978630066,""frame_roll"":0.0,""frame_pitch"":10.7803316116333,""frame_yaw"":1.455057978630066,""pitch_speed"":0.0,""yaw_speed"":0.0}",8.4506654
27064134551400,fov,3123,"{""zoom"":12.339999198913574,""hfov"":7.293355464935303,""vfov"":4.106302738189697,""state"":0,""max_aov_h"":90.0,""max_aov_v"":58.71550750732422,""min_aov_h"":1.40625,""min_aov_v"":0.7910428047180176,""max_zoom"":64.0}",8.4511773
27064150100400,target_offset,664,"{""x_angle_offset"":0.06837520748376846,""y_angle_offset"":-0.17489807958956116}",8.4667263
27064158199500,gimbal,3124,"{""imu_roll"":0.0,""imu_pitch"":10.7523193359375,""imu_yaw"":1.458987832069397,""frame_roll"":0.0,""frame_pitch"":10.7523193359375,""frame_yaw"":1.458987832069397,""pitch_speed"":0.0,""yaw_speed"":0.0}",8.4748254
27064158732700,fov,3124,"{""zoom"":12.339999198913574,""hfov"":7.293355464935303,""vfov"":4.106302738189697,""state"":0,""max_aov_h"":90.0,""max_aov_v"":58.71550750732422,""min_aov_h"":1.40625,""min_aov_v"":0.7910428047180176,""max_zoom"":64.0}",8.4753586
27064172098300,gimbal,3125,"{""imu_roll"":0.0,""imu_pitch"":10.72776985168457,""imu_yaw"":1.466252088546753,""frame_roll"":0.0,""frame_pitch"":10.72776985168457,""frame_yaw"":1.466252088546753,""pitch_speed"":0.0,""yaw_speed"":0.0}",8.4887242
27064172338700,attitude,1260,"{""message_type"":""ATTITUDE"",""time_boot_ms"":125070,""roll"":0.09962191432714462,""pitch"":-0.26520785689353943,""yaw"":-2.936321973800659,""rollspeed"":0.011144951917231083,""pitchspeed"":-0.04044624790549278,""yawspeed"":0.013741854578256607}",8.4889646
27064172886500,range,1201,"{""message_type"":""GLOBAL_VISION_POSITION_ESTIMATE"",""x"":46.948795318603516,""y"":39.34794616699219}",8.4895124
27064173452400,fov,3125,"{""zoom"":12.339999198913574,""hfov"":7.293355464935303,""vfov"":4.106302738189697,""state"":0,""max_aov_h"":90.0,""max_aov_v"":58.71550750732422,""min_aov_h"":1.40625,""min_aov_v"":0.7910428047180176,""max_zoom"":64.0}",8.4900783
27064186965100,target_offset,665,"{""x_angle_offset"":0.07597245275974274,""y_angle_offset"":-0.17489807958956116}",8.503591
27064191768600,range,1202,"{""message_type"":""GLOBAL_VISION_POSITION_ESTIMATE"",""x"":46.948795318603516,""y"":39.34794616699219}",8.5083945
27064195463400,gimbal,3126,"{""imu_roll"":0.0,""imu_pitch"":10.685771942138672,""imu_yaw"":1.4793267250061035,""frame_roll"":0.0,""frame_pitch"":10.685771942138672,""frame_yaw"":1.4793267250061035,""pitch_speed"":0.0,""yaw_speed"":0.0}",8.5120893
27064195867300,fov,3126,"{""zoom"":12.339999198913574,""hfov"":7.293355464935303,""vfov"":4.106302738189697,""state"":0,""max_aov_h"":90.0,""max_aov_v"":58.71550750732422,""min_aov_h"":1.40625,""min_aov_v"":0.7910428047180176,""max_zoom"":64.0}",8.5124932
27064209566300,gimbal,3127,"{""imu_roll"":0.0,""imu_pitch"":10.665356636047363,""imu_yaw"":1.48454749584198,""frame_roll"":0.0,""frame_pitch"":10.665356636047363,""frame_yaw"":1.48454749584198,""pitch_speed"":0.0,""yaw_speed"":0.0}",8.5261922
27064209858800,fov,3127,"{""zoom"":12.339999198913574,""hfov"":7.293355464935303,""vfov"":4.106302738189697,""state"":0,""max_aov_h"":90.0,""max_aov_v"":58.71550750732422,""min_aov_h"":1.40625,""min_aov_v"":0.7910428047180176,""max_zoom"":64.0}",8.5264847
27064211631300,attitude,1261,"{""message_type"":""ATTITUDE"",""time_boot_ms"":125110,""roll"":0.09974543750286102,""pitch"":-0.2667292654514313,""yaw"":-2.9358441829681396,""rollspeed"":0.010378370992839336,""pitchspeed"":-0.03987482190132141,""yawspeed"":0.013569291681051254}",8.5282572
27064211865400,vfr,630,"{""message_type"":""VFR_HUD"",""airspeed"":36.59928894042969,""alt"":164.76998901367188}",8.5284913
27064211943200,position,630,"{""message_type"":""GLOBAL_POSITION_INT"",""lat"":469507694,""lon"":393485699}",8.5285691
27064224169500,target_offset,666,"{""x_angle_offset"":0.07597245275974274,""y_angle_offset"":-0.17489807958956116}",8.5407954
27064230308400,gimbal,3128,"{""imu_roll"":0.0,""imu_pitch"":10.624959945678711,""imu_yaw"":1.4980579614639282,""frame_roll"":0.0,""frame_pitch"":10.624959945678711,""frame_yaw"":1.4980579614639282,""pitch_speed"":0.0,""yaw_speed"":0.0}",8.5469343
27064231168300,fov,3128,"{""zoom"":12.339999198913574,""hfov"":7.293355464935303,""vfov"":4.106302738189697,""state"":0,""max_aov_h"":90.0,""max_aov_v"":58.71550750732422,""min_aov_h"":1.40625,""min_aov_v"":0.7910428047180176,""max_zoom"":64.0}",8.5477942
27064245092900,gimbal,3129,"{""imu_roll"":0.0,""imu_pitch"":10.605074882507324,""imu_yaw"":1.503440022468567,""frame_roll"":0.0,""frame_pitch"":10.605074882507324,""frame_yaw"":1.503440022468567,""pitch_speed"":0.0,""yaw_speed"":0.0}",8.5617188
27064246039000,fov,3129,"{""zoom"":12.339999198913574,""hfov"":7.293355464935303,""vfov"":4.106302738189697,""state"":0,""max_aov_h"":90.0,""max_aov_v"":58.71550750732422,""min_aov_h"":1.40625,""min_aov_v"":0.7910428047180176,""max_zoom"":64.0}",8.5626649
27064257444300,gimbal,3130,"{""imu_roll"":0.0,""imu_pitch"":10.58945083618164,""imu_yaw"":1.5067121982574463,""frame_roll"":0.0,""frame_pitch"":10.58945083618164,""frame_yaw"":1.5067121982574463,""pitch_speed"":0.0,""yaw_speed"":0.0}",8.5740702
27064257934500,fov,3130,"{""zoom"":12.339999198913574,""hfov"":7.293355464935303,""vfov"":4.106302738189697,""state"":0,""max_aov_h"":90.0,""max_aov_v"":58.71550750732422,""min_aov_h"":1.40625,""min_aov_v"":0.7910428047180176,""max_zoom"":64.0}",8.5745604
27064270023100,attitude,1262,"{""message_type"":""ATTITUDE"",""time_boot_ms"":125170,""roll"":0.09986436367034912,""pitch"":-0.26901909708976746,""yaw"":-2.9351320266723633,""rollspeed"":0.009357642382383347,""pitchspeed"":-0.04049227759242058,""yawspeed"":0.013502741232514381}",8.586649
27064277061100,target_offset,667,"{""x_angle_offset"":0.07597245275974274,""y_angle_offset"":-0.17489807958956116}",8.593687
27064284506400,gimbal,3131,"{""imu_roll"":0.0,""imu_pitch"":10.56464958190918,""imu_yaw"":1.5088053941726685,""frame_roll"":0.0,""frame_pitch"":10.56464958190918,""frame_yaw"":1.5088053941726685,""pitch_speed"":0.0,""yaw_speed"":0.0}",8.6011323
27064284764400,fov,3131,"{""zoom"":12.339999198913574,""hfov"":7.293355464935303,""vfov"":4.106302738189697,""state"":0,""max_aov_h"":90.0,""max_aov_v"":58.71550750732422,""min_aov_h"":1.40625,""min_aov_v"":0.7910428047180176,""max_zoom"":64.0}",8.6013903
27064294397400,gimbal,3132,"{""imu_roll"":0.0,""imu_pitch"":10.54044246673584,""imu_yaw"":1.5180811882019043,""frame_roll"":0.0,""frame_pitch"":10.54044246673584,""frame_yaw"":1.5180811882019043,""pitch_speed"":0.0,""yaw_speed"":0.0}",8.6110233
27064294718300,fov,3132,"{""zoom"":12.339999198913574,""hfov"":7.293355464935303,""vfov"":4.106302738189697,""state"":0,""max_aov_h"":90.0,""max_aov_v"":58.71550750732422,""min_aov_h"":1.40625,""min_aov_v"":0.7910428047180176,""max_zoom"":64.0}",8.6113442
27064308055500,vfr,631,"{""message_type"":""VFR_HUD"",""airspeed"":36.80912780761719,""alt"":163.5800018310547}",8.6246814
27064308310400,position,631,"{""message_type"":""GLOBAL_POSITION_INT"",""lat"":469506990,""lon"":393485474}",8.6249363
27064308419500,attitude,1263,"{""message_type"":""ATTITUDE"",""time_boot_ms"":125210,""roll"":0.09988300502300262,""pitch"":-0.2706018090248108,""yaw"":-2.9346530437469482,""rollspeed"":0.008401485159993172,""pitchspeed"":-0.04196598380804062,""yawspeed"":0.013440672308206558}",8.6250454
27064309942300,target_offset,668,"{""x_angle_offset"":0.06837520748376846,""y_angle_offset"":-0.13687675793965656}",8.6265682
27064316374700,gimbal,3133,"{""imu_roll"":0.0,""imu_pitch"":10.508115768432617,""imu_yaw"":1.5272217988967896,""frame_roll"":0.0,""frame_pitch"":10.508115768432617,""frame_yaw"":1.5272217988967896,""pitch_speed"":0.0,""yaw_speed"":0.0}",8.6330006
27064316690000,fov,3133,"{""zoom"":12.339999198913574,""hfov"":7.293355464935303,""vfov"":4.106302738189697,""state"":0,""max_aov_h"":90.0,""max_aov_v"":58.71550750732422,""min_aov_h"":1.40625,""min_aov_v"":0.7910428047180176,""max_zoom"":64.0}",8.6333159
27064330021100,gimbal,3134,"{""imu_roll"":0.0,""imu_pitch"":10.492659568786621,""imu_yaw"":1.5333940982818604,""frame_roll"":0.0,""frame_pitch"":10.492659568786621,""frame_yaw"":1.5333940982818604,""pitch_speed"":0.0,""yaw_speed"":0.0}",8.646647
27064330599500,fov,3134,"{""zoom"":12.339999198913574,""hfov"":7.293355464935303,""vfov"":4.106302738189697,""state"":0,""max_aov_h"":90.0,""max_aov_v"":58.71550750732422,""min_aov_h"":1.40625,""min_aov_v"":0.7910428047180176,""max_zoom"":64.0}",8.6472254
27064344348800,range,1203,"{""message_type"":""GLOBAL_VISION_POSITION_ESTIMATE"",""x"":46.94872283935547,""y"":39.34791946411133}",8.6609747
27064345530300,target_offset,669,"{""x_angle_offset"":0.06837520748376846,""y_angle_offset"":-0.13687675793965656}",8.6621562
27064349134300,range,1204,"{""message_type"":""GLOBAL_VISION_POSITION_ESTIMATE"",""x"":46.94872283935547,""y"":39.34791946411133}",8.6657602
27064350998000,gimbal,3135,"{""imu_roll"":0.0,""imu_pitch"":10.47069263458252,""imu_yaw"":1.5392382144927979,""frame_roll"":0.0,""frame_pitch"":10.47069263458252,""frame_yaw"":1.5392382144927979,""pitch_speed"":0.0,""yaw_speed"":0.0}",8.6676239
27064352204800,fov,3135,"{""zoom"":12.339999198913574,""hfov"":7.293355464935303,""vfov"":4.106302738189697,""state"":0,""max_aov_h"":90.0,""max_aov_v"":58.71550750732422,""min_aov_h"":1.40625,""min_aov_v"":0.7910428047180176,""max_zoom"":64.0}",8.6688307
27064364437100,gimbal,3136,"{""imu_roll"":0.0,""imu_pitch"":10.455035209655762,""imu_yaw"":1.5436137914657593,""frame_roll"":0.0,""frame_pitch"":10.455035209655762,""frame_yaw"":1.5436137914657593,""pitch_speed"":0.0,""yaw_speed"":0.0}",8.681063
27064364691900,attitude,1264,"{""message_type"":""ATTITUDE"",""time_boot_ms"":125270,""roll"":0.09986712038516998,""pitch"":-0.27303051948547363,""yaw"":-2.9339253902435303,""rollspeed"":0.008786731399595737,""pitchspeed"":-0.04303234815597534,""yawspeed"":0.013494063168764114}",8.6813178
27064365406100,fov,3136,"{""zoom"":12.339999198913574,""hfov"":7.293355464935303,""vfov"":4.106302738189697,""state"":0,""max_aov_h"":90.0,""max_aov_v"":58.71550750732422,""min_aov_h"":1.40625,""min_aov_v"":0.7910428047180176,""max_zoom"":64.0}",8.682032
27064383681000,gimbal,3137,"{""imu_roll"":0.0,""imu_pitch"":10.437323570251465,""imu_yaw"":1.5468461513519287,""frame_roll"":0.0,""frame_pitch"":10.437323570251465,""frame_yaw"":1.5468461513519287,""pitch_speed"":0.0,""yaw_speed"":0.0}",8.7003069
27064384071800,fov,3137,"{""zoom"":12.339999198913574,""hfov"":7.293355464935303,""vfov"":4.106302738189697,""state"":0,""max_aov_h"":90.0,""max_aov_v"":58.71550750732422,""min_aov_h"":1.40625,""min_aov_v"":0.7910428047180176,""max_zoom"":64.0}",8.7006977
27064401057300,target_offset,670,"{""x_angle_offset"":0.06837520748376846,""y_angle_offset"":-0.12927249360967566}",8.7176832
27064408101600,gimbal,3138,"{""imu_roll"":0.0,""imu_pitch"":10.417693138122559,""imu_yaw"":1.548469066619873,""frame_roll"":0.0,""frame_pitch"":10.417693138122559,""frame_yaw"":1.548469066619873,""pitch_speed"":0.0,""yaw_speed"":0.0}",8.7247275
27064408386400,fov,3138,"{""zoom"":12.339999198913574,""hfov"":7.293355464935303,""vfov"":4.106302738189697,""state"":0,""max_aov_h"":90.0,""max_aov_v"":58.71550750732422,""min_aov_h"":1.40625,""min_aov_v"":0.7910428047180176,""max_zoom"":64.0}",8.7250123
27064414215700,attitude,1265,"{""message_type"":""ATTITUDE"",""time_boot_ms"":125310,""roll"":0.09987036883831024,""pitch"":-0.2747137248516083,""yaw"":-2.93343448638916,""rollspeed"":0.008964682929217815,""pitchspeed"":-0.044553037732839584,""yawspeed"":0.013643981888890266}",8.7308416
27064414758000,vfr,632,"{""message_type"":""VFR_HUD"",""airspeed"":37.02604293823242,""alt"":162.34999084472656}",8.7313839
27064414936500,position,632,"{""message_type"":""GLOBAL_POSITION_INT"",""lat"":469506990,""lon"":393485474}",8.7315624
27064419892900,gimbal,3139,"{""imu_roll"":0.0,""imu_pitch"":10.400837898254395,""imu_yaw"":1.5556867122650146,""frame_roll"":0.0,""frame_pitch"":10.400837898254395,""frame_yaw"":1.5556867122650146,""pitch_speed"":0.0,""yaw_speed"":0.0}",8.7365188
27064420330000,fov,3139,"{""zoom"":12.339999198913574,""hfov"":7.293355464935303,""vfov"":4.106302738189697,""state"":0,""max_aov_h"":90.0,""max_aov_v"":58.71550750732422,""min_aov_h"":1.40625,""min_aov_v"":0.7910428047180176,""max_zoom"":64.0}",8.7369559
27064439089600,target_offset,671,"{""x_angle_offset"":0.06837520748376846,""y_angle_offset"":-0.13687675793965656}",8.7557155
27064446585300,gimbal,3140,"{""imu_roll"":0.0,""imu_pitch"":10.379666328430176,""imu_yaw"":1.5624830722808838,""frame_roll"":0.0,""frame_pitch"":10.379666328430176,""frame_yaw"":1.5624830722808838,""pitch_speed"":0.0,""yaw_speed"":0.0}",8.7632112
27064446835800,fov,3140,"{""zoom"":12.339999198913574,""hfov"":7.293355464935303,""vfov"":4.106302738189697,""state"":0,""max_aov_h"":90.0,""max_aov_v"":58.71550750732422,""min_aov_h"":1.40625,""min_aov_v"":0.7910428047180176,""max_zoom"":64.0}",8.7634617
27064453105000,gimbal,3141,"{""imu_roll"":0.0,""imu_pitch"":10.364594459533691,""imu_yaw"":1.5668329000473022,""frame_roll"":0.0,""frame_pitch"":10.364594459533691,""frame_yaw"":1.5668329000473022,""pitch_speed"":0.0,""yaw_speed"":0.0}",8.7697309
27064453826300,fov,3141,"{""zoom"":12.339999198913574,""hfov"":7.293355464935303,""vfov"":4.106302738189697,""state"":0,""max_aov_h"":90.0,""max_aov_v"":58.71550750732422,""min_aov_h"":1.40625,""min_aov_v"":0.7910428047180176,""max_zoom"":64.0}",8.7704522
27064471234000,target_offset,672,"{""x_angle_offset"":0.06837520748376846,""y_angle_offset"":-0.16729381525958026}",8.7878599
27064478861900,gimbal,3142,"{""imu_roll"":0.0,""imu_pitch"":10.322324752807617,""imu_yaw"":1.5782899856567383,""frame_roll"":0.0,""frame_pitch"":10.322324752807617,""frame_yaw"":1.5782899856567383,""pitch_speed"":0.0,""yaw_speed"":0.0}",8.7954878
27064479177100,fov,3142,"{""zoom"":12.339999198913574,""hfov"":7.293355464935303,""vfov"":4.106302738189697,""state"":0,""max_aov_h"":90.0,""max_aov_v"":58.71550750732422,""min_aov_h"":1.40625,""min_aov_v"":0.7910428047180176,""max_zoom"":64.0}",8.795803
27064481088800,attitude,1266,"{""message_type"":""ATTITUDE"",""time_boot_ms"":125370,""roll"":0.09994886070489883,""pitch"":-0.27736106514930725,""yaw"":-2.932692050933838,""rollspeed"":0.010906253941357136,""pitchspeed"":-0.04711926728487015,""yawspeed"":0.013953985646367073}",8.7977147
27064490936900,gimbal,3143,"{""imu_roll"":0.0,""imu_pitch"":10.305609703063965,""imu_yaw"":1.5818465948104858,""frame_roll"":0.0,""frame_pitch"":10.305609703063965,""frame_yaw"":1.5818465948104858,""pitch_speed"":0.0,""yaw_speed"":0.0}",8.8075628
27064491290800,fov,3143,"{""zoom"":12.339999198913574,""hfov"":7.293355464935303,""vfov"":4.106302738189697,""state"":0,""max_aov_h"":90.0,""max_aov_v"":58.71550750732422,""min_aov_h"":1.40625,""min_aov_v"":0.7910428047180176,""max_zoom"":64.0}",8.8079167
27064500082600,range,1205,"{""message_type"":""GLOBAL_VISION_POSITION_ESTIMATE"",""x"":46.94872283935547,""y"":39.34790802001953}",8.8167085
27064502562000,range,1206,"{""message_type"":""GLOBAL_VISION_POSITION_ESTIMATE"",""x"":46.94872283935547,""y"":39.34790802001953}",8.8191879
27064507879600,target_offset,673,"{""x_angle_offset"":0.06837520748376846,""y_angle_offset"":-0.16729381525958026}",8.8245055
27064513959400,gimbal,3144,"{""imu_roll"":0.0,""imu_pitch"":10.265643119812012,""imu_yaw"":1.5941325426101685,""frame_roll"":0.0,""frame_pitch"":10.265643119812012,""frame_yaw"":1.5941325426101685,""pitch_speed"":0.0,""yaw_speed"":0.0}",8.8305853
27064514527200,fov,3144,"{""zoom"":12.339999198913574,""hfov"":7.293355464935303,""vfov"":4.106302738189697,""state"":0,""max_aov_h"":90.0,""max_aov_v"":58.71550750732422,""min_aov_h"":1.40625,""min_aov_v"":0.7910428047180176,""max_zoom"":64.0}",8.8311531
27064525881600,position,633,"{""message_type"":""GLOBAL_POSITION_INT"",""lat"":469506282,""lon"":393485244}",8.8425075
27064526062800,attitude,1267,"{""message_type"":""ATTITUDE"",""time_boot_ms"":125410,""roll"":0.10010305047035217,""pitch"":-0.2792108356952667,""yaw"":-2.932185649871826,""rollspeed"":0.013665739446878433,""pitchspeed"":-0.048748768866062164,""yawspeed"":0.014297287911176682}",8.8426887
27064526347300,vfr,633,"{""message_type"":""VFR_HUD"",""airspeed"":37.223934173583984,""alt"":161.11000061035156}",8.8429732
27064527400800,gimbal,3145,"{""imu_roll"":0.0,""imu_pitch"":10.247878074645996,""imu_yaw"":1.598809838294983,""frame_roll"":0.0,""frame_pitch"":10.247878074645996,""frame_yaw"":1.598809838294983,""pitch_speed"":0.0,""yaw_speed"":0.0}",8.8440267
27064527944400,fov,3145,"{""zoom"":12.339999198913574,""hfov"":7.293355464935303,""vfov"":4.106302738189697,""state"":0,""max_aov_h"":90.0,""max_aov_v"":58.71550750732422,""min_aov_h"":1.40625,""min_aov_v"":0.7910428047180176,""max_zoom"":64.0}",8.8445703
27064543899300,target_offset,674,"{""x_angle_offset"":0.06837520748376846,""y_angle_offset"":-0.16729381525958026}",8.8605252
27064550560000,gimbal,3146,"{""imu_roll"":0.0,""imu_pitch"":10.222329139709473,""imu_yaw"":1.602571964263916,""frame_roll"":0.0,""frame_pitch"":10.222329139709473,""frame_yaw"":1.602571964263916,""pitch_speed"":0.0,""yaw_speed"":0.0}",8.8671859
27064550869200,fov,3146,"{""zoom"":12.339999198913574,""hfov"":7.293355464935303,""vfov"":4.106302738189697,""state"":0,""max_aov_h"":90.0,""max_aov_v"":58.71550750732422,""min_aov_h"":1.40625,""min_aov_v"":0.7910428047180176,""max_zoom"":64.0}",8.8674951
27064562663600,gimbal,3147,"{""imu_roll"":0.0,""imu_pitch"":10.201849937438965,""imu_yaw"":1.6074206829071045,""frame_roll"":0.0,""frame_pitch"":10.201849937438965,""frame_yaw"":1.6074206829071045,""pitch_speed"":0.0,""yaw_speed"":0.0}",8.8792895
27064563066900,fov,3147,"{""zoom"":12.339999198913574,""hfov"":7.293355464935303,""vfov"":4.106302738189697,""state"":0,""max_aov_h"":90.0,""max_aov_v"":58.71550750732422,""min_aov_h"":1.40625,""min_aov_v"":0.7910428047180176,""max_zoom"":64.0}",8.8796928
27064576234300,gimbal,3148,"{""imu_roll"":0.0,""imu_pitch"":10.181225776672363,""imu_yaw"":1.610891342163086,""frame_roll"":0.0,""frame_pitch"":10.181225776672363,""frame_yaw"":1.610891342163086,""pitch_speed"":0.0,""yaw_speed"":0.0}",8.8928602
27064576784100,fov,3148,"{""zoom"":12.339999198913574,""hfov"":7.293355464935303,""vfov"":4.106302738189697,""state"":0,""max_aov_h"":90.0,""max_aov_v"":58.71550750732422,""min_aov_h"":1.40625,""min_aov_v"":0.7910428047180176,""max_zoom"":64.0}",8.89341
27064585483800,attitude,1268,"{""message_type"":""ATTITUDE"",""time_boot_ms"":125470,""roll"":0.10065436363220215,""pitch"":-0.28204628825187683,""yaw"":-2.9314000606536865,""rollspeed"":0.018972380086779594,""pitchspeed"":-0.0496990829706192,""yawspeed"":0.015191366896033287}",8.9021097
27064593069400,target_offset,675,"{""x_angle_offset"":0.06837520748376846,""y_angle_offset"":-0.16729381525958026}",8.9096953
27064599449100,gimbal,3149,"{""imu_roll"":0.0,""imu_pitch"":10.157952308654785,""imu_yaw"":1.6122835874557495,""frame_roll"":0.0,""frame_pitch"":10.157952308654785,""frame_yaw"":1.6122835874557495,""pitch_speed"":0.0,""yaw_speed"":0.0}",8.916075
27064599664300,fov,3149,"{""zoom"":12.339999198913574,""hfov"":7.293355464935303,""vfov"":4.106302738189697,""state"":0,""max_aov_h"":90.0,""max_aov_v"":58.71550750732422,""min_aov_h"":1.40625,""min_aov_v"":0.7910428047180176,""max_zoom"":64.0}",8.9162902
27064610084000,gimbal,3150,"{""imu_roll"":0.0,""imu_pitch"":10.136505126953125,""imu_yaw"":1.6191257238388062,""frame_roll"":0.0,""frame_pitch"":10.136505126953125,""frame_yaw"":1.6191257238388062,""pitch_speed"":0.0,""yaw_speed"":0.0}",8.9267099
27064610382900,fov,3150,"{""zoom"":12.339999198913574,""hfov"":7.293355464935303,""vfov"":4.106302738189697,""state"":0,""max_aov_h"":90.0,""max_aov_v"":58.71550750732422,""min_aov_h"":1.40625,""min_aov_v"":0.7910428047180176,""max_zoom"":64.0}",8.9270088
27064623815400,vfr,634,"{""message_type"":""VFR_HUD"",""airspeed"":37.43198776245117,""alt"":159.84999084472656}",8.9404413
27064624040500,position,634,"{""message_type"":""GLOBAL_POSITION_INT"",""lat"":469506282,""lon"":393485244}",8.9406664
27064624221500,attitude,1269,"{""message_type"":""ATTITUDE"",""time_boot_ms"":125510,""roll"":0.10117385536432266,""pitch"":-0.28398704528808594,""yaw"":-2.9308524131774902,""rollspeed"":0.02209426462650299,""pitchspeed"":-0.05074424669146538,""yawspeed"":0.0156631451100111}",8.9408474
27064627197100,target_offset,676,"{""x_angle_offset"":0.06837520748376846,""y_angle_offset"":-0.17489807958956116}",8.943823
27064633012500,gimbal,3151,"{""imu_roll"":0.0,""imu_pitch"":10.104344367980957,""imu_yaw"":1.6247730255126953,""frame_roll"":0.0,""frame_pitch"":10.104344367980957,""frame_yaw"":1.6247730255126953,""pitch_speed"":0.0,""yaw_speed"":0.0}",8.9496384
27064633333400,fov,3151,"{""zoom"":12.339999198913574,""hfov"":7.293355464935303,""vfov"":4.106302738189697,""state"":0,""max_aov_h"":90.0,""max_aov_v"":58.71550750732422,""min_aov_h"":1.40625,""min_aov_v"":0.7910428047180176,""max_zoom"":64.0}",8.9499593
27064647649100,gimbal,3152,"{""imu_roll"":0.0,""imu_pitch"":10.083733558654785,""imu_yaw"":1.6295381784439087,""frame_roll"":0.0,""frame_pitch"":10.083733558654785,""frame_yaw"":1.6295381784439087,""pitch_speed"":0.0,""yaw_speed"":0.0}",8.964275
27064647945200,fov,3152,"{""zoom"":12.339999198913574,""hfov"":7.293355464935303,""vfov"":4.106302738189697,""state"":0,""max_aov_h"":90.0,""max_aov_v"":58.71550750732422,""min_aov_h"":1.40625,""min_aov_v"":0.7910428047180176,""max_zoom"":64.0}",8.9645711
27064655866200,range,1207,"{""message_type"":""GLOBAL_VISION_POSITION_ESTIMATE"",""x"":46.948646545410156,""y"":39.347877502441406}",8.9724921
27064658240100,gimbal,3153,"{""imu_roll"":0.0,""imu_pitch"":10.068272590637207,""imu_yaw"":1.6320701837539673,""frame_roll"":0.0,""frame_pitch"":10.068272590637207,""frame_yaw"":1.6320701837539673,""pitch_speed"":0.0,""yaw_speed"":0.0}",8.974866
27064658809700,fov,3153,"{""zoom"":12.339999198913574,""hfov"":7.293355464935303,""vfov"":4.106302738189697,""state"":0,""max_aov_h"":90.0,""max_aov_v"":58.71550750732422,""min_aov_h"":1.40625,""min_aov_v"":0.7910428047180176,""max_zoom"":64.0}",8.9754356
27064661176300,range,1208,"{""message_type"":""GLOBAL_VISION_POSITION_ESTIMATE"",""x"":46.948646545410156,""y"":39.347877502441406}",8.9778022
27064676586300,target_offset,677,"{""x_angle_offset"":0.06837520748376846,""y_angle_offset"":-0.1825023439195421}",8.9932122
27064680842600,attitude,1270,"{""message_type"":""ATTITUDE"",""time_boot_ms"":125570,""roll"":0.10216302424669266,""pitch"":-0.28685978055000305,""yaw"":-2.9299795627593994,""rollspeed"":0.026622172445058823,""pitchspeed"":-0.04945306479930878,""yawspeed"":0.016714975237846375}",8.9974685
27064683191100,gimbal,3154,"{""imu_roll"":0.0,""imu_pitch"":10.041268348693848,""imu_yaw"":1.6322450637817383,""frame_roll"":0.0,""frame_pitch"":10.041268348693848,""frame_yaw"":1.6322450637817383,""pitch_speed"":0.0,""yaw_speed"":0.0}",8.999817
27064683410700,fov,3154,"{""zoom"":12.339999198913574,""hfov"":7.293355464935303,""vfov"":4.106302738189697,""state"":0,""max_aov_h"":90.0,""max_aov_v"":58.71550750732422,""min_aov_h"":1.40625,""min_aov_v"":0.7910428047180176,""max_zoom"":64.0}",9.0000366
27064694970400,gimbal,3155,"{""imu_roll"":0.0,""imu_pitch"":10.017054557800293,""imu_yaw"":1.6389362812042236,""frame_roll"":0.0,""frame_pitch"":10.017054557800293,""frame_yaw"":1.6389362812042236,""pitch_speed"":0.0,""yaw_speed"":0.0}",9.0115963
27064695380900,fov,3155,"{""zoom"":12.339999198913574,""hfov"":7.293355464935303,""vfov"":4.106302738189697,""state"":0,""max_aov_h"":90.0,""max_aov_v"":58.71550750732422,""min_aov_h"":1.40625,""min_aov_v"":0.7910428047180176,""max_zoom"":64.0}",9.0120068
27064712487000,target_offset,678,"{""x_angle_offset"":0.06837520748376846,""y_angle_offset"":-0.2205236655694467}",9.0291129
27064716339800,attitude,1271,"{""message_type"":""ATTITUDE"",""time_boot_ms"":125610,""roll"":0.10295188426971436,""pitch"":-0.28873956203460693,""yaw"":-2.9293570518493652,""rollspeed"":0.029127970337867737,""pitchspeed"":-0.0487092025578022,""yawspeed"":0.01740071550011635}",9.0329657
27064716803800,vfr,635,"{""message_type"":""VFR_HUD"",""airspeed"":37.646514892578125,""alt"":158.5500030517578}",9.0334297
27064716958300,position,635,"{""message_type"":""GLOBAL_POSITION_INT"",""lat"":469506282,""lon"":393485244}",9.0335842
27064719626100,gimbal,3156,"{""imu_roll"":0.0,""imu_pitch"":9.985697746276855,""imu_yaw"":1.6436399221420288,""frame_roll"":0.0,""frame_pitch"":9.985697746276855,""frame_yaw"":1.6436399221420288,""pitch_speed"":0.0,""yaw_speed"":0.0}",9.036252
27064719879400,fov,3156,"{""zoom"":12.339999198913574,""hfov"":7.293355464935303,""vfov"":4.106302738189697,""state"":0,""max_aov_h"":90.0,""max_aov_v"":58.71550750732422,""min_aov_h"":1.40625,""min_aov_v"":0.7910428047180176,""max_zoom"":64.0}",9.0365053
27064730598600,gimbal,3157,"{""imu_roll"":0.0,""imu_pitch"":9.956534385681152,""imu_yaw"":1.6490334272384644,""frame_roll"":0.0,""frame_pitch"":9.956534385681152,""frame_yaw"":1.6490334272384644,""pitch_speed"":0.0,""yaw_speed"":0.0}",9.0472245
27064731088500,fov,3157,"{""zoom"":12.339999198913574,""hfov"":7.293355464935303,""vfov"":4.106302738189697,""state"":0,""max_aov_h"":90.0,""max_aov_v"":58.71550750732422,""min_aov_h"":1.40625,""min_aov_v"":0.7910428047180176,""max_zoom"":64.0}",9.0477144
27064746114800,target_offset,679,"{""x_angle_offset"":0.07597245275974274,""y_angle_offset"":-0.2205236655694467}",9.0627407
27064753210600,gimbal,3158,"{""imu_roll"":0.0,""imu_pitch"":9.919265747070312,""imu_yaw"":1.6521486043930054,""frame_roll"":0.0,""frame_pitch"":9.919265747070312,""frame_yaw"":1.6521486043930054,""pitch_speed"":0.0,""yaw_speed"":0.0}",9.0698365
27064753660500,fov,3158,"{""zoom"":12.339999198913574,""hfov"":7.293355464935303,""vfov"":4.106302738189697,""state"":0,""max_aov_h"":90.0,""max_aov_v"":58.71550750732422,""min_aov_h"":1.40625,""min_aov_v"":0.7910428047180176,""max_zoom"":64.0}",9.0702864
27064764997800,gimbal,3159,"{""imu_roll"":0.0,""imu_pitch"":9.893964767456055,""imu_yaw"":1.6588810682296753,""frame_roll"":0.0,""frame_pitch"":9.893964767456055,""frame_yaw"":1.6588810682296753,""pitch_speed"":0.0,""yaw_speed"":0.0}",9.0816237
27064765413300,fov,3159,"{""zoom"":12.339999198913574,""hfov"":7.293355464935303,""vfov"":4.106302738189697,""state"":0,""max_aov_h"":90.0,""max_aov_v"":58.71550750732422,""min_aov_h"":1.40625,""min_aov_v"":0.7910428047180176,""max_zoom"":64.0}",9.0820392
27064771504300,attitude,1272,"{""message_type"":""ATTITUDE"",""time_boot_ms"":125670,""roll"":0.10434640198945999,""pitch"":-0.29151955246925354,""yaw"":-2.928398609161377,""rollspeed"":0.031131625175476074,""pitchspeed"":-0.04748085141181946,""yawspeed"":0.01840907335281372}",9.0881302
27064782029900,target_offset,680,"{""x_angle_offset"":0.08356969803571701,""y_angle_offset"":-0.2585449872193513}",9.0986558
27064787468900,gimbal,3160,"{""imu_roll"":0.0,""imu_pitch"":9.859057426452637,""imu_yaw"":1.6635546684265137,""frame_roll"":0.0,""frame_pitch"":9.859057426452637,""frame_yaw"":1.6635546684265137,""pitch_speed"":0.0,""yaw_speed"":0.0}",9.1040948
27064787679600,fov,3160,"{""zoom"":12.339999198913574,""hfov"":7.293355464935303,""vfov"":4.106302738189697,""state"":0,""max_aov_h"":90.0,""max_aov_v"":58.71550750732422,""min_aov_h"":1.40625,""min_aov_v"":0.7910428047180176,""max_zoom"":64.0}",9.1043055
27064799896600,gimbal,3161,"{""imu_roll"":0.0,""imu_pitch"":9.831276893615723,""imu_yaw"":1.6708180904388428,""frame_roll"":0.0,""frame_pitch"":9.831276893615723,""frame_yaw"":1.6708180904388428,""pitch_speed"":0.0,""yaw_speed"":0.0}",9.1165225
27064800269700,fov,3161,"{""zoom"":12.339999198913574,""hfov"":7.293355464935303,""vfov"":4.106302738189697,""state"":0,""max_aov_h"":90.0,""max_aov_v"":58.71550750732422,""min_aov_h"":1.40625,""min_aov_v"":0.7910428047180176,""max_zoom"":64.0}",9.1168956
27064807887500,position,636,"{""message_type"":""GLOBAL_POSITION_INT"",""lat"":469505568,""lon"":393485008}",9.1245134
27064808054400,attitude,1273,"{""message_type"":""ATTITUDE"",""time_boot_ms"":125710,""roll"":0.10537049174308777,""pitch"":-0.29336389899253845,""yaw"":-2.9277288913726807,""rollspeed"":0.03289880231022835,""pitchspeed"":-0.04734228178858757,""yawspeed"":0.01918928138911724}",9.1246803
27064808251200,vfr,636,"{""message_type"":""VFR_HUD"",""airspeed"":37.8421745300293,""alt"":157.239990234375}",9.1248771
27064813549800,gimbal,3162,"{""imu_roll"":0.0,""imu_pitch"":9.800125122070312,""imu_yaw"":1.6769767999649048,""frame_roll"":0.0,""frame_pitch"":9.800125122070312,""frame_yaw"":1.6769767999649048,""pitch_speed"":0.0,""yaw_speed"":0.0}",9.1301757
27064814661600,fov,3162,"{""zoom"":12.339999198913574,""hfov"":7.293355464935303,""vfov"":4.106302738189697,""state"":0,""max_aov_h"":90.0,""max_aov_v"":58.71550750732422,""min_aov_h"":1.40625,""min_aov_v"":0.7910428047180176,""max_zoom"":64.0}",9.1312875
27064826869400,range,1209,"{""message_type"":""GLOBAL_VISION_POSITION_ESTIMATE"",""x"":46.94858169555664,""y"":39.34783172607422}",9.1434953
27064831313700,target_offset,681,"{""x_angle_offset"":0.08356969803571701,""y_angle_offset"":-0.2585449872193513}",9.1479396
27064836995400,gimbal,3163,"{""imu_roll"":0.0,""imu_pitch"":9.761347770690918,""imu_yaw"":1.6796602010726929,""frame_roll"":0.0,""frame_pitch"":9.761347770690918,""frame_yaw"":1.6796602010726929,""pitch_speed"":0.0,""yaw_speed"":0.0}",9.1536213
27064837886800,fov,3163,"{""zoom"":12.339999198913574,""hfov"":7.293355464935303,""vfov"":4.106302738189697,""state"":0,""max_aov_h"":90.0,""max_aov_v"":58.71550750732422,""min_aov_h"":1.40625,""min_aov_v"":0.7910428047180176,""max_zoom"":64.0}",9.1545127
27064844505700,range,1210,"{""message_type"":""GLOBAL_VISION_POSITION_ESTIMATE"",""x"":46.94858169555664,""y"":39.34783172607422}",9.1611316
27064850228400,gimbal,3164,"{""imu_roll"":0.0,""imu_pitch"":9.731496810913086,""imu_yaw"":1.6881763935089111,""frame_roll"":0.0,""frame_pitch"":9.731496810913086,""frame_yaw"":1.6881763935089111,""pitch_speed"":0.0,""yaw_speed"":0.0}",9.1668543
27064851325400,fov,3164,"{""zoom"":12.339999198913574,""hfov"":7.293355464935303,""vfov"":4.106302738189697,""state"":0,""max_aov_h"":90.0,""max_aov_v"":58.71550750732422,""min_aov_h"":1.40625,""min_aov_v"":0.7910428047180176,""max_zoom"":64.0}",9.1679513
27064862010300,attitude,1274,"{""message_type"":""ATTITUDE"",""time_boot_ms"":125770,""roll"":0.10698559880256653,""pitch"":-0.29610270261764526,""yaw"":-2.926670789718628,""rollspeed"":0.034516409039497375,""pitchspeed"":-0.04662567749619484,""yawspeed"":0.020240535959601402}",9.1786362
27064865371700,target_offset,682,"{""x_angle_offset"":0.09116694331169128,""y_angle_offset"":-0.2585449872193513}",9.1819976
27064871198600,gimbal,3165,"{""imu_roll"":0.0,""imu_pitch"":9.689371109008789,""imu_yaw"":1.6950912475585938,""frame_roll"":0.0,""frame_pitch"":9.689371109008789,""frame_yaw"":1.6950912475585938,""pitch_speed"":0.0,""yaw_speed"":0.0}",9.1878245
27064871472200,fov,3165,"{""zoom"":12.339999198913574,""hfov"":7.293355464935303,""vfov"":4.106302738189697,""state"":0,""max_aov_h"":90.0,""max_aov_v"":58.71550750732422,""min_aov_h"":1.40625,""min_aov_v"":0.7910428047180176,""max_zoom"":64.0}",9.1880981
27064882630200,gimbal,3166,"{""imu_roll"":0.0,""imu_pitch"":9.66185188293457,""imu_yaw"":1.7014516592025757,""frame_roll"":0.0,""frame_pitch"":9.66185188293457,""frame_yaw"":1.7014516592025757,""pitch_speed"":0.0,""yaw_speed"":0.0}",9.1992561
27064882947200,fov,3166,"{""zoom"":12.339999198913574,""hfov"":7.293355464935303,""vfov"":4.106302738189697,""state"":0,""max_aov_h"":90.0,""max_aov_v"":58.71550750732422,""min_aov_h"":1.40625,""min_aov_v"":0.7910428047180176,""max_zoom"":64.0}",9.1995731
27064896985500,attitude,1275,"{""message_type"":""ATTITUDE"",""time_boot_ms"":125810,""roll"":0.10806191712617874,""pitch"":-0.2979077100753784,""yaw"":-2.9259257316589355,""rollspeed"":0.0342060811817646,""pitchspeed"":-0.04588855057954788,""yawspeed"":0.02095385082066059}",9.2136114
27064897341900,gimbal,3167,"{""imu_roll"":0.0,""imu_pitch"":9.633882522583008,""imu_yaw"":1.7054061889648438,""frame_roll"":0.0,""frame_pitch"":9.633882522583008,""frame_yaw"":1.7054061889648438,""pitch_speed"":0.0,""yaw_speed"":0.0}",9.2139678
27064897476400,vfr,637,"{""message_type"":""VFR_HUD"",""airspeed"":38.04737091064453,""alt"":155.89999389648438}",9.2141023
27064897560100,position,637,"{""message_type"":""GLOBAL_POSITION_INT"",""lat"":469505568,""lon"":393485008}",9.214186
27064897829000,fov,3167,"{""zoom"":12.339999198913574,""hfov"":7.293355464935303,""vfov"":4.106302738189697,""state"":0,""max_aov_h"":90.0,""max_aov_v"":58.71550750732422,""min_aov_h"":1.40625,""min_aov_v"":0.7910428047180176,""max_zoom"":64.0}",9.2144549
27064915366100,target_offset,683,"{""x_angle_offset"":0.09116694331169128,""y_angle_offset"":-0.2585449872193513}",9.231992
27064921865400,gimbal,3168,"{""imu_roll"":0.0,""imu_pitch"":9.59713077545166,""imu_yaw"":1.7049659490585327,""frame_roll"":0.0,""frame_pitch"":9.59713077545166,""frame_yaw"":1.7049659490585327,""pitch_speed"":0.0,""yaw_speed"":0.0}",9.2384913
27064922314500,fov,3168,"{""zoom"":12.339999198913574,""hfov"":7.293355464935303,""vfov"":4.106302738189697,""state"":0,""max_aov_h"":90.0,""max_aov_v"":58.71550750732422,""min_aov_h"":1.40625,""min_aov_v"":0.7910428047180176,""max_zoom"":64.0}",9.2389404
27064931940300,gimbal,3169,"{""imu_roll"":0.0,""imu_pitch"":9.568628311157227,""imu_yaw"":1.7121226787567139,""frame_roll"":0.0,""frame_pitch"":9.568628311157227,""frame_yaw"":1.7121226787567139,""pitch_speed"":0.0,""yaw_speed"":0.0}",9.2485662
27064932294000,fov,3169,"{""zoom"":12.339999198913574,""hfov"":7.293355464935303,""vfov"":4.106302738189697,""state"":0,""max_aov_h"":90.0,""max_aov_v"":58.71550750732422,""min_aov_h"":1.40625,""min_aov_v"":0.7910428047180176,""max_zoom"":64.0}",9.2489199
27064948183900,attitude,1276,"{""message_type"":""ATTITUDE"",""time_boot_ms"":125870,""roll"":0.10963848233222961,""pitch"":-0.30103799700737,""yaw"":-2.924781084060669,""rollspeed"":0.032095592468976974,""pitchspeed"":-0.04526036977767944,""yawspeed"":0.021879026666283607}",9.2648098
27064952867300,target_offset,684,"{""x_angle_offset"":0.09116694331169128,""y_angle_offset"":-0.25094072288937036}",9.2694932
27064958284600,gimbal,3170,"{""imu_roll"":0.0,""imu_pitch"":9.52239990234375,""imu_yaw"":1.7179524898529053,""frame_roll"":0.0,""frame_pitch"":9.52239990234375,""frame_yaw"":1.7179524898529053,""pitch_speed"":0.0,""yaw_speed"":0.0}",9.2749105
27064958659800,fov,3170,"{""zoom"":12.339999198913574,""hfov"":7.293355464935303,""vfov"":4.106302738189697,""state"":0,""max_aov_h"":90.0,""max_aov_v"":58.71550750732422,""min_aov_h"":1.40625,""min_aov_v"":0.7910428047180176,""max_zoom"":64.0}",9.2752857
27064967602900,gimbal,3171,"{""imu_roll"":0.0,""imu_pitch"":9.495309829711914,""imu_yaw"":1.7268847227096558,""frame_roll"":0.0,""frame_pitch"":9.495309829711914,""frame_yaw"":1.7268847227096558,""pitch_speed"":0.0,""yaw_speed"":0.0}",9.2842288
27064968096300,fov,3171,"{""zoom"":12.339999198913574,""hfov"":7.293355464935303,""vfov"":4.106302738189697,""state"":0,""max_aov_h"":90.0,""max_aov_v"":58.71550750732422,""min_aov_h"":1.40625,""min_aov_v"":0.7910428047180176,""max_zoom"":64.0}",9.2847222
27064982827000,range,1211,"{""message_type"":""GLOBAL_VISION_POSITION_ESTIMATE"",""x"":46.94858169555664,""y"":39.34782028198242}",9.2994529
27064983908900,attitude,1277,"{""message_type"":""ATTITUDE"",""time_boot_ms"":125910,""roll"":0.11071684956550598,""pitch"":-0.30373191833496094,""yaw"":-2.9240121841430664,""rollspeed"":0.03077925741672516,""pitchspeed"":-0.044867824763059616,""yawspeed"":0.022579969838261604}",9.3005348
27064984334100,vfr,638,"{""message_type"":""VFR_HUD"",""airspeed"":38.2588996887207,""alt"":154.52999877929688}",9.30096
27064984465500,range,1212,"{""message_type"":""GLOBAL_VISION_POSITION_ESTIMATE"",""x"":46.94858169555664,""y"":39.34782028198242}",9.3010914
27064984542400,position,638,"{""message_type"":""GLOBAL_POSITION_INT"",""lat"":469504835,""lon"":393484758}",9.3011683
27064986017300,target_offset,685,"{""x_angle_offset"":0.09116694331169128,""y_angle_offset"":-0.24333645855938946}",9.3026432
27064991772200,gimbal,3172,"{""imu_roll"":0.0,""imu_pitch"":9.453622817993164,""imu_yaw"":1.7337250709533691,""frame_roll"":0.0,""frame_pitch"":9.453622817993164,""frame_yaw"":1.7337250709533691,""pitch_speed"":0.0,""yaw_speed"":0.0}",9.3083981
27064992010200,fov,3172,"{""zoom"":12.339999198913574,""hfov"":7.293355464935303,""vfov"":4.106302738189697,""state"":0,""max_aov_h"":90.0,""max_aov_v"":58.71550750732422,""min_aov_h"":1.40625,""min_aov_v"":0.7910428047180176,""max_zoom"":64.0}",9.3086361
27065003698300,gimbal,3173,"{""imu_roll"":0.0,""imu_pitch"":9.427906036376953,""imu_yaw"":1.7402575016021729,""frame_roll"":0.0,""frame_pitch"":9.427906036376953,""frame_yaw"":1.7402575016021729,""pitch_speed"":0.0,""yaw_speed"":0.0}",9.3203242
27065004266800,fov,3173,"{""zoom"":12.339999198913574,""hfov"":7.293355464935303,""vfov"":4.106302738189697,""state"":0,""max_aov_h"":90.0,""max_aov_v"":58.71550750732422,""min_aov_h"":1.40625,""min_aov_v"":0.7910428047180176,""max_zoom"":64.0}",9.3208927
27065018785400,gimbal,3174,"{""imu_roll"":0.0,""imu_pitch"":9.401721954345703,""imu_yaw"":1.744454026222229,""frame_roll"":0.0,""frame_pitch"":9.401721954345703,""frame_yaw"":1.744454026222229,""pitch_speed"":0.0,""yaw_speed"":0.0}",9.3354113
27065019130700,fov,3174,"{""zoom"":12.339999198913574,""hfov"":7.293355464935303,""vfov"":4.106302738189697,""state"":0,""max_aov_h"":90.0,""max_aov_v"":58.71550750732422,""min_aov_h"":1.40625,""min_aov_v"":0.7910428047180176,""max_zoom"":64.0}",9.3357566
27065038198700,target_offset,686,"{""x_angle_offset"":0.09116694331169128,""y_angle_offset"":-0.24333645855938946}",9.3548246
27065042517400,attitude,1278,"{""message_type"":""ATTITUDE"",""time_boot_ms"":125970,""roll"":0.11216705292463303,""pitch"":-0.30774015188217163,""yaw"":-2.9228193759918213,""rollspeed"":0.02767047844827175,""pitchspeed"":-0.04411700740456581,""yawspeed"":0.02336258813738823}",9.3591433
27065044100900,gimbal,3175,"{""imu_roll"":0.0,""imu_pitch"":9.368699073791504,""imu_yaw"":1.7442222833633423,""frame_roll"":0.0,""frame_pitch"":9.368699073791504,""frame_yaw"":1.7442222833633423,""pitch_speed"":0.0,""yaw_speed"":0.0}",9.3607268
27065044301600,fov,3175,"{""zoom"":12.339999198913574,""hfov"":7.293355464935303,""vfov"":4.106302738189697,""state"":0,""max_aov_h"":90.0,""max_aov_v"":58.71550750732422,""min_aov_h"":1.40625,""min_aov_v"":0.7910428047180176,""max_zoom"":64.0}",9.3609275
27065053712500,gimbal,3176,"{""imu_roll"":0.0,""imu_pitch"":9.337786674499512,""imu_yaw"":1.7530689239501953,""frame_roll"":0.0,""frame_pitch"":9.337786674499512,""frame_yaw"":1.7530689239501953,""pitch_speed"":0.0,""yaw_speed"":0.0}",9.3703384
27065053965600,fov,3176,"{""zoom"":12.339999198913574,""hfov"":7.293355464935303,""vfov"":4.106302738189697,""state"":0,""max_aov_h"":90.0,""max_aov_v"":58.71550750732422,""min_aov_h"":1.40625,""min_aov_v"":0.7910428047180176,""max_zoom"":64.0}",9.3705915
27065071238700,target_offset,687,"{""x_angle_offset"":0.09116694331169128,""y_angle_offset"":-0.23573219422940853}",9.3878646
27065076875000,vfr,639,"{""message_type"":""VFR_HUD"",""airspeed"":38.47434997558594,""alt"":153.14999389648438}",9.3935009
27065077028900,position,639,"{""message_type"":""GLOBAL_POSITION_INT"",""lat"":469504835,""lon"":393484758}",9.3936548
27065077123700,attitude,1279,"{""message_type"":""ATTITUDE"",""time_boot_ms"":126010,""roll"":0.11303960531949997,""pitch"":-0.31037846207618713,""yaw"":-2.9219934940338135,""rollspeed"":0.026213446632027626,""pitchspeed"":-0.04325241595506668,""yawspeed"":0.023875156417489052}",9.3937496
27065078173100,gimbal,3177,"{""imu_roll"":0.0,""imu_pitch"":9.293390274047852,""imu_yaw"":1.758610725402832,""frame_roll"":0.0,""frame_pitch"":9.293390274047852,""frame_yaw"":1.758610725402832,""pitch_speed"":0.0,""yaw_speed"":0.0}",9.394799
27065079215500,fov,3177,"{""zoom"":12.339999198913574,""hfov"":7.293355464935303,""vfov"":4.106302738189697,""state"":0,""max_aov_h"":90.0,""max_aov_v"":58.71550750732422,""min_aov_h"":1.40625,""min_aov_v"":0.7910428047180176,""max_zoom"":64.0}",9.3958414
27065088580900,gimbal,3178,"{""imu_roll"":0.0,""imu_pitch"":9.267865180969238,""imu_yaw"":1.7651560306549072,""frame_roll"":0.0,""frame_pitch"":9.267865180969238,""frame_yaw"":1.7651560306549072,""pitch_speed"":0.0,""yaw_speed"":0.0}",9.4052068
27065088926800,fov,3178,"{""zoom"":12.339999198913574,""hfov"":7.293355464935303,""vfov"":4.106302738189697,""state"":0,""max_aov_h"":90.0,""max_aov_v"":58.71550750732422,""min_aov_h"":1.40625,""min_aov_v"":0.7910428047180176,""max_zoom"":64.0}",9.4055527
27065108434300,target_offset,688,"{""x_angle_offset"":0.08356969803571701,""y_angle_offset"":-0.22812792989942762}",9.4250602
27065113887300,gimbal,3179,"{""imu_roll"":0.0,""imu_pitch"":9.230064392089844,""imu_yaw"":1.7676283121109009,""frame_roll"":0.0,""frame_pitch"":9.230064392089844,""frame_yaw"":1.7676283121109009,""pitch_speed"":0.0,""yaw_speed"":0.0}",9.4305132
27065114135000,fov,3179,"{""zoom"":12.339999198913574,""hfov"":7.293355464935303,""vfov"":4.106302738189697,""state"":0,""max_aov_h"":90.0,""max_aov_v"":58.71550750732422,""min_aov_h"":1.40625,""min_aov_v"":0.7910428047180176,""max_zoom"":64.0}",9.4307609
27065122946800,gimbal,3180,"{""imu_roll"":0.0,""imu_pitch"":9.206232070922852,""imu_yaw"":1.7751635313034058,""frame_roll"":0.0,""frame_pitch"":9.206232070922852,""frame_yaw"":1.7751635313034058,""pitch_speed"":0.0,""yaw_speed"":0.0}",9.4395727
27065123461200,fov,3180,"{""zoom"":12.339999198913574,""hfov"":7.293355464935303,""vfov"":4.106302738189697,""state"":0,""max_aov_h"":90.0,""max_aov_v"":58.71550750732422,""min_aov_h"":1.40625,""min_aov_v"":0.7910428047180176,""max_zoom"":64.0}",9.4400871
27065124012400,range,1213,"{""message_type"":""GLOBAL_VISION_POSITION_ESTIMATE"",""x"":46.948516845703125,""y"":39.34779357910156}",9.4406383
27065129328600,range,1214,"{""message_type"":""GLOBAL_VISION_POSITION_ESTIMATE"",""x"":46.948516845703125,""y"":39.34779357910156}",9.4459545
27065129501800,attitude,1280,"{""message_type"":""ATTITUDE"",""time_boot_ms"":126070,""roll"":0.11423909664154053,""pitch"":-0.3142644166946411,""yaw"":-2.9207167625427246,""rollspeed"":0.02427777461707592,""pitchspeed"":-0.04151603952050209,""yawspeed"":0.024524731561541557}",9.4461277
27065136972700,gimbal,3181,"{""imu_roll"":0.0,""imu_pitch"":9.1812744140625,""imu_yaw"":1.780013918876648,""frame_roll"":0.0,""frame_pitch"":9.1812744140625,""frame_yaw"":1.780013918876648,""pitch_speed"":0.0,""yaw_speed"":0.0}",9.4535986
27065137265600,fov,3181,"{""zoom"":12.339999198913574,""hfov"":7.293355464935303,""vfov"":4.106302738189697,""state"":0,""max_aov_h"":90.0,""max_aov_v"":58.71550750732422,""min_aov_h"":1.40625,""min_aov_v"":0.7910428047180176,""max_zoom"":64.0}",9.4538915
27065155456600,target_offset,689,"{""x_angle_offset"":0.07597245275974274,""y_angle_offset"":-0.2205236655694467}",9.4720825
27065161193100,gimbal,3182,"{""imu_roll"":0.0,""imu_pitch"":9.14675521850586,""imu_yaw"":1.778852105140686,""frame_roll"":0.0,""frame_pitch"":9.14675521850586,""frame_yaw"":1.778852105140686,""pitch_speed"":0.0,""yaw_speed"":0.0}",9.477819
27065161598500,fov,3182,"{""zoom"":12.339999198913574,""hfov"":7.293355464935303,""vfov"":4.106302738189697,""state"":0,""max_aov_h"":90.0,""max_aov_v"":58.71550750732422,""min_aov_h"":1.40625,""min_aov_v"":0.7910428047180176,""max_zoom"":64.0}",9.4782244
27065163836700,position,640,"{""message_type"":""GLOBAL_POSITION_INT"",""lat"":469504112,""lon"":393484506}",9.4804626
27065163995200,attitude,1281,"{""message_type"":""ATTITUDE"",""time_boot_ms"":126110,""roll"":0.11511966586112976,""pitch"":-0.31579408049583435,""yaw"":-2.91987681388855,""rollspeed"":0.023231858387589455,""pitchspeed"":-0.03878434747457504,""yawspeed"":0.024979546666145325}",9.4806211
27065164287000,vfr,640,"{""message_type"":""VFR_HUD"",""airspeed"":38.692134857177734,""alt"":151.72999572753906}",9.4809129
27065172631700,gimbal,3183,"{""imu_roll"":0.0,""imu_pitch"":9.121477127075195,""imu_yaw"":1.7855608463287354,""frame_roll"":0.0,""frame_pitch"":9.121477127075195,""frame_yaw"":1.7855608463287354,""pitch_speed"":0.0,""yaw_speed"":0.0}",9.4892576
27065172964900,fov,3183,"{""zoom"":12.339999198913574,""hfov"":7.293355464935303,""vfov"":4.106302738189697,""state"":0,""max_aov_h"":90.0,""max_aov_v"":58.71550750732422,""min_aov_h"":1.40625,""min_aov_v"":0.7910428047180176,""max_zoom"":64.0}",9.4895908
27065194923000,target_offset,690,"{""x_angle_offset"":0.06837520748376846,""y_angle_offset"":-0.1825023439195421}",9.5115489
27065201267400,gimbal,3184,"{""imu_roll"":0.0,""imu_pitch"":9.078868865966797,""imu_yaw"":1.7891480922698975,""frame_roll"":0.0,""frame_pitch"":9.078868865966797,""frame_yaw"":1.7891480922698975,""pitch_speed"":0.0,""yaw_speed"":0.0}",9.5178933
27065201529000,fov,3184,"{""zoom"":12.339999198913574,""hfov"":7.293355464935303,""vfov"":4.106302738189697,""state"":0,""max_aov_h"":90.0,""max_aov_v"":58.71550750732422,""min_aov_h"":1.40625,""min_aov_v"":0.7910428047180176,""max_zoom"":64.0}",9.5181549
27065209579300,gimbal,3185,"{""imu_roll"":0.0,""imu_pitch"":9.057805061340332,""imu_yaw"":1.7944979667663574,""frame_roll"":0.0,""frame_pitch"":9.057805061340332,""frame_yaw"":1.7944979667663574,""pitch_speed"":0.0,""yaw_speed"":0.0}",9.5262052
27065210080600,fov,3185,"{""zoom"":12.339999198913574,""hfov"":7.293355464935303,""vfov"":4.106302738189697,""state"":0,""max_aov_h"":90.0,""max_aov_v"":58.71550750732422,""min_aov_h"":1.40625,""min_aov_v"":0.7910428047180176,""max_zoom"":64.0}",9.5267065
27065221688400,attitude,1282,"{""message_type"":""ATTITUDE"",""time_boot_ms"":126170,""roll"":0.11640634387731552,""pitch"":-0.3178762197494507,""yaw"":-2.9185588359832764,""rollspeed"":0.023285720497369766,""pitchspeed"":-0.03471178933978081,""yawspeed"":0.025702033191919327}",9.5383143
27065228154500,target_offset,691,"{""x_angle_offset"":0.06077796220779419,""y_angle_offset"":-0.1825023439195421}",9.5447804
27065233421300,gimbal,3186,"{""imu_roll"":0.0,""imu_pitch"":9.028449058532715,""imu_yaw"":1.794795036315918,""frame_roll"":0.0,""frame_pitch"":9.028449058532715,""frame_yaw"":1.794795036315918,""pitch_speed"":0.0,""yaw_speed"":0.0}",9.5500472
27065233625700,fov,3186,"{""zoom"":12.339999198913574,""hfov"":7.293355464935303,""vfov"":4.106302738189697,""state"":0,""max_aov_h"":90.0,""max_aov_v"":58.71550750732422,""min_aov_h"":1.40625,""min_aov_v"":0.7910428047180176,""max_zoom"":64.0}",9.5502516
27065244123300,gimbal,3187,"{""imu_roll"":0.0,""imu_pitch"":9.005236625671387,""imu_yaw"":1.7984302043914795,""frame_roll"":0.0,""frame_pitch"":9.005236625671387,""frame_yaw"":1.7984302043914795,""pitch_speed"":0.0,""yaw_speed"":0.0}",9.5607492
27065244840600,fov,3187,"{""zoom"":12.339999198913574,""hfov"":7.293355464935303,""vfov"":4.106302738189697,""state"":0,""max_aov_h"":90.0,""max_aov_v"":58.71550750732422,""min_aov_h"":1.40625,""min_aov_v"":0.7910428047180176,""max_zoom"":64.0}",9.5614665
27065256501000,position,641,"{""message_type"":""GLOBAL_POSITION_INT"",""lat"":469504112,""lon"":393484506}",9.5731269
27065256695200,attitude,1283,"{""message_type"":""ATTITUDE"",""time_boot_ms"":126210,""roll"":0.11731357127428055,""pitch"":-0.3191838264465332,""yaw"":-2.917645215988159,""rollspeed"":0.025002755224704742,""pitchspeed"":-0.033422984182834625,""yawspeed"":0.026163440197706223}",9.5733211
27065257281100,vfr,641,"{""message_type"":""VFR_HUD"",""airspeed"":38.888832092285156,""alt"":150.2899932861328}",9.573907
27065258198300,gimbal,3188,"{""imu_roll"":0.0,""imu_pitch"":8.984238624572754,""imu_yaw"":1.7988440990447998,""frame_roll"":0.0,""frame_pitch"":8.984238624572754,""frame_yaw"":1.7988440990447998,""pitch_speed"":0.0,""yaw_speed"":0.0}",9.5748242
27065258444500,fov,3188,"{""zoom"":12.339999198913574,""hfov"":7.293355464935303,""vfov"":4.106302738189697,""state"":0,""max_aov_h"":90.0,""max_aov_v"":58.71550750732422,""min_aov_h"":1.40625,""min_aov_v"":0.7910428047180176,""max_zoom"":64.0}",9.5750704
27065276829200,target_offset,692,"{""x_angle_offset"":0.053180716931819916,""y_angle_offset"":-0.17489807958956116}",9.5934551
27065282367100,range,1215,"{""message_type"":""GLOBAL_VISION_POSITION_ESTIMATE"",""x"":46.94844436645508,""y"":39.34775161743164}",9.598993
27065283968800,gimbal,3189,"{""imu_roll"":0.0,""imu_pitch"":8.955289840698242,""imu_yaw"":1.7908711433410645,""frame_roll"":0.0,""frame_pitch"":8.955289840698242,""frame_yaw"":1.7908711433410645,""pitch_speed"":0.0,""yaw_speed"":0.0}",9.6005947
27065284267500,fov,3189,"{""zoom"":12.339999198913574,""hfov"":7.293355464935303,""vfov"":4.106302738189697,""state"":0,""max_aov_h"":90.0,""max_aov_v"":58.71550750732422,""min_aov_h"":1.40625,""min_aov_v"":0.7910428047180176,""max_zoom"":64.0}",9.6008934
27065290161400,range,1216,"{""message_type"":""GLOBAL_VISION_POSITION_ESTIMATE"",""x"":46.94844436645508,""y"":39.34775161743164}",9.6067873
27065293927300,gimbal,3190,"{""imu_roll"":0.0,""imu_pitch"":8.933273315429688,""imu_yaw"":1.7958194017410278,""frame_roll"":0.0,""frame_pitch"":8.933273315429688,""frame_yaw"":1.7958194017410278,""pitch_speed"":0.0,""yaw_speed"":0.0}",9.6105532
27065294233900,fov,3190,"{""zoom"":12.339999198913574,""hfov"":7.293355464935303,""vfov"":4.106302738189697,""state"":0,""max_aov_h"":90.0,""max_aov_v"":58.71550750732422,""min_aov_h"":1.40625,""min_aov_v"":0.7910428047180176,""max_zoom"":64.0}",9.6108598
27065306764900,attitude,1284,"{""message_type"":""ATTITUDE"",""time_boot_ms"":126270,""roll"":0.1187906339764595,""pitch"":-0.3211704194545746,""yaw"":-2.916240692138672,""rollspeed"":0.02769988775253296,""pitchspeed"":-0.0347181111574173,""yawspeed"":0.02696271240711212}",9.6233908
27065313520500,target_offset,693,"{""x_angle_offset"":0.04558347165584564,""y_angle_offset"":-0.13687675793965656}",9.6301464
27065319811300,gimbal,3191,"{""imu_roll"":0.0,""imu_pitch"":8.900076866149902,""imu_yaw"":1.793565034866333,""frame_roll"":0.0,""frame_pitch"":8.900076866149902,""frame_yaw"":1.793565034866333,""pitch_speed"":0.0,""yaw_speed"":0.0}",9.6364372
27065320076500,fov,3191,"{""zoom"":12.339999198913574,""hfov"":7.293355464935303,""vfov"":4.106302738189697,""state"":0,""max_aov_h"":90.0,""max_aov_v"":58.71550750732422,""min_aov_h"":1.40625,""min_aov_v"":0.7910428047180176,""max_zoom"":64.0}",9.6367024
27065329332100,gimbal,3192,"{""imu_roll"":0.0,""imu_pitch"":8.886605262756348,""imu_yaw"":1.7955090999603271,""frame_roll"":0.0,""frame_pitch"":8.886605262756348,""frame_yaw"":1.7955090999603271,""pitch_speed"":0.0,""yaw_speed"":0.0}",9.645958
27065329817700,fov,3192,"{""zoom"":12.339999198913574,""hfov"":7.293355464935303,""vfov"":4.106302738189697,""state"":0,""max_aov_h"":90.0,""max_aov_v"":58.71550750732422,""min_aov_h"":1.40625,""min_aov_v"":0.7910428047180176,""max_zoom"":64.0}",9.6464436
27065343109700,attitude,1285,"{""message_type"":""ATTITUDE"",""time_boot_ms"":126310,""roll"":0.11986798793077469,""pitch"":-0.3225853741168976,""yaw"":-2.915283203125,""rollspeed"":0.030770909041166306,""pitchspeed"":-0.036501169204711914,""yawspeed"":0.02746145986020565}",9.6597356
27065343448500,vfr,642,"{""message_type"":""VFR_HUD"",""airspeed"":39.09292221069336,""alt"":148.8300018310547}",9.6600744
27065343575200,position,642,"{""message_type"":""GLOBAL_POSITION_INT"",""lat"":469503383,""lon"":393484244}",9.6602011
27065349080200,target_offset,694,"{""x_angle_offset"":0.03798622637987137,""y_angle_offset"":-0.12927249360967566}",9.6657061
27065354148600,gimbal,3193,"{""imu_roll"":0.0,""imu_pitch"":8.864388465881348,""imu_yaw"":1.7898043394088745,""frame_roll"":0.0,""frame_pitch"":8.864388465881348,""frame_yaw"":1.7898043394088745,""pitch_speed"":0.0,""yaw_speed"":0.0}",9.6707745
27065354369300,fov,3193,"{""zoom"":12.339999198913574,""hfov"":7.293355464935303,""vfov"":4.106302738189697,""state"":0,""max_aov_h"":90.0,""max_aov_v"":58.71550750732422,""min_aov_h"":1.40625,""min_aov_v"":0.7910428047180176,""max_zoom"":64.0}",9.6709952
27065365912900,gimbal,3194,"{""imu_roll"":0.0,""imu_pitch"":8.84890079498291,""imu_yaw"":1.7914060354232788,""frame_roll"":0.0,""frame_pitch"":8.84890079498291,""frame_yaw"":1.7914060354232788,""pitch_speed"":0.0,""yaw_speed"":0.0}",9.6825388
27065366191300,fov,3194,"{""zoom"":12.339999198913574,""hfov"":7.293355464935303,""vfov"":4.106302738189697,""state"":0,""max_aov_h"":90.0,""max_aov_v"":58.71550750732422,""min_aov_h"":1.40625,""min_aov_v"":0.7910428047180176,""max_zoom"":64.0}",9.6828172
27065386080900,gimbal,3195,"{""imu_roll"":0.0,""imu_pitch"":8.829111099243164,""imu_yaw"":1.7886111736297607,""frame_roll"":0.0,""frame_pitch"":8.829111099243164,""frame_yaw"":1.7886111736297607,""pitch_speed"":0.0,""yaw_speed"":0.0}",9.7027068
27065386671200,fov,3195,"{""zoom"":12.339999198913574,""hfov"":7.293355464935303,""vfov"":4.106302738189697,""state"":0,""max_aov_h"":90.0,""max_aov_v"":58.71550750732422,""min_aov_h"":1.40625,""min_aov_v"":0.7910428047180176,""max_zoom"":64.0}",9.7032971
27065402365500,target_offset,695,"{""x_angle_offset"":0.030388981103897095,""y_angle_offset"":-0.12166822927969473}",9.7189914
27065408394900,attitude,1286,"{""message_type"":""ATTITUDE"",""time_boot_ms"":126370,""roll"":0.12164933234453201,""pitch"":-0.3247663676738739,""yaw"":-2.913804531097412,""rollspeed"":0.03584427386522293,""pitchspeed"":-0.0370117649435997,""yawspeed"":0.028294961899518967}",9.7250208
27065408657400,gimbal,3196,"{""imu_roll"":0.0,""imu_pitch"":8.813846588134766,""imu_yaw"":1.7831305265426636,""frame_roll"":0.0,""frame_pitch"":8.813846588134766,""frame_yaw"":1.7831305265426636,""pitch_speed"":0.0,""yaw_speed"":0.0}",9.7252833
27065408913600,fov,3196,"{""zoom"":12.339999198913574,""hfov"":7.293355464935303,""vfov"":4.106302738189697,""state"":0,""max_aov_h"":90.0,""max_aov_v"":58.71550750732422,""min_aov_h"":1.40625,""min_aov_v"":0.7910428047180176,""max_zoom"":64.0}",9.7255395
27065416922900,gimbal,3197,"{""imu_roll"":0.0,""imu_pitch"":8.79806137084961,""imu_yaw"":1.7831642627716064,""frame_roll"":0.0,""frame_pitch"":8.79806137084961,""frame_yaw"":1.7831642627716064,""pitch_speed"":0.0,""yaw_speed"":0.0}",9.7335488
27065417265400,fov,3197,"{""zoom"":12.339999198913574,""hfov"":7.293355464935303,""vfov"":4.106302738189697,""state"":0,""max_aov_h"":90.0,""max_aov_v"":58.71550750732422,""min_aov_h"":1.40625,""min_aov_v"":0.7910428047180176,""max_zoom"":64.0}",9.7338913
27065434814300,range,1217,"{""message_type"":""GLOBAL_VISION_POSITION_ESTIMATE"",""x"":46.948368072509766,""y"":39.34771728515625}",9.7514402
27065436078800,target_offset,696,"{""x_angle_offset"":0.030388981103897095,""y_angle_offset"":-0.11406396494971381}",9.7527047
27065441206500,gimbal,3198,"{""imu_roll"":0.0,""imu_pitch"":8.77767562866211,""imu_yaw"":1.7761927843093872,""frame_roll"":0.0,""frame_pitch"":8.77767562866211,""frame_yaw"":1.7761927843093872,""pitch_speed"":0.0,""yaw_speed"":0.0}",9.7578324
27065441422500,fov,3198,"{""zoom"":12.339999198913574,""hfov"":7.293355464935303,""vfov"":4.106302738189697,""state"":0,""max_aov_h"":90.0,""max_aov_v"":58.71550750732422,""min_aov_h"":1.40625,""min_aov_v"":0.7910428047180176,""max_zoom"":64.0}",9.7580484
27065447104400,range,1218,"{""message_type"":""GLOBAL_VISION_POSITION_ESTIMATE"",""x"":46.948368072509766,""y"":39.34771728515625}",9.7637303
27065447314400,position,643,"{""message_type"":""GLOBAL_POSITION_INT"",""lat"":469503383,""lon"":393484244}",9.7639403
27065447469100,attitude,1287,"{""message_type"":""ATTITUDE"",""time_boot_ms"":126410,""roll"":0.12298313528299332,""pitch"":-0.3262499272823334,""yaw"":-2.9127979278564453,""rollspeed"":0.03826482221484184,""pitchspeed"":-0.03774072974920273,""yawspeed"":0.028901154175400734}",9.764095
27065448130500,vfr,643,"{""message_type"":""VFR_HUD"",""airspeed"":39.30196762084961,""alt"":147.33999633789062}",9.7647564
27065450437600,gimbal,3199,"{""imu_roll"":0.0,""imu_pitch"":8.76479434967041,""imu_yaw"":1.7770997285842896,""frame_roll"":0.0,""frame_pitch"":8.76479434967041,""frame_yaw"":1.7770997285842896,""pitch_speed"":0.0,""yaw_speed"":0.0}",9.7670635
27065450822000,fov,3199,"{""zoom"":12.339999198913574,""hfov"":7.293355464935303,""vfov"":4.106302738189697,""state"":0,""max_aov_h"":90.0,""max_aov_v"":58.71550750732422,""min_aov_h"":1.40625,""min_aov_v"":0.7910428047180176,""max_zoom"":64.0}",9.7674479
27065469448200,target_offset,697,"{""x_angle_offset"":0.030388981103897095,""y_angle_offset"":-0.1064597006197329}",9.7860741
27065476281600,gimbal,3200,"{""imu_roll"":0.0,""imu_pitch"":8.745001792907715,""imu_yaw"":1.768935203552246,""frame_roll"":0.0,""frame_pitch"":8.745001792907715,""frame_yaw"":1.768935203552246,""pitch_speed"":0.0,""yaw_speed"":0.0}",9.7929075
27065476554100,fov,3200,"{""zoom"":12.339999198913574,""hfov"":7.293355464935303,""vfov"":4.106302738189697,""state"":0,""max_aov_h"":90.0,""max_aov_v"":58.71550750732422,""min_aov_h"":1.40625,""min_aov_v"":0.7910428047180176,""max_zoom"":64.0}",9.79318
27065486338500,gimbal,3201,"{""imu_roll"":0.0,""imu_pitch"":8.733920097351074,""imu_yaw"":1.770686388015747,""frame_roll"":0.0,""frame_pitch"":8.733920097351074,""frame_yaw"":1.770686388015747,""pitch_speed"":0.0,""yaw_speed"":0.0}",9.8029644
27065486600500,fov,3201,"{""zoom"":12.339999198913574,""hfov"":7.293355464935303,""vfov"":4.106302738189697,""state"":0,""max_aov_h"":90.0,""max_aov_v"":58.71550750732422,""min_aov_h"":1.40625,""min_aov_v"":0.7910428047180176,""max_zoom"":64.0}",9.8032264
27065505536600,attitude,1288,"{""message_type"":""ATTITUDE"",""time_boot_ms"":126470,""roll"":0.12510108947753906,""pitch"":-0.3285452425479889,""yaw"":-2.911266565322876,""rollspeed"":0.04075990989804268,""pitchspeed"":-0.038890913128852844,""yawspeed"":0.029599474743008614}",9.8221625
27065507335100,target_offset,698,"{""x_angle_offset"":0.030388981103897095,""y_angle_offset"":-0.1064597006197329}",9.823961
27065512704300,gimbal,3202,"{""imu_roll"":0.0,""imu_pitch"":8.716925621032715,""imu_yaw"":1.766606330871582,""frame_roll"":0.0,""frame_pitch"":8.716925621032715,""frame_yaw"":1.766606330871582,""pitch_speed"":0.0,""yaw_speed"":0.0}",9.8293302
27065513006600,fov,3202,"{""zoom"":12.339999198913574,""hfov"":7.293355464935303,""vfov"":4.106302738189697,""state"":0,""max_aov_h"":90.0,""max_aov_v"":58.71550750732422,""min_aov_h"":1.40625,""min_aov_v"":0.7910428047180176,""max_zoom"":64.0}",9.8296325
27065522026200,gimbal,3203,"{""imu_roll"":0.0,""imu_pitch"":8.702535629272461,""imu_yaw"":1.7652286291122437,""frame_roll"":0.0,""frame_pitch"":8.702535629272461,""frame_yaw"":1.7652286291122437,""pitch_speed"":0.0,""yaw_speed"":0.0}",9.8386521
27065522486700,fov,3203,"{""zoom"":12.339999198913574,""hfov"":7.293355464935303,""vfov"":4.106302738189697,""state"":0,""max_aov_h"":90.0,""max_aov_v"":58.71550750732422,""min_aov_h"":1.40625,""min_aov_v"":0.7910428047180176,""max_zoom"":64.0}",9.8391126
27065535165000,gimbal,3204,"{""imu_roll"":0.0,""imu_pitch"":8.690533638000488,""imu_yaw"":1.7604252099990845,""frame_roll"":0.0,""frame_pitch"":8.690533638000488,""frame_yaw"":1.7604252099990845,""pitch_speed"":0.0,""yaw_speed"":0.0}",9.8517909
27065535507000,fov,3204,"{""zoom"":12.339999198913574,""hfov"":7.293355464935303,""vfov"":4.106302738189697,""state"":0,""max_aov_h"":90.0,""max_aov_v"":58.71550750732422,""min_aov_h"":1.40625,""min_aov_v"":0.7910428047180176,""max_zoom"":64.0}",9.8521329
27065541015100,position,644,"{""message_type"":""GLOBAL_POSITION_INT"",""lat"":469502649,""lon"":393483970}",9.857641
27065541265900,attitude,1289,"{""message_type"":""ATTITUDE"",""time_boot_ms"":126510,""roll"":0.12661975622177124,""pitch"":-0.3300894498825073,""yaw"":-2.910224437713623,""rollspeed"":0.043600618839263916,""pitchspeed"":-0.03885630890727043,""yawspeed"":0.030216654762625694}",9.8578918
27065541699900,vfr,644,"{""message_type"":""VFR_HUD"",""airspeed"":39.513916015625,""alt"":145.83999633789062}",9.8583258
27065554207600,target_offset,699,"{""x_angle_offset"":0.03798622637987137,""y_angle_offset"":-0.1064597006197329}",9.8708335
27065560156300,gimbal,3205,"{""imu_roll"":0.0,""imu_pitch"":8.673710823059082,""imu_yaw"":1.7460496425628662,""frame_roll"":0.0,""frame_pitch"":8.673710823059082,""frame_yaw"":1.7460496425628662,""pitch_speed"":0.0,""yaw_speed"":0.0}",9.8767822
27065560458200,fov,3205,"{""zoom"":12.339999198913574,""hfov"":7.293355464935303,""vfov"":4.106302738189697,""state"":0,""max_aov_h"":90.0,""max_aov_v"":58.71550750732422,""min_aov_h"":1.40625,""min_aov_v"":0.7910428047180176,""max_zoom"":64.0}",9.8770841
27065570950400,gimbal,3206,"{""imu_roll"":0.0,""imu_pitch"":8.659838676452637,""imu_yaw"":1.747408151626587,""frame_roll"":0.0,""frame_pitch"":8.659838676452637,""frame_yaw"":1.747408151626587,""pitch_speed"":0.0,""yaw_speed"":0.0}",9.8875763
27065571302900,fov,3206,"{""zoom"":12.339999198913574,""hfov"":7.293355464935303,""vfov"":4.106302738189697,""state"":0,""max_aov_h"":90.0,""max_aov_v"":58.71550750732422,""min_aov_h"":1.40625,""min_aov_v"":0.7910428047180176,""max_zoom"":64.0}",9.8879288
27065589703000,target_offset,700,"{""x_angle_offset"":0.04558347165584564,""y_angle_offset"":-0.11406396494971381}",9.9063289
27065595786800,gimbal,3207,"{""imu_roll"":0.0,""imu_pitch"":8.639626502990723,""imu_yaw"":1.740547776222229,""frame_roll"":0.0,""frame_pitch"":8.639626502990723,""frame_yaw"":1.740547776222229,""pitch_speed"":0.0,""yaw_speed"":0.0}",9.9124127
27065596032500,fov,3207,"{""zoom"":12.339999198913574,""hfov"":7.293355464935303,""vfov"":4.106302738189697,""state"":0,""max_aov_h"":90.0,""max_aov_v"":58.71550750732422,""min_aov_h"":1.40625,""min_aov_v"":0.7910428047180176,""max_zoom"":64.0}",9.9126584
27065596164800,attitude,1290,"{""message_type"":""ATTITUDE"",""time_boot_ms"":126570,""roll"":0.12920184433460236,""pitch"":-0.3325044512748718,""yaw"":-2.9086811542510986,""rollspeed"":0.04703153297305107,""pitchspeed"":-0.03887294977903366,""yawspeed"":0.030839385464787483}",9.9127907
27065606605500,range,1219,"{""message_type"":""GLOBAL_VISION_POSITION_ESTIMATE"",""x"":46.94830322265625,""y"":39.347679138183594}",9.9232314
27065607268700,gimbal,3208,"{""imu_roll"":0.0,""imu_pitch"":8.624106407165527,""imu_yaw"":1.7426115274429321,""frame_roll"":0.0,""frame_pitch"":8.624106407165527,""frame_yaw"":1.7426115274429321,""pitch_speed"":0.0,""yaw_speed"":0.0}",9.9238946
27065607668800,fov,3208,"{""zoom"":12.339999198913574,""hfov"":7.293355464935303,""vfov"":4.106302738189697,""state"":0,""max_aov_h"":90.0,""max_aov_v"":58.71550750732422,""min_aov_h"":1.40625,""min_aov_v"":0.7910428047180176,""max_zoom"":64.0}",9.9242947
27065613749500,range,1220,"{""message_type"":""GLOBAL_VISION_POSITION_ESTIMATE"",""x"":46.94830322265625,""y"":39.347679138183594}",9.9303754
27065626209700,target_offset,701,"{""x_angle_offset"":0.053180716931819916,""y_angle_offset"":-0.12927249360967566}",9.9428356
27065631293000,vfr,645,"{""message_type"":""VFR_HUD"",""airspeed"":39.72761154174805,""alt"":144.3000030517578}",9.9479189
27065631424100,position,645,"{""message_type"":""GLOBAL_POSITION_INT"",""lat"":469502649,""lon"":393483970}",9.94805
27065631535300,attitude,1291,"{""message_type"":""ATTITUDE"",""time_boot_ms"":126610,""roll"":0.13099953532218933,""pitch"":-0.3340757191181183,""yaw"":-2.9076287746429443,""rollspeed"":0.04854445159435272,""pitchspeed"":-0.03798481822013855,""yawspeed"":0.03132699802517891}",9.9481612
27065632917400,gimbal,3209,"{""imu_roll"":0.0,""imu_pitch"":8.603181838989258,""imu_yaw"":1.73768949508667,""frame_roll"":0.0,""frame_pitch"":8.603181838989258,""frame_yaw"":1.73768949508667,""pitch_speed"":0.0,""yaw_speed"":0.0}",9.9495433
27065633140400,fov,3209,"{""zoom"":12.339999198913574,""hfov"":7.293355464935303,""vfov"":4.106302738189697,""state"":0,""max_aov_h"":90.0,""max_aov_v"":58.71550750732422,""min_aov_h"":1.40625,""min_aov_v"":0.7910428047180176,""max_zoom"":64.0}",9.9497663
27065640359200,gimbal,3210,"{""imu_roll"":0.0,""imu_pitch"":8.587443351745605,""imu_yaw"":1.739973545074463,""frame_roll"":0.0,""frame_pitch"":8.587443351745605,""frame_yaw"":1.739973545074463,""pitch_speed"":0.0,""yaw_speed"":0.0}",9.9569851
27065641527900,fov,3210,"{""zoom"":12.339999198913574,""hfov"":7.293355464935303,""vfov"":4.106302738189697,""state"":0,""max_aov_h"":90.0,""max_aov_v"":58.71550750732422,""min_aov_h"":1.40625,""min_aov_v"":0.7910428047180176,""max_zoom"":64.0}",9.9581538
27065655546800,gimbal,3211,"{""imu_roll"":0.0,""imu_pitch"":8.571704864501953,""imu_yaw"":1.738603115081787,""frame_roll"":0.0,""frame_pitch"":8.571704864501953,""frame_yaw"":1.738603115081787,""pitch_speed"":0.0,""yaw_speed"":0.0}",9.9721727
27065655782300,fov,3211,"{""zoom"":12.339999198913574,""hfov"":7.293355464935303,""vfov"":4.106302738189697,""state"":0,""max_aov_h"":90.0,""max_aov_v"":58.71550750732422,""min_aov_h"":1.40625,""min_aov_v"":0.7910428047180176,""max_zoom"":64.0}",9.9724082
27065673250600,target_offset,702,"{""x_angle_offset"":0.06077796220779419,""y_angle_offset"":-0.16729381525958026}",9.9898765
27065679026200,gimbal,3212,"{""imu_roll"":0.0,""imu_pitch"":8.552042007446289,""imu_yaw"":1.7288132905960083,""frame_roll"":0.0,""frame_pitch"":8.552042007446289,""frame_yaw"":1.7288132905960083,""pitch_speed"":0.0,""yaw_speed"":0.0}",9.9956521
27065679249400,fov,3212,"{""zoom"":12.339999198913574,""hfov"":7.293355464935303,""vfov"":4.106302738189697,""state"":0,""max_aov_h"":90.0,""max_aov_v"":58.71550750732422,""min_aov_h"":1.40625,""min_aov_v"":0.7910428047180176,""max_zoom"":64.0}",9.9958753
27065691502400,gimbal,3213,"{""imu_roll"":0.0,""imu_pitch"":8.530599594116211,""imu_yaw"":1.7340351343154907,""frame_roll"":0.0,""frame_pitch"":8.530599594116211,""frame_yaw"":1.7340351343154907,""pitch_speed"":0.0,""yaw_speed"":0.0}",10.0081283
27065691975000,fov,3213,"{""zoom"":12.339999198913574,""hfov"":7.293355464935303,""vfov"":4.106302738189697,""state"":0,""max_aov_h"":90.0,""max_aov_v"":58.71550750732422,""min_aov_h"":1.40625,""min_aov_v"":0.7910428047180176,""max_zoom"":64.0}",10.0086009
27065698119800,attitude,1292,"{""message_type"":""ATTITUDE"",""time_boot_ms"":126670,""roll"":0.13373415172100067,""pitch"":-0.336397647857666,""yaw"":-2.906028985977173,""rollspeed"":0.049167390912771225,""pitchspeed"":-0.03742887079715729,""yawspeed"":0.03180437162518501}",10.0147457
27065710172200,target_offset,703,"{""x_angle_offset"":0.06837520748376846,""y_angle_offset"":-0.16729381525958026}",10.0267981
27065716389100,gimbal,3214,"{""imu_roll"":0.0,""imu_pitch"":8.500102996826172,""imu_yaw"":1.7332143783569336,""frame_roll"":0.0,""frame_pitch"":8.500102996826172,""frame_yaw"":1.7332143783569336,""pitch_speed"":0.0,""yaw_speed"":0.0}",10.033015
27065716708400,fov,3214,"{""zoom"":12.339999198913574,""hfov"":7.293355464935303,""vfov"":4.106302738189697,""state"":0,""max_aov_h"":90.0,""max_aov_v"":58.71550750732422,""min_aov_h"":1.40625,""min_aov_v"":0.7910428047180176,""max_zoom"":64.0}",10.0333343
27065725987600,gimbal,3215,"{""imu_roll"":0.0,""imu_pitch"":8.480764389038086,""imu_yaw"":1.7388437986373901,""frame_roll"":0.0,""frame_pitch"":8.480764389038086,""frame_yaw"":1.7388437986373901,""pitch_speed"":0.0,""yaw_speed"":0.0}",10.0426135
27065726673500,fov,3215,"{""zoom"":12.339999198913574,""hfov"":7.293355464935303,""vfov"":4.106302738189697,""state"":0,""max_aov_h"":90.0,""max_aov_v"":58.71550750732422,""min_aov_h"":1.40625,""min_aov_v"":0.7910428047180176,""max_zoom"":64.0}",10.0432994
27065732740800,position,646,"{""message_type"":""GLOBAL_POSITION_INT"",""lat"":469502649,""lon"":393483970}",10.0493667
27065732929300,attitude,1293,"{""message_type"":""ATTITUDE"",""time_boot_ms"":126710,""roll"":0.13558773696422577,""pitch"":-0.3379698693752289,""yaw"":-2.9049630165100098,""rollspeed"":0.050044238567352295,""pitchspeed"":-0.03801477327942848,""yawspeed"":0.031976792961359024}",10.0495552
27065733386400,vfr,646,"{""message_type"":""VFR_HUD"",""airspeed"":39.942081451416016,""alt"":142.75999450683594}",10.0500123
27065745984700,target_offset,704,"{""x_angle_offset"":0.06837520748376846,""y_angle_offset"":-0.16729381525958026}",10.0626106
27065750882100,gimbal,3216,"{""imu_roll"":0.0,""imu_pitch"":8.452337265014648,""imu_yaw"":1.7390625476837158,""frame_roll"":0.0,""frame_pitch"":8.452337265014648,""frame_yaw"":1.7390625476837158,""pitch_speed"":0.0,""yaw_speed"":0.0}",10.067508
27065751158400,fov,3216,"{""zoom"":12.339999198913574,""hfov"":7.293355464935303,""vfov"":4.106302738189697,""state"":0,""max_aov_h"":90.0,""max_aov_v"":58.71550750732422,""min_aov_h"":1.40625,""min_aov_v"":0.7910428047180176,""max_zoom"":64.0}",10.0677843
27065760079300,gimbal,3217,"{""imu_roll"":0.0,""imu_pitch"":8.4342679977417,""imu_yaw"":1.7437278032302856,""frame_roll"":0.0,""frame_pitch"":8.4342679977417,""frame_yaw"":1.7437278032302856,""pitch_speed"":0.0,""yaw_speed"":0.0}",10.0767052
27065760414700,fov,3217,"{""zoom"":12.339999198913574,""hfov"":7.293355464935303,""vfov"":4.106302738189697,""state"":0,""max_aov_h"":90.0,""max_aov_v"":58.71550750732422,""min_aov_h"":1.40625,""min_aov_v"":0.7910428047180176,""max_zoom"":64.0}",10.0770406
27065762041500,range,1221,"{""message_type"":""GLOBAL_VISION_POSITION_ESTIMATE"",""x"":46.94908905029297,""y"":39.347957611083984}",10.0786674
27065768848400,range,1222,"{""message_type"":""GLOBAL_VISION_POSITION_ESTIMATE"",""x"":46.94908905029297,""y"":39.347957611083984}",10.0854743
27065774720300,gimbal,3218,"{""imu_roll"":0.0,""imu_pitch"":8.4146089553833,""imu_yaw"":1.744378685951233,""frame_roll"":0.0,""frame_pitch"":8.4146089553833,""frame_yaw"":1.744378685951233,""pitch_speed"":0.0,""yaw_speed"":0.0}",10.0913462
27065775043300,fov,3218,"{""zoom"":12.339999198913574,""hfov"":7.293355464935303,""vfov"":4.106302738189697,""state"":0,""max_aov_h"":90.0,""max_aov_v"":58.71550750732422,""min_aov_h"":1.40625,""min_aov_v"":0.7910428047180176,""max_zoom"":64.0}",10.0916692
27065785199000,attitude,1294,"{""message_type"":""ATTITUDE"",""time_boot_ms"":126770,""roll"":0.13830891251564026,""pitch"":-0.3403303921222687,""yaw"":-2.9033687114715576,""rollspeed"":0.04815267398953438,""pitchspeed"":-0.03768708184361458,""yawspeed"":0.03199676051735878}",10.1018249
27065796283800,target_offset,705,"{""x_angle_offset"":0.06837520748376846,""y_angle_offset"":-0.16729381525958026}",10.1129097
27065801389500,gimbal,3219,"{""imu_roll"":0.0,""imu_pitch"":8.392294883728027,""imu_yaw"":1.7375073432922363,""frame_roll"":0.0,""frame_pitch"":8.392294883728027,""frame_yaw"":1.7375073432922363,""pitch_speed"":0.0,""yaw_speed"":0.0}",10.1180154
27065801685700,fov,3219,"{""zoom"":12.339999198913574,""hfov"":7.293355464935303,""vfov"":4.106302738189697,""state"":0,""max_aov_h"":90.0,""max_aov_v"":58.71550750732422,""min_aov_h"":1.40625,""min_aov_v"":0.7910428047180176,""max_zoom"":64.0}",10.1183116
27065809657800,gimbal,3220,"{""imu_roll"":0.0,""imu_pitch"":8.371212005615234,""imu_yaw"":1.7429792881011963,""frame_roll"":0.0,""frame_pitch"":8.371212005615234,""frame_yaw"":1.7429792881011963,""pitch_speed"":0.0,""yaw_speed"":0.0}",10.1262837
27065810057000,fov,3220,"{""zoom"":12.339999198913574,""hfov"":7.293355464935303,""vfov"":4.106302738189697,""state"":0,""max_aov_h"":90.0,""max_aov_v"":58.71550750732422,""min_aov_h"":1.40625,""min_aov_v"":0.7910428047180176,""max_zoom"":64.0}",10.1266829
27065833357100,gimbal,3221,"{""imu_roll"":0.0,""imu_pitch"":8.340075492858887,""imu_yaw"":1.7462177276611328,""frame_roll"":0.0,""frame_pitch"":8.340075492858887,""frame_yaw"":1.7462177276611328,""pitch_speed"":0.0,""yaw_speed"":0.0}",10.149983
27065833784500,fov,3221,"{""zoom"":12.339999198913574,""hfov"":7.293355464935303,""vfov"":4.106302738189697,""state"":0,""max_aov_h"":90.0,""max_aov_v"":58.71550750732422,""min_aov_h"":1.40625,""min_aov_v"":0.7910428047180176,""max_zoom"":64.0}",10.1504104
27065835530900,attitude,1295,"{""message_type"":""ATTITUDE"",""time_boot_ms"":126810,""roll"":0.1400047242641449,""pitch"":-0.3419317305088043,""yaw"":-2.902318239212036,""rollspeed"":0.045221999287605286,""pitchspeed"":-0.038475725799798965,""yawspeed"":0.03192383423447609}",10.1521568
27065836021400,vfr,647,"{""message_type"":""VFR_HUD"",""airspeed"":40.156829833984375,""alt"":141.1699981689453}",10.1526473
27065836198000,position,647,"{""message_type"":""GLOBAL_POSITION_INT"",""lat"":469501910,""lon"":393483688}",10.1528239
27065844998500,gimbal,3222,"{""imu_roll"":0.0,""imu_pitch"":8.3285493850708,""imu_yaw"":1.7450746297836304,""frame_roll"":0.0,""frame_pitch"":8.3285493850708,""frame_yaw"":1.7450746297836304,""pitch_speed"":0.0,""yaw_speed"":0.0}",10.1616244
27065846201900,fov,3222,"{""zoom"":12.339999198913574,""hfov"":7.293355464935303,""vfov"":4.106302738189697,""state"":0,""max_aov_h"":90.0,""max_aov_v"":58.71550750732422,""min_aov_h"":1.40625,""min_aov_v"":0.7910428047180176,""max_zoom"":64.0}",10.1628278
27065858201300,gimbal,3223,"{""imu_roll"":0.0,""imu_pitch"":8.316329956054688,""imu_yaw"":1.7405139207839966,""frame_roll"":0.0,""frame_pitch"":8.316329956054688,""frame_yaw"":1.7405139207839966,""pitch_speed"":0.0,""yaw_speed"":0.0}",10.1748272
27065858584900,fov,3223,"{""zoom"":12.339999198913574,""hfov"":7.293355464935303,""vfov"":4.106302738189697,""state"":0,""max_aov_h"":90.0,""max_aov_v"":58.71550750732422,""min_aov_h"":1.40625,""min_aov_v"":0.7910428047180176,""max_zoom"":64.0}",10.1752108
27065875297200,target_offset,706,"{""x_angle_offset"":0.06077796220779419,""y_angle_offset"":-0.15968955092959933}",10.1919231
27065881236700,gimbal,3224,"{""imu_roll"":0.0,""imu_pitch"":8.299713134765625,""imu_yaw"":1.72556471824646,""frame_roll"":0.0,""frame_pitch"":8.299713134765625,""frame_yaw"":1.72556471824646,""pitch_speed"":0.0,""yaw_speed"":0.0}",10.1978626
27065881464400,fov,3224,"{""zoom"":12.339999198913574,""hfov"":7.293355464935303,""vfov"":4.106302738189697,""state"":0,""max_aov_h"":90.0,""max_aov_v"":58.71550750732422,""min_aov_h"":1.40625,""min_aov_v"":0.7910428047180176,""max_zoom"":64.0}",10.1980903
27065892614600,attitude,1296,"{""message_type"":""ATTITUDE"",""time_boot_ms"":126870,""roll"":0.1423429399728775,""pitch"":-0.3443840742111206,""yaw"":-2.9007725715637207,""rollspeed"":0.041107483208179474,""pitchspeed"":-0.03936045989394188,""yawspeed"":0.031581632792949677}",10.2092405
27065893221800,gimbal,3225,"{""imu_roll"":0.0,""imu_pitch"":8.280680656433105,""imu_yaw"":1.7304835319519043,""frame_roll"":0.0,""frame_pitch"":8.280680656433105,""frame_yaw"":1.7304835319519043,""pitch_speed"":0.0,""yaw_speed"":0.0}",10.2098477
27065894102500,fov,3225,"{""zoom"":12.339999198913574,""hfov"":7.293355464935303,""vfov"":4.106302738189697,""state"":0,""max_aov_h"":90.0,""max_aov_v"":58.71550750732422,""min_aov_h"":1.40625,""min_aov_v"":0.7910428047180176,""max_zoom"":64.0}",10.2107284
27065909987200,target_offset,707,"{""x_angle_offset"":0.06077796220779419,""y_angle_offset"":-0.1444810222696375}",10.2266131
27065916078900,gimbal,3226,"{""imu_roll"":0.0,""imu_pitch"":8.252628326416016,""imu_yaw"":1.728237509727478,""frame_roll"":0.0,""frame_pitch"":8.252628326416016,""frame_yaw"":1.728237509727478,""pitch_speed"":0.0,""yaw_speed"":0.0}",10.2327048
27065916547700,fov,3226,"{""zoom"":12.339999198913574,""hfov"":7.293355464935303,""vfov"":4.106302738189697,""state"":0,""max_aov_h"":90.0,""max_aov_v"":58.71550750732422,""min_aov_h"":1.40625,""min_aov_v"":0.7910428047180176,""max_zoom"":64.0}",10.2331736
27065916900600,range,1223,"{""message_type"":""GLOBAL_VISION_POSITION_ESTIMATE"",""x"":46.949012756347656,""y"":39.34792709350586}",10.2335265
27065926444600,gimbal,3227,"{""imu_roll"":0.0,""imu_pitch"":8.238273620605469,""imu_yaw"":1.731967568397522,""frame_roll"":0.0,""frame_pitch"":8.238273620605469,""frame_yaw"":1.731967568397522,""pitch_speed"":0.0,""yaw_speed"":0.0}",10.2430705
27065926795200,fov,3227,"{""zoom"":12.339999198913574,""hfov"":7.293355464935303,""vfov"":4.106302738189697,""state"":0,""max_aov_h"":90.0,""max_aov_v"":58.71550750732422,""min_aov_h"":1.40625,""min_aov_v"":0.7910428047180176,""max_zoom"":64.0}",10.2434211
27065927882400,range,1224,"{""message_type"":""GLOBAL_VISION_POSITION_ESTIMATE"",""x"":46.949012756347656,""y"":39.34792709350586}",10.2445083
27065928048500,position,648,"{""message_type"":""GLOBAL_POSITION_INT"",""lat"":469501910,""lon"":393483688}",10.2446744
27065928189800,attitude,1297,"{""message_type"":""ATTITUDE"",""time_boot_ms"":126910,""roll"":0.14373725652694702,""pitch"":-0.3460496664047241,""yaw"":-2.899766445159912,""rollspeed"":0.03725218400359154,""pitchspeed"":-0.0399613119661808,""yawspeed"":0.031192487105727196}",10.2448157
27065928438600,vfr,648,"{""message_type"":""VFR_HUD"",""airspeed"":40.3497314453125,""alt"":139.5699920654297}",10.2450645
27065943926600,target_offset,708,"{""x_angle_offset"":0.06077796220779419,""y_angle_offset"":-0.1444810222696375}",10.2605525
27065949045800,gimbal,3228,"{""imu_roll"":0.0,""imu_pitch"":8.21405029296875,""imu_yaw"":1.731291651725769,""frame_roll"":0.0,""frame_pitch"":8.21405029296875,""frame_yaw"":1.731291651725769,""pitch_speed"":0.0,""yaw_speed"":0.0}",10.2656717
27065949481500,fov,3228,"{""zoom"":12.339999198913574,""hfov"":7.293355464935303,""vfov"":4.106302738189697,""state"":0,""max_aov_h"":90.0,""max_aov_v"":58.71550750732422,""min_aov_h"":1.40625,""min_aov_v"":0.7910428047180176,""max_zoom"":64.0}",10.2661074
27065961158800,gimbal,3229,"{""imu_roll"":0.0,""imu_pitch"":8.198704719543457,""imu_yaw"":1.73710036277771,""frame_roll"":0.0,""frame_pitch"":8.198704719543457,""frame_yaw"":1.73710036277771,""pitch_speed"":0.0,""yaw_speed"":0.0}",10.2777847
27065961560000,fov,3229,"{""zoom"":12.339999198913574,""hfov"":7.293355464935303,""vfov"":4.106302738189697,""state"":0,""max_aov_h"":90.0,""max_aov_v"":58.71550750732422,""min_aov_h"":1.40625,""min_aov_v"":0.7910428047180176,""max_zoom"":64.0}",10.2781859
27065975173400,gimbal,3230,"{""imu_roll"":0.0,""imu_pitch"":8.182470321655273,""imu_yaw"":1.7404600381851196,""frame_roll"":0.0,""frame_pitch"":8.182470321655273,""frame_yaw"":1.7404600381851196,""pitch_speed"":0.0,""yaw_speed"":0.0}",10.2917993
27065975447100,fov,3230,"{""zoom"":12.339999198913574,""hfov"":7.293355464935303,""vfov"":4.106302738189697,""state"":0,""max_aov_h"":90.0,""max_aov_v"":58.71550750732422,""min_aov_h"":1.40625,""min_aov_v"":0.7910428047180176,""max_zoom"":64.0}",10.292073
27065996127800,target_offset,709,"{""x_angle_offset"":0.06077796220779419,""y_angle_offset"":-0.1520852865996184}",10.3127537
27066001265900,attitude,1298,"{""message_type"":""ATTITUDE"",""time_boot_ms"":126970,""roll"":0.14556647837162018,""pitch"":-0.34897610545158386,""yaw"":-2.89829158782959,""rollspeed"":0.03281835466623306,""pitchspeed"":-0.040443576872348785,""yawspeed"":0.0304874200373888}",10.3178918
27066002765200,gimbal,3231,"{""imu_roll"":0.0,""imu_pitch"":8.161675453186035,""imu_yaw"":1.7365261316299438,""frame_roll"":0.0,""frame_pitch"":8.161675453186035,""frame_yaw"":1.7365261316299438,""pitch_speed"":0.0,""yaw_speed"":0.0}",10.3193911
27066002990600,fov,3231,"{""zoom"":12.339999198913574,""hfov"":7.293355464935303,""vfov"":4.106302738189697,""state"":0,""max_aov_h"":90.0,""max_aov_v"":58.71550750732422,""min_aov_h"":1.40625,""min_aov_v"":0.7910428047180176,""max_zoom"":64.0}",10.3196165
27066011837500,gimbal,3232,"{""imu_roll"":0.0,""imu_pitch"":8.141585350036621,""imu_yaw"":1.7399885654449463,""frame_roll"":0.0,""frame_pitch"":8.141585350036621,""frame_yaw"":1.7399885654449463,""pitch_speed"":0.0,""yaw_speed"":0.0}",10.3284634
27066012154800,fov,3232,"{""zoom"":12.339999198913574,""hfov"":7.293355464935303,""vfov"":4.106302738189697,""state"":0,""max_aov_h"":90.0,""max_aov_v"":58.71550750732422,""min_aov_h"":1.40625,""min_aov_v"":0.7910428047180176,""max_zoom"":64.0}",10.3287807
27066028676000,target_offset,710,"{""x_angle_offset"":0.06837520748376846,""y_angle_offset"":-0.15968955092959933}",10.3453019
27066034760300,gimbal,3233,"{""imu_roll"":0.0,""imu_pitch"":8.114076614379883,""imu_yaw"":1.735472559928894,""frame_roll"":0.0,""frame_pitch"":8.114076614379883,""frame_yaw"":1.735472559928894,""pitch_speed"":0.0,""yaw_speed"":0.0}",10.3513862
27066035186400,fov,3233,"{""zoom"":12.339999198913574,""hfov"":7.293355464935303,""vfov"":4.106302738189697,""state"":0,""max_aov_h"":90.0,""max_aov_v"":58.71550750732422,""min_aov_h"":1.40625,""min_aov_v"":0.7910428047180176,""max_zoom"":64.0}",10.3518123
27066036412300,vfr,649,"{""message_type"":""VFR_HUD"",""airspeed"":40.548797607421875,""alt"":137.9499969482422}",10.3530382
27066036585700,position,649,"{""message_type"":""GLOBAL_POSITION_INT"",""lat"":469501155,""lon"":393483394}",10.3532116
27066036718600,attitude,1299,"{""message_type"":""ATTITUDE"",""time_boot_ms"":127010,""roll"":0.14660200476646423,""pitch"":-0.3515247702598572,""yaw"":-2.8973336219787598,""rollspeed"":0.029431726783514023,""pitchspeed"":-0.041510436683893204,""yawspeed"":0.029932232573628426}",10.3533445
27066046385000,gimbal,3234,"{""imu_roll"":0.0,""imu_pitch"":8.09679889678955,""imu_yaw"":1.7414770126342773,""frame_roll"":0.0,""frame_pitch"":8.09679889678955,""frame_yaw"":1.7414770126342773,""pitch_speed"":0.0,""yaw_speed"":0.0}",10.3630109
27066046639000,fov,3234,"{""zoom"":12.339999198913574,""hfov"":7.293355464935303,""vfov"":4.106302738189697,""state"":0,""max_aov_h"":90.0,""max_aov_v"":58.71550750732422,""min_aov_h"":1.40625,""min_aov_v"":0.7910428047180176,""max_zoom"":64.0}",10.3632649
27066063294600,target_offset,711,"{""x_angle_offset"":0.06077796220779419,""y_angle_offset"":-0.1520852865996184}",10.3799205
27066069182100,gimbal,3235,"{""imu_roll"":0.0,""imu_pitch"":8.070137977600098,""imu_yaw"":1.742739200592041,""frame_roll"":0.0,""frame_pitch"":8.070137977600098,""frame_yaw"":1.742739200592041,""pitch_speed"":0.0,""yaw_speed"":0.0}",10.385808
27066069413500,fov,3235,"{""zoom"":12.339999198913574,""hfov"":7.293355464935303,""vfov"":4.106302738189697,""state"":0,""max_aov_h"":90.0,""max_aov_v"":58.71550750732422,""min_aov_h"":1.40625,""min_aov_v"":0.7910428047180176,""max_zoom"":64.0}",10.3860394
27066079956900,gimbal,3236,"{""imu_roll"":0.0,""imu_pitch"":8.05339527130127,""imu_yaw"":1.747727632522583,""frame_roll"":0.0,""frame_pitch"":8.05339527130127,""frame_yaw"":1.747727632522583,""pitch_speed"":0.0,""yaw_speed"":0.0}",10.3965828
27066080672100,fov,3236,"{""zoom"":12.339999198913574,""hfov"":7.293355464935303,""vfov"":4.106302738189697,""state"":0,""max_aov_h"":90.0,""max_aov_v"":58.71550750732422,""min_aov_h"":1.40625,""min_aov_v"":0.7910428047180176,""max_zoom"":64.0}",10.397298
27066085053500,range,1225,"{""message_type"":""GLOBAL_VISION_POSITION_ESTIMATE"",""x"":46.948936462402344,""y"":39.3478889465332}",10.4016794
27066089915200,range,1226,"{""message_type"":""GLOBAL_VISION_POSITION_ESTIMATE"",""x"":46.948936462402344,""y"":39.3478889465332}",10.4065411
27066090167600,attitude,1300,"{""message_type"":""ATTITUDE"",""time_boot_ms"":127070,""roll"":0.147963747382164,""pitch"":-0.35537657141685486,""yaw"":-2.8959462642669678,""rollspeed"":0.025630172342061996,""pitchspeed"":-0.04193820804357529,""yawspeed"":0.029124552384018898}",10.4067935
27066093548700,gimbal,3237,"{""imu_roll"":0.0,""imu_pitch"":8.037261009216309,""imu_yaw"":1.7497007846832275,""frame_roll"":0.0,""frame_pitch"":8.037261009216309,""frame_yaw"":1.7497007846832275,""pitch_speed"":0.0,""yaw_speed"":0.0}",10.4101746
27066093793400,fov,3237,"{""zoom"":12.339999198913574,""hfov"":7.293355464935303,""vfov"":4.106302738189697,""state"":0,""max_aov_h"":90.0,""max_aov_v"":58.71550750732422,""min_aov_h"":1.40625,""min_aov_v"":0.7910428047180176,""max_zoom"":64.0}",10.4104193
27066110731000,target_offset,712,"{""x_angle_offset"":0.06077796220779419,""y_angle_offset"":-0.1520852865996184}",10.4273569
27066117407500,gimbal,3238,"{""imu_roll"":0.0,""imu_pitch"":8.014055252075195,""imu_yaw"":1.7440241575241089,""frame_roll"":0.0,""frame_pitch"":8.014055252075195,""frame_yaw"":1.7440241575241089,""pitch_speed"":0.0,""yaw_speed"":0.0}",10.4340334
27066117692600,fov,3238,"{""zoom"":12.339999198913574,""hfov"":7.293355464935303,""vfov"":4.106302738189697,""state"":0,""max_aov_h"":90.0,""max_aov_v"":58.71550750732422,""min_aov_h"":1.40625,""min_aov_v"":0.7910428047180176,""max_zoom"":64.0}",10.4343185
27066127796700,gimbal,3239,"{""imu_roll"":0.0,""imu_pitch"":7.995551586151123,""imu_yaw"":1.7495158910751343,""frame_roll"":0.0,""frame_pitch"":7.995551586151123,""frame_yaw"":1.7495158910751343,""pitch_speed"":0.0,""yaw_speed"":0.0}",10.4444226
27066128100200,fov,3239,"{""zoom"":12.339999198913574,""hfov"":7.293355464935303,""vfov"":4.106302738189697,""state"":0,""max_aov_h"":90.0,""max_aov_v"":58.71550750732422,""min_aov_h"":1.40625,""min_aov_v"":0.7910428047180176,""max_zoom"":64.0}",10.4447261
27066132552200,vfr,650,"{""message_type"":""VFR_HUD"",""airspeed"":40.75191116333008,""alt"":136.2899932861328}",10.4491781
27066132702700,position,650,"{""message_type"":""GLOBAL_POSITION_INT"",""lat"":469501155,""lon"":393483394}",10.4493286
27066132819800,attitude,1301,"{""message_type"":""ATTITUDE"",""time_boot_ms"":127110,""roll"":0.14878323674201965,""pitch"":-0.3579373061656952,""yaw"":-2.8950533866882324,""rollspeed"":0.023974355310201645,""pitchspeed"":-0.041657716035842896,""yawspeed"":0.028535941615700722}",10.4494457
27066148897700,target_offset,713,"{""x_angle_offset"":0.06077796220779419,""y_angle_offset"":-0.15968955092959933}",10.4655236
27066153363300,gimbal,3240,"{""imu_roll"":0.0,""imu_pitch"":7.968410015106201,""imu_yaw"":1.7525120973587036,""frame_roll"":0.0,""frame_pitch"":7.968410015106201,""frame_yaw"":1.7525120973587036,""pitch_speed"":0.0,""yaw_speed"":0.0}",10.4699892
27066153726300,fov,3240,"{""zoom"":12.339999198913574,""hfov"":7.293355464935303,""vfov"":4.106302738189697,""state"":0,""max_aov_h"":90.0,""max_aov_v"":58.71550750732422,""min_aov_h"":1.40625,""min_aov_v"":0.7910428047180176,""max_zoom"":64.0}",10.4703522
27066164037300,gimbal,3241,"{""imu_roll"":0.0,""imu_pitch"":7.948145866394043,""imu_yaw"":1.7560292482376099,""frame_roll"":0.0,""frame_pitch"":7.948145866394043,""frame_yaw"":1.7560292482376099,""pitch_speed"":0.0,""yaw_speed"":0.0}",10.4806632
27066164357400,fov,3241,"{""zoom"":12.339999198913574,""hfov"":7.293355464935303,""vfov"":4.106302738189697,""state"":0,""max_aov_h"":90.0,""max_aov_v"":58.71550750732422,""min_aov_h"":1.40625,""min_aov_v"":0.7910428047180176,""max_zoom"":64.0}",10.4809833
27066175490700,gimbal,3242,"{""imu_roll"":0.0,""imu_pitch"":7.93187952041626,""imu_yaw"":1.756665825843811,""frame_roll"":0.0,""frame_pitch"":7.93187952041626,""frame_yaw"":1.756665825843811,""pitch_speed"":0.0,""yaw_speed"":0.0}",10.4921166
27066175896100,fov,3242,"{""zoom"":12.339999198913574,""hfov"":7.293355464935303,""vfov"":4.106302738189697,""state"":0,""max_aov_h"":90.0,""max_aov_v"":58.71550750732422,""min_aov_h"":1.40625,""min_aov_v"":0.7910428047180176,""max_zoom"":64.0}",10.492522
27066195658500,target_offset,714,"{""x_angle_offset"":0.06077796220779419,""y_angle_offset"":-0.15968955092959933}",10.5122844
27066200264100,attitude,1302,"{""message_type"":""ATTITUDE"",""time_boot_ms"":127170,""roll"":0.14992071688175201,""pitch"":-0.3617265522480011,""yaw"":-2.89375376701355,""rollspeed"":0.02208833023905754,""pitchspeed"":-0.04057953879237175,""yawspeed"":0.02768237143754959}",10.51689
27066203350900,gimbal,3243,"{""imu_roll"":0.0,""imu_pitch"":7.908980846405029,""imu_yaw"":1.754046082496643,""frame_roll"":0.0,""frame_pitch"":7.908980846405029,""frame_yaw"":1.754046082496643,""pitch_speed"":0.0,""yaw_speed"":0.0}",10.5199768
27066203651700,fov,3243,"{""zoom"":12.339999198913574,""hfov"":7.293355464935303,""vfov"":4.106302738189697,""state"":0,""max_aov_h"":90.0,""max_aov_v"":58.71550750732422,""min_aov_h"":1.40625,""min_aov_v"":0.7910428047180176,""max_zoom"":64.0}",10.5202776
27066210530800,gimbal,3244,"{""imu_roll"":0.0,""imu_pitch"":7.887829303741455,""imu_yaw"":1.757879376411438,""frame_roll"":0.0,""frame_pitch"":7.887829303741455,""frame_yaw"":1.757879376411438,""pitch_speed"":0.0,""yaw_speed"":0.0}",10.5271567
27066211064200,fov,3244,"{""zoom"":12.339999198913574,""hfov"":7.293355464935303,""vfov"":4.106302738189697,""state"":0,""max_aov_h"":90.0,""max_aov_v"":58.71550750732422,""min_aov_h"":1.40625,""min_aov_v"":0.7910428047180176,""max_zoom"":64.0}",10.5276901
27066229024700,target_offset,715,"{""x_angle_offset"":0.06077796220779419,""y_angle_offset"":-0.15968955092959933}",10.5456506
27066234999000,vfr,651,"{""message_type"":""VFR_HUD"",""airspeed"":40.957427978515625,""alt"":134.62998962402344}",10.5516249
27066235481000,position,651,"{""message_type"":""GLOBAL_POSITION_INT"",""lat"":469500412,""lon"":393483101}",10.5521069
27066235567200,attitude,1303,"{""message_type"":""ATTITUDE"",""time_boot_ms"":127210,""roll"":0.1505395919084549,""pitch"":-0.36305442452430725,""yaw"":-2.8928778171539307,""rollspeed"":0.021088717505335808,""pitchspeed"":-0.03943309187889099,""yawspeed"":0.02709127962589264}",10.5521931
27066236417200,gimbal,3245,"{""imu_roll"":0.0,""imu_pitch"":7.859115123748779,""imu_yaw"":1.7558519840240479,""frame_roll"":0.0,""frame_pitch"":7.859115123748779,""frame_yaw"":1.7558519840240479,""pitch_speed"":0.0,""yaw_speed"":0.0}",10.5530431
27066236665300,fov,3245,"{""zoom"":12.339999198913574,""hfov"":7.293355464935303,""vfov"":4.106302738189697,""state"":0,""max_aov_h"":90.0,""max_aov_v"":58.71550750732422,""min_aov_h"":1.40625,""min_aov_v"":0.7910428047180176,""max_zoom"":64.0}",10.5532912
27066240480400,range,1227,"{""message_type"":""GLOBAL_VISION_POSITION_ESTIMATE"",""x"":46.94887161254883,""y"":39.34785079956055}",10.5571063
27066246595600,gimbal,3246,"{""imu_roll"":0.0,""imu_pitch"":7.839163780212402,""imu_yaw"":1.759415864944458,""frame_roll"":0.0,""frame_pitch"":7.839163780212402,""frame_yaw"":1.759415864944458,""pitch_speed"":0.0,""yaw_speed"":0.0}",10.5632215
27066246895400,fov,3246,"{""zoom"":12.339999198913574,""hfov"":7.293355464935303,""vfov"":4.106302738189697,""state"":0,""max_aov_h"":90.0,""max_aov_v"":58.71550750732422,""min_aov_h"":1.40625,""min_aov_v"":0.7910428047180176,""max_zoom"":64.0}",10.5635213
27066251743100,range,1228,"{""message_type"":""GLOBAL_VISION_POSITION_ESTIMATE"",""x"":46.94887161254883,""y"":39.34785079956055}",10.568369
27066263492500,target_offset,716,"{""x_angle_offset"":0.06077796220779419,""y_angle_offset"":-0.16729381525958026}",10.5801184
27066269234200,gimbal,3247,"{""imu_roll"":0.0,""imu_pitch"":7.812415599822998,""imu_yaw"":1.7580182552337646,""frame_roll"":0.0,""frame_pitch"":7.812415599822998,""frame_yaw"":1.7580182552337646,""pitch_speed"":0.0,""yaw_speed"":0.0}",10.5858601
27066269812400,fov,3247,"{""zoom"":12.339999198913574,""hfov"":7.293355464935303,""vfov"":4.106302738189697,""state"":0,""max_aov_h"":90.0,""max_aov_v"":58.71550750732422,""min_aov_h"":1.40625,""min_aov_v"":0.7910428047180176,""max_zoom"":64.0}",10.5864383
27066280353800,gimbal,3248,"{""imu_roll"":0.0,""imu_pitch"":7.793903350830078,""imu_yaw"":1.7611706256866455,""frame_roll"":0.0,""frame_pitch"":7.793903350830078,""frame_yaw"":1.7611706256866455,""pitch_speed"":0.0,""yaw_speed"":0.0}",10.5969797
27066280660000,fov,3248,"{""zoom"":12.339999198913574,""hfov"":7.293355464935303,""vfov"":4.106302738189697,""state"":0,""max_aov_h"":90.0,""max_aov_v"":58.71550750732422,""min_aov_h"":1.40625,""min_aov_v"":0.7910428047180176,""max_zoom"":64.0}",10.5972859
27066286768400,attitude,1304,"{""message_type"":""ATTITUDE"",""time_boot_ms"":127270,""roll"":0.15144963562488556,""pitch"":-0.3649761378765106,""yaw"":-2.8915998935699463,""rollspeed"":0.02093096822500229,""pitchspeed"":-0.03860169276595116,""yawspeed"":0.02620166912674904}",10.6033943
27066293015000,gimbal,3249,"{""imu_roll"":0.0,""imu_pitch"":7.777194023132324,""imu_yaw"":1.7614957094192505,""frame_roll"":0.0,""frame_pitch"":7.777194023132324,""frame_yaw"":1.7614957094192505,""pitch_speed"":0.0,""yaw_speed"":0.0}",10.6096409
27066293339800,fov,3249,"{""zoom"":12.339999198913574,""hfov"":7.293355464935303,""vfov"":4.106302738189697,""state"":0,""max_aov_h"":90.0,""max_aov_v"":58.71550750732422,""min_aov_h"":1.40625,""min_aov_v"":0.7910428047180176,""max_zoom"":64.0}",10.6099657
27066312652900,target_offset,717,"{""x_angle_offset"":0.06077796220779419,""y_angle_offset"":-0.15968955092959933}",10.6292788
27066318586200,gimbal,3250,"{""imu_roll"":0.0,""imu_pitch"":7.753139019012451,""imu_yaw"":1.7571871280670166,""frame_roll"":0.0,""frame_pitch"":7.753139019012451,""frame_yaw"":1.7571871280670166,""pitch_speed"":0.0,""yaw_speed"":0.0}",10.6352121
27066318864600,fov,3250,"{""zoom"":12.339999198913574,""hfov"":7.293355464935303,""vfov"":4.106302738189697,""state"":0,""max_aov_h"":90.0,""max_aov_v"":58.71550750732422,""min_aov_h"":1.40625,""min_aov_v"":0.7910428047180176,""max_zoom"":64.0}",10.6354905
27066328227500,gimbal,3251,"{""imu_roll"":0.0,""imu_pitch"":7.734482288360596,""imu_yaw"":1.7604743242263794,""frame_roll"":0.0,""frame_pitch"":7.734482288360596,""frame_yaw"":1.7604743242263794,""pitch_speed"":0.0,""yaw_speed"":0.0}",10.6448534
27066328468900,fov,3251,"{""zoom"":12.339999198913574,""hfov"":7.293355464935303,""vfov"":4.106302738189697,""state"":0,""max_aov_h"":90.0,""max_aov_v"":58.71550750732422,""min_aov_h"":1.40625,""min_aov_v"":0.7910428047180176,""max_zoom"":64.0}",10.6450948
27066328839700,position,652,"{""message_type"":""GLOBAL_POSITION_INT"",""lat"":469500412,""lon"":393483101}",10.6454656
27066329008500,attitude,1305,"{""message_type"":""ATTITUDE"",""time_boot_ms"":127310,""roll"":0.15208013355731964,""pitch"":-0.36632031202316284,""yaw"":-2.8907968997955322,""rollspeed"":0.02110852114856243,""pitchspeed"":-0.04091376066207886,""yawspeed"":0.025419453158974648}",10.6456344
27066329221800,vfr,652,"{""message_type"":""VFR_HUD"",""airspeed"":41.16437530517578,""alt"":132.9199981689453}",10.6458477
27066347031000,target_offset,718,"{""x_angle_offset"":0.08356969803571701,""y_angle_offset"":-0.1520852865996184}",10.6636569
27066351459500,gimbal,3252,"{""imu_roll"":0.0,""imu_pitch"":7.705947399139404,""imu_yaw"":1.7610899209976196,""frame_roll"":0.0,""frame_pitch"":7.705947399139404,""frame_yaw"":1.7610899209976196,""pitch_speed"":0.0,""yaw_speed"":0.0}",10.6680854
27066351699000,fov,3252,"{""zoom"":12.339999198913574,""hfov"":7.293355464935303,""vfov"":4.106302738189697,""state"":0,""max_aov_h"":90.0,""max_aov_v"":58.71550750732422,""min_aov_h"":1.40625,""min_aov_v"":0.7910428047180176,""max_zoom"":64.0}",10.6683249
27066361327700,gimbal,3253,"{""imu_roll"":0.0,""imu_pitch"":7.690749645233154,""imu_yaw"":1.7669737339019775,""frame_roll"":0.0,""frame_pitch"":7.690749645233154,""frame_yaw"":1.7669737339019775,""pitch_speed"":0.0,""yaw_speed"":0.0}",10.6779536
27066362612400,fov,3253,"{""zoom"":12.339999198913574,""hfov"":7.293355464935303,""vfov"":4.106302738189697,""state"":0,""max_aov_h"":90.0,""max_aov_v"":58.71550750732422,""min_aov_h"":1.40625,""min_aov_v"":0.7910428047180176,""max_zoom"":64.0}",10.6792383
27066376269700,gimbal,3254,"{""imu_roll"":0.0,""imu_pitch"":7.674411773681641,""imu_yaw"":1.7704639434814453,""frame_roll"":0.0,""frame_pitch"":7.674411773681641,""frame_yaw"":1.7704639434814453,""pitch_speed"":0.0,""yaw_speed"":0.0}",10.6928956
27066376619000,fov,3254,"{""zoom"":12.339999198913574,""hfov"":7.293355464935303,""vfov"":4.106302738189697,""state"":0,""max_aov_h"":90.0,""max_aov_v"":58.71550750732422,""min_aov_h"":1.40625,""min_aov_v"":0.7910428047180176,""max_zoom"":64.0}",10.6932449
27066382522300,range,1229,"{""message_type"":""GLOBAL_VISION_POSITION_ESTIMATE"",""x"":46.94887161254883,""y"":39.34785079956055}",10.6991482
27066391535300,range,1230,"{""message_type"":""GLOBAL_VISION_POSITION_ESTIMATE"",""x"":46.94887161254883,""y"":39.34785079956055}",10.7081612
27066391765200,attitude,1306,"{""message_type"":""ATTITUDE"",""time_boot_ms"":127370,""roll"":0.15311162173748016,""pitch"":-0.36860477924346924,""yaw"":-2.8897104263305664,""rollspeed"":0.02226625569164753,""pitchspeed"":-0.04692210257053375,""yawspeed"":0.02407417632639408}",10.7083911
27066402999400,target_offset,719,"{""x_angle_offset"":0.07597245275974274,""y_angle_offset"":-0.1520852865996184}",10.7196253
27066408237900,gimbal,3255,"{""imu_roll"":0.0,""imu_pitch"":7.651328086853027,""imu_yaw"":1.77023446559906,""frame_roll"":0.0,""frame_pitch"":7.651328086853027,""frame_yaw"":1.77023446559906,""pitch_speed"":0.0,""yaw_speed"":0.0}",10.7248638
27066408546100,fov,3255,"{""zoom"":12.339999198913574,""hfov"":7.293355464935303,""vfov"":4.106302738189697,""state"":0,""max_aov_h"":90.0,""max_aov_v"":58.71550750732422,""min_aov_h"":1.40625,""min_aov_v"":0.7910428047180176,""max_zoom"":64.0}",10.725172
27066412987600,gimbal,3256,"{""imu_roll"":0.0,""imu_pitch"":7.635373115539551,""imu_yaw"":1.7775710821151733,""frame_roll"":0.0,""frame_pitch"":7.635373115539551,""frame_yaw"":1.7775710821151733,""pitch_speed"":0.0,""yaw_speed"":0.0}",10.7296135
27066413377800,fov,3256,"{""zoom"":12.339999198913574,""hfov"":7.293355464935303,""vfov"":4.106302738189697,""state"":0,""max_aov_h"":90.0,""max_aov_v"":58.71550750732422,""min_aov_h"":1.40625,""min_aov_v"":0.7910428047180176,""max_zoom"":64.0}",10.7300037
27066429180500,vfr,653,"{""message_type"":""VFR_HUD"",""airspeed"":41.37192153930664,""alt"":131.1999969482422}",10.7458064
27066429386300,position,653,"{""message_type"":""GLOBAL_POSITION_INT"",""lat"":469499660,""lon"":393482801}",10.7460122
27066429520000,attitude,1307,"{""message_type"":""ATTITUDE"",""time_boot_ms"":127410,""roll"":0.15375052392482758,""pitch"":-0.370459645986557,""yaw"":-2.8890140056610107,""rollspeed"":0.02434869483113289,""pitchspeed"":-0.05084005743265152,""yawspeed"":0.023082362487912178}",10.7461459
27066432037300,target_offset,720,"{""x_angle_offset"":0.09876418858766556,""y_angle_offset"":-0.12927249360967566}",10.7486632
27066438280100,gimbal,3257,"{""imu_roll"":0.0,""imu_pitch"":7.606715679168701,""imu_yaw"":1.7844715118408203,""frame_roll"":0.0,""frame_pitch"":7.606715679168701,""frame_yaw"":1.7844715118408203,""pitch_speed"":0.0,""yaw_speed"":0.0}",10.754906
27066438554600,fov,3257,"{""zoom"":12.339999198913574,""hfov"":7.293355464935303,""vfov"":4.106302738189697,""state"":0,""max_aov_h"":90.0,""max_aov_v"":58.71550750732422,""min_aov_h"":1.40625,""min_aov_v"":0.7910428047180176,""max_zoom"":64.0}",10.7551805
27066448754900,gimbal,3258,"{""imu_roll"":0.0,""imu_pitch"":7.592637538909912,""imu_yaw"":1.7933303117752075,""frame_roll"":0.0,""frame_pitch"":7.592637538909912,""frame_yaw"":1.7933303117752075,""pitch_speed"":0.0,""yaw_speed"":0.0}",10.7653808
27066449126900,fov,3258,"{""zoom"":12.339999198913574,""hfov"":7.293355464935303,""vfov"":4.106302738189697,""state"":0,""max_aov_h"":90.0,""max_aov_v"":58.71550750732422,""min_aov_h"":1.40625,""min_aov_v"":0.7910428047180176,""max_zoom"":64.0}",10.7657528
27066467142600,target_offset,721,"{""x_angle_offset"":0.09876418858766556,""y_angle_offset"":-0.1520852865996184}",10.7837685
27066472171000,gimbal,3259,"{""imu_roll"":0.0,""imu_pitch"":7.572091102600098,""imu_yaw"":1.8022069931030273,""frame_roll"":0.0,""frame_pitch"":7.572091102600098,""frame_yaw"":1.8022069931030273,""pitch_speed"":0.0,""yaw_speed"":0.0}",10.7887969
27066472775300,fov,3259,"{""zoom"":12.339999198913574,""hfov"":7.293355464935303,""vfov"":4.106302738189697,""state"":0,""max_aov_h"":90.0,""max_aov_v"":58.71550750732422,""min_aov_h"":1.40625,""min_aov_v"":0.7910428047180176,""max_zoom"":64.0}",10.7894012
27066482196300,gimbal,3260,"{""imu_roll"":0.0,""imu_pitch"":7.553159236907959,""imu_yaw"":1.8127726316452026,""frame_roll"":0.0,""frame_pitch"":7.553159236907959,""frame_yaw"":1.8127726316452026,""pitch_speed"":0.0,""yaw_speed"":0.0}",10.7988222
27066482615300,fov,3260,"{""zoom"":12.339999198913574,""hfov"":7.293355464935303,""vfov"":4.106302738189697,""state"":0,""max_aov_h"":90.0,""max_aov_v"":58.71550750732422,""min_aov_h"":1.40625,""min_aov_v"":0.7910428047180176,""max_zoom"":64.0}",10.7992412
27066495662800,gimbal,3261,"{""imu_roll"":0.0,""imu_pitch"":7.536624431610107,""imu_yaw"":1.8214576244354248,""frame_roll"":0.0,""frame_pitch"":7.536624431610107,""frame_yaw"":1.8214576244354248,""pitch_speed"":0.0,""yaw_speed"":0.0}",10.8122887
27066495894800,fov,3261,"{""zoom"":12.339999198913574,""hfov"":7.293355464935303,""vfov"":4.106302738189697,""state"":0,""max_aov_h"":90.0,""max_aov_v"":58.71550750732422,""min_aov_h"":1.40625,""min_aov_v"":0.7910428047180176,""max_zoom"":64.0}",10.8125207
27066498415700,attitude,1308,"{""message_type"":""ATTITUDE"",""time_boot_ms"":127470,""roll"":0.15463082492351532,""pitch"":-0.3736833333969116,""yaw"":-2.888003349304199,""rollspeed"":0.02579117938876152,""pitchspeed"":-0.05542325973510742,""yawspeed"":0.02167516015470028}",10.8150416
27066513277200,target_offset,722,"{""x_angle_offset"":0.10636143386363983,""y_angle_offset"":-0.1520852865996184}",10.8299031
27066519088400,gimbal,3262,"{""imu_roll"":0.0,""imu_pitch"":7.512162208557129,""imu_yaw"":1.829421043395996,""frame_roll"":0.0,""frame_pitch"":7.512162208557129,""frame_yaw"":1.829421043395996,""pitch_speed"":0.0,""yaw_speed"":0.0}",10.8357143
27066519356600,fov,3262,"{""zoom"":12.339999198913574,""hfov"":7.293355464935303,""vfov"":4.106302738189697,""state"":0,""max_aov_h"":90.0,""max_aov_v"":58.71550750732422,""min_aov_h"":1.40625,""min_aov_v"":0.7910428047180176,""max_zoom"":64.0}",10.8359825
27066529984600,gimbal,3263,"{""imu_roll"":0.0,""imu_pitch"":7.49590539932251,""imu_yaw"":1.8383214473724365,""frame_roll"":0.0,""frame_pitch"":7.49590539932251,""frame_yaw"":1.8383214473724365,""pitch_speed"":0.0,""yaw_speed"":0.0}",10.8466105
27066530286000,fov,3263,"{""zoom"":12.339999198913574,""hfov"":7.293355464935303,""vfov"":4.106302738189697,""state"":0,""max_aov_h"":90.0,""max_aov_v"":58.71550750732422,""min_aov_h"":1.40625,""min_aov_v"":0.7910428047180176,""max_zoom"":64.0}",10.8469119
27066531884900,position,654,"{""message_type"":""GLOBAL_POSITION_INT"",""lat"":469499660,""lon"":393482801}",10.8485108
27066532094100,attitude,1309,"{""message_type"":""ATTITUDE"",""time_boot_ms"":127510,""roll"":0.1552352011203766,""pitch"":-0.37594079971313477,""yaw"":-2.887399435043335,""rollspeed"":0.025490520521998405,""pitchspeed"":-0.05729399994015694,""yawspeed"":0.02071891725063324}",10.84872
27066532415200,vfr,654,"{""message_type"":""VFR_HUD"",""airspeed"":41.57972717285156,""alt"":129.4499969482422}",10.8490411
27066535405200,range,1231,"{""message_type"":""GLOBAL_VISION_POSITION_ESTIMATE"",""x"":46.948795318603516,""y"":39.34781265258789}",10.8520311
27066551497000,range,1232,"{""message_type"":""GLOBAL_VISION_POSITION_ESTIMATE"",""x"":46.948795318603516,""y"":39.34781265258789}",10.8681229
27066552243000,target_offset,723,"{""x_angle_offset"":0.12915316969156265,""y_angle_offset"":-0.2129194012394658}",10.8688689
27066559231900,gimbal,3264,"{""imu_roll"":0.0,""imu_pitch"":7.471966743469238,""imu_yaw"":1.847590446472168,""frame_roll"":0.0,""frame_pitch"":7.471966743469238,""frame_yaw"":1.847590446472168,""pitch_speed"":0.0,""yaw_speed"":0.0}",10.8758578
27066559528200,fov,3264,"{""zoom"":12.339999198913574,""hfov"":7.293355464935303,""vfov"":4.106302738189697,""state"":0,""max_aov_h"":90.0,""max_aov_v"":58.71550750732422,""min_aov_h"":1.40625,""min_aov_v"":0.7910428047180176,""max_zoom"":64.0}",10.8761541
27066564652500,gimbal,3265,"{""imu_roll"":0.0,""imu_pitch"":7.445621967315674,""imu_yaw"":1.8609604835510254,""frame_roll"":0.0,""frame_pitch"":7.445621967315674,""frame_yaw"":1.8609604835510254,""pitch_speed"":0.0,""yaw_speed"":0.0}",10.8812784
27066565145400,fov,3265,"{""zoom"":12.339999198913574,""hfov"":7.293355464935303,""vfov"":4.106302738189697,""state"":0,""max_aov_h"":90.0,""max_aov_v"":58.71550750732422,""min_aov_h"":1.40625,""min_aov_v"":0.7910428047180176,""max_zoom"":64.0}",10.8817713
27066585789400,target_offset,724,"{""x_angle_offset"":0.10636143386363983,""y_angle_offset"":-0.2129194012394658}",10.9024153
27066590868700,gimbal,3266,"{""imu_roll"":0.0,""imu_pitch"":7.407924175262451,""imu_yaw"":1.8771474361419678,""frame_roll"":0.0,""frame_pitch"":7.407924175262451,""frame_yaw"":1.8771474361419678,""pitch_speed"":0.0,""yaw_speed"":0.0}",10.9074946
27066591139700,fov,3266,"{""zoom"":12.339999198913574,""hfov"":7.293355464935303,""vfov"":4.106302738189697,""state"":0,""max_aov_h"":90.0,""max_aov_v"":58.71550750732422,""min_aov_h"":1.40625,""min_aov_v"":0.7910428047180176,""max_zoom"":64.0}",10.9077656
27066592695100,attitude,1310,"{""message_type"":""ATTITUDE"",""time_boot_ms"":127570,""roll"":0.15615062415599823,""pitch"":-0.3793949782848358,""yaw"":-2.886575222015381,""rollspeed"":0.02524726465344429,""pitchspeed"":-0.05862212926149368,""yawspeed"":0.019403690472245216}",10.909321
27066600087300,gimbal,3267,"{""imu_roll"":0.0,""imu_pitch"":7.384083271026611,""imu_yaw"":1.8863117694854736,""frame_roll"":0.0,""frame_pitch"":7.384083271026611,""frame_yaw"":1.8863117694854736,""pitch_speed"":0.0,""yaw_speed"":0.0}",10.9167132
27066600770400,fov,3267,"{""zoom"":12.339999198913574,""hfov"":7.293355464935303,""vfov"":4.106302738189697,""state"":0,""max_aov_h"":90.0,""max_aov_v"":58.71550750732422,""min_aov_h"":1.40625,""min_aov_v"":0.7910428047180176,""max_zoom"":64.0}",10.9173963
27066613279700,gimbal,3268,"{""imu_roll"":0.0,""imu_pitch"":7.362675189971924,""imu_yaw"":1.8932642936706543,""frame_roll"":0.0,""frame_pitch"":7.362675189971924,""frame_yaw"":1.8932642936706543,""pitch_speed"":0.0,""yaw_speed"":0.0}",10.9299056
27066613963700,fov,3268,"{""zoom"":12.339999198913574,""hfov"":7.293355464935303,""vfov"":4.106302738189697,""state"":0,""max_aov_h"":90.0,""max_aov_v"":58.71550750732422,""min_aov_h"":1.40625,""min_aov_v"":0.7910428047180176,""max_zoom"":64.0}",10.9305896
27066627722900,vfr,655,"{""message_type"":""VFR_HUD"",""airspeed"":41.80803298950195,""alt"":127.68000030517578}",10.9443488
27066627969200,position,655,"{""message_type"":""GLOBAL_POSITION_INT"",""lat"":469498907,""lon"":393482500}",10.9445951
27066628105000,attitude,1311,"{""message_type"":""ATTITUDE"",""time_boot_ms"":127610,""roll"":0.15682284533977509,""pitch"":-0.38174790143966675,""yaw"":-2.886080265045166,""rollspeed"":0.026572149246931076,""pitchspeed"":-0.06004258617758751,""yawspeed"":0.018450787290930748}",10.9447309
27066631969700,target_offset,725,"{""x_angle_offset"":0.12915316969156265,""y_angle_offset"":-0.24333645855938946}",10.9485956
27066637338100,gimbal,3269,"{""imu_roll"":0.0,""imu_pitch"":7.334909915924072,""imu_yaw"":1.8995906114578247,""frame_roll"":0.0,""frame_pitch"":7.334909915924072,""frame_yaw"":1.8995906114578247,""pitch_speed"":0.0,""yaw_speed"":0.0}",10.953964
27066637643300,fov,3269,"{""zoom"":12.339999198913574,""hfov"":7.293355464935303,""vfov"":4.106302738189697,""state"":0,""max_aov_h"":90.0,""max_aov_v"":58.71550750732422,""min_aov_h"":1.40625,""min_aov_v"":0.7910428047180176,""max_zoom"":64.0}",10.9542692
27066647468800,gimbal,3270,"{""imu_roll"":0.0,""imu_pitch"":7.30833101272583,""imu_yaw"":1.913620948791504,""frame_roll"":0.0,""frame_pitch"":7.30833101272583,""frame_yaw"":1.913620948791504,""pitch_speed"":0.0,""yaw_speed"":0.0}",10.9640947
27066647914600,fov,3270,"{""zoom"":12.339999198913574,""hfov"":7.293355464935303,""vfov"":4.106302738189697,""state"":0,""max_aov_h"":90.0,""max_aov_v"":58.71550750732422,""min_aov_h"":1.40625,""min_aov_v"":0.7910428047180176,""max_zoom"":64.0}",10.9645405
27066664055600,target_offset,726,"{""x_angle_offset"":0.12915316969156265,""y_angle_offset"":-0.2813577802092941}",10.9806815
27066669879000,gimbal,3271,"{""imu_roll"":0.0,""imu_pitch"":7.268779277801514,""imu_yaw"":1.9326744079589844,""frame_roll"":0.0,""frame_pitch"":7.268779277801514,""frame_yaw"":1.9326744079589844,""pitch_speed"":0.0,""yaw_speed"":0.0}",10.9865049
27066670117100,fov,3271,"{""zoom"":12.339999198913574,""hfov"":7.293355464935303,""vfov"":4.106302738189697,""state"":0,""max_aov_h"":90.0,""max_aov_v"":58.71550750732422,""min_aov_h"":1.40625,""min_aov_v"":0.7910428047180176,""max_zoom"":64.0}",10.986743
27066681402600,gimbal,3272,"{""imu_roll"":0.0,""imu_pitch"":7.235214710235596,""imu_yaw"":1.9431074857711792,""frame_roll"":0.0,""frame_pitch"":7.235214710235596,""frame_yaw"":1.9431074857711792,""pitch_speed"":0.0,""yaw_speed"":0.0}",10.9980285
27066681696400,fov,3272,"{""zoom"":12.339999198913574,""hfov"":7.293355464935303,""vfov"":4.106302738189697,""state"":0,""max_aov_h"":90.0,""max_aov_v"":58.71550750732422,""min_aov_h"":1.40625,""min_aov_v"":0.7910428047180176,""max_zoom"":64.0}",10.9983223
27066686356600,attitude,1312,"{""message_type"":""ATTITUDE"",""time_boot_ms"":127670,""roll"":0.15769867599010468,""pitch"":-0.38528963923454285,""yaw"":-2.88535737991333,""rollspeed"":0.027437672019004822,""pitchspeed"":-0.06337527185678482,""yawspeed"":0.01700376160442829}",11.0029825
27066693940200,gimbal,3273,"{""imu_roll"":0.0,""imu_pitch"":7.20447301864624,""imu_yaw"":1.952065110206604,""frame_roll"":0.0,""frame_pitch"":7.20447301864624,""frame_yaw"":1.952065110206604,""pitch_speed"":0.0,""yaw_speed"":0.0}",11.0105661
27066694226200,fov,3273,"{""zoom"":12.339999198913574,""hfov"":7.293355464935303,""vfov"":4.106302738189697,""state"":0,""max_aov_h"":90.0,""max_aov_v"":58.71550750732422,""min_aov_h"":1.40625,""min_aov_v"":0.7910428047180176,""max_zoom"":64.0}",11.0108521
27066706370300,range,1233,"{""message_type"":""GLOBAL_VISION_POSITION_ESTIMATE"",""x"":46.9487190246582,""y"":39.347774505615234}",11.0229962
27066714174600,target_offset,727,"{""x_angle_offset"":0.13675041496753693,""y_angle_offset"":-0.3041705731992368}",11.0308005
27066719949800,gimbal,3274,"{""imu_roll"":0.0,""imu_pitch"":7.160241603851318,""imu_yaw"":1.9637846946716309,""frame_roll"":0.0,""frame_pitch"":7.160241603851318,""frame_yaw"":1.9637846946716309,""pitch_speed"":0.0,""yaw_speed"":0.0}",11.0365757
27066720216400,fov,3274,"{""zoom"":12.339999198913574,""hfov"":7.293355464935303,""vfov"":4.106302738189697,""state"":0,""max_aov_h"":90.0,""max_aov_v"":58.71550750732422,""min_aov_h"":1.40625,""min_aov_v"":0.7910428047180176,""max_zoom"":64.0}",11.0368423
27066721513000,range,1234,"{""message_type"":""GLOBAL_VISION_POSITION_ESTIMATE"",""x"":46.9487190246582,""y"":39.347774505615234}",11.0381389
27066729544500,gimbal,3275,"{""imu_roll"":0.0,""imu_pitch"":7.126691818237305,""imu_yaw"":1.9790692329406738,""frame_roll"":0.0,""frame_pitch"":7.126691818237305,""frame_yaw"":1.9790692329406738,""pitch_speed"":0.0,""yaw_speed"":0.0}",11.0461704
27066729826300,fov,3275,"{""zoom"":12.339999198913574,""hfov"":7.293355464935303,""vfov"":4.106302738189697,""state"":0,""max_aov_h"":90.0,""max_aov_v"":58.71550750732422,""min_aov_h"":1.40625,""min_aov_v"":0.7910428047180176,""max_zoom"":64.0}",11.0464522
27066736959900,position,656,"{""message_type"":""GLOBAL_POSITION_INT"",""lat"":469498907,""lon"":393482500}",11.0535858
27066737205700,attitude,1313,"{""message_type"":""ATTITUDE"",""time_boot_ms"":127710,""roll"":0.15832097828388214,""pitch"":-0.3877570927143097,""yaw"":-2.8849430084228516,""rollspeed"":0.02756444737315178,""pitchspeed"":-0.06606010347604752,""yawspeed"":0.015937885269522667}",11.0538316
27066737571900,vfr,656,"{""message_type"":""VFR_HUD"",""airspeed"":42.029571533203125,""alt"":125.8699951171875}",11.0541978
27066749917200,target_offset,728,"{""x_angle_offset"":0.15954215079545975,""y_angle_offset"":-0.3421918948491414}",11.0665431
27066754985200,gimbal,3276,"{""imu_roll"":0.0,""imu_pitch"":7.078506946563721,""imu_yaw"":1.9993970394134521,""frame_roll"":0.0,""frame_pitch"":7.078506946563721,""frame_yaw"":1.9993970394134521,""pitch_speed"":0.0,""yaw_speed"":0.0}",11.0716111
27066755189500,fov,3276,"{""zoom"":12.339999198913574,""hfov"":7.293355464935303,""vfov"":4.106302738189697,""state"":0,""max_aov_h"":90.0,""max_aov_v"":58.71550750732422,""min_aov_h"":1.40625,""min_aov_v"":0.7910428047180176,""max_zoom"":64.0}",11.0718154
27066762676700,gimbal,3277,"{""imu_roll"":0.0,""imu_pitch"":7.040855407714844,""imu_yaw"":2.014832019805908,""frame_roll"":0.0,""frame_pitch"":7.040855407714844,""frame_yaw"":2.014832019805908,""pitch_speed"":0.0,""yaw_speed"":0.0}",11.0793026
27066763046000,fov,3277,"{""zoom"":12.339999198913574,""hfov"":7.293355464935303,""vfov"":4.106302738189697,""state"":0,""max_aov_h"":90.0,""max_aov_v"":58.71550750732422,""min_aov_h"":1.40625,""min_aov_v"":0.7910428047180176,""max_zoom"":64.0}",11.0796719
27066781489100,target_offset,729,"{""x_angle_offset"":0.15954215079545975,""y_angle_offset"":-0.3421918948491414}",11.098115
27066787724800,gimbal,3278,"{""imu_roll"":0.0,""imu_pitch"":6.979856014251709,""imu_yaw"":2.0383331775665283,""frame_roll"":0.0,""frame_pitch"":6.979856014251709,""frame_yaw"":2.0383331775665283,""pitch_speed"":0.0,""yaw_speed"":0.0}",11.1043507
27066787953700,fov,3278,"{""zoom"":12.339999198913574,""hfov"":7.293355464935303,""vfov"":4.106302738189697,""state"":0,""max_aov_h"":90.0,""max_aov_v"":58.71550750732422,""min_aov_h"":1.40625,""min_aov_v"":0.7910428047180176,""max_zoom"":64.0}",11.1045796
27066789979200,attitude,1314,"{""message_type"":""ATTITUDE"",""time_boot_ms"":127770,""roll"":0.1593107283115387,""pitch"":-0.39166370034217834,""yaw"":-2.884439468383789,""rollspeed"":0.028046369552612305,""pitchspeed"":-0.07045003771781921,""yawspeed"":0.014385776594281197}",11.1066051
27066799465300,gimbal,3279,"{""imu_roll"":0.0,""imu_pitch"":6.94134521484375,""imu_yaw"":2.0527217388153076,""frame_roll"":0.0,""frame_pitch"":6.94134521484375,""frame_yaw"":2.0527217388153076,""pitch_speed"":0.0,""yaw_speed"":0.0}",11.1160912
27066800036200,fov,3279,"{""zoom"":12.339999198913574,""hfov"":7.293355464935303,""vfov"":4.106302738189697,""state"":0,""max_aov_h"":90.0,""max_aov_v"":58.71550750732422,""min_aov_h"":1.40625,""min_aov_v"":0.7910428047180176,""max_zoom"":64.0}",11.1166621
27066811271900,gimbal,3280,"{""imu_roll"":0.0,""imu_pitch"":6.906035900115967,""imu_yaw"":2.065652370452881,""frame_roll"":0.0,""frame_pitch"":6.906035900115967,""frame_yaw"":2.065652370452881,""pitch_speed"":0.0,""yaw_speed"":0.0}",11.1278978
27066811533200,fov,3280,"{""zoom"":12.339999198913574,""hfov"":7.293355464935303,""vfov"":4.106302738189697,""state"":0,""max_aov_h"":90.0,""max_aov_v"":58.71550750732422,""min_aov_h"":1.40625,""min_aov_v"":0.7910428047180176,""max_zoom"":64.0}",11.1281591
27066827790500,attitude,1315,"{""message_type"":""ATTITUDE"",""time_boot_ms"":127810,""roll"":0.15998105704784393,""pitch"":-0.39441758394241333,""yaw"":-2.884180784225464,""rollspeed"":0.027086637914180756,""pitchspeed"":-0.07359860837459564,""yawspeed"":0.013356490060687065}",11.1444164
27066828200000,vfr,657,"{""message_type"":""VFR_HUD"",""airspeed"":42.24594497680664,""alt"":124.02999877929688}",11.1448259
27066828301000,position,657,"{""message_type"":""GLOBAL_POSITION_INT"",""lat"":469498907,""lon"":393482500}",11.1449269
27066830704300,target_offset,730,"{""x_angle_offset"":0.15954215079545975,""y_angle_offset"":-0.3421918948491414}",11.1473302
27066836307500,gimbal,3281,"{""imu_roll"":0.0,""imu_pitch"":6.857453346252441,""imu_yaw"":2.0828871726989746,""frame_roll"":0.0,""frame_pitch"":6.857453346252441,""frame_yaw"":2.0828871726989746,""pitch_speed"":0.0,""yaw_speed"":0.0}",11.1529334
27066836555100,fov,3281,"{""zoom"":12.339999198913574,""hfov"":7.293355464935303,""vfov"":4.106302738189697,""state"":0,""max_aov_h"":90.0,""max_aov_v"":58.71550750732422,""min_aov_h"":1.40625,""min_aov_v"":0.7910428047180176,""max_zoom"":64.0}",11.153181
27066844996800,gimbal,3282,"{""imu_roll"":0.0,""imu_pitch"":6.819544315338135,""imu_yaw"":2.0994632244110107,""frame_roll"":0.0,""frame_pitch"":6.819544315338135,""frame_yaw"":2.0994632244110107,""pitch_speed"":0.0,""yaw_speed"":0.0}",11.1616227
27066845492700,fov,3282,"{""zoom"":12.339999198913574,""hfov"":7.293355464935303,""vfov"":4.106302738189697,""state"":0,""max_aov_h"":90.0,""max_aov_v"":58.71550750732422,""min_aov_h"":1.40625,""min_aov_v"":0.7910428047180176,""max_zoom"":64.0}",11.1621186
27066861516800,range,1235,"{""message_type"":""GLOBAL_VISION_POSITION_ESTIMATE"",""x"":46.9487190246582,""y"":39.3477668762207}",11.1781427
27066865097200,target_offset,731,"{""x_angle_offset"":0.18233388662338257,""y_angle_offset"":-0.3726089521690651}",11.1817231
27066870758900,gimbal,3283,"{""imu_roll"":0.0,""imu_pitch"":6.756754398345947,""imu_yaw"":2.1267454624176025,""frame_roll"":0.0,""frame_pitch"":6.756754398345947,""frame_yaw"":2.1267454624176025,""pitch_speed"":0.0,""yaw_speed"":0.0}",11.1873848
27066870995100,fov,3283,"{""zoom"":12.339999198913574,""hfov"":7.293355464935303,""vfov"":4.106302738189697,""state"":0,""max_aov_h"":90.0,""max_aov_v"":58.71550750732422,""min_aov_h"":1.40625,""min_aov_v"":0.7910428047180176,""max_zoom"":64.0}",11.187621
27066874636100,range,1236,"{""message_type"":""GLOBAL_VISION_POSITION_ESTIMATE"",""x"":46.9487190246582,""y"":39.3477668762207}",11.191262
27066881155600,gimbal,3284,"{""imu_roll"":0.0,""imu_pitch"":6.7188334465026855,""imu_yaw"":2.142949104309082,""frame_roll"":0.0,""frame_pitch"":6.7188334465026855,""frame_yaw"":2.142949104309082,""pitch_speed"":0.0,""yaw_speed"":0.0}",11.1977815
27066881809100,fov,3284,"{""zoom"":12.339999198913574,""hfov"":7.293355464935303,""vfov"":4.106302738189697,""state"":0,""max_aov_h"":90.0,""max_aov_v"":58.71550750732422,""min_aov_h"":1.40625,""min_aov_v"":0.7910428047180176,""max_zoom"":64.0}",11.198435
27066892376400,attitude,1316,"{""message_type"":""ATTITUDE"",""time_boot_ms"":127870,""roll"":0.16072987020015717,""pitch"":-0.39869311451911926,""yaw"":-2.883791923522949,""rollspeed"":0.026454055681824684,""pitchspeed"":-0.07635955512523651,""yawspeed"":0.011956101283431053}",11.2090023
27066894351200,gimbal,3285,"{""imu_roll"":0.0,""imu_pitch"":6.679314136505127,""imu_yaw"":2.159846544265747,""frame_roll"":0.0,""frame_pitch"":6.679314136505127,""frame_yaw"":2.159846544265747,""pitch_speed"":0.0,""yaw_speed"":0.0}",11.2109771
27066894624000,fov,3285,"{""zoom"":12.339999198913574,""hfov"":7.293355464935303,""vfov"":4.106302738189697,""state"":0,""max_aov_h"":90.0,""max_aov_v"":58.71550750732422,""min_aov_h"":1.40625,""min_aov_v"":0.7910428047180176,""max_zoom"":64.0}",11.2112499
27066913003400,target_offset,732,"{""x_angle_offset"":0.18993113189935684,""y_angle_offset"":-0.3726089521690651}",11.2296293
27066918450500,gimbal,3286,"{""imu_roll"":0.0,""imu_pitch"":6.627064228057861,""imu_yaw"":2.182415008544922,""frame_roll"":0.0,""frame_pitch"":6.627064228057861,""frame_yaw"":2.182415008544922,""pitch_speed"":0.0,""yaw_speed"":0.0}",11.2350764
27066918655400,fov,3286,"{""zoom"":12.339999198913574,""hfov"":7.293355464935303,""vfov"":4.106302738189697,""state"":0,""max_aov_h"":90.0,""max_aov_v"":58.71550750732422,""min_aov_h"":1.40625,""min_aov_v"":0.7910428047180176,""max_zoom"":64.0}",11.2352813
27066927472200,vfr,658,"{""message_type"":""VFR_HUD"",""airspeed"":42.458499908447266,""alt"":122.15999603271484}",11.2440981
27066927621200,position,658,"{""message_type"":""GLOBAL_POSITION_INT"",""lat"":469498152,""lon"":393482202}",11.2442471
27066927724200,attitude,1317,"{""message_type"":""ATTITUDE"",""time_boot_ms"":127910,""roll"":0.16115587949752808,""pitch"":-0.4015972912311554,""yaw"":-2.8835504055023193,""rollspeed"":0.02630988508462906,""pitchspeed"":-0.07738149911165237,""yawspeed"":0.011040899902582169}",11.2443501
27066929615200,gimbal,3287,"{""imu_roll"":0.0,""imu_pitch"":6.585309982299805,""imu_yaw"":2.201653480529785,""frame_roll"":0.0,""frame_pitch"":6.585309982299805,""frame_yaw"":2.201653480529785,""pitch_speed"":0.0,""yaw_speed"":0.0}",11.2462411
27066929982700,fov,3287,"{""zoom"":12.339999198913574,""hfov"":7.293355464935303,""vfov"":4.106302738189697,""state"":0,""max_aov_h"":90.0,""max_aov_v"":58.71550750732422,""min_aov_h"":1.40625,""min_aov_v"":0.7910428047180176,""max_zoom"":64.0}",11.2466086
27066947294700,target_offset,733,"{""x_angle_offset"":0.19752837717533112,""y_angle_offset"":-0.4030260094889888}",11.2639206
27066951855900,gimbal,3288,"{""imu_roll"":0.0,""imu_pitch"":6.524926662445068,""imu_yaw"":2.229630470275879,""frame_roll"":0.0,""frame_pitch"":6.524926662445068,""frame_yaw"":2.229630470275879,""pitch_speed"":0.0,""yaw_speed"":0.0}",11.2684818
27066952301900,fov,3288,"{""zoom"":12.339999198913574,""hfov"":7.293355464935303,""vfov"":4.106302738189697,""state"":0,""max_aov_h"":90.0,""max_aov_v"":58.71550750732422,""min_aov_h"":1.40625,""min_aov_v"":0.7910428047180176,""max_zoom"":64.0}",11.2689278
27066962978900,gimbal,3289,"{""imu_roll"":0.0,""imu_pitch"":6.48203182220459,""imu_yaw"":2.2500009536743164,""frame_roll"":0.0,""frame_pitch"":6.48203182220459,""frame_yaw"":2.2500009536743164,""pitch_speed"":0.0,""yaw_speed"":0.0}",11.2796048
27066963621600,fov,3289,"{""zoom"":12.339999198913574,""hfov"":7.293355464935303,""vfov"":4.106302738189697,""state"":0,""max_aov_h"":90.0,""max_aov_v"":58.71550750732422,""min_aov_h"":1.40625,""min_aov_v"":0.7910428047180176,""max_zoom"":64.0}",11.2802475
27066976830100,gimbal,3290,"{""imu_roll"":0.0,""imu_pitch"":6.438796520233154,""imu_yaw"":2.270848274230957,""frame_roll"":0.0,""frame_pitch"":6.438796520233154,""frame_yaw"":2.270848274230957,""pitch_speed"":0.0,""yaw_speed"":0.0}",11.293456
27066977207900,fov,3290,"{""zoom"":12.339999198913574,""hfov"":7.293355464935303,""vfov"":4.106302738189697,""state"":0,""max_aov_h"":90.0,""max_aov_v"":58.71550750732422,""min_aov_h"":1.40625,""min_aov_v"":0.7910428047180176,""max_zoom"":64.0}",11.2938338
27066993230100,attitude,1318,"{""message_type"":""ATTITUDE"",""time_boot_ms"":127970,""roll"":0.16182193160057068,""pitch"":-0.4059998691082001,""yaw"":-2.883254289627075,""rollspeed"":0.026415882632136345,""pitchspeed"":-0.07813531160354614,""yawspeed"":0.009844368323683739}",11.309856
27066996977500,target_offset,734,"{""x_angle_offset"":0.22032011300325394,""y_angle_offset"":-0.4106302738189697}",11.3136034
27067003184500,gimbal,3291,"{""imu_roll"":0.0,""imu_pitch"":6.385882377624512,""imu_yaw"":2.2971532344818115,""frame_roll"":0.0,""frame_pitch"":6.385882377624512,""frame_yaw"":2.2971532344818115,""pitch_speed"":0.0,""yaw_speed"":0.0}",11.3198104
27067003567500,fov,3291,"{""zoom"":12.339999198913574,""hfov"":7.293355464935303,""vfov"":4.106302738189697,""state"":0,""max_aov_h"":90.0,""max_aov_v"":58.71550750732422,""min_aov_h"":1.40625,""min_aov_v"":0.7910428047180176,""max_zoom"":64.0}",11.3201934
27067011591300,gimbal,3292,"{""imu_roll"":0.0,""imu_pitch"":6.3338847160339355,""imu_yaw"":2.324068784713745,""frame_roll"":0.0,""frame_pitch"":6.3338847160339355,""frame_yaw"":2.324068784713745,""pitch_speed"":0.0,""yaw_speed"":0.0}",11.3282172
27067012523400,fov,3292,"{""zoom"":12.339999198913574,""hfov"":7.293355464935303,""vfov"":4.106302738189697,""state"":0,""max_aov_h"":90.0,""max_aov_v"":58.71550750732422,""min_aov_h"":1.40625,""min_aov_v"":0.7910428047180176,""max_zoom"":64.0}",11.3291493
27067016298600,range,1237,"{""message_type"":""GLOBAL_VISION_POSITION_ESTIMATE"",""x"":46.948646545410156,""y"":39.347721099853516}",11.3329245
27067027243800,range,1238,"{""message_type"":""GLOBAL_VISION_POSITION_ESTIMATE"",""x"":46.948646545410156,""y"":39.347721099853516}",11.3438697
27067027477400,attitude,1319,"{""message_type"":""ATTITUDE"",""time_boot_ms"":128010,""roll"":0.16228225827217102,""pitch"":-0.4089818596839905,""yaw"":-2.883090019226074,""rollspeed"":0.026162032037973404,""pitchspeed"":-0.0796184241771698,""yawspeed"":0.009211473166942596}",11.3441033
27067027710100,vfr,659,"{""message_type"":""VFR_HUD"",""airspeed"":42.668033599853516,""alt"":120.23999786376953}",11.344336
27067027790500,position,659,"{""message_type"":""GLOBAL_POSITION_INT"",""lat"":469498152,""lon"":393482202}",11.3444164
27067031017000,target_offset,735,"{""x_angle_offset"":0.21272286772727966,""y_angle_offset"":-0.4106302738189697}",11.3476429
27067036080200,gimbal,3293,"{""imu_roll"":0.0,""imu_pitch"":6.265739917755127,""imu_yaw"":2.3605570793151855,""frame_roll"":0.0,""frame_pitch"":6.265739917755127,""frame_yaw"":2.3605570793151855,""pitch_speed"":0.0,""yaw_speed"":0.0}",11.3527061
27067036276900,fov,3293,"{""zoom"":12.339999198913574,""hfov"":7.293355464935303,""vfov"":4.106302738189697,""state"":0,""max_aov_h"":90.0,""max_aov_v"":58.71550750732422,""min_aov_h"":1.40625,""min_aov_v"":0.7910428047180176,""max_zoom"":64.0}",11.3529028
27067044810900,gimbal,3294,"{""imu_roll"":0.0,""imu_pitch"":6.224003314971924,""imu_yaw"":2.380460023880005,""frame_roll"":0.0,""frame_pitch"":6.224003314971924,""frame_yaw"":2.380460023880005,""pitch_speed"":0.0,""yaw_speed"":0.0}",11.3614368
27067045074900,fov,3294,"{""zoom"":12.339999198913574,""hfov"":7.293355464935303,""vfov"":4.106302738189697,""state"":0,""max_aov_h"":90.0,""max_aov_v"":58.71550750732422,""min_aov_h"":1.40625,""min_aov_v"":0.7910428047180176,""max_zoom"":64.0}",11.3617008
27067063367300,target_offset,736,"{""x_angle_offset"":0.21272286772727966,""y_angle_offset"":-0.4258388024789316}",11.3799932
27067068231100,gimbal,3295,"{""imu_roll"":0.0,""imu_pitch"":6.154543399810791,""imu_yaw"":2.4147536754608154,""frame_roll"":0.0,""frame_pitch"":6.154543399810791,""frame_yaw"":2.4147536754608154,""pitch_speed"":0.0,""yaw_speed"":0.0}",11.384857
27067068529100,fov,3295,"{""zoom"":12.339999198913574,""hfov"":7.293355464935303,""vfov"":4.106302738189697,""state"":0,""max_aov_h"":90.0,""max_aov_v"":58.71550750732422,""min_aov_h"":1.40625,""min_aov_v"":0.7910428047180176,""max_zoom"":64.0}",11.385155
27067079002500,gimbal,3296,"{""imu_roll"":0.0,""imu_pitch"":6.109177112579346,""imu_yaw"":2.4362478256225586,""frame_roll"":0.0,""frame_pitch"":6.109177112579346,""frame_yaw"":2.4362478256225586,""pitch_speed"":0.0,""yaw_speed"":0.0}",11.3956284
27067079329900,fov,3296,"{""zoom"":12.339999198913574,""hfov"":7.293355464935303,""vfov"":4.106302738189697,""state"":0,""max_aov_h"":90.0,""max_aov_v"":58.71550750732422,""min_aov_h"":1.40625,""min_aov_v"":0.7910428047180176,""max_zoom"":64.0}",11.3959558
27067092591700,gimbal,3297,"{""imu_roll"":0.0,""imu_pitch"":6.062880516052246,""imu_yaw"":2.4587857723236084,""frame_roll"":0.0,""frame_pitch"":6.062880516052246,""frame_yaw"":2.4587857723236084,""pitch_speed"":0.0,""yaw_speed"":0.0}",11.4092176
27067092989300,fov,3297,"{""zoom"":12.339999198913574,""hfov"":7.293355464935303,""vfov"":4.106302738189697,""state"":0,""max_aov_h"":90.0,""max_aov_v"":58.71550750732422,""min_aov_h"":1.40625,""min_aov_v"":0.7910428047180176,""max_zoom"":64.0}",11.4096152
27067098416200,attitude,1320,"{""message_type"":""ATTITUDE"",""time_boot_ms"":128070,""roll"":0.16293291747570038,""pitch"":-0.41405725479125977,""yaw"":-2.882864236831665,""rollspeed"":0.026555435732007027,""pitchspeed"":-0.08098415285348892,""yawspeed"":0.008413420990109444}",11.4150421
27067111555200,target_offset,737,"{""x_angle_offset"":0.22032011300325394,""y_angle_offset"":-0.479068652788798}",11.4281811
27067117408000,gimbal,3298,"{""imu_roll"":0.0,""imu_pitch"":5.99939489364624,""imu_yaw"":2.4916183948516846,""frame_roll"":0.0,""frame_pitch"":5.99939489364624,""frame_yaw"":2.4916183948516846,""pitch_speed"":0.0,""yaw_speed"":0.0}",11.4340339
27067117624900,fov,3298,"{""zoom"":12.339999198913574,""hfov"":7.293355464935303,""vfov"":4.106302738189697,""state"":0,""max_aov_h"":90.0,""max_aov_v"":58.71550750732422,""min_aov_h"":1.40625,""min_aov_v"":0.7910428047180176,""max_zoom"":64.0}",11.4342508
27067126987400,gimbal,3299,"{""imu_roll"":0.0,""imu_pitch"":5.952669143676758,""imu_yaw"":2.510857105255127,""frame_roll"":0.0,""frame_pitch"":5.952669143676758,""frame_yaw"":2.510857105255127,""pitch_speed"":0.0,""yaw_speed"":0.0}",11.4436133
27067127293400,fov,3299,"{""zoom"":12.339999198913574,""hfov"":7.293355464935303,""vfov"":4.106302738189697,""state"":0,""max_aov_h"":90.0,""max_aov_v"":58.71550750732422,""min_aov_h"":1.40625,""min_aov_v"":0.7910428047180176,""max_zoom"":64.0}",11.4439193
27067131448300,vfr,660,"{""message_type"":""VFR_HUD"",""airspeed"":42.875247955322266,""alt"":118.29000091552734}",11.4480742
27067131650300,position,660,"{""message_type"":""GLOBAL_POSITION_INT"",""lat"":469497383,""lon"":393481900}",11.4482762
27067131800200,attitude,1321,"{""message_type"":""ATTITUDE"",""time_boot_ms"":128110,""roll"":0.16334818303585052,""pitch"":-0.41824889183044434,""yaw"":-2.8827052116394043,""rollspeed"":0.02781079150736332,""pitchspeed"":-0.08299945294857025,""yawspeed"":0.007974375039339066}",11.4484261
27067146882300,target_offset,738,"{""x_angle_offset"":0.2279173582792282,""y_angle_offset"":-0.5094857101087217}",11.4635082
27067151527300,gimbal,3300,"{""imu_roll"":0.0,""imu_pitch"":5.8728108406066895,""imu_yaw"":2.5457444190979004,""frame_roll"":0.0,""frame_pitch"":5.8728108406066895,""frame_yaw"":2.5457444190979004,""pitch_speed"":0.0,""yaw_speed"":0.0}",11.4681532
27067151726800,fov,3300,"{""zoom"":12.339999198913574,""hfov"":7.293355464935303,""vfov"":4.106302738189697,""state"":0,""max_aov_h"":90.0,""max_aov_v"":58.71550750732422,""min_aov_h"":1.40625,""min_aov_v"":0.7910428047180176,""max_zoom"":64.0}",11.4683527
27067160428500,gimbal,3301,"{""imu_roll"":0.0,""imu_pitch"":5.817704677581787,""imu_yaw"":2.5684773921966553,""frame_roll"":0.0,""frame_pitch"":5.817704677581787,""frame_yaw"":2.5684773921966553,""pitch_speed"":0.0,""yaw_speed"":0.0}",11.4770544
27067160861400,fov,3301,"{""zoom"":12.339999198913574,""hfov"":7.293355464935303,""vfov"":4.106302738189697,""state"":0,""max_aov_h"":90.0,""max_aov_v"":58.71550750732422,""min_aov_h"":1.40625,""min_aov_v"":0.7910428047180176,""max_zoom"":64.0}",11.4774873
27067173440500,gimbal,3302,"{""imu_roll"":0.0,""imu_pitch"":5.765888214111328,""imu_yaw"":2.5905256271362305,""frame_roll"":0.0,""frame_pitch"":5.765888214111328,""frame_yaw"":2.5905256271362305,""pitch_speed"":0.0,""yaw_speed"":0.0}",11.4900664
27067173748500,fov,3302,"{""zoom"":12.339999198913574,""hfov"":7.293355464935303,""vfov"":4.106302738189697,""state"":0,""max_aov_h"":90.0,""max_aov_v"":58.71550750732422,""min_aov_h"":1.40625,""min_aov_v"":0.7910428047180176,""max_zoom"":64.0}",11.4903744
27067186726600,range,1239,"{""message_type"":""GLOBAL_VISION_POSITION_ESTIMATE"",""x"":46.948577880859375,""y"":39.34768295288086}",11.5033525
27067195045800,target_offset,739,"{""x_angle_offset"":0.2279173582792282,""y_angle_offset"":-0.47146438845881705}",11.5116717
27067200388600,gimbal,3303,"{""imu_roll"":0.0,""imu_pitch"":5.691912651062012,""imu_yaw"":2.622675657272339,""frame_roll"":0.0,""frame_pitch"":5.691912651062012,""frame_yaw"":2.622675657272339,""pitch_speed"":0.0,""yaw_speed"":0.0}",11.5170145
27067200657500,fov,3303,"{""zoom"":12.339999198913574,""hfov"":7.293355464935303,""vfov"":4.106302738189697,""state"":0,""max_aov_h"":90.0,""max_aov_v"":58.71550750732422,""min_aov_h"":1.40625,""min_aov_v"":0.7910428047180176,""max_zoom"":64.0}",11.5172834
27067201906700,range,1240,"{""message_type"":""GLOBAL_VISION_POSITION_ESTIMATE"",""x"":46.948577880859375,""y"":39.34768295288086}",11.5185326
27067202104100,attitude,1322,"{""message_type"":""ATTITUDE"",""time_boot_ms"":128170,""roll"":0.16407102346420288,""pitch"":-0.42465972900390625,""yaw"":-2.8825173377990723,""rollspeed"":0.029018882662057877,""pitchspeed"":-0.0851258784532547,""yawspeed"":0.007454265374690294}",11.51873
27067208106500,gimbal,3304,"{""imu_roll"":0.0,""imu_pitch"":5.637105464935303,""imu_yaw"":2.648360013961792,""frame_roll"":0.0,""frame_pitch"":5.637105464935303,""frame_yaw"":2.648360013961792,""pitch_speed"":0.0,""yaw_speed"":0.0}",11.5247324
27067208727200,fov,3304,"{""zoom"":12.339999198913574,""hfov"":7.293355464935303,""vfov"":4.106302738189697,""state"":0,""max_aov_h"":90.0,""max_aov_v"":58.71550750732422,""min_aov_h"":1.40625,""min_aov_v"":0.7910428047180176,""max_zoom"":64.0}",11.5253531
27067228802700,target_offset,740,"{""x_angle_offset"":0.2659035846590996,""y_angle_offset"":-0.5399027674286454}",11.5454286
27067234573000,gimbal,3305,"{""imu_roll"":0.0,""imu_pitch"":5.5595269203186035,""imu_yaw"":2.686981439590454,""frame_roll"":0.0,""frame_pitch"":5.5595269203186035,""frame_yaw"":2.686981439590454,""pitch_speed"":0.0,""yaw_speed"":0.0}",11.5511989
27067234802000,fov,3305,"{""zoom"":12.339999198913574,""hfov"":7.293355464935303,""vfov"":4.106302738189697,""state"":0,""max_aov_h"":90.0,""max_aov_v"":58.71550750732422,""min_aov_h"":1.40625,""min_aov_v"":0.7910428047180176,""max_zoom"":64.0}",11.5514279
27067236669200,vfr,661,"{""message_type"":""VFR_HUD"",""airspeed"":43.08049011230469,""alt"":116.30999755859375}",11.5532951
27067236818800,position,661,"{""message_type"":""GLOBAL_POSITION_INT"",""lat"":469497383,""lon"":393481900}",11.5534447
27067236936000,attitude,1323,"{""message_type"":""ATTITUDE"",""time_boot_ms"":128210,""roll"":0.16457366943359375,""pitch"":-0.4289643168449402,""yaw"":-2.882392406463623,""rollspeed"":0.029415816068649292,""pitchspeed"":-0.08546624332666397,""yawspeed"":0.007429580669850111}",11.5535619
27067243273900,gimbal,3306,"{""imu_roll"":0.0,""imu_pitch"":5.498246669769287,""imu_yaw"":2.7148356437683105,""frame_roll"":0.0,""frame_pitch"":5.498246669769287,""frame_yaw"":2.7148356437683105,""pitch_speed"":0.0,""yaw_speed"":0.0}",11.5598998
27067243606400,fov,3306,"{""zoom"":12.339999198913574,""hfov"":7.293355464935303,""vfov"":4.106302738189697,""state"":0,""max_aov_h"":90.0,""max_aov_v"":58.71550750732422,""min_aov_h"":1.40625,""min_aov_v"":0.7910428047180176,""max_zoom"":64.0}",11.5602323
27067255721800,gimbal,3307,"{""imu_roll"":0.0,""imu_pitch"":5.444730758666992,""imu_yaw"":2.7398698329925537,""frame_roll"":0.0,""frame_pitch"":5.444730758666992,""frame_yaw"":2.7398698329925537,""pitch_speed"":0.0,""yaw_speed"":0.0}",11.5723477
27067256669000,fov,3307,"{""zoom"":12.339999198913574,""hfov"":7.293355464935303,""vfov"":4.106302738189697,""state"":0,""max_aov_h"":90.0,""max_aov_v"":58.71550750732422,""min_aov_h"":1.40625,""min_aov_v"":0.7910428047180176,""max_zoom"":64.0}",11.5732949
27067274376800,target_offset,741,"{""x_angle_offset"":0.2659035846590996,""y_angle_offset"":-0.5322985030986644}",11.5910027
27067280261300,gimbal,3308,"{""imu_roll"":0.0,""imu_pitch"":5.366901397705078,""imu_yaw"":2.7787232398986816,""frame_roll"":0.0,""frame_pitch"":5.366901397705078,""frame_yaw"":2.7787232398986816,""pitch_speed"":0.0,""yaw_speed"":0.0}",11.5968872
27067280463500,fov,3308,"{""zoom"":12.339999198913574,""hfov"":7.293355464935303,""vfov"":4.106302738189697,""state"":0,""max_aov_h"":90.0,""max_aov_v"":58.71550750732422,""min_aov_h"":1.40625,""min_aov_v"":0.7910428047180176,""max_zoom"":64.0}",11.5970894
27067288506600,gimbal,3309,"{""imu_roll"":0.0,""imu_pitch"":5.308732509613037,""imu_yaw"":2.805713176727295,""frame_roll"":0.0,""frame_pitch"":5.308732509613037,""frame_yaw"":2.805713176727295,""pitch_speed"":0.0,""yaw_speed"":0.0}",11.6051325
27067288804700,fov,3309,"{""zoom"":12.339999198913574,""hfov"":7.293355464935303,""vfov"":4.106302738189697,""state"":0,""max_aov_h"":90.0,""max_aov_v"":58.71550750732422,""min_aov_h"":1.40625,""min_aov_v"":0.7910428047180176,""max_zoom"":64.0}",11.6054306
27067289110100,attitude,1324,"{""message_type"":""ATTITUDE"",""time_boot_ms"":128270,""roll"":0.16551776230335236,""pitch"":-0.43551868200302124,""yaw"":-2.882230520248413,""rollspeed"":0.03356380760669708,""pitchspeed"":-0.08776237815618515,""yawspeed"":0.007249480579048395}",11.605736
27067308712400,target_offset,742,"{""x_angle_offset"":0.2659035846590996,""y_angle_offset"":-0.5246942387686835}",11.6253383
27067313306800,gimbal,3310,"{""imu_roll"":0.0,""imu_pitch"":5.222501754760742,""imu_yaw"":2.8480021953582764,""frame_roll"":0.0,""frame_pitch"":5.222501754760742,""frame_yaw"":2.8480021953582764,""pitch_speed"":0.0,""yaw_speed"":0.0}",11.6299327
27067313507900,fov,3310,"{""zoom"":12.339999198913574,""hfov"":7.293355464935303,""vfov"":4.106302738189697,""state"":0,""max_aov_h"":90.0,""max_aov_v"":58.71550750732422,""min_aov_h"":1.40625,""min_aov_v"":0.7910428047180176,""max_zoom"":64.0}",11.6301338
27067322959400,gimbal,3311,"{""imu_roll"":0.0,""imu_pitch"":5.163778781890869,""imu_yaw"":2.874647378921509,""frame_roll"":0.0,""frame_pitch"":5.163778781890869,""frame_yaw"":2.874647378921509,""pitch_speed"":0.0,""yaw_speed"":0.0}",11.6395853
27067323299800,fov,3311,"{""zoom"":12.339999198913574,""hfov"":7.293355464935303,""vfov"":4.106302738189697,""state"":0,""max_aov_h"":90.0,""max_aov_v"":58.71550750732422,""min_aov_h"":1.40625,""min_aov_v"":0.7910428047180176,""max_zoom"":64.0}",11.6399257
27067336742500,gimbal,3312,"{""imu_roll"":0.0,""imu_pitch"":5.109757900238037,""imu_yaw"":2.899977445602417,""frame_roll"":0.0,""frame_pitch"":5.109757900238037,""frame_yaw"":2.899977445602417,""pitch_speed"":0.0,""yaw_speed"":0.0}",11.6533684
27067337253900,fov,3312,"{""zoom"":12.339999198913574,""hfov"":7.293355464935303,""vfov"":4.106302738189697,""state"":0,""max_aov_h"":90.0,""max_aov_v"":58.71550750732422,""min_aov_h"":1.40625,""min_aov_v"":0.7910428047180176,""max_zoom"":64.0}",11.6538798
27067339407800,attitude,1325,"{""message_type"":""ATTITUDE"",""time_boot_ms"":128310,""roll"":0.16631251573562622,""pitch"":-0.43799540400505066,""yaw"":-2.882106304168701,""rollspeed"":0.03676115348935127,""pitchspeed"":-0.0875634178519249,""yawspeed"":0.007353449705988169}",11.6560337
27067339710100,vfr,662,"{""message_type"":""VFR_HUD"",""airspeed"":43.28423309326172,""alt"":114.2699966430664}",11.656336
27067339797000,position,662,"{""message_type"":""GLOBAL_POSITION_INT"",""lat"":469496637,""lon"":393481606}",11.6564229
27067340540400,range,1241,"{""message_type"":""GLOBAL_VISION_POSITION_ESTIMATE"",""x"":46.94850540161133,""y"":39.347633361816406}",11.6571663
27067356042300,target_offset,743,"{""x_angle_offset"":0.27350082993507385,""y_angle_offset"":-0.5246942387686835}",11.6726682
27067359799200,range,1242,"{""message_type"":""GLOBAL_VISION_POSITION_ESTIMATE"",""x"":46.94850540161133,""y"":39.347633361816406}",11.6764251
27067361707500,gimbal,3313,"{""imu_roll"":0.0,""imu_pitch"":5.038013458251953,""imu_yaw"":2.9363512992858887,""frame_roll"":0.0,""frame_pitch"":5.038013458251953,""frame_yaw"":2.9363512992858887,""pitch_speed"":0.0,""yaw_speed"":0.0}",11.6783334
27067362088000,fov,3313,"{""zoom"":12.339999198913574,""hfov"":7.293355464935303,""vfov"":4.106302738189697,""state"":0,""max_aov_h"":90.0,""max_aov_v"":58.71550750732422,""min_aov_h"":1.40625,""min_aov_v"":0.7910428047180176,""max_zoom"":64.0}",11.6787139
27067369673100,gimbal,3314,"{""imu_roll"":0.0,""imu_pitch"":4.980037212371826,""imu_yaw"":2.9652953147888184,""frame_roll"":0.0,""frame_pitch"":4.980037212371826,""frame_yaw"":2.9652953147888184,""pitch_speed"":0.0,""yaw_speed"":0.0}",11.686299
27067369973900,fov,3314,"{""zoom"":12.339999198913574,""hfov"":7.293355464935303,""vfov"":4.106302738189697,""state"":0,""max_aov_h"":90.0,""max_aov_v"":58.71550750732422,""min_aov_h"":1.40625,""min_aov_v"":0.7910428047180176,""max_zoom"":64.0}",11.6865998
27067395867100,target_offset,744,"{""x_angle_offset"":0.30388981103897095,""y_angle_offset"":-0.5627155604185882}",11.712493
27067401107800,attitude,1326,"{""message_type"":""ATTITUDE"",""time_boot_ms"":128370,""roll"":0.16770245134830475,""pitch"":-0.441636860370636,""yaw"":-2.8818891048431396,""rollspeed"":0.04078439995646477,""pitchspeed"":-0.08596345037221909,""yawspeed"":0.007672470528632402}",11.7177337
27067402263700,gimbal,3315,"{""imu_roll"":0.0,""imu_pitch"":4.860860824584961,""imu_yaw"":3.0281035900115967,""frame_roll"":0.0,""frame_pitch"":4.860860824584961,""frame_yaw"":3.0281035900115967,""pitch_speed"":0.0,""yaw_speed"":0.0}",11.7188896
27067402512000,fov,3315,"{""zoom"":12.339999198913574,""hfov"":7.293355464935303,""vfov"":4.106302738189697,""state"":0,""max_aov_h"":90.0,""max_aov_v"":58.71550750732422,""min_aov_h"":1.40625,""min_aov_v"":0.7910428047180176,""max_zoom"":64.0}",11.7191379
27067409822300,gimbal,3316,"{""imu_roll"":0.0,""imu_pitch"":4.813400745391846,""imu_yaw"":3.0524961948394775,""frame_roll"":0.0,""frame_pitch"":4.813400745391846,""frame_yaw"":3.0524961948394775,""pitch_speed"":0.0,""yaw_speed"":0.0}",11.7264482
27067410311800,fov,3316,"{""zoom"":12.339999198913574,""hfov"":7.293355464935303,""vfov"":4.106302738189697,""state"":0,""max_aov_h"":90.0,""max_aov_v"":58.71550750732422,""min_aov_h"":1.40625,""min_aov_v"":0.7910428047180176,""max_zoom"":64.0}",11.7269377
27067430534000,target_offset,745,"{""x_angle_offset"":0.2659035846590996,""y_angle_offset"":-0.5170899744387026}",11.7471599
27067435328900,fov,3317,"{""zoom"":12.339999198913574,""hfov"":7.293355464935303,""vfov"":4.106302738189697,""state"":0,""max_aov_h"":90.0,""max_aov_v"":58.71550750732422,""min_aov_h"":1.40625,""min_aov_v"":0.7910428047180176,""max_zoom"":64.0}",11.7519548
27067435576400,gimbal,3317,"{""imu_roll"":0.0,""imu_pitch"":4.726113319396973,""imu_yaw"":3.0998315811157227,""frame_roll"":0.0,""frame_pitch"":4.726113319396973,""frame_yaw"":3.0998315811157227,""pitch_speed"":0.0,""yaw_speed"":0.0}",11.7522023
27067436376300,vfr,663,"{""message_type"":""VFR_HUD"",""airspeed"":43.506473541259766,""alt"":112.18999481201172}",11.7530022
27067436502900,position,663,"{""message_type"":""GLOBAL_POSITION_INT"",""lat"":469496637,""lon"":393481606}",11.7531288
27067436620200,attitude,1327,"{""message_type"":""ATTITUDE"",""time_boot_ms"":128410,""roll"":0.1687631756067276,""pitch"":-0.44405797123908997,""yaw"":-2.881711483001709,""rollspeed"":0.043817028403282166,""pitchspeed"":-0.08628646284341812,""yawspeed"":0.007991138845682144}",11.7532461
27067443249600,gimbal,3318,"{""imu_roll"":0.0,""imu_pitch"":4.673576831817627,""imu_yaw"":3.1264524459838867,""frame_roll"":0.0,""frame_pitch"":4.673576831817627,""frame_yaw"":3.1264524459838867,""pitch_speed"":0.0,""yaw_speed"":0.0}",11.7598755
27067443828900,fov,3318,"{""zoom"":12.339999198913574,""hfov"":7.293355464935303,""vfov"":4.106302738189697,""state"":0,""max_aov_h"":90.0,""max_aov_v"":58.71550750732422,""min_aov_h"":1.40625,""min_aov_v"":0.7910428047180176,""max_zoom"":64.0}",11.7604548
27067456681200,gimbal,3319,"{""imu_roll"":0.0,""imu_pitch"":4.6221418380737305,""imu_yaw"":3.1535606384277344,""frame_roll"":0.0,""frame_pitch"":4.6221418380737305,""frame_yaw"":3.1535606384277344,""pitch_speed"":0.0,""yaw_speed"":0.0}",11.7733071
27067457034200,fov,3319,"{""zoom"":12.339999198913574,""hfov"":7.293355464935303,""vfov"":4.106302738189697,""state"":0,""max_aov_h"":90.0,""max_aov_v"":58.71550750732422,""min_aov_h"":1.40625,""min_aov_v"":0.7910428047180176,""max_zoom"":64.0}",11.7736601
27067477503600,gimbal,3320,"{""imu_roll"":0.0,""imu_pitch"":4.552966117858887,""imu_yaw"":3.1921298503875732,""frame_roll"":0.0,""frame_pitch"":4.552966117858887,""frame_yaw"":3.1921298503875732,""pitch_speed"":0.0,""yaw_speed"":0.0}",11.7941295
27067478032100,fov,3320,"{""zoom"":12.339999198913574,""hfov"":7.293355464935303,""vfov"":4.106302738189697,""state"":0,""max_aov_h"":90.0,""max_aov_v"":58.71550750732422,""min_aov_h"":1.40625,""min_aov_v"":0.7910428047180176,""max_zoom"":64.0}",11.794658
27067479172700,target_offset,746,"{""x_angle_offset"":0.30388981103897095,""y_angle_offset"":-0.5551112960886072}",11.7957986
27067489284400,attitude,1328,"{""message_type"":""ATTITUDE"",""time_boot_ms"":128470,""roll"":0.17055177688598633,""pitch"":-0.4478512704372406,""yaw"":-2.8814358711242676,""rollspeed"":0.04837236553430557,""pitchspeed"":-0.0901753306388855,""yawspeed"":0.00870402343571186}",11.8059103
27067490531600,gimbal,3321,"{""imu_roll"":0.0,""imu_pitch"":4.476561546325684,""imu_yaw"":3.232913017272949,""frame_roll"":0.0,""frame_pitch"":4.476561546325684,""frame_yaw"":3.232913017272949,""pitch_speed"":0.0,""yaw_speed"":0.0}",11.8071575
27067491051800,fov,3321,"{""zoom"":12.339999198913574,""hfov"":7.293355464935303,""vfov"":4.106302738189697,""state"":0,""max_aov_h"":90.0,""max_aov_v"":58.71550750732422,""min_aov_h"":1.40625,""min_aov_v"":0.7910428047180176,""max_zoom"":64.0}",11.8076777
27067496193800,range,1243,"{""message_type"":""GLOBAL_VISION_POSITION_ESTIMATE"",""x"":46.948509216308594,""y"":39.347618103027344}",11.8128197
27067509940200,target_offset,747,"{""x_angle_offset"":0.30388981103897095,""y_angle_offset"":-0.5551112960886072}",11.8265661
27067514691900,range,1244,"{""message_type"":""GLOBAL_VISION_POSITION_ESTIMATE"",""x"":46.948509216308594,""y"":39.347618103027344}",11.8313178
27067515903500,gimbal,3322,"{""imu_roll"":0.0,""imu_pitch"":4.3723907470703125,""imu_yaw"":3.2905285358428955,""frame_roll"":0.0,""frame_pitch"":4.3723907470703125,""frame_yaw"":3.2905285358428955,""pitch_speed"":0.0,""yaw_speed"":0.0}",11.8325294
27067516223600,fov,3322,"{""zoom"":12.339999198913574,""hfov"":7.293355464935303,""vfov"":4.106302738189697,""state"":0,""max_aov_h"":90.0,""max_aov_v"":58.71550750732422,""min_aov_h"":1.40625,""min_aov_v"":0.7910428047180176,""max_zoom"":64.0}",11.8328495
27067523579300,gimbal,3323,"{""imu_roll"":0.0,""imu_pitch"":4.313836574554443,""imu_yaw"":3.3198840618133545,""frame_roll"":0.0,""frame_pitch"":4.313836574554443,""frame_yaw"":3.3198840618133545,""pitch_speed"":0.0,""yaw_speed"":0.0}",11.8402052
27067524008400,fov,3323,"{""zoom"":12.339999198913574,""hfov"":7.293355464935303,""vfov"":4.106302738189697,""state"":0,""max_aov_h"":90.0,""max_aov_v"":58.71550750732422,""min_aov_h"":1.40625,""min_aov_v"":0.7910428047180176,""max_zoom"":64.0}",11.8406343
27067529858100,position,664,"{""message_type"":""GLOBAL_POSITION_INT"",""lat"":469495877,""lon"":393481307}",11.846484
27067530176300,attitude,1329,"{""message_type"":""ATTITUDE"",""time_boot_ms"":128510,""roll"":0.1720125824213028,""pitch"":-0.4512191414833069,""yaw"":-2.881267547607422,""rollspeed"":0.0528920441865921,""pitchspeed"":-0.0937228873372078,""yawspeed"":0.009198134765028954}",11.8468022
27067530530500,vfr,664,"{""message_type"":""VFR_HUD"",""airspeed"":43.72141647338867,""alt"":110.06999969482422}",11.8471564
27067543236500,target_offset,748,"{""x_angle_offset"":0.3114870563149452,""y_angle_offset"":-0.5931326177385118}",11.8598624
27067549340100,gimbal,3324,"{""imu_roll"":0.0,""imu_pitch"":4.227381229400635,""imu_yaw"":3.3658971786499023,""frame_roll"":0.0,""frame_pitch"":4.227381229400635,""frame_yaw"":3.3658971786499023,""pitch_speed"":0.0,""yaw_speed"":0.0}",11.865966
27067549545000,fov,3324,"{""zoom"":12.339999198913574,""hfov"":7.293355464935303,""vfov"":4.106302738189697,""state"":0,""max_aov_h"":90.0,""max_aov_v"":58.71550750732422,""min_aov_h"":1.40625,""min_aov_v"":0.7910428047180176,""max_zoom"":64.0}",11.8661709
27067558208900,gimbal,3325,"{""imu_roll"":0.0,""imu_pitch"":4.1619157791137695,""imu_yaw"":3.39975643157959,""frame_roll"":0.0,""frame_pitch"":4.1619157791137695,""frame_yaw"":3.39975643157959,""pitch_speed"":0.0,""yaw_speed"":0.0}",11.8748348
27067558786700,fov,3325,"{""zoom"":12.339999198913574,""hfov"":7.293355464935303,""vfov"":4.106302738189697,""state"":0,""max_aov_h"":90.0,""max_aov_v"":58.71550750732422,""min_aov_h"":1.40625,""min_aov_v"":0.7910428047180176,""max_zoom"":64.0}",11.8754126
27067570653800,gimbal,3326,"{""imu_roll"":0.0,""imu_pitch"":4.104555130004883,""imu_yaw"":3.4294240474700928,""frame_roll"":0.0,""frame_pitch"":4.104555130004883,""frame_yaw"":3.4294240474700928,""pitch_speed"":0.0,""yaw_speed"":0.0}",11.8872797
27067571063300,fov,3326,"{""zoom"":12.339999198913574,""hfov"":7.293355464935303,""vfov"":4.106302738189697,""state"":0,""max_aov_h"":90.0,""max_aov_v"":58.71550750732422,""min_aov_h"":1.40625,""min_aov_v"":0.7910428047180176,""max_zoom"":64.0}",11.8876892
27067590102000,target_offset,749,"{""x_angle_offset"":0.3114870563149452,""y_angle_offset"":-0.6007368820684927}",11.9067279
27067595507400,gimbal,3327,"{""imu_roll"":0.0,""imu_pitch"":4.017684459686279,""imu_yaw"":3.476896047592163,""frame_roll"":0.0,""frame_pitch"":4.017684459686279,""frame_yaw"":3.476896047592163,""pitch_speed"":0.0,""yaw_speed"":0.0}",11.9121333
27067595714600,fov,3327,"{""zoom"":12.339999198913574,""hfov"":7.293355464935303,""vfov"":4.106302738189697,""state"":0,""max_aov_h"":90.0,""max_aov_v"":58.71550750732422,""min_aov_h"":1.40625,""min_aov_v"":0.7910428047180176,""max_zoom"":64.0}",11.9123405
27067600952600,attitude,1330,"{""message_type"":""ATTITUDE"",""time_boot_ms"":128570,""roll"":0.17457513511180878,""pitch"":-0.4574996531009674,""yaw"":-2.881056785583496,""rollspeed"":0.058626871556043625,""pitchspeed"":-0.09813947230577469,""yawspeed"":0.01012130081653595}",11.9175785
27067603977100,gimbal,3328,"{""imu_roll"":0.0,""imu_pitch"":3.9604461193084717,""imu_yaw"":3.505681276321411,""frame_roll"":0.0,""frame_pitch"":3.9604461193084717,""frame_yaw"":3.505681276321411,""pitch_speed"":0.0,""yaw_speed"":0.0}",11.920603
27067604518200,fov,3328,"{""zoom"":12.339999198913574,""hfov"":7.293355464935303,""vfov"":4.106302738189697,""state"":0,""max_aov_h"":90.0,""max_aov_v"":58.71550750732422,""min_aov_h"":1.40625,""min_aov_v"":0.7910428047180176,""max_zoom"":64.0}",11.9211441
27067624594500,target_offset,750,"{""x_angle_offset"":0.3190843015909195,""y_angle_offset"":-0.6463624680483783}",11.9412204
27067629333500,fov,3329,"{""zoom"":12.339999198913574,""hfov"":7.293355464935303,""vfov"":4.106302738189697,""state"":0,""max_aov_h"":90.0,""max_aov_v"":58.71550750732422,""min_aov_h"":1.40625,""min_aov_v"":0.7910428047180176,""max_zoom"":64.0}",11.9459594
27067629597900,gimbal,3329,"{""imu_roll"":0.0,""imu_pitch"":3.858825206756592,""imu_yaw"":3.5598127841949463,""frame_roll"":0.0,""frame_pitch"":3.858825206756592,""frame_yaw"":3.5598127841949463,""pitch_speed"":0.0,""yaw_speed"":0.0}",11.9462238
27067634113700,position,665,"{""message_type"":""GLOBAL_POSITION_INT"",""lat"":469495877,""lon"":393481307}",11.9507396
27067634340300,attitude,1331,"{""message_type"":""ATTITUDE"",""time_boot_ms"":128610,""roll"":0.17646707594394684,""pitch"":-0.46180498600006104,""yaw"":-2.880894899368286,""rollspeed"":0.062369491904973984,""pitchspeed"":-0.09974594414234161,""yawspeed"":0.010905072093009949}",11.9509662
27067634705900,vfr,665,"{""message_type"":""VFR_HUD"",""airspeed"":43.93085479736328,""alt"":107.89999389648438}",11.9513318
27067637706700,gimbal,3330,"{""imu_roll"":0.0,""imu_pitch"":3.7940149307250977,""imu_yaw"":3.5908548831939697,""frame_roll"":0.0,""frame_pitch"":3.7940149307250977,""frame_yaw"":3.5908548831939697,""pitch_speed"":0.0,""yaw_speed"":0.0}",11.9543326
27067638159200,fov,3330,"{""zoom"":12.339999198913574,""hfov"":7.293355464935303,""vfov"":4.106302738189697,""state"":0,""max_aov_h"":90.0,""max_aov_v"":58.71550750732422,""min_aov_h"":1.40625,""min_aov_v"":0.7910428047180176,""max_zoom"":64.0}",11.9547851
27067651318600,gimbal,3331,"{""imu_roll"":0.0,""imu_pitch"":3.7251646518707275,""imu_yaw"":3.6249983310699463,""frame_roll"":0.0,""frame_pitch"":3.7251646518707275,""frame_yaw"":3.6249983310699463,""pitch_speed"":0.0,""yaw_speed"":0.0}",11.9679445
27067651622000,fov,3331,"{""zoom"":12.339999198913574,""hfov"":7.293355464935303,""vfov"":4.106302738189697,""state"":0,""max_aov_h"":90.0,""max_aov_v"":58.71550750732422,""min_aov_h"":1.40625,""min_aov_v"":0.7910428047180176,""max_zoom"":64.0}",11.9682479
27067666379800,range,1245,"{""message_type"":""GLOBAL_VISION_POSITION_ESTIMATE"",""x"":46.94843292236328,""y"":39.34756851196289}",11.9830057
27067672505800,target_offset,751,"{""x_angle_offset"":0.2810980752110481,""y_angle_offset"":-0.6007368820684927}",11.9891317
27067677227400,gimbal,3332,"{""imu_roll"":0.0,""imu_pitch"":3.6379828453063965,""imu_yaw"":3.670559883117676,""frame_roll"":0.0,""frame_pitch"":3.6379828453063965,""frame_yaw"":3.670559883117676,""pitch_speed"":0.0,""yaw_speed"":0.0}",11.9938533
27067677505800,fov,3332,"{""zoom"":12.339999198913574,""hfov"":7.293355464935303,""vfov"":4.106302738189697,""state"":0,""max_aov_h"":90.0,""max_aov_v"":58.71550750732422,""min_aov_h"":1.40625,""min_aov_v"":0.7910428047180176,""max_zoom"":64.0}",11.9941317
27067683765400,gimbal,3333,"{""imu_roll"":0.0,""imu_pitch"":3.572998523712158,""imu_yaw"":3.698676347732544,""frame_roll"":0.0,""frame_pitch"":3.572998523712158,""frame_yaw"":3.698676347732544,""pitch_speed"":0.0,""yaw_speed"":0.0}",12.0003913
27067684188100,fov,3333,"{""zoom"":12.339999198913574,""hfov"":7.293355464935303,""vfov"":4.106302738189697,""state"":0,""max_aov_h"":90.0,""max_aov_v"":58.71550750732422,""min_aov_h"":1.40625,""min_aov_v"":0.7910428047180176,""max_zoom"":64.0}",12.000814
27067698596000,range,1246,"{""message_type"":""GLOBAL_VISION_POSITION_ESTIMATE"",""x"":46.94843292236328,""y"":39.34756851196289}",12.0152219
27067698774800,attitude,1332,"{""message_type"":""ATTITUDE"",""time_boot_ms"":128670,""roll"":0.1796024590730667,""pitch"":-0.4682641923427582,""yaw"":-2.8806045055389404,""rollspeed"":0.06883030384778976,""pitchspeed"":-0.09901946038007736,""yawspeed"":0.012212477624416351}",12.0154007
27067705021800,target_offset,752,"{""x_angle_offset"":0.2886953204870224,""y_angle_offset"":-0.6767795253683019}",12.0216477
27067709745700,gimbal,3334,"{""imu_roll"":0.0,""imu_pitch"":3.479736566543579,""imu_yaw"":3.7396843433380127,""frame_roll"":0.0,""frame_pitch"":3.479736566543579,""frame_yaw"":3.7396843433380127,""pitch_speed"":0.0,""yaw_speed"":0.0}",12.0263716
27067709974200,fov,3334,"{""zoom"":12.339999198913574,""hfov"":7.293355464935303,""vfov"":4.106302738189697,""state"":0,""max_aov_h"":90.0,""max_aov_v"":58.71550750732422,""min_aov_h"":1.40625,""min_aov_v"":0.7910428047180176,""max_zoom"":64.0}",12.0266001
27067718845100,gimbal,3335,"{""imu_roll"":0.0,""imu_pitch"":3.397129774093628,""imu_yaw"":3.7734122276306152,""frame_roll"":0.0,""frame_pitch"":3.397129774093628,""frame_yaw"":3.7734122276306152,""pitch_speed"":0.0,""yaw_speed"":0.0}",12.035471
27067719214600,fov,3335,"{""zoom"":12.339999198913574,""hfov"":7.293355464935303,""vfov"":4.106302738189697,""state"":0,""max_aov_h"":90.0,""max_aov_v"":58.71550750732422,""min_aov_h"":1.40625,""min_aov_v"":0.7910428047180176,""max_zoom"":64.0}",12.0358405
27067730788300,gimbal,3336,"{""imu_roll"":0.0,""imu_pitch"":3.3325693607330322,""imu_yaw"":3.800356864929199,""frame_roll"":0.0,""frame_pitch"":3.3325693607330322,""frame_yaw"":3.800356864929199,""pitch_speed"":0.0,""yaw_speed"":0.0}",12.0474142
27067731110100,fov,3336,"{""zoom"":12.339999198913574,""hfov"":7.293355464935303,""vfov"":4.106302738189697,""state"":0,""max_aov_h"":90.0,""max_aov_v"":58.71550750732422,""min_aov_h"":1.40625,""min_aov_v"":0.7910428047180176,""max_zoom"":64.0}",12.047736
27067732765000,position,666,"{""message_type"":""GLOBAL_POSITION_INT"",""lat"":469495131,""lon"":393481011}",12.0493909
27067733065200,attitude,1333,"{""message_type"":""ATTITUDE"",""time_boot_ms"":128710,""roll"":0.18187744915485382,""pitch"":-0.4725385010242462,""yaw"":-2.8803555965423584,""rollspeed"":0.07282064855098724,""pitchspeed"":-0.09782619029283524,""yawspeed"":0.01318269968032837}",12.0496911
27067733453100,vfr,666,"{""message_type"":""VFR_HUD"",""airspeed"":44.156028747558594,""alt"":105.68000030517578}",12.050079
27067751215800,target_offset,753,"{""x_angle_offset"":0.32668154686689377,""y_angle_offset"":-0.7148008470182066}",12.0678417
27067757300800,gimbal,3337,"{""imu_roll"":0.0,""imu_pitch"":3.2414698600769043,""imu_yaw"":3.839871406555176,""frame_roll"":0.0,""frame_pitch"":3.2414698600769043,""frame_yaw"":3.839871406555176,""pitch_speed"":0.0,""yaw_speed"":0.0}",12.0739267
27067757510900,fov,3337,"{""zoom"":12.339999198913574,""hfov"":7.293355464935303,""vfov"":4.106302738189697,""state"":0,""max_aov_h"":90.0,""max_aov_v"":58.71550750732422,""min_aov_h"":1.40625,""min_aov_v"":0.7910428047180176,""max_zoom"":64.0}",12.0741368
27067764082900,gimbal,3338,"{""imu_roll"":0.0,""imu_pitch"":3.1593382358551025,""imu_yaw"":3.8755974769592285,""frame_roll"":0.0,""frame_pitch"":3.1593382358551025,""frame_yaw"":3.8755974769592285,""pitch_speed"":0.0,""yaw_speed"":0.0}",12.0807088
27067764386300,fov,3338,"{""zoom"":12.339999198913574,""hfov"":7.293355464935303,""vfov"":4.106302738189697,""state"":0,""max_aov_h"":90.0,""max_aov_v"":58.71550750732422,""min_aov_h"":1.40625,""min_aov_v"":0.7910428047180176,""max_zoom"":64.0}",12.0810122
27067783957800,gimbal,3339,"{""imu_roll"":0.0,""imu_pitch"":3.0511178970336914,""imu_yaw"":3.923902988433838,""frame_roll"":0.0,""frame_pitch"":3.0511178970336914,""frame_yaw"":3.923902988433838,""pitch_speed"":0.0,""yaw_speed"":0.0}",12.1005837
27067784218700,fov,3339,"{""zoom"":12.339999198913574,""hfov"":7.293355464935303,""vfov"":4.106302738189697,""state"":0,""max_aov_h"":90.0,""max_aov_v"":58.71550750732422,""min_aov_h"":1.40625,""min_aov_v"":0.7910428047180176,""max_zoom"":64.0}",12.1008446
27067785664300,target_offset,754,"{""x_angle_offset"":0.3190843015909195,""y_angle_offset"":-0.7224051113481874}",12.1022902
27067789068600,attitude,1334,"{""message_type"":""ATTITUDE"",""time_boot_ms"":128770,""roll"":0.1857532560825348,""pitch"":-0.47721126675605774,""yaw"":-2.8800013065338135,""rollspeed"":0.07633008062839508,""pitchspeed"":-0.09389628469944,""yawspeed"":0.015166785567998886}",12.1056945
27067797324600,gimbal,3340,"{""imu_roll"":0.0,""imu_pitch"":2.955157518386841,""imu_yaw"":3.964963436126709,""frame_roll"":0.0,""frame_pitch"":2.955157518386841,""frame_yaw"":3.964963436126709,""pitch_speed"":0.0,""yaw_speed"":0.0}",12.1139505
27067797754300,fov,3340,"{""zoom"":12.339999198913574,""hfov"":7.293355464935303,""vfov"":4.106302738189697,""state"":0,""max_aov_h"":90.0,""max_aov_v"":58.71550750732422,""min_aov_h"":1.40625,""min_aov_v"":0.7910428047180176,""max_zoom"":64.0}",12.1143802
27067809540400,gimbal,3341,"{""imu_roll"":0.0,""imu_pitch"":2.8712074756622314,""imu_yaw"":4.000946044921875,""frame_roll"":0.0,""frame_pitch"":2.8712074756622314,""frame_yaw"":4.000946044921875,""pitch_speed"":0.0,""yaw_speed"":0.0}",12.1261663
27067809937400,fov,3341,"{""zoom"":12.339999198913574,""hfov"":7.293355464935303,""vfov"":4.106302738189697,""state"":0,""max_aov_h"":90.0,""max_aov_v"":58.71550750732422,""min_aov_h"":1.40625,""min_aov_v"":0.7910428047180176,""max_zoom"":64.0}",12.1265633
27067821211700,range,1247,"{""message_type"":""GLOBAL_VISION_POSITION_ESTIMATE"",""x"":46.9483757019043,""y"":39.347530364990234}",12.1378376
27067829926800,target_offset,755,"{""x_angle_offset"":0.32668154686689377,""y_angle_offset"":-0.7680306973280729}",12.1465527
27067835526100,gimbal,3342,"{""imu_roll"":0.0,""imu_pitch"":2.7468671798706055,""imu_yaw"":4.055139064788818,""frame_roll"":0.0,""frame_pitch"":2.7468671798706055,""frame_yaw"":4.055139064788818,""pitch_speed"":0.0,""yaw_speed"":0.0}",12.152152
27067835840700,fov,3342,"{""zoom"":12.339999198913574,""hfov"":7.293355464935303,""vfov"":4.106302738189697,""state"":0,""max_aov_h"":90.0,""max_aov_v"":58.71550750732422,""min_aov_h"":1.40625,""min_aov_v"":0.7910428047180176,""max_zoom"":64.0}",12.1524666
27067838034000,attitude,1335,"{""message_type"":""ATTITUDE"",""time_boot_ms"":128810,""roll"":0.18848486244678497,""pitch"":-0.4801945984363556,""yaw"":-2.8796637058258057,""rollspeed"":0.080576591193676,""pitchspeed"":-0.09042859077453613,""yawspeed"":0.01651161164045334}",12.1546599
27067838518100,vfr,667,"{""message_type"":""VFR_HUD"",""airspeed"":44.37198257446289,""alt"":103.40999603271484}",12.155144
27067838645900,position,667,"{""message_type"":""GLOBAL_POSITION_INT"",""lat"":469495131,""lon"":393481011}",12.1552718
27067838794600,range,1248,"{""message_type"":""GLOBAL_VISION_POSITION_ESTIMATE"",""x"":46.9483757019043,""y"":39.347530364990234}",12.1554205
27067842722100,gimbal,3343,"{""imu_roll"":0.0,""imu_pitch"":2.6720151901245117,""imu_yaw"":4.083791255950928,""frame_roll"":0.0,""frame_pitch"":2.6720151901245117,""frame_yaw"":4.083791255950928,""pitch_speed"":0.0,""yaw_speed"":0.0}",12.159348
27067843729000,fov,3343,"{""zoom"":12.339999198913574,""hfov"":7.293355464935303,""vfov"":4.106302738189697,""state"":0,""max_aov_h"":90.0,""max_aov_v"":58.71550750732422,""min_aov_h"":1.40625,""min_aov_v"":0.7910428047180176,""max_zoom"":64.0}",12.1603549
27067862191500,target_offset,756,"{""x_angle_offset"":0.36466777324676514,""y_angle_offset"":-0.8212605476379394}",12.1788174
27067867436500,gimbal,3344,"{""imu_roll"":0.0,""imu_pitch"":2.551567316055298,""imu_yaw"":4.130101203918457,""frame_roll"":0.0,""frame_pitch"":2.551567316055298,""frame_yaw"":4.130101203918457,""pitch_speed"":0.0,""yaw_speed"":0.0}",12.1840624
27067867687600,fov,3344,"{""zoom"":12.339999198913574,""hfov"":7.293355464935303,""vfov"":4.106302738189697,""state"":0,""max_aov_h"":90.0,""max_aov_v"":58.71550750732422,""min_aov_h"":1.40625,""min_aov_v"":0.7910428047180176,""max_zoom"":64.0}",12.1843135
27067877095200,gimbal,3345,"{""imu_roll"":0.0,""imu_pitch"":2.4618992805480957,""imu_yaw"":4.169212818145752,""frame_roll"":0.0,""frame_pitch"":2.4618992805480957,""frame_yaw"":4.169212818145752,""pitch_speed"":0.0,""yaw_speed"":0.0}",12.1937211
27067877419100,fov,3345,"{""zoom"":12.339999198913574,""hfov"":7.293355464935303,""vfov"":4.106302738189697,""state"":0,""max_aov_h"":90.0,""max_aov_v"":58.71550750732422,""min_aov_h"":1.40625,""min_aov_v"":0.7910428047180176,""max_zoom"":64.0}",12.194045
27067888442100,gimbal,3346,"{""imu_roll"":0.0,""imu_pitch"":2.3882620334625244,""imu_yaw"":4.201235771179199,""frame_roll"":0.0,""frame_pitch"":2.3882620334625244,""frame_yaw"":4.201235771179199,""pitch_speed"":0.0,""yaw_speed"":0.0}",12.205068
27067888850400,fov,3346,"{""zoom"":12.339999198913574,""hfov"":7.293355464935303,""vfov"":4.106302738189697,""state"":0,""max_aov_h"":90.0,""max_aov_v"":58.71550750732422,""min_aov_h"":1.40625,""min_aov_v"":0.7910428047180176,""max_zoom"":64.0}",12.2054763
27067888990400,attitude,1336,"{""message_type"":""ATTITUDE"",""time_boot_ms"":128870,""roll"":0.1927678883075714,""pitch"":-0.48445945978164673,""yaw"":-2.879002571105957,""rollspeed"":0.08559948951005936,""pitchspeed"":-0.0860506147146225,""yawspeed"":0.01882893778383732}",12.2056163
27067908121100,gimbal,3347,"{""imu_roll"":0.0,""imu_pitch"":2.282127857208252,""imu_yaw"":4.247104167938232,""frame_roll"":0.0,""frame_pitch"":2.282127857208252,""frame_yaw"":4.247104167938232,""pitch_speed"":0.0,""yaw_speed"":0.0}",12.224747
27067908641500,fov,3347,"{""zoom"":12.339999198913574,""hfov"":7.293355464935303,""vfov"":4.106302738189697,""state"":0,""max_aov_h"":90.0,""max_aov_v"":58.71550750732422,""min_aov_h"":1.40625,""min_aov_v"":0.7910428047180176,""max_zoom"":64.0}",12.2252674
27067910590800,target_offset,757,"{""x_angle_offset"":0.3114870563149452,""y_angle_offset"":-0.7071965826882256}",12.2272167
27067921100000,gimbal,3348,"{""imu_roll"":0.0,""imu_pitch"":2.189195394515991,""imu_yaw"":4.285752296447754,""frame_roll"":0.0,""frame_pitch"":2.189195394515991,""frame_yaw"":4.285752296447754,""pitch_speed"":0.0,""yaw_speed"":0.0}",12.2377259
27067921454200,fov,3348,"{""zoom"":12.339999198913574,""hfov"":7.293355464935303,""vfov"":4.106302738189697,""state"":0,""max_aov_h"":90.0,""max_aov_v"":58.71550750732422,""min_aov_h"":1.40625,""min_aov_v"":0.7910428047180176,""max_zoom"":64.0}",12.2380801
27067933684900,gimbal,3349,"{""imu_roll"":0.0,""imu_pitch"":2.111238479614258,""imu_yaw"":4.317890644073486,""frame_roll"":0.0,""frame_pitch"":2.111238479614258,""frame_yaw"":4.317890644073486,""pitch_speed"":0.0,""yaw_speed"":0.0}",12.2503108
27067933982100,fov,3349,"{""zoom"":12.339999198913574,""hfov"":7.293355464935303,""vfov"":4.106302738189697,""state"":0,""max_aov_h"":90.0,""max_aov_v"":58.71550750732422,""min_aov_h"":1.40625,""min_aov_v"":0.7910428047180176,""max_zoom"":64.0}",12.250608
27067936342800,position,668,"{""message_type"":""GLOBAL_POSITION_INT"",""lat"":469495131,""lon"":393481011}",12.2529687
27067936513700,attitude,1337,"{""message_type"":""ATTITUDE"",""time_boot_ms"":128910,""roll"":0.1957661360502243,""pitch"":-0.48723742365837097,""yaw"":-2.878462791442871,""rollspeed"":0.08962229639291763,""pitchspeed"":-0.08496351540088654,""yawspeed"":0.020396430045366287}",12.2531396
27067936804800,vfr,668,"{""message_type"":""VFR_HUD"",""airspeed"":44.581336975097656,""alt"":101.07999420166016}",12.2534307
27067954764900,target_offset,758,"{""x_angle_offset"":0.3190843015909195,""y_angle_offset"":-0.7452179043381302}",12.2713908
27067959839200,gimbal,3350,"{""imu_roll"":0.0,""imu_pitch"":1.9900885820388794,""imu_yaw"":4.366732597351074,""frame_roll"":0.0,""frame_pitch"":1.9900885820388794,""frame_yaw"":4.366732597351074,""pitch_speed"":0.0,""yaw_speed"":0.0}",12.2764651
27067960050400,fov,3350,"{""zoom"":12.339999198913574,""hfov"":7.293355464935303,""vfov"":4.106302738189697,""state"":0,""max_aov_h"":90.0,""max_aov_v"":58.71550750732422,""min_aov_h"":1.40625,""min_aov_v"":0.7910428047180176,""max_zoom"":64.0}",12.2766763
27067968584200,gimbal,3351,"{""imu_roll"":0.0,""imu_pitch"":1.9083712100982666,""imu_yaw"":4.401321887969971,""frame_roll"":0.0,""frame_pitch"":1.9083712100982666,""frame_yaw"":4.401321887969971,""pitch_speed"":0.0,""yaw_speed"":0.0}",12.2852101
27067968850900,fov,3351,"{""zoom"":12.339999198913574,""hfov"":7.293355464935303,""vfov"":4.106302738189697,""state"":0,""max_aov_h"":90.0,""max_aov_v"":58.71550750732422,""min_aov_h"":1.40625,""min_aov_v"":0.7910428047180176,""max_zoom"":64.0}",12.2854768
27067976155600,range,1249,"{""message_type"":""GLOBAL_VISION_POSITION_ESTIMATE"",""x"":46.94841003417969,""y"":39.3475227355957}",12.2927815
27067987798600,range,1250,"{""message_type"":""GLOBAL_VISION_POSITION_ESTIMATE"",""x"":46.94841003417969,""y"":39.3475227355957}",12.3044245
27067987991500,attitude,1338,"{""message_type"":""ATTITUDE"",""time_boot_ms"":128970,""roll"":0.2008359581232071,""pitch"":-0.4925462305545807,""yaw"":-2.8777103424072266,""rollspeed"":0.09411365538835526,""pitchspeed"":-0.0837613120675087,""yawspeed"":0.023067407310009003}",12.3046174
27067989476700,target_offset,759,"{""x_angle_offset"":0.32668154686689377,""y_angle_offset"":-0.7376136400081493}",12.3061026
27067994237900,gimbal,3352,"{""imu_roll"":0.0,""imu_pitch"":1.7948516607284546,""imu_yaw"":4.447799205780029,""frame_roll"":0.0,""frame_pitch"":1.7948516607284546,""frame_yaw"":4.447799205780029,""pitch_speed"":0.0,""yaw_speed"":0.0}",12.3108638
27067994431200,fov,3352,"{""zoom"":12.339999198913574,""hfov"":7.293355464935303,""vfov"":4.106302738189697,""state"":0,""max_aov_h"":90.0,""max_aov_v"":58.71550750732422,""min_aov_h"":1.40625,""min_aov_v"":0.7910428047180176,""max_zoom"":64.0}",12.3110571
27068001809600,gimbal,3353,"{""imu_roll"":0.0,""imu_pitch"":1.715275526046753,""imu_yaw"":4.482240200042725,""frame_roll"":0.0,""frame_pitch"":1.715275526046753,""frame_yaw"":4.482240200042725,""pitch_speed"":0.0,""yaw_speed"":0.0}",12.3184355
27068002233100,fov,3353,"{""zoom"":12.339999198913574,""hfov"":7.293355464935303,""vfov"":4.106302738189697,""state"":0,""max_aov_h"":90.0,""max_aov_v"":58.71550750732422,""min_aov_h"":1.40625,""min_aov_v"":0.7910428047180176,""max_zoom"":64.0}",12.318859
27068014833600,gimbal,3354,"{""imu_roll"":0.0,""imu_pitch"":1.6460438966751099,""imu_yaw"":4.511843204498291,""frame_roll"":0.0,""frame_pitch"":1.6460438966751099,""frame_yaw"":4.511843204498291,""pitch_speed"":0.0,""yaw_speed"":0.0}",12.3314595
27068015758100,fov,3354,"{""zoom"":12.339999198913574,""hfov"":7.293355464935303,""vfov"":4.106302738189697,""state"":0,""max_aov_h"":90.0,""max_aov_v"":58.71550750732422,""min_aov_h"":1.40625,""min_aov_v"":0.7910428047180176,""max_zoom"":64.0}",12.332384
27068030480700,position,669,"{""message_type"":""GLOBAL_POSITION_INT"",""lat"":469494379,""lon"":393480705}",12.3471066
27068030739600,attitude,1339,"{""message_type"":""ATTITUDE"",""time_boot_ms"":129010,""roll"":0.20446377992630005,""pitch"":-0.49642816185951233,""yaw"":-2.8771731853485107,""rollspeed"":0.0979401096701622,""pitchspeed"":-0.08183920383453369,""yawspeed"":0.024790529161691666}",12.3473655
27068032268100,vfr,669,"{""message_type"":""VFR_HUD"",""airspeed"":44.805240631103516,""alt"":98.70999908447266}",12.348894
27068035010600,gimbal,3355,"{""imu_roll"":0.0,""imu_pitch"":1.5507718324661255,""imu_yaw"":4.550661087036133,""frame_roll"":0.0,""frame_pitch"":1.5507718324661255,""frame_yaw"":4.550661087036133,""pitch_speed"":0.0,""yaw_speed"":0.0}",12.3516365
27068035326400,fov,3355,"{""zoom"":12.339999198913574,""hfov"":7.293355464935303,""vfov"":4.106302738189697,""state"":0,""max_aov_h"":90.0,""max_aov_v"":58.71550750732422,""min_aov_h"":1.40625,""min_aov_v"":0.7910428047180176,""max_zoom"":64.0}",12.3519523
27068037161100,target_offset,760,"{""x_angle_offset"":0.32668154686689377,""y_angle_offset"":-0.6919880540282638}",12.353787
27068046367400,gimbal,3356,"{""imu_roll"":0.0,""imu_pitch"":1.4646421670913696,""imu_yaw"":4.587801456451416,""frame_roll"":0.0,""frame_pitch"":1.4646421670913696,""frame_yaw"":4.587801456451416,""pitch_speed"":0.0,""yaw_speed"":0.0}",12.3629933
27068047243600,fov,3356,"{""zoom"":12.339999198913574,""hfov"":7.293355464935303,""vfov"":4.106302738189697,""state"":0,""max_aov_h"":90.0,""max_aov_v"":58.71550750732422,""min_aov_h"":1.40625,""min_aov_v"":0.7910428047180176,""max_zoom"":64.0}",12.3638695
27068066857200,target_offset,761,"{""x_angle_offset"":0.36466777324676514,""y_angle_offset"":-0.7376136400081493}",12.3834831
27068071831000,gimbal,3357,"{""imu_roll"":0.0,""imu_pitch"":1.3397197723388672,""imu_yaw"":4.638815402984619,""frame_roll"":0.0,""frame_pitch"":1.3397197723388672,""frame_yaw"":4.638815402984619,""pitch_speed"":0.0,""yaw_speed"":0.0}",12.3884569
27068072012400,fov,3357,"{""zoom"":12.339999198913574,""hfov"":7.293355464935303,""vfov"":4.106302738189697,""state"":0,""max_aov_h"":90.0,""max_aov_v"":58.71550750732422,""min_aov_h"":1.40625,""min_aov_v"":0.7910428047180176,""max_zoom"":64.0}",12.3886383
27068079566300,gimbal,3358,"{""imu_roll"":0.0,""imu_pitch"":1.2614365816116333,""imu_yaw"":4.676867961883545,""frame_roll"":0.0,""frame_pitch"":1.2614365816116333,""frame_yaw"":4.676867961883545,""pitch_speed"":0.0,""yaw_speed"":0.0}",12.3961922
27068079947400,fov,3358,"{""zoom"":12.339999198913574,""hfov"":7.293355464935303,""vfov"":4.106302738189697,""state"":0,""max_aov_h"":90.0,""max_aov_v"":58.71550750732422,""min_aov_h"":1.40625,""min_aov_v"":0.7910428047180176,""max_zoom"":64.0}",12.3965733
27068092587000,gimbal,3359,"{""imu_roll"":0.0,""imu_pitch"":1.1926226615905762,""imu_yaw"":4.709669589996338,""frame_roll"":0.0,""frame_pitch"":1.1926226615905762,""frame_yaw"":4.709669589996338,""pitch_speed"":0.0,""yaw_speed"":0.0}",12.4092129
27068092975300,fov,3359,"{""zoom"":12.339999198913574,""hfov"":7.293355464935303,""vfov"":4.106302738189697,""state"":0,""max_aov_h"":90.0,""max_aov_v"":58.71550750732422,""min_aov_h"":1.40625,""min_aov_v"":0.7910428047180176,""max_zoom"":64.0}",12.4096012
27068094752500,attitude,1340,"{""message_type"":""ATTITUDE"",""time_boot_ms"":129070,""roll"":0.2101239413022995,""pitch"":-0.5020899176597595,""yaw"":-2.876201629638672,""rollspeed"":0.10407300293445587,""pitchspeed"":-0.0774025022983551,""yawspeed"":0.027810102328658104}",12.4113784
27068114173600,gimbal,3360,"{""imu_roll"":0.0,""imu_pitch"":1.0981097221374512,""imu_yaw"":4.750967025756836,""frame_roll"":0.0,""frame_pitch"":1.0981097221374512,""frame_yaw"":4.750967025756836,""pitch_speed"":0.0,""yaw_speed"":0.0}",12.4307995
27068114592200,fov,3360,"{""zoom"":12.339999198913574,""hfov"":7.293355464935303,""vfov"":4.106302738189697,""state"":0,""max_aov_h"":90.0,""max_aov_v"":58.71550750732422,""min_aov_h"":1.40625,""min_aov_v"":0.7910428047180176,""max_zoom"":64.0}",12.4312181
27068115522700,target_offset,762,"{""x_angle_offset"":0.32668154686689377,""y_angle_offset"":-0.6995923183582446}",12.4321486
27068126221900,gimbal,3361,"{""imu_roll"":0.0,""imu_pitch"":1.002211570739746,""imu_yaw"":4.793583869934082,""frame_roll"":0.0,""frame_pitch"":1.002211570739746,""frame_yaw"":4.793583869934082,""pitch_speed"":0.0,""yaw_speed"":0.0}",12.4428478
27068126610100,fov,3361,"{""zoom"":12.339999198913574,""hfov"":7.293355464935303,""vfov"":4.106302738189697,""state"":0,""max_aov_h"":90.0,""max_aov_v"":58.71550750732422,""min_aov_h"":1.40625,""min_aov_v"":0.7910428047180176,""max_zoom"":64.0}",12.443236
27068128917200,vfr,670,"{""message_type"":""VFR_HUD"",""airspeed"":45.038917541503906,""alt"":96.27999877929688}",12.4455431
27068129120300,position,670,"{""message_type"":""GLOBAL_POSITION_INT"",""lat"":469494379,""lon"":393480705}",12.4457462
27068129280400,attitude,1341,"{""message_type"":""ATTITUDE"",""time_boot_ms"":129110,""roll"":0.2140209674835205,""pitch"":-0.5057026743888855,""yaw"":-2.875413656234741,""rollspeed"":0.10770175606012344,""pitchspeed"":-0.07346127927303314,""yawspeed"":0.030034111812710762}",12.4459063
27068146457100,gimbal,3362,"{""imu_roll"":0.0,""imu_pitch"":0.8835985660552979,""imu_yaw"":4.843177795410156,""frame_roll"":0.0,""frame_pitch"":0.8835985660552979,""frame_yaw"":4.843177795410156,""pitch_speed"":0.0,""yaw_speed"":0.0}",12.463083
27068146857600,fov,3362,"{""zoom"":12.339999198913574,""hfov"":7.293355464935303,""vfov"":4.106302738189697,""state"":0,""max_aov_h"":90.0,""max_aov_v"":58.71550750732422,""min_aov_h"":1.40625,""min_aov_v"":0.7910428047180176,""max_zoom"":64.0}",12.4634835
27068147238400,range,1251,"{""message_type"":""GLOBAL_VISION_POSITION_ESTIMATE"",""x"":46.949058532714844,""y"":39.347862243652344}",12.4638643
27068151586500,range,1252,"{""message_type"":""GLOBAL_VISION_POSITION_ESTIMATE"",""x"":46.949058532714844,""y"":39.347862243652344}",12.4682124
27068158388100,gimbal,3363,"{""imu_roll"":0.0,""imu_pitch"":0.8206421732902527,""imu_yaw"":4.867562294006348,""frame_roll"":0.0,""frame_pitch"":0.8206421732902527,""frame_yaw"":4.867562294006348,""pitch_speed"":0.0,""yaw_speed"":0.0}",12.475014
27068158892600,fov,3363,"{""zoom"":12.339999198913574,""hfov"":7.293355464935303,""vfov"":4.106302738189697,""state"":0,""max_aov_h"":90.0,""max_aov_v"":58.71550750732422,""min_aov_h"":1.40625,""min_aov_v"":0.7910428047180176,""max_zoom"":64.0}",12.4755185
27068172574900,gimbal,3364,"{""imu_roll"":0.0,""imu_pitch"":0.7616245746612549,""imu_yaw"":4.8877692222595215,""frame_roll"":0.0,""frame_pitch"":0.7616245746612549,""frame_yaw"":4.8877692222595215,""pitch_speed"":0.0,""yaw_speed"":0.0}",12.4892008
27068172859300,fov,3364,"{""zoom"":12.339999198913574,""hfov"":7.293355464935303,""vfov"":4.106302738189697,""state"":0,""max_aov_h"":90.0,""max_aov_v"":58.71550750732422,""min_aov_h"":1.40625,""min_aov_v"":0.7910428047180176,""max_zoom"":64.0}",12.4894852
27068191551100,target_offset,763,"{""x_angle_offset"":0.33427879214286804,""y_angle_offset"":-0.7071965826882256}",12.508177
27068196795100,gimbal,3365,"{""imu_roll"":0.0,""imu_pitch"":0.6887761354446411,""imu_yaw"":4.912140846252441,""frame_roll"":0.0,""frame_pitch"":0.6887761354446411,""frame_yaw"":4.912140846252441,""pitch_speed"":0.0,""yaw_speed"":0.0}",12.513421
27068197059000,fov,3365,"{""zoom"":12.339999198913574,""hfov"":7.293355464935303,""vfov"":4.106302738189697,""state"":0,""max_aov_h"":90.0,""max_aov_v"":58.71550750732422,""min_aov_h"":1.40625,""min_aov_v"":0.7910428047180176,""max_zoom"":64.0}",12.5136849
27068202655100,attitude,1342,"{""message_type"":""ATTITUDE"",""time_boot_ms"":129170,""roll"":0.22037813067436218,""pitch"":-0.5113621354103088,""yaw"":-2.874166250228882,""rollspeed"":0.1134805902838707,""pitchspeed"":-0.06557531654834747,""yawspeed"":0.03363736346364021}",12.519281
27068204930500,gimbal,3366,"{""imu_roll"":0.0,""imu_pitch"":0.6067136526107788,""imu_yaw"":4.9478302001953125,""frame_roll"":0.0,""frame_pitch"":0.6067136526107788,""frame_yaw"":4.9478302001953125,""pitch_speed"":0.0,""yaw_speed"":0.0}",12.5215564
27068205284600,fov,3366,"{""zoom"":12.339999198913574,""hfov"":7.293355464935303,""vfov"":4.106302738189697,""state"":0,""max_aov_h"":90.0,""max_aov_v"":58.71550750732422,""min_aov_h"":1.40625,""min_aov_v"":0.7910428047180176,""max_zoom"":64.0}",12.5219105
27068225587800,target_offset,764,"{""x_angle_offset"":0.33427879214286804,""y_angle_offset"":-0.7300093756781684}",12.5422137
27068230637500,gimbal,3367,"{""imu_roll"":0.0,""imu_pitch"":0.4926517605781555,""imu_yaw"":4.990821361541748,""frame_roll"":0.0,""frame_pitch"":0.4926517605781555,""frame_yaw"":4.990821361541748,""pitch_speed"":0.0,""yaw_speed"":0.0}",12.5472634
27068231376000,fov,3367,"{""zoom"":12.339999198913574,""hfov"":7.293355464935303,""vfov"":4.106302738189697,""state"":0,""max_aov_h"":90.0,""max_aov_v"":58.71550750732422,""min_aov_h"":1.40625,""min_aov_v"":0.7910428047180176,""max_zoom"":64.0}",12.5480019
27068234980200,position,671,"{""message_type"":""GLOBAL_POSITION_INT"",""lat"":469493618,""lon"":393480387}",12.5516061
27068235208300,attitude,1343,"{""message_type"":""ATTITUDE"",""time_boot_ms"":129210,""roll"":0.22526700794696808,""pitch"":-0.5156139135360718,""yaw"":-2.8733832836151123,""rollspeed"":0.11904070526361465,""pitchspeed"":-0.05913485586643219,""yawspeed"":0.03621216490864754}",12.5518342
27068235583100,vfr,671,"{""message_type"":""VFR_HUD"",""airspeed"":45.25962448120117,""alt"":93.80999755859375}",12.552209
27068238034600,gimbal,3368,"{""imu_roll"":0.0,""imu_pitch"":0.4186370372772217,""imu_yaw"":5.022886276245117,""frame_roll"":0.0,""frame_pitch"":0.4186370372772217,""frame_yaw"":5.022886276245117,""pitch_speed"":0.0,""yaw_speed"":0.0}",12.5546605
27068238458800,fov,3368,"{""zoom"":12.339999198913574,""hfov"":7.293355464935303,""vfov"":4.106302738189697,""state"":0,""max_aov_h"":90.0,""max_aov_v"":58.71550750732422,""min_aov_h"":1.40625,""min_aov_v"":0.7910428047180176,""max_zoom"":64.0}",12.5550847
27068252625500,gimbal,3369,"{""imu_roll"":0.0,""imu_pitch"":0.3397488296031952,""imu_yaw"":5.052994728088379,""frame_roll"":0.0,""frame_pitch"":0.3397488296031952,""frame_yaw"":5.052994728088379,""pitch_speed"":0.0,""yaw_speed"":0.0}",12.5692514
27068253014400,fov,3369,"{""zoom"":12.339999198913574,""hfov"":7.293355464935303,""vfov"":4.106302738189697,""state"":0,""max_aov_h"":90.0,""max_aov_v"":58.71550750732422,""min_aov_h"":1.40625,""min_aov_v"":0.7910428047180176,""max_zoom"":64.0}",12.5696403
27068273376300,target_offset,765,"{""x_angle_offset"":0.36466777324676514,""y_angle_offset"":-0.8060520189779776}",12.5900022
27068279042300,gimbal,3370,"{""imu_roll"":0.0,""imu_pitch"":0.24480020999908447,""imu_yaw"":5.081125736236572,""frame_roll"":0.0,""frame_pitch"":0.24480020999908447,""frame_yaw"":5.081125736236572,""pitch_speed"":0.0,""yaw_speed"":0.0}",12.5956682
27068279283500,fov,3370,"{""zoom"":12.339999198913574,""hfov"":7.293355464935303,""vfov"":4.106302738189697,""state"":0,""max_aov_h"":90.0,""max_aov_v"":58.71550750732422,""min_aov_h"":1.40625,""min_aov_v"":0.7910428047180176,""max_zoom"":64.0}",12.5959094
27068286497100,gimbal,3371,"{""imu_roll"":0.0,""imu_pitch"":0.1563277542591095,""imu_yaw"":5.118846893310547,""frame_roll"":0.0,""frame_pitch"":0.1563277542591095,""frame_yaw"":5.118846893310547,""pitch_speed"":0.0,""yaw_speed"":0.0}",12.603123
27068286801100,fov,3371,"{""zoom"":12.339999198913574,""hfov"":7.293355464935303,""vfov"":4.106302738189697,""state"":0,""max_aov_h"":90.0,""max_aov_v"":58.71550750732422,""min_aov_h"":1.40625,""min_aov_v"":0.7910428047180176,""max_zoom"":64.0}",12.603427
27068291255500,attitude,1344,"{""message_type"":""ATTITUDE"",""time_boot_ms"":129270,""roll"":0.23285557329654694,""pitch"":-0.5214633345603943,""yaw"":-2.8719005584716797,""rollspeed"":0.12797942757606506,""pitchspeed"":-0.04679357260465622,""yawspeed"":0.04046885296702385}",12.6078814
27068302481000,range,1253,"{""message_type"":""GLOBAL_VISION_POSITION_ESTIMATE"",""x"":46.94898986816406,""y"":39.34782028198242}",12.6191069
27068307202300,target_offset,766,"{""x_angle_offset"":0.36466777324676514,""y_angle_offset"":-0.7756349616580539}",12.6238282
27068310388700,range,1254,"{""message_type"":""GLOBAL_VISION_POSITION_ESTIMATE"",""x"":46.94898986816406,""y"":39.34782028198242}",12.6270146
27068311657800,gimbal,3372,"{""imu_roll"":0.0,""imu_pitch"":0.02863563597202301,""imu_yaw"":5.164029598236084,""frame_roll"":0.0,""frame_pitch"":0.02863563597202301,""frame_yaw"":5.164029598236084,""pitch_speed"":0.0,""yaw_speed"":0.0}",12.6282837
27068311974600,fov,3372,"{""zoom"":12.339999198913574,""hfov"":7.293355464935303,""vfov"":4.106302738189697,""state"":0,""max_aov_h"":90.0,""max_aov_v"":58.71550750732422,""min_aov_h"":1.40625,""min_aov_v"":0.7910428047180176,""max_zoom"":64.0}",12.6286005
27068319608200,gimbal,3373,"{""imu_roll"":0.0,""imu_pitch"":-0.05025196075439453,""imu_yaw"":5.198378562927246,""frame_roll"":0.0,""frame_pitch"":-0.05025196075439453,""frame_yaw"":5.198378562927246,""pitch_speed"":0.0,""yaw_speed"":0.0}",12.6362341
27068320049000,fov,3373,"{""zoom"":12.339999198913574,""hfov"":7.293355464935303,""vfov"":4.106302738189697,""state"":0,""max_aov_h"":90.0,""max_aov_v"":58.71550750732422,""min_aov_h"":1.40625,""min_aov_v"":0.7910428047180176,""max_zoom"":64.0}",12.6366749
27068332280800,gimbal,3374,"{""imu_roll"":0.0,""imu_pitch"":-0.12560084462165833,""imu_yaw"":5.231186866760254,""frame_roll"":0.0,""frame_pitch"":-0.12560084462165833,""frame_yaw"":5.231186866760254,""pitch_speed"":0.0,""yaw_speed"":0.0}",12.6489067
27068332702400,fov,3374,"{""zoom"":12.339999198913574,""hfov"":7.293355464935303,""vfov"":4.106302738189697,""state"":0,""max_aov_h"":90.0,""max_aov_v"":58.71550750732422,""min_aov_h"":1.40625,""min_aov_v"":0.7910428047180176,""max_zoom"":64.0}",12.6493283
27068340637600,position,672,"{""message_type"":""GLOBAL_POSITION_INT"",""lat"":469493618,""lon"":393480387}",12.6572635
27068340834600,attitude,1345,"{""message_type"":""ATTITUDE"",""time_boot_ms"":129310,""roll"":0.2381249964237213,""pitch"":-0.5249464511871338,""yaw"":-2.870675563812256,""rollspeed"":0.13426099717617035,""pitchspeed"":-0.03690970316529274,""yawspeed"":0.04352651908993721}",12.6574605
27068341151900,vfr,672,"{""message_type"":""VFR_HUD"",""airspeed"":45.490318298339844,""alt"":91.27999877929688}",12.6577778
27068352248000,target_offset,767,"{""x_angle_offset"":0.38745950907468796,""y_angle_offset"":-0.7984477546479967}",12.6688739
27068357977700,gimbal,3375,"{""imu_roll"":0.0,""imu_pitch"":-0.22565744817256927,""imu_yaw"":5.264111042022705,""frame_roll"":0.0,""frame_pitch"":-0.22565744817256927,""frame_yaw"":5.264111042022705,""pitch_speed"":0.0,""yaw_speed"":0.0}",12.6746036
27068358205900,fov,3375,"{""zoom"":12.339999198913574,""hfov"":7.293355464935303,""vfov"":4.106302738189697,""state"":0,""max_aov_h"":90.0,""max_aov_v"":58.71550750732422,""min_aov_h"":1.40625,""min_aov_v"":0.7910428047180176,""max_zoom"":64.0}",12.6748318
27068364721900,gimbal,3376,"{""imu_roll"":0.0,""imu_pitch"":-0.30773115158081055,""imu_yaw"":5.300360202789307,""frame_roll"":0.0,""frame_pitch"":-0.30773115158081055,""frame_yaw"":5.300360202789307,""pitch_speed"":0.0,""yaw_speed"":0.0}",12.6813478
27068365053400,fov,3376,"{""zoom"":12.339999198913574,""hfov"":7.293355464935303,""vfov"":4.106302738189697,""state"":0,""max_aov_h"":90.0,""max_aov_v"":58.71550750732422,""min_aov_h"":1.40625,""min_aov_v"":0.7910428047180176,""max_zoom"":64.0}",12.6816793
27068385386900,target_offset,768,"{""x_angle_offset"":0.41784849017858505,""y_angle_offset"":-0.7984477546479967}",12.7020128
27068390839000,gimbal,3377,"{""imu_roll"":0.0,""imu_pitch"":-0.4426940977573395,""imu_yaw"":5.34689474105835,""frame_roll"":0.0,""frame_pitch"":-0.4426940977573395,""frame_yaw"":5.34689474105835,""pitch_speed"":0.0,""yaw_speed"":0.0}",12.7074649
27068391534600,fov,3377,"{""zoom"":12.339999198913574,""hfov"":7.293355464935303,""vfov"":4.106302738189697,""state"":0,""max_aov_h"":90.0,""max_aov_v"":58.71550750732422,""min_aov_h"":1.40625,""min_aov_v"":0.7910428047180176,""max_zoom"":64.0}",12.7081605
27068398748200,gimbal,3378,"{""imu_roll"":0.0,""imu_pitch"":-0.517617404460907,""imu_yaw"":5.38549280166626,""frame_roll"":0.0,""frame_pitch"":-0.517617404460907,""frame_yaw"":5.38549280166626,""pitch_speed"":0.0,""yaw_speed"":0.0}",12.7153741
27068399297100,fov,3378,"{""zoom"":12.339999198913574,""hfov"":7.293355464935303,""vfov"":4.106302738189697,""state"":0,""max_aov_h"":90.0,""max_aov_v"":58.71550750732422,""min_aov_h"":1.40625,""min_aov_v"":0.7910428047180176,""max_zoom"":64.0}",12.715923
27068401533500,attitude,1346,"{""message_type"":""ATTITUDE"",""time_boot_ms"":129370,""roll"":0.2462160587310791,""pitch"":-0.5294649004936218,""yaw"":-2.8684048652648926,""rollspeed"":0.1427164226770401,""pitchspeed"":-0.021045152097940445,""yawspeed"":0.04860648140311241}",12.7181594
27068411441900,gimbal,3379,"{""imu_roll"":0.0,""imu_pitch"":-0.5950725674629211,""imu_yaw"":5.419538974761963,""frame_roll"":0.0,""frame_pitch"":-0.5950725674629211,""frame_yaw"":5.419538974761963,""pitch_speed"":0.0,""yaw_speed"":0.0}",12.7280678
27068411840900,fov,3379,"{""zoom"":12.339999198913574,""hfov"":7.293355464935303,""vfov"":4.106302738189697,""state"":0,""max_aov_h"":90.0,""max_aov_v"":58.71550750732422,""min_aov_h"":1.40625,""min_aov_v"":0.7910428047180176,""max_zoom"":64.0}",12.7284668
27068431508900,target_offset,769,"{""x_angle_offset"":0.38745950907468796,""y_angle_offset"":-0.7071965826882256}",12.7481348
27068436998500,vfr,673,"{""message_type"":""VFR_HUD"",""airspeed"":45.72761535644531,""alt"":88.70999908447266}",12.7536244
27068437321800,position,673,"{""message_type"":""GLOBAL_POSITION_INT"",""lat"":469492874,""lon"":393480059}",12.7539477
27068437420800,attitude,1347,"{""message_type"":""ATTITUDE"",""time_boot_ms"":129410,""roll"":0.2522611618041992,""pitch"":-0.5304007530212402,""yaw"":-2.8668346405029297,""rollspeed"":0.14860522747039795,""pitchspeed"":-0.011218165047466755,""yawspeed"":0.052156660705804825}",12.7540467
27068438026000,gimbal,3380,"{""imu_roll"":0.0,""imu_pitch"":-0.6948636174201965,""imu_yaw"":5.447915077209473,""frame_roll"":0.0,""frame_pitch"":-0.6948636174201965,""frame_yaw"":5.447915077209473,""pitch_speed"":0.0,""yaw_speed"":0.0}",12.7546519
27068438352400,fov,3380,"{""zoom"":12.339999198913574,""hfov"":7.293355464935303,""vfov"":4.106302738189697,""state"":0,""max_aov_h"":90.0,""max_aov_v"":58.71550750732422,""min_aov_h"":1.40625,""min_aov_v"":0.7910428047180176,""max_zoom"":64.0}",12.7549783
27068443957100,gimbal,3381,"{""imu_roll"":0.0,""imu_pitch"":-0.7700991034507751,""imu_yaw"":5.486879825592041,""frame_roll"":0.0,""frame_pitch"":-0.7700991034507751,""frame_yaw"":5.486879825592041,""pitch_speed"":0.0,""yaw_speed"":0.0}",12.760583
27068444988700,fov,3381,"{""zoom"":12.339999198913574,""hfov"":7.293355464935303,""vfov"":4.106302738189697,""state"":0,""max_aov_h"":90.0,""max_aov_v"":58.71550750732422,""min_aov_h"":1.40625,""min_aov_v"":0.7910428047180176,""max_zoom"":64.0}",12.7616146
27068457393600,range,1255,"{""message_type"":""GLOBAL_VISION_POSITION_ESTIMATE"",""x"":46.94891357421875,""y"":39.34778594970703}",12.7740195
27068462830900,target_offset,770,"{""x_angle_offset"":0.38745950907468796,""y_angle_offset"":-0.6615709967083401}",12.7794568
27068467705500,gimbal,3382,"{""imu_roll"":0.0,""imu_pitch"":-0.8818089365959167,""imu_yaw"":5.526172637939453,""frame_roll"":0.0,""frame_pitch"":-0.8818089365959167,""frame_yaw"":5.526172637939453,""pitch_speed"":0.0,""yaw_speed"":0.0}",12.7843314
27068467969600,fov,3382,"{""zoom"":12.339999198913574,""hfov"":7.293355464935303,""vfov"":4.106302738189697,""state"":0,""max_aov_h"":90.0,""max_aov_v"":58.71550750732422,""min_aov_h"":1.40625,""min_aov_v"":0.7910428047180176,""max_zoom"":64.0}",12.7845955
27068468887200,range,1256,"{""message_type"":""GLOBAL_VISION_POSITION_ESTIMATE"",""x"":46.94891357421875,""y"":39.34778594970703}",12.7855131
27068476872500,gimbal,3383,"{""imu_roll"":0.0,""imu_pitch"":-0.9452033042907715,""imu_yaw"":5.560342788696289,""frame_roll"":0.0,""frame_pitch"":-0.9452033042907715,""frame_yaw"":5.560342788696289,""pitch_speed"":0.0,""yaw_speed"":0.0}",12.7934984
27068477150000,fov,3383,"{""zoom"":12.339999198913574,""hfov"":7.293355464935303,""vfov"":4.106302738189697,""state"":0,""max_aov_h"":90.0,""max_aov_v"":58.71550750732422,""min_aov_h"":1.40625,""min_aov_v"":0.7910428047180176,""max_zoom"":64.0}",12.7937759
27068486567900,attitude,1348,"{""message_type"":""ATTITUDE"",""time_boot_ms"":129470,""roll"":0.2615470588207245,""pitch"":-0.53120356798172,""yaw"":-2.864006519317627,""rollspeed"":0.15766845643520355,""pitchspeed"":0.0024707429111003876,""yawspeed"":0.05758765712380409}",12.8031938
27068489012800,gimbal,3384,"{""imu_roll"":0.0,""imu_pitch"":-1.006085991859436,""imu_yaw"":5.585969924926758,""frame_roll"":0.0,""frame_pitch"":-1.006085991859436,""frame_yaw"":5.585969924926758,""pitch_speed"":0.0,""yaw_speed"":0.0}",12.8056387
27068489357300,fov,3384,"{""zoom"":12.339999198913574,""hfov"":7.293355464935303,""vfov"":4.106302738189697,""state"":0,""max_aov_h"":90.0,""max_aov_v"":58.71550750732422,""min_aov_h"":1.40625,""min_aov_v"":0.7910428047180176,""max_zoom"":64.0}",12.8059832
27068508801300,target_offset,771,"{""x_angle_offset"":0.38745950907468796,""y_angle_offset"":-0.6235496750584355}",12.8254272
27068513542000,gimbal,3385,"{""imu_roll"":0.0,""imu_pitch"":-1.093138575553894,""imu_yaw"":5.61454439163208,""frame_roll"":0.0,""frame_pitch"":-1.093138575553894,""frame_yaw"":5.61454439163208,""pitch_speed"":0.0,""yaw_speed"":0.0}",12.8301679
27068513797400,fov,3385,"{""zoom"":12.339999198913574,""hfov"":7.293355464935303,""vfov"":4.106302738189697,""state"":0,""max_aov_h"":90.0,""max_aov_v"":58.71550750732422,""min_aov_h"":1.40625,""min_aov_v"":0.7910428047180176,""max_zoom"":64.0}",12.8304233
27068522580900,gimbal,3386,"{""imu_roll"":0.0,""imu_pitch"":-1.1555818319320679,""imu_yaw"":5.648523807525635,""frame_roll"":0.0,""frame_pitch"":-1.1555818319320679,""frame_yaw"":5.648523807525635,""pitch_speed"":0.0,""yaw_speed"":0.0}",12.8392068
27068522991400,fov,3386,"{""zoom"":12.339999198913574,""hfov"":7.293355464935303,""vfov"":4.106302738189697,""state"":0,""max_aov_h"":90.0,""max_aov_v"":58.71550750732422,""min_aov_h"":1.40625,""min_aov_v"":0.7910428047180176,""max_zoom"":64.0}",12.8396173
27068535315200,gimbal,3387,"{""imu_roll"":0.0,""imu_pitch"":-1.216706395149231,""imu_yaw"":5.673735618591309,""frame_roll"":0.0,""frame_pitch"":-1.216706395149231,""frame_yaw"":5.673735618591309,""pitch_speed"":0.0,""yaw_speed"":0.0}",12.8519411
27068535586200,fov,3387,"{""zoom"":12.339999198913574,""hfov"":7.293355464935303,""vfov"":4.106302738189697,""state"":0,""max_aov_h"":90.0,""max_aov_v"":58.71550750732422,""min_aov_h"":1.40625,""min_aov_v"":0.7910428047180176,""max_zoom"":64.0}",12.8522121
27068536020600,position,674,"{""message_type"":""GLOBAL_POSITION_INT"",""lat"":469492874,""lon"":393480059}",12.8526465
27068536154800,attitude,1349,"{""message_type"":""ATTITUDE"",""time_boot_ms"":129510,""roll"":0.2679189145565033,""pitch"":-0.531425416469574,""yaw"":-2.861842155456543,""rollspeed"":0.16441653668880463,""pitchspeed"":0.009328729473054409,""yawspeed"":0.0611349456012249}",12.8527807
27068536403300,vfr,674,"{""message_type"":""VFR_HUD"",""airspeed"":45.94997787475586,""alt"":86.08999633789062}",12.8530292
27068553689800,target_offset,772,"{""x_angle_offset"":0.4102512449026108,""y_angle_offset"":-0.5931326177385118}",12.8703157
27068559649000,gimbal,3388,"{""imu_roll"":0.0,""imu_pitch"":-1.2976014614105225,""imu_yaw"":5.688028812408447,""frame_roll"":0.0,""frame_pitch"":-1.2976014614105225,""frame_yaw"":5.688028812408447,""pitch_speed"":0.0,""yaw_speed"":0.0}",12.8762749
27068559860100,fov,3388,"{""zoom"":12.339999198913574,""hfov"":7.293355464935303,""vfov"":4.106302738189697,""state"":0,""max_aov_h"":90.0,""max_aov_v"":58.71550750732422,""min_aov_h"":1.40625,""min_aov_v"":0.7910428047180176,""max_zoom"":64.0}",12.876486
27068568594200,gimbal,3389,"{""imu_roll"":0.0,""imu_pitch"":-1.3641597032546997,""imu_yaw"":5.730419635772705,""frame_roll"":0.0,""frame_pitch"":-1.3641597032546997,""frame_yaw"":5.730419635772705,""pitch_speed"":0.0,""yaw_speed"":0.0}",12.8852201
27068568863000,fov,3389,"{""zoom"":12.339999198913574,""hfov"":7.293355464935303,""vfov"":4.106302738189697,""state"":0,""max_aov_h"":90.0,""max_aov_v"":58.71550750732422,""min_aov_h"":1.40625,""min_aov_v"":0.7910428047180176,""max_zoom"":64.0}",12.8854889
27068587693800,target_offset,773,"{""x_angle_offset"":0.4102512449026108,""y_angle_offset"":-0.5246942387686835}",12.9043197
27068593092400,attitude,1350,"{""message_type"":""ATTITUDE"",""time_boot_ms"":129570,""roll"":0.2776970863342285,""pitch"":-0.5314390659332275,""yaw"":-2.8581929206848145,""rollspeed"":0.17283038794994354,""pitchspeed"":0.017019035294651985,""yawspeed"":0.06637490540742874}",12.9097183
27068594273400,gimbal,3390,"{""imu_roll"":0.0,""imu_pitch"":-1.4552299976348877,""imu_yaw"":5.767082214355469,""frame_roll"":0.0,""frame_pitch"":-1.4552299976348877,""frame_yaw"":5.767082214355469,""pitch_speed"":0.0,""yaw_speed"":0.0}",12.9108993
27068594470900,fov,3390,"{""zoom"":12.339999198913574,""hfov"":7.293355464935303,""vfov"":4.106302738189697,""state"":0,""max_aov_h"":90.0,""max_aov_v"":58.71550750732422,""min_aov_h"":1.40625,""min_aov_v"":0.7910428047180176,""max_zoom"":64.0}",12.9110968
27068601139200,gimbal,3391,"{""imu_roll"":0.0,""imu_pitch"":-1.5029491186141968,""imu_yaw"":5.802341938018799,""frame_roll"":0.0,""frame_pitch"":-1.5029491186141968,""frame_yaw"":5.802341938018799,""pitch_speed"":0.0,""yaw_speed"":0.0}",12.9177651
27068601406300,fov,3391,"{""zoom"":12.339999198913574,""hfov"":7.293355464935303,""vfov"":4.106302738189697,""state"":0,""max_aov_h"":90.0,""max_aov_v"":58.71550750732422,""min_aov_h"":1.40625,""min_aov_v"":0.7910428047180176,""max_zoom"":64.0}",12.9180322
27068611639500,gimbal,3392,"{""imu_roll"":0.0,""imu_pitch"":-1.5467331409454346,""imu_yaw"":5.8260955810546875,""frame_roll"":0.0,""frame_pitch"":-1.5467331409454346,""frame_yaw"":5.8260955810546875,""pitch_speed"":0.0,""yaw_speed"":0.0}",12.9282654
27068612524600,fov,3392,"{""zoom"":12.339999198913574,""hfov"":7.293355464935303,""vfov"":4.106302738189697,""state"":0,""max_aov_h"":90.0,""max_aov_v"":58.71550750732422,""min_aov_h"":1.40625,""min_aov_v"":0.7910428047180176,""max_zoom"":64.0}",12.9291505
27068612961800,range,1257,"{""message_type"":""GLOBAL_VISION_POSITION_ESTIMATE"",""x"":46.948917388916016,""y"":39.347774505615234}",12.9295877
27068631718500,target_offset,774,"{""x_angle_offset"":0.4102512449026108,""y_angle_offset"":-0.5018814457787407}",12.9483444
27068637274700,gimbal,3393,"{""imu_roll"":0.0,""imu_pitch"":-1.613537311553955,""imu_yaw"":5.852222442626953,""frame_roll"":0.0,""frame_pitch"":-1.613537311553955,""frame_yaw"":5.852222442626953,""pitch_speed"":0.0,""yaw_speed"":0.0}",12.9539006
27068637514600,fov,3393,"{""zoom"":12.339999198913574,""hfov"":7.293355464935303,""vfov"":4.106302738189697,""state"":0,""max_aov_h"":90.0,""max_aov_v"":58.71550750732422,""min_aov_h"":1.40625,""min_aov_v"":0.7910428047180176,""max_zoom"":64.0}",12.9541405
27068638776600,range,1258,"{""message_type"":""GLOBAL_VISION_POSITION_ESTIMATE"",""x"":46.948917388916016,""y"":39.347774505615234}",12.9554025
27068638999500,attitude,1351,"{""message_type"":""ATTITUDE"",""time_boot_ms"":129610,""roll"":0.28438183665275574,""pitch"":-0.5319739580154419,""yaw"":-2.8555097579956055,""rollspeed"":0.1798505336046219,""pitchspeed"":0.020398220047354698,""yawspeed"":0.06967081874608994}",12.9556254
27068639228200,vfr,675,"{""message_type"":""VFR_HUD"",""airspeed"":46.18068313598633,""alt"":83.44999694824219}",12.9558541
27068639307300,position,675,"{""message_type"":""GLOBAL_POSITION_INT"",""lat"":469492106,""lon"":393479685}",12.9559332
27068644298000,gimbal,3394,"{""imu_roll"":0.0,""imu_pitch"":-1.662405014038086,""imu_yaw"":5.888225078582764,""frame_roll"":0.0,""frame_pitch"":-1.662405014038086,""frame_yaw"":5.888225078582764,""pitch_speed"":0.0,""yaw_speed"":0.0}",12.9609239
27068645363600,fov,3394,"{""zoom"":12.339999198913574,""hfov"":7.293355464935303,""vfov"":4.106302738189697,""state"":0,""max_aov_h"":90.0,""max_aov_v"":58.71550750732422,""min_aov_h"":1.40625,""min_aov_v"":0.7910428047180176,""max_zoom"":64.0}",12.9619895
27068665042000,target_offset,775,"{""x_angle_offset"":0.44823747128248215,""y_angle_offset"":-0.479068652788798}",12.9816679
27068670813400,gimbal,3395,"{""imu_roll"":0.0,""imu_pitch"":-1.7449504137039185,""imu_yaw"":5.927206993103027,""frame_roll"":0.0,""frame_pitch"":-1.7449504137039185,""frame_yaw"":5.927206993103027,""pitch_speed"":0.0,""yaw_speed"":0.0}",12.9874393
27068671054800,fov,3395,"{""zoom"":12.339999198913574,""hfov"":7.293355464935303,""vfov"":4.106302738189697,""state"":0,""max_aov_h"":90.0,""max_aov_v"":58.71550750732422,""min_aov_h"":1.40625,""min_aov_v"":0.7910428047180176,""max_zoom"":64.0}",12.9876807
27068678380600,gimbal,3396,"{""imu_roll"":0.0,""imu_pitch"":-1.7894742488861084,""imu_yaw"":5.965961456298828,""frame_roll"":0.0,""frame_pitch"":-1.7894742488861084,""frame_yaw"":5.965961456298828,""pitch_speed"":0.0,""yaw_speed"":0.0}",12.9950065
27068678877300,fov,3396,"{""zoom"":12.339999198913574,""hfov"":7.293355464935303,""vfov"":4.106302738189697,""state"":0,""max_aov_h"":90.0,""max_aov_v"":58.71550750732422,""min_aov_h"":1.40625,""min_aov_v"":0.7910428047180176,""max_zoom"":64.0}",12.9955032
27068690099600,gimbal,3397,"{""imu_roll"":0.0,""imu_pitch"":-1.8333526849746704,""imu_yaw"":5.995691776275635,""frame_roll"":0.0,""frame_pitch"":-1.8333526849746704,""frame_yaw"":5.995691776275635,""pitch_speed"":0.0,""yaw_speed"":0.0}",13.0067255
27068690832900,fov,3397,"{""zoom"":12.339999198913574,""hfov"":7.293355464935303,""vfov"":4.106302738189697,""state"":0,""max_aov_h"":90.0,""max_aov_v"":58.71550750732422,""min_aov_h"":1.40625,""min_aov_v"":0.7910428047180176,""max_zoom"":64.0}",13.0074588
27068701608700,attitude,1352,"{""message_type"":""ATTITUDE"",""time_boot_ms"":129670,""roll"":0.29462501406669617,""pitch"":-0.5335258841514587,""yaw"":-2.851076126098633,""rollspeed"":0.19011572003364563,""pitchspeed"":0.028323905542492867,""yawspeed"":0.07474412769079208}",13.0182346
27068709710700,target_offset,776,"{""x_angle_offset"":0.44823747128248215,""y_angle_offset"":-0.5018814457787407}",13.0263366
27068715846800,gimbal,3398,"{""imu_roll"":0.0,""imu_pitch"":-1.8962751626968384,""imu_yaw"":6.015382289886475,""frame_roll"":0.0,""frame_pitch"":-1.8962751626968384,""frame_yaw"":6.015382289886475,""pitch_speed"":0.0,""yaw_speed"":0.0}",13.0324727
27068716136400,fov,3398,"{""zoom"":12.339999198913574,""hfov"":7.293355464935303,""vfov"":4.106302738189697,""state"":0,""max_aov_h"":90.0,""max_aov_v"":58.71550750732422,""min_aov_h"":1.40625,""min_aov_v"":0.7910428047180176,""max_zoom"":64.0}",13.0327623
27068724618500,gimbal,3399,"{""imu_roll"":0.0,""imu_pitch"":-1.9533156156539917,""imu_yaw"":6.061873912811279,""frame_roll"":0.0,""frame_pitch"":-1.9533156156539917,""frame_yaw"":6.061873912811279,""pitch_speed"":0.0,""yaw_speed"":0.0}",13.0412444
27068724992100,fov,3399,"{""zoom"":12.339999198913574,""hfov"":7.293355464935303,""vfov"":4.106302738189697,""state"":0,""max_aov_h"":90.0,""max_aov_v"":58.71550750732422,""min_aov_h"":1.40625,""min_aov_v"":0.7910428047180176,""max_zoom"":64.0}",13.041618
27068741017000,vfr,676,"{""message_type"":""VFR_HUD"",""airspeed"":46.416717529296875,""alt"":80.79000091552734}",13.0576429
27068741365100,position,676,"{""message_type"":""GLOBAL_POSITION_INT"",""lat"":469492106,""lon"":393479685}",13.057991
27068741594300,attitude,1353,"{""message_type"":""ATTITUDE"",""time_boot_ms"":129710,""roll"":0.301662802696228,""pitch"":-0.5342751741409302,""yaw"":-2.847825050354004,""rollspeed"":0.19731642305850983,""pitchspeed"":0.0365474708378315,""yawspeed"":0.07829219847917557}",13.0582202
27068743796600,gimbal,3400,"{""imu_roll"":0.0,""imu_pitch"":-2.02099347114563,""imu_yaw"":6.0963263511657715,""frame_roll"":0.0,""frame_pitch"":-2.02099347114563,""frame_yaw"":6.0963263511657715,""pitch_speed"":0.0,""yaw_speed"":0.0}",13.0604225
27068744521200,target_offset,777,"{""x_angle_offset"":0.44823747128248215,""y_angle_offset"":-0.46386012412883615}",13.0611471
27068749455700,fov,3400,"{""zoom"":12.339999198913574,""hfov"":7.293355464935303,""vfov"":4.106302738189697,""state"":0,""max_aov_h"":90.0,""max_aov_v"":58.71550750732422,""min_aov_h"":1.40625,""min_aov_v"":0.7910428047180176,""max_zoom"":64.0}",13.0660816
27068754362100,gimbal,3401,"{""imu_roll"":0.0,""imu_pitch"":-2.0671002864837646,""imu_yaw"":6.136897563934326,""frame_roll"":0.0,""frame_pitch"":-2.0671002864837646,""frame_yaw"":6.136897563934326,""pitch_speed"":0.0,""yaw_speed"":0.0}",13.070988
27068754771700,fov,3401,"{""zoom"":12.339999198913574,""hfov"":7.293355464935303,""vfov"":4.106302738189697,""state"":0,""max_aov_h"":90.0,""max_aov_v"":58.71550750732422,""min_aov_h"":1.40625,""min_aov_v"":0.7910428047180176,""max_zoom"":64.0}",13.0713976
27068767214200,gimbal,3402,"{""imu_roll"":0.0,""imu_pitch"":-2.1107447147369385,""imu_yaw"":6.1658782958984375,""frame_roll"":0.0,""frame_pitch"":-2.1107447147369385,""frame_yaw"":6.1658782958984375,""pitch_speed"":0.0,""yaw_speed"":0.0}",13.0838401
27068768261200,fov,3402,"{""zoom"":12.339999198913574,""hfov"":7.293355464935303,""vfov"":4.106302738189697,""state"":0,""max_aov_h"":90.0,""max_aov_v"":58.71550750732422,""min_aov_h"":1.40625,""min_aov_v"":0.7910428047180176,""max_zoom"":64.0}",13.0848871
27068768613700,range,1259,"{""message_type"":""GLOBAL_VISION_POSITION_ESTIMATE"",""x"":46.9488410949707,""y"":39.347721099853516}",13.0852396
27068779499200,range,1260,"{""message_type"":""GLOBAL_VISION_POSITION_ESTIMATE"",""x"":46.9488410949707,""y"":39.347721099853516}",13.0961251
27068786784900,target_offset,778,"{""x_angle_offset"":0.4406402260065079,""y_angle_offset"":-0.47146438845881705}",13.1034108
27068791696800,gimbal,3403,"{""imu_roll"":0.0,""imu_pitch"":-2.1695775985717773,""imu_yaw"":6.177943706512451,""frame_roll"":0.0,""frame_pitch"":-2.1695775985717773,""frame_yaw"":6.177943706512451,""pitch_speed"":0.0,""yaw_speed"":0.0}",13.1083227
27068792011700,fov,3403,"{""zoom"":12.339999198913574,""hfov"":7.293355464935303,""vfov"":4.106302738189697,""state"":0,""max_aov_h"":90.0,""max_aov_v"":58.71550750732422,""min_aov_h"":1.40625,""min_aov_v"":0.7910428047180176,""max_zoom"":64.0}",13.1086376
27068796933200,gimbal,3404,"{""imu_roll"":0.0,""imu_pitch"":-2.2129783630371094,""imu_yaw"":6.21398401260376,""frame_roll"":0.0,""frame_pitch"":-2.2129783630371094,""frame_yaw"":6.21398401260376,""pitch_speed"":0.0,""yaw_speed"":0.0}",13.1135591
27068797561700,fov,3404,"{""zoom"":12.339999198913574,""hfov"":7.293355464935303,""vfov"":4.106302738189697,""state"":0,""max_aov_h"":90.0,""max_aov_v"":58.71550750732422,""min_aov_h"":1.40625,""min_aov_v"":0.7910428047180176,""max_zoom"":64.0}",13.1141876
27068798374700,attitude,1354,"{""message_type"":""ATTITUDE"",""time_boot_ms"":129770,""roll"":0.31250280141830444,""pitch"":-0.5347779393196106,""yaw"":-2.8423895835876465,""rollspeed"":0.2091434746980667,""pitchspeed"":0.05304604023694992,""yawspeed"":0.08367311209440231}",13.1150006
27068810007600,gimbal,3405,"{""imu_roll"":0.0,""imu_pitch"":-2.261472702026367,""imu_yaw"":6.240793704986572,""frame_roll"":0.0,""frame_pitch"":-2.261472702026367,""frame_yaw"":6.240793704986572,""pitch_speed"":0.0,""yaw_speed"":0.0}",13.1266335
27068810307200,fov,3405,"{""zoom"":12.339999198913574,""hfov"":7.293355464935303,""vfov"":4.106302738189697,""state"":0,""max_aov_h"":90.0,""max_aov_v"":58.71550750732422,""min_aov_h"":1.40625,""min_aov_v"":0.7910428047180176,""max_zoom"":64.0}",13.1269331
27068829139000,target_offset,779,"{""x_angle_offset"":0.44823747128248215,""y_angle_offset"":-0.5018814457787407}",13.1457649
27068834623600,gimbal,3406,"{""imu_roll"":0.0,""imu_pitch"":-2.320223331451416,""imu_yaw"":6.250569820404053,""frame_roll"":0.0,""frame_pitch"":-2.320223331451416,""frame_yaw"":6.250569820404053,""pitch_speed"":0.0,""yaw_speed"":0.0}",13.1512495
27068834867800,fov,3406,"{""zoom"":12.339999198913574,""hfov"":7.293355464935303,""vfov"":4.106302738189697,""state"":0,""max_aov_h"":90.0,""max_aov_v"":58.71550750732422,""min_aov_h"":1.40625,""min_aov_v"":0.7910428047180176,""max_zoom"":64.0}",13.1514937
27068836419900,attitude,1355,"{""message_type"":""ATTITUDE"",""time_boot_ms"":129810,""roll"":0.3198939263820648,""pitch"":-0.5346171855926514,""yaw"":-2.838355779647827,""rollspeed"":0.21609242260456085,""pitchspeed"":0.0658789575099945,""yawspeed"":0.08739390224218369}",13.1530458
27068836736100,vfr,677,"{""message_type"":""VFR_HUD"",""airspeed"":46.65614700317383,""alt"":78.0999984741211}",13.153362
27068836838400,position,677,"{""message_type"":""GLOBAL_POSITION_INT"",""lat"":469491343,""lon"":393479264}",13.1534643
27068841042600,gimbal,3407,"{""imu_roll"":0.0,""imu_pitch"":-2.371281385421753,""imu_yaw"":6.291433334350586,""frame_roll"":0.0,""frame_pitch"":-2.371281385421753,""frame_yaw"":6.291433334350586,""pitch_speed"":0.0,""yaw_speed"":0.0}",13.1576685
27068841352900,fov,3407,"{""zoom"":12.339999198913574,""hfov"":7.293355464935303,""vfov"":4.106302738189697,""state"":0,""max_aov_h"":90.0,""max_aov_v"":58.71550750732422,""min_aov_h"":1.40625,""min_aov_v"":0.7910428047180176,""max_zoom"":64.0}",13.1579788
27068861113200,target_offset,780,"{""x_angle_offset"":0.47862645238637924,""y_angle_offset"":-0.5246942387686835}",13.1777391
27068866323900,gimbal,3408,"{""imu_roll"":0.0,""imu_pitch"":-2.4444830417633057,""imu_yaw"":6.314533233642578,""frame_roll"":0.0,""frame_pitch"":-2.4444830417633057,""frame_yaw"":6.314533233642578,""pitch_speed"":0.0,""yaw_speed"":0.0}",13.1829498
27068866563800,fov,3408,"{""zoom"":12.339999198913574,""hfov"":7.293355464935303,""vfov"":4.106302738189697,""state"":0,""max_aov_h"":90.0,""max_aov_v"":58.71550750732422,""min_aov_h"":1.40625,""min_aov_v"":0.7910428047180176,""max_zoom"":64.0}",13.1831897
27068873341500,gimbal,3409,"{""imu_roll"":0.0,""imu_pitch"":-2.497337579727173,""imu_yaw"":6.355947017669678,""frame_roll"":0.0,""frame_pitch"":-2.497337579727173,""frame_yaw"":6.355947017669678,""pitch_speed"":0.0,""yaw_speed"":0.0}",13.1899674
27068873598600,fov,3409,"{""zoom"":12.339999198913574,""hfov"":7.293355464935303,""vfov"":4.106302738189697,""state"":0,""max_aov_h"":90.0,""max_aov_v"":58.71550750732422,""min_aov_h"":1.40625,""min_aov_v"":0.7910428047180176,""max_zoom"":64.0}",13.1902245
27068884338400,gimbal,3410,"{""imu_roll"":0.0,""imu_pitch"":-2.5420989990234375,""imu_yaw"":6.379688739776611,""frame_roll"":0.0,""frame_pitch"":-2.5420989990234375,""frame_yaw"":6.379688739776611,""pitch_speed"":0.0,""yaw_speed"":0.0}",13.2009643
27068884596000,fov,3410,"{""zoom"":12.339999198913574,""hfov"":7.293355464935303,""vfov"":4.106302738189697,""state"":0,""max_aov_h"":90.0,""max_aov_v"":58.71550750732422,""min_aov_h"":1.40625,""min_aov_v"":0.7910428047180176,""max_zoom"":64.0}",13.2012219
27068885760200,attitude,1356,"{""message_type"":""ATTITUDE"",""time_boot_ms"":129870,""roll"":0.33227649331092834,""pitch"":-0.5321998596191406,""yaw"":-2.83209490776062,""rollspeed"":0.22786973416805267,""pitchspeed"":0.08585304021835327,""yawspeed"":0.09291234612464905}",13.2023861
27068902401100,target_offset,781,"{""x_angle_offset"":0.4862236976623535,""y_angle_offset"":-0.5246942387686835}",13.219027
27068907580600,gimbal,3411,"{""imu_roll"":0.0,""imu_pitch"":-2.6124138832092285,""imu_yaw"":6.40879487991333,""frame_roll"":0.0,""frame_pitch"":-2.6124138832092285,""frame_yaw"":6.40879487991333,""pitch_speed"":0.0,""yaw_speed"":0.0}",13.2242065
27068907808200,fov,3411,"{""zoom"":12.339999198913574,""hfov"":7.293355464935303,""vfov"":4.106302738189697,""state"":0,""max_aov_h"":90.0,""max_aov_v"":58.71550750732422,""min_aov_h"":1.40625,""min_aov_v"":0.7910428047180176,""max_zoom"":64.0}",13.2244341
27068917164000,gimbal,3412,"{""imu_roll"":0.0,""imu_pitch"":-2.662858724594116,""imu_yaw"":6.45074462890625,""frame_roll"":0.0,""frame_pitch"":-2.662858724594116,""frame_yaw"":6.45074462890625,""pitch_speed"":0.0,""yaw_speed"":0.0}",13.2337899
27068917714800,fov,3412,"{""zoom"":12.339999198913574,""hfov"":7.293355464935303,""vfov"":4.106302738189697,""state"":0,""max_aov_h"":90.0,""max_aov_v"":58.71550750732422,""min_aov_h"":1.40625,""min_aov_v"":0.7910428047180176,""max_zoom"":64.0}",13.2343407
27068922794200,range,1261,"{""message_type"":""GLOBAL_VISION_POSITION_ESTIMATE"",""x"":46.94877243041992,""y"":39.34767150878906}",13.2394201
27068929172100,gimbal,3413,"{""imu_roll"":0.0,""imu_pitch"":-2.7112069129943848,""imu_yaw"":6.475973606109619,""frame_roll"":0.0,""frame_pitch"":-2.7112069129943848,""frame_yaw"":6.475973606109619,""pitch_speed"":0.0,""yaw_speed"":0.0}",13.245798
27068929578400,fov,3413,"{""zoom"":12.339999198913574,""hfov"":7.293355464935303,""vfov"":4.106302738189697,""state"":0,""max_aov_h"":90.0,""max_aov_v"":58.71550750732422,""min_aov_h"":1.40625,""min_aov_v"":0.7910428047180176,""max_zoom"":64.0}",13.2462043
27068937585200,range,1262,"{""message_type"":""GLOBAL_VISION_POSITION_ESTIMATE"",""x"":46.94877243041992,""y"":39.34767150878906}",13.2542111
27068937754400,position,678,"{""message_type"":""GLOBAL_POSITION_INT"",""lat"":469491343,""lon"":393479264}",13.2543803
27068937954800,attitude,1357,"{""message_type"":""ATTITUDE"",""time_boot_ms"":129910,""roll"":0.3406703472137451,""pitch"":-0.53009033203125,""yaw"":-2.827461004257202,""rollspeed"":0.23501195013523102,""pitchspeed"":0.09814894199371338,""yawspeed"":0.0964418277144432}",13.2545807
27068938643400,vfr,678,"{""message_type"":""VFR_HUD"",""airspeed"":46.89754104614258,""alt"":75.4000015258789}",13.2552693
27068947523800,target_offset,782,"{""x_angle_offset"":0.5697933956980705,""y_angle_offset"":-0.5246942387686835}",13.2641497
27068953309800,gimbal,3414,"{""imu_roll"":0.0,""imu_pitch"":-2.77708101272583,""imu_yaw"":6.470357418060303,""frame_roll"":0.0,""frame_pitch"":-2.77708101272583,""frame_yaw"":6.470357418060303,""pitch_speed"":0.0,""yaw_speed"":0.0}",13.2699357
27068953512800,fov,3414,"{""zoom"":12.339999198913574,""hfov"":7.293355464935303,""vfov"":4.106302738189697,""state"":0,""max_aov_h"":90.0,""max_aov_v"":58.71550750732422,""min_aov_h"":1.40625,""min_aov_v"":0.7910428047180176,""max_zoom"":64.0}",13.2701387
27068960420300,gimbal,3415,"{""imu_roll"":0.0,""imu_pitch"":-2.829399585723877,""imu_yaw"":6.520327091217041,""frame_roll"":0.0,""frame_pitch"":-2.829399585723877,""frame_yaw"":6.520327091217041,""pitch_speed"":0.0,""yaw_speed"":0.0}",13.2770462
27068960811500,fov,3415,"{""zoom"":12.339999198913574,""hfov"":7.293355464935303,""vfov"":4.106302738189697,""state"":0,""max_aov_h"":90.0,""max_aov_v"":58.71550750732422,""min_aov_h"":1.40625,""min_aov_v"":0.7910428047180176,""max_zoom"":64.0}",13.2774374
27068972914300,gimbal,3416,"{""imu_roll"":0.0,""imu_pitch"":-2.8788399696350098,""imu_yaw"":6.5541090965271,""frame_roll"":0.0,""frame_pitch"":-2.8788399696350098,""frame_yaw"":6.5541090965271,""pitch_speed"":0.0,""yaw_speed"":0.0}",13.2895402
27068973737400,fov,3416,"{""zoom"":12.339999198913574,""hfov"":7.293355464935303,""vfov"":4.106302738189697,""state"":0,""max_aov_h"":90.0,""max_aov_v"":58.71550750732422,""min_aov_h"":1.40625,""min_aov_v"":0.7910428047180176,""max_zoom"":64.0}",13.2903633
27068988166000,attitude,1358,"{""message_type"":""ATTITUDE"",""time_boot_ms"":129970,""roll"":0.35350802540779114,""pitch"":-0.5263177156448364,""yaw"":-2.8198771476745605,""rollspeed"":0.24577699601650238,""pitchspeed"":0.11381568014621735,""yawspeed"":0.10147800296545029}",13.3047919
27068991210000,target_offset,783,"{""x_angle_offset"":0.5697933956980705,""y_angle_offset"":-0.46386012412883615}",13.3078359
27068996553100,gimbal,3417,"{""imu_roll"":0.0,""imu_pitch"":-2.947258710861206,""imu_yaw"":6.557408809661865,""frame_roll"":0.0,""frame_pitch"":-2.947258710861206,""frame_yaw"":6.557408809661865,""pitch_speed"":0.0,""yaw_speed"":0.0}",13.313179
27068996941300,fov,3417,"{""zoom"":12.339999198913574,""hfov"":7.293355464935303,""vfov"":4.106302738189697,""state"":0,""max_aov_h"":90.0,""max_aov_v"":58.71550750732422,""min_aov_h"":1.40625,""min_aov_v"":0.7910428047180176,""max_zoom"":64.0}",13.3135672
27069004198900,gimbal,3418,"{""imu_roll"":0.0,""imu_pitch"":-2.994368076324463,""imu_yaw"":6.611130237579346,""frame_roll"":0.0,""frame_pitch"":-2.994368076324463,""frame_yaw"":6.611130237579346,""pitch_speed"":0.0,""yaw_speed"":0.0}",13.3208248
27069004559700,fov,3418,"{""zoom"":12.339999198913574,""hfov"":7.293355464935303,""vfov"":4.106302738189697,""state"":0,""max_aov_h"":90.0,""max_aov_v"":58.71550750732422,""min_aov_h"":1.40625,""min_aov_v"":0.7910428047180176,""max_zoom"":64.0}",13.3211856
27069023003400,target_offset,784,"{""x_angle_offset"":0.6609603390097618,""y_angle_offset"":-0.4334430668089125}",13.3396293
27069027692100,gimbal,3419,"{""imu_roll"":0.0,""imu_pitch"":-3.063326835632324,""imu_yaw"":6.666677951812744,""frame_roll"":0.0,""frame_pitch"":-3.063326835632324,""frame_yaw"":6.666677951812744,""pitch_speed"":0.0,""yaw_speed"":0.0}",13.344318
27069027918600,fov,3419,"{""zoom"":12.339999198913574,""hfov"":7.293355464935303,""vfov"":4.106302738189697,""state"":0,""max_aov_h"":90.0,""max_aov_v"":58.71550750732422,""min_aov_h"":1.40625,""min_aov_v"":0.7910428047180176,""max_zoom"":64.0}",13.3445445
27069035648900,gimbal,3420,"{""imu_roll"":0.0,""imu_pitch"":-3.1051576137542725,""imu_yaw"":6.722991943359375,""frame_roll"":0.0,""frame_pitch"":-3.1051576137542725,""frame_yaw"":6.722991943359375,""pitch_speed"":0.0,""yaw_speed"":0.0}",13.3522748
27069036073600,fov,3420,"{""zoom"":12.339999198913574,""hfov"":7.293355464935303,""vfov"":4.106302738189697,""state"":0,""max_aov_h"":90.0,""max_aov_v"":58.71550750732422,""min_aov_h"":1.40625,""min_aov_v"":0.7910428047180176,""max_zoom"":64.0}",13.3526995
27069036380400,vfr,679,"{""message_type"":""VFR_HUD"",""airspeed"":47.1213493347168,""alt"":72.70999908447266}",13.3530063
27069036507500,position,679,"{""message_type"":""GLOBAL_POSITION_INT"",""lat"":469491343,""lon"":393479264}",13.3531334
27069036600800,attitude,1359,"{""message_type"":""ATTITUDE"",""time_boot_ms"":130010,""roll"":0.36222222447395325,""pitch"":-0.5234549045562744,""yaw"":-2.814426898956299,""rollspeed"":0.25254660844802856,""pitchspeed"":0.12317762523889542,""yawspeed"":0.10453584045171738}",13.3532267
27069048800700,gimbal,3421,"{""imu_roll"":0.0,""imu_pitch"":-3.147718667984009,""imu_yaw"":6.76151180267334,""frame_roll"":0.0,""frame_pitch"":-3.147718667984009,""frame_yaw"":6.76151180267334,""pitch_speed"":0.0,""yaw_speed"":0.0}",13.3654266
27069049235100,fov,3421,"{""zoom"":12.339999198913574,""hfov"":7.293355464935303,""vfov"":4.106302738189697,""state"":0,""max_aov_h"":90.0,""max_aov_v"":58.71550750732422,""min_aov_h"":1.40625,""min_aov_v"":0.7910428047180176,""max_zoom"":64.0}",13.365861
27069066049200,target_offset,785,"{""x_angle_offset"":0.6913493201136589,""y_angle_offset"":-0.4106302738189697}",13.3826751
27069071142500,gimbal,3422,"{""imu_roll"":0.0,""imu_pitch"":-3.199118137359619,""imu_yaw"":6.772655487060547,""frame_roll"":0.0,""frame_pitch"":-3.199118137359619,""frame_yaw"":6.772655487060547,""pitch_speed"":0.0,""yaw_speed"":0.0}",13.3877684
27069071392700,fov,3422,"{""zoom"":12.339999198913574,""hfov"":7.293355464935303,""vfov"":4.106302738189697,""state"":0,""max_aov_h"":90.0,""max_aov_v"":58.71550750732422,""min_aov_h"":1.40625,""min_aov_v"":0.7910428047180176,""max_zoom"":64.0}",13.3880186
27069078350700,range,1263,"{""message_type"":""GLOBAL_VISION_POSITION_ESTIMATE"",""x"":46.94877624511719,""y"":39.347652435302734}",13.3949766
27069079292100,gimbal,3423,"{""imu_roll"":0.0,""imu_pitch"":-3.2403740882873535,""imu_yaw"":6.837177276611328,""frame_roll"":0.0,""frame_pitch"":-3.2403740882873535,""frame_yaw"":6.837177276611328,""pitch_speed"":0.0,""yaw_speed"":0.0}",13.395918
27069079638200,fov,3423,"{""zoom"":12.339999198913574,""hfov"":7.293355464935303,""vfov"":4.106302738189697,""state"":0,""max_aov_h"":90.0,""max_aov_v"":58.71550750732422,""min_aov_h"":1.40625,""min_aov_v"":0.7910428047180176,""max_zoom"":64.0}",13.3962641
27069090951000,gimbal,3424,"{""imu_roll"":0.0,""imu_pitch"":-3.276486396789551,""imu_yaw"":6.881635665893555,""frame_roll"":0.0,""frame_pitch"":-3.276486396789551,""frame_yaw"":6.881635665893555,""pitch_speed"":0.0,""yaw_speed"":0.0}",13.4075769
27069091161900,range,1264,"{""message_type"":""GLOBAL_VISION_POSITION_ESTIMATE"",""x"":46.94877624511719,""y"":39.347652435302734}",13.4077878
27069091297600,attitude,1360,"{""message_type"":""ATTITUDE"",""time_boot_ms"":130070,""roll"":0.37517958879470825,""pitch"":-0.5190145969390869,""yaw"":-2.80551815032959,""rollspeed"":0.26365670561790466,""pitchspeed"":0.13374708592891693,""yawspeed"":0.1087413802742958}",13.4079235
27069092249600,fov,3424,"{""zoom"":12.339999198913574,""hfov"":7.293355464935303,""vfov"":4.106302738189697,""state"":0,""max_aov_h"":90.0,""max_aov_v"":58.71550750732422,""min_aov_h"":1.40625,""min_aov_v"":0.7910428047180176,""max_zoom"":64.0}",13.4088755
27069114409500,gimbal,3425,"{""imu_roll"":0.0,""imu_pitch"":-3.330047845840454,""imu_yaw"":6.90129280090332,""frame_roll"":0.0,""frame_pitch"":-3.330047845840454,""frame_yaw"":6.90129280090332,""pitch_speed"":0.0,""yaw_speed"":0.0}",13.4310354
27069114847800,fov,3425,"{""zoom"":12.339999198913574,""hfov"":7.293355464935303,""vfov"":4.106302738189697,""state"":0,""max_aov_h"":90.0,""max_aov_v"":58.71550750732422,""min_aov_h"":1.40625,""min_aov_v"":0.7910428047180176,""max_zoom"":64.0}",13.4314737
27069122885400,gimbal,3426,"{""imu_roll"":0.0,""imu_pitch"":-3.3538877964019775,""imu_yaw"":6.910041809082031,""frame_roll"":0.0,""frame_pitch"":-3.3538877964019775,""frame_yaw"":6.910041809082031,""pitch_speed"":0.0,""yaw_speed"":0.0}",13.4395113
27069123169400,fov,3426,"{""zoom"":12.339999198913574,""hfov"":7.293355464935303,""vfov"":4.106302738189697,""state"":0,""max_aov_h"":90.0,""max_aov_v"":58.71550750732422,""min_aov_h"":1.40625,""min_aov_v"":0.7910428047180176,""max_zoom"":64.0}",13.4397953
27069138802800,attitude,1361,"{""message_type"":""ATTITUDE"",""time_boot_ms"":130110,""roll"":0.38394010066986084,""pitch"":-0.5158851742744446,""yaw"":-2.7991995811462402,""rollspeed"":0.27080896496772766,""pitchspeed"":0.14149031043052673,""yawspeed"":0.11092231422662735}",13.4554287
27069139101000,vfr,680,"{""message_type"":""VFR_HUD"",""airspeed"":47.351192474365234,""alt"":70.01000213623047}",13.4557269
27069139220200,position,680,"{""message_type"":""GLOBAL_POSITION_INT"",""lat"":469490559,""lon"":393478766}",13.4558461
27069143212700,target_offset,786,"{""x_angle_offset"":0.8812804520130157,""y_angle_offset"":-0.39542174515900785}",13.4598386
27069148402000,gimbal,3427,"{""imu_roll"":0.0,""imu_pitch"":-3.3922252655029297,""imu_yaw"":6.876124382019043,""frame_roll"":0.0,""frame_pitch"":-3.3922252655029297,""frame_yaw"":6.876124382019043,""pitch_speed"":0.0,""yaw_speed"":0.0}",13.4650279
27069148724500,fov,3427,"{""zoom"":12.339999198913574,""hfov"":7.293355464935303,""vfov"":4.106302738189697,""state"":0,""max_aov_h"":90.0,""max_aov_v"":58.71550750732422,""min_aov_h"":1.40625,""min_aov_v"":0.7910428047180176,""max_zoom"":64.0}",13.4653504
27069156011000,gimbal,3428,"{""imu_roll"":0.0,""imu_pitch"":-3.4316539764404297,""imu_yaw"":6.964890003204346,""frame_roll"":0.0,""frame_pitch"":-3.4316539764404297,""frame_yaw"":6.964890003204346,""pitch_speed"":0.0,""yaw_speed"":0.0}",13.4726369
27069156371300,fov,3428,"{""zoom"":12.339999198913574,""hfov"":7.293355464935303,""vfov"":4.106302738189697,""state"":0,""max_aov_h"":90.0,""max_aov_v"":58.71550750732422,""min_aov_h"":1.40625,""min_aov_v"":0.7910428047180176,""max_zoom"":64.0}",13.4729972
27069167748400,gimbal,3429,"{""imu_roll"":0.0,""imu_pitch"":-3.4697577953338623,""imu_yaw"":7.030925273895264,""frame_roll"":0.0,""frame_pitch"":-3.4697577953338623,""frame_yaw"":7.030925273895264,""pitch_speed"":0.0,""yaw_speed"":0.0}",13.4843743
27069168129000,fov,3429,"{""zoom"":12.339999198913574,""hfov"":7.293355464935303,""vfov"":4.106302738189697,""state"":0,""max_aov_h"":90.0,""max_aov_v"":58.71550750732422,""min_aov_h"":1.40625,""min_aov_v"":0.7910428047180176,""max_zoom"":64.0}",13.4847549
27069187221600,target_offset,787,"{""x_angle_offset"":0.9040721878409386,""y_angle_offset"":-0.4106302738189697}",13.5038475
27069192055900,attitude,1362,"{""message_type"":""ATTITUDE"",""time_boot_ms"":130170,""roll"":0.39740294218063354,""pitch"":-0.5107539892196655,""yaw"":-2.7892720699310303,""rollspeed"":0.28082647919654846,""pitchspeed"":0.15384630858898163,""yawspeed"":0.1133694127202034}",13.5086818
27069193219400,gimbal,3430,"{""imu_roll"":0.0,""imu_pitch"":-3.520547866821289,""imu_yaw"":7.073207378387451,""frame_roll"":0.0,""frame_pitch"":-3.520547866821289,""frame_yaw"":7.073207378387451,""pitch_speed"":0.0,""yaw_speed"":0.0}",13.5098453
27069193457500,fov,3430,"{""zoom"":12.339999198913574,""hfov"":7.293355464935303,""vfov"":4.106302738189697,""state"":0,""max_aov_h"":90.0,""max_aov_v"":58.71550750732422,""min_aov_h"":1.40625,""min_aov_v"":0.7910428047180176,""max_zoom"":64.0}",13.5100834
27069199170500,gimbal,3431,"{""imu_roll"":0.0,""imu_pitch"":-3.5625803470611572,""imu_yaw"":7.157796859741211,""frame_roll"":0.0,""frame_pitch"":-3.5625803470611572,""frame_yaw"":7.157796859741211,""pitch_speed"":0.0,""yaw_speed"":0.0}",13.5157964
27069199664600,fov,3431,"{""zoom"":12.339999198913574,""hfov"":7.293355464935303,""vfov"":4.106302738189697,""state"":0,""max_aov_h"":90.0,""max_aov_v"":58.71550750732422,""min_aov_h"":1.40625,""min_aov_v"":0.7910428047180176,""max_zoom"":64.0}",13.5162905
27069212148200,gimbal,3432,"{""imu_roll"":0.0,""imu_pitch"":-3.601346492767334,""imu_yaw"":7.218543529510498,""frame_roll"":0.0,""frame_pitch"":-3.601346492767334,""frame_yaw"":7.218543529510498,""pitch_speed"":0.0,""yaw_speed"":0.0}",13.5287741
27069212505900,fov,3432,"{""zoom"":12.339999198913574,""hfov"":7.293355464935303,""vfov"":4.106302738189697,""state"":0,""max_aov_h"":90.0,""max_aov_v"":58.71550750732422,""min_aov_h"":1.40625,""min_aov_v"":0.7910428047180176,""max_zoom"":64.0}",13.5291318
27069226497000,vfr,681,"{""message_type"":""VFR_HUD"",""airspeed"":47.566463470458984,""alt"":67.33000183105469}",13.5431229
27069226725200,position,681,"{""message_type"":""GLOBAL_POSITION_INT"",""lat"":469490559,""lon"":393478766}",13.5433511
27069227393900,attitude,1363,"{""message_type"":""ATTITUDE"",""time_boot_ms"":130210,""roll"":0.40655744075775146,""pitch"":-0.5070596933364868,""yaw"":-2.7823939323425293,""rollspeed"":0.2859359085559845,""pitchspeed"":0.1619163453578949,""yawspeed"":0.11431286484003067}",13.5440198
27069230752200,target_offset,788,"{""x_angle_offset"":1.1775730177760124,""y_angle_offset"":-0.46386012412883615}",13.5473781
27069235499500,range,1265,"{""message_type"":""GLOBAL_VISION_POSITION_ESTIMATE"",""x"":46.94870376586914,""y"":39.34758377075195}",13.5521254
27069235774000,gimbal,3433,"{""imu_roll"":0.0,""imu_pitch"":-3.6547598838806152,""imu_yaw"":7.258134365081787,""frame_roll"":0.0,""frame_pitch"":-3.6547598838806152,""frame_yaw"":7.258134365081787,""pitch_speed"":0.0,""yaw_speed"":0.0}",13.5523999
27069236000200,fov,3433,"{""zoom"":12.339999198913574,""hfov"":7.293355464935303,""vfov"":4.106302738189697,""state"":0,""max_aov_h"":90.0,""max_aov_v"":58.71550750732422,""min_aov_h"":1.40625,""min_aov_v"":0.7910428047180176,""max_zoom"":64.0}",13.5526261
27069243045300,gimbal,3434,"{""imu_roll"":0.0,""imu_pitch"":-3.700218677520752,""imu_yaw"":7.371684551239014,""frame_roll"":0.0,""frame_pitch"":-3.700218677520752,""frame_yaw"":7.371684551239014,""pitch_speed"":0.0,""yaw_speed"":0.0}",13.5596712
27069243411500,fov,3434,"{""zoom"":12.339999198913574,""hfov"":7.293355464935303,""vfov"":4.106302738189697,""state"":0,""max_aov_h"":90.0,""max_aov_v"":58.71550750732422,""min_aov_h"":1.40625,""min_aov_v"":0.7910428047180176,""max_zoom"":64.0}",13.5600374
27069250215500,range,1266,"{""message_type"":""GLOBAL_VISION_POSITION_ESTIMATE"",""x"":46.94870376586914,""y"":39.34758377075195}",13.5668414
27069262988600,target_offset,789,"{""x_angle_offset"":1.329517923295498,""y_angle_offset"":-0.5475070317586263}",13.5796145
27069269393000,gimbal,3435,"{""imu_roll"":0.0,""imu_pitch"":-3.7732951641082764,""imu_yaw"":7.509446620941162,""frame_roll"":0.0,""frame_pitch"":-3.7732951641082764,""frame_yaw"":7.509446620941162,""pitch_speed"":0.0,""yaw_speed"":0.0}",13.5860189
27069270373100,fov,3435,"{""zoom"":12.339999198913574,""hfov"":7.293355464935303,""vfov"":4.106302738189697,""state"":0,""max_aov_h"":90.0,""max_aov_v"":58.71550750732422,""min_aov_h"":1.40625,""min_aov_v"":0.7910428047180176,""max_zoom"":64.0}",13.586999
27069276268800,gimbal,3436,"{""imu_roll"":0.0,""imu_pitch"":-3.8292579650878906,""imu_yaw"":7.63187313079834,""frame_roll"":0.0,""frame_pitch"":-3.8292579650878906,""frame_yaw"":7.63187313079834,""pitch_speed"":0.0,""yaw_speed"":0.0}",13.5928947
27069276739600,fov,3436,"{""zoom"":12.339999198913574,""hfov"":7.293355464935303,""vfov"":4.106302738189697,""state"":0,""max_aov_h"":90.0,""max_aov_v"":58.71550750732422,""min_aov_h"":1.40625,""min_aov_v"":0.7910428047180176,""max_zoom"":64.0}",13.5933655
27069287375900,gimbal,3437,"{""imu_roll"":0.0,""imu_pitch"":-3.879631996154785,""imu_yaw"":7.72817325592041,""frame_roll"":0.0,""frame_pitch"":-3.879631996154785,""frame_yaw"":7.72817325592041,""pitch_speed"":0.0,""yaw_speed"":0.0}",13.6040018
27069287711300,fov,3437,"{""zoom"":12.339999198913574,""hfov"":7.293355464935303,""vfov"":4.106302738189697,""state"":0,""max_aov_h"":90.0,""max_aov_v"":58.71550750732422,""min_aov_h"":1.40625,""min_aov_v"":0.7910428047180176,""max_zoom"":64.0}",13.6043372
27069289548100,attitude,1364,"{""message_type"":""ATTITUDE"",""time_boot_ms"":130270,""roll"":0.42063000798225403,""pitch"":-0.5011833310127258,""yaw"":-2.771737575531006,""rollspeed"":0.29304176568984985,""pitchspeed"":0.17361196875572205,""yawspeed"":0.1149076521396637}",13.606174
27069307490800,gimbal,3438,"{""imu_roll"":0.0,""imu_pitch"":-3.950840473175049,""imu_yaw"":7.819151401519775,""frame_roll"":0.0,""frame_pitch"":-3.950840473175049,""frame_yaw"":7.819151401519775,""pitch_speed"":0.0,""yaw_speed"":0.0}",13.6241167
27069307860200,fov,3438,"{""zoom"":12.339999198913574,""hfov"":7.293355464935303,""vfov"":4.106302738189697,""state"":0,""max_aov_h"":90.0,""max_aov_v"":58.71550750732422,""min_aov_h"":1.40625,""min_aov_v"":0.7910428047180176,""max_zoom"":64.0}",13.6244861
27069308759700,target_offset,790,"{""x_angle_offset"":1.413087621331215,""y_angle_offset"":-0.6159454107284545}",13.6253856
27069319297400,gimbal,3439,"{""imu_roll"":0.0,""imu_pitch"":-4.018704891204834,""imu_yaw"":7.966110706329346,""frame_roll"":0.0,""frame_pitch"":-4.018704891204834,""frame_yaw"":7.966110706329346,""pitch_speed"":0.0,""yaw_speed"":0.0}",13.6359233
27069319579400,fov,3439,"{""zoom"":12.339999198913574,""hfov"":7.293355464935303,""vfov"":4.106302738189697,""state"":0,""max_aov_h"":90.0,""max_aov_v"":58.71550750732422,""min_aov_h"":1.40625,""min_aov_v"":0.7910428047180176,""max_zoom"":64.0}",13.6362053
27069330778800,gimbal,3440,"{""imu_roll"":0.0,""imu_pitch"":-4.083448886871338,""imu_yaw"":8.088555335998535,""frame_roll"":0.0,""frame_pitch"":-4.083448886871338,""frame_yaw"":8.088555335998535,""pitch_speed"":0.0,""yaw_speed"":0.0}",13.6474047
27069330985400,attitude,1365,"{""message_type"":""ATTITUDE"",""time_boot_ms"":130310,""roll"":0.43025457859039307,""pitch"":-0.49708282947540283,""yaw"":-2.7644362449645996,""rollspeed"":0.296857088804245,""pitchspeed"":0.18263113498687744,""yawspeed"":0.11479146778583527}",13.6476113
27069331208100,vfr,682,"{""message_type"":""VFR_HUD"",""airspeed"":47.77152633666992,""alt"":64.68000030517578}",13.647834
27069331284000,position,682,"{""message_type"":""GLOBAL_POSITION_INT"",""lat"":469489759,""lon"":393478171}",13.6479099
27069332251700,fov,3440,"{""zoom"":12.339999198913574,""hfov"":7.293355464935303,""vfov"":4.106302738189697,""state"":0,""max_aov_h"":90.0,""max_aov_v"":58.71550750732422,""min_aov_h"":1.40625,""min_aov_v"":0.7910428047180176,""max_zoom"":64.0}",13.6488776
27069350599000,target_offset,791,"{""x_angle_offset"":1.5878242626786232,""y_angle_offset"":-0.7300093756781684}",13.6672249
27069357008400,gimbal,3441,"{""imu_roll"":0.0,""imu_pitch"":-4.176006317138672,""imu_yaw"":8.211013793945312,""frame_roll"":0.0,""frame_pitch"":-4.176006317138672,""frame_yaw"":8.211013793945312,""pitch_speed"":0.0,""yaw_speed"":0.0}",13.6736343
27069357517100,fov,3441,"{""zoom"":12.339999198913574,""hfov"":7.293355464935303,""vfov"":4.106302738189697,""state"":0,""max_aov_h"":90.0,""max_aov_v"":58.71550750732422,""min_aov_h"":1.40625,""min_aov_v"":0.7910428047180176,""max_zoom"":64.0}",13.674143
27069362188100,gimbal,3442,"{""imu_roll"":0.0,""imu_pitch"":-4.248556137084961,""imu_yaw"":8.363685607910156,""frame_roll"":0.0,""frame_pitch"":-4.248556137084961,""frame_yaw"":8.363685607910156,""pitch_speed"":0.0,""yaw_speed"":0.0}",13.678814
27069362648400,fov,3442,"{""zoom"":12.339999198913574,""hfov"":7.293355464935303,""vfov"":4.106302738189697,""state"":0,""max_aov_h"":90.0,""max_aov_v"":58.71550750732422,""min_aov_h"":1.40625,""min_aov_v"":0.7910428047180176,""max_zoom"":64.0}",13.6792743
27069386771900,target_offset,792,"{""x_angle_offset"":1.747366413474083,""y_angle_offset"":-0.8440733406278822}",13.7033978
27069392667000,range,1267,"{""message_type"":""GLOBAL_VISION_POSITION_ESTIMATE"",""x"":46.94863510131836,""y"":39.34749984741211}",13.7092929
27069394106000,range,1268,"{""message_type"":""GLOBAL_VISION_POSITION_ESTIMATE"",""x"":46.94863510131836,""y"":39.34749984741211}",13.7107319
27069394298100,attitude,1366,"{""message_type"":""ATTITUDE"",""time_boot_ms"":130370,""roll"":0.44477251172065735,""pitch"":-0.4903324842453003,""yaw"":-2.7530996799468994,""rollspeed"":0.3007529079914093,""pitchspeed"":0.1987355798482895,""yawspeed"":0.11387896537780762}",13.710924
27069394820800,gimbal,3443,"{""imu_roll"":0.0,""imu_pitch"":-4.395201683044434,""imu_yaw"":8.59432315826416,""frame_roll"":0.0,""frame_pitch"":-4.395201683044434,""frame_yaw"":8.59432315826416,""pitch_speed"":0.0,""yaw_speed"":0.0}",13.7114467
27069395076900,fov,3443,"{""zoom"":12.339999198913574,""hfov"":7.293355464935303,""vfov"":4.106302738189697,""state"":0,""max_aov_h"":90.0,""max_aov_v"":58.71550750732422,""min_aov_h"":1.40625,""min_aov_v"":0.7910428047180176,""max_zoom"":64.0}",13.7117028
27069398518100,gimbal,3444,"{""imu_roll"":0.0,""imu_pitch"":-4.4646830558776855,""imu_yaw"":8.736471176147461,""frame_roll"":0.0,""frame_pitch"":-4.4646830558776855,""frame_yaw"":8.736471176147461,""pitch_speed"":0.0,""yaw_speed"":0.0}",13.715144
27069398804400,fov,3444,"{""zoom"":12.339999198913574,""hfov"":7.293355464935303,""vfov"":4.106302738189697,""state"":0,""max_aov_h"":90.0,""max_aov_v"":58.71550750732422,""min_aov_h"":1.40625,""min_aov_v"":0.7910428047180176,""max_zoom"":64.0}",13.7154303
27069413968500,gimbal,3445,"{""imu_roll"":0.0,""imu_pitch"":-4.560044765472412,""imu_yaw"":8.89831829071045,""frame_roll"":0.0,""frame_pitch"":-4.560044765472412,""frame_yaw"":8.89831829071045,""pitch_speed"":0.0,""yaw_speed"":0.0}",13.7305944
27069414521000,fov,3445,"{""zoom"":12.339999198913574,""hfov"":7.293355464935303,""vfov"":4.106302738189697,""state"":0,""max_aov_h"":90.0,""max_aov_v"":58.71550750732422,""min_aov_h"":1.40625,""min_aov_v"":0.7910428047180176,""max_zoom"":64.0}",13.7311469
27069431077400,target_offset,793,"{""x_angle_offset"":1.8005471304059029,""y_angle_offset"":-0.9125117195977105}",13.7477033
27069436886900,gimbal,3446,"{""imu_roll"":0.0,""imu_pitch"":-4.6527276039123535,""imu_yaw"":9.039118766784668,""frame_roll"":0.0,""frame_pitch"":-4.6527276039123535,""frame_yaw"":9.039118766784668,""pitch_speed"":0.0,""yaw_speed"":0.0}",13.7535128
27069437147900,fov,3446,"{""zoom"":12.339999198913574,""hfov"":7.293355464935303,""vfov"":4.106302738189697,""state"":0,""max_aov_h"":90.0,""max_aov_v"":58.71550750732422,""min_aov_h"":1.40625,""min_aov_v"":0.7910428047180176,""max_zoom"":64.0}",13.7537738
27069441629200,attitude,1367,"{""message_type"":""ATTITUDE"",""time_boot_ms"":130410,""roll"":0.45440343022346497,""pitch"":-0.48542362451553345,""yaw"":-2.7453086376190186,""rollspeed"":0.29963648319244385,""pitchspeed"":0.20845100283622742,""yawspeed"":0.11261432617902756}",13.7582551
27069441943800,vfr,683,"{""message_type"":""VFR_HUD"",""airspeed"":47.96913146972656,""alt"":62.05999755859375}",13.7585697
27069442363500,position,683,"{""message_type"":""GLOBAL_POSITION_INT"",""lat"":469489759,""lon"":393478171}",13.7589894
27069443592300,gimbal,3447,"{""imu_roll"":0.0,""imu_pitch"":-4.749630451202393,""imu_yaw"":9.218700408935547,""frame_roll"":0.0,""frame_pitch"":-4.749630451202393,""frame_yaw"":9.218700408935547,""pitch_speed"":0.0,""yaw_speed"":0.0}",13.7602182
27069444029400,fov,3447,"{""zoom"":12.339999198913574,""hfov"":7.293355464935303,""vfov"":4.106302738189697,""state"":0,""max_aov_h"":90.0,""max_aov_v"":58.71550750732422,""min_aov_h"":1.40625,""min_aov_v"":0.7910428047180176,""max_zoom"":64.0}",13.7606553
27069462925800,target_offset,794,"{""x_angle_offset"":2.0664507150650024,""y_angle_offset"":-1.0722012705273098}",13.7795517
27069468711800,gimbal,3448,"{""imu_roll"":0.0,""imu_pitch"":-4.89939022064209,""imu_yaw"":9.432123184204102,""frame_roll"":0.0,""frame_pitch"":-4.89939022064209,""frame_yaw"":9.432123184204102,""pitch_speed"":0.0,""yaw_speed"":0.0}",13.7853377
27069468934400,fov,3448,"{""zoom"":12.339999198913574,""hfov"":7.293355464935303,""vfov"":4.106302738189697,""state"":0,""max_aov_h"":90.0,""max_aov_v"":58.71550750732422,""min_aov_h"":1.40625,""min_aov_v"":0.7910428047180176,""max_zoom"":64.0}",13.7855603
27069476276900,gimbal,3449,"{""imu_roll"":0.0,""imu_pitch"":-4.999173164367676,""imu_yaw"":9.618585586547852,""frame_roll"":0.0,""frame_pitch"":-4.999173164367676,""frame_yaw"":9.618585586547852,""pitch_speed"":0.0,""yaw_speed"":0.0}",13.7929028
27069477367700,fov,3449,"{""zoom"":12.339999198913574,""hfov"":7.293355464935303,""vfov"":4.106302738189697,""state"":0,""max_aov_h"":90.0,""max_aov_v"":58.71550750732422,""min_aov_h"":1.40625,""min_aov_v"":0.7910428047180176,""max_zoom"":64.0}",13.7939936
27069488780000,gimbal,3450,"{""imu_roll"":0.0,""imu_pitch"":-5.1038689613342285,""imu_yaw"":9.789758682250977,""frame_roll"":0.0,""frame_pitch"":-5.1038689613342285,""frame_yaw"":9.789758682250977,""pitch_speed"":0.0,""yaw_speed"":0.0}",13.8054059
27069489082200,fov,3450,"{""zoom"":12.339999198913574,""hfov"":7.293355464935303,""vfov"":4.106302738189697,""state"":0,""max_aov_h"":90.0,""max_aov_v"":58.71550750732422,""min_aov_h"":1.40625,""min_aov_v"":0.7910428047180176,""max_zoom"":64.0}",13.8057081
27069492620500,attitude,1368,"{""message_type"":""ATTITUDE"",""time_boot_ms"":130470,""roll"":0.46851441264152527,""pitch"":-0.4775366187095642,""yaw"":-2.7333555221557617,""rollspeed"":0.2933960258960724,""pitchspeed"":0.22143034636974335,""yawspeed"":0.10994379967451096}",13.8092464
27069507236000,target_offset,795,"{""x_angle_offset"":2.225992865860462,""y_angle_offset"":-1.1938694998070045}",13.8238619
27069512673500,gimbal,3451,"{""imu_roll"":0.0,""imu_pitch"":-5.237864971160889,""imu_yaw"":9.954523086547852,""frame_roll"":0.0,""frame_pitch"":-5.237864971160889,""frame_yaw"":9.954523086547852,""pitch_speed"":0.0,""yaw_speed"":0.0}",13.8292994
27069512880300,fov,3451,"{""zoom"":12.339999198913574,""hfov"":7.293355464935303,""vfov"":4.106302738189697,""state"":0,""max_aov_h"":90.0,""max_aov_v"":58.71550750732422,""min_aov_h"":1.40625,""min_aov_v"":0.7910428047180176,""max_zoom"":64.0}",13.8295062
27069520814500,gimbal,3452,"{""imu_roll"":0.0,""imu_pitch"":-5.392879009246826,""imu_yaw"":10.376326560974121,""frame_roll"":0.0,""frame_pitch"":-5.392879009246826,""frame_yaw"":10.376326560974121,""pitch_speed"":0.0,""yaw_speed"":0.0}",13.8374404
27069521363800,fov,3452,"{""zoom"":12.339999198913574,""hfov"":7.293355464935303,""vfov"":4.106302738189697,""state"":0,""max_aov_h"":90.0,""max_aov_v"":58.71550750732422,""min_aov_h"":1.40625,""min_aov_v"":0.7910428047180176,""max_zoom"":64.0}",13.8379897
27069527653000,position,684,"{""message_type"":""GLOBAL_POSITION_INT"",""lat"":469488972,""lon"":393477495}",13.8442789
27069527917100,attitude,1369,"{""message_type"":""ATTITUDE"",""time_boot_ms"":130510,""roll"":0.477139413356781,""pitch"":-0.47125527262687683,""yaw"":-2.7249538898468018,""rollspeed"":0.2871845066547394,""pitchspeed"":0.22949516773223877,""yawspeed"":0.1076246127486229}",13.844543
27069528275400,vfr,684,"{""message_type"":""VFR_HUD"",""airspeed"":48.161407470703125,""alt"":59.48999786376953}",13.8449013
27069533253800,gimbal,3453,"{""imu_roll"":0.0,""imu_pitch"":-5.535828113555908,""imu_yaw"":10.740883827209473,""frame_roll"":0.0,""frame_pitch"":-5.535828113555908,""frame_yaw"":10.740883827209473,""pitch_speed"":0.0,""yaw_speed"":0.0}",13.8498797
27069534046800,fov,3453,"{""zoom"":12.339999198913574,""hfov"":7.293355464935303,""vfov"":4.106302738189697,""state"":0,""max_aov_h"":90.0,""max_aov_v"":58.71550750732422,""min_aov_h"":1.40625,""min_aov_v"":0.7910428047180176,""max_zoom"":64.0}",13.8506727
27069543932200,range,1269,"{""message_type"":""GLOBAL_VISION_POSITION_ESTIMATE"",""x"":46.948577880859375,""y"":39.347389221191406}",13.8605581
27069551285900,target_offset,796,"{""x_angle_offset"":2.529882676899433,""y_angle_offset"":-1.3687675793965657}",13.8679118
27069556362200,gimbal,3454,"{""imu_roll"":0.0,""imu_pitch"":-5.719686508178711,""imu_yaw"":11.185699462890625,""frame_roll"":0.0,""frame_pitch"":-5.719686508178711,""frame_yaw"":11.185699462890625,""pitch_speed"":0.0,""yaw_speed"":0.0}",13.8729881
27069556578900,fov,3454,"{""zoom"":12.339999198913574,""hfov"":7.293355464935303,""vfov"":4.106302738189697,""state"":0,""max_aov_h"":90.0,""max_aov_v"":58.71550750732422,""min_aov_h"":1.40625,""min_aov_v"":0.7910428047180176,""max_zoom"":64.0}",13.8732048
27069564845400,fov,3455,"{""zoom"":12.339999198913574,""hfov"":7.293355464935303,""vfov"":4.106302738189697,""state"":0,""max_aov_h"":90.0,""max_aov_v"":58.71550750732422,""min_aov_h"":1.40625,""min_aov_v"":0.7910428047180176,""max_zoom"":64.0}",13.8814713
27069565087900,range,1270,"{""message_type"":""GLOBAL_VISION_POSITION_ESTIMATE"",""x"":46.948577880859375,""y"":39.347389221191406}",13.8817138
27069565426000,gimbal,3455,"{""imu_roll"":0.0,""imu_pitch"":-5.896324157714844,""imu_yaw"":11.613348960876465,""frame_roll"":0.0,""frame_pitch"":-5.896324157714844,""frame_yaw"":11.613348960876465,""pitch_speed"":0.0,""yaw_speed"":0.0}",13.8820519
27069585088500,target_offset,797,"{""x_angle_offset"":2.469104714691639,""y_angle_offset"":-1.140639649497138}",13.9017144
27069589953600,gimbal,3456,"{""imu_roll"":0.0,""imu_pitch"":-6.1502275466918945,""imu_yaw"":12.170877456665039,""frame_roll"":0.0,""frame_pitch"":-6.1502275466918945,""frame_yaw"":12.170877456665039,""pitch_speed"":0.0,""yaw_speed"":0.0}",13.9065795
27069590179300,fov,3456,"{""zoom"":12.339999198913574,""hfov"":7.293355464935303,""vfov"":4.106302738189697,""state"":0,""max_aov_h"":90.0,""max_aov_v"":58.71550750732422,""min_aov_h"":1.40625,""min_aov_v"":0.7910428047180176,""max_zoom"":64.0}",13.9068052
27069596166700,gimbal,3457,"{""imu_roll"":0.0,""imu_pitch"":-6.254164218902588,""imu_yaw"":12.37535572052002,""frame_roll"":0.0,""frame_pitch"":-6.254164218902588,""frame_yaw"":12.37535572052002,""pitch_speed"":0.0,""yaw_speed"":0.0}",13.9127926
27069596496300,fov,3457,"{""zoom"":12.339999198913574,""hfov"":7.293355464935303,""vfov"":4.106302738189697,""state"":0,""max_aov_h"":90.0,""max_aov_v"":58.71550750732422,""min_aov_h"":1.40625,""min_aov_v"":0.7910428047180176,""max_zoom"":64.0}",13.9131222
27069600711000,attitude,1370,"{""message_type"":""ATTITUDE"",""time_boot_ms"":130570,""roll"":0.4895085394382477,""pitch"":-0.46144744753837585,""yaw"":-2.712246894836426,""rollspeed"":0.2740616202354431,""pitchspeed"":0.2373753935098648,""yawspeed"":0.10343561321496964}",13.9173369
27069608551300,gimbal,3458,"{""imu_roll"":0.0,""imu_pitch"":-6.346376895904541,""imu_yaw"":12.537994384765625,""frame_roll"":0.0,""frame_pitch"":-6.346376895904541,""frame_yaw"":12.537994384765625,""pitch_speed"":0.0,""yaw_speed"":0.0}",13.9251772
27069608890400,fov,3458,"{""zoom"":12.339999198913574,""hfov"":7.293355464935303,""vfov"":4.106302738189697,""state"":0,""max_aov_h"":90.0,""max_aov_v"":58.71550750732422,""min_aov_h"":1.40625,""min_aov_v"":0.7910428047180176,""max_zoom"":64.0}",13.9255163
27069629615800,gimbal,3459,"{""imu_roll"":0.0,""imu_pitch"":-6.7673492431640625,""imu_yaw"":13.368958473205566,""frame_roll"":0.0,""frame_pitch"":-6.7673492431640625,""frame_yaw"":13.368958473205566,""pitch_speed"":0.0,""yaw_speed"":0.0}",13.9462417
27069629977700,fov,3459,"{""zoom"":12.339999198913574,""hfov"":7.293355464935303,""vfov"":4.106302738189697,""state"":0,""max_aov_h"":90.0,""max_aov_v"":58.71550750732422,""min_aov_h"":1.40625,""min_aov_v"":0.7910428047180176,""max_zoom"":64.0}",13.9466036
27069637483500,position,685,"{""message_type"":""GLOBAL_POSITION_INT"",""lat"":469488972,""lon"":393477495}",13.9541094
27069637795200,attitude,1371,"{""message_type"":""ATTITUDE"",""time_boot_ms"":130610,""roll"":0.49736878275871277,""pitch"":-0.4547303318977356,""yaw"":-2.7037758827209473,""rollspeed"":0.26534077525138855,""pitchspeed"":0.24156427383422852,""yawspeed"":0.10036355257034302}",13.9544211
27069638241100,vfr,685,"{""message_type"":""VFR_HUD"",""airspeed"":48.33164596557617,""alt"":56.96999740600586}",13.954867
27069640885000,gimbal,3460,"{""imu_roll"":0.0,""imu_pitch"":-6.9278998374938965,""imu_yaw"":13.672874450683594,""frame_roll"":0.0,""frame_pitch"":-6.9278998374938965,""frame_yaw"":13.672874450683594,""pitch_speed"":0.0,""yaw_speed"":0.0}",13.9575109
27069641173500,fov,3460,"{""zoom"":12.339999198913574,""hfov"":7.293355464935303,""vfov"":4.106302738189697,""state"":0,""max_aov_h"":90.0,""max_aov_v"":58.71550750732422,""min_aov_h"":1.40625,""min_aov_v"":0.7910428047180176,""max_zoom"":64.0}",13.9577994
27069652884000,gimbal,3461,"{""imu_roll"":0.0,""imu_pitch"":-7.115291118621826,""imu_yaw"":14.002270698547363,""frame_roll"":0.0,""frame_pitch"":-7.115291118621826,""frame_yaw"":14.002270698547363,""pitch_speed"":0.0,""yaw_speed"":0.0}",13.9695099
27069653258900,fov,3461,"{""zoom"":12.339999198913574,""hfov"":7.293355464935303,""vfov"":4.106302738189697,""state"":0,""max_aov_h"":90.0,""max_aov_v"":58.71550750732422,""min_aov_h"":1.40625,""min_aov_v"":0.7910428047180176,""max_zoom"":64.0}",13.9698848
27069671741900,target_offset,798,"{""x_angle_offset"":2.0056727528572083,""y_angle_offset"":-1.5056443373362223}",13.9883678
27069677224400,gimbal,3462,"{""imu_roll"":0.0,""imu_pitch"":-7.6729631423950195,""imu_yaw"":15.035926818847656,""frame_roll"":0.0,""frame_pitch"":-7.6729631423950195,""frame_yaw"":15.035926818847656,""pitch_speed"":0.0,""yaw_speed"":0.0}",13.9938503
27069677446300,fov,3462,"{""zoom"":12.339999198913574,""hfov"":7.293355464935303,""vfov"":4.106302738189697,""state"":0,""max_aov_h"":90.0,""max_aov_v"":58.71550750732422,""min_aov_h"":1.40625,""min_aov_v"":0.7910428047180176,""max_zoom"":64.0}",13.9940722
27069685085100,gimbal,3463,"{""imu_roll"":0.0,""imu_pitch"":-7.784514904022217,""imu_yaw"":15.134981155395508,""frame_roll"":0.0,""frame_pitch"":-7.784514904022217,""frame_yaw"":15.134981155395508,""pitch_speed"":0.0,""yaw_speed"":0.0}",14.001711
27069686261400,fov,3463,"{""zoom"":12.339999198913574,""hfov"":7.293355464935303,""vfov"":4.106302738189697,""state"":0,""max_aov_h"":90.0,""max_aov_v"":58.71550750732422,""min_aov_h"":1.40625,""min_aov_v"":0.7910428047180176,""max_zoom"":64.0}",14.0028873
27069693573600,attitude,1372,"{""message_type"":""ATTITUDE"",""time_boot_ms"":130670,""roll"":0.5085761547088623,""pitch"":-0.4444528818130493,""yaw"":-2.6911420822143555,""rollspeed"":0.24960170686244965,""pitchspeed"":0.24492259323596954,""yawspeed"":0.09520293027162552}",14.0101995
27069698955300,range,1271,"{""message_type"":""GLOBAL_VISION_POSITION_ESTIMATE"",""x"":46.948604583740234,""y"":39.347328186035156}",14.0155812
27069704450700,gimbal,3464,"{""imu_roll"":0.0,""imu_pitch"":-7.9427995681762695,""imu_yaw"":15.227951049804688,""frame_roll"":0.0,""frame_pitch"":-7.9427995681762695,""frame_yaw"":15.227951049804688,""pitch_speed"":0.0,""yaw_speed"":0.0}",14.0210766
27069706236400,fov,3464,"{""zoom"":12.339999198913574,""hfov"":7.293355464935303,""vfov"":4.106302738189697,""state"":0,""max_aov_h"":90.0,""max_aov_v"":58.71550750732422,""min_aov_h"":1.40625,""min_aov_v"":0.7910428047180176,""max_zoom"":64.0}",14.0228623
27069714641500,range,1272,"{""message_type"":""GLOBAL_VISION_POSITION_ESTIMATE"",""x"":46.948604583740234,""y"":39.347328186035156}",14.0312674
27069716635000,gimbal,3465,"{""imu_roll"":0.0,""imu_pitch"":-8.020525932312012,""imu_yaw"":15.259265899658203,""frame_roll"":0.0,""frame_pitch"":-8.020525932312012,""frame_yaw"":15.259265899658203,""pitch_speed"":0.0,""yaw_speed"":0.0}",14.0332609
27069717192100,fov,3465,"{""zoom"":12.339999198913574,""hfov"":7.293355464935303,""vfov"":4.106302738189697,""state"":0,""max_aov_h"":90.0,""max_aov_v"":58.71550750732422,""min_aov_h"":1.40625,""min_aov_v"":0.7910428047180176,""max_zoom"":64.0}",14.033818
27069730085000,gimbal,3466,"{""imu_roll"":0.0,""imu_pitch"":-8.295029640197754,""imu_yaw"":16.254919052124023,""frame_roll"":0.0,""frame_pitch"":-8.295029640197754,""frame_yaw"":16.254919052124023,""pitch_speed"":0.0,""yaw_speed"":0.0}",14.0467109
27069730541900,fov,3466,"{""zoom"":12.339999198913574,""hfov"":7.293355464935303,""vfov"":4.106302738189697,""state"":0,""max_aov_h"":90.0,""max_aov_v"":58.71550750732422,""min_aov_h"":1.40625,""min_aov_v"":0.7910428047180176,""max_zoom"":64.0}",14.0471678
27069732403700,position,686,"{""message_type"":""GLOBAL_POSITION_INT"",""lat"":469488185,""lon"":393476729}",14.0490296
27069732566700,attitude,1373,"{""message_type"":""ATTITUDE"",""time_boot_ms"":130710,""roll"":0.5152512192726135,""pitch"":-0.4375680983066559,""yaw"":-2.682717800140381,""rollspeed"":0.23772506415843964,""pitchspeed"":0.24283714592456818,""yawspeed"":0.09154276549816132}",14.0491926
27069732836800,vfr,686,"{""message_type"":""VFR_HUD"",""airspeed"":48.4864501953125,""alt"":54.5099983215332}",14.0494627
27069749670300,gimbal,3467,"{""imu_roll"":0.0,""imu_pitch"":-8.631670951843262,""imu_yaw"":17.42803955078125,""frame_roll"":0.0,""frame_pitch"":-8.631670951843262,""frame_yaw"":17.42803955078125,""pitch_speed"":0.0,""yaw_speed"":0.0}",14.0662962
27069750079100,fov,3467,"{""zoom"":12.339999198913574,""hfov"":7.293355464935303,""vfov"":4.106302738189697,""state"":0,""max_aov_h"":90.0,""max_aov_v"":58.71550750732422,""min_aov_h"":1.40625,""min_aov_v"":0.7910428047180176,""max_zoom"":64.0}",14.066705
27069761687500,gimbal,3468,"{""imu_roll"":0.0,""imu_pitch"":-8.79275894165039,""imu_yaw"":17.96817398071289,""frame_roll"":0.0,""frame_pitch"":-8.79275894165039,""frame_yaw"":17.96817398071289,""pitch_speed"":0.0,""yaw_speed"":0.0}",14.0783134
27069762309000,fov,3468,"{""zoom"":12.339999198913574,""hfov"":7.293355464935303,""vfov"":4.106302738189697,""state"":0,""max_aov_h"":90.0,""max_aov_v"":58.71550750732422,""min_aov_h"":1.40625,""min_aov_v"":0.7910428047180176,""max_zoom"":64.0}",14.0789349
27069775357900,gimbal,3469,"{""imu_roll"":0.0,""imu_pitch"":-8.954941749572754,""imu_yaw"":19.23292350769043,""frame_roll"":0.0,""frame_pitch"":-8.954941749572754,""frame_yaw"":19.23292350769043,""pitch_speed"":0.0,""yaw_speed"":0.0}",14.0919838
27069775939300,fov,3469,"{""zoom"":12.339999198913574,""hfov"":7.293355464935303,""vfov"":4.106302738189697,""state"":0,""max_aov_h"":90.0,""max_aov_v"":58.71550750732422,""min_aov_h"":1.40625,""min_aov_v"":0.7910428047180176,""max_zoom"":64.0}",14.0925652
27069788473800,attitude,1374,"{""message_type"":""ATTITUDE"",""time_boot_ms"":130770,""roll"":0.5242041945457458,""pitch"":-0.42734500765800476,""yaw"":-2.6702065467834473,""rollspeed"":0.22095887362957,""pitchspeed"":0.23853908479213715,""yawspeed"":0.08592955768108368}",14.1050997
27069793157300,target_offset,799,"{""x_angle_offset"":1.8233388662338257,""y_angle_offset"":-1.3079334647567182}",14.1097832
27069799537200,gimbal,3470,"{""imu_roll"":0.0,""imu_pitch"":-9.163431167602539,""imu_yaw"":20.811574935913086,""frame_roll"":0.0,""frame_pitch"":-9.163431167602539,""frame_yaw"":20.811574935913086,""pitch_speed"":0.0,""yaw_speed"":0.0}",14.1161631
27069799801900,fov,3470,"{""zoom"":12.339999198913574,""hfov"":7.293355464935303,""vfov"":4.106302738189697,""state"":0,""max_aov_h"":90.0,""max_aov_v"":58.71550750732422,""min_aov_h"":1.40625,""min_aov_v"":0.7910428047180176,""max_zoom"":64.0}",14.1164278
27069807773900,gimbal,3471,"{""imu_roll"":0.0,""imu_pitch"":-9.272416114807129,""imu_yaw"":20.823530197143555,""frame_roll"":0.0,""frame_pitch"":-9.272416114807129,""frame_yaw"":20.823530197143555,""pitch_speed"":0.0,""yaw_speed"":0.0}",14.1243998
27069808209500,fov,3471,"{""zoom"":12.339999198913574,""hfov"":7.293355464935303,""vfov"":4.106302738189697,""state"":0,""max_aov_h"":90.0,""max_aov_v"":58.71550750732422,""min_aov_h"":1.40625,""min_aov_v"":0.7910428047180176,""max_zoom"":64.0}",14.1248354
27069828256800,gimbal,3472,"{""imu_roll"":0.0,""imu_pitch"":-9.423646926879883,""imu_yaw"":22.682758331298828,""frame_roll"":0.0,""frame_pitch"":-9.423646926879883,""frame_yaw"":22.682758331298828,""pitch_speed"":0.0,""yaw_speed"":0.0}",14.1448827
27069828809900,fov,3472,"{""zoom"":12.339999198913574,""hfov"":7.293355464935303,""vfov"":4.106302738189697,""state"":0,""max_aov_h"":90.0,""max_aov_v"":58.71550750732422,""min_aov_h"":1.40625,""min_aov_v"":0.7910428047180176,""max_zoom"":64.0}",14.1454358
27069831257200,attitude,1375,"{""message_type"":""ATTITUDE"",""time_boot_ms"":130810,""roll"":0.529731035232544,""pitch"":-0.4206293821334839,""yaw"":-2.6621084213256836,""rollspeed"":0.20865584909915924,""pitchspeed"":0.23442129790782928,""yawspeed"":0.08220325410366058}",14.1478831
27069831549500,vfr,687,"{""message_type"":""VFR_HUD"",""airspeed"":48.6304817199707,""alt"":52.119998931884766}",14.1481754
27069831692400,position,687,"{""message_type"":""GLOBAL_POSITION_INT"",""lat"":469488185,""lon"":393476729}",14.1483183
27069839218000,gimbal,3473,"{""imu_roll"":0.0,""imu_pitch"":-9.484201431274414,""imu_yaw"":23.415193557739258,""frame_roll"":0.0,""frame_pitch"":-9.484201431274414,""frame_yaw"":23.415193557739258,""pitch_speed"":0.0,""yaw_speed"":0.0}",14.1558439
27069839602100,fov,3473,"{""zoom"":12.339999198913574,""hfov"":7.293355464935303,""vfov"":4.106302738189697,""state"":0,""max_aov_h"":90.0,""max_aov_v"":58.71550750732422,""min_aov_h"":1.40625,""min_aov_v"":0.7910428047180176,""max_zoom"":64.0}",14.156228
27069854195200,gimbal,3474,"{""imu_roll"":0.0,""imu_pitch"":-9.56188678741455,""imu_yaw"":24.32502555847168,""frame_roll"":0.0,""frame_pitch"":-9.56188678741455,""frame_yaw"":24.32502555847168,""pitch_speed"":0.0,""yaw_speed"":0.0}",14.1708211
27069854658300,range,1273,"{""message_type"":""GLOBAL_VISION_POSITION_ESTIMATE"",""x"":46.94859313964844,""y"":39.3471794128418}",14.1712842
27069854864200,fov,3474,"{""zoom"":12.339999198913574,""hfov"":7.293355464935303,""vfov"":4.106302738189697,""state"":0,""max_aov_h"":90.0,""max_aov_v"":58.71550750732422,""min_aov_h"":1.40625,""min_aov_v"":0.7910428047180176,""max_zoom"":64.0}",14.1714901
27069867065400,range,1274,"{""message_type"":""GLOBAL_VISION_POSITION_ESTIMATE"",""x"":46.94859313964844,""y"":39.3471794128418}",14.1836913
27069870445600,target_offset,800,"{""x_angle_offset"":2.112034186720848,""y_angle_offset"":-1.041784213207386}",14.1870715
27069875937500,gimbal,3475,"{""imu_roll"":0.0,""imu_pitch"":-9.649698257446289,""imu_yaw"":25.423261642456055,""frame_roll"":0.0,""frame_pitch"":-9.649698257446289,""frame_yaw"":25.423261642456055,""pitch_speed"":0.0,""yaw_speed"":0.0}",14.1925634
27069876276500,fov,3475,"{""zoom"":12.339999198913574,""hfov"":7.293355464935303,""vfov"":4.106302738189697,""state"":0,""max_aov_h"":90.0,""max_aov_v"":58.71550750732422,""min_aov_h"":1.40625,""min_aov_v"":0.7910428047180176,""max_zoom"":64.0}",14.1929024
27069885424200,gimbal,3476,"{""imu_roll"":0.0,""imu_pitch"":-9.689347267150879,""imu_yaw"":25.537561416625977,""frame_roll"":0.0,""frame_pitch"":-9.689347267150879,""frame_yaw"":25.537561416625977,""pitch_speed"":0.0,""yaw_speed"":0.0}",14.2020501
27069885808800,fov,3476,"{""zoom"":12.339999198913574,""hfov"":7.293355464935303,""vfov"":4.106302738189697,""state"":0,""max_aov_h"":90.0,""max_aov_v"":58.71550750732422,""min_aov_h"":1.40625,""min_aov_v"":0.7910428047180176,""max_zoom"":64.0}",14.2024347
27069902046800,attitude,1376,"{""message_type"":""ATTITUDE"",""time_boot_ms"":130870,""roll"":0.5374425053596497,""pitch"":-0.41081714630126953,""yaw"":-2.6503963470458984,""rollspeed"":0.19243961572647095,""pitchspeed"":0.22804123163223267,""yawspeed"":0.07671347260475159}",14.2186727
27069908132000,gimbal,3477,"{""imu_roll"":0.0,""imu_pitch"":-9.758532524108887,""imu_yaw"":25.681503295898438,""frame_roll"":0.0,""frame_pitch"":-9.758532524108887,""frame_yaw"":25.681503295898438,""pitch_speed"":0.0,""yaw_speed"":0.0}",14.2247579
27069908586400,fov,3477,"{""zoom"":12.339999198913574,""hfov"":7.293355464935303,""vfov"":4.106302738189697,""state"":0,""max_aov_h"":90.0,""max_aov_v"":58.71550750732422,""min_aov_h"":1.40625,""min_aov_v"":0.7910428047180176,""max_zoom"":64.0}",14.2252123
27069921094400,gimbal,3478,"{""imu_roll"":0.0,""imu_pitch"":-9.787158966064453,""imu_yaw"":26.18041229248047,""frame_roll"":0.0,""frame_pitch"":-9.787158966064453,""frame_yaw"":26.18041229248047,""pitch_speed"":0.0,""yaw_speed"":0.0}",14.2377203
27069921410200,fov,3478,"{""zoom"":12.339999198913574,""hfov"":7.293355464935303,""vfov"":4.106302738189697,""state"":0,""max_aov_h"":90.0,""max_aov_v"":58.71550750732422,""min_aov_h"":1.40625,""min_aov_v"":0.7910428047180176,""max_zoom"":64.0}",14.2380361
27069935655400,gimbal,3479,"{""imu_roll"":0.0,""imu_pitch"":-9.819100379943848,""imu_yaw"":26.712448120117188,""frame_roll"":0.0,""frame_pitch"":-9.819100379943848,""frame_yaw"":26.712448120117188,""pitch_speed"":0.0,""yaw_speed"":0.0}",14.2522813
27069935989000,fov,3479,"{""zoom"":12.339999198913574,""hfov"":7.293355464935303,""vfov"":4.106302738189697,""state"":0,""max_aov_h"":90.0,""max_aov_v"":58.71550750732422,""min_aov_h"":1.40625,""min_aov_v"":0.7910428047180176,""max_zoom"":64.0}",14.2526149
27069946146800,attitude,1377,"{""message_type"":""ATTITUDE"",""time_boot_ms"":130910,""roll"":0.5306149125099182,""pitch"":-0.40391939878463745,""yaw"":-2.6368680000305176,""rollspeed"":-0.06168306618928909,""pitchspeed"":0.30957967042922974,""yawspeed"":0.19109110534191132}",14.2627727
27069946618900,vfr,688,"{""message_type"":""VFR_HUD"",""airspeed"":48.748939514160156,""alt"":49.79999923706055}",14.2632448
27069946718900,position,688,"{""message_type"":""GLOBAL_POSITION_INT"",""lat"":469487419,""lon"":393475878}",14.2633448
27069956062600,gimbal,3480,"{""imu_roll"":0.0,""imu_pitch"":-9.85577392578125,""imu_yaw"":26.950647354125977,""frame_roll"":0.0,""frame_pitch"":-9.85577392578125,""frame_yaw"":26.950647354125977,""pitch_speed"":0.0,""yaw_speed"":0.0}",14.2726885
27069956426500,fov,3480,"{""zoom"":12.339999198913574,""hfov"":7.293355464935303,""vfov"":4.106302738189697,""state"":0,""max_aov_h"":90.0,""max_aov_v"":58.71550750732422,""min_aov_h"":1.40625,""min_aov_v"":0.7910428047180176,""max_zoom"":64.0}",14.2730524
27069972583600,gimbal,3481,"{""imu_roll"":0.0,""imu_pitch"":-9.8748197555542,""imu_yaw"":26.24176597595215,""frame_roll"":0.0,""frame_pitch"":-9.8748197555542,""frame_yaw"":26.24176597595215,""pitch_speed"":0.0,""yaw_speed"":0.0}",14.2892095
27069972992000,fov,3481,"{""zoom"":12.339999198913574,""hfov"":7.293355464935303,""vfov"":4.106302738189697,""state"":0,""max_aov_h"":90.0,""max_aov_v"":58.71550750732422,""min_aov_h"":1.40625,""min_aov_v"":0.7910428047180176,""max_zoom"":64.0}",14.2896179
27069988077700,gimbal,3482,"{""imu_roll"":0.0,""imu_pitch"":-9.899784088134766,""imu_yaw"":26.99125862121582,""frame_roll"":0.0,""frame_pitch"":-9.899784088134766,""frame_yaw"":26.99125862121582,""pitch_speed"":0.0,""yaw_speed"":0.0}",14.3047036
27069988393100,fov,3482,"{""zoom"":12.339999198913574,""hfov"":7.293355464935303,""vfov"":4.106302738189697,""state"":0,""max_aov_h"":90.0,""max_aov_v"":58.71550750732422,""min_aov_h"":1.40625,""min_aov_v"":0.7910428047180176,""max_zoom"":64.0}",14.305019
27070000317000,gimbal,3483,"{""imu_roll"":0.0,""imu_pitch"":-9.912251472473145,""imu_yaw"":27.36555290222168,""frame_roll"":0.0,""frame_pitch"":-9.912251472473145,""frame_yaw"":27.36555290222168,""pitch_speed"":0.0,""yaw_speed"":0.0}",14.3169429
27070001322300,fov,3483,"{""zoom"":12.339999198913574,""hfov"":7.293355464935303,""vfov"":4.106302738189697,""state"":0,""max_aov_h"":90.0,""max_aov_v"":58.71550750732422,""min_aov_h"":1.40625,""min_aov_v"":0.7910428047180176,""max_zoom"":64.0}",14.3179482
27070008834300,attitude,1378,"{""message_type"":""ATTITUDE"",""time_boot_ms"":130970,""roll"":-0.15138986706733704,""pitch"":0.16823655366897583,""yaw"":-2.3025364875793457,""rollspeed"":-11.43709945678711,""pitchspeed"":12.487483978271484,""yawspeed"":4.642193794250488}",14.3254602
27070018174800,gimbal,3484,"{""imu_roll"":0.0,""imu_pitch"":-9.92679214477539,""imu_yaw"":27.802104949951172,""frame_roll"":0.0,""frame_pitch"":-9.92679214477539,""frame_yaw"":27.802104949951172,""pitch_speed"":0.0,""yaw_speed"":0.0}",14.3348007
27070018483000,fov,3484,"{""zoom"":12.339999198913574,""hfov"":7.293355464935303,""vfov"":4.106302738189697,""state"":0,""max_aov_h"":90.0,""max_aov_v"":58.71550750732422,""min_aov_h"":1.40625,""min_aov_v"":0.7910428047180176,""max_zoom"":64.0}",14.3351089
27070032968900,range,1275,"{""message_type"":""GLOBAL_VISION_POSITION_ESTIMATE"",""x"":46.847206115722656,""y"":38.774261474609375}",14.3495948
27070034916500,gimbal,3485,"{""imu_roll"":0.0,""imu_pitch"":-9.939740180969238,""imu_yaw"":28.19085121154785,""frame_roll"":0.0,""frame_pitch"":-9.939740180969238,""frame_yaw"":28.19085121154785,""pitch_speed"":0.0,""yaw_speed"":0.0}",14.3515424
27070035187800,range,1276,"{""message_type"":""GLOBAL_VISION_POSITION_ESTIMATE"",""x"":46.847206115722656,""y"":38.774261474609375}",14.3518137
27070035663900,fov,3485,"{""zoom"":12.339999198913574,""hfov"":7.293355464935303,""vfov"":4.106302738189697,""state"":0,""max_aov_h"":90.0,""max_aov_v"":58.71550750732422,""min_aov_h"":1.40625,""min_aov_v"":0.7910428047180176,""max_zoom"":64.0}",14.3522898
27070050722800,gimbal,3486,"{""imu_roll"":0.0,""imu_pitch"":-9.948616027832031,""imu_yaw"":28.45732879638672,""frame_roll"":0.0,""frame_pitch"":-9.948616027832031,""frame_yaw"":28.45732879638672,""pitch_speed"":0.0,""yaw_speed"":0.0}",14.3673487
27070051116500,fov,3486,"{""zoom"":12.339999198913574,""hfov"":7.293355464935303,""vfov"":4.106302738189697,""state"":0,""max_aov_h"":90.0,""max_aov_v"":58.71550750732422,""min_aov_h"":1.40625,""min_aov_v"":0.7910428047180176,""max_zoom"":64.0}",14.3677424
27070058982600,vfr,689,"{""message_type"":""VFR_HUD"",""airspeed"":44.70703887939453,""alt"":47.78999710083008}",14.3756085
27070059199600,position,689,"{""message_type"":""GLOBAL_POSITION_INT"",""lat"":469487419,""lon"":393475878}",14.3758255
27070059331500,attitude,1379,"{""message_type"":""ATTITUDE"",""time_boot_ms"":131010,""roll"":-0.12628284096717834,""pitch"":0.5029551982879639,""yaw"":-2.242349624633789,""rollspeed"":1.2272409200668335,""pitchspeed"":7.689072608947754,""yawspeed"":2.2901346683502197}",14.3759574
27070068160300,gimbal,3487,"{""imu_roll"":0.0,""imu_pitch"":-9.958341598510742,""imu_yaw"":28.74931526184082,""frame_roll"":0.0,""frame_pitch"":-9.958341598510742,""frame_yaw"":28.74931526184082,""pitch_speed"":0.0,""yaw_speed"":0.0}",14.3847862
27070068552300,fov,3487,"{""zoom"":12.339999198913574,""hfov"":7.293355464935303,""vfov"":4.106302738189697,""state"":0,""max_aov_h"":90.0,""max_aov_v"":58.71550750732422,""min_aov_h"":1.40625,""min_aov_v"":0.7910428047180176,""max_zoom"":64.0}",14.3851782
27070079837800,gimbal,3488,"{""imu_roll"":0.0,""imu_pitch"":-9.962968826293945,""imu_yaw"":28.888242721557617,""frame_roll"":0.0,""frame_pitch"":-9.962968826293945,""frame_yaw"":28.888242721557617,""pitch_speed"":0.0,""yaw_speed"":0.0}",14.3964637
27070080135600,fov,3488,"{""zoom"":12.339999198913574,""hfov"":7.293355464935303,""vfov"":4.106302738189697,""state"":0,""max_aov_h"":90.0,""max_aov_v"":58.71550750732422,""min_aov_h"":1.40625,""min_aov_v"":0.7910428047180176,""max_zoom"":64.0}",14.3967615
27070091134900,gimbal,3489,"{""imu_roll"":0.0,""imu_pitch"":-9.967315673828125,""imu_yaw"":29.01873779296875,""frame_roll"":0.0,""frame_pitch"":-9.967315673828125,""frame_yaw"":29.01873779296875,""pitch_speed"":0.0,""yaw_speed"":0.0}",14.4077608
27070091443600,fov,3489,"{""zoom"":12.339999198913574,""hfov"":7.293355464935303,""vfov"":4.106302738189697,""state"":0,""max_aov_h"":90.0,""max_aov_v"":58.71550750732422,""min_aov_h"":1.40625,""min_aov_v"":0.7910428047180176,""max_zoom"":64.0}",14.4080695
27070109112900,gimbal,3490,"{""imu_roll"":0.0,""imu_pitch"":-9.97309684753418,""imu_yaw"":29.19231605529785,""frame_roll"":0.0,""frame_pitch"":-9.97309684753418,""frame_yaw"":29.19231605529785,""pitch_speed"":0.0,""yaw_speed"":0.0}",14.4257388
27070109446500,fov,3490,"{""zoom"":12.339999198913574,""hfov"":7.293355464935303,""vfov"":4.106302738189697,""state"":0,""max_aov_h"":90.0,""max_aov_v"":58.71550750732422,""min_aov_h"":1.40625,""min_aov_v"":0.7910428047180176,""max_zoom"":64.0}",14.4260724
27070120461700,attitude,1380,"{""message_type"":""ATTITUDE"",""time_boot_ms"":131070,""roll"":0.009221394546329975,""pitch"":0.9614246487617493,""yaw"":-2.0747761726379395,""rollspeed"":-0.00832045916467905,""pitchspeed"":7.426507949829102,""yawspeed"":2.3157618045806885}",14.4370876
27070121599100,gimbal,3491,"{""imu_roll"":0.0,""imu_pitch"":-9.976285934448242,""imu_yaw"":29.288068771362305,""frame_roll"":0.0,""frame_pitch"":-9.976285934448242,""frame_yaw"":29.288068771362305,""pitch_speed"":0.0,""yaw_speed"":0.0}",14.438225
27070122526800,fov,3491,"{""zoom"":12.339999198913574,""hfov"":7.293355464935303,""vfov"":4.106302738189697,""state"":0,""max_aov_h"":90.0,""max_aov_v"":58.71550750732422,""min_aov_h"":1.40625,""min_aov_v"":0.7910428047180176,""max_zoom"":64.0}",14.4391527
27070136862800,gimbal,3492,"{""imu_roll"":0.0,""imu_pitch"":-9.980232238769531,""imu_yaw"":29.406543731689453,""frame_roll"":0.0,""frame_pitch"":-9.980232238769531,""frame_yaw"":29.406543731689453,""pitch_speed"":0.0,""yaw_speed"":0.0}",14.4534887
27070137282000,fov,3492,"{""zoom"":12.339999198913574,""hfov"":7.293355464935303,""vfov"":4.106302738189697,""state"":0,""max_aov_h"":90.0,""max_aov_v"":58.71550750732422,""min_aov_h"":1.40625,""min_aov_v"":0.7910428047180176,""max_zoom"":64.0}",14.4539079
27070145412400,gimbal,3493,"{""imu_roll"":0.0,""imu_pitch"":-9.981916427612305,""imu_yaw"":29.457103729248047,""frame_roll"":0.0,""frame_pitch"":-9.981916427612305,""frame_yaw"":29.457103729248047,""pitch_speed"":0.0,""yaw_speed"":0.0}",14.4620383
27070146235300,fov,3493,"{""zoom"":12.339999198913574,""hfov"":7.293355464935303,""vfov"":4.106302738189697,""state"":0,""max_aov_h"":90.0,""max_aov_v"":58.71550750732422,""min_aov_h"":1.40625,""min_aov_v"":0.7910428047180176,""max_zoom"":64.0}",14.4628612
27070154665400,gimbal,3494,"{""imu_roll"":0.0,""imu_pitch"":-9.983538627624512,""imu_yaw"":29.50581169128418,""frame_roll"":0.0,""frame_pitch"":-9.983538627624512,""frame_yaw"":29.50581169128418,""pitch_speed"":0.0,""yaw_speed"":0.0}",14.4712913
27070154923300,fov,3494,"{""zoom"":12.339999198913574,""hfov"":7.293355464935303,""vfov"":4.106302738189697,""state"":0,""max_aov_h"":90.0,""max_aov_v"":58.71550750732422,""min_aov_h"":1.40625,""min_aov_v"":0.7910428047180176,""max_zoom"":64.0}",14.4715492
27070157927300,vfr,690,"{""message_type"":""VFR_HUD"",""airspeed"":40.49738693237305,""alt"":48.349998474121094}",14.4745532
27070158133000,position,690,"{""message_type"":""GLOBAL_POSITION_INT"",""lat"":469487419,""lon"":393475878}",14.4747589
27070158237200,attitude,1381,"{""message_type"":""ATTITUDE"",""time_boot_ms"":131110,""roll"":0.2688902020454407,""pitch"":1.2299901247024536,""yaw"":-1.7707725763320923,""rollspeed"":-0.5154937505722046,""pitchspeed"":7.061717987060547,""yawspeed"":2.3030924797058105}",14.4748631
27070168459600,gimbal,3495,"{""imu_roll"":0.0,""imu_pitch"":-9.985687255859375,""imu_yaw"":29.5703067779541,""frame_roll"":0.0,""frame_pitch"":-9.985687255859375,""frame_yaw"":29.5703067779541,""pitch_speed"":0.0,""yaw_speed"":0.0}",14.4850855
27070168972400,fov,3495,"{""zoom"":12.339999198913574,""hfov"":7.293355464935303,""vfov"":4.106302738189697,""state"":0,""max_aov_h"":90.0,""max_aov_v"":58.71550750732422,""min_aov_h"":1.40625,""min_aov_v"":0.7910428047180176,""max_zoom"":64.0}",14.4855983
27070177538100,gimbal,3496,"{""imu_roll"":0.0,""imu_pitch"":-9.987059593200684,""imu_yaw"":29.611495971679688,""frame_roll"":0.0,""frame_pitch"":-9.987059593200684,""frame_yaw"":29.611495971679688,""pitch_speed"":0.0,""yaw_speed"":0.0}",14.494164
27070178074100,fov,3496,"{""zoom"":12.339999198913574,""hfov"":7.293355464935303,""vfov"":4.106302738189697,""state"":0,""max_aov_h"":90.0,""max_aov_v"":58.71550750732422,""min_aov_h"":1.40625,""min_aov_v"":0.7910428047180176,""max_zoom"":64.0}",14.4947
27070178632100,range,1277,"{""message_type"":""GLOBAL_VISION_POSITION_ESTIMATE"",""x"":47.269744873046875,""y"":38.98548126220703}",14.495258
27070185094600,gimbal,3497,"{""imu_roll"":0.0,""imu_pitch"":-9.988154411315918,""imu_yaw"":29.64435577392578,""frame_roll"":0.0,""frame_pitch"":-9.988154411315918,""frame_yaw"":29.64435577392578,""pitch_speed"":0.0,""yaw_speed"":0.0}",14.5017205
27070185646500,fov,3497,"{""zoom"":12.339999198913574,""hfov"":7.293355464935303,""vfov"":4.106302738189697,""state"":0,""max_aov_h"":90.0,""max_aov_v"":58.71550750732422,""min_aov_h"":1.40625,""min_aov_v"":0.7910428047180176,""max_zoom"":64.0}",14.5022724
27070194107800,gimbal,3498,"{""imu_roll"":0.0,""imu_pitch"":-9.989204406738281,""imu_yaw"":29.675870895385742,""frame_roll"":0.0,""frame_pitch"":-9.989204406738281,""frame_yaw"":29.675870895385742,""pitch_speed"":0.0,""yaw_speed"":0.0}",14.5107337
27070194664300,fov,3498,"{""zoom"":12.339999198913574,""hfov"":7.293355464935303,""vfov"":4.106302738189697,""state"":0,""max_aov_h"":90.0,""max_aov_v"":58.71550750732422,""min_aov_h"":1.40625,""min_aov_v"":0.7910428047180176,""max_zoom"":64.0}",14.5112902
27070197640300,range,1278,"{""message_type"":""GLOBAL_VISION_POSITION_ESTIMATE"",""x"":47.269744873046875,""y"":38.98548126220703}",14.5142662
27070206811300,gimbal,3499,"{""imu_roll"":0.0,""imu_pitch"":-9.990338325500488,""imu_yaw"":29.709909439086914,""frame_roll"":0.0,""frame_pitch"":-9.990338325500488,""frame_yaw"":29.709909439086914,""pitch_speed"":0.0,""yaw_speed"":0.0}",14.5234372
27070207118500,fov,3499,"{""zoom"":12.339999198913574,""hfov"":7.293355464935303,""vfov"":4.106302738189697,""state"":0,""max_aov_h"":90.0,""max_aov_v"":58.71550750732422,""min_aov_h"":1.40625,""min_aov_v"":0.7910428047180176,""max_zoom"":64.0}",14.5237444
27070219302300,gimbal,3500,"{""imu_roll"":0.0,""imu_pitch"":-9.991713523864746,""imu_yaw"":29.751195907592773,""frame_roll"":0.0,""frame_pitch"":-9.991713523864746,""frame_yaw"":29.751195907592773,""pitch_speed"":0.0,""yaw_speed"":0.0}",14.5359282
27070219467600,attitude,1382,"{""message_type"":""ATTITUDE"",""time_boot_ms"":131170,""roll"":1.8858524560928345,""pitch"":1.3164570331573486,""yaw"":-0.05680711939930916,""rollspeed"":-1.2076032161712646,""pitchspeed"":6.459022521972656,""yawspeed"":2.302564859390259}",14.5360935
27070219852100,fov,3500,"{""zoom"":12.339999198913574,""hfov"":7.293355464935303,""vfov"":4.106302738189697,""state"":0,""max_aov_h"":90.0,""max_aov_v"":58.71550750732422,""min_aov_h"":1.40625,""min_aov_v"":0.7910428047180176,""max_zoom"":64.0}",14.536478
27070227842100,gimbal,3501,"{""imu_roll"":0.0,""imu_pitch"":-9.992378234863281,""imu_yaw"":29.771160125732422,""frame_roll"":0.0,""frame_pitch"":-9.992378234863281,""frame_yaw"":29.771160125732422,""pitch_speed"":0.0,""yaw_speed"":0.0}",14.544468
27070228234700,fov,3501,"{""zoom"":12.339999198913574,""hfov"":7.293355464935303,""vfov"":4.106302738189697,""state"":0,""max_aov_h"":90.0,""max_aov_v"":58.71550750732422,""min_aov_h"":1.40625,""min_aov_v"":0.7910428047180176,""max_zoom"":64.0}",14.5448606
27070239511000,gimbal,3502,"{""imu_roll"":0.0,""imu_pitch"":-9.993209838867188,""imu_yaw"":29.796138763427734,""frame_roll"":0.0,""frame_pitch"":-9.993209838867188,""frame_yaw"":29.796138763427734,""pitch_speed"":0.0,""yaw_speed"":0.0}",14.5561369
27070240007400,fov,3502,"{""zoom"":12.339999198913574,""hfov"":7.293355464935303,""vfov"":4.106302738189697,""state"":0,""max_aov_h"":90.0,""max_aov_v"":58.71550750732422,""min_aov_h"":1.40625,""min_aov_v"":0.7910428047180176,""max_zoom"":64.0}",14.5566333
27070254524800,gimbal,3503,"{""imu_roll"":0.0,""imu_pitch"":-9.994245529174805,""imu_yaw"":29.827234268188477,""frame_roll"":0.0,""frame_pitch"":-9.994245529174805,""frame_yaw"":29.827234268188477,""pitch_speed"":0.0,""yaw_speed"":0.0}",14.5711507
27070254882000,fov,3503,"{""zoom"":12.339999198913574,""hfov"":7.293355464935303,""vfov"":4.106302738189697,""state"":0,""max_aov_h"":90.0,""max_aov_v"":58.71550750732422,""min_aov_h"":1.40625,""min_aov_v"":0.7910428047180176,""max_zoom"":64.0}",14.5715079
27070256963100,position,691,"{""message_type"":""GLOBAL_POSITION_INT"",""lat"":469490014,""lon"":393476736}",14.573589
27070257135100,attitude,1383,"{""message_type"":""ATTITUDE"",""time_boot_ms"":131210,""roll"":2.2942919731140137,""pitch"":1.0821831226348877,""yaw"":0.4392426311969757,""rollspeed"":-1.6389433145523071,""pitchspeed"":6.029557704925537,""yawspeed"":2.312131881713867}",14.573761
27070257396500,vfr,691,"{""message_type"":""VFR_HUD"",""airspeed"":36.7973518371582,""alt"":49.22999954223633}",14.5740224
27070263307500,gimbal,3504,"{""imu_roll"":0.0,""imu_pitch"":-9.994744300842285,""imu_yaw"":29.84221839904785,""frame_roll"":0.0,""frame_pitch"":-9.994744300842285,""frame_yaw"":29.84221839904785,""pitch_speed"":0.0,""yaw_speed"":0.0}",14.5799334
27070263713800,fov,3504,"{""zoom"":12.339999198913574,""hfov"":7.293355464935303,""vfov"":4.106302738189697,""state"":0,""max_aov_h"":90.0,""max_aov_v"":58.71550750732422,""min_aov_h"":1.40625,""min_aov_v"":0.7910428047180176,""max_zoom"":64.0}",14.5803397
27070272835400,gimbal,3505,"{""imu_roll"":0.0,""imu_pitch"":-9.995298385620117,""imu_yaw"":29.858856201171875,""frame_roll"":0.0,""frame_pitch"":-9.995298385620117,""frame_yaw"":29.858856201171875,""pitch_speed"":0.0,""yaw_speed"":0.0}",14.5894613
27070273132900,fov,3505,"{""zoom"":12.339999198913574,""hfov"":7.293355464935303,""vfov"":4.106302738189697,""state"":0,""max_aov_h"":90.0,""max_aov_v"":58.71550750732422,""min_aov_h"":1.40625,""min_aov_v"":0.7910428047180176,""max_zoom"":64.0}",14.5897588
27070290150100,gimbal,3506,"{""imu_roll"":0.0,""imu_pitch"":-9.996068954467773,""imu_yaw"":29.88197898864746,""frame_roll"":0.0,""frame_pitch"":-9.996068954467773,""frame_yaw"":29.88197898864746,""pitch_speed"":0.0,""yaw_speed"":0.0}",14.606776
27070291197800,fov,3506,"{""zoom"":12.339999198913574,""hfov"":7.293355464935303,""vfov"":4.106302738189697,""state"":0,""max_aov_h"":90.0,""max_aov_v"":58.71550750732422,""min_aov_h"":1.40625,""min_aov_v"":0.7910428047180176,""max_zoom"":64.0}",14.6078237
27070297801500,gimbal,3507,"{""imu_roll"":0.0,""imu_pitch"":-9.9964017868042,""imu_yaw"":29.89198112487793,""frame_roll"":0.0,""frame_pitch"":-9.9964017868042,""frame_yaw"":29.89198112487793,""pitch_speed"":0.0,""yaw_speed"":0.0}",14.6144274
27070298111700,fov,3507,"{""zoom"":12.339999198913574,""hfov"":7.293355464935303,""vfov"":4.106302738189697,""state"":0,""max_aov_h"":90.0,""max_aov_v"":58.71550750732422,""min_aov_h"":1.40625,""min_aov_v"":0.7910428047180176,""max_zoom"":64.0}",14.6147376
27070307996700,gimbal,3508,"{""imu_roll"":0.0,""imu_pitch"":-9.996734619140625,""imu_yaw"":29.901981353759766,""frame_roll"":0.0,""frame_pitch"":-9.996734619140625,""frame_yaw"":29.901981353759766,""pitch_speed"":0.0,""yaw_speed"":0.0}",14.6246226
27070308459100,fov,3508,"{""zoom"":12.339999198913574,""hfov"":7.293355464935303,""vfov"":4.106302738189697,""state"":0,""max_aov_h"":90.0,""max_aov_v"":58.71550750732422,""min_aov_h"":1.40625,""min_aov_v"":0.7910428047180176,""max_zoom"":64.0}",14.625085
27070312677800,attitude,1384,"{""message_type"":""ATTITUDE"",""time_boot_ms"":131270,""roll"":2.3760082721710205,""pitch"":0.7063880562782288,""yaw"":0.6887876987457275,""rollspeed"":-2.0816116333007812,""pitchspeed"":5.447722911834717,""yawspeed"":2.3448169231414795}",14.6293037
27070318631900,gimbal,3509,"{""imu_roll"":0.0,""imu_pitch"":-9.997084617614746,""imu_yaw"":29.91248893737793,""frame_roll"":0.0,""frame_pitch"":-9.997084617614746,""frame_yaw"":29.91248893737793,""pitch_speed"":0.0,""yaw_speed"":0.0}",14.6352578
27070319792600,fov,3509,"{""zoom"":12.339999198913574,""hfov"":7.293355464935303,""vfov"":4.106302738189697,""state"":0,""max_aov_h"":90.0,""max_aov_v"":58.71550750732422,""min_aov_h"":1.40625,""min_aov_v"":0.7910428047180176,""max_zoom"":64.0}",14.6364185
27070333257800,gimbal,3510,"{""imu_roll"":0.0,""imu_pitch"":-9.99752426147461,""imu_yaw"":29.925674438476562,""frame_roll"":0.0,""frame_pitch"":-9.99752426147461,""frame_yaw"":29.925674438476562,""pitch_speed"":0.0,""yaw_speed"":0.0}",14.6498837
27070333532500,range,1279,"{""message_type"":""GLOBAL_VISION_POSITION_ESTIMATE"",""x"":47.31351852416992,""y"":39.60608673095703}",14.6501584
27070334178500,fov,3510,"{""zoom"":12.339999198913574,""hfov"":7.293355464935303,""vfov"":4.106302738189697,""state"":0,""max_aov_h"":90.0,""max_aov_v"":58.71550750732422,""min_aov_h"":1.40625,""min_aov_v"":0.7910428047180176,""max_zoom"":64.0}",14.6508044
27070341796400,gimbal,3511,"{""imu_roll"":0.0,""imu_pitch"":-9.997734069824219,""imu_yaw"":29.931962966918945,""frame_roll"":0.0,""frame_pitch"":-9.997734069824219,""frame_yaw"":29.931962966918945,""pitch_speed"":0.0,""yaw_speed"":0.0}",14.6584223
27070342323100,fov,3511,"{""zoom"":12.339999198913574,""hfov"":7.293355464935303,""vfov"":4.106302738189697,""state"":0,""max_aov_h"":90.0,""max_aov_v"":58.71550750732422,""min_aov_h"":1.40625,""min_aov_v"":0.7910428047180176,""max_zoom"":64.0}",14.658949
27070351003000,gimbal,3512,"{""imu_roll"":0.0,""imu_pitch"":-9.997947692871094,""imu_yaw"":29.938364028930664,""frame_roll"":0.0,""frame_pitch"":-9.997947692871094,""frame_yaw"":29.938364028930664,""pitch_speed"":0.0,""yaw_speed"":0.0}",14.6676289
27070351535200,fov,3512,"{""zoom"":12.339999198913574,""hfov"":7.293355464935303,""vfov"":4.106302738189697,""state"":0,""max_aov_h"":90.0,""max_aov_v"":58.71550750732422,""min_aov_h"":1.40625,""min_aov_v"":0.7910428047180176,""max_zoom"":64.0}",14.6681611
27070352415100,range,1280,"{""message_type"":""GLOBAL_VISION_POSITION_ESTIMATE"",""x"":47.31351852416992,""y"":39.60608673095703}",14.669041
27070352582500,attitude,1385,"{""message_type"":""ATTITUDE"",""time_boot_ms"":131310,""roll"":2.344717264175415,""pitch"":0.46987906098365784,""yaw"":0.7945299744606018,""rollspeed"":-2.3080804347991943,""pitchspeed"":5.07855749130249,""yawspeed"":2.3711955547332764}",14.6692084
27070352839300,vfr,692,"{""message_type"":""VFR_HUD"",""airspeed"":33.65861511230469,""alt"":50.099998474121094}",14.6694652
27070352917100,position,692,"{""message_type"":""GLOBAL_POSITION_INT"",""lat"":469490014,""lon"":393476736}",14.669543
27070368027600,gimbal,3513,"{""imu_roll"":0.0,""imu_pitch"":-9.998310089111328,""imu_yaw"":29.949237823486328,""frame_roll"":0.0,""frame_pitch"":-9.998310089111328,""frame_yaw"":29.949237823486328,""pitch_speed"":0.0,""yaw_speed"":0.0}",14.6846535
27070369147500,fov,3513,"{""zoom"":12.339999198913574,""hfov"":7.293355464935303,""vfov"":4.106302738189697,""state"":0,""max_aov_h"":90.0,""max_aov_v"":58.71550750732422,""min_aov_h"":1.40625,""min_aov_v"":0.7910428047180176,""max_zoom"":64.0}",14.6857734
27070386255900,gimbal,3514,"{""imu_roll"":0.0,""imu_pitch"":-9.998595237731934,""imu_yaw"":29.957813262939453,""frame_roll"":0.0,""frame_pitch"":-9.998595237731934,""frame_yaw"":29.957813262939453,""pitch_speed"":0.0,""yaw_speed"":0.0}",14.7028818
27070386643400,fov,3514,"{""zoom"":12.339999198913574,""hfov"":7.293355464935303,""vfov"":4.106302738189697,""state"":0,""max_aov_h"":90.0,""max_aov_v"":58.71550750732422,""min_aov_h"":1.40625,""min_aov_v"":0.7910428047180176,""max_zoom"":64.0}",14.7032693
27070398776800,gimbal,3515,"{""imu_roll"":0.0,""imu_pitch"":-9.998781204223633,""imu_yaw"":29.963409423828125,""frame_roll"":0.0,""frame_pitch"":-9.998781204223633,""frame_yaw"":29.963409423828125,""pitch_speed"":0.0,""yaw_speed"":0.0}",14.7154027
27070399266800,fov,3515,"{""zoom"":12.339999198913574,""hfov"":7.293355464935303,""vfov"":4.106302738189697,""state"":0,""max_aov_h"":90.0,""max_aov_v"":58.71550750732422,""min_aov_h"":1.40625,""min_aov_v"":0.7910428047180176,""max_zoom"":64.0}",14.7158927
27070410223300,attitude,1386,"{""message_type"":""ATTITUDE"",""time_boot_ms"":131370,""roll"":2.234372854232788,""pitch"":0.12880229949951172,""yaw"":0.9326440691947937,""rollspeed"":-2.5991790294647217,""pitchspeed"":4.608766078948975,""yawspeed"":2.411571502685547}",14.7268492
27070413126700,gimbal,3516,"{""imu_roll"":0.0,""imu_pitch"":-9.998952865600586,""imu_yaw"":29.968568801879883,""frame_roll"":0.0,""frame_pitch"":-9.998952865600586,""frame_yaw"":29.968568801879883,""pitch_speed"":0.0,""yaw_speed"":0.0}",14.7297526
27070413656500,fov,3516,"{""zoom"":12.339999198913574,""hfov"":7.293355464935303,""vfov"":4.106302738189697,""state"":0,""max_aov_h"":90.0,""max_aov_v"":58.71550750732422,""min_aov_h"":1.40625,""min_aov_v"":0.7910428047180176,""max_zoom"":64.0}",14.7302824
27070428154400,gimbal,3517,"{""imu_roll"":0.0,""imu_pitch"":-9.999109268188477,""imu_yaw"":29.973257064819336,""frame_roll"":0.0,""frame_pitch"":-9.999109268188477,""frame_yaw"":29.973257064819336,""pitch_speed"":0.0,""yaw_speed"":0.0}",14.7447803
27070428471400,fov,3517,"{""zoom"":12.339999198913574,""hfov"":7.293355464935303,""vfov"":4.106302738189697,""state"":0,""max_aov_h"":90.0,""max_aov_v"":58.71550750732422,""min_aov_h"":1.40625,""min_aov_v"":0.7910428047180176,""max_zoom"":64.0}",14.7450973
27070440855900,gimbal,3518,"{""imu_roll"":0.0,""imu_pitch"":-9.99921703338623,""imu_yaw"":29.97650146484375,""frame_roll"":0.0,""frame_pitch"":-9.99921703338623,""frame_yaw"":29.97650146484375,""pitch_speed"":0.0,""yaw_speed"":0.0}",14.7574818
27070441668300,fov,3518,"{""zoom"":12.339999198913574,""hfov"":7.293355464935303,""vfov"":4.106302738189697,""state"":0,""max_aov_h"":90.0,""max_aov_v"":58.71550750732422,""min_aov_h"":1.40625,""min_aov_v"":0.7910428047180176,""max_zoom"":64.0}",14.7582942
27070449285200,attitude,1387,"{""message_type"":""ATTITUDE"",""time_boot_ms"":131410,""roll"":2.1245174407958984,""pitch"":-0.09878473728895187,""yaw"":1.0287234783172607,""rollspeed"":-2.7582218647003174,""pitchspeed"":4.374532222747803,""yawspeed"":2.441145658493042}",14.7659111
27070449608500,vfr,693,"{""message_type"":""VFR_HUD"",""airspeed"":30.93781852722168,""alt"":50.72999954223633}",14.7662344
27070450211800,position,693,"{""message_type"":""GLOBAL_POSITION_INT"",""lat"":469491476,""lon"":393480424}",14.7668377
27070457887800,gimbal,3519,"{""imu_roll"":0.0,""imu_pitch"":-9.999360084533691,""imu_yaw"":29.980789184570312,""frame_roll"":0.0,""frame_pitch"":-9.999360084533691,""frame_yaw"":29.980789184570312,""pitch_speed"":0.0,""yaw_speed"":0.0}",14.7745137
27070458773500,fov,3519,"{""zoom"":12.339999198913574,""hfov"":7.293355464935303,""vfov"":4.106302738189697,""state"":0,""max_aov_h"":90.0,""max_aov_v"":58.71550750732422,""min_aov_h"":1.40625,""min_aov_v"":0.7910428047180176,""max_zoom"":64.0}",14.7753994
27070468875100,gimbal,3520,"{""imu_roll"":0.0,""imu_pitch"":-9.99942684173584,""imu_yaw"":29.9827823638916,""frame_roll"":0.0,""frame_pitch"":-9.99942684173584,""frame_yaw"":29.9827823638916,""pitch_speed"":0.0,""yaw_speed"":0.0}",14.785501
27070469186400,fov,3520,"{""zoom"":12.339999198913574,""hfov"":7.293355464935303,""vfov"":4.106302738189697,""state"":0,""max_aov_h"":90.0,""max_aov_v"":58.71550750732422,""min_aov_h"":1.40625,""min_aov_v"":0.7910428047180176,""max_zoom"":64.0}",14.7858123
27070480546500,gimbal,3521,"{""imu_roll"":0.0,""imu_pitch"":-9.99949836730957,""imu_yaw"":29.984922409057617,""frame_roll"":0.0,""frame_pitch"":-9.99949836730957,""frame_yaw"":29.984922409057617,""pitch_speed"":0.0,""yaw_speed"":0.0}",14.7971724
27070480919300,fov,3521,"{""zoom"":12.339999198913574,""hfov"":7.293355464935303,""vfov"":4.106302738189697,""state"":0,""max_aov_h"":90.0,""max_aov_v"":58.71550750732422,""min_aov_h"":1.40625,""min_aov_v"":0.7910428047180176,""max_zoom"":64.0}",14.7975452
27070488022100,range,1281,"{""message_type"":""GLOBAL_VISION_POSITION_ESTIMATE"",""x"":46.949344635009766,""y"":39.34839630126953}",14.804648
27070499696700,gimbal,3522,"{""imu_roll"":0.0,""imu_pitch"":-9.999589920043945,""imu_yaw"":29.98766326904297,""frame_roll"":0.0,""frame_pitch"":-9.999589920043945,""frame_yaw"":29.98766326904297,""pitch_speed"":0.0,""yaw_speed"":0.0}",14.8163226
27070500096300,fov,3522,"{""zoom"":12.339999198913574,""hfov"":7.293355464935303,""vfov"":4.106302738189697,""state"":0,""max_aov_h"":90.0,""max_aov_v"":58.71550750732422,""min_aov_h"":1.40625,""min_aov_v"":0.7910428047180176,""max_zoom"":64.0}",14.8167222
27070501791300,attitude,1388,"{""message_type"":""ATTITUDE"",""time_boot_ms"":131470,""roll"":1.8996926546096802,""pitch"":-0.4055761694908142,""yaw"":1.216259241104126,""rollspeed"":-2.982264280319214,""pitchspeed"":3.9626963138580322,""yawspeed"":2.4899284839630127}",14.8184172
27070502142700,range,1282,"{""message_type"":""GLOBAL_VISION_POSITION_ESTIMATE"",""x"":46.949344635009766,""y"":39.34839630126953}",14.8187686
27070510375500,gimbal,3523,"{""imu_roll"":0.0,""imu_pitch"":-9.999638557434082,""imu_yaw"":29.989131927490234,""frame_roll"":0.0,""frame_pitch"":-9.999638557434082,""frame_yaw"":29.989131927490234,""pitch_speed"":0.0,""yaw_speed"":0.0}",14.8270014
27070510712900,fov,3523,"{""zoom"":12.339999198913574,""hfov"":7.293355464935303,""vfov"":4.106302738189697,""state"":0,""max_aov_h"":90.0,""max_aov_v"":58.71550750732422,""min_aov_h"":1.40625,""min_aov_v"":0.7910428047180176,""max_zoom"":64.0}",14.8273388
27070523069300,gimbal,3524,"{""imu_roll"":0.0,""imu_pitch"":-9.99968433380127,""imu_yaw"":29.990503311157227,""frame_roll"":0.0,""frame_pitch"":-9.99968433380127,""frame_yaw"":29.990503311157227,""pitch_speed"":0.0,""yaw_speed"":0.0}",14.8396952
27070523404300,fov,3524,"{""zoom"":12.339999198913574,""hfov"":7.293355464935303,""vfov"":4.106302738189697,""state"":0,""max_aov_h"":90.0,""max_aov_v"":58.71550750732422,""min_aov_h"":1.40625,""min_aov_v"":0.7910428047180176,""max_zoom"":64.0}",14.8400302
27070537741200,vfr,694,"{""message_type"":""VFR_HUD"",""airspeed"":28.729629516601562,""alt"":51.16999816894531}",14.8543671
27070538028200,position,694,"{""message_type"":""GLOBAL_POSITION_INT"",""lat"":469491476,""lon"":393480424}",14.8546541
27070538181400,attitude,1389,"{""message_type"":""ATTITUDE"",""time_boot_ms"":131510,""roll"":1.6972756385803223,""pitch"":-0.5782121419906616,""yaw"":1.3848692178726196,""rollspeed"":-3.097611904144287,""pitchspeed"":3.667113780975342,""yawspeed"":2.522371768951416}",14.8548073
27070542239700,gimbal,3525,"{""imu_roll"":0.0,""imu_pitch"":-9.999740600585938,""imu_yaw"":29.9921932220459,""frame_roll"":0.0,""frame_pitch"":-9.999740600585938,""frame_yaw"":29.9921932220459,""pitch_speed"":0.0,""yaw_speed"":0.0}",14.8588656
27070542502100,fov,3525,"{""zoom"":12.339999198913574,""hfov"":7.293355464935303,""vfov"":4.106302738189697,""state"":0,""max_aov_h"":90.0,""max_aov_v"":58.71550750732422,""min_aov_h"":1.40625,""min_aov_v"":0.7910428047180176,""max_zoom"":64.0}",14.859128
27070552692100,gimbal,3526,"{""imu_roll"":0.0,""imu_pitch"":-9.999770164489746,""imu_yaw"":29.99306869506836,""frame_roll"":0.0,""frame_pitch"":-9.999770164489746,""frame_yaw"":29.99306869506836,""pitch_speed"":0.0,""yaw_speed"":0.0}",14.869318
27070553157600,fov,3526,"{""zoom"":12.339999198913574,""hfov"":7.293355464935303,""vfov"":4.106302738189697,""state"":0,""max_aov_h"":90.0,""max_aov_v"":58.71550750732422,""min_aov_h"":1.40625,""min_aov_v"":0.7910428047180176,""max_zoom"":64.0}",14.8697835
27070564336700,gimbal,3527,"{""imu_roll"":0.0,""imu_pitch"":-9.999798774719238,""imu_yaw"":29.993940353393555,""frame_roll"":0.0,""frame_pitch"":-9.999798774719238,""frame_yaw"":29.993940353393555,""pitch_speed"":0.0,""yaw_speed"":0.0}",14.8809626
27070564741500,fov,3527,"{""zoom"":12.339999198913574,""hfov"":7.293355464935303,""vfov"":4.106302738189697,""state"":0,""max_aov_h"":90.0,""max_aov_v"":58.71550750732422,""min_aov_h"":1.40625,""min_aov_v"":0.7910428047180176,""max_zoom"":64.0}",14.8813674
27070583614000,gimbal,3528,"{""imu_roll"":0.0,""imu_pitch"":-9.999835968017578,""imu_yaw"":29.995058059692383,""frame_roll"":0.0,""frame_pitch"":-9.999835968017578,""frame_yaw"":29.995058059692383,""pitch_speed"":0.0,""yaw_speed"":0.0}",14.9002399
27070583911500,fov,3528,"{""zoom"":12.339999198913574,""hfov"":7.293355464935303,""vfov"":4.106302738189697,""state"":0,""max_aov_h"":90.0,""max_aov_v"":58.71550750732422,""min_aov_h"":1.40625,""min_aov_v"":0.7910428047180176,""max_zoom"":64.0}",14.9005374
27070588918700,attitude,1390,"{""message_type"":""ATTITUDE"",""time_boot_ms"":131570,""roll"":1.2895351648330688,""pitch"":-0.7663686275482178,""yaw"":1.7285329103469849,""rollspeed"":-3.2874608039855957,""pitchspeed"":3.197622060775757,""yawspeed"":2.5793569087982178}",14.9055446
27070594977200,gimbal,3529,"{""imu_roll"":0.0,""imu_pitch"":-9.99985408782959,""imu_yaw"":29.9956111907959,""frame_roll"":0.0,""frame_pitch"":-9.99985408782959,""frame_yaw"":29.9956111907959,""pitch_speed"":0.0,""yaw_speed"":0.0}",14.9116031
27070595431500,fov,3529,"{""zoom"":12.339999198913574,""hfov"":7.293355464935303,""vfov"":4.106302738189697,""state"":0,""max_aov_h"":90.0,""max_aov_v"":58.71550750732422,""min_aov_h"":1.40625,""min_aov_v"":0.7910428047180176,""max_zoom"":64.0}",14.9120574
27070607530600,gimbal,3530,"{""imu_roll"":0.0,""imu_pitch"":-9.999873161315918,""imu_yaw"":29.996192932128906,""frame_roll"":0.0,""frame_pitch"":-9.999873161315918,""frame_yaw"":29.996192932128906,""pitch_speed"":0.0,""yaw_speed"":0.0}",14.9241565
27070607819200,fov,3530,"{""zoom"":12.339999198913574,""hfov"":7.293355464935303,""vfov"":4.106302738189697,""state"":0,""max_aov_h"":90.0,""max_aov_v"":58.71550750732422,""min_aov_h"":1.40625,""min_aov_v"":0.7910428047180176,""max_zoom"":64.0}",14.9244451
27070625707400,gimbal,3531,"{""imu_roll"":0.0,""imu_pitch"":-9.999896049499512,""imu_yaw"":29.99688148498535,""frame_roll"":0.0,""frame_pitch"":-9.999896049499512,""frame_yaw"":29.99688148498535,""pitch_speed"":0.0,""yaw_speed"":0.0}",14.9423333
27070626083600,fov,3531,"{""zoom"":12.339999198913574,""hfov"":7.293355464935303,""vfov"":4.106302738189697,""state"":0,""max_aov_h"":90.0,""max_aov_v"":58.71550750732422,""min_aov_h"":1.40625,""min_aov_v"":0.7910428047180176,""max_zoom"":64.0}",14.9427095
27070639592900,vfr,695,"{""message_type"":""VFR_HUD"",""airspeed"":26.882858276367188,""alt"":51.56999969482422}",14.9562188
27070640162300,gimbal,3532,"{""imu_roll"":0.0,""imu_pitch"":-9.999910354614258,""imu_yaw"":29.997304916381836,""frame_roll"":0.0,""frame_pitch"":-9.999910354614258,""frame_yaw"":29.997304916381836,""pitch_speed"":0.0,""yaw_speed"":0.0}",14.9567882
27070640627100,fov,3532,"{""zoom"":12.339999198913574,""hfov"":7.293355464935303,""vfov"":4.106302738189697,""state"":0,""max_aov_h"":90.0,""max_aov_v"":58.71550750732422,""min_aov_h"":1.40625,""min_aov_v"":0.7910428047180176,""max_zoom"":64.0}",14.957253
27070640845600,position,695,"{""message_type"":""GLOBAL_POSITION_INT"",""lat"":469490039,""lon"":393480592}",14.9574715
27070641729300,attitude,1391,"{""message_type"":""ATTITUDE"",""time_boot_ms"":131610,""roll"":0.9600512981414795,""pitch"":-0.8382554054260254,""yaw"":1.9754325151443481,""rollspeed"":-3.3954145908355713,""pitchspeed"":2.852018356323242,""yawspeed"":2.6231143474578857}",14.9583552
27070643746800,range,1283,"{""message_type"":""GLOBAL_VISION_POSITION_ESTIMATE"",""x"":46.9488639831543,""y"":39.348121643066406}",14.9603727
27070651283700,gimbal,3533,"{""imu_roll"":0.0,""imu_pitch"":-10.0,""imu_yaw"":29.997634887695312,""frame_roll"":0.0,""frame_pitch"":-10.0,""frame_yaw"":29.997634887695312,""pitch_speed"":0.0,""yaw_speed"":0.0}",14.9679096
27070651612300,fov,3533,"{""zoom"":12.339999198913574,""hfov"":7.293355464935303,""vfov"":4.106302738189697,""state"":0,""max_aov_h"":90.0,""max_aov_v"":58.71550750732422,""min_aov_h"":1.40625,""min_aov_v"":0.7910428047180176,""max_zoom"":64.0}",14.9682382
27070656793200,range,1284,"{""message_type"":""GLOBAL_VISION_POSITION_ESTIMATE"",""x"":46.9488639831543,""y"":39.348121643066406}",14.9734191
27070671649800,gimbal,3534,"{""imu_roll"":0.0,""imu_pitch"":-10.0,""imu_yaw"":29.998085021972656,""frame_roll"":0.0,""frame_pitch"":-10.0,""frame_yaw"":29.998085021972656,""pitch_speed"":0.0,""yaw_speed"":0.0}",14.9882757
27070672046200,fov,3534,"{""zoom"":12.339999198913574,""hfov"":7.293355464935303,""vfov"":4.106302738189697,""state"":0,""max_aov_h"":90.0,""max_aov_v"":58.71550750732422,""min_aov_h"":1.40625,""min_aov_v"":0.7910428047180176,""max_zoom"":64.0}",14.9886721
27070684653700,gimbal,3535,"{""imu_roll"":0.0,""imu_pitch"":-10.0,""imu_yaw"":29.99834632873535,""frame_roll"":0.0,""frame_pitch"":-10.0,""frame_yaw"":29.99834632873535,""pitch_speed"":0.0,""yaw_speed"":0.0}",15.0012796
27070684877900,fov,3535,"{""zoom"":12.339999198913574,""hfov"":7.293355464935303,""vfov"":4.106302738189697,""state"":0,""max_aov_h"":90.0,""max_aov_v"":58.71550750732422,""min_aov_h"":1.40625,""min_aov_v"":0.7910428047180176,""max_zoom"":64.0}",15.0015038
27070690776800,attitude,1392,"{""message_type"":""ATTITUDE"",""time_boot_ms"":131670,""roll"":0.4205746650695801,""pitch"":-0.8510943651199341,""yaw"":2.3772757053375244,""rollspeed"":-3.602107524871826,""pitchspeed"":2.3484315872192383,""yawspeed"":2.698754072189331}",15.0074027
27070703009100,gimbal,3536,"{""imu_roll"":0.0,""imu_pitch"":-10.0,""imu_yaw"":29.998653411865234,""frame_roll"":0.0,""frame_pitch"":-10.0,""frame_yaw"":29.998653411865234,""pitch_speed"":0.0,""yaw_speed"":0.0}",15.019635
27070703335300,fov,3536,"{""zoom"":12.339999198913574,""hfov"":7.293355464935303,""vfov"":4.106302738189697,""state"":0,""max_aov_h"":90.0,""max_aov_v"":58.71550750732422,""min_aov_h"":1.40625,""min_aov_v"":0.7910428047180176,""max_zoom"":64.0}",15.0199612
27070714514000,gimbal,3537,"{""imu_roll"":0.0,""imu_pitch"":-10.0,""imu_yaw"":29.998809814453125,""frame_roll"":0.0,""frame_pitch"":-10.0,""frame_yaw"":29.998809814453125,""pitch_speed"":0.0,""yaw_speed"":0.0}",15.0311399
27070714951800,fov,3537,"{""zoom"":12.339999198913574,""hfov"":7.293355464935303,""vfov"":4.106302738189697,""state"":0,""max_aov_h"":90.0,""max_aov_v"":58.71550750732422,""min_aov_h"":1.40625,""min_aov_v"":0.7910428047180176,""max_zoom"":64.0}",15.0315777
27070727568000,gimbal,3538,"{""imu_roll"":0.0,""imu_pitch"":-10.0,""imu_yaw"":29.99896240234375,""frame_roll"":0.0,""frame_pitch"":-10.0,""frame_yaw"":29.99896240234375,""pitch_speed"":0.0,""yaw_speed"":0.0}",15.0441939
27070727911500,fov,3538,"{""zoom"":12.339999198913574,""hfov"":7.293355464935303,""vfov"":4.106302738189697,""state"":0,""max_aov_h"":90.0,""max_aov_v"":58.71550750732422,""min_aov_h"":1.40625,""min_aov_v"":0.7910428047180176,""max_zoom"":64.0}",15.0445374
27070733602500,position,696,"{""message_type"":""GLOBAL_POSITION_INT"",""lat"":469490039,""lon"":393480592}",15.0502284
27070733773700,attitude,1393,"{""message_type"":""ATTITUDE"",""time_boot_ms"":131710,""roll"":0.07870589196681976,""pitch"":-0.8003302216529846,""yaw"":2.617842674255371,""rollspeed"":-3.727508544921875,""pitchspeed"":2.0031659603118896,""yawspeed"":2.7434942722320557}",15.0503996
27070734015700,vfr,696,"{""message_type"":""VFR_HUD"",""airspeed"":25.269954681396484,""alt"":51.86000061035156}",15.0506416
27070747477300,gimbal,3539,"{""imu_roll"":0.0,""imu_pitch"":-10.0,""imu_yaw"":29.99916648864746,""frame_roll"":0.0,""frame_pitch"":-10.0,""frame_yaw"":29.99916648864746,""pitch_speed"":0.0,""yaw_speed"":0.0}",15.0641032
27070748211000,fov,3539,"{""zoom"":12.339999198913574,""hfov"":7.293355464935303,""vfov"":4.106302738189697,""state"":0,""max_aov_h"":90.0,""max_aov_v"":58.71550750732422,""min_aov_h"":1.40625,""min_aov_v"":0.7910428047180176,""max_zoom"":64.0}",15.0648369
27070757970200,gimbal,3540,"{""imu_roll"":0.0,""imu_pitch"":-10.0,""imu_yaw"":29.99925422668457,""frame_roll"":0.0,""frame_pitch"":-10.0,""frame_yaw"":29.99925422668457,""pitch_speed"":0.0,""yaw_speed"":0.0}",15.0745961
27070758662500,fov,3540,"{""zoom"":12.339999198913574,""hfov"":7.293355464935303,""vfov"":4.106302738189697,""state"":0,""max_aov_h"":90.0,""max_aov_v"":58.71550750732422,""min_aov_h"":1.40625,""min_aov_v"":0.7910428047180176,""max_zoom"":64.0}",15.0752884
27070770068500,gimbal,3541,"{""imu_roll"":0.0,""imu_pitch"":-10.0,""imu_yaw"":29.999345779418945,""frame_roll"":0.0,""frame_pitch"":-10.0,""frame_yaw"":29.999345779418945,""pitch_speed"":0.0,""yaw_speed"":0.0}",15.0866944
27070771162300,fov,3541,"{""zoom"":12.339999198913574,""hfov"":7.293355464935303,""vfov"":4.106302738189697,""state"":0,""max_aov_h"":90.0,""max_aov_v"":58.71550750732422,""min_aov_h"":1.40625,""min_aov_v"":0.7910428047180176,""max_zoom"":64.0}",15.0877882
27070789507400,gimbal,3542,"{""imu_roll"":0.0,""imu_pitch"":-10.0,""imu_yaw"":29.999469757080078,""frame_roll"":0.0,""frame_pitch"":-10.0,""frame_yaw"":29.999469757080078,""pitch_speed"":0.0,""yaw_speed"":0.0}",15.1061333
27070789969000,fov,3542,"{""zoom"":12.339999198913574,""hfov"":7.293355464935303,""vfov"":4.106302738189697,""state"":0,""max_aov_h"":90.0,""max_aov_v"":58.71550750732422,""min_aov_h"":1.40625,""min_aov_v"":0.7910428047180176,""max_zoom"":64.0}",15.1065949
27070791235400,attitude,1394,"{""message_type"":""ATTITUDE"",""time_boot_ms"":131770,""roll"":-0.3568594753742218,""pitch"":-0.6619714498519897,""yaw"":2.8919296264648438,""rollspeed"":-3.7733547687530518,""pitchspeed"":1.4835114479064941,""yawspeed"":2.79608416557312}",15.1078613
27070798735500,range,1285,"{""message_type"":""GLOBAL_VISION_POSITION_ESTIMATE"",""x"":46.948604583740234,""y"":39.34795379638672}",15.1153614
27070800074700,gimbal,3543,"{""imu_roll"":0.0,""imu_pitch"":-10.0,""imu_yaw"":29.999526977539062,""frame_roll"":0.0,""frame_pitch"":-10.0,""frame_yaw"":29.999526977539062,""pitch_speed"":0.0,""yaw_speed"":0.0}",15.1167006
27070801860300,fov,3543,"{""zoom"":12.339999198913574,""hfov"":7.293355464935303,""vfov"":4.106302738189697,""state"":0,""max_aov_h"":90.0,""max_aov_v"":58.71550750732422,""min_aov_h"":1.40625,""min_aov_v"":0.7910428047180176,""max_zoom"":64.0}",15.1184862
27070811738300,range,1286,"{""message_type"":""GLOBAL_VISION_POSITION_ESTIMATE"",""x"":46.948604583740234,""y"":39.34795379638672}",15.1283642
27070822712100,gimbal,3544,"{""imu_roll"":0.0,""imu_pitch"":-10.0,""imu_yaw"":29.99962615966797,""frame_roll"":0.0,""frame_pitch"":-10.0,""frame_yaw"":29.99962615966797,""pitch_speed"":0.0,""yaw_speed"":0.0}",15.139338
27070823040700,fov,3544,"{""zoom"":12.339999198913574,""hfov"":7.293355464935303,""vfov"":4.106302738189697,""state"":0,""max_aov_h"":90.0,""max_aov_v"":58.71550750732422,""min_aov_h"":1.40625,""min_aov_v"":0.7910428047180176,""max_zoom"":64.0}",15.1396666
27070831479900,gimbal,3545,"{""imu_roll"":0.0,""imu_pitch"":-10.0,""imu_yaw"":29.999664306640625,""frame_roll"":0.0,""frame_pitch"":-10.0,""frame_yaw"":29.999664306640625,""pitch_speed"":0.0,""yaw_speed"":0.0}",15.1481058
27070831889800,fov,3545,"{""zoom"":12.339999198913574,""hfov"":7.293355464935303,""vfov"":4.106302738189697,""state"":0,""max_aov_h"":90.0,""max_aov_v"":58.71550750732422,""min_aov_h"":1.40625,""min_aov_v"":0.7910428047180176,""max_zoom"":64.0}",15.1485157
27070835152200,attitude,1395,"{""message_type"":""ATTITUDE"",""time_boot_ms"":131810,""roll"":-0.5799632668495178,""pitch"":-0.565071165561676,""yaw"":3.0070242881774902,""rollspeed"":-3.7299861907958984,""pitchspeed"":1.1445316076278687,""yawspeed"":2.8214519023895264}",15.1517781
27070835450400,vfr,697,"{""message_type"":""VFR_HUD"",""airspeed"":23.82163429260254,""alt"":52.05999755859375}",15.1520763
27070835569900,position,697,"{""message_type"":""GLOBAL_POSITION_INT"",""lat"":469488637,""lon"":393479255}",15.1521958
27070845291200,gimbal,3546,"{""imu_roll"":0.0,""imu_pitch"":-10.0,""imu_yaw"":29.999710083007812,""frame_roll"":0.0,""frame_pitch"":-10.0,""frame_yaw"":29.999710083007812,""pitch_speed"":0.0,""yaw_speed"":0.0}",15.1619171
27070845690700,fov,3546,"{""zoom"":12.339999198913574,""hfov"":7.293355464935303,""vfov"":4.106302738189697,""state"":0,""max_aov_h"":90.0,""max_aov_v"":58.71550750732422,""min_aov_h"":1.40625,""min_aov_v"":0.7910428047180176,""max_zoom"":64.0}",15.1623166
27070863802500,gimbal,3547,"{""imu_roll"":0.0,""imu_pitch"":-10.0,""imu_yaw"":29.9997615814209,""frame_roll"":0.0,""frame_pitch"":-10.0,""frame_yaw"":29.9997615814209,""pitch_speed"":0.0,""yaw_speed"":0.0}",15.1804284
27070864294700,fov,3547,"{""zoom"":12.339999198913574,""hfov"":7.293355464935303,""vfov"":4.106302738189697,""state"":0,""max_aov_h"":90.0,""max_aov_v"":58.71550750732422,""min_aov_h"":1.40625,""min_aov_v"":0.7910428047180176,""max_zoom"":64.0}",15.1809206
27070872269300,gimbal,3548,"{""imu_roll"":0.0,""imu_pitch"":-10.0,""imu_yaw"":29.999784469604492,""frame_roll"":0.0,""frame_pitch"":-10.0,""frame_yaw"":29.999784469604492,""pitch_speed"":0.0,""yaw_speed"":0.0}",15.1888952
27070872626400,fov,3548,"{""zoom"":12.339999198913574,""hfov"":7.293355464935303,""vfov"":4.106302738189697,""state"":0,""max_aov_h"":90.0,""max_aov_v"":58.71550750732422,""min_aov_h"":1.40625,""min_aov_v"":0.7910428047180176,""max_zoom"":64.0}",15.1892523
27070884268300,gimbal,3549,"{""imu_roll"":0.0,""imu_pitch"":-10.0,""imu_yaw"":29.99981117248535,""frame_roll"":0.0,""frame_pitch"":-10.0,""frame_yaw"":29.99981117248535,""pitch_speed"":0.0,""yaw_speed"":0.0}",15.2008942
27070884608300,fov,3549,"{""zoom"":12.339999198913574,""hfov"":7.293355464935303,""vfov"":4.106302738189697,""state"":0,""max_aov_h"":90.0,""max_aov_v"":58.71550750732422,""min_aov_h"":1.40625,""min_aov_v"":0.7910428047180176,""max_zoom"":64.0}",15.2012342
27070887374500,attitude,1396,"{""message_type"":""ATTITUDE"",""time_boot_ms"":131870,""roll"":-0.8509104251861572,""pitch"":-0.4399104416370392,""yaw"":3.124377489089966,""rollspeed"":-3.5797488689422607,""pitchspeed"":0.662311851978302,""yawspeed"":2.845899820327759}",15.2040004
27070902572100,gimbal,3550,"{""imu_roll"":0.0,""imu_pitch"":-10.0,""imu_yaw"":29.99984359741211,""frame_roll"":0.0,""frame_pitch"":-10.0,""frame_yaw"":29.99984359741211,""pitch_speed"":0.0,""yaw_speed"":0.0}",15.219198
27070902866300,fov,3550,"{""zoom"":12.339999198913574,""hfov"":7.293355464935303,""vfov"":4.106302738189697,""state"":0,""max_aov_h"":90.0,""max_aov_v"":58.71550750732422,""min_aov_h"":1.40625,""min_aov_v"":0.7910428047180176,""max_zoom"":64.0}",15.2194922
27070913387300,gimbal,3551,"{""imu_roll"":0.0,""imu_pitch"":-10.0,""imu_yaw"":29.999860763549805,""frame_roll"":0.0,""frame_pitch"":-10.0,""frame_yaw"":29.999860763549805,""pitch_speed"":0.0,""yaw_speed"":0.0}",15.2300132
27070913876400,fov,3551,"{""zoom"":12.339999198913574,""hfov"":7.293355464935303,""vfov"":4.106302738189697,""state"":0,""max_aov_h"":90.0,""max_aov_v"":58.71550750732422,""min_aov_h"":1.40625,""min_aov_v"":0.7910428047180176,""max_zoom"":64.0}",15.2305023
27070923619700,gimbal,3552,"{""imu_roll"":0.0,""imu_pitch"":-10.0,""imu_yaw"":29.999876022338867,""frame_roll"":0.0,""frame_pitch"":-10.0,""frame_yaw"":29.999876022338867,""pitch_speed"":0.0,""yaw_speed"":0.0}",15.2402456
27070923979300,fov,3552,"{""zoom"":12.339999198913574,""hfov"":7.293355464935303,""vfov"":4.106302738189697,""state"":0,""max_aov_h"":90.0,""max_aov_v"":58.71550750732422,""min_aov_h"":1.40625,""min_aov_v"":0.7910428047180176,""max_zoom"":64.0}",15.2406052
27070936938600,attitude,1397,"{""message_type"":""ATTITUDE"",""time_boot_ms"":131910,""roll"":-1.0128306150436401,""pitch"":-0.3521701693534851,""yaw"":-3.0920941829681396,""rollspeed"":-3.4353079795837402,""pitchspeed"":0.3568398952484131,""yawspeed"":2.856674909591675}",15.2535645
27070937245100,vfr,698,"{""message_type"":""VFR_HUD"",""airspeed"":22.637575149536133,""alt"":52.09000015258789}",15.253871
27070937330200,position,698,"{""message_type"":""GLOBAL_POSITION_INT"",""lat"":469488637,""lon"":393479255}",15.2539561
27070943838200,gimbal,3553,"{""imu_roll"":0.0,""imu_pitch"":-10.0,""imu_yaw"":29.999900817871094,""frame_roll"":0.0,""frame_pitch"":-10.0,""frame_yaw"":29.999900817871094,""pitch_speed"":0.0,""yaw_speed"":0.0}",15.2604641
27070944215500,fov,3553,"{""zoom"":12.339999198913574,""hfov"":7.293355464935303,""vfov"":4.106302738189697,""state"":0,""max_aov_h"":90.0,""max_aov_v"":58.71550750732422,""min_aov_h"":1.40625,""min_aov_v"":0.7910428047180176,""max_zoom"":64.0}",15.2608414
27070954067400,range,1287,"{""message_type"":""GLOBAL_VISION_POSITION_ESTIMATE"",""x"":46.54963302612305,""y"":39.25120162963867}",15.2706933
27070955068500,gimbal,3554,"{""imu_roll"":0.0,""imu_pitch"":-10.0,""imu_yaw"":30.0,""frame_roll"":0.0,""frame_pitch"":-10.0,""frame_yaw"":30.0,""pitch_speed"":0.0,""yaw_speed"":0.0}",15.2716944
27070955686100,fov,3554,"{""zoom"":12.339999198913574,""hfov"":7.293355464935303,""vfov"":4.106302738189697,""state"":0,""max_aov_h"":90.0,""max_aov_v"":58.71550750732422,""min_aov_h"":1.40625,""min_aov_v"":0.7910428047180176,""max_zoom"":64.0}",15.272312
27070966816500,gimbal,3555,"{""imu_roll"":0.0,""imu_pitch"":-10.0,""imu_yaw"":30.0,""frame_roll"":0.0,""frame_pitch"":-10.0,""frame_yaw"":30.0,""pitch_speed"":0.0,""yaw_speed"":0.0}",15.2834424
27070967204600,fov,3555,"{""zoom"":12.339999198913574,""hfov"":7.293355464935303,""vfov"":4.106302738189697,""state"":0,""max_aov_h"":90.0,""max_aov_v"":58.71550750732422,""min_aov_h"":1.40625,""min_aov_v"":0.7910428047180176,""max_zoom"":64.0}",15.2838305
27070969741800,range,1288,"{""message_type"":""GLOBAL_VISION_POSITION_ESTIMATE"",""x"":46.54963302612305,""y"":39.25120162963867}",15.2863677
