recv_monotonic_ns,stream,stream_seq,payload_json,session_time_s
8738418537600,target_offset,395,"{""x_angle_offset"":-0.09375,""y_angle_offset"":0.10873242130985966}",-4.9838886
8738423544600,attitude,1149,"{""message_type"":""ATTITUDE"",""time_boot_ms"":119770,""roll"":-0.1098955050110817,""pitch"":0.17092542350292206,""yaw"":3.0467114448547363,""rollspeed"":-0.09575466811656952,""pitchspeed"":0.004935726523399353,""yawspeed"":-0.03441315144300461}",-4.9788816
8738435279500,range,1098,"{""message_type"":""GLOBAL_VISION_POSITION_ESTIMATE"",""x"":46.94883728027344,""y"":39.34910202026367}",-4.9671467
8738435900500,fov,2585,"{""zoom"":1.0,""hfov"":90.0,""vfov"":58.71550750732422,""state"":0,""max_aov_h"":90.0,""max_aov_v"":58.71550750732422,""min_aov_h"":1.40625,""min_aov_v"":0.7910428047180176,""max_zoom"":64.0}",-4.9665257
8738436202000,gimbal,2585,"{""imu_roll"":0.0,""imu_pitch"":29.654075622558594,""imu_yaw"":3.79024076461792,""frame_roll"":0.0,""frame_pitch"":29.654075622558594,""frame_yaw"":3.79024076461792,""pitch_speed"":0.0,""yaw_speed"":0.0}",-4.9662242
8738440092500,range,1099,"{""message_type"":""GLOBAL_VISION_POSITION_ESTIMATE"",""x"":46.94883728027344,""y"":39.34910202026367}",-4.9623337
8738456827800,position,575,"{""message_type"":""GLOBAL_POSITION_INT"",""lat"":469524852,""lon"":393492254}",-4.9455984
8738457207100,attitude,1150,"{""message_type"":""ATTITUDE"",""time_boot_ms"":119810,""roll"":-0.11376900970935822,""pitch"":0.17094986140727997,""yaw"":3.045191764831543,""rollspeed"":-0.09131423383951187,""pitchspeed"":0.004976855590939522,""yawspeed"":-0.03411222994327545}",-4.9452191
8738457327100,vfr,575,"{""message_type"":""VFR_HUD"",""airspeed"":28.13951301574707,""alt"":201.33999633789062}",-4.9450991
8738465707200,target_offset,396,"{""x_angle_offset"":-0.09375,""y_angle_offset"":0.21746484261971932}",-4.936719
8738480989200,fov,2586,"{""zoom"":1.0,""hfov"":90.0,""vfov"":58.71550750732422,""state"":0,""max_aov_h"":90.0,""max_aov_v"":58.71550750732422,""min_aov_h"":1.40625,""min_aov_v"":0.7910428047180176,""max_zoom"":64.0}",-4.921437
8738481423000,gimbal,2586,"{""imu_roll"":0.0,""imu_pitch"":29.745630264282227,""imu_yaw"":3.746476888656616,""frame_roll"":0.0,""frame_pitch"":29.745630264282227,""frame_yaw"":3.746476888656616,""pitch_speed"":0.0,""yaw_speed"":0.0}",-4.9210032
8738508715900,target_offset,397,"{""x_angle_offset"":-0.1875,""y_angle_offset"":0.21746484261971932}",-4.8937103
8738519864600,attitude,1151,"{""message_type"":""ATTITUDE"",""time_boot_ms"":119870,""roll"":-0.11873477697372437,""pitch"":0.17099633812904358,""yaw"":3.042978525161743,""rollspeed"":-0.07119783014059067,""pitchspeed"":0.00529282633215189,""yawspeed"":-0.032751716673374176}",-4.8825616
8738525691600,fov,2587,"{""zoom"":1.0,""hfov"":90.0,""vfov"":58.71550750732422,""state"":0,""max_aov_h"":90.0,""max_aov_v"":58.71550750732422,""min_aov_h"":1.40625,""min_aov_v"":0.7910428047180176,""max_zoom"":64.0}",-4.8767346
8738525958200,gimbal,2587,"{""imu_roll"":0.0,""imu_pitch"":29.838376998901367,""imu_yaw"":3.6510913372039795,""frame_roll"":0.0,""frame_pitch"":29.838376998901367,""frame_yaw"":3.6510913372039795,""pitch_speed"":0.0,""yaw_speed"":0.0}",-4.876468
8738555262500,target_offset,398,"{""x_angle_offset"":-0.28125,""y_angle_offset"":0.326197263929579}",-4.8471637
8738562991000,vfr,576,"{""message_type"":""VFR_HUD"",""airspeed"":28.13743019104004,""alt"":201.61000061035156}",-4.8394352
8738563082200,position,576,"{""message_type"":""GLOBAL_POSITION_INT"",""lat"":469524309,""lon"":393492355}",-4.839344
8738563282000,attitude,1152,"{""message_type"":""ATTITUDE"",""time_boot_ms"":119910,""roll"":-0.1209881603717804,""pitch"":0.1710422784090042,""yaw"":3.0415754318237305,""rollspeed"":-0.04684292897582054,""pitchspeed"":0.0054446496069431305,""yawspeed"":-0.03099896013736725}",-4.8391442
8738570414500,fov,2588,"{""zoom"":1.0,""hfov"":90.0,""vfov"":58.71550750732422,""state"":0,""max_aov_h"":90.0,""max_aov_v"":58.71550750732422,""min_aov_h"":1.40625,""min_aov_v"":0.7910428047180176,""max_zoom"":64.0}",-4.8320117
8738570982700,gimbal,2588,"{""imu_roll"":0.0,""imu_pitch"":29.972139358520508,""imu_yaw"":3.525505542755127,""frame_roll"":0.0,""frame_pitch"":29.972139358520508,""frame_yaw"":3.525505542755127,""pitch_speed"":0.0,""yaw_speed"":0.0}",-4.8314435
8738591198100,range,1100,"{""message_type"":""GLOBAL_VISION_POSITION_ESTIMATE"",""x"":46.94878387451172,""y"":39.34912109375}",-4.8112281
8738598329200,target_offset,399,"{""x_angle_offset"":-0.28125,""y_angle_offset"":0.326197263929579}",-4.804097
8738606757800,range,1101,"{""message_type"":""GLOBAL_VISION_POSITION_ESTIMATE"",""x"":46.94878387451172,""y"":39.34912109375}",-4.7956684
8738613871800,fov,2589,"{""zoom"":1.0,""hfov"":90.0,""vfov"":58.71550750732422,""state"":0,""max_aov_h"":90.0,""max_aov_v"":58.71550750732422,""min_aov_h"":1.40625,""min_aov_v"":0.7910428047180176,""max_zoom"":64.0}",-4.7885544
8738614138500,gimbal,2589,"{""imu_roll"":0.0,""imu_pitch"":30.109329223632812,""imu_yaw"":3.393089532852173,""frame_roll"":0.0,""frame_pitch"":30.109329223632812,""frame_yaw"":3.393089532852173,""pitch_speed"":0.0,""yaw_speed"":0.0}",-4.7882877
8738625022200,attitude,1153,"{""message_type"":""ATTITUDE"",""time_boot_ms"":119970,""roll"":-0.12215371429920197,""pitch"":0.17108629643917084,""yaw"":3.0396037101745605,""rollspeed"":0.0010546043049544096,""pitchspeed"":0.005768136121332645,""yawspeed"":-0.027417343109846115}",-4.777404
8738641484000,target_offset,400,"{""x_angle_offset"":-0.28125,""y_angle_offset"":0.43492968523943865}",-4.7609422
8738657641600,gimbal,2590,"{""imu_roll"":0.0,""imu_pitch"":30.29718780517578,""imu_yaw"":3.2650270462036133,""frame_roll"":0.0,""frame_pitch"":30.29718780517578,""frame_yaw"":3.2650270462036133,""pitch_speed"":0.0,""yaw_speed"":0.0}",-4.7447846
8738657948900,fov,2590,"{""zoom"":1.0,""hfov"":90.0,""vfov"":58.71550750732422,""state"":0,""max_aov_h"":90.0,""max_aov_v"":58.71550750732422,""min_aov_h"":1.40625,""min_aov_v"":0.7910428047180176,""max_zoom"":64.0}",-4.7444773
8738668767600,attitude,1154,"{""message_type"":""ATTITUDE"",""time_boot_ms"":120010,""roll"":-0.12114694714546204,""pitch"":0.17113885283470154,""yaw"":3.038396120071411,""rollspeed"":0.03743204474449158,""pitchspeed"":0.006002243608236313,""yawspeed"":-0.024512724950909615}",-4.7336586
8738668866700,vfr,577,"{""message_type"":""VFR_HUD"",""airspeed"":28.135971069335938,""alt"":201.88999938964844}",-4.7335595
8738668933500,position,577,"{""message_type"":""GLOBAL_POSITION_INT"",""lat"":469524309,""lon"":393492355}",-4.7334927
8738686605500,target_offset,401,"{""x_angle_offset"":-0.28125,""y_angle_offset"":0.43492968523943865}",-4.7158207
8738700081300,fov,2591,"{""zoom"":1.0,""hfov"":90.0,""vfov"":58.71550750732422,""state"":0,""max_aov_h"":90.0,""max_aov_v"":58.71550750732422,""min_aov_h"":1.40625,""min_aov_v"":0.7910428047180176,""max_zoom"":64.0}",-4.7023449
8738700604200,gimbal,2591,"{""imu_roll"":0.0,""imu_pitch"":30.479036331176758,""imu_yaw"":3.1358695030212402,""frame_roll"":0.0,""frame_pitch"":30.479036331176758,""frame_yaw"":3.1358695030212402,""pitch_speed"":0.0,""yaw_speed"":0.0}",-4.701822
8738729776400,target_offset,402,"{""x_angle_offset"":-0.1875,""y_angle_offset"":0.43492968523943865}",-4.6726498
8738733172800,attitude,1155,"{""message_type"":""ATTITUDE"",""time_boot_ms"":120070,""roll"":-0.11687581986188889,""pitch"":0.17126621305942535,""yaw"":3.03678297996521,""rollspeed"":0.0914224311709404,""pitchspeed"":0.006474168039858341,""yawspeed"":-0.01975390687584877}",-4.6692534
8738744112500,range,1102,"{""message_type"":""GLOBAL_VISION_POSITION_ESTIMATE"",""x"":46.94878387451172,""y"":39.34918975830078}",-4.6583137
8738744756100,fov,2592,"{""zoom"":1.0,""hfov"":90.0,""vfov"":58.71550750732422,""state"":0,""max_aov_h"":90.0,""max_aov_v"":58.71550750732422,""min_aov_h"":1.40625,""min_aov_v"":0.7910428047180176,""max_zoom"":64.0}",-4.6576701
8738745032500,gimbal,2592,"{""imu_roll"":0.0,""imu_pitch"":30.665128707885742,""imu_yaw"":3.0498828887939453,""frame_roll"":0.0,""frame_pitch"":30.665128707885742,""frame_yaw"":3.0498828887939453,""pitch_speed"":0.0,""yaw_speed"":0.0}",-4.6573937
8738749494300,range,1103,"{""message_type"":""GLOBAL_VISION_POSITION_ESTIMATE"",""x"":46.94878387451172,""y"":39.34918975830078}",-4.6529319
8738766978100,position,578,"{""message_type"":""GLOBAL_POSITION_INT"",""lat"":469524309,""lon"":393492355}",-4.6354481
8738767317400,attitude,1156,"{""message_type"":""ATTITUDE"",""time_boot_ms"":120110,""roll"":-0.11234854906797409,""pitch"":0.17137981951236725,""yaw"":3.035811424255371,""rollspeed"":0.12305105477571487,""pitchspeed"":0.006563522852957249,""yawspeed"":-0.016564060002565384}",-4.6351088
8738767408600,vfr,578,"{""message_type"":""VFR_HUD"",""airspeed"":28.134950637817383,""alt"":202.1599884033203}",-4.6350176
8738776458400,target_offset,403,"{""x_angle_offset"":0.09375,""y_angle_offset"":0.326197263929579}",-4.6259678
8738791652800,fov,2593,"{""zoom"":1.0,""hfov"":90.0,""vfov"":58.71550750732422,""state"":0,""max_aov_h"":90.0,""max_aov_v"":58.71550750732422,""min_aov_h"":1.40625,""min_aov_v"":0.7910428047180176,""max_zoom"":64.0}",-4.6107734
8738791968600,gimbal,2593,"{""imu_roll"":0.0,""imu_pitch"":30.812767028808594,""imu_yaw"":3.0929198265075684,""frame_roll"":0.0,""frame_pitch"":30.812767028808594,""frame_yaw"":3.0929198265075684,""pitch_speed"":0.0,""yaw_speed"":0.0}",-4.6104576
8738823359400,target_offset,404,"{""x_angle_offset"":0.1875,""y_angle_offset"":0.326197263929579}",-4.5790668
8738827979500,attitude,1157,"{""message_type"":""ATTITUDE"",""time_boot_ms"":120170,""roll"":-0.10329294204711914,""pitch"":0.17157849669456482,""yaw"":3.0345911979675293,""rollspeed"":0.15880680084228516,""pitchspeed"":0.006343751214444637,""yawspeed"":-0.012209190055727959}",-4.5744467
8738838146700,fov,2594,"{""zoom"":1.0,""hfov"":90.0,""vfov"":58.71550750732422,""state"":0,""max_aov_h"":90.0,""max_aov_v"":58.71550750732422,""min_aov_h"":1.40625,""min_aov_v"":0.7910428047180176,""max_zoom"":64.0}",-4.5642795
8738838560900,gimbal,2594,"{""imu_roll"":0.0,""imu_pitch"":30.955991744995117,""imu_yaw"":3.173309087753296,""frame_roll"":0.0,""frame_pitch"":30.955991744995117,""frame_yaw"":3.173309087753296,""pitch_speed"":0.0,""yaw_speed"":0.0}",-4.5638653
8738866338700,target_offset,405,"{""x_angle_offset"":0.46875,""y_angle_offset"":0.21746484261971932}",-4.5360875
8738869182600,vfr,579,"{""message_type"":""VFR_HUD"",""airspeed"":28.10321617126465,""alt"":202.44000244140625}",-4.5332436
8738869308000,position,579,"{""message_type"":""GLOBAL_POSITION_INT"",""lat"":469523765,""lon"":393492455}",-4.5331182
8738869470800,attitude,1158,"{""message_type"":""ATTITUDE"",""time_boot_ms"":120210,""roll"":-0.09630857408046722,""pitch"":0.17170998454093933,""yaw"":3.0338621139526367,""rollspeed"":0.17183764278888702,""pitchspeed"":0.00601996760815382,""yawspeed"":-0.009829592891037464}",-4.5329554
8738880603100,fov,2595,"{""zoom"":1.0,""hfov"":90.0,""vfov"":58.71550750732422,""state"":0,""max_aov_h"":90.0,""max_aov_v"":58.71550750732422,""min_aov_h"":1.40625,""min_aov_v"":0.7910428047180176,""max_zoom"":64.0}",-4.5218231
8738882670900,gimbal,2595,"{""imu_roll"":0.0,""imu_pitch"":31.04608917236328,""imu_yaw"":3.3757591247558594,""frame_roll"":0.0,""frame_pitch"":31.04608917236328,""frame_yaw"":3.3757591247558594,""pitch_speed"":0.0,""yaw_speed"":0.0}",-4.5197553
8738911921100,target_offset,406,"{""x_angle_offset"":0.46875,""y_angle_offset"":0.10873242130985966}",-4.4905051
8738914985700,range,1104,"{""message_type"":""GLOBAL_VISION_POSITION_ESTIMATE"",""x"":46.94873046875,""y"":39.349246978759766}",-4.4874405
8738924110300,range,1105,"{""message_type"":""GLOBAL_VISION_POSITION_ESTIMATE"",""x"":46.94873046875,""y"":39.349246978759766}",-4.4783159
8738924467600,attitude,1159,"{""message_type"":""ATTITUDE"",""time_boot_ms"":120270,""roll"":-0.08538271486759186,""pitch"":0.1718859225511551,""yaw"":3.0329031944274902,""rollspeed"":0.17652776837348938,""pitchspeed"":0.004954641684889793,""yawspeed"":-0.0069498540833592415}",-4.4779586
8738925937100,fov,2596,"{""zoom"":1.0,""hfov"":90.0,""vfov"":58.71550750732422,""state"":0,""max_aov_h"":90.0,""max_aov_v"":58.71550750732422,""min_aov_h"":1.40625,""min_aov_v"":0.7910428047180176,""max_zoom"":64.0}",-4.4764891
8738926188200,gimbal,2596,"{""imu_roll"":0.0,""imu_pitch"":31.085773468017578,""imu_yaw"":3.574918508529663,""frame_roll"":0.0,""frame_pitch"":31.085773468017578,""frame_yaw"":3.574918508529663,""pitch_speed"":0.0,""yaw_speed"":0.0}",-4.476238
8738954862900,target_offset,407,"{""x_angle_offset"":0.5625,""y_angle_offset"":0.10873242130985966}",-4.4475633
8738960958700,position,580,"{""message_type"":""GLOBAL_POSITION_INT"",""lat"":469523765,""lon"":393492455}",-4.4414675
8738961217500,attitude,1160,"{""message_type"":""ATTITUDE"",""time_boot_ms"":120310,""roll"":-0.07833459973335266,""pitch"":0.17197266221046448,""yaw"":3.0322816371917725,""rollspeed"":0.16817420721054077,""pitchspeed"":0.00426085852086544,""yawspeed"":-0.005823851563036442}",-4.4412087
8738961399100,vfr,580,"{""message_type"":""VFR_HUD"",""airspeed"":28.08098030090332,""alt"":202.72000122070312}",-4.4410271
8738969835000,fov,2597,"{""zoom"":1.0,""hfov"":90.0,""vfov"":58.71550750732422,""state"":0,""max_aov_h"":90.0,""max_aov_v"":58.71550750732422,""min_aov_h"":1.40625,""min_aov_v"":0.7910428047180176,""max_zoom"":64.0}",-4.4325912
8738970125000,gimbal,2597,"{""imu_roll"":0.0,""imu_pitch"":31.127534866333008,""imu_yaw"":3.8234190940856934,""frame_roll"":0.0,""frame_pitch"":31.127534866333008,""frame_yaw"":3.8234190940856934,""pitch_speed"":0.0,""yaw_speed"":0.0}",-4.4323012
8739007020200,target_offset,408,"{""x_angle_offset"":0.65625,""y_angle_offset"":0.0}",-4.395406
8739026475600,attitude,1161,"{""message_type"":""ATTITUDE"",""time_boot_ms"":120370,""roll"":-0.06891763210296631,""pitch"":0.17215025424957275,""yaw"":3.031426191329956,""rollspeed"":0.13841795921325684,""pitchspeed"":0.0025947235990315676,""yawspeed"":-0.005222776904702187}",-4.3759506
8739034007200,fov,2598,"{""zoom"":1.0,""hfov"":90.0,""vfov"":58.71550750732422,""state"":0,""max_aov_h"":90.0,""max_aov_v"":58.71550750732422,""min_aov_h"":1.40625,""min_aov_v"":0.7910428047180176,""max_zoom"":64.0}",-4.368419
8739034301000,gimbal,2598,"{""imu_roll"":0.0,""imu_pitch"":31.118677139282227,""imu_yaw"":4.219307899475098,""frame_roll"":0.0,""frame_pitch"":31.118677139282227,""frame_yaw"":4.219307899475098,""pitch_speed"":0.0,""yaw_speed"":0.0}",-4.3681252
8739058476300,range,1106,"{""message_type"":""GLOBAL_VISION_POSITION_ESTIMATE"",""x"":46.94873046875,""y"":39.349273681640625}",-4.3439499
8739063457100,target_offset,409,"{""x_angle_offset"":0.75,""y_angle_offset"":0.0}",-4.3389691
8739068721300,attitude,1162,"{""message_type"":""ATTITUDE"",""time_boot_ms"":120410,""roll"":-0.06377935409545898,""pitch"":0.17237482964992523,""yaw"":3.0308589935302734,""rollspeed"":0.11027494072914124,""pitchspeed"":0.0014043620321899652,""yawspeed"":-0.005528326146304607}",-4.3337049
8739068807400,vfr,581,"{""message_type"":""VFR_HUD"",""airspeed"":28.065404891967773,""alt"":203.00999450683594}",-4.3336188
8739068887500,range,1107,"{""message_type"":""GLOBAL_VISION_POSITION_ESTIMATE"",""x"":46.94873046875,""y"":39.349273681640625}",-4.3335387
8739068956100,position,581,"{""message_type"":""GLOBAL_POSITION_INT"",""lat"":469523227,""lon"":393492552}",-4.3334701
8739078544400,fov,2599,"{""zoom"":1.0,""hfov"":90.0,""vfov"":58.71550750732422,""state"":0,""max_aov_h"":90.0,""max_aov_v"":58.71550750732422,""min_aov_h"":1.40625,""min_aov_v"":0.7910428047180176,""max_zoom"":64.0}",-4.3238818
8739078822500,gimbal,2599,"{""imu_roll"":0.0,""imu_pitch"":31.116212844848633,""imu_yaw"":4.5602192878723145,""frame_roll"":0.0,""frame_pitch"":31.116212844848633,""frame_yaw"":4.5602192878723145,""pitch_speed"":0.0,""yaw_speed"":0.0}",-4.3236037
8739107469800,target_offset,410,"{""x_angle_offset"":0.75,""y_angle_offset"":0.0}",-4.2949564
8739119030300,fov,2600,"{""zoom"":1.0,""hfov"":90.0,""vfov"":58.71550750732422,""state"":0,""max_aov_h"":90.0,""max_aov_v"":58.71550750732422,""min_aov_h"":1.40625,""min_aov_v"":0.7910428047180176,""max_zoom"":64.0}",-4.2833959
8739119378900,gimbal,2600,"{""imu_roll"":0.0,""imu_pitch"":31.11505699157715,""imu_yaw"":4.8501763343811035,""frame_roll"":0.0,""frame_pitch"":31.11505699157715,""frame_yaw"":4.8501763343811035,""pitch_speed"":0.0,""yaw_speed"":0.0}",-4.2830473
8739128641800,attitude,1163,"{""message_type"":""ATTITUDE"",""time_boot_ms"":120470,""roll"":-0.05840792879462242,""pitch"":0.17262019217014313,""yaw"":3.0299901962280273,""rollspeed"":0.06224050000309944,""pitchspeed"":-0.0004804093041457236,""yawspeed"":-0.006756111513823271}",-4.2737844
8739148267300,target_offset,411,"{""x_angle_offset"":0.75,""y_angle_offset"":0.0}",-4.2541589
8739165274700,fov,2601,"{""zoom"":1.0,""hfov"":90.0,""vfov"":58.71550750732422,""state"":0,""max_aov_h"":90.0,""max_aov_v"":58.71550750732422,""min_aov_h"":1.40625,""min_aov_v"":0.7910428047180176,""max_zoom"":64.0}",-4.2371515
8739165550900,gimbal,2601,"{""imu_roll"":0.0,""imu_pitch"":31.114221572875977,""imu_yaw"":5.193951606750488,""frame_roll"":0.0,""frame_pitch"":31.114221572875977,""frame_yaw"":5.193951606750488,""pitch_speed"":0.0,""yaw_speed"":0.0}",-4.2368753
8739169780400,attitude,1164,"{""message_type"":""ATTITUDE"",""time_boot_ms"":120510,""roll"":-0.056521087884902954,""pitch"":0.17271381616592407,""yaw"":3.0293686389923096,""rollspeed"":0.02811937779188156,""pitchspeed"":-0.0019477445166558027,""yawspeed"":-0.007788682822138071}",-4.2326458
8739169925200,vfr,582,"{""message_type"":""VFR_HUD"",""airspeed"":28.05449676513672,""alt"":203.27999877929688}",-4.232501
8739170353100,position,582,"{""message_type"":""GLOBAL_POSITION_INT"",""lat"":469523227,""lon"":393492552}",-4.2320731
8739194195200,target_offset,412,"{""x_angle_offset"":0.75,""y_angle_offset"":0.0}",-4.208231
8739207617000,fov,2602,"{""zoom"":1.0,""hfov"":90.0,""vfov"":58.71550750732422,""state"":0,""max_aov_h"":90.0,""max_aov_v"":58.71550750732422,""min_aov_h"":1.40625,""min_aov_v"":0.7910428047180176,""max_zoom"":64.0}",-4.1948092
8739207987500,gimbal,2602,"{""imu_roll"":0.0,""imu_pitch"":31.11383056640625,""imu_yaw"":5.500929355621338,""frame_roll"":0.0,""frame_pitch"":31.11383056640625,""frame_yaw"":5.500929355621338,""pitch_speed"":0.0,""yaw_speed"":0.0}",-4.1944387
8739211345100,range,1108,"{""message_type"":""GLOBAL_VISION_POSITION_ESTIMATE"",""x"":46.94867706298828,""y"":39.34922409057617}",-4.1910811
8739235926700,target_offset,413,"{""x_angle_offset"":0.65625,""y_angle_offset"":0.0}",-4.1664995
8739238792900,range,1109,"{""message_type"":""GLOBAL_VISION_POSITION_ESTIMATE"",""x"":46.94867706298828,""y"":39.34922409057617}",-4.1636333
8739239126600,attitude,1165,"{""message_type"":""ATTITUDE"",""time_boot_ms"":120570,""roll"":-0.056085921823978424,""pitch"":0.17274130880832672,""yaw"":3.0283913612365723,""rollspeed"":-0.01839897595345974,""pitchspeed"":-0.0041304416954517365,""yawspeed"":-0.009785999543964863}",-4.1632996
8739250831100,fov,2603,"{""zoom"":1.0,""hfov"":90.0,""vfov"":58.71550750732422,""state"":0,""max_aov_h"":90.0,""max_aov_v"":58.71550750732422,""min_aov_h"":1.40625,""min_aov_v"":0.7910428047180176,""max_zoom"":64.0}",-4.1515951
8739251038500,gimbal,2603,"{""imu_roll"":0.0,""imu_pitch"":31.113597869873047,""imu_yaw"":5.776834011077881,""frame_roll"":0.0,""frame_pitch"":31.113597869873047,""frame_yaw"":5.776834011077881,""pitch_speed"":0.0,""yaw_speed"":0.0}",-4.1513877
8739273721700,vfr,583,"{""message_type"":""VFR_HUD"",""airspeed"":28.046857833862305,""alt"":203.5699920654297}",-4.1287045
8739273903200,position,583,"{""message_type"":""GLOBAL_POSITION_INT"",""lat"":469522687,""lon"":393492650}",-4.128523
8739274278100,attitude,1166,"{""message_type"":""ATTITUDE"",""time_boot_ms"":120610,""roll"":-0.0573563277721405,""pitch"":0.17250019311904907,""yaw"":3.0276758670806885,""rollspeed"":-0.04418385028839111,""pitchspeed"":-0.005717967636883259,""yawspeed"":-0.011015521362423897}",-4.1281481
8739277205800,target_offset,414,"{""x_angle_offset"":0.375,""y_angle_offset"":0.10873242130985966}",-4.1252204
8739289105900,gimbal,2604,"{""imu_roll"":0.0,""imu_pitch"":31.147777557373047,""imu_yaw"":5.914816856384277,""frame_roll"":0.0,""frame_pitch"":31.147777557373047,""frame_yaw"":5.914816856384277,""pitch_speed"":0.0,""yaw_speed"":0.0}",-4.1133203
8739290239900,fov,2604,"{""zoom"":1.0,""hfov"":90.0,""vfov"":58.71550750732422,""state"":0,""max_aov_h"":90.0,""max_aov_v"":58.71550750732422,""min_aov_h"":1.40625,""min_aov_v"":0.7910428047180176,""max_zoom"":64.0}",-4.1121863
8739317689200,target_offset,415,"{""x_angle_offset"":0.28125,""y_angle_offset"":0.10873242130985966}",-4.084737
8739331427100,attitude,1167,"{""message_type"":""ATTITUDE"",""time_boot_ms"":120670,""roll"":-0.06071338802576065,""pitch"":0.17203132808208466,""yaw"":3.0265824794769287,""rollspeed"":-0.069767527282238,""pitchspeed"":-0.00759700033813715,""yawspeed"":-0.012311767786741257}",-4.0709991
8739331963400,fov,2605,"{""zoom"":1.0,""hfov"":90.0,""vfov"":58.71550750732422,""state"":0,""max_aov_h"":90.0,""max_aov_v"":58.71550750732422,""min_aov_h"":1.40625,""min_aov_v"":0.7910428047180176,""max_zoom"":64.0}",-4.0704628
8739332223400,gimbal,2605,"{""imu_roll"":0.0,""imu_pitch"":31.191001892089844,""imu_yaw"":6.030049800872803,""frame_roll"":0.0,""frame_pitch"":31.191001892089844,""frame_yaw"":6.030049800872803,""pitch_speed"":0.0,""yaw_speed"":0.0}",-4.0702028
8739360555800,target_offset,416,"{""x_angle_offset"":0.0,""y_angle_offset"":0.21746484261971932}",-4.0418704
8739366833300,range,1110,"{""message_type"":""GLOBAL_VISION_POSITION_ESTIMATE"",""x"":46.94862365722656,""y"":39.349185943603516}",-4.0355929
8739371568300,fov,2606,"{""zoom"":1.0,""hfov"":90.0,""vfov"":58.71550750732422,""state"":0,""max_aov_h"":90.0,""max_aov_v"":58.71550750732422,""min_aov_h"":1.40625,""min_aov_v"":0.7910428047180176,""max_zoom"":64.0}",-4.0308579
8739371773800,gimbal,2606,"{""imu_roll"":0.0,""imu_pitch"":31.27143669128418,""imu_yaw"":6.026358604431152,""frame_roll"":0.0,""frame_pitch"":31.27143669128418,""frame_yaw"":6.026358604431152,""pitch_speed"":0.0,""yaw_speed"":0.0}",-4.0306524
8739374029200,attitude,1168,"{""message_type"":""ATTITUDE"",""time_boot_ms"":120710,""roll"":-0.06345599889755249,""pitch"":0.17167027294635773,""yaw"":3.0258591175079346,""rollspeed"":-0.0765099972486496,""pitchspeed"":-0.008430706337094307,""yawspeed"":-0.012789481319487095}",-4.028397
8739374133200,vfr,584,"{""message_type"":""VFR_HUD"",""airspeed"":28.0415096282959,""alt"":203.83999633789062}",-4.028293
8739374216900,range,1111,"{""message_type"":""GLOBAL_VISION_POSITION_ESTIMATE"",""x"":46.94862365722656,""y"":39.349185943603516}",-4.0282093
8739374290400,position,584,"{""message_type"":""GLOBAL_POSITION_INT"",""lat"":469522687,""lon"":393492650}",-4.0281358
8739398487000,target_offset,417,"{""x_angle_offset"":0.0,""y_angle_offset"":0.21746484261971932}",-4.0039392
8739414751900,fov,2607,"{""zoom"":1.0,""hfov"":90.0,""vfov"":58.71550750732422,""state"":0,""max_aov_h"":90.0,""max_aov_v"":58.71550750732422,""min_aov_h"":1.40625,""min_aov_v"":0.7910428047180176,""max_zoom"":64.0}",-3.9876743
8739415448900,gimbal,2607,"{""imu_roll"":0.0,""imu_pitch"":31.3638858795166,""imu_yaw"":6.0238471031188965,""frame_roll"":0.0,""frame_pitch"":31.3638858795166,""frame_yaw"":6.0238471031188965,""pitch_speed"":0.0,""yaw_speed"":0.0}",-3.9869773
8739433074300,attitude,1169,"{""message_type"":""ATTITUDE"",""time_boot_ms"":120770,""roll"":-0.06745779514312744,""pitch"":0.1710750162601471,""yaw"":3.0248019695281982,""rollspeed"":-0.07038584351539612,""pitchspeed"":-0.009306679479777813,""yawspeed"":-0.012556914240121841}",-3.9693519
8739442372100,target_offset,418,"{""x_angle_offset"":-0.09375,""y_angle_offset"":0.326197263929579}",-3.9600541
8739452475600,fov,2608,"{""zoom"":1.0,""hfov"":90.0,""vfov"":58.71550750732422,""state"":0,""max_aov_h"":90.0,""max_aov_v"":58.71550750732422,""min_aov_h"":1.40625,""min_aov_v"":0.7910428047180176,""max_zoom"":64.0}",-3.9499506
8739452684500,gimbal,2608,"{""imu_roll"":0.0,""imu_pitch"":31.48531150817871,""imu_yaw"":5.980983734130859,""frame_roll"":0.0,""frame_pitch"":31.48531150817871,""frame_yaw"":5.980983734130859,""pitch_speed"":0.0,""yaw_speed"":0.0}",-3.9497417
8739470028300,attitude,1170,"{""message_type"":""ATTITUDE"",""time_boot_ms"":120810,""roll"":-0.06966664642095566,""pitch"":0.1706172227859497,""yaw"":3.0241189002990723,""rollspeed"":-0.05558153986930847,""pitchspeed"":-0.009840191341936588,""yawspeed"":-0.011703896336257458}",-3.9323979
8739470159200,vfr,585,"{""message_type"":""VFR_HUD"",""airspeed"":28.037765502929688,""alt"":204.12998962402344}",-3.932267
8739470226000,position,585,"{""message_type"":""GLOBAL_POSITION_INT"",""lat"":469522145,""lon"":393492753}",-3.9322002
8739479540200,target_offset,419,"{""x_angle_offset"":-0.1875,""y_angle_offset"":0.326197263929579}",-3.922886
8739498604200,fov,2609,"{""zoom"":1.0,""hfov"":90.0,""vfov"":58.71550750732422,""state"":0,""max_aov_h"":90.0,""max_aov_v"":58.71550750732422,""min_aov_h"":1.40625,""min_aov_v"":0.7910428047180176,""max_zoom"":64.0}",-3.903822
8739499010500,gimbal,2609,"{""imu_roll"":0.0,""imu_pitch"":31.62181854248047,""imu_yaw"":5.8917036056518555,""frame_roll"":0.0,""frame_pitch"":31.62181854248047,""frame_yaw"":5.8917036056518555,""pitch_speed"":0.0,""yaw_speed"":0.0}",-3.9034157
8739527752100,target_offset,420,"{""x_angle_offset"":-0.5625,""y_angle_offset"":0.326197263929579}",-3.8746741
8739536874500,range,1112,"{""message_type"":""GLOBAL_VISION_POSITION_ESTIMATE"",""x"":46.94857406616211,""y"":39.34919357299805}",-3.8655517
8739538786200,attitude,1171,"{""message_type"":""ATTITUDE"",""time_boot_ms"":120870,""roll"":-0.07158076018095016,""pitch"":0.16987155377864838,""yaw"":3.0231552124023438,""rollspeed"":-0.02155255153775215,""pitchspeed"":-0.009816375561058521,""yawspeed"":-0.009661730378866196}",-3.86364
8739538984500,range,1113,"{""message_type"":""GLOBAL_VISION_POSITION_ESTIMATE"",""x"":46.94857406616211,""y"":39.34919357299805}",-3.8634417
8739541227700,fov,2610,"{""zoom"":1.0,""hfov"":90.0,""vfov"":58.71550750732422,""state"":0,""max_aov_h"":90.0,""max_aov_v"":58.71550750732422,""min_aov_h"":1.40625,""min_aov_v"":0.7910428047180176,""max_zoom"":64.0}",-3.8611985
8739541507000,gimbal,2610,"{""imu_roll"":0.0,""imu_pitch"":31.757328033447266,""imu_yaw"":5.636075496673584,""frame_roll"":0.0,""frame_pitch"":31.757328033447266,""frame_yaw"":5.636075496673584,""pitch_speed"":0.0,""yaw_speed"":0.0}",-3.8609192
8739572442200,target_offset,421,"{""x_angle_offset"":-0.46875,""y_angle_offset"":0.326197263929579}",-3.829984
8739580260800,position,586,"{""message_type"":""GLOBAL_POSITION_INT"",""lat"":469522145,""lon"":393492753}",-3.8221654
8739580473800,attitude,1172,"{""message_type"":""ATTITUDE"",""time_boot_ms"":120910,""roll"":-0.07152027636766434,""pitch"":0.16937558352947235,""yaw"":3.0225794315338135,""rollspeed"":0.006495368666946888,""pitchspeed"":-0.00998608022928238,""yawspeed"":-0.0077258870005607605}",-3.8219524
8739580592900,vfr,586,"{""message_type"":""VFR_HUD"",""airspeed"":28.035144805908203,""alt"":204.4099884033203}",-3.8218333
8739586582700,fov,2611,"{""zoom"":1.0,""hfov"":90.0,""vfov"":58.71550750732422,""state"":0,""max_aov_h"":90.0,""max_aov_v"":58.71550750732422,""min_aov_h"":1.40625,""min_aov_v"":0.7910428047180176,""max_zoom"":64.0}",-3.8158435
8739586858600,gimbal,2611,"{""imu_roll"":0.0,""imu_pitch"":31.905593872070312,""imu_yaw"":5.419016361236572,""frame_roll"":0.0,""frame_pitch"":31.905593872070312,""frame_yaw"":5.419016361236572,""pitch_speed"":0.0,""yaw_speed"":0.0}",-3.8155676
8739616828800,target_offset,422,"{""x_angle_offset"":-0.46875,""y_angle_offset"":0.21746484261971932}",-3.7855974
8739631348100,fov,2612,"{""zoom"":1.0,""hfov"":90.0,""vfov"":58.71550750732422,""state"":0,""max_aov_h"":90.0,""max_aov_v"":58.71550750732422,""min_aov_h"":1.40625,""min_aov_v"":0.7910428047180176,""max_zoom"":64.0}",-3.7710781
8739631704600,gimbal,2612,"{""imu_roll"":0.0,""imu_pitch"":31.990507125854492,""imu_yaw"":5.213635444641113,""frame_roll"":0.0,""frame_pitch"":31.990507125854492,""frame_yaw"":5.213635444641113,""pitch_speed"":0.0,""yaw_speed"":0.0}",-3.7707216
8739646580500,attitude,1173,"{""message_type"":""ATTITUDE"",""time_boot_ms"":120970,""roll"":-0.06917862594127655,""pitch"":0.16864290833473206,""yaw"":3.0218522548675537,""rollspeed"":0.051245491951704025,""pitchspeed"":-0.009925978258252144,""yawspeed"":-0.00440898397937417}",-3.7558457
8739659722100,target_offset,423,"{""x_angle_offset"":-0.375,""y_angle_offset"":0.21746484261971932}",-3.7427041
8739673763800,fov,2613,"{""zoom"":1.0,""hfov"":90.0,""vfov"":58.71550750732422,""state"":0,""max_aov_h"":90.0,""max_aov_v"":58.71550750732422,""min_aov_h"":1.40625,""min_aov_v"":0.7910428047180176,""max_zoom"":64.0}",-3.7286624
8739674008300,gimbal,2613,"{""imu_roll"":0.0,""imu_pitch"":32.07796859741211,""imu_yaw"":5.047139644622803,""frame_roll"":0.0,""frame_pitch"":32.07796859741211,""frame_yaw"":5.047139644622803,""pitch_speed"":0.0,""yaw_speed"":0.0}",-3.7284179
8739685440000,position,587,"{""message_type"":""GLOBAL_POSITION_INT"",""lat"":469521603,""lon"":393492857}",-3.7169862
8739685640900,attitude,1174,"{""message_type"":""ATTITUDE"",""time_boot_ms"":121010,""roll"":-0.0661415234208107,""pitch"":0.16815464198589325,""yaw"":3.0214362144470215,""rollspeed"":0.08002465963363647,""pitchspeed"":-0.01014398317784071,""yawspeed"":-0.002075572730973363}",-3.7167853
8739685726500,vfr,587,"{""message_type"":""VFR_HUD"",""airspeed"":28.033309936523438,""alt"":204.69000244140625}",-3.7166997
8739692929800,range,1114,"{""message_type"":""GLOBAL_VISION_POSITION_ESTIMATE"",""x"":46.94851303100586,""y"":39.349300384521484}",-3.7094964
8739702871100,target_offset,424,"{""x_angle_offset"":-0.09375,""y_angle_offset"":0.21746484261971932}",-3.6995551
8739707601500,range,1115,"{""message_type"":""GLOBAL_VISION_POSITION_ESTIMATE"",""x"":46.94851303100586,""y"":39.349300384521484}",-3.6948247
8739713199200,fov,2614,"{""zoom"":1.0,""hfov"":90.0,""vfov"":58.71550750732422,""state"":0,""max_aov_h"":90.0,""max_aov_v"":58.71550750732422,""min_aov_h"":1.40625,""min_aov_v"":0.7910428047180176,""max_zoom"":64.0}",-3.689227
8739713435400,gimbal,2614,"{""imu_roll"":0.0,""imu_pitch"":32.15700912475586,""imu_yaw"":5.006290912628174,""frame_roll"":0.0,""frame_pitch"":32.15700912475586,""frame_yaw"":5.006290912628174,""pitch_speed"":0.0,""yaw_speed"":0.0}",-3.6889908
8739740956400,target_offset,425,"{""x_angle_offset"":-0.09375,""y_angle_offset"":0.10873242130985966}",-3.6614698
8739747906700,attitude,1175,"{""message_type"":""ATTITUDE"",""time_boot_ms"":121070,""roll"":-0.05952436104416847,""pitch"":0.1674058586359024,""yaw"":3.0209238529205322,""rollspeed"":0.11552494764328003,""pitchspeed"":-0.01027454063296318,""yawspeed"":0.0005132539663463831}",-3.6545195
8739759696300,fov,2615,"{""zoom"":1.0,""hfov"":90.0,""vfov"":58.71550750732422,""state"":0,""max_aov_h"":90.0,""max_aov_v"":58.71550750732422,""min_aov_h"":1.40625,""min_aov_v"":0.7910428047180176,""max_zoom"":64.0}",-3.6427299
8739759894000,gimbal,2615,"{""imu_roll"":0.0,""imu_pitch"":32.200382232666016,""imu_yaw"":4.959609508514404,""frame_roll"":0.0,""frame_pitch"":32.200382232666016,""frame_yaw"":4.959609508514404,""pitch_speed"":0.0,""yaw_speed"":0.0}",-3.6425322
8739787329200,target_offset,426,"{""x_angle_offset"":0.28125,""y_angle_offset"":0.10873242130985966}",-3.615097
8739793577800,position,588,"{""message_type"":""GLOBAL_POSITION_INT"",""lat"":469521603,""lon"":393492857}",-3.6088484
8739793882200,attitude,1176,"{""message_type"":""ATTITUDE"",""time_boot_ms"":121110,""roll"":-0.054185979068279266,""pitch"":0.16690252721309662,""yaw"":3.020617723464966,""rollspeed"":0.13185358047485352,""pitchspeed"":-0.010554833337664604,""yawspeed"":0.0023672019597142935}",-3.608544
8739794014000,vfr,588,"{""message_type"":""VFR_HUD"",""airspeed"":28.032024383544922,""alt"":204.97000122070312}",-3.6084122
8739796006600,fov,2616,"{""zoom"":1.0,""hfov"":90.0,""vfov"":58.71550750732422,""state"":0,""max_aov_h"":90.0,""max_aov_v"":58.71550750732422,""min_aov_h"":1.40625,""min_aov_v"":0.7910428047180176,""max_zoom"":64.0}",-3.6064196
8739796281500,gimbal,2616,"{""imu_roll"":0.0,""imu_pitch"":32.23951721191406,""imu_yaw"":5.0658464431762695,""frame_roll"":0.0,""frame_pitch"":32.23951721191406,""frame_yaw"":5.0658464431762695,""pitch_speed"":0.0,""yaw_speed"":0.0}",-3.6061447
8739825830400,target_offset,427,"{""x_angle_offset"":0.28125,""y_angle_offset"":0.10873242130985966}",-3.5765958
8739841224900,fov,2617,"{""zoom"":1.0,""hfov"":90.0,""vfov"":58.71550750732422,""state"":0,""max_aov_h"":90.0,""max_aov_v"":58.71550750732422,""min_aov_h"":1.40625,""min_aov_v"":0.7910428047180176,""max_zoom"":64.0}",-3.5612013
8739841696400,gimbal,2617,"{""imu_roll"":0.0,""imu_pitch"":32.28501510620117,""imu_yaw"":5.1852312088012695,""frame_roll"":0.0,""frame_pitch"":32.28501510620117,""frame_yaw"":5.1852312088012695,""pitch_speed"":0.0,""yaw_speed"":0.0}",-3.5607298
8739847500300,range,1116,"{""message_type"":""GLOBAL_VISION_POSITION_ESTIMATE"",""x"":46.94851303100586,""y"":39.34931564331055}",-3.5549259
8739849282200,range,1117,"{""message_type"":""GLOBAL_VISION_POSITION_ESTIMATE"",""x"":46.94851303100586,""y"":39.34931564331055}",-3.553144
8739849503100,attitude,1177,"{""message_type"":""ATTITUDE"",""time_boot_ms"":121170,""roll"":-0.04552797973155975,""pitch"":0.16614580154418945,""yaw"":3.020254373550415,""rollspeed"":0.14040876924991608,""pitchspeed"":-0.010723771527409554,""yawspeed"":0.004544906318187714}",-3.5529231
8739868266500,target_offset,428,"{""x_angle_offset"":0.375,""y_angle_offset"":0.0}",-3.5341597
8739882616000,fov,2618,"{""zoom"":1.0,""hfov"":90.0,""vfov"":58.71550750732422,""state"":0,""max_aov_h"":90.0,""max_aov_v"":58.71550750732422,""min_aov_h"":1.40625,""min_aov_v"":0.7910428047180176,""max_zoom"":64.0}",-3.5198102
8739882913700,gimbal,2618,"{""imu_roll"":0.0,""imu_pitch"":32.281944274902344,""imu_yaw"":5.345034599304199,""frame_roll"":0.0,""frame_pitch"":32.281944274902344,""frame_yaw"":5.345034599304199,""pitch_speed"":0.0,""yaw_speed"":0.0}",-3.5195125
8739888137000,position,589,"{""message_type"":""GLOBAL_POSITION_INT"",""lat"":469521603,""lon"":393492857}",-3.5142892
8739888421900,attitude,1178,"{""message_type"":""ATTITUDE"",""time_boot_ms"":121210,""roll"":-0.03986296430230141,""pitch"":0.1656302660703659,""yaw"":3.0200002193450928,""rollspeed"":0.13476744294166565,""pitchspeed"":-0.011064846068620682,""yawspeed"":0.005227609537541866}",-3.5140043
8739888499200,vfr,589,"{""message_type"":""VFR_HUD"",""airspeed"":28.031126022338867,""alt"":205.239990234375}",-3.513927
8739912192700,target_offset,429,"{""x_angle_offset"":0.46875,""y_angle_offset"":0.0}",-3.4902335
8739926493600,fov,2619,"{""zoom"":1.0,""hfov"":90.0,""vfov"":58.71550750732422,""state"":0,""max_aov_h"":90.0,""max_aov_v"":58.71550750732422,""min_aov_h"":1.40625,""min_aov_v"":0.7910428047180176,""max_zoom"":64.0}",-3.4759326
8739926800100,gimbal,2619,"{""imu_roll"":0.0,""imu_pitch"":32.28012466430664,""imu_yaw"":5.54649019241333,""frame_roll"":0.0,""frame_pitch"":32.28012466430664,""frame_yaw"":5.54649019241333,""pitch_speed"":0.0,""yaw_speed"":0.0}",-3.4756261
8739941705200,attitude,1179,"{""message_type"":""ATTITUDE"",""time_boot_ms"":121270,""roll"":-0.03204023465514183,""pitch"":0.16485324501991272,""yaw"":3.0196683406829834,""rollspeed"":0.1157689094543457,""pitchspeed"":-0.011539194732904434,""yawspeed"":0.00543401762843132}",-3.460721
8739957440300,target_offset,430,"{""x_angle_offset"":0.46875,""y_angle_offset"":0.0}",-3.4449859
8739970217100,fov,2620,"{""zoom"":1.0,""hfov"":90.0,""vfov"":58.71550750732422,""state"":0,""max_aov_h"":90.0,""max_aov_v"":58.71550750732422,""min_aov_h"":1.40625,""min_aov_v"":0.7910428047180176,""max_zoom"":64.0}",-3.4322091
8739971029100,gimbal,2620,"{""imu_roll"":0.0,""imu_pitch"":32.279151916503906,""imu_yaw"":5.737978458404541,""frame_roll"":0.0,""frame_pitch"":32.279151916503906,""frame_yaw"":5.737978458404541,""pitch_speed"":0.0,""yaw_speed"":0.0}",-3.4313971
8739987097200,attitude,1180,"{""message_type"":""ATTITUDE"",""time_boot_ms"":121310,""roll"":-0.0276551004499197,""pitch"":0.1643202006816864,""yaw"":3.0194180011749268,""rollspeed"":0.09595654159784317,""pitchspeed"":-0.01212700828909874,""yawspeed"":0.005067214369773865}",-3.415329
8739987230600,vfr,590,"{""message_type"":""VFR_HUD"",""airspeed"":28.03049659729004,""alt"":205.50999450683594}",-3.4151956
8739987321100,position,590,"{""message_type"":""GLOBAL_POSITION_INT"",""lat"":469521061,""lon"":393492959}",-3.4151051
8740005711300,range,1118,"{""message_type"":""GLOBAL_VISION_POSITION_ESTIMATE"",""x"":46.948455810546875,""y"":39.3493766784668}",-3.3967149
8740011893200,target_offset,431,"{""x_angle_offset"":0.5625,""y_angle_offset"":0.0}",-3.390533
8740015405300,range,1119,"{""message_type"":""GLOBAL_VISION_POSITION_ESTIMATE"",""x"":46.948455810546875,""y"":39.3493766784668}",-3.3870209
8740030241400,fov,2621,"{""zoom"":1.0,""hfov"":90.0,""vfov"":58.71550750732422,""state"":0,""max_aov_h"":90.0,""max_aov_v"":58.71550750732422,""min_aov_h"":1.40625,""min_aov_v"":0.7910428047180176,""max_zoom"":64.0}",-3.3721848
8740030520100,gimbal,2621,"{""imu_roll"":0.0,""imu_pitch"":32.278343200683594,""imu_yaw"":6.072791576385498,""frame_roll"":0.0,""frame_pitch"":32.278343200683594,""frame_yaw"":6.072791576385498,""pitch_speed"":0.0,""yaw_speed"":0.0}",-3.3719061
8740057762800,attitude,1181,"{""message_type"":""ATTITUDE"",""time_boot_ms"":121370,""roll"":-0.022890251129865646,""pitch"":0.16348065435886383,""yaw"":3.0190110206604004,""rollspeed"":0.057999350130558014,""pitchspeed"":-0.012805275619029999,""yawspeed"":0.003665609983727336}",-3.3446634
8740060678200,target_offset,432,"{""x_angle_offset"":0.5625,""y_angle_offset"":0.0}",-3.341748
8740072399700,fov,2622,"{""zoom"":1.0,""hfov"":90.0,""vfov"":58.71550750732422,""state"":0,""max_aov_h"":90.0,""max_aov_v"":58.71550750732422,""min_aov_h"":1.40625,""min_aov_v"":0.7910428047180176,""max_zoom"":64.0}",-3.3300265
8740072711700,gimbal,2622,"{""imu_roll"":0.0,""imu_pitch"":32.278133392333984,""imu_yaw"":6.293379783630371,""frame_roll"":0.0,""frame_pitch"":32.278133392333984,""frame_yaw"":6.293379783630371,""pitch_speed"":0.0,""yaw_speed"":0.0}",-3.3297145
8740100143200,position,591,"{""message_type"":""GLOBAL_POSITION_INT"",""lat"":469521061,""lon"":393492959}",-3.302283
8740100495700,attitude,1182,"{""message_type"":""ATTITUDE"",""time_boot_ms"":121410,""roll"":-0.021071087568998337,""pitch"":0.16288819909095764,""yaw"":3.0186824798583984,""rollspeed"":0.0306506659835577,""pitchspeed"":-0.013628747314214706,""yawspeed"":0.002396408701315522}",-3.3019305
8740100636800,vfr,591,"{""message_type"":""VFR_HUD"",""airspeed"":28.03005599975586,""alt"":205.77999877929688}",-3.3017894
8740102222500,target_offset,433,"{""x_angle_offset"":0.5625,""y_angle_offset"":0.0}",-3.3002037
8740111824400,fov,2623,"{""zoom"":1.0,""hfov"":90.0,""vfov"":58.71550750732422,""state"":0,""max_aov_h"":90.0,""max_aov_v"":58.71550750732422,""min_aov_h"":1.40625,""min_aov_v"":0.7910428047180176,""max_zoom"":64.0}",-3.2906018
8740112102300,gimbal,2623,"{""imu_roll"":0.0,""imu_pitch"":32.27800750732422,""imu_yaw"":6.5250043869018555,""frame_roll"":0.0,""frame_pitch"":32.27800750732422,""frame_yaw"":6.5250043869018555,""pitch_speed"":0.0,""yaw_speed"":0.0}",-3.2903239
8740140873000,target_offset,434,"{""x_angle_offset"":0.5625,""y_angle_offset"":0.0}",-3.2615532
8740153184500,fov,2624,"{""zoom"":1.0,""hfov"":90.0,""vfov"":58.71550750732422,""state"":0,""max_aov_h"":90.0,""max_aov_v"":58.71550750732422,""min_aov_h"":1.40625,""min_aov_v"":0.7910428047180176,""max_zoom"":64.0}",-3.2492417
8740153401500,gimbal,2624,"{""imu_roll"":0.0,""imu_pitch"":32.27793502807617,""imu_yaw"":6.747461318969727,""frame_roll"":0.0,""frame_pitch"":32.27793502807617,""frame_yaw"":6.747461318969727,""pitch_speed"":0.0,""yaw_speed"":0.0}",-3.2490247
8740159828300,attitude,1183,"{""message_type"":""ATTITUDE"",""time_boot_ms"":121470,""roll"":-0.020443731918931007,""pitch"":0.16195623576641083,""yaw"":3.0181198120117188,""rollspeed"":-0.009111384861171246,""pitchspeed"":-0.014637645334005356,""yawspeed"":0.00020862417295575142}",-3.2425979
8740177886300,range,1120,"{""message_type"":""GLOBAL_VISION_POSITION_ESTIMATE"",""x"":46.948455810546875,""y"":39.34931564331055}",-3.2245399
8740180469400,target_offset,435,"{""x_angle_offset"":0.46875,""y_angle_offset"":0.0}",-3.2219568
8740195958700,fov,2625,"{""zoom"":1.0,""hfov"":90.0,""vfov"":58.71550750732422,""state"":0,""max_aov_h"":90.0,""max_aov_v"":58.71550750732422,""min_aov_h"":1.40625,""min_aov_v"":0.7910428047180176,""max_zoom"":64.0}",-3.2064675
8740196250500,gimbal,2625,"{""imu_roll"":0.0,""imu_pitch"":32.27789306640625,""imu_yaw"":6.940767288208008,""frame_roll"":0.0,""frame_pitch"":32.27789306640625,""frame_yaw"":6.940767288208008,""pitch_speed"":0.0,""yaw_speed"":0.0}",-3.2061757
8740198841100,range,1121,"{""message_type"":""GLOBAL_VISION_POSITION_ESTIMATE"",""x"":46.948455810546875,""y"":39.34931564331055}",-3.2035851
8740199103300,attitude,1184,"{""message_type"":""ATTITUDE"",""time_boot_ms"":121510,""roll"":-0.021368062123656273,""pitch"":0.1613112837076187,""yaw"":3.017681837081909,""rollspeed"":-0.03280521184206009,""pitchspeed"":-0.015467830002307892,""yawspeed"":-0.001300592441111803}",-3.2033229
8740199186400,vfr,592,"{""message_type"":""VFR_HUD"",""airspeed"":28.029747009277344,""alt"":206.0399932861328}",-3.2032398
8740199252000,position,592,"{""message_type"":""GLOBAL_POSITION_INT"",""lat"":469520517,""lon"":393493061}",-3.2031742
8740225682100,target_offset,436,"{""x_angle_offset"":0.1875,""y_angle_offset"":0.0}",-3.1767441
8740241214400,fov,2626,"{""zoom"":1.0,""hfov"":90.0,""vfov"":58.71550750732422,""state"":0,""max_aov_h"":90.0,""max_aov_v"":58.71550750732422,""min_aov_h"":1.40625,""min_aov_v"":0.7910428047180176,""max_zoom"":64.0}",-3.1612118
8740241680800,gimbal,2626,"{""imu_roll"":0.0,""imu_pitch"":32.27783203125,""imu_yaw"":7.019099235534668,""frame_roll"":0.0,""frame_pitch"":32.27783203125,""frame_yaw"":7.019099235534668,""pitch_speed"":0.0,""yaw_speed"":0.0}",-3.1607454
8740258005700,attitude,1185,"{""message_type"":""ATTITUDE"",""time_boot_ms"":121570,""roll"":-0.024223538115620613,""pitch"":0.1602954864501953,""yaw"":3.0169754028320312,""rollspeed"":-0.059677667915821075,""pitchspeed"":-0.016248466446995735,""yawspeed"":-0.003354626940563321}",-3.1444205
8740270060800,target_offset,437,"{""x_angle_offset"":0.09375,""y_angle_offset"":0.10873242130985966}",-3.1323654
8740278532200,fov,2627,"{""zoom"":1.0,""hfov"":90.0,""vfov"":58.71550750732422,""state"":0,""max_aov_h"":90.0,""max_aov_v"":58.71550750732422,""min_aov_h"":1.40625,""min_aov_v"":0.7910428047180176,""max_zoom"":64.0}",-3.123894
8740278814100,gimbal,2627,"{""imu_roll"":0.0,""imu_pitch"":32.31248092651367,""imu_yaw"":7.049874782562256,""frame_roll"":0.0,""frame_pitch"":32.31248092651367,""frame_yaw"":7.049874782562256,""pitch_speed"":0.0,""yaw_speed"":0.0}",-3.1236121
8740305813200,vfr,593,"{""message_type"":""VFR_HUD"",""airspeed"":28.02953338623047,""alt"":206.2899932861328}",-3.096613
8740306597900,position,593,"{""message_type"":""GLOBAL_POSITION_INT"",""lat"":469520517,""lon"":393493061}",-3.0958283
8740307536400,target_offset,438,"{""x_angle_offset"":0.09375,""y_angle_offset"":0.10873242130985966}",-3.0948898
8740310275300,attitude,1186,"{""message_type"":""ATTITUDE"",""time_boot_ms"":121610,""roll"":-0.026804346591234207,""pitch"":0.15958508849143982,""yaw"":3.0164825916290283,""rollspeed"":-0.07102455198764801,""pitchspeed"":-0.016945043578743935,""yawspeed"":-0.0044482676312327385}",-3.0921509
8740321270800,fov,2628,"{""zoom"":1.0,""hfov"":90.0,""vfov"":58.71550750732422,""state"":0,""max_aov_h"":90.0,""max_aov_v"":58.71550750732422,""min_aov_h"":1.40625,""min_aov_v"":0.7910428047180176,""max_zoom"":64.0}",-3.0811554
8740322210300,gimbal,2628,"{""imu_roll"":0.0,""imu_pitch"":32.35214614868164,""imu_yaw"":7.08711051940918,""frame_roll"":0.0,""frame_pitch"":32.35214614868164,""frame_yaw"":7.08711051940918,""pitch_speed"":0.0,""yaw_speed"":0.0}",-3.0802159
8740331213900,range,1122,"{""message_type"":""GLOBAL_VISION_POSITION_ESTIMATE"",""x"":46.94841003417969,""y"":39.34928512573242}",-3.0712123
8740345864200,range,1123,"{""message_type"":""GLOBAL_VISION_POSITION_ESTIMATE"",""x"":46.94841003417969,""y"":39.34928512573242}",-3.056562
8740348509400,target_offset,439,"{""x_angle_offset"":0.0,""y_angle_offset"":0.10873242130985966}",-3.0539168
8740356865600,fov,2629,"{""zoom"":1.0,""hfov"":90.0,""vfov"":58.71550750732422,""state"":0,""max_aov_h"":90.0,""max_aov_v"":58.71550750732422,""min_aov_h"":1.40625,""min_aov_v"":0.7910428047180176,""max_zoom"":64.0}",-3.0455606
8740357123700,gimbal,2629,"{""imu_roll"":0.0,""imu_pitch"":32.39021682739258,""imu_yaw"":7.082640171051025,""frame_roll"":0.0,""frame_pitch"":32.39021682739258,""frame_yaw"":7.082640171051025,""pitch_speed"":0.0,""yaw_speed"":0.0}",-3.0453025
8740365964900,attitude,1187,"{""message_type"":""ATTITUDE"",""time_boot_ms"":121670,""roll"":-0.031056124716997147,""pitch"":0.1584991216659546,""yaw"":3.0157253742218018,""rollspeed"":-0.0752888172864914,""pitchspeed"":-0.01710023172199726,""yawspeed"":-0.005472978577017784}",-3.0364613
8740385755000,target_offset,440,"{""x_angle_offset"":-0.09375,""y_angle_offset"":0.21746484261971932}",-3.0166712
8740400073400,fov,2630,"{""zoom"":1.0,""hfov"":90.0,""vfov"":58.71550750732422,""state"":0,""max_aov_h"":90.0,""max_aov_v"":58.71550750732422,""min_aov_h"":1.40625,""min_aov_v"":0.7910428047180176,""max_zoom"":64.0}",-3.0023528
8740400377500,gimbal,2630,"{""imu_roll"":0.0,""imu_pitch"":32.481689453125,""imu_yaw"":7.042491436004639,""frame_roll"":0.0,""frame_pitch"":32.481689453125,""frame_yaw"":7.042491436004639,""pitch_speed"":0.0,""yaw_speed"":0.0}",-3.0020487
8740404572500,position,594,"{""message_type"":""GLOBAL_POSITION_INT"",""lat"":469519974,""lon"":393493169}",-2.9978537
8740404772100,attitude,1188,"{""message_type"":""ATTITUDE"",""time_boot_ms"":121710,""roll"":-0.03399462252855301,""pitch"":0.15778018534183502,""yaw"":3.015183448791504,""rollspeed"":-0.06955697387456894,""pitchspeed"":-0.017442496493458748,""yawspeed"":-0.00568257924169302}",-2.9976541
8740404847200,vfr,594,"{""message_type"":""VFR_HUD"",""airspeed"":28.029380798339844,""alt"":206.54998779296875}",-2.997579
8740427926500,target_offset,441,"{""x_angle_offset"":-0.1875,""y_angle_offset"":0.21746484261971932}",-2.9744997
8740438473700,fov,2631,"{""zoom"":1.0,""hfov"":90.0,""vfov"":58.71550750732422,""state"":0,""max_aov_h"":90.0,""max_aov_v"":58.71550750732422,""min_aov_h"":1.40625,""min_aov_v"":0.7910428047180176,""max_zoom"":64.0}",-2.9639525
8740438782900,gimbal,2631,"{""imu_roll"":0.0,""imu_pitch"":32.566978454589844,""imu_yaw"":6.959049701690674,""frame_roll"":0.0,""frame_pitch"":32.566978454589844,""frame_yaw"":6.959049701690674,""pitch_speed"":0.0,""yaw_speed"":0.0}",-2.9636433
8740464724500,attitude,1189,"{""message_type"":""ATTITUDE"",""time_boot_ms"":121770,""roll"":-0.03758968040347099,""pitch"":0.1566750407218933,""yaw"":3.014404773712158,""rollspeed"":-0.05100502818822861,""pitchspeed"":-0.017871392890810966,""yawspeed"":-0.005296214483678341}",-2.9377017
8740467709800,target_offset,442,"{""x_angle_offset"":-0.28125,""y_angle_offset"":0.21746484261971932}",-2.9347164
8740477959600,fov,2632,"{""zoom"":1.0,""hfov"":90.0,""vfov"":58.71550750732422,""state"":0,""max_aov_h"":90.0,""max_aov_v"":58.71550750732422,""min_aov_h"":1.40625,""min_aov_v"":0.7910428047180176,""max_zoom"":64.0}",-2.9244666
8740478254700,gimbal,2632,"{""imu_roll"":0.0,""imu_pitch"":32.651920318603516,""imu_yaw"":6.840675354003906,""frame_roll"":0.0,""frame_pitch"":32.651920318603516,""frame_yaw"":6.840675354003906,""pitch_speed"":0.0,""yaw_speed"":0.0}",-2.9241715
8740486154800,range,1124,"{""message_type"":""GLOBAL_VISION_POSITION_ESTIMATE"",""x"":46.94834518432617,""y"":39.34928512573242}",-2.9162714
8740504010800,range,1125,"{""message_type"":""GLOBAL_VISION_POSITION_ESTIMATE"",""x"":46.94834518432617,""y"":39.34928512573242}",-2.8984154
8740504247800,attitude,1190,"{""message_type"":""ATTITUDE"",""time_boot_ms"":121810,""roll"":-0.03915949538350105,""pitch"":0.15592987835407257,""yaw"":3.0139150619506836,""rollspeed"":-0.032828085124492645,""pitchspeed"":-0.01809791475534439,""yawspeed"":-0.004614640958607197}",-2.8981784
8740504326000,vfr,595,"{""message_type"":""VFR_HUD"",""airspeed"":28.02927589416504,""alt"":206.80999755859375}",-2.8981002
8740504385100,position,595,"{""message_type"":""GLOBAL_POSITION_INT"",""lat"":469519974,""lon"":393493169}",-2.8980411
8740509329800,target_offset,443,"{""x_angle_offset"":-0.375,""y_angle_offset"":0.326197263929579}",-2.8930964
8740518875700,fov,2633,"{""zoom"":1.0,""hfov"":90.0,""vfov"":58.71550750732422,""state"":0,""max_aov_h"":90.0,""max_aov_v"":58.71550750732422,""min_aov_h"":1.40625,""min_aov_v"":0.7910428047180176,""max_zoom"":64.0}",-2.8835505
8740519754200,gimbal,2633,"{""imu_roll"":0.0,""imu_pitch"":32.77522277832031,""imu_yaw"":6.6877970695495605,""frame_roll"":0.0,""frame_pitch"":32.77522277832031,""frame_yaw"":6.6877970695495605,""pitch_speed"":0.0,""yaw_speed"":0.0}",-2.882672
8740546603200,target_offset,444,"{""x_angle_offset"":-0.375,""y_angle_offset"":0.326197263929579}",-2.855823
8740561733400,fov,2634,"{""zoom"":1.0,""hfov"":90.0,""vfov"":58.71550750732422,""state"":0,""max_aov_h"":90.0,""max_aov_v"":58.71550750732422,""min_aov_h"":1.40625,""min_aov_v"":0.7910428047180176,""max_zoom"":64.0}",-2.8406928
8740561931200,gimbal,2634,"{""imu_roll"":0.0,""imu_pitch"":32.911712646484375,""imu_yaw"":6.522741794586182,""frame_roll"":0.0,""frame_pitch"":32.911712646484375,""frame_yaw"":6.522741794586182,""pitch_speed"":0.0,""yaw_speed"":0.0}",-2.840495
8740566652500,attitude,1191,"{""message_type"":""ATTITUDE"",""time_boot_ms"":121870,""roll"":-0.03994420915842056,""pitch"":0.1547945886850357,""yaw"":3.0132522583007812,""rollspeed"":-0.0008668139344081283,""pitchspeed"":-0.01849006488919258,""yawspeed"":-0.0030684559606015682}",-2.8357737
8740591295500,target_offset,445,"{""x_angle_offset"":-0.375,""y_angle_offset"":0.326197263929579}",-2.8111307
8740603319500,fov,2635,"{""zoom"":1.0,""hfov"":90.0,""vfov"":58.71550750732422,""state"":0,""max_aov_h"":90.0,""max_aov_v"":58.71550750732422,""min_aov_h"":1.40625,""min_aov_v"":0.7910428047180176,""max_zoom"":64.0}",-2.7991067
8740603584000,gimbal,2635,"{""imu_roll"":0.0,""imu_pitch"":33.04267883300781,""imu_yaw"":6.357478618621826,""frame_roll"":0.0,""frame_pitch"":33.04267883300781,""frame_yaw"":6.357478618621826,""pitch_speed"":0.0,""yaw_speed"":0.0}",-2.7988422
8740604307700,position,596,"{""message_type"":""GLOBAL_POSITION_INT"",""lat"":469519431,""lon"":393493278}",-2.7981185
8740604551400,attitude,1192,"{""message_type"":""ATTITUDE"",""time_boot_ms"":121910,""roll"":-0.0393710620701313,""pitch"":0.15404005348682404,""yaw"":3.0128424167633057,""rollspeed"":0.021249663084745407,""pitchspeed"":-0.018732929602265358,""yawspeed"":-0.0018436117097735405}",-2.7978748
8740604665600,vfr,596,"{""message_type"":""VFR_HUD"",""airspeed"":28.029199600219727,""alt"":207.04998779296875}",-2.7977606
8740631118800,target_offset,446,"{""x_angle_offset"":-0.46875,""y_angle_offset"":0.21746484261971932}",-2.7713074
8740650339700,fov,2636,"{""zoom"":1.0,""hfov"":90.0,""vfov"":58.71550750732422,""state"":0,""max_aov_h"":90.0,""max_aov_v"":58.71550750732422,""min_aov_h"":1.40625,""min_aov_v"":0.7910428047180176,""max_zoom"":64.0}",-2.7520865
8740650634300,gimbal,2636,"{""imu_roll"":0.0,""imu_pitch"":33.13737869262695,""imu_yaw"":6.137638092041016,""frame_roll"":0.0,""frame_pitch"":33.13737869262695,""frame_yaw"":6.137638092041016,""pitch_speed"":0.0,""yaw_speed"":0.0}",-2.7517919
8740657086500,range,1126,"{""message_type"":""GLOBAL_VISION_POSITION_ESTIMATE"",""x"":46.9491081237793,""y"":39.3493537902832}",-2.7453397
8740658264700,range,1127,"{""message_type"":""GLOBAL_VISION_POSITION_ESTIMATE"",""x"":46.9491081237793,""y"":39.3493537902832}",-2.7441615
8740658460600,attitude,1193,"{""message_type"":""ATTITUDE"",""time_boot_ms"":121970,""roll"":-0.03693585470318794,""pitch"":0.15292131900787354,""yaw"":3.01231050491333,""rollspeed"":0.05183717608451843,""pitchspeed"":-0.018955102190375328,""yawspeed"":0.0001288820058107376}",-2.7439656
8740679424800,target_offset,447,"{""x_angle_offset"":-0.375,""y_angle_offset"":0.21746484261971932}",-2.7230014
8740689853100,fov,2637,"{""zoom"":1.0,""hfov"":90.0,""vfov"":58.71550750732422,""state"":0,""max_aov_h"":90.0,""max_aov_v"":58.71550750732422,""min_aov_h"":1.40625,""min_aov_v"":0.7910428047180176,""max_zoom"":64.0}",-2.7125731
8740690134800,gimbal,2637,"{""imu_roll"":0.0,""imu_pitch"":33.22060775756836,""imu_yaw"":5.991662979125977,""frame_roll"":0.0,""frame_pitch"":33.22060775756836,""frame_yaw"":5.991662979125977,""pitch_speed"":0.0,""yaw_speed"":0.0}",-2.7122914
8740698714300,attitude,1194,"{""message_type"":""ATTITUDE"",""time_boot_ms"":122010,""roll"":-0.03441798314452171,""pitch"":0.1521584838628769,""yaw"":3.0119788646698,""rollspeed"":0.06824018061161041,""pitchspeed"":-0.019469378516077995,""yawspeed"":0.0013780288863927126}",-2.7037119
8740698819600,vfr,597,"{""message_type"":""VFR_HUD"",""airspeed"":28.02914810180664,""alt"":207.29998779296875}",-2.7036066
8740698899900,position,597,"{""message_type"":""GLOBAL_POSITION_INT"",""lat"":469519431,""lon"":393493278}",-2.7035263
8740715946600,target_offset,448,"{""x_angle_offset"":-0.375,""y_angle_offset"":0.21746484261971932}",-2.6864796
8740731509300,fov,2638,"{""zoom"":1.0,""hfov"":90.0,""vfov"":58.71550750732422,""state"":0,""max_aov_h"":90.0,""max_aov_v"":58.71550750732422,""min_aov_h"":1.40625,""min_aov_v"":0.7910428047180176,""max_zoom"":64.0}",-2.6709169
8740731800000,gimbal,2638,"{""imu_roll"":0.0,""imu_pitch"":33.30703353881836,""imu_yaw"":5.823557376861572,""frame_roll"":0.0,""frame_pitch"":33.30703353881836,""frame_yaw"":5.823557376861572,""pitch_speed"":0.0,""yaw_speed"":0.0}",-2.6706262
8740760807400,target_offset,449,"{""x_angle_offset"":0.0,""y_angle_offset"":0.10873242130985966}",-2.6416188
8740763832900,attitude,1195,"{""message_type"":""ATTITUDE"",""time_boot_ms"":122070,""roll"":-0.029683317989110947,""pitch"":0.15101057291030884,""yaw"":3.0115509033203125,""rollspeed"":0.08547449111938477,""pitchspeed"":-0.0194587092846632,""yawspeed"":0.002912763273343444}",-2.6385933
8740774576400,fov,2639,"{""zoom"":1.0,""hfov"":90.0,""vfov"":58.71550750732422,""state"":0,""max_aov_h"":90.0,""max_aov_v"":58.71550750732422,""min_aov_h"":1.40625,""min_aov_v"":0.7910428047180176,""max_zoom"":64.0}",-2.6278498
8740774928600,gimbal,2639,"{""imu_roll"":0.0,""imu_pitch"":33.34524917602539,""imu_yaw"":5.823221683502197,""frame_roll"":0.0,""frame_pitch"":33.34524917602539,""frame_yaw"":5.823221683502197,""pitch_speed"":0.0,""yaw_speed"":0.0}",-2.6274976
8740801328100,position,598,"{""message_type"":""GLOBAL_POSITION_INT"",""lat"":469518887,""lon"":393493387}",-2.6010981
8740802289200,target_offset,450,"{""x_angle_offset"":0.0,""y_angle_offset"":0.10873242130985966}",-2.600137
8740805133200,attitude,1196,"{""message_type"":""ATTITUDE"",""time_boot_ms"":122110,""roll"":-0.026148850098252296,""pitch"":0.15023121237754822,""yaw"":3.0112667083740234,""rollspeed"":0.09085921198129654,""pitchspeed"":-0.020001256838440895,""yawspeed"":0.003670037491247058}",-2.597293
8740805664700,vfr,598,"{""message_type"":""VFR_HUD"",""airspeed"":28.029111862182617,""alt"":207.5399932861328}",-2.5967615
8740812437000,range,1128,"{""message_type"":""GLOBAL_VISION_POSITION_ESTIMATE"",""x"":46.94905471801758,""y"":39.349422454833984}",-2.5899892
8740814397800,fov,2640,"{""zoom"":1.0,""hfov"":90.0,""vfov"":58.71550750732422,""state"":0,""max_aov_h"":90.0,""max_aov_v"":58.71550750732422,""min_aov_h"":1.40625,""min_aov_v"":0.7910428047180176,""max_zoom"":64.0}",-2.5880284
8740814706400,gimbal,2640,"{""imu_roll"":0.0,""imu_pitch"":33.38472366333008,""imu_yaw"":5.823031425476074,""frame_roll"":0.0,""frame_pitch"":33.38472366333008,""frame_yaw"":5.823031425476074,""pitch_speed"":0.0,""yaw_speed"":0.0}",-2.5877198
8740822045500,range,1129,"{""message_type"":""GLOBAL_VISION_POSITION_ESTIMATE"",""x"":46.94905471801758,""y"":39.349422454833984}",-2.5803807
8740844491100,target_offset,451,"{""x_angle_offset"":0.375,""y_angle_offset"":0.0}",-2.5579351
8740853404400,fov,2641,"{""zoom"":1.0,""hfov"":90.0,""vfov"":58.71550750732422,""state"":0,""max_aov_h"":90.0,""max_aov_v"":58.71550750732422,""min_aov_h"":1.40625,""min_aov_v"":0.7910428047180176,""max_zoom"":64.0}",-2.5490218
8740853678000,gimbal,2641,"{""imu_roll"":0.0,""imu_pitch"":33.38157653808594,""imu_yaw"":5.9652557373046875,""frame_roll"":0.0,""frame_pitch"":33.38157653808594,""frame_yaw"":5.9652557373046875,""pitch_speed"":0.0,""yaw_speed"":0.0}",-2.5487482
8740862134700,attitude,1197,"{""message_type"":""ATTITUDE"",""time_boot_ms"":122170,""roll"":-0.020636914297938347,""pitch"":0.14908277988433838,""yaw"":3.01090931892395,""rollspeed"":0.08763094246387482,""pitchspeed"":-0.020565135404467583,""yawspeed"":0.004159227944910526}",-2.5402915
8740882660700,target_offset,452,"{""x_angle_offset"":0.375,""y_angle_offset"":0.0}",-2.5197655
8740895290200,gimbal,2642,"{""imu_roll"":0.0,""imu_pitch"":33.37939453125,""imu_yaw"":6.120084285736084,""frame_roll"":0.0,""frame_pitch"":33.37939453125,""frame_yaw"":6.120084285736084,""pitch_speed"":0.0,""yaw_speed"":0.0}",-2.507136
8740895636700,fov,2642,"{""zoom"":1.0,""hfov"":90.0,""vfov"":58.71550750732422,""state"":0,""max_aov_h"":90.0,""max_aov_v"":58.71550750732422,""min_aov_h"":1.40625,""min_aov_v"":0.7910428047180176,""max_zoom"":64.0}",-2.5067895
8740904064800,position,599,"{""message_type"":""GLOBAL_POSITION_INT"",""lat"":469518887,""lon"":393493387}",-2.4983614
8740904252900,attitude,1198,"{""message_type"":""ATTITUDE"",""time_boot_ms"":122210,""roll"":-0.017326394096016884,""pitch"":0.14829467236995697,""yaw"":3.0106406211853027,""rollspeed"":0.07828855514526367,""pitchspeed"":-0.021112877875566483,""yawspeed"":0.003981901332736015}",-2.4981733
8740904326000,vfr,599,"{""message_type"":""VFR_HUD"",""airspeed"":28.06018829345703,""alt"":207.76998901367188}",-2.4981002
8740925813600,target_offset,453,"{""x_angle_offset"":0.375,""y_angle_offset"":0.0}",-2.4766126
8740940717200,fov,2643,"{""zoom"":1.0,""hfov"":90.0,""vfov"":58.71550750732422,""state"":0,""max_aov_h"":90.0,""max_aov_v"":58.71550750732422,""min_aov_h"":1.40625,""min_aov_v"":0.7910428047180176,""max_zoom"":64.0}",-2.461709
8740941034000,gimbal,2643,"{""imu_roll"":0.0,""imu_pitch"":33.37810516357422,""imu_yaw"":6.279315948486328,""frame_roll"":0.0,""frame_pitch"":33.37810516357422,""frame_yaw"":6.279315948486328,""pitch_speed"":0.0,""yaw_speed"":0.0}",-2.4613922
8740960613600,attitude,1199,"{""message_type"":""ATTITUDE"",""time_boot_ms"":122270,""roll"":-0.013430685736238956,""pitch"":0.147074893116951,""yaw"":3.0102195739746094,""rollspeed"":0.05459465831518173,""pitchspeed"":-0.021827146410942078,""yawspeed"":0.0029888844583183527}",-2.4418126
8740969208700,target_offset,454,"{""x_angle_offset"":0.375,""y_angle_offset"":0.0}",-2.4332175
8740972258400,range,1130,"{""message_type"":""GLOBAL_VISION_POSITION_ESTIMATE"",""x"":46.94905471801758,""y"":39.34943389892578}",-2.4301678
8740982469100,fov,2644,"{""zoom"":1.0,""hfov"":90.0,""vfov"":58.71550750732422,""state"":0,""max_aov_h"":90.0,""max_aov_v"":58.71550750732422,""min_aov_h"":1.40625,""min_aov_v"":0.7910428047180176,""max_zoom"":64.0}",-2.4199571
8740982861800,gimbal,2644,"{""imu_roll"":0.0,""imu_pitch"":33.37744140625,""imu_yaw"":6.423893451690674,""frame_roll"":0.0,""frame_pitch"":33.37744140625,""frame_yaw"":6.423893451690674,""pitch_speed"":0.0,""yaw_speed"":0.0}",-2.4195644
8740984882700,range,1131,"{""message_type"":""GLOBAL_VISION_POSITION_ESTIMATE"",""x"":46.94905471801758,""y"":39.34943389892578}",-2.4175435
8741001649400,attitude,1200,"{""message_type"":""ATTITUDE"",""time_boot_ms"":122310,""roll"":-0.011789265088737011,""pitch"":0.14624294638633728,""yaw"":3.0098915100097656,""rollspeed"":0.03437378257513046,""pitchspeed"":-0.022240549325942993,""yawspeed"":0.001981904497370124}",-2.4007768
8741001880500,vfr,600,"{""message_type"":""VFR_HUD"",""airspeed"":28.08192253112793,""alt"":207.989990234375}",-2.4005457
8741002726700,position,600,"{""message_type"":""GLOBAL_POSITION_INT"",""lat"":469518887,""lon"":393493387}",-2.3996995
8741011329000,target_offset,455,"{""x_angle_offset"":0.375,""y_angle_offset"":0.0}",-2.3910972
8741026373500,fov,2645,"{""zoom"":1.0,""hfov"":90.0,""vfov"":58.71550750732422,""state"":0,""max_aov_h"":90.0,""max_aov_v"":58.71550750732422,""min_aov_h"":1.40625,""min_aov_v"":0.7910428047180176,""max_zoom"":64.0}",-2.3760527
8741026679000,gimbal,2645,"{""imu_roll"":0.0,""imu_pitch"":33.37700271606445,""imu_yaw"":6.5887837409973145,""frame_roll"":0.0,""frame_pitch"":33.37700271606445,""frame_yaw"":6.5887837409973145,""pitch_speed"":0.0,""yaw_speed"":0.0}",-2.3757472
8741056251600,target_offset,456,"{""x_angle_offset"":0.375,""y_angle_offset"":0.0}",-2.3461746
8741065354300,fov,2646,"{""zoom"":1.0,""hfov"":90.0,""vfov"":58.71550750732422,""state"":0,""max_aov_h"":90.0,""max_aov_v"":58.71550750732422,""min_aov_h"":1.40625,""min_aov_v"":0.7910428047180176,""max_zoom"":64.0}",-2.3370719
8741065697500,gimbal,2646,"{""imu_roll"":0.0,""imu_pitch"":33.37678146362305,""imu_yaw"":6.735692977905273,""frame_roll"":0.0,""frame_pitch"":33.37678146362305,""frame_yaw"":6.735692977905273,""pitch_speed"":0.0,""yaw_speed"":0.0}",-2.3367287
8741071014800,attitude,1201,"{""message_type"":""ATTITUDE"",""time_boot_ms"":122370,""roll"":-0.011034167371690273,""pitch"":0.14479780197143555,""yaw"":3.0093400478363037,""rollspeed"":0.00022058095782995224,""pitchspeed"":-0.022613681852817535,""yawspeed"":1.73225998878479e-07}",-2.3314114
8741097177300,target_offset,457,"{""x_angle_offset"":0.375,""y_angle_offset"":0.0}",-2.3052489
8741110597200,position,601,"{""message_type"":""GLOBAL_POSITION_INT"",""lat"":469518339,""lon"":393493497}",-2.291829
8741110901300,attitude,1202,"{""message_type"":""ATTITUDE"",""time_boot_ms"":122410,""roll"":-0.011690652929246426,""pitch"":0.14376109838485718,""yaw"":3.008920669555664,""rollspeed"":-0.022540075704455376,""pitchspeed"":-0.02295435033738613,""yawspeed"":-0.0015841562999412417}",-2.2915249
8741111018900,vfr,601,"{""message_type"":""VFR_HUD"",""airspeed"":28.097126007080078,""alt"":208.20999145507812}",-2.2914073
8741111323200,fov,2647,"{""zoom"":1.0,""hfov"":90.0,""vfov"":58.71550750732422,""state"":0,""max_aov_h"":90.0,""max_aov_v"":58.71550750732422,""min_aov_h"":1.40625,""min_aov_v"":0.7910428047180176,""max_zoom"":64.0}",-2.291103
8741112117200,gimbal,2647,"{""imu_roll"":0.0,""imu_pitch"":33.376644134521484,""imu_yaw"":6.890904903411865,""frame_roll"":0.0,""frame_pitch"":33.376644134521484,""frame_yaw"":6.890904903411865,""pitch_speed"":0.0,""yaw_speed"":0.0}",-2.290309
8741124309900,range,1132,"{""message_type"":""GLOBAL_VISION_POSITION_ESTIMATE"",""x"":46.94900131225586,""y"":39.34941482543945}",-2.2781163
8741126533400,range,1133,"{""message_type"":""GLOBAL_VISION_POSITION_ESTIMATE"",""x"":46.94900131225586,""y"":39.34941482543945}",-2.2758928
8741140081200,target_offset,458,"{""x_angle_offset"":0.28125,""y_angle_offset"":0.0}",-2.262345
8741151479000,fov,2648,"{""zoom"":1.0,""hfov"":90.0,""vfov"":58.71550750732422,""state"":0,""max_aov_h"":90.0,""max_aov_v"":58.71550750732422,""min_aov_h"":1.40625,""min_aov_v"":0.7910428047180176,""max_zoom"":64.0}",-2.2509472
8741151790900,gimbal,2648,"{""imu_roll"":0.0,""imu_pitch"":33.37657165527344,""imu_yaw"":7.003681659698486,""frame_roll"":0.0,""frame_pitch"":33.37657165527344,""frame_yaw"":7.003681659698486,""pitch_speed"":0.0,""yaw_speed"":0.0}",-2.2506353
8741170500600,attitude,1203,"{""message_type"":""ATTITUDE"",""time_boot_ms"":122470,""roll"":-0.014244001358747482,""pitch"":0.1422005444765091,""yaw"":3.008232355117798,""rollspeed"":-0.052438877522945404,""pitchspeed"":-0.02288854494690895,""yawspeed"":-0.003827632637694478}",-2.2319256
8741179323700,target_offset,459,"{""x_angle_offset"":0.28125,""y_angle_offset"":0.0}",-2.2231025
8741195386800,fov,2649,"{""zoom"":1.0,""hfov"":90.0,""vfov"":58.71550750732422,""state"":0,""max_aov_h"":90.0,""max_aov_v"":58.71550750732422,""min_aov_h"":1.40625,""min_aov_v"":0.7910428047180176,""max_zoom"":64.0}",-2.2070394
8741195678100,gimbal,2649,"{""imu_roll"":0.0,""imu_pitch"":33.37652587890625,""imu_yaw"":7.119548320770264,""frame_roll"":0.0,""frame_pitch"":33.37652587890625,""frame_yaw"":7.119548320770264,""pitch_speed"":0.0,""yaw_speed"":0.0}",-2.2067481
8741215482500,attitude,1204,"{""message_type"":""ATTITUDE"",""time_boot_ms"":122510,""roll"":-0.016776403412222862,""pitch"":0.14116288721561432,""yaw"":3.0077426433563232,""rollspeed"":-0.0673411414027214,""pitchspeed"":-0.02282649837434292,""yawspeed"":-0.005209243856370449}",-2.1869437
8741215608600,vfr,602,"{""message_type"":""VFR_HUD"",""airspeed"":28.107763290405273,""alt"":208.42999267578125}",-2.1868176
8741215679700,position,602,"{""message_type"":""GLOBAL_POSITION_INT"",""lat"":469518339,""lon"":393493497}",-2.1867465
8741223684200,target_offset,460,"{""x_angle_offset"":0.1875,""y_angle_offset"":0.0}",-2.178742
8741234677200,gimbal,2650,"{""imu_roll"":0.0,""imu_pitch"":33.37646484375,""imu_yaw"":7.191634178161621,""frame_roll"":0.0,""frame_pitch"":33.37646484375,""frame_yaw"":7.191634178161621,""pitch_speed"":0.0,""yaw_speed"":0.0}",-2.167749
8741234957100,fov,2650,"{""zoom"":1.0,""hfov"":90.0,""vfov"":58.71550750732422,""state"":0,""max_aov_h"":90.0,""max_aov_v"":58.71550750732422,""min_aov_h"":1.40625,""min_aov_v"":0.7910428047180176,""max_zoom"":64.0}",-2.1674691
8741271801300,attitude,1205,"{""message_type"":""ATTITUDE"",""time_boot_ms"":122570,""roll"":-0.021451527252793312,""pitch"":0.13966810703277588,""yaw"":3.006950855255127,""rollspeed"":-0.08038175851106644,""pitchspeed"":-0.022324269637465477,""yawspeed"":-0.006888057105243206}",-2.1306249
8741281317800,range,1134,"{""message_type"":""GLOBAL_VISION_POSITION_ESTIMATE"",""x"":46.94900131225586,""y"":39.3493766784668}",-2.1211084
8741281579100,fov,2651,"{""zoom"":1.0,""hfov"":90.0,""vfov"":58.71550750732422,""state"":0,""max_aov_h"":90.0,""max_aov_v"":58.71550750732422,""min_aov_h"":1.40625,""min_aov_v"":0.7910428047180176,""max_zoom"":64.0}",-2.1208471
8741281798000,gimbal,2651,"{""imu_roll"":0.0,""imu_pitch"":33.37646484375,""imu_yaw"":7.242734432220459,""frame_roll"":0.0,""frame_pitch"":33.37646484375,""frame_yaw"":7.242734432220459,""pitch_speed"":0.0,""yaw_speed"":0.0}",-2.1206282
8741291284600,range,1135,"{""message_type"":""GLOBAL_VISION_POSITION_ESTIMATE"",""x"":46.94900131225586,""y"":39.3493766784668}",-2.1111416
8741312074400,vfr,603,"{""message_type"":""VFR_HUD"",""airspeed"":28.115205764770508,""alt"":208.62998962402344}",-2.0903518
8741312170000,position,603,"{""message_type"":""GLOBAL_POSITION_INT"",""lat"":469517791,""lon"":393493612}",-2.0902562
8741312343200,attitude,1206,"{""message_type"":""ATTITUDE"",""time_boot_ms"":122610,""roll"":-0.02490246295928955,""pitch"":0.13875003159046173,""yaw"":3.0063958168029785,""rollspeed"":-0.08204346150159836,""pitchspeed"":-0.021953418850898743,""yawspeed"":-0.007595169357955456}",-2.090083
8741323622200,fov,2652,"{""zoom"":1.0,""hfov"":90.0,""vfov"":58.71550750732422,""state"":0,""max_aov_h"":90.0,""max_aov_v"":58.71550750732422,""min_aov_h"":1.40625,""min_aov_v"":0.7910428047180176,""max_zoom"":64.0}",-2.078804
8741323837100,gimbal,2652,"{""imu_roll"":0.0,""imu_pitch"":33.37646484375,""imu_yaw"":7.275869369506836,""frame_roll"":0.0,""frame_pitch"":33.37646484375,""frame_yaw"":7.275869369506836,""pitch_speed"":0.0,""yaw_speed"":0.0}",-2.0785891
8741352492100,target_offset,461,"{""x_angle_offset"":-0.65625,""y_angle_offset"":-0.43492968523943865}",-2.0499341
8741365287400,fov,2653,"{""zoom"":1.0,""hfov"":90.0,""vfov"":58.71550750732422,""state"":0,""max_aov_h"":90.0,""max_aov_v"":58.71550750732422,""min_aov_h"":1.40625,""min_aov_v"":0.7910428047180176,""max_zoom"":64.0}",-2.0371388
8741365641400,gimbal,2653,"{""imu_roll"":0.0,""imu_pitch"":33.19313049316406,""imu_yaw"":6.9996490478515625,""frame_roll"":0.0,""frame_pitch"":33.19313049316406,""frame_yaw"":6.9996490478515625,""pitch_speed"":0.0,""yaw_speed"":0.0}",-2.0367848
8741373990200,attitude,1207,"{""message_type"":""ATTITUDE"",""time_boot_ms"":122670,""roll"":-0.029957972466945648,""pitch"":0.13742059469223022,""yaw"":3.005549430847168,""rollspeed"":-0.07845564931631088,""pitchspeed"":-0.020765917375683784,""yawspeed"":-0.008451375178992748}",-2.028436
8741393235000,target_offset,462,"{""x_angle_offset"":-0.75,""y_angle_offset"":-0.326197263929579}",-2.0091912
8741409804900,position,604,"{""message_type"":""GLOBAL_POSITION_INT"",""lat"":469517791,""lon"":393493612}",-1.9926213
8741410039300,attitude,1208,"{""message_type"":""ATTITUDE"",""time_boot_ms"":122710,""roll"":-0.03315671160817146,""pitch"":0.13656191527843475,""yaw"":3.004981756210327,""rollspeed"":-0.07476228475570679,""pitchspeed"":-0.020337874069809914,""yawspeed"":-0.008845274336636066}",-1.9923869
8741410115000,vfr,604,"{""message_type"":""VFR_HUD"",""airspeed"":28.151657104492188,""alt"":208.83999633789062}",-1.9923112
8741412067300,fov,2654,"{""zoom"":1.0,""hfov"":90.0,""vfov"":58.71550750732422,""state"":0,""max_aov_h"":90.0,""max_aov_v"":58.71550750732422,""min_aov_h"":1.40625,""min_aov_v"":0.7910428047180176,""max_zoom"":64.0}",-1.9903589
8741412325500,gimbal,2654,"{""imu_roll"":0.0,""imu_pitch"":33.028953552246094,""imu_yaw"":6.6372246742248535,""frame_roll"":0.0,""frame_pitch"":33.028953552246094,""frame_yaw"":6.6372246742248535,""pitch_speed"":0.0,""yaw_speed"":0.0}",-1.9901007
8741434963300,range,1136,"{""message_type"":""GLOBAL_VISION_POSITION_ESTIMATE"",""x"":46.948944091796875,""y"":39.349395751953125}",-1.9674629
8741441942600,target_offset,463,"{""x_angle_offset"":-0.9375,""y_angle_offset"":-0.326197263929579}",-1.9604836
8741447865200,range,1137,"{""message_type"":""GLOBAL_VISION_POSITION_ESTIMATE"",""x"":46.948944091796875,""y"":39.349395751953125}",-1.954561
8741453508800,fov,2655,"{""zoom"":1.0,""hfov"":90.0,""vfov"":58.71550750732422,""state"":0,""max_aov_h"":90.0,""max_aov_v"":58.71550750732422,""min_aov_h"":1.40625,""min_aov_v"":0.7910428047180176,""max_zoom"":64.0}",-1.9489174
8741453959600,gimbal,2655,"{""imu_roll"":0.0,""imu_pitch"":32.891868591308594,""imu_yaw"":6.248412609100342,""frame_roll"":0.0,""frame_pitch"":32.891868591308594,""frame_yaw"":6.248412609100342,""pitch_speed"":0.0,""yaw_speed"":0.0}",-1.9484666
8741467215200,attitude,1209,"{""message_type"":""ATTITUDE"",""time_boot_ms"":122770,""roll"":-0.03723806142807007,""pitch"":0.13529448211193085,""yaw"":3.0041463375091553,""rollspeed"":-0.05631096661090851,""pitchspeed"":-0.019832918420433998,""yawspeed"":-0.008568554185330868}",-1.935211
8741481983900,target_offset,464,"{""x_angle_offset"":-0.75,""y_angle_offset"":0.0}",-1.9204423
8741494941400,fov,2656,"{""zoom"":1.0,""hfov"":90.0,""vfov"":58.71550750732422,""state"":0,""max_aov_h"":90.0,""max_aov_v"":58.71550750732422,""min_aov_h"":1.40625,""min_aov_v"":0.7910428047180176,""max_zoom"":64.0}",-1.9074848
8741495227400,gimbal,2656,"{""imu_roll"":0.0,""imu_pitch"":32.88324737548828,""imu_yaw"":5.93497371673584,""frame_roll"":0.0,""frame_pitch"":32.88324737548828,""frame_yaw"":5.93497371673584,""pitch_speed"":0.0,""yaw_speed"":0.0}",-1.9071988
8741510300800,attitude,1210,"{""message_type"":""ATTITUDE"",""time_boot_ms"":122810,""roll"":-0.03910112380981445,""pitch"":0.1344044804573059,""yaw"":3.0036160945892334,""rollspeed"":-0.036420926451683044,""pitchspeed"":-0.019830914214253426,""yawspeed"":-0.007800670340657234}",-1.8921254
8741510484600,vfr,605,"{""message_type"":""VFR_HUD"",""airspeed"":28.177146911621094,""alt"":209.0399932861328}",-1.8919416
8741511075900,position,605,"{""message_type"":""GLOBAL_POSITION_INT"",""lat"":469517239,""lon"":393493732}",-1.8913503
8741523156100,target_offset,465,"{""x_angle_offset"":-0.65625,""y_angle_offset"":0.326197263929579}",-1.8792701
8741536829300,fov,2657,"{""zoom"":1.0,""hfov"":90.0,""vfov"":58.71550750732422,""state"":0,""max_aov_h"":90.0,""max_aov_v"":58.71550750732422,""min_aov_h"":1.40625,""min_aov_v"":0.7910428047180176,""max_zoom"":64.0}",-1.8655969
8741537101200,gimbal,2657,"{""imu_roll"":0.0,""imu_pitch"":33.0139274597168,""imu_yaw"":5.662639617919922,""frame_roll"":0.0,""frame_pitch"":33.0139274597168,""frame_yaw"":5.662639617919922,""pitch_speed"":0.0,""yaw_speed"":0.0}",-1.865325
8741565821000,target_offset,466,"{""x_angle_offset"":-0.375,""y_angle_offset"":0.326197263929579}",-1.8366052
8741577135200,fov,2658,"{""zoom"":1.0,""hfov"":90.0,""vfov"":58.71550750732422,""state"":0,""max_aov_h"":90.0,""max_aov_v"":58.71550750732422,""min_aov_h"":1.40625,""min_aov_v"":0.7910428047180176,""max_zoom"":64.0}",-1.825291
8741577402000,gimbal,2658,"{""imu_roll"":0.0,""imu_pitch"":33.14727783203125,""imu_yaw"":5.499733924865723,""frame_roll"":0.0,""frame_pitch"":33.14727783203125,""frame_yaw"":5.499733924865723,""pitch_speed"":0.0,""yaw_speed"":0.0}",-1.8250242
8741581066800,attitude,1211,"{""message_type"":""ATTITUDE"",""time_boot_ms"":122870,""roll"":-0.040288619697093964,""pitch"":0.13309118151664734,""yaw"":3.0028913021087646,""rollspeed"":-0.004420251119881868,""pitchspeed"":-0.01929130218923092,""yawspeed"":-0.006259167566895485}",-1.8213594
8741590235200,range,1138,"{""message_type"":""GLOBAL_VISION_POSITION_ESTIMATE"",""x"":46.94888687133789,""y"":39.34947967529297}",-1.812191
8741597857600,range,1139,"{""message_type"":""GLOBAL_VISION_POSITION_ESTIMATE"",""x"":46.94888687133789,""y"":39.34947967529297}",-1.8045686
8741607411700,target_offset,467,"{""x_angle_offset"":-0.375,""y_angle_offset"":0.43492968523943865}",-1.7950145
8741617750200,vfr,606,"{""message_type"":""VFR_HUD"",""airspeed"":28.194976806640625,""alt"":209.22999572753906}",-1.784676
8741618079700,attitude,1212,"{""message_type"":""ATTITUDE"",""time_boot_ms"":122910,""roll"":-0.040088385343551636,""pitch"":0.13221554458141327,""yaw"":3.0024378299713135,""rollspeed"":0.014353292062878609,""pitchspeed"":-0.019581900909543037,""yawspeed"":-0.00522287841886282}",-1.7843465
8741618290200,position,606,"{""message_type"":""GLOBAL_POSITION_INT"",""lat"":469517239,""lon"":393493732}",-1.784136
8741619305900,fov,2659,"{""zoom"":1.0,""hfov"":90.0,""vfov"":58.71550750732422,""state"":0,""max_aov_h"":90.0,""max_aov_v"":58.71550750732422,""min_aov_h"":1.40625,""min_aov_v"":0.7910428047180176,""max_zoom"":64.0}",-1.7831203
8741619577800,gimbal,2659,"{""imu_roll"":0.0,""imu_pitch"":33.32232666015625,""imu_yaw"":5.343886852264404,""frame_roll"":0.0,""frame_pitch"":33.32232666015625,""frame_yaw"":5.343886852264404,""pitch_speed"":0.0,""yaw_speed"":0.0}",-1.7828484
8741649131700,target_offset,468,"{""x_angle_offset"":-0.09375,""y_angle_offset"":0.43492968523943865}",-1.7532945
8741662330000,fov,2660,"{""zoom"":1.0,""hfov"":90.0,""vfov"":58.71550750732422,""state"":0,""max_aov_h"":90.0,""max_aov_v"":58.71550750732422,""min_aov_h"":1.40625,""min_aov_v"":0.7910428047180176,""max_zoom"":64.0}",-1.7400962
8741662703000,gimbal,2660,"{""imu_roll"":0.0,""imu_pitch"":33.50058364868164,""imu_yaw"":5.296206474304199,""frame_roll"":0.0,""frame_pitch"":33.50058364868164,""frame_yaw"":5.296206474304199,""pitch_speed"":0.0,""yaw_speed"":0.0}",-1.7397232
8741687795800,attitude,1213,"{""message_type"":""ATTITUDE"",""time_boot_ms"":122970,""roll"":-0.03864722698926926,""pitch"":0.1309017390012741,""yaw"":3.001821279525757,""rollspeed"":0.03488469868898392,""pitchspeed"":-0.0194990336894989,""yawspeed"":-0.0038175706285983324}",-1.7146304
8741691632400,target_offset,469,"{""x_angle_offset"":-0.09375,""y_angle_offset"":0.43492968523943865}",-1.7107938
8741701512100,fov,2661,"{""zoom"":1.0,""hfov"":90.0,""vfov"":58.71550750732422,""state"":0,""max_aov_h"":90.0,""max_aov_v"":58.71550750732422,""min_aov_h"":1.40625,""min_aov_v"":0.7910428047180176,""max_zoom"":64.0}",-1.7009141
8741701834500,gimbal,2661,"{""imu_roll"":0.0,""imu_pitch"":33.66842269897461,""imu_yaw"":5.252525329589844,""frame_roll"":0.0,""frame_pitch"":33.66842269897461,""frame_yaw"":5.252525329589844,""pitch_speed"":0.0,""yaw_speed"":0.0}",-1.7005917
8741729628900,target_offset,470,"{""x_angle_offset"":0.0,""y_angle_offset"":0.326197263929579}",-1.6727973
8741733795300,attitude,1214,"{""message_type"":""ATTITUDE"",""time_boot_ms"":123010,""roll"":-0.03712368756532669,""pitch"":0.13010887801647186,""yaw"":3.00142240524292,""rollspeed"":0.04265554994344711,""pitchspeed"":-0.01966910809278488,""yawspeed"":-0.0032949894666671753}",-1.6686309
8741734225100,vfr,607,"{""message_type"":""VFR_HUD"",""airspeed"":28.207448959350586,""alt"":209.4099884033203}",-1.6682011
8741734297100,position,607,"{""message_type"":""GLOBAL_POSITION_INT"",""lat"":469516690,""lon"":393493852}",-1.6681291
8741746148100,range,1140,"{""message_type"":""GLOBAL_VISION_POSITION_ESTIMATE"",""x"":46.94883346557617,""y"":39.349517822265625}",-1.6562781
8741746473100,fov,2662,"{""zoom"":1.0,""hfov"":90.0,""vfov"":58.71550750732422,""state"":0,""max_aov_h"":90.0,""max_aov_v"":58.71550750732422,""min_aov_h"":1.40625,""min_aov_v"":0.7910428047180176,""max_zoom"":64.0}",-1.6559531
8741746663100,gimbal,2662,"{""imu_roll"":0.0,""imu_pitch"":33.81325149536133,""imu_yaw"":5.252050399780273,""frame_roll"":0.0,""frame_pitch"":33.81325149536133,""frame_yaw"":5.252050399780273,""pitch_speed"":0.0,""yaw_speed"":0.0}",-1.6557631
8741753267300,range,1141,"{""message_type"":""GLOBAL_VISION_POSITION_ESTIMATE"",""x"":46.94883346557617,""y"":39.349517822265625}",-1.6491589
8741773628100,target_offset,471,"{""x_angle_offset"":0.09375,""y_angle_offset"":0.326197263929579}",-1.6287981
8741783950300,gimbal,2663,"{""imu_roll"":0.0,""imu_pitch"":33.93571090698242,""imu_yaw"":5.2865071296691895,""frame_roll"":0.0,""frame_pitch"":33.93571090698242,""frame_yaw"":5.2865071296691895,""pitch_speed"":0.0,""yaw_speed"":0.0}",-1.6184759
8741784284400,fov,2663,"{""zoom"":1.0,""hfov"":90.0,""vfov"":58.71550750732422,""state"":0,""max_aov_h"":90.0,""max_aov_v"":58.71550750732422,""min_aov_h"":1.40625,""min_aov_v"":0.7910428047180176,""max_zoom"":64.0}",-1.6181418
8741793027900,attitude,1215,"{""message_type"":""ATTITUDE"",""time_boot_ms"":123070,""roll"":-0.034549225121736526,""pitch"":0.12903431057929993,""yaw"":3.0008671283721924,""rollspeed"":0.043447017669677734,""pitchspeed"":-0.019696218892931938,""yawspeed"":-0.002877633785828948}",-1.6093983
8741813584200,target_offset,472,"{""x_angle_offset"":0.09375,""y_angle_offset"":0.0}",-1.588842
8741832834800,position,608,"{""message_type"":""GLOBAL_POSITION_INT"",""lat"":469516690,""lon"":393493852}",-1.5695914
8741833150100,gimbal,2664,"{""imu_roll"":0.0,""imu_pitch"":33.930973052978516,""imu_yaw"":5.322205066680908,""frame_roll"":0.0,""frame_pitch"":33.930973052978516,""frame_yaw"":5.322205066680908,""pitch_speed"":0.0,""yaw_speed"":0.0}",-1.5692761
8741833517000,attitude,1216,"{""message_type"":""ATTITUDE"",""time_boot_ms"":123110,""roll"":-0.03303297981619835,""pitch"":0.12830400466918945,""yaw"":3.000473737716675,""rollspeed"":0.037513814866542816,""pitchspeed"":-0.020201686769723892,""yawspeed"":-0.0030927732586860657}",-1.5689092
8741833638600,vfr,608,"{""message_type"":""VFR_HUD"",""airspeed"":28.247072219848633,""alt"":209.58999633789062}",-1.5687876
8741834288300,fov,2664,"{""zoom"":1.0,""hfov"":90.0,""vfov"":58.71550750732422,""state"":0,""max_aov_h"":90.0,""max_aov_v"":58.71550750732422,""min_aov_h"":1.40625,""min_aov_v"":0.7910428047180176,""max_zoom"":64.0}",-1.5681379
8741861003500,target_offset,473,"{""x_angle_offset"":0.1875,""y_angle_offset"":0.0}",-1.5414227
8741869039500,fov,2665,"{""zoom"":1.0,""hfov"":90.0,""vfov"":58.71550750732422,""state"":0,""max_aov_h"":90.0,""max_aov_v"":58.71550750732422,""min_aov_h"":1.40625,""min_aov_v"":0.7910428047180176,""max_zoom"":64.0}",-1.5333867
8741869520700,gimbal,2665,"{""imu_roll"":0.0,""imu_pitch"":33.9290657043457,""imu_yaw"":5.384975433349609,""frame_roll"":0.0,""frame_pitch"":33.9290657043457,""frame_yaw"":5.384975433349609,""pitch_speed"":0.0,""yaw_speed"":0.0}",-1.5329055
8741892013700,attitude,1217,"{""message_type"":""ATTITUDE"",""time_boot_ms"":123170,""roll"":-0.03146198019385338,""pitch"":0.1271876096725464,""yaw"":2.999866485595703,""rollspeed"":0.021888600662350655,""pitchspeed"":-0.020459000021219254,""yawspeed"":-0.003810650436207652}",-1.5104125
8741898157100,target_offset,474,"{""x_angle_offset"":0.1875,""y_angle_offset"":0.0}",-1.5042691
8741914076300,fov,2666,"{""zoom"":1.0,""hfov"":90.0,""vfov"":58.71550750732422,""state"":0,""max_aov_h"":90.0,""max_aov_v"":58.71550750732422,""min_aov_h"":1.40625,""min_aov_v"":0.7910428047180176,""max_zoom"":64.0}",-1.4883499
8741914409400,gimbal,2666,"{""imu_roll"":0.0,""imu_pitch"":33.92756271362305,""imu_yaw"":5.464705944061279,""frame_roll"":0.0,""frame_pitch"":33.92756271362305,""frame_yaw"":5.464705944061279,""pitch_speed"":0.0,""yaw_speed"":0.0}",-1.4880168
8741916674200,range,1142,"{""message_type"":""GLOBAL_VISION_POSITION_ESTIMATE"",""x"":46.94883346557617,""y"":39.34952926635742}",-1.485752
8741928708000,range,1143,"{""message_type"":""GLOBAL_VISION_POSITION_ESTIMATE"",""x"":46.94883346557617,""y"":39.34952926635742}",-1.4737182
8741928812100,position,609,"{""message_type"":""GLOBAL_POSITION_INT"",""lat"":469516136,""lon"":393493974}",-1.4736141
8741929041200,attitude,1218,"{""message_type"":""ATTITUDE"",""time_boot_ms"":123210,""roll"":-0.031074630096554756,""pitch"":0.12642833590507507,""yaw"":2.9994258880615234,""rollspeed"":0.007644521072506905,""pitchspeed"":-0.02085842564702034,""yawspeed"":-0.004658276680856943}",-1.473385
8741929175700,vfr,609,"{""message_type"":""VFR_HUD"",""airspeed"":28.274776458740234,""alt"":209.75999450683594}",-1.4732505
8741944057300,target_offset,475,"{""x_angle_offset"":0.28125,""y_angle_offset"":0.0}",-1.4583689
8741953076200,fov,2667,"{""zoom"":1.0,""hfov"":90.0,""vfov"":58.71550750732422,""state"":0,""max_aov_h"":90.0,""max_aov_v"":58.71550750732422,""min_aov_h"":1.40625,""min_aov_v"":0.7910428047180176,""max_zoom"":64.0}",-1.44935
8741955216600,gimbal,2667,"{""imu_roll"":0.0,""imu_pitch"":33.92686462402344,""imu_yaw"":5.5708184242248535,""frame_roll"":0.0,""frame_pitch"":33.92686462402344,""frame_yaw"":5.5708184242248535,""pitch_speed"":0.0,""yaw_speed"":0.0}",-1.4472096
8741988844300,target_offset,476,"{""x_angle_offset"":0.28125,""y_angle_offset"":0.0}",-1.4135819
8741996112400,attitude,1219,"{""message_type"":""ATTITUDE"",""time_boot_ms"":123270,""roll"":-0.031461503356695175,""pitch"":0.12510941922664642,""yaw"":2.998744487762451,""rollspeed"":-0.013994288630783558,""pitchspeed"":-0.021181533113121986,""yawspeed"":-0.006006114184856415}",-1.4063138
8742004351600,fov,2668,"{""zoom"":1.0,""hfov"":90.0,""vfov"":58.71550750732422,""state"":0,""max_aov_h"":90.0,""max_aov_v"":58.71550750732422,""min_aov_h"":1.40625,""min_aov_v"":0.7910428047180176,""max_zoom"":64.0}",-1.3980746
8742004623100,gimbal,2668,"{""imu_roll"":0.0,""imu_pitch"":33.92634582519531,""imu_yaw"":5.70176362991333,""frame_roll"":0.0,""frame_pitch"":33.92634582519531,""frame_yaw"":5.70176362991333,""pitch_speed"":0.0,""yaw_speed"":0.0}",-1.3978031
8742036371900,target_offset,477,"{""x_angle_offset"":0.28125,""y_angle_offset"":0.10873242130985966}",-1.3660543
8742043931100,attitude,1220,"{""message_type"":""ATTITUDE"",""time_boot_ms"":123310,""roll"":-0.032406724989414215,""pitch"":0.12421485036611557,""yaw"":2.9982614517211914,""rollspeed"":-0.02727099321782589,""pitchspeed"":-0.021551651880145073,""yawspeed"":-0.006956387776881456}",-1.3584951
8742044042300,vfr,610,"{""message_type"":""VFR_HUD"",""airspeed"":28.294151306152344,""alt"":209.92999267578125}",-1.3583839
8742044130900,position,610,"{""message_type"":""GLOBAL_POSITION_INT"",""lat"":469516136,""lon"":393493974}",-1.3582953
8742052293600,fov,2669,"{""zoom"":1.0,""hfov"":90.0,""vfov"":58.71550750732422,""state"":0,""max_aov_h"":90.0,""max_aov_v"":58.71550750732422,""min_aov_h"":1.40625,""min_aov_v"":0.7910428047180176,""max_zoom"":64.0}",-1.3501326
8742052646000,gimbal,2669,"{""imu_roll"":0.0,""imu_pitch"":33.970787048339844,""imu_yaw"":5.841607570648193,""frame_roll"":0.0,""frame_pitch"":33.970787048339844,""frame_yaw"":5.841607570648193,""pitch_speed"":0.0,""yaw_speed"":0.0}",-1.3497802
8742074592100,range,1144,"{""message_type"":""GLOBAL_VISION_POSITION_ESTIMATE"",""x"":46.94877624511719,""y"":39.34951400756836}",-1.3278341
8742081571300,target_offset,478,"{""x_angle_offset"":0.1875,""y_angle_offset"":0.10873242130985966}",-1.3208549
8742085661100,range,1145,"{""message_type"":""GLOBAL_VISION_POSITION_ESTIMATE"",""x"":46.94877624511719,""y"":39.34951400756836}",-1.3167651
8742092384900,fov,2670,"{""zoom"":1.0,""hfov"":90.0,""vfov"":58.71550750732422,""state"":0,""max_aov_h"":90.0,""max_aov_v"":58.71550750732422,""min_aov_h"":1.40625,""min_aov_v"":0.7910428047180176,""max_zoom"":64.0}",-1.3100413
8742092649300,gimbal,2670,"{""imu_roll"":0.0,""imu_pitch"":34.005306243896484,""imu_yaw"":5.912731647491455,""frame_roll"":0.0,""frame_pitch"":34.005306243896484,""frame_yaw"":5.912731647491455,""pitch_speed"":0.0,""yaw_speed"":0.0}",-1.3097769
8742103912200,attitude,1221,"{""message_type"":""ATTITUDE"",""time_boot_ms"":123370,""roll"":-0.0346863828599453,""pitch"":0.12286443263292313,""yaw"":2.9975011348724365,""rollspeed"":-0.04325316846370697,""pitchspeed"":-0.021516989916563034,""yawspeed"":-0.008299048990011215}",-1.298514
8742120577300,target_offset,479,"{""x_angle_offset"":0.1875,""y_angle_offset"":0.21746484261971932}",-1.2818489
8742135853500,fov,2671,"{""zoom"":1.0,""hfov"":90.0,""vfov"":58.71550750732422,""state"":0,""max_aov_h"":90.0,""max_aov_v"":58.71550750732422,""min_aov_h"":1.40625,""min_aov_v"":0.7910428047180176,""max_zoom"":64.0}",-1.2665727
8742136143200,gimbal,2671,"{""imu_roll"":0.0,""imu_pitch"":34.09482955932617,""imu_yaw"":5.988170623779297,""frame_roll"":0.0,""frame_pitch"":34.09482955932617,""frame_yaw"":5.988170623779297,""pitch_speed"":0.0,""yaw_speed"":0.0}",-1.266283
8742143975400,position,611,"{""message_type"":""GLOBAL_POSITION_INT"",""lat"":469516136,""lon"":393493974}",-1.2584508
8742144164900,attitude,1222,"{""message_type"":""ATTITUDE"",""time_boot_ms"":123410,""roll"":-0.03659094497561455,""pitch"":0.12196304649114609,""yaw"":2.9969775676727295,""rollspeed"":-0.049322955310344696,""pitchspeed"":-0.02157195843756199,""yawspeed"":-0.009054734371602535}",-1.2582613
8742144240400,vfr,611,"{""message_type"":""VFR_HUD"",""airspeed"":28.338382720947266,""alt"":210.08999633789062}",-1.2581858
8742165244900,target_offset,480,"{""x_angle_offset"":-0.09375,""y_angle_offset"":0.21746484261971932}",-1.2371813
8742175238300,fov,2672,"{""zoom"":1.0,""hfov"":90.0,""vfov"":58.71550750732422,""state"":0,""max_aov_h"":90.0,""max_aov_v"":58.71550750732422,""min_aov_h"":1.40625,""min_aov_v"":0.7910428047180176,""max_zoom"":64.0}",-1.2271879
8742175536100,gimbal,2672,"{""imu_roll"":0.0,""imu_pitch"":34.17655563354492,""imu_yaw"":5.9484052658081055,""frame_roll"":0.0,""frame_pitch"":34.17655563354492,""frame_yaw"":5.9484052658081055,""pitch_speed"":0.0,""yaw_speed"":0.0}",-1.2268901
8742205426000,target_offset,481,"{""x_angle_offset"":-0.09375,""y_angle_offset"":0.21746484261971932}",-1.1970002
8742208377300,attitude,1223,"{""message_type"":""ATTITUDE"",""time_boot_ms"":123470,""roll"":-0.03972382843494415,""pitch"":0.12065231055021286,""yaw"":2.9961631298065186,""rollspeed"":-0.051986850798130035,""pitchspeed"":-0.021161317825317383,""yawspeed"":-0.009868812747299671}",-1.1940489
8742215588300,fov,2673,"{""zoom"":1.0,""hfov"":90.0,""vfov"":58.71550750732422,""state"":0,""max_aov_h"":90.0,""max_aov_v"":58.71550750732422,""min_aov_h"":1.40625,""min_aov_v"":0.7910428047180176,""max_zoom"":64.0}",-1.1868379
8742216586600,gimbal,2673,"{""imu_roll"":0.0,""imu_pitch"":34.262088775634766,""imu_yaw"":5.906306743621826,""frame_roll"":0.0,""frame_pitch"":34.262088775634766,""frame_yaw"":5.906306743621826,""pitch_speed"":0.0,""yaw_speed"":0.0}",-1.1858396
8742226793900,range,1146,"{""message_type"":""GLOBAL_VISION_POSITION_ESTIMATE"",""x"":46.94877624511719,""y"":39.34950256347656}",-1.1756323
8742246586700,range,1147,"{""message_type"":""GLOBAL_VISION_POSITION_ESTIMATE"",""x"":46.94877624511719,""y"":39.34950256347656}",-1.1558395
8742246878300,attitude,1224,"{""message_type"":""ATTITUDE"",""time_boot_ms"":123510,""roll"":-0.04179069399833679,""pitch"":0.11979707330465317,""yaw"":2.995612382888794,""rollspeed"":-0.04960092902183533,""pitchspeed"":-0.02101477049291134,""yawspeed"":-0.010196167975664139}",-1.1555479
8742247791200,target_offset,482,"{""x_angle_offset"":-0.09375,""y_angle_offset"":0.326197263929579}",-1.154635
8742250723100,vfr,612,"{""message_type"":""VFR_HUD"",""airspeed"":28.36930274963379,""alt"":210.239990234375}",-1.1517031
8742251102700,position,612,"{""message_type"":""GLOBAL_POSITION_INT"",""lat"":469515582,""lon"":393494100}",-1.1513235
8742261888000,fov,2674,"{""zoom"":1.0,""hfov"":90.0,""vfov"":58.71550750732422,""state"":0,""max_aov_h"":90.0,""max_aov_v"":58.71550750732422,""min_aov_h"":1.40625,""min_aov_v"":0.7910428047180176,""max_zoom"":64.0}",-1.1405382
8742262316000,gimbal,2674,"{""imu_roll"":0.0,""imu_pitch"":34.40245056152344,""imu_yaw"":5.86043119430542,""frame_roll"":0.0,""frame_pitch"":34.40245056152344,""frame_yaw"":5.86043119430542,""pitch_speed"":0.0,""yaw_speed"":0.0}",-1.1401102
8742289675900,target_offset,483,"{""x_angle_offset"":-0.1875,""y_angle_offset"":0.326197263929579}",-1.1127503
8742302298300,fov,2675,"{""zoom"":1.0,""hfov"":90.0,""vfov"":58.71550750732422,""state"":0,""max_aov_h"":90.0,""max_aov_v"":58.71550750732422,""min_aov_h"":1.40625,""min_aov_v"":0.7910428047180176,""max_zoom"":64.0}",-1.1001279
8742302540200,gimbal,2675,"{""imu_roll"":0.0,""imu_pitch"":34.53284454345703,""imu_yaw"":5.781000137329102,""frame_roll"":0.0,""frame_pitch"":34.53284454345703,""frame_yaw"":5.781000137329102,""pitch_speed"":0.0,""yaw_speed"":0.0}",-1.099886
8742306833800,attitude,1225,"{""message_type"":""ATTITUDE"",""time_boot_ms"":123570,""roll"":-0.04446650668978691,""pitch"":0.11853707581758499,""yaw"":2.99479341506958,""rollspeed"":-0.03945457935333252,""pitchspeed"":-0.020368238911032677,""yawspeed"":-0.010147815570235252}",-1.0955924
8742330158800,target_offset,484,"{""x_angle_offset"":-0.1875,""y_angle_offset"":0.326197263929579}",-1.0722674
8742340275400,fov,2676,"{""zoom"":1.0,""hfov"":90.0,""vfov"":58.71550750732422,""state"":0,""max_aov_h"":90.0,""max_aov_v"":58.71550750732422,""min_aov_h"":1.40625,""min_aov_v"":0.7910428047180176,""max_zoom"":64.0}",-1.0621508
8742340600500,gimbal,2676,"{""imu_roll"":0.0,""imu_pitch"":34.657222747802734,""imu_yaw"":5.702249050140381,""frame_roll"":0.0,""frame_pitch"":34.657222747802734,""frame_yaw"":5.702249050140381,""pitch_speed"":0.0,""yaw_speed"":0.0}",-1.0618257
8742347634000,vfr,613,"{""message_type"":""VFR_HUD"",""airspeed"":28.390928268432617,""alt"":210.38999938964844}",-1.0547922
8742347712200,position,613,"{""message_type"":""GLOBAL_POSITION_INT"",""lat"":469515582,""lon"":393494100}",-1.054714
8742347880300,attitude,1226,"{""message_type"":""ATTITUDE"",""time_boot_ms"":123610,""roll"":-0.045766957104206085,""pitch"":0.11771517992019653,""yaw"":2.99426007270813,""rollspeed"":-0.028595704585313797,""pitchspeed"":-0.020119039341807365,""yawspeed"":-0.009801547043025494}",-1.0545459
8742367875600,range,1148,"{""message_type"":""GLOBAL_VISION_POSITION_ESTIMATE"",""x"":46.9487190246582,""y"":39.34951400756836}",-1.0345506
8742369900300,range,1149,"{""message_type"":""GLOBAL_VISION_POSITION_ESTIMATE"",""x"":46.9487190246582,""y"":39.34951400756836}",-1.0325259
8742371090400,target_offset,485,"{""x_angle_offset"":-0.1875,""y_angle_offset"":0.326197263929579}",-1.0313358
8742380250700,fov,2677,"{""zoom"":1.0,""hfov"":90.0,""vfov"":58.71550750732422,""state"":0,""max_aov_h"":90.0,""max_aov_v"":58.71550750732422,""min_aov_h"":1.40625,""min_aov_v"":0.7910428047180176,""max_zoom"":64.0}",-1.0221755
8742380519000,gimbal,2677,"{""imu_roll"":0.0,""imu_pitch"":34.78554916381836,""imu_yaw"":5.619243144989014,""frame_roll"":0.0,""frame_pitch"":34.78554916381836,""frame_yaw"":5.619243144989014,""pitch_speed"":0.0,""yaw_speed"":0.0}",-1.0219072
8742409754500,target_offset,486,"{""x_angle_offset"":-0.1875,""y_angle_offset"":0.21746484261971932}",-0.9926717
8742412539800,attitude,1227,"{""message_type"":""ATTITUDE"",""time_boot_ms"":123670,""roll"":-0.04678243398666382,""pitch"":0.11647270619869232,""yaw"":2.993496894836426,""rollspeed"":-0.009232566691935062,""pitchspeed"":-0.019289523363113403,""yawspeed"":-0.00893318746238947}",-0.9898864
8742421947200,fov,2678,"{""zoom"":1.0,""hfov"":90.0,""vfov"":58.71550750732422,""state"":0,""max_aov_h"":90.0,""max_aov_v"":58.71550750732422,""min_aov_h"":1.40625,""min_aov_v"":0.7910428047180176,""max_zoom"":64.0}",-0.980479
8742422340000,gimbal,2678,"{""imu_roll"":0.0,""imu_pitch"":34.8726806640625,""imu_yaw"":5.5421142578125,""frame_roll"":0.0,""frame_pitch"":34.8726806640625,""frame_yaw"":5.5421142578125,""pitch_speed"":0.0,""yaw_speed"":0.0}",-0.9800862
8742450871200,target_offset,487,"{""x_angle_offset"":-0.1875,""y_angle_offset"":0.21746484261971932}",-0.951555
8742455447200,vfr,614,"{""message_type"":""VFR_HUD"",""airspeed"":28.436744689941406,""alt"":210.52999877929688}",-0.946979
8742455572600,position,614,"{""message_type"":""GLOBAL_POSITION_INT"",""lat"":469515024,""lon"":393494229}",-0.9468536
8742456094000,attitude,1228,"{""message_type"":""ATTITUDE"",""time_boot_ms"":123710,""roll"":-0.04676162824034691,""pitch"":0.11558941751718521,""yaw"":2.9930107593536377,""rollspeed"":0.005015088245272636,""pitchspeed"":-0.019321490079164505,""yawspeed"":-0.008136765100061893}",-0.9463322
8742464767300,fov,2679,"{""zoom"":1.0,""hfov"":90.0,""vfov"":58.71550750732422,""state"":0,""max_aov_h"":90.0,""max_aov_v"":58.71550750732422,""min_aov_h"":1.40625,""min_aov_v"":0.7910428047180176,""max_zoom"":64.0}",-0.9376589
8742465624100,gimbal,2679,"{""imu_roll"":0.0,""imu_pitch"":34.95833206176758,""imu_yaw"":5.453362464904785,""frame_roll"":0.0,""frame_pitch"":34.95833206176758,""frame_yaw"":5.453362464904785,""pitch_speed"":0.0,""yaw_speed"":0.0}",-0.9368021
8742494474800,target_offset,488,"{""x_angle_offset"":-0.1875,""y_angle_offset"":0.21746484261971932}",-0.9079514
8742506106900,fov,2680,"{""zoom"":1.0,""hfov"":90.0,""vfov"":58.71550750732422,""state"":0,""max_aov_h"":90.0,""max_aov_v"":58.71550750732422,""min_aov_h"":1.40625,""min_aov_v"":0.7910428047180176,""max_zoom"":64.0}",-0.8963193
8742506397000,gimbal,2680,"{""imu_roll"":0.0,""imu_pitch"":35.04100036621094,""imu_yaw"":5.36903190612793,""frame_roll"":0.0,""frame_pitch"":35.04100036621094,""frame_yaw"":5.36903190612793,""pitch_speed"":0.0,""yaw_speed"":0.0}",-0.8960292
8742512860000,attitude,1229,"{""message_type"":""ATTITUDE"",""time_boot_ms"":123770,""roll"":-0.045702461153268814,""pitch"":0.11429447680711746,""yaw"":2.9923346042633057,""rollspeed"":0.025106333196163177,""pitchspeed"":-0.01861095242202282,""yawspeed"":-0.00684681860730052}",-0.8895662
8742535401800,target_offset,489,"{""x_angle_offset"":-0.09375,""y_angle_offset"":0.21746484261971932}",-0.8670244
8742538421200,range,1150,"{""message_type"":""GLOBAL_VISION_POSITION_ESTIMATE"",""x"":46.948665618896484,""y"":39.34955596923828}",-0.864005
8742548236500,fov,2681,"{""zoom"":1.0,""hfov"":90.0,""vfov"":58.71550750732422,""state"":0,""max_aov_h"":90.0,""max_aov_v"":58.71550750732422,""min_aov_h"":1.40625,""min_aov_v"":0.7910428047180176,""max_zoom"":64.0}",-0.8541897
8742548797400,gimbal,2681,"{""imu_roll"":0.0,""imu_pitch"":35.12870788574219,""imu_yaw"":5.327757835388184,""frame_roll"":0.0,""frame_pitch"":35.12870788574219,""frame_yaw"":5.327757835388184,""pitch_speed"":0.0,""yaw_speed"":0.0}",-0.8536288
8742552359800,range,1151,"{""message_type"":""GLOBAL_VISION_POSITION_ESTIMATE"",""x"":46.948665618896484,""y"":39.34955596923828}",-0.8500664
8742552604700,attitude,1230,"{""message_type"":""ATTITUDE"",""time_boot_ms"":123810,""roll"":-0.04437747970223427,""pitch"":0.11343804746866226,""yaw"":2.991903066635132,""rollspeed"":0.036813199520111084,""pitchspeed"":-0.018725614994764328,""yawspeed"":-0.005944619420915842}",-0.8498215
8742552678900,vfr,615,"{""message_type"":""VFR_HUD"",""airspeed"":28.468772888183594,""alt"":210.6599884033203}",-0.8497473
8742552749000,position,615,"{""message_type"":""GLOBAL_POSITION_INT"",""lat"":469515024,""lon"":393494229}",-0.8496772
8742579647500,target_offset,490,"{""x_angle_offset"":-0.09375,""y_angle_offset"":0.21746484261971932}",-0.8227787
8742588692400,fov,2682,"{""zoom"":1.0,""hfov"":90.0,""vfov"":58.71550750732422,""state"":0,""max_aov_h"":90.0,""max_aov_v"":58.71550750732422,""min_aov_h"":1.40625,""min_aov_v"":0.7910428047180176,""max_zoom"":64.0}",-0.8137338
8742589725200,gimbal,2682,"{""imu_roll"":0.0,""imu_pitch"":35.20939254760742,""imu_yaw"":5.28876256942749,""frame_roll"":0.0,""frame_pitch"":35.20939254760742,""frame_yaw"":5.28876256942749,""pitch_speed"":0.0,""yaw_speed"":0.0}",-0.812701
8742610597100,attitude,1231,"{""message_type"":""ATTITUDE"",""time_boot_ms"":123870,""roll"":-0.041652508080005646,""pitch"":0.11217636615037918,""yaw"":2.991306781768799,""rollspeed"":0.05054124444723129,""pitchspeed"":-0.01818784512579441,""yawspeed"":-0.00474595045670867}",-0.7918291
8742619911600,target_offset,491,"{""x_angle_offset"":0.0,""y_angle_offset"":0.21746484261971932}",-0.7825146
8742633777500,fov,2683,"{""zoom"":1.0,""hfov"":90.0,""vfov"":58.71550750732422,""state"":0,""max_aov_h"":90.0,""max_aov_v"":58.71550750732422,""min_aov_h"":1.40625,""min_aov_v"":0.7910428047180176,""max_zoom"":64.0}",-0.7686487
8742634454200,gimbal,2683,"{""imu_roll"":0.0,""imu_pitch"":35.299705505371094,""imu_yaw"":5.282188415527344,""frame_roll"":0.0,""frame_pitch"":35.299705505371094,""frame_yaw"":5.282188415527344,""pitch_speed"":0.0,""yaw_speed"":0.0}",-0.767972
8742646825000,position,616,"{""message_type"":""GLOBAL_POSITION_INT"",""lat"":469514464,""lon"":393494359}",-0.7556012
8742647215900,attitude,1232,"{""message_type"":""ATTITUDE"",""time_boot_ms"":123910,""roll"":-0.039350222796201706,""pitch"":0.11142830550670624,""yaw"":2.990933418273926,""rollspeed"":0.057197682559490204,""pitchspeed"":-0.018004674464464188,""yawspeed"":-0.0039835283532738686}",-0.7552103
8742648812600,vfr,616,"{""message_type"":""VFR_HUD"",""airspeed"":28.521766662597656,""alt"":210.80999755859375}",-0.7536136
8742660452200,target_offset,492,"{""x_angle_offset"":0.0,""y_angle_offset"":0.21746484261971932}",-0.741974
8742672476200,fov,2684,"{""zoom"":1.0,""hfov"":90.0,""vfov"":58.71550750732422,""state"":0,""max_aov_h"":90.0,""max_aov_v"":58.71550750732422,""min_aov_h"":1.40625,""min_aov_v"":0.7910428047180176,""max_zoom"":64.0}",-0.72995
8742672899100,gimbal,2684,"{""imu_roll"":0.0,""imu_pitch"":35.382301330566406,""imu_yaw"":5.278715133666992,""frame_roll"":0.0,""frame_pitch"":35.382301330566406,""frame_yaw"":5.278715133666992,""pitch_speed"":0.0,""yaw_speed"":0.0}",-0.7295271
8742694481700,range,1152,"{""message_type"":""GLOBAL_VISION_POSITION_ESTIMATE"",""x"":46.948612213134766,""y"":39.349605560302734}",-0.7079445
8742698879600,range,1153,"{""message_type"":""GLOBAL_VISION_POSITION_ESTIMATE"",""x"":46.948612213134766,""y"":39.349605560302734}",-0.7035466
8742699885900,target_offset,493,"{""x_angle_offset"":0.09375,""y_angle_offset"":0.10873242130985966}",-0.7025403
8742711571100,gimbal,2685,"{""imu_roll"":0.0,""imu_pitch"":35.424644470214844,""imu_yaw"":5.312501907348633,""frame_roll"":0.0,""frame_pitch"":35.424644470214844,""frame_yaw"":5.312501907348633,""pitch_speed"":0.0,""yaw_speed"":0.0}",-0.6908551
8742711877700,fov,2685,"{""zoom"":1.0,""hfov"":90.0,""vfov"":58.71550750732422,""state"":0,""max_aov_h"":90.0,""max_aov_v"":58.71550750732422,""min_aov_h"":1.40625,""min_aov_v"":0.7910428047180176,""max_zoom"":64.0}",-0.6905485
8742718754600,attitude,1233,"{""message_type"":""ATTITUDE"",""time_boot_ms"":123970,""roll"":-0.035643041133880615,""pitch"":0.11034108698368073,""yaw"":2.990410089492798,""rollspeed"":0.06042668968439102,""pitchspeed"":-0.017308128997683525,""yawspeed"":-0.0032233535312116146}",-0.6836716
8742741992100,target_offset,494,"{""x_angle_offset"":0.1875,""y_angle_offset"":0.10873242130985966}",-0.6604341
8742754302800,fov,2686,"{""zoom"":1.0,""hfov"":90.0,""vfov"":58.71550750732422,""state"":0,""max_aov_h"":90.0,""max_aov_v"":58.71550750732422,""min_aov_h"":1.40625,""min_aov_v"":0.7910428047180176,""max_zoom"":64.0}",-0.6481234
8742754620800,gimbal,2686,"{""imu_roll"":0.0,""imu_pitch"":35.46906661987305,""imu_yaw"":5.388832092285156,""frame_roll"":0.0,""frame_pitch"":35.46906661987305,""frame_yaw"":5.388832092285156,""pitch_speed"":0.0,""yaw_speed"":0.0}",-0.6478054
8742757090200,vfr,617,"{""message_type"":""VFR_HUD"",""airspeed"":28.558807373046875,""alt"":210.92999267578125}",-0.645336
8742757399800,attitude,1234,"{""message_type"":""ATTITUDE"",""time_boot_ms"":124010,""roll"":-0.033206742256879807,""pitch"":0.10962356626987457,""yaw"":2.990056037902832,""rollspeed"":0.05851251631975174,""pitchspeed"":-0.017352286726236343,""yawspeed"":-0.0029439355712383986}",-0.6450264
8742757540600,position,617,"{""message_type"":""GLOBAL_POSITION_INT"",""lat"":469514464,""lon"":393494359}",-0.6448856
8742783985400,target_offset,495,"{""x_angle_offset"":0.28125,""y_angle_offset"":0.10873242130985966}",-0.6184408
8742797184100,fov,2687,"{""zoom"":1.0,""hfov"":90.0,""vfov"":58.71550750732422,""state"":0,""max_aov_h"":90.0,""max_aov_v"":58.71550750732422,""min_aov_h"":1.40625,""min_aov_v"":0.7910428047180176,""max_zoom"":64.0}",-0.6052421
8742797641500,gimbal,2687,"{""imu_roll"":0.0,""imu_pitch"":35.51296615600586,""imu_yaw"":5.506318092346191,""frame_roll"":0.0,""frame_pitch"":35.51296615600586,""frame_yaw"":5.506318092346191,""pitch_speed"":0.0,""yaw_speed"":0.0}",-0.6047847
8742821417400,attitude,1235,"{""message_type"":""ATTITUDE"",""time_boot_ms"":124070,""roll"":-0.029971599578857422,""pitch"":0.10856550931930542,""yaw"":2.989537239074707,""rollspeed"":0.048508547246456146,""pitchspeed"":-0.016952889040112495,""yawspeed"":-0.0029467216227203608}",-0.5810088
8742824894300,target_offset,496,"{""x_angle_offset"":0.28125,""y_angle_offset"":0.10873242130985966}",-0.5775319
8742839148400,fov,2688,"{""zoom"":1.0,""hfov"":90.0,""vfov"":58.71550750732422,""state"":0,""max_aov_h"":90.0,""max_aov_v"":58.71550750732422,""min_aov_h"":1.40625,""min_aov_v"":0.7910428047180176,""max_zoom"":64.0}",-0.5632778
8742839477100,gimbal,2688,"{""imu_roll"":0.0,""imu_pitch"":35.5555305480957,""imu_yaw"":5.617089748382568,""frame_roll"":0.0,""frame_pitch"":35.5555305480957,""frame_yaw"":5.617089748382568,""pitch_speed"":0.0,""yaw_speed"":0.0}",-0.5629491
8742849308100,range,1154,"{""message_type"":""GLOBAL_VISION_POSITION_ESTIMATE"",""x"":46.948612213134766,""y"":39.349605560302734}",-0.5531181
8742862214000,range,1155,"{""message_type"":""GLOBAL_VISION_POSITION_ESTIMATE"",""x"":46.948612213134766,""y"":39.349605560302734}",-0.5402122
8742862544800,attitude,1236,"{""message_type"":""ATTITUDE"",""time_boot_ms"":124110,""roll"":-0.028250543400645256,""pitch"":0.10792628675699234,""yaw"":2.9891695976257324,""rollspeed"":0.03811221569776535,""pitchspeed"":-0.01694147288799286,""yawspeed"":-0.0033512115478515625}",-0.5398814
8742862652000,vfr,618,"{""message_type"":""VFR_HUD"",""airspeed"":28.584705352783203,""alt"":211.04998779296875}",-0.5397742
8742862743300,position,618,"{""message_type"":""GLOBAL_POSITION_INT"",""lat"":469513905,""lon"":393494490}",-0.5396829
8742867285600,target_offset,497,"{""x_angle_offset"":0.375,""y_angle_offset"":0.10873242130985966}",-0.5351406
8742878691600,fov,2689,"{""zoom"":1.0,""hfov"":90.0,""vfov"":58.71550750732422,""state"":0,""max_aov_h"":90.0,""max_aov_v"":58.71550750732422,""min_aov_h"":1.40625,""min_aov_v"":0.7910428047180176,""max_zoom"":64.0}",-0.5237346
8742879068300,gimbal,2689,"{""imu_roll"":0.0,""imu_pitch"":35.59811019897461,""imu_yaw"":5.761366367340088,""frame_roll"":0.0,""frame_pitch"":35.59811019897461,""frame_yaw"":5.761366367340088,""pitch_speed"":0.0,""yaw_speed"":0.0}",-0.5233579
8742905848000,target_offset,498,"{""x_angle_offset"":0.375,""y_angle_offset"":0.21746484261971932}",-0.4965782
8742916325000,fov,2690,"{""zoom"":1.0,""hfov"":90.0,""vfov"":58.71550750732422,""state"":0,""max_aov_h"":90.0,""max_aov_v"":58.71550750732422,""min_aov_h"":1.40625,""min_aov_v"":0.7910428047180176,""max_zoom"":64.0}",-0.4861012
8742916601600,gimbal,2690,"{""imu_roll"":0.0,""imu_pitch"":35.6831169128418,""imu_yaw"":5.9057087898254395,""frame_roll"":0.0,""frame_pitch"":35.6831169128418,""frame_yaw"":5.9057087898254395,""pitch_speed"":0.0,""yaw_speed"":0.0}",-0.4858246
8742921738600,attitude,1237,"{""message_type"":""ATTITUDE"",""time_boot_ms"":124170,""roll"":-0.02660164050757885,""pitch"":0.10707461833953857,""yaw"":2.98860239982605,""rollspeed"":0.017861654981970787,""pitchspeed"":-0.01645696721971035,""yawspeed"":-0.004115460440516472}",-0.4806876
8742945383100,target_offset,499,"{""x_angle_offset"":0.375,""y_angle_offset"":0.21746484261971932}",-0.4570431
8742960962400,fov,2691,"{""zoom"":1.0,""hfov"":90.0,""vfov"":58.71550750732422,""state"":0,""max_aov_h"":90.0,""max_aov_v"":58.71550750732422,""min_aov_h"":1.40625,""min_aov_v"":0.7910428047180176,""max_zoom"":64.0}",-0.4414638
8742961988700,gimbal,2691,"{""imu_roll"":0.0,""imu_pitch"":35.76739501953125,""imu_yaw"":6.057274341583252,""frame_roll"":0.0,""frame_pitch"":35.76739501953125,""frame_yaw"":6.057274341583252,""pitch_speed"":0.0,""yaw_speed"":0.0}",-0.4404375
8742965245500,position,619,"{""message_type"":""GLOBAL_POSITION_INT"",""lat"":469513905,""lon"":393494490}",-0.4371807
8742965549800,attitude,1238,"{""message_type"":""ATTITUDE"",""time_boot_ms"":124210,""roll"":-0.026226302608847618,""pitch"":0.10651007294654846,""yaw"":2.988194227218628,""rollspeed"":0.002987445332109928,""pitchspeed"":-0.016594961285591125,""yawspeed"":-0.004916617181152105}",-0.4368764
8742965663300,vfr,619,"{""message_type"":""VFR_HUD"",""airspeed"":28.633298873901367,""alt"":211.1599884033203}",-0.4367629
8742998147700,target_offset,500,"{""x_angle_offset"":0.375,""y_angle_offset"":0.21746484261971932}",-0.4042785
8743006007100,range,1156,"{""message_type"":""GLOBAL_VISION_POSITION_ESTIMATE"",""x"":46.948551177978516,""y"":39.349605560302734}",-0.3964191
8743008030700,fov,2692,"{""zoom"":1.0,""hfov"":90.0,""vfov"":58.71550750732422,""state"":0,""max_aov_h"":90.0,""max_aov_v"":58.71550750732422,""min_aov_h"":1.40625,""min_aov_v"":0.7910428047180176,""max_zoom"":64.0}",-0.3943955
8743008428200,gimbal,2692,"{""imu_roll"":0.0,""imu_pitch"":35.820308685302734,""imu_yaw"":6.155808448791504,""frame_roll"":0.0,""frame_pitch"":35.820308685302734,""frame_yaw"":6.155808448791504,""pitch_speed"":0.0,""yaw_speed"":0.0}",-0.393998
8743016256500,range,1157,"{""message_type"":""GLOBAL_VISION_POSITION_ESTIMATE"",""x"":46.948551177978516,""y"":39.349605560302734}",-0.3861697
8743038651300,target_offset,501,"{""x_angle_offset"":0.28125,""y_angle_offset"":0.21746484261971932}",-0.3637749
8743042019800,attitude,1239,"{""message_type"":""ATTITUDE"",""time_boot_ms"":124270,""roll"":-0.026744702830910683,""pitch"":0.10564038157463074,""yaw"":2.987549066543579,""rollspeed"":-0.018036862835288048,""pitchspeed"":-0.016992172226309776,""yawspeed"":-0.00613505020737648}",-0.3604064
8743049382500,fov,2693,"{""zoom"":1.0,""hfov"":90.0,""vfov"":58.71550750732422,""state"":0,""max_aov_h"":90.0,""max_aov_v"":58.71550750732422,""min_aov_h"":1.40625,""min_aov_v"":0.7910428047180176,""max_zoom"":64.0}",-0.3530437
8743049577200,gimbal,2693,"{""imu_roll"":0.0,""imu_pitch"":35.91274642944336,""imu_yaw"":6.267760276794434,""frame_roll"":0.0,""frame_pitch"":35.91274642944336,""frame_yaw"":6.267760276794434,""pitch_speed"":0.0,""yaw_speed"":0.0}",-0.352849
8743076204400,target_offset,502,"{""x_angle_offset"":0.28125,""y_angle_offset"":0.21746484261971932}",-0.3262218
8743080967600,attitude,1240,"{""message_type"":""ATTITUDE"",""time_boot_ms"":124310,""roll"":-0.027708329260349274,""pitch"":0.10504461824893951,""yaw"":2.987095594406128,""rollspeed"":-0.029435837641358376,""pitchspeed"":-0.01734716072678566,""yawspeed"":-0.006910615134984255}",-0.3214586
8743081604100,vfr,620,"{""message_type"":""VFR_HUD"",""airspeed"":28.667266845703125,""alt"":211.27999877929688}",-0.3208221
8743082128700,position,620,"{""message_type"":""GLOBAL_POSITION_INT"",""lat"":469513343,""lon"":393494625}",-0.3202975
8743084541400,fov,2694,"{""zoom"":1.0,""hfov"":90.0,""vfov"":58.71550750732422,""state"":0,""max_aov_h"":90.0,""max_aov_v"":58.71550750732422,""min_aov_h"":1.40625,""min_aov_v"":0.7910428047180176,""max_zoom"":64.0}",-0.3178848
8743086438300,gimbal,2694,"{""imu_roll"":0.0,""imu_pitch"":35.98550796508789,""imu_yaw"":6.3646697998046875,""frame_roll"":0.0,""frame_pitch"":35.98550796508789,""frame_yaw"":6.3646697998046875,""pitch_speed"":0.0,""yaw_speed"":0.0}",-0.3159879
8743114944400,target_offset,503,"{""x_angle_offset"":0.1875,""y_angle_offset"":0.21746484261971932}",-0.2874818
8743120668800,fov,2695,"{""zoom"":1.0,""hfov"":90.0,""vfov"":58.71550750732422,""state"":0,""max_aov_h"":90.0,""max_aov_v"":58.71550750732422,""min_aov_h"":1.40625,""min_aov_v"":0.7910428047180176,""max_zoom"":64.0}",-0.2817574
8743120812700,gimbal,2695,"{""imu_roll"":0.0,""imu_pitch"":36.029869079589844,""imu_yaw"":6.426974773406982,""frame_roll"":0.0,""frame_pitch"":36.029869079589844,""frame_yaw"":6.426974773406982,""pitch_speed"":0.0,""yaw_speed"":0.0}",-0.2816135
8743144700100,target_offset,504,"{""x_angle_offset"":0.09375,""y_angle_offset"":0.21746484261971932}",-0.2577261
8743148125000,range,1158,"{""message_type"":""GLOBAL_VISION_POSITION_ESTIMATE"",""x"":46.94850540161133,""y"":39.34959030151367}",-0.2543012
8743153460100,range,1159,"{""message_type"":""GLOBAL_VISION_POSITION_ESTIMATE"",""x"":46.94850540161133,""y"":39.34959030151367}",-0.2489661
8743153846300,attitude,1241,"{""message_type"":""ATTITUDE"",""time_boot_ms"":124370,""roll"":-0.02994837611913681,""pitch"":0.10407527536153793,""yaw"":2.986377239227295,""rollspeed"":-0.040772877633571625,""pitchspeed"":-0.017475605010986328,""yawspeed"":-0.007877902127802372}",-0.2485799
8743154778200,fov,2696,"{""zoom"":1.0,""hfov"":90.0,""vfov"":58.71550750732422,""state"":0,""max_aov_h"":90.0,""max_aov_v"":58.71550750732422,""min_aov_h"":1.40625,""min_aov_v"":0.7910428047180176,""max_zoom"":64.0}",-0.247648
8743155072900,gimbal,2696,"{""imu_roll"":0.0,""imu_pitch"":36.11015701293945,""imu_yaw"":6.457395076751709,""frame_roll"":0.0,""frame_pitch"":36.11015701293945,""frame_yaw"":6.457395076751709,""pitch_speed"":0.0,""yaw_speed"":0.0}",-0.2473533
8743184953700,target_offset,505,"{""x_angle_offset"":0.09375,""y_angle_offset"":0.21746484261971932}",-0.2174725
8743190315100,fov,2697,"{""zoom"":1.0,""hfov"":90.0,""vfov"":58.71550750732422,""state"":0,""max_aov_h"":90.0,""max_aov_v"":58.71550750732422,""min_aov_h"":1.40625,""min_aov_v"":0.7910428047180176,""max_zoom"":64.0}",-0.2121111
8743190513200,gimbal,2697,"{""imu_roll"":0.0,""imu_pitch"":36.15031433105469,""imu_yaw"":6.4767045974731445,""frame_roll"":0.0,""frame_pitch"":36.15031433105469,""frame_yaw"":6.4767045974731445,""pitch_speed"":0.0,""yaw_speed"":0.0}",-0.211913
8743197674200,vfr,621,"{""message_type"":""VFR_HUD"",""airspeed"":28.721641540527344,""alt"":211.38999938964844}",-0.204752
8743197815600,position,621,"{""message_type"":""GLOBAL_POSITION_INT"",""lat"":469513343,""lon"":393494625}",-0.2046106
8743198103200,attitude,1242,"{""message_type"":""ATTITUDE"",""time_boot_ms"":124410,""roll"":-0.03164009004831314,""pitch"":0.10341585427522659,""yaw"":2.985889434814453,""rollspeed"":-0.04285027086734772,""pitchspeed"":-0.017889035865664482,""yawspeed"":-0.008364737033843994}",-0.204323
8743212268000,fov,2698,"{""zoom"":1.0,""hfov"":90.0,""vfov"":58.71550750732422,""state"":0,""max_aov_h"":90.0,""max_aov_v"":58.71550750732422,""min_aov_h"":1.40625,""min_aov_v"":0.7910428047180176,""max_zoom"":64.0}",-0.1901582
8743212487000,gimbal,2698,"{""imu_roll"":0.0,""imu_pitch"":36.188716888427734,""imu_yaw"":6.492730617523193,""frame_roll"":0.0,""frame_pitch"":36.188716888427734,""frame_yaw"":6.492730617523193,""pitch_speed"":0.0,""yaw_speed"":0.0}",-0.1899392
8743221109900,target_offset,506,"{""x_angle_offset"":0.0,""y_angle_offset"":0.21746484261971932}",-0.1813163
8743239296200,target_offset,507,"{""x_angle_offset"":-0.09375,""y_angle_offset"":0.21746484261971932}",-0.16313
8743245007000,fov,2699,"{""zoom"":1.0,""hfov"":90.0,""vfov"":58.71550750732422,""state"":0,""max_aov_h"":90.0,""max_aov_v"":58.71550750732422,""min_aov_h"":1.40625,""min_aov_v"":0.7910428047180176,""max_zoom"":64.0}",-0.1574192
8743245159400,gimbal,2699,"{""imu_roll"":0.0,""imu_pitch"":36.24919128417969,""imu_yaw"":6.4894328117370605,""frame_roll"":0.0,""frame_pitch"":36.24919128417969,""frame_yaw"":6.4894328117370605,""pitch_speed"":0.0,""yaw_speed"":0.0}",-0.1572668
8743263161700,fov,2700,"{""zoom"":1.0,""hfov"":90.0,""vfov"":58.71550750732422,""state"":0,""max_aov_h"":90.0,""max_aov_v"":58.71550750732422,""min_aov_h"":1.40625,""min_aov_v"":0.7910428047180176,""max_zoom"":64.0}",-0.1392645
8743263422400,gimbal,2700,"{""imu_roll"":0.0,""imu_pitch"":36.277976989746094,""imu_yaw"":6.469468116760254,""frame_roll"":0.0,""frame_pitch"":36.277976989746094,""frame_yaw"":6.469468116760254,""pitch_speed"":0.0,""yaw_speed"":0.0}",-0.1390038
8743269573800,attitude,1243,"{""message_type"":""ATTITUDE"",""time_boot_ms"":124470,""roll"":-0.03394914045929909,""pitch"":0.10240524262189865,""yaw"":2.9851746559143066,""rollspeed"":-0.03616351634263992,""pitchspeed"":-0.018260827288031578,""yawspeed"":-0.008173332549631596}",-0.1328524
8743273586500,target_offset,508,"{""x_angle_offset"":-0.09375,""y_angle_offset"":0.326197263929579}",-0.1288397
8743289562400,fov,2701,"{""zoom"":1.0,""hfov"":90.0,""vfov"":58.71550750732422,""state"":0,""max_aov_h"":90.0,""max_aov_v"":58.71550750732422,""min_aov_h"":1.40625,""min_aov_v"":0.7910428047180176,""max_zoom"":64.0}",-0.1128638
8743289974300,gimbal,2701,"{""imu_roll"":0.0,""imu_pitch"":36.362937927246094,""imu_yaw"":6.442469596862793,""frame_roll"":0.0,""frame_pitch"":36.362937927246094,""frame_yaw"":6.442469596862793,""pitch_speed"":0.0,""yaw_speed"":0.0}",-0.1124519
8743295369800,target_offset,509,"{""x_angle_offset"":-0.09375,""y_angle_offset"":0.326197263929579}",-0.1070564
8743312169600,attitude,1244,"{""message_type"":""ATTITUDE"",""time_boot_ms"":124510,""roll"":-0.03504880517721176,""pitch"":0.10171656310558319,""yaw"":2.9847216606140137,""rollspeed"":-0.025319619104266167,""pitchspeed"":-0.018558701500296593,""yawspeed"":-0.007711079902946949}",-0.0902566
8743312450500,vfr,622,"{""message_type"":""VFR_HUD"",""airspeed"":28.7596435546875,""alt"":211.47999572753906}",-0.0899757
8743312554700,position,622,"{""message_type"":""GLOBAL_POSITION_INT"",""lat"":469513343,""lon"":393494625}",-0.0898715
8743318660600,fov,2702,"{""zoom"":1.0,""hfov"":90.0,""vfov"":58.71550750732422,""state"":0,""max_aov_h"":90.0,""max_aov_v"":58.71550750732422,""min_aov_h"":1.40625,""min_aov_v"":0.7910428047180176,""max_zoom"":64.0}",-0.0837656
8743319092900,range,1160,"{""message_type"":""GLOBAL_VISION_POSITION_ESTIMATE"",""x"":46.94850540161133,""y"":39.349578857421875}",-0.0833333
8743319343000,gimbal,2702,"{""imu_roll"":0.0,""imu_pitch"":36.44133377075195,""imu_yaw"":6.41349983215332,""frame_roll"":0.0,""frame_pitch"":36.44133377075195,""frame_yaw"":6.41349983215332,""pitch_speed"":0.0,""yaw_speed"":0.0}",-0.0830832
8743323587000,target_offset,510,"{""x_angle_offset"":-0.1875,""y_angle_offset"":0.326197263929579}",-0.0788392
8743338051700,fov,2703,"{""zoom"":1.0,""hfov"":90.0,""vfov"":58.71550750732422,""state"":0,""max_aov_h"":90.0,""max_aov_v"":58.71550750732422,""min_aov_h"":1.40625,""min_aov_v"":0.7910428047180176,""max_zoom"":64.0}",-0.0643745
8743338673300,gimbal,2703,"{""imu_roll"":0.0,""imu_pitch"":36.513057708740234,""imu_yaw"":6.3695902824401855,""frame_roll"":0.0,""frame_pitch"":36.513057708740234,""frame_yaw"":6.3695902824401855,""pitch_speed"":0.0,""yaw_speed"":0.0}",-0.0637529
8743347064400,range,1161,"{""message_type"":""GLOBAL_VISION_POSITION_ESTIMATE"",""x"":46.94850540161133,""y"":39.349578857421875}",-0.0553618
8743350370500,target_offset,511,"{""x_angle_offset"":-0.1875,""y_angle_offset"":0.326197263929579}",-0.0520557
8743364998600,fov,2704,"{""zoom"":1.0,""hfov"":90.0,""vfov"":58.71550750732422,""state"":0,""max_aov_h"":90.0,""max_aov_v"":58.71550750732422,""min_aov_h"":1.40625,""min_aov_v"":0.7910428047180176,""max_zoom"":64.0}",-0.0374276
8743365327700,gimbal,2704,"{""imu_roll"":0.0,""imu_pitch"":36.60005569458008,""imu_yaw"":6.315334796905518,""frame_roll"":0.0,""frame_pitch"":36.60005569458008,""frame_yaw"":6.315334796905518,""pitch_speed"":0.0,""yaw_speed"":0.0}",-0.0370985
8743370702100,target_offset,512,"{""x_angle_offset"":-0.1875,""y_angle_offset"":0.326197263929579}",-0.0317241
8743392044000,fov,2705,"{""zoom"":1.0,""hfov"":90.0,""vfov"":58.71550750732422,""state"":0,""max_aov_h"":90.0,""max_aov_v"":58.71550750732422,""min_aov_h"":1.40625,""min_aov_v"":0.7910428047180176,""max_zoom"":64.0}",-0.0103822
8743392431600,gimbal,2705,"{""imu_roll"":0.0,""imu_pitch"":36.67996597290039,""imu_yaw"":6.262671947479248,""frame_roll"":0.0,""frame_pitch"":36.67996597290039,""frame_yaw"":6.262671947479248,""pitch_speed"":0.0,""yaw_speed"":0.0}",-0.0099946
8743397470100,target_offset,513,"{""x_angle_offset"":-0.1875,""y_angle_offset"":0.326197263929579}",-0.0049561
8743401248300,attitude,1245,"{""message_type"":""ATTITUDE"",""time_boot_ms"":124570,""roll"":-0.03567171469330788,""pitch"":0.10064820945262909,""yaw"":2.984093427658081,""rollspeed"":-0.0020121177658438683,""pitchspeed"":-0.018477557227015495,""yawspeed"":-0.006386777386069298}",-0.0011779
8743434864400,fov,2706,"{""zoom"":1.0,""hfov"":90.0,""vfov"":58.71550750732422,""state"":0,""max_aov_h"":90.0,""max_aov_v"":58.71550750732422,""min_aov_h"":1.40625,""min_aov_v"":0.7910428047180176,""max_zoom"":64.0}",0.0324382
8743435517700,gimbal,2706,"{""imu_roll"":0.0,""imu_pitch"":36.742889404296875,""imu_yaw"":6.222726345062256,""frame_roll"":0.0,""frame_pitch"":36.742889404296875,""frame_yaw"":6.222726345062256,""pitch_speed"":0.0,""yaw_speed"":0.0}",0.0330915
8743450362400,target_offset,514,"{""x_angle_offset"":-0.1875,""y_angle_offset"":0.326197263929579}",0.0479362
8743459693900,position,623,"{""message_type"":""GLOBAL_POSITION_INT"",""lat"":469512779,""lon"":393494762}",0.0572677
8743460109900,attitude,1246,"{""message_type"":""ATTITUDE"",""time_boot_ms"":124610,""roll"":-0.035220667719841,""pitch"":0.09993962943553925,""yaw"":2.9837119579315186,""rollspeed"":0.01659540645778179,""pitchspeed"":-0.018254339694976807,""yawspeed"":-0.005155665334314108}",0.0576837
8743470120900,vfr,623,"{""message_type"":""VFR_HUD"",""airspeed"":28.816497802734375,""alt"":211.5699920654297}",0.0676947
8743502906600,range,1162,"{""message_type"":""GLOBAL_VISION_POSITION_ESTIMATE"",""x"":46.9484748840332,""y"":39.349609375}",0.1004804
8743503233400,range,1163,"{""message_type"":""GLOBAL_VISION_POSITION_ESTIMATE"",""x"":46.9484748840332,""y"":39.349609375}",0.1008072
8743509915100,fov,2707,"{""zoom"":1.0,""hfov"":90.0,""vfov"":58.71550750732422,""state"":0,""max_aov_h"":90.0,""max_aov_v"":58.71550750732422,""min_aov_h"":1.40625,""min_aov_v"":0.7910428047180176,""max_zoom"":64.0}",0.1074889
8743510517600,gimbal,2707,"{""imu_roll"":0.0,""imu_pitch"":36.81473922729492,""imu_yaw"":6.178829669952393,""frame_roll"":0.0,""frame_pitch"":36.81473922729492,""frame_yaw"":6.178829669952393,""pitch_speed"":0.0,""yaw_speed"":0.0}",0.1080914
8743534734400,fov,2708,"{""zoom"":1.0,""hfov"":90.0,""vfov"":58.71550750732422,""state"":0,""max_aov_h"":90.0,""max_aov_v"":58.71550750732422,""min_aov_h"":1.40625,""min_aov_v"":0.7910428047180176,""max_zoom"":64.0}",0.1323082
8743535215600,attitude,1247,"{""message_type"":""ATTITUDE"",""time_boot_ms"":124670,""roll"":-0.03269075229763985,""pitch"":0.09794515371322632,""yaw"":2.9832475185394287,""rollspeed"":0.055918820202350616,""pitchspeed"":-0.040651291608810425,""yawspeed"":-0.003278593299910426}",0.1327894
8743552017200,gimbal,2708,"{""imu_roll"":0.0,""imu_pitch"":36.86284255981445,""imu_yaw"":6.1504130363464355,""frame_roll"":0.0,""frame_pitch"":36.86284255981445,""frame_yaw"":6.1504130363464355,""pitch_speed"":0.0,""yaw_speed"":0.0}",0.149591
8743564436000,fov,2709,"{""zoom"":1.0,""hfov"":90.0,""vfov"":58.71550750732422,""state"":0,""max_aov_h"":90.0,""max_aov_v"":58.71550750732422,""min_aov_h"":1.40625,""min_aov_v"":0.7910428047180176,""max_zoom"":64.0}",0.1620098
8743584551900,gimbal,2709,"{""imu_roll"":0.0,""imu_pitch"":36.924407958984375,""imu_yaw"":6.1114044189453125,""frame_roll"":0.0,""frame_pitch"":36.924407958984375,""frame_yaw"":6.1114044189453125,""pitch_speed"":0.0,""yaw_speed"":0.0}",0.1821257
8743584969200,vfr,624,"{""message_type"":""VFR_HUD"",""airspeed"":28.856229782104492,""alt"":211.6699981689453}",0.182543
8743592249100,position,624,"{""message_type"":""GLOBAL_POSITION_INT"",""lat"":469512779,""lon"":393494762}",0.1898229
8743597531200,attitude,1248,"{""message_type"":""ATTITUDE"",""time_boot_ms"":124710,""roll"":-0.02980685792863369,""pitch"":0.09637867659330368,""yaw"":2.982966184616089,""rollspeed"":0.07744310796260834,""pitchspeed"":-0.03900180011987686,""yawspeed"":-0.001986694522202015}",0.195105
8743640080900,target_offset,515,"{""x_angle_offset"":-0.1875,""y_angle_offset"":0.326197263929579}",0.2376547
8743651868200,range,1164,"{""message_type"":""GLOBAL_VISION_POSITION_ESTIMATE"",""x"":46.94925308227539,""y"":39.349586486816406}",0.249442
8743684527000,attitude,1249,"{""message_type"":""ATTITUDE"",""time_boot_ms"":124770,""roll"":-0.02415045164525509,""pitch"":0.09456488490104675,""yaw"":2.9826157093048096,""rollspeed"":0.10078752040863037,""pitchspeed"":-0.026149854063987732,""yawspeed"":-0.0004037804901599884}",0.2821008
8743684710700,range,1165,"{""message_type"":""GLOBAL_VISION_POSITION_ESTIMATE"",""x"":46.94925308227539,""y"":39.349586486816406}",0.2822845
8743697176200,gimbal,2710,"{""imu_roll"":0.0,""imu_pitch"":36.957157135009766,""imu_yaw"":6.091348171234131,""frame_roll"":0.0,""frame_pitch"":36.957157135009766,""frame_yaw"":6.091348171234131,""pitch_speed"":0.0,""yaw_speed"":0.0}",0.29475
8743698055300,fov,2710,"{""zoom"":1.0,""hfov"":90.0,""vfov"":58.71550750732422,""state"":0,""max_aov_h"":90.0,""max_aov_v"":58.71550750732422,""min_aov_h"":1.40625,""min_aov_v"":0.7910428047180176,""max_zoom"":64.0}",0.2956291
8743704245000,fov,2711,"{""zoom"":1.0,""hfov"":90.0,""vfov"":58.71550750732422,""state"":0,""max_aov_h"":90.0,""max_aov_v"":58.71550750732422,""min_aov_h"":1.40625,""min_aov_v"":0.7910428047180176,""max_zoom"":64.0}",0.3018188
8743704708100,attitude,1250,"{""message_type"":""ATTITUDE"",""time_boot_ms"":124810,""roll"":-0.01970197632908821,""pitch"":0.09383484721183777,""yaw"":2.982415199279785,""rollspeed"":0.11116593331098557,""pitchspeed"":-0.01567087136209011,""yawspeed"":0.0006040164735168219}",0.3022819
8743704829800,vfr,625,"{""message_type"":""VFR_HUD"",""airspeed"":28.853796005249023,""alt"":211.75}",0.3024036
8743704911500,position,625,"{""message_type"":""GLOBAL_POSITION_INT"",""lat"":469512212,""lon"":393494900}",0.3024853
8743705794400,target_offset,516,"{""x_angle_offset"":-0.09375,""y_angle_offset"":0.326197263929579}",0.3033682
8743721577300,gimbal,2711,"{""imu_roll"":0.0,""imu_pitch"":36.98446273803711,""imu_yaw"":6.075100421905518,""frame_roll"":0.0,""frame_pitch"":36.98446273803711,""frame_yaw"":6.075100421905518,""pitch_speed"":0.0,""yaw_speed"":0.0}",0.3191511
8743724468800,fov,2712,"{""zoom"":1.0,""hfov"":90.0,""vfov"":58.71550750732422,""state"":0,""max_aov_h"":90.0,""max_aov_v"":58.71550750732422,""min_aov_h"":1.40625,""min_aov_v"":0.7910428047180176,""max_zoom"":64.0}",0.3220426
8743725221900,gimbal,2712,"{""imu_roll"":0.0,""imu_pitch"":37.00908279418945,""imu_yaw"":6.060783386230469,""frame_roll"":0.0,""frame_pitch"":37.00908279418945,""frame_yaw"":6.060783386230469,""pitch_speed"":0.0,""yaw_speed"":0.0}",0.3227957
8743726033500,target_offset,517,"{""x_angle_offset"":-0.09375,""y_angle_offset"":0.21746484261971932}",0.3236073
8743729357400,fov,2713,"{""zoom"":1.0,""hfov"":90.0,""vfov"":58.71550750732422,""state"":0,""max_aov_h"":90.0,""max_aov_v"":58.71550750732422,""min_aov_h"":1.40625,""min_aov_v"":0.7910428047180176,""max_zoom"":64.0}",0.3269312
8743730209500,gimbal,2713,"{""imu_roll"":0.0,""imu_pitch"":37.023887634277344,""imu_yaw"":6.052374839782715,""frame_roll"":0.0,""frame_pitch"":37.023887634277344,""frame_yaw"":6.052374839782715,""pitch_speed"":0.0,""yaw_speed"":0.0}",0.3277833
8743731023600,fov,2714,"{""zoom"":1.0,""hfov"":90.0,""vfov"":58.71550750732422,""state"":0,""max_aov_h"":90.0,""max_aov_v"":58.71550750732422,""min_aov_h"":1.40625,""min_aov_v"":0.7910428047180176,""max_zoom"":64.0}",0.3285974
8743731300700,gimbal,2714,"{""imu_roll"":0.0,""imu_pitch"":37.03511047363281,""imu_yaw"":6.045984268188477,""frame_roll"":0.0,""frame_pitch"":37.03511047363281,""frame_yaw"":6.045984268188477,""pitch_speed"":0.0,""yaw_speed"":0.0}",0.3288745
8743731874900,fov,2715,"{""zoom"":1.0,""hfov"":90.0,""vfov"":58.71550750732422,""state"":0,""max_aov_h"":90.0,""max_aov_v"":58.71550750732422,""min_aov_h"":1.40625,""min_aov_v"":0.7910428047180176,""max_zoom"":64.0}",0.3294487
8743732088500,gimbal,2715,"{""imu_roll"":0.0,""imu_pitch"":37.04423141479492,""imu_yaw"":6.040602207183838,""frame_roll"":0.0,""frame_pitch"":37.04423141479492,""frame_yaw"":6.040602207183838,""pitch_speed"":0.0,""yaw_speed"":0.0}",0.3296623
8743732553100,fov,2716,"{""zoom"":1.0,""hfov"":90.0,""vfov"":58.71550750732422,""state"":0,""max_aov_h"":90.0,""max_aov_v"":58.71550750732422,""min_aov_h"":1.40625,""min_aov_v"":0.7910428047180176,""max_zoom"":64.0}",0.3301269
8743733455900,gimbal,2716,"{""imu_roll"":0.0,""imu_pitch"":37.06726837158203,""imu_yaw"":6.024130344390869,""frame_roll"":0.0,""frame_pitch"":37.06726837158203,""frame_yaw"":6.024130344390869,""pitch_speed"":0.0,""yaw_speed"":0.0}",0.3310297
8743736766700,target_offset,518,"{""x_angle_offset"":-0.09375,""y_angle_offset"":0.21746484261971932}",0.3343405
8743741339900,fov,2717,"{""zoom"":1.0,""hfov"":90.0,""vfov"":58.71550750732422,""state"":0,""max_aov_h"":90.0,""max_aov_v"":58.71550750732422,""min_aov_h"":1.40625,""min_aov_v"":0.7910428047180176,""max_zoom"":64.0}",0.3389137
8743741618900,gimbal,2717,"{""imu_roll"":0.0,""imu_pitch"":37.089622497558594,""imu_yaw"":6.0074381828308105,""frame_roll"":0.0,""frame_pitch"":37.089622497558594,""frame_yaw"":6.0074381828308105,""pitch_speed"":0.0,""yaw_speed"":0.0}",0.3391927
8743742970300,target_offset,519,"{""x_angle_offset"":0.0,""y_angle_offset"":0.21746484261971932}",0.3405441
8743746824700,target_offset,520,"{""x_angle_offset"":0.0,""y_angle_offset"":0.21746484261971932}",0.3443985
8743750513000,target_offset,521,"{""x_angle_offset"":0.09375,""y_angle_offset"":0.21746484261971932}",0.3480868
8743753637500,target_offset,522,"{""x_angle_offset"":0.09375,""y_angle_offset"":0.21746484261971932}",0.3512113
8743757325500,target_offset,523,"{""x_angle_offset"":0.09375,""y_angle_offset"":0.21746484261971932}",0.3548993
8743764359600,target_offset,524,"{""x_angle_offset"":0.1875,""y_angle_offset"":0.21746484261971932}",0.3619334
8743770007300,target_offset,525,"{""x_angle_offset"":0.28125,""y_angle_offset"":0.21746484261971932}",0.3675811
8743774751000,fov,2718,"{""zoom"":1.0,""hfov"":90.0,""vfov"":58.71550750732422,""state"":0,""max_aov_h"":90.0,""max_aov_v"":58.71550750732422,""min_aov_h"":1.40625,""min_aov_v"":0.7910428047180176,""max_zoom"":64.0}",0.3723248
8743775080000,gimbal,2718,"{""imu_roll"":0.0,""imu_pitch"":37.0997428894043,""imu_yaw"":6.005398273468018,""frame_roll"":0.0,""frame_pitch"":37.0997428894043,""frame_yaw"":6.005398273468018,""pitch_speed"":0.0,""yaw_speed"":0.0}",0.3726538
8743775320100,fov,2719,"{""zoom"":1.0,""hfov"":90.0,""vfov"":58.71550750732422,""state"":0,""max_aov_h"":90.0,""max_aov_v"":58.71550750732422,""min_aov_h"":1.40625,""min_aov_v"":0.7910428047180176,""max_zoom"":64.0}",0.3728939
8743775549700,gimbal,2719,"{""imu_roll"":0.0,""imu_pitch"":37.13591384887695,""imu_yaw"":6.036810874938965,""frame_roll"":0.0,""frame_pitch"":37.13591384887695,""frame_yaw"":6.036810874938965,""pitch_speed"":0.0,""yaw_speed"":0.0}",0.3731235
8743778232000,attitude,1251,"{""message_type"":""ATTITUDE"",""time_boot_ms"":124870,""roll"":-0.012587077915668488,""pitch"":0.09342800080776215,""yaw"":2.982163190841675,""rollspeed"":0.11773471534252167,""pitchspeed"":-0.0029420587234199047,""yawspeed"":0.0016996667254716158}",0.3758058
8743785200800,range,1166,"{""message_type"":""GLOBAL_VISION_POSITION_ESTIMATE"",""x"":46.949195861816406,""y"":39.34964370727539}",0.3827746
8743794138500,target_offset,526,"{""x_angle_offset"":0.375,""y_angle_offset"":-0.8698593704788773}",0.3917123
8743798527700,fov,2720,"{""zoom"":1.0,""hfov"":90.0,""vfov"":58.71550750732422,""state"":0,""max_aov_h"":90.0,""max_aov_v"":58.71550750732422,""min_aov_h"":1.40625,""min_aov_v"":0.7910428047180176,""max_zoom"":64.0}",0.3961015
8743798848500,gimbal,2720,"{""imu_roll"":0.0,""imu_pitch"":37.17619705200195,""imu_yaw"":6.113630294799805,""frame_roll"":0.0,""frame_pitch"":37.17619705200195,""frame_yaw"":6.113630294799805,""pitch_speed"":0.0,""yaw_speed"":0.0}",0.3964223
8743804072300,range,1167,"{""message_type"":""GLOBAL_VISION_POSITION_ESTIMATE"",""x"":46.949195861816406,""y"":39.34964370727539}",0.4016461
8743821306700,fov,2721,"{""zoom"":1.0,""hfov"":90.0,""vfov"":58.71550750732422,""state"":0,""max_aov_h"":90.0,""max_aov_v"":58.71550750732422,""min_aov_h"":1.40625,""min_aov_v"":0.7910428047180176,""max_zoom"":64.0}",0.4188805
8743821784700,gimbal,2721,"{""imu_roll"":0.0,""imu_pitch"":36.946144104003906,""imu_yaw"":6.18364953994751,""frame_roll"":0.0,""frame_pitch"":36.946144104003906,""frame_yaw"":6.18364953994751,""pitch_speed"":0.0,""yaw_speed"":0.0}",0.4193585
8743828698800,target_offset,527,"{""x_angle_offset"":0.375,""y_angle_offset"":-0.8698593704788773}",0.4262726
8743832014500,vfr,626,"{""message_type"":""VFR_HUD"",""airspeed"":28.82160758972168,""alt"":211.83999633789062}",0.4295883
8743832530000,position,626,"{""message_type"":""GLOBAL_POSITION_INT"",""lat"":469512212,""lon"":393494900}",0.4301038
8743832715600,attitude,1252,"{""message_type"":""ATTITUDE"",""time_boot_ms"":124910,""roll"":-0.007909800857305527,""pitch"":0.09344092756509781,""yaw"":2.9820003509521484,""rollspeed"":0.11292307823896408,""pitchspeed"":0.0009745880961418152,""yawspeed"":0.0019650517497211695}",0.4302894
8743849555900,fov,2722,"{""zoom"":1.0,""hfov"":90.0,""vfov"":58.71550750732422,""state"":0,""max_aov_h"":90.0,""max_aov_v"":58.71550750732422,""min_aov_h"":1.40625,""min_aov_v"":0.7910428047180176,""max_zoom"":64.0}",0.4471297
8743851864700,gimbal,2722,"{""imu_roll"":0.0,""imu_pitch"":36.68547058105469,""imu_yaw"":6.290439128875732,""frame_roll"":0.0,""frame_pitch"":36.68547058105469,""frame_yaw"":6.290439128875732,""pitch_speed"":0.0,""yaw_speed"":0.0}",0.4494385
8743853809300,target_offset,528,"{""x_angle_offset"":0.375,""y_angle_offset"":-0.8698593704788773}",0.4513831
8743880368800,fov,2723,"{""zoom"":1.0,""hfov"":90.0,""vfov"":58.71550750732422,""state"":0,""max_aov_h"":90.0,""max_aov_v"":58.71550750732422,""min_aov_h"":1.40625,""min_aov_v"":0.7910428047180176,""max_zoom"":64.0}",0.4779426
8743881078400,gimbal,2723,"{""imu_roll"":0.0,""imu_pitch"":36.436737060546875,""imu_yaw"":6.395439147949219,""frame_roll"":0.0,""frame_pitch"":36.436737060546875,""frame_yaw"":6.395439147949219,""pitch_speed"":0.0,""yaw_speed"":0.0}",0.4786522
8743882728200,target_offset,529,"{""x_angle_offset"":0.375,""y_angle_offset"":-0.8698593704788773}",0.480302
8743908793400,fov,2724,"{""zoom"":1.0,""hfov"":90.0,""vfov"":58.71550750732422,""state"":0,""max_aov_h"":90.0,""max_aov_v"":58.71550750732422,""min_aov_h"":1.40625,""min_aov_v"":0.7910428047180176,""max_zoom"":64.0}",0.5063672
8743909340600,gimbal,2724,"{""imu_roll"":0.0,""imu_pitch"":36.177982330322266,""imu_yaw"":6.504247188568115,""frame_roll"":0.0,""frame_pitch"":36.177982330322266,""frame_yaw"":6.504247188568115,""pitch_speed"":0.0,""yaw_speed"":0.0}",0.5069144
8743911360400,attitude,1253,"{""message_type"":""ATTITUDE"",""time_boot_ms"":124970,""roll"":-0.0020879448857158422,""pitch"":0.09321298450231552,""yaw"":2.9817347526550293,""rollspeed"":0.08413602411746979,""pitchspeed"":-0.00734694441780448,""yawspeed"":0.0010223172139376402}",0.5089342
8743913719700,target_offset,530,"{""x_angle_offset"":0.46875,""y_angle_offset"":-0.5436621065492984}",0.5112935
8743925817700,range,1168,"{""message_type"":""GLOBAL_VISION_POSITION_ESTIMATE"",""x"":46.94841003417969,""y"":39.349700927734375}",0.5233915
8743936451300,fov,2725,"{""zoom"":1.0,""hfov"":90.0,""vfov"":58.71550750732422,""state"":0,""max_aov_h"":90.0,""max_aov_v"":58.71550750732422,""min_aov_h"":1.40625,""min_aov_v"":0.7910428047180176,""max_zoom"":64.0}",0.5340251
8743936924800,gimbal,2725,"{""imu_roll"":0.0,""imu_pitch"":36.02948760986328,""imu_yaw"":6.626444339752197,""frame_roll"":0.0,""frame_pitch"":36.02948760986328,""frame_yaw"":6.626444339752197,""pitch_speed"":0.0,""yaw_speed"":0.0}",0.5344986
8743937524800,range,1169,"{""message_type"":""GLOBAL_VISION_POSITION_ESTIMATE"",""x"":46.94841003417969,""y"":39.349700927734375}",0.5350986
8743940297600,target_offset,531,"{""x_angle_offset"":0.46875,""y_angle_offset"":-0.326197263929579}",0.5378714
8743960529000,attitude,1254,"{""message_type"":""ATTITUDE"",""time_boot_ms"":125010,""roll"":0.0005285185761749744,""pitch"":0.09274560958147049,""yaw"":2.9814982414245605,""rollspeed"":0.05408570170402527,""pitchspeed"":-0.019460851326584816,""yawspeed"":-0.0005066583398729563}",0.5581028
8743960709600,vfr,627,"{""message_type"":""VFR_HUD"",""airspeed"":28.73841667175293,""alt"":211.89999389648438}",0.5582834
8743961182400,position,627,"{""message_type"":""GLOBAL_POSITION_INT"",""lat"":469511661,""lon"":393495033}",0.5587562
8743963587600,target_offset,532,"{""x_angle_offset"":0.46875,""y_angle_offset"":0.0}",0.5611614
8743971529100,fov,2726,"{""zoom"":1.0,""hfov"":90.0,""vfov"":58.71550750732422,""state"":0,""max_aov_h"":90.0,""max_aov_v"":58.71550750732422,""min_aov_h"":1.40625,""min_aov_v"":0.7910428047180176,""max_zoom"":64.0}",0.5691029
8743971860000,gimbal,2726,"{""imu_roll"":0.0,""imu_pitch"":36.0231819152832,""imu_yaw"":6.799977779388428,""frame_roll"":0.0,""frame_pitch"":36.0231819152832,""frame_yaw"":6.799977779388428,""pitch_speed"":0.0,""yaw_speed"":0.0}",0.5694338
8744007001500,target_offset,533,"{""x_angle_offset"":0.46875,""y_angle_offset"":0.326197263929579}",0.6045753
8744017589200,fov,2727,"{""zoom"":1.0,""hfov"":90.0,""vfov"":58.71550750732422,""state"":0,""max_aov_h"":90.0,""max_aov_v"":58.71550750732422,""min_aov_h"":1.40625,""min_aov_v"":0.7910428047180176,""max_zoom"":64.0}",0.615163
8744018075700,gimbal,2727,"{""imu_roll"":0.0,""imu_pitch"":36.168540954589844,""imu_yaw"":7.005105018615723,""frame_roll"":0.0,""frame_pitch"":36.168540954589844,""frame_yaw"":7.005105018615723,""pitch_speed"":0.0,""yaw_speed"":0.0}",0.6156495
8744028918200,attitude,1255,"{""message_type"":""ATTITUDE"",""time_boot_ms"":125070,""roll"":0.0016509240958839655,""pitch"":0.09091459214687347,""yaw"":2.981013298034668,""rollspeed"":-0.00501567218452692,""pitchspeed"":-0.04303223639726639,""yawspeed"":-0.004008098971098661}",0.626492
8744046671600,target_offset,534,"{""x_angle_offset"":0.375,""y_angle_offset"":0.326197263929579}",0.6442454
8744063672800,fov,2728,"{""zoom"":1.0,""hfov"":90.0,""vfov"":58.71550750732422,""state"":0,""max_aov_h"":90.0,""max_aov_v"":58.71550750732422,""min_aov_h"":1.40625,""min_aov_v"":0.7910428047180176,""max_zoom"":64.0}",0.6612466
8744064039700,gimbal,2728,"{""imu_roll"":0.0,""imu_pitch"":36.29845428466797,""imu_yaw"":7.156100273132324,""frame_roll"":0.0,""frame_pitch"":36.29845428466797,""frame_yaw"":7.156100273132324,""pitch_speed"":0.0,""yaw_speed"":0.0}",0.6616135
8744076783500,vfr,628,"{""message_type"":""VFR_HUD"",""airspeed"":28.64961051940918,""alt"":211.95999145507812}",0.6743573
8744076897300,position,628,"{""message_type"":""GLOBAL_POSITION_INT"",""lat"":469511661,""lon"":393495033}",0.6744711
8744077093700,attitude,1256,"{""message_type"":""ATTITUDE"",""time_boot_ms"":125110,""roll"":0.00015914204414002597,""pitch"":0.08889070898294449,""yaw"":2.9805660247802734,""rollspeed"":-0.05151333659887314,""pitchspeed"":-0.05895281210541725,""yawspeed"":-0.007206211797893047}",0.6746675
8744089430500,target_offset,535,"{""x_angle_offset"":0.375,""y_angle_offset"":0.43492968523943865}",0.6870043
8744095976100,range,1170,"{""message_type"":""GLOBAL_VISION_POSITION_ESTIMATE"",""x"":46.9483757019043,""y"":39.34967803955078}",0.6935499
8744097160600,fov,2729,"{""zoom"":1.0,""hfov"":90.0,""vfov"":58.71550750732422,""state"":0,""max_aov_h"":90.0,""max_aov_v"":58.71550750732422,""min_aov_h"":1.40625,""min_aov_v"":0.7910428047180176,""max_zoom"":64.0}",0.6947344
8744097475400,gimbal,2729,"{""imu_roll"":0.0,""imu_pitch"":36.45616149902344,""imu_yaw"":7.291424751281738,""frame_roll"":0.0,""frame_pitch"":36.45616149902344,""frame_yaw"":7.291424751281738,""pitch_speed"":0.0,""yaw_speed"":0.0}",0.6950492
8744099280300,range,1171,"{""message_type"":""GLOBAL_VISION_POSITION_ESTIMATE"",""x"":46.9483757019043,""y"":39.34967803955078}",0.6968541
8744126699400,gimbal,2730,"{""imu_roll"":0.0,""imu_pitch"":36.52581787109375,""imu_yaw"":7.355755805969238,""frame_roll"":0.0,""frame_pitch"":36.52581787109375,""frame_yaw"":7.355755805969238,""pitch_speed"":0.0,""yaw_speed"":0.0}",0.7242732
8744127146900,fov,2730,"{""zoom"":1.0,""hfov"":90.0,""vfov"":58.71550750732422,""state"":0,""max_aov_h"":90.0,""max_aov_v"":58.71550750732422,""min_aov_h"":1.40625,""min_aov_v"":0.7910428047180176,""max_zoom"":64.0}",0.7247207
8744128470200,target_offset,536,"{""x_angle_offset"":0.1875,""y_angle_offset"":0.326197263929579}",0.726044
8744138556400,attitude,1257,"{""message_type"":""ATTITUDE"",""time_boot_ms"":125170,""roll"":-0.00562650291249156,""pitch"":0.08482813090085983,""yaw"":2.979700803756714,""rollspeed"":-0.12198285013437271,""pitchspeed"":-0.07792459428310394,""yawspeed"":-0.01251638401299715}",0.7361302
8744153552000,fov,2731,"{""zoom"":1.0,""hfov"":90.0,""vfov"":58.71550750732422,""state"":0,""max_aov_h"":90.0,""max_aov_v"":58.71550750732422,""min_aov_h"":1.40625,""min_aov_v"":0.7910428047180176,""max_zoom"":64.0}",0.7511258
8744153916300,gimbal,2731,"{""imu_roll"":0.0,""imu_pitch"":36.61112976074219,""imu_yaw"":7.403626918792725,""frame_roll"":0.0,""frame_pitch"":36.61112976074219,""frame_yaw"":7.403626918792725,""pitch_speed"":0.0,""yaw_speed"":0.0}",0.7514901
8744157048600,target_offset,537,"{""x_angle_offset"":0.09375,""y_angle_offset"":0.326197263929579}",0.7546224
8744181398500,fov,2732,"{""zoom"":1.0,""hfov"":90.0,""vfov"":58.71550750732422,""state"":0,""max_aov_h"":90.0,""max_aov_v"":58.71550750732422,""min_aov_h"":1.40625,""min_aov_v"":0.7910428047180176,""max_zoom"":64.0}",0.7789723
8744181816800,gimbal,2732,"{""imu_roll"":0.0,""imu_pitch"":36.7001953125,""imu_yaw"":7.428038120269775,""frame_roll"":0.0,""frame_pitch"":36.7001953125,""frame_yaw"":7.428038120269775,""pitch_speed"":0.0,""yaw_speed"":0.0}",0.7793906
8744185619800,target_offset,538,"{""x_angle_offset"":-0.09375,""y_angle_offset"":0.0}",0.7831936
8744188648900,vfr,629,"{""message_type"":""VFR_HUD"",""airspeed"":28.55687713623047,""alt"":212.00999450683594}",0.7862227
8744189306700,position,629,"{""message_type"":""GLOBAL_POSITION_INT"",""lat"":469511116,""lon"":393495170}",0.7868805
8744189535900,attitude,1258,"{""message_type"":""ATTITUDE"",""time_boot_ms"":125210,""roll"":-0.011814710684120655,""pitch"":0.08122150599956512,""yaw"":2.979003667831421,""rollspeed"":-0.16312333941459656,""pitchspeed"":-0.08475041389465332,""yawspeed"":-0.016141029074788094}",0.7871097
8744209100100,fov,2733,"{""zoom"":1.0,""hfov"":90.0,""vfov"":58.71550750732422,""state"":0,""max_aov_h"":90.0,""max_aov_v"":58.71550750732422,""min_aov_h"":1.40625,""min_aov_v"":0.7910428047180176,""max_zoom"":64.0}",0.8066739
8744209756300,gimbal,2733,"{""imu_roll"":0.0,""imu_pitch"":36.698543548583984,""imu_yaw"":7.396696090698242,""frame_roll"":0.0,""frame_pitch"":36.698543548583984,""frame_yaw"":7.396696090698242,""pitch_speed"":0.0,""yaw_speed"":0.0}",0.8073301
8744211151500,target_offset,539,"{""x_angle_offset"":-0.09375,""y_angle_offset"":0.0}",0.8087253
8744234253200,fov,2734,"{""zoom"":1.0,""hfov"":90.0,""vfov"":58.71550750732422,""state"":0,""max_aov_h"":90.0,""max_aov_v"":58.71550750732422,""min_aov_h"":1.40625,""min_aov_v"":0.7910428047180176,""max_zoom"":64.0}",0.831827
8744234877100,gimbal,2734,"{""imu_roll"":0.0,""imu_pitch"":36.69743347167969,""imu_yaw"":7.369853973388672,""frame_roll"":0.0,""frame_pitch"":36.69743347167969,""frame_yaw"":7.369853973388672,""pitch_speed"":0.0,""yaw_speed"":0.0}",0.8324509
8744237749500,range,1172,"{""message_type"":""GLOBAL_VISION_POSITION_ESTIMATE"",""x"":46.94908905029297,""y"":39.349613189697266}",0.8353233
8744242869900,target_offset,540,"{""x_angle_offset"":-0.1875,""y_angle_offset"":0.0}",0.8404437
8744258762700,range,1173,"{""message_type"":""GLOBAL_VISION_POSITION_ESTIMATE"",""x"":46.94908905029297,""y"":39.349613189697266}",0.8563365
8744259377500,attitude,1259,"{""message_type"":""ATTITUDE"",""time_boot_ms"":125270,""roll"":-0.023784665390849113,""pitch"":0.0749649703502655,""yaw"":2.977810859680176,""rollspeed"":-0.20769912004470825,""pitchspeed"":-0.08538724482059479,""yawspeed"":-0.020892227068543434}",0.8569513
8744264344500,fov,2735,"{""zoom"":1.0,""hfov"":90.0,""vfov"":58.71550750732422,""state"":0,""max_aov_h"":90.0,""max_aov_v"":58.71550750732422,""min_aov_h"":1.40625,""min_aov_v"":0.7910428047180176,""max_zoom"":64.0}",0.8619183
8744264751800,gimbal,2735,"{""imu_roll"":0.0,""imu_pitch"":36.696563720703125,""imu_yaw"":7.311892509460449,""frame_roll"":0.0,""frame_pitch"":36.696563720703125,""frame_yaw"":7.311892509460449,""pitch_speed"":0.0,""yaw_speed"":0.0}",0.8623256
8744274285700,target_offset,541,"{""x_angle_offset"":-0.375,""y_angle_offset"":0.0}",0.8718595
8744291522400,fov,2736,"{""zoom"":1.0,""hfov"":90.0,""vfov"":58.71550750732422,""state"":0,""max_aov_h"":90.0,""max_aov_v"":58.71550750732422,""min_aov_h"":1.40625,""min_aov_v"":0.7910428047180176,""max_zoom"":64.0}",0.8890962
8744291956900,gimbal,2736,"{""imu_roll"":0.0,""imu_pitch"":36.69594192504883,""imu_yaw"":7.203147888183594,""frame_roll"":0.0,""frame_pitch"":36.69594192504883,""frame_yaw"":7.203147888183594,""pitch_speed"":0.0,""yaw_speed"":0.0}",0.8895307
8744296116600,target_offset,542,"{""x_angle_offset"":-0.46875,""y_angle_offset"":-0.10873242130985966}",0.8936904
8744312030500,position,630,"{""message_type"":""GLOBAL_POSITION_INT"",""lat"":469511116,""lon"":393495170}",0.9096043
8744312582300,attitude,1260,"{""message_type"":""ATTITUDE"",""time_boot_ms"":125310,""roll"":-0.03278612345457077,""pitch"":0.07096544653177261,""yaw"":2.9769887924194336,""rollspeed"":-0.22374026477336884,""pitchspeed"":-0.07997255772352219,""yawspeed"":-0.02338382788002491}",0.9101561
8744312758900,vfr,630,"{""message_type"":""VFR_HUD"",""airspeed"":28.430246353149414,""alt"":212.04998779296875}",0.9103327
8744323141400,fov,2737,"{""zoom"":1.0,""hfov"":90.0,""vfov"":58.71550750732422,""state"":0,""max_aov_h"":90.0,""max_aov_v"":58.71550750732422,""min_aov_h"":1.40625,""min_aov_v"":0.7910428047180176,""max_zoom"":64.0}",0.9207152
8744323442600,gimbal,2737,"{""imu_roll"":0.0,""imu_pitch"":36.661415100097656,""imu_yaw"":7.054623603820801,""frame_roll"":0.0,""frame_pitch"":36.661415100097656,""frame_yaw"":7.054623603820801,""pitch_speed"":0.0,""yaw_speed"":0.0}",0.9210164
8744324621900,target_offset,543,"{""x_angle_offset"":-0.46875,""y_angle_offset"":-0.10873242130985966}",0.9221957
8744348908100,fov,2738,"{""zoom"":1.0,""hfov"":90.0,""vfov"":58.71550750732422,""state"":0,""max_aov_h"":90.0,""max_aov_v"":58.71550750732422,""min_aov_h"":1.40625,""min_aov_v"":0.7910428047180176,""max_zoom"":64.0}",0.9464819
8744350388300,gimbal,2738,"{""imu_roll"":0.0,""imu_pitch"":36.630306243896484,""imu_yaw"":6.929869174957275,""frame_roll"":0.0,""frame_pitch"":36.630306243896484,""frame_yaw"":6.929869174957275,""pitch_speed"":0.0,""yaw_speed"":0.0}",0.9479621
8744357250100,target_offset,544,"{""x_angle_offset"":-0.5625,""y_angle_offset"":-0.10873242130985966}",0.9548239
8744374977900,fov,2739,"{""zoom"":1.0,""hfov"":90.0,""vfov"":58.71550750732422,""state"":0,""max_aov_h"":90.0,""max_aov_v"":58.71550750732422,""min_aov_h"":1.40625,""min_aov_v"":0.7910428047180176,""max_zoom"":64.0}",0.9725517
8744375559500,gimbal,2739,"{""imu_roll"":0.0,""imu_pitch"":36.596309661865234,""imu_yaw"":6.753492832183838,""frame_roll"":0.0,""frame_pitch"":36.596309661865234,""frame_yaw"":6.753492832183838,""pitch_speed"":0.0,""yaw_speed"":0.0}",0.9731333
8744380195600,target_offset,545,"{""x_angle_offset"":-0.65625,""y_angle_offset"":-0.10873242130985966}",0.9777694
8744388500500,attitude,1261,"{""message_type"":""ATTITUDE"",""time_boot_ms"":125370,""roll"":-0.04650468751788139,""pitch"":0.06553491950035095,""yaw"":2.975708484649658,""rollspeed"":-0.22157149016857147,""pitchspeed"":-0.06793104857206345,""yawspeed"":-0.025668956339359283}",0.9860743
8744390935500,range,1174,"{""message_type"":""GLOBAL_VISION_POSITION_ESTIMATE"",""x"":46.94908905029297,""y"":39.349578857421875}",0.9885093
8744402019900,fov,2740,"{""zoom"":1.0,""hfov"":90.0,""vfov"":58.71550750732422,""state"":0,""max_aov_h"":90.0,""max_aov_v"":58.71550750732422,""min_aov_h"":1.40625,""min_aov_v"":0.7910428047180176,""max_zoom"":64.0}",0.9995937
8744403396100,gimbal,2740,"{""imu_roll"":0.0,""imu_pitch"":36.5658073425293,""imu_yaw"":6.586301326751709,""frame_roll"":0.0,""frame_pitch"":36.5658073425293,""frame_yaw"":6.586301326751709,""pitch_speed"":0.0,""yaw_speed"":0.0}",1.0009699
8744411933800,target_offset,546,"{""x_angle_offset"":-0.65625,""y_angle_offset"":-0.10873242130985966}",1.0095076
8744415922800,range,1175,"{""message_type"":""GLOBAL_VISION_POSITION_ESTIMATE"",""x"":46.94908905029297,""y"":39.349578857421875}",1.0134966
8744431437400,fov,2741,"{""zoom"":1.0,""hfov"":90.0,""vfov"":58.71550750732422,""state"":0,""max_aov_h"":90.0,""max_aov_v"":58.71550750732422,""min_aov_h"":1.40625,""min_aov_v"":0.7910428047180176,""max_zoom"":64.0}",1.0290112
8744431929800,gimbal,2741,"{""imu_roll"":0.0,""imu_pitch"":36.53596878051758,""imu_yaw"":6.408163070678711,""frame_roll"":0.0,""frame_pitch"":36.53596878051758,""frame_yaw"":6.408163070678711,""pitch_speed"":0.0,""yaw_speed"":0.0}",1.0295036
8744436951900,target_offset,547,"{""x_angle_offset"":-0.65625,""y_angle_offset"":0.0}",1.0345257
8744444061500,vfr,631,"{""message_type"":""VFR_HUD"",""airspeed"":28.31047821044922,""alt"":212.0800018310547}",1.0416353
8744444226600,position,631,"{""message_type"":""GLOBAL_POSITION_INT"",""lat"":469510579,""lon"":393495313}",1.0418004
8744444433500,attitude,1262,"{""message_type"":""ATTITUDE"",""time_boot_ms"":125410,""roll"":-0.05498235672712326,""pitch"":0.062184784561395645,""yaw"":2.974893093109131,""rollspeed"":-0.20294496417045593,""pitchspeed"":-0.06412668526172638,""yawspeed"":-0.02602659910917282}",1.0420073
8744455885400,fov,2742,"{""zoom"":1.0,""hfov"":90.0,""vfov"":58.71550750732422,""state"":0,""max_aov_h"":90.0,""max_aov_v"":58.71550750732422,""min_aov_h"":1.40625,""min_aov_v"":0.7910428047180176,""max_zoom"":64.0}",1.0534592
8744456290400,gimbal,2742,"{""imu_roll"":0.0,""imu_pitch"":36.531192779541016,""imu_yaw"":6.223496437072754,""frame_roll"":0.0,""frame_pitch"":36.531192779541016,""frame_yaw"":6.223496437072754,""pitch_speed"":0.0,""yaw_speed"":0.0}",1.0538642
8744463535300,target_offset,548,"{""x_angle_offset"":-0.75,""y_angle_offset"":0.0}",1.0611091
8744485239100,fov,2743,"{""zoom"":1.0,""hfov"":90.0,""vfov"":58.71550750732422,""state"":0,""max_aov_h"":90.0,""max_aov_v"":58.71550750732422,""min_aov_h"":1.40625,""min_aov_v"":0.7910428047180176,""max_zoom"":64.0}",1.0828129
8744485773500,gimbal,2743,"{""imu_roll"":0.0,""imu_pitch"":36.52768325805664,""imu_yaw"":6.014623641967773,""frame_roll"":0.0,""frame_pitch"":36.52768325805664,""frame_yaw"":6.014623641967773,""pitch_speed"":0.0,""yaw_speed"":0.0}",1.0833473
8744488446900,target_offset,549,"{""x_angle_offset"":-0.75,""y_angle_offset"":0.0}",1.0860207
8744508266500,fov,2744,"{""zoom"":1.0,""hfov"":90.0,""vfov"":58.71550750732422,""state"":0,""max_aov_h"":90.0,""max_aov_v"":58.71550750732422,""min_aov_h"":1.40625,""min_aov_v"":0.7910428047180176,""max_zoom"":64.0}",1.1058403
8744508591500,gimbal,2744,"{""imu_roll"":0.0,""imu_pitch"":36.52545166015625,""imu_yaw"":5.828006267547607,""frame_roll"":0.0,""frame_pitch"":36.52545166015625,""frame_yaw"":5.828006267547607,""pitch_speed"":0.0,""yaw_speed"":0.0}",1.1061653
8744515963000,attitude,1263,"{""message_type"":""ATTITUDE"",""time_boot_ms"":125470,""roll"":-0.06600285321474075,""pitch"":0.057778265327215195,""yaw"":2.9736790657043457,""rollspeed"":-0.15336808562278748,""pitchspeed"":-0.06881895661354065,""yawspeed"":-0.02490297146141529}",1.1135368
8744517742900,target_offset,550,"{""x_angle_offset"":-0.75,""y_angle_offset"":0.10873242130985966}",1.1153167
8744538725200,target_offset,551,"{""x_angle_offset"":-0.75,""y_angle_offset"":0.10873242130985966}",1.136299
8744542781700,fov,2745,"{""zoom"":1.0,""hfov"":90.0,""vfov"":58.71550750732422,""state"":0,""max_aov_h"":90.0,""max_aov_v"":58.71550750732422,""min_aov_h"":1.40625,""min_aov_v"":0.7910428047180176,""max_zoom"":64.0}",1.1403555
8744543014600,gimbal,2745,"{""imu_roll"":0.0,""imu_pitch"":36.55644989013672,""imu_yaw"":5.60152006149292,""frame_roll"":0.0,""frame_pitch"":36.55644989013672,""frame_yaw"":5.60152006149292,""pitch_speed"":0.0,""yaw_speed"":0.0}",1.1405884
8744547030000,range,1176,"{""message_type"":""GLOBAL_VISION_POSITION_ESTIMATE"",""x"":46.949031829833984,""y"":39.34961700439453}",1.1446038
8744563867700,range,1177,"{""message_type"":""GLOBAL_VISION_POSITION_ESTIMATE"",""x"":46.949031829833984,""y"":39.34961700439453}",1.1614415
8744564444100,attitude,1264,"{""message_type"":""ATTITUDE"",""time_boot_ms"":125510,""roll"":-0.07121129333972931,""pitch"":0.054468005895614624,""yaw"":2.972994565963745,""rollspeed"":-0.10638125240802765,""pitchspeed"":-0.07836314290761948,""yawspeed"":-0.02312309853732586}",1.1620179
8744564688700,vfr,632,"{""message_type"":""VFR_HUD"",""airspeed"":28.226337432861328,""alt"":212.0800018310547}",1.1622625
8744565083500,position,632,"{""message_type"":""GLOBAL_POSITION_INT"",""lat"":469510579,""lon"":393495313}",1.1626573
8744568424400,fov,2746,"{""zoom"":1.0,""hfov"":90.0,""vfov"":58.71550750732422,""state"":0,""max_aov_h"":90.0,""max_aov_v"":58.71550750732422,""min_aov_h"":1.40625,""min_aov_v"":0.7910428047180176,""max_zoom"":64.0}",1.1659982
8744568763200,gimbal,2746,"{""imu_roll"":0.0,""imu_pitch"":36.575618743896484,""imu_yaw"":5.461464881896973,""frame_roll"":0.0,""frame_pitch"":36.575618743896484,""frame_yaw"":5.461464881896973,""pitch_speed"":0.0,""yaw_speed"":0.0}",1.166337
8744571060200,target_offset,552,"{""x_angle_offset"":-0.75,""y_angle_offset"":0.21746484261971932}",1.168634
8744594433200,fov,2747,"{""zoom"":1.0,""hfov"":90.0,""vfov"":58.71550750732422,""state"":0,""max_aov_h"":90.0,""max_aov_v"":58.71550750732422,""min_aov_h"":1.40625,""min_aov_v"":0.7910428047180176,""max_zoom"":64.0}",1.192007
8744594868800,gimbal,2747,"{""imu_roll"":0.0,""imu_pitch"":36.634220123291016,""imu_yaw"":5.24608850479126,""frame_roll"":0.0,""frame_pitch"":36.634220123291016,""frame_yaw"":5.24608850479126,""pitch_speed"":0.0,""yaw_speed"":0.0}",1.1924426
8744596568500,target_offset,553,"{""x_angle_offset"":-0.75,""y_angle_offset"":0.21746484261971932}",1.1941423
8744619611300,fov,2748,"{""zoom"":1.0,""hfov"":90.0,""vfov"":58.71550750732422,""state"":0,""max_aov_h"":90.0,""max_aov_v"":58.71550750732422,""min_aov_h"":1.40625,""min_aov_v"":0.7910428047180176,""max_zoom"":64.0}",1.2171851
8744619896400,gimbal,2748,"{""imu_roll"":0.0,""imu_pitch"":36.690147399902344,""imu_yaw"":5.046445369720459,""frame_roll"":0.0,""frame_pitch"":36.690147399902344,""frame_yaw"":5.046445369720459,""pitch_speed"":0.0,""yaw_speed"":0.0}",1.2174702
8744624078000,target_offset,554,"{""x_angle_offset"":-0.65625,""y_angle_offset"":0.21746484261971932}",1.2216518
8744632795300,attitude,1265,"{""message_type"":""ATTITUDE"",""time_boot_ms"":125570,""roll"":-0.07509853690862656,""pitch"":0.04862456023693085,""yaw"":2.9722042083740234,""rollspeed"":-0.027103647589683533,""pitchspeed"":-0.09658834338188171,""yawspeed"":-0.01920449174940586}",1.2303691
8744646475400,fov,2749,"{""zoom"":1.0,""hfov"":90.0,""vfov"":58.71550750732422,""state"":0,""max_aov_h"":90.0,""max_aov_v"":58.71550750732422,""min_aov_h"":1.40625,""min_aov_v"":0.7910428047180176,""max_zoom"":64.0}",1.2440492
8744647940800,gimbal,2749,"{""imu_roll"":0.0,""imu_pitch"":36.745445251464844,""imu_yaw"":4.861911773681641,""frame_roll"":0.0,""frame_pitch"":36.745445251464844,""frame_yaw"":4.861911773681641,""pitch_speed"":0.0,""yaw_speed"":0.0}",1.2455146
8744652094200,target_offset,555,"{""x_angle_offset"":-0.65625,""y_angle_offset"":0.21746484261971932}",1.249668
8744672526000,fov,2750,"{""zoom"":1.0,""hfov"":90.0,""vfov"":58.71550750732422,""state"":0,""max_aov_h"":90.0,""max_aov_v"":58.71550750732422,""min_aov_h"":1.40625,""min_aov_v"":0.7910428047180176,""max_zoom"":64.0}",1.2700998
8744673200000,gimbal,2750,"{""imu_roll"":0.0,""imu_pitch"":36.7950439453125,""imu_yaw"":4.706709861755371,""frame_roll"":0.0,""frame_pitch"":36.7950439453125,""frame_yaw"":4.706709861755371,""pitch_speed"":0.0,""yaw_speed"":0.0}",1.2707738
8744680172900,target_offset,556,"{""x_angle_offset"":-0.5625,""y_angle_offset"":0.10873242130985966}",1.2777467
8744685238700,vfr,633,"{""message_type"":""VFR_HUD"",""airspeed"":28.136306762695312,""alt"":212.0699920654297}",1.2828125
8744686181400,position,633,"{""message_type"":""GLOBAL_POSITION_INT"",""lat"":469510579,""lon"":393495313}",1.2837552
8744686883100,attitude,1266,"{""message_type"":""ATTITUDE"",""time_boot_ms"":125610,""roll"":-0.07502264529466629,""pitch"":0.04409591481089592,""yaw"":2.971820592880249,""rollspeed"":0.025985131040215492,""pitchspeed"":-0.10986486822366714,""yawspeed"":-0.016659975051879883}",1.2844569
8744688481600,range,1178,"{""message_type"":""GLOBAL_VISION_POSITION_ESTIMATE"",""x"":46.949031829833984,""y"":39.34964370727539}",1.2860554
8744695962700,target_offset,557,"{""x_angle_offset"":-0.375,""y_angle_offset"":0.10873242130985966}",1.2935365
8744702158800,range,1179,"{""message_type"":""GLOBAL_VISION_POSITION_ESTIMATE"",""x"":46.949031829833984,""y"":39.34964370727539}",1.2997326
8744704810600,fov,2751,"{""zoom"":1.0,""hfov"":90.0,""vfov"":58.71550750732422,""state"":0,""max_aov_h"":90.0,""max_aov_v"":58.71550750732422,""min_aov_h"":1.40625,""min_aov_v"":0.7910428047180176,""max_zoom"":64.0}",1.3023844
8744705093700,gimbal,2751,"{""imu_roll"":0.0,""imu_pitch"":36.828407287597656,""imu_yaw"":4.576722621917725,""frame_roll"":0.0,""frame_pitch"":36.828407287597656,""frame_yaw"":4.576722621917725,""pitch_speed"":0.0,""yaw_speed"":0.0}",1.3026675
8744731481700,fov,2752,"{""zoom"":1.0,""hfov"":90.0,""vfov"":58.71550750732422,""state"":0,""max_aov_h"":90.0,""max_aov_v"":58.71550750732422,""min_aov_h"":1.40625,""min_aov_v"":0.7910428047180176,""max_zoom"":64.0}",1.3290555
8744732411000,gimbal,2752,"{""imu_roll"":0.0,""imu_pitch"":36.8445930480957,""imu_yaw"":4.517682075500488,""frame_roll"":0.0,""frame_pitch"":36.8445930480957,""frame_yaw"":4.517682075500488,""pitch_speed"":0.0,""yaw_speed"":0.0}",1.3299848
8744734599000,target_offset,558,"{""x_angle_offset"":-0.375,""y_angle_offset"":0.0}",1.3321728
8744745495200,attitude,1267,"{""message_type"":""ATTITUDE"",""time_boot_ms"":125670,""roll"":-0.07075022161006927,""pitch"":0.03617623448371887,""yaw"":2.971454620361328,""rollspeed"":0.09756483882665634,""pitchspeed"":-0.13251319527626038,""yawspeed"":-0.013342115096747875}",1.343069
8744758351600,target_offset,559,"{""x_angle_offset"":-0.28125,""y_angle_offset"":-0.21746484261971932}",1.3559254
8744765023200,fov,2753,"{""zoom"":1.0,""hfov"":90.0,""vfov"":58.71550750732422,""state"":0,""max_aov_h"":90.0,""max_aov_v"":58.71550750732422,""min_aov_h"":1.40625,""min_aov_v"":0.7910428047180176,""max_zoom"":64.0}",1.362597
8744765278200,gimbal,2753,"{""imu_roll"":0.0,""imu_pitch"":36.83915328979492,""imu_yaw"":4.4034743309021,""frame_roll"":0.0,""frame_pitch"":36.83915328979492,""frame_yaw"":4.4034743309021,""pitch_speed"":0.0,""yaw_speed"":0.0}",1.362852
8744789514200,fov,2754,"{""zoom"":1.0,""hfov"":90.0,""vfov"":58.71550750732422,""state"":0,""max_aov_h"":90.0,""max_aov_v"":58.71550750732422,""min_aov_h"":1.40625,""min_aov_v"":0.7910428047180176,""max_zoom"":64.0}",1.387088
8744789907300,gimbal,2754,"{""imu_roll"":0.0,""imu_pitch"":36.77860641479492,""imu_yaw"":4.355412483215332,""frame_roll"":0.0,""frame_pitch"":36.77860641479492,""frame_yaw"":4.355412483215332,""pitch_speed"":0.0,""yaw_speed"":0.0}",1.3874811
8744791653300,target_offset,560,"{""x_angle_offset"":0.0,""y_angle_offset"":-0.326197263929579}",1.3892271
8744796834500,vfr,634,"{""message_type"":""VFR_HUD"",""airspeed"":28.04202651977539,""alt"":212.0399932861328}",1.3944083
8744797025400,position,634,"{""message_type"":""GLOBAL_POSITION_INT"",""lat"":469510042,""lon"":393495457}",1.3945992
8744797818600,attitude,1268,"{""message_type"":""ATTITUDE"",""time_boot_ms"":125710,""roll"":-0.06569637358188629,""pitch"":0.030132567510008812,""yaw"":2.971281051635742,""rollspeed"":0.13517054915428162,""pitchspeed"":-0.14750415086746216,""yawspeed"":-0.011354120448231697}",1.3953924
8744815807300,fov,2755,"{""zoom"":1.0,""hfov"":90.0,""vfov"":58.71550750732422,""state"":0,""max_aov_h"":90.0,""max_aov_v"":58.71550750732422,""min_aov_h"":1.40625,""min_aov_v"":0.7910428047180176,""max_zoom"":64.0}",1.4133811
8744816178100,gimbal,2755,"{""imu_roll"":0.0,""imu_pitch"":36.671424865722656,""imu_yaw"":4.353925704956055,""frame_roll"":0.0,""frame_pitch"":36.671424865722656,""frame_yaw"":4.353925704956055,""pitch_speed"":0.0,""yaw_speed"":0.0}",1.4137519
8744821783900,target_offset,561,"{""x_angle_offset"":0.0,""y_angle_offset"":-0.326197263929579}",1.4193577
8744848199300,range,1180,"{""message_type"":""GLOBAL_VISION_POSITION_ESTIMATE"",""x"":46.948978424072266,""y"":39.34968566894531}",1.4457731
8744848761300,gimbal,2756,"{""imu_roll"":0.0,""imu_pitch"":36.5750732421875,""imu_yaw"":4.352946758270264,""frame_roll"":0.0,""frame_pitch"":36.5750732421875,""frame_yaw"":4.352946758270264,""pitch_speed"":0.0,""yaw_speed"":0.0}",1.4463351
8744849839500,fov,2756,"{""zoom"":1.0,""hfov"":90.0,""vfov"":58.71550750732422,""state"":0,""max_aov_h"":90.0,""max_aov_v"":58.71550750732422,""min_aov_h"":1.40625,""min_aov_v"":0.7910428047180176,""max_zoom"":64.0}",1.4474133
8744850408200,target_offset,562,"{""x_angle_offset"":0.1875,""y_angle_offset"":-0.43492968523943865}",1.447982
8744866459000,range,1181,"{""message_type"":""GLOBAL_VISION_POSITION_ESTIMATE"",""x"":46.948978424072266,""y"":39.34968566894531}",1.4640328
8744867106900,attitude,1269,"{""message_type"":""ATTITUDE"",""time_boot_ms"":125770,""roll"":-0.056062888354063034,""pitch"":0.019971104338765144,""yaw"":2.971095561981201,""rollspeed"":0.1707167774438858,""pitchspeed"":-0.16938361525535583,""yawspeed"":-0.009075493551790714}",1.4646807
8744879003200,fov,2757,"{""zoom"":1.0,""hfov"":90.0,""vfov"":58.71550750732422,""state"":0,""max_aov_h"":90.0,""max_aov_v"":58.71550750732422,""min_aov_h"":1.40625,""min_aov_v"":0.7910428047180176,""max_zoom"":64.0}",1.476577
8744879498100,gimbal,2757,"{""imu_roll"":0.0,""imu_pitch"":36.43836212158203,""imu_yaw"":4.4053955078125,""frame_roll"":0.0,""frame_pitch"":36.43836212158203,""frame_yaw"":4.4053955078125,""pitch_speed"":0.0,""yaw_speed"":0.0}",1.4770719
8744881032400,target_offset,563,"{""x_angle_offset"":0.28125,""y_angle_offset"":-0.43492968523943865}",1.4786062
8744908889100,gimbal,2758,"{""imu_roll"":0.0,""imu_pitch"":36.2963981628418,""imu_yaw"":4.492634296417236,""frame_roll"":0.0,""frame_pitch"":36.2963981628418,""frame_yaw"":4.492634296417236,""pitch_speed"":0.0,""yaw_speed"":0.0}",1.5064629
8744909657100,fov,2758,"{""zoom"":1.0,""hfov"":90.0,""vfov"":58.71550750732422,""state"":0,""max_aov_h"":90.0,""max_aov_v"":58.71550750732422,""min_aov_h"":1.40625,""min_aov_v"":0.7910428047180176,""max_zoom"":64.0}",1.5072309
8744910891900,target_offset,564,"{""x_angle_offset"":0.28125,""y_angle_offset"":-0.5436621065492984}",1.5084657
8744923517000,vfr,635,"{""message_type"":""VFR_HUD"",""airspeed"":27.975839614868164,""alt"":211.97999572753906}",1.5210908
8744923744700,position,635,"{""message_type"":""GLOBAL_POSITION_INT"",""lat"":469510042,""lon"":393495457}",1.5213185
8744924106600,attitude,1270,"{""message_type"":""ATTITUDE"",""time_boot_ms"":125810,""roll"":-0.048943959176540375,""pitch"":0.012528405524790287,""yaw"":2.9709532260894775,""rollspeed"":0.18028318881988525,""pitchspeed"":-0.18213646113872528,""yawspeed"":-0.007791913114488125}",1.5216804
8744935820300,fov,2759,"{""zoom"":1.0,""hfov"":90.0,""vfov"":58.71550750732422,""state"":0,""max_aov_h"":90.0,""max_aov_v"":58.71550750732422,""min_aov_h"":1.40625,""min_aov_v"":0.7910428047180176,""max_zoom"":64.0}",1.5333941
8744936280000,gimbal,2759,"{""imu_roll"":0.0,""imu_pitch"":36.13624954223633,""imu_yaw"":4.5732903480529785,""frame_roll"":0.0,""frame_pitch"":36.13624954223633,""frame_yaw"":4.5732903480529785,""pitch_speed"":0.0,""yaw_speed"":0.0}",1.5338538
8744941812800,target_offset,565,"{""x_angle_offset"":0.375,""y_angle_offset"":-0.5436621065492984}",1.5393866
8744966422700,fov,2760,"{""zoom"":1.0,""hfov"":90.0,""vfov"":58.71550750732422,""state"":0,""max_aov_h"":90.0,""max_aov_v"":58.71550750732422,""min_aov_h"":1.40625,""min_aov_v"":0.7910428047180176,""max_zoom"":64.0}",1.5639965
8744966875600,gimbal,2760,"{""imu_roll"":0.0,""imu_pitch"":35.986473083496094,""imu_yaw"":4.671954154968262,""frame_roll"":0.0,""frame_pitch"":35.986473083496094,""frame_yaw"":4.671954154968262,""pitch_speed"":0.0,""yaw_speed"":0.0}",1.5644494
8744969040600,target_offset,566,"{""x_angle_offset"":0.46875,""y_angle_offset"":-0.652394527859158}",1.5666144
8744995353000,attitude,1271,"{""message_type"":""ATTITUDE"",""time_boot_ms"":125870,""roll"":-0.038228075951337814,""pitch"":0.0009169792756438255,""yaw"":2.9707374572753906,""rollspeed"":0.17041833698749542,""pitchspeed"":-0.20063267648220062,""yawspeed"":-0.006755639798939228}",1.5929268
8744999863500,fov,2761,"{""zoom"":1.0,""hfov"":90.0,""vfov"":58.71550750732422,""state"":0,""max_aov_h"":90.0,""max_aov_v"":58.71550750732422,""min_aov_h"":1.40625,""min_aov_v"":0.7910428047180176,""max_zoom"":64.0}",1.5974373
8745000401100,gimbal,2761,"{""imu_roll"":0.0,""imu_pitch"":35.75100326538086,""imu_yaw"":4.833028316497803,""frame_roll"":0.0,""frame_pitch"":35.75100326538086,""frame_yaw"":4.833028316497803,""pitch_speed"":0.0,""yaw_speed"":0.0}",1.5979749
8745004555200,target_offset,567,"{""x_angle_offset"":0.46875,""y_angle_offset"":-0.652394527859158}",1.602129
8745014300800,range,1182,"{""message_type"":""GLOBAL_VISION_POSITION_ESTIMATE"",""x"":46.948978424072266,""y"":39.3497200012207}",1.6118746
8745021090900,range,1183,"{""message_type"":""GLOBAL_VISION_POSITION_ESTIMATE"",""x"":46.948978424072266,""y"":39.3497200012207}",1.6186647
8745038937400,fov,2762,"{""zoom"":1.0,""hfov"":90.0,""vfov"":58.71550750732422,""state"":0,""max_aov_h"":90.0,""max_aov_v"":58.71550750732422,""min_aov_h"":1.40625,""min_aov_v"":0.7910428047180176,""max_zoom"":64.0}",1.6365112
8745040042900,gimbal,2762,"{""imu_roll"":0.0,""imu_pitch"":35.50899124145508,""imu_yaw"":5.002405166625977,""frame_roll"":0.0,""frame_pitch"":35.50899124145508,""frame_yaw"":5.002405166625977,""pitch_speed"":0.0,""yaw_speed"":0.0}",1.6376167
8745041274600,target_offset,568,"{""x_angle_offset"":0.5625,""y_angle_offset"":-0.652394527859158}",1.6388484
8745049254000,vfr,636,"{""message_type"":""VFR_HUD"",""airspeed"":27.92941665649414,""alt"":211.88999938964844}",1.6468278
8745049409600,position,636,"{""message_type"":""GLOBAL_POSITION_INT"",""lat"":469509510,""lon"":393495594}",1.6469834
8745049631900,attitude,1272,"{""message_type"":""ATTITUDE"",""time_boot_ms"":125910,""roll"":-0.0316450372338295,""pitch"":-0.006780199706554413,""yaw"":2.9705474376678467,""rollspeed"":0.1486896574497223,""pitchspeed"":-0.21241796016693115,""yawspeed"":-0.006608252413570881}",1.6472057
8745068707200,fov,2763,"{""zoom"":1.0,""hfov"":90.0,""vfov"":58.71550750732422,""state"":0,""max_aov_h"":90.0,""max_aov_v"":58.71550750732422,""min_aov_h"":1.40625,""min_aov_v"":0.7910428047180176,""max_zoom"":64.0}",1.666281
8745070793700,gimbal,2763,"{""imu_roll"":0.0,""imu_pitch"":35.29044723510742,""imu_yaw"":5.186636447906494,""frame_roll"":0.0,""frame_pitch"":35.29044723510742,""frame_yaw"":5.186636447906494,""pitch_speed"":0.0,""yaw_speed"":0.0}",1.6683675
8745071983900,target_offset,569,"{""x_angle_offset"":0.65625,""y_angle_offset"":-0.7611269491690176}",1.6695577
8745097603900,fov,2764,"{""zoom"":1.0,""hfov"":90.0,""vfov"":58.71550750732422,""state"":0,""max_aov_h"":90.0,""max_aov_v"":58.71550750732422,""min_aov_h"":1.40625,""min_aov_v"":0.7910428047180176,""max_zoom"":64.0}",1.6951777
8745098018800,gimbal,2764,"{""imu_roll"":0.0,""imu_pitch"":35.0876579284668,""imu_yaw"":5.353860378265381,""frame_roll"":0.0,""frame_pitch"":35.0876579284668,""frame_yaw"":5.353860378265381,""pitch_speed"":0.0,""yaw_speed"":0.0}",1.6955926
8745100154800,target_offset,570,"{""x_angle_offset"":0.65625,""y_angle_offset"":-0.7611269491690176}",1.6977286
8745113194500,attitude,1273,"{""message_type"":""ATTITUDE"",""time_boot_ms"":125970,""roll"":-0.02395334094762802,""pitch"":-0.019120465964078903,""yaw"":2.970176935195923,""rollspeed"":0.10142272710800171,""pitchspeed"":-0.22777384519577026,""yawspeed"":-0.007660972885787487}",1.7107683
8745123224400,fov,2765,"{""zoom"":1.0,""hfov"":90.0,""vfov"":58.71550750732422,""state"":0,""max_aov_h"":90.0,""max_aov_v"":58.71550750732422,""min_aov_h"":1.40625,""min_aov_v"":0.7910428047180176,""max_zoom"":64.0}",1.7207982
8745123598500,gimbal,2765,"{""imu_roll"":0.0,""imu_pitch"":34.871402740478516,""imu_yaw"":5.535776138305664,""frame_roll"":0.0,""frame_pitch"":34.871402740478516,""frame_yaw"":5.535776138305664,""pitch_speed"":0.0,""yaw_speed"":0.0}",1.7211723
8745128698200,target_offset,571,"{""x_angle_offset"":0.65625,""y_angle_offset"":-0.7611269491690176}",1.726272
8745146174800,fov,2766,"{""zoom"":1.0,""hfov"":90.0,""vfov"":58.71550750732422,""state"":0,""max_aov_h"":90.0,""max_aov_v"":58.71550750732422,""min_aov_h"":1.40625,""min_aov_v"":0.7910428047180176,""max_zoom"":64.0}",1.7437486
8745146794100,gimbal,2766,"{""imu_roll"":0.0,""imu_pitch"":34.70387268066406,""imu_yaw"":5.674732208251953,""frame_roll"":0.0,""frame_pitch"":34.70387268066406,""frame_yaw"":5.674732208251953,""pitch_speed"":0.0,""yaw_speed"":0.0}",1.7443679
8745157506300,target_offset,572,"{""x_angle_offset"":0.65625,""y_angle_offset"":-0.7611269491690176}",1.7550801
8745162835000,attitude,1274,"{""message_type"":""ATTITUDE"",""time_boot_ms"":126010,""roll"":-0.02068224363029003,""pitch"":-0.027813034132122993,""yaw"":2.9698567390441895,""rollspeed"":0.06190929561853409,""pitchspeed"":-0.23659862577915192,""yawspeed"":-0.00862165167927742}",1.7604088
8745164076000,vfr,637,"{""message_type"":""VFR_HUD"",""airspeed"":27.896873474121094,""alt"":211.77999877929688}",1.7616498
8745164268900,position,637,"{""message_type"":""GLOBAL_POSITION_INT"",""lat"":469509510,""lon"":393495594}",1.7618427
8745168873300,range,1184,"{""message_type"":""GLOBAL_VISION_POSITION_ESTIMATE"",""x"":46.94892501831055,""y"":39.3497314453125}",1.7664471
8745172735000,fov,2767,"{""zoom"":1.0,""hfov"":90.0,""vfov"":58.71550750732422,""state"":0,""max_aov_h"":90.0,""max_aov_v"":58.71550750732422,""min_aov_h"":1.40625,""min_aov_v"":0.7910428047180176,""max_zoom"":64.0}",1.7703088
8745173190100,gimbal,2767,"{""imu_roll"":0.0,""imu_pitch"":34.50325393676758,""imu_yaw"":5.843199253082275,""frame_roll"":0.0,""frame_pitch"":34.50325393676758,""frame_yaw"":5.843199253082275,""pitch_speed"":0.0,""yaw_speed"":0.0}",1.7707639
8745178648500,target_offset,573,"{""x_angle_offset"":0.65625,""y_angle_offset"":-0.8698593704788773}",1.7762223
8745188096800,range,1185,"{""message_type"":""GLOBAL_VISION_POSITION_ESTIMATE"",""x"":46.94892501831055,""y"":39.3497314453125}",1.7856706
8745200182100,fov,2768,"{""zoom"":1.0,""hfov"":90.0,""vfov"":58.71550750732422,""state"":0,""max_aov_h"":90.0,""max_aov_v"":58.71550750732422,""min_aov_h"":1.40625,""min_aov_v"":0.7910428047180176,""max_zoom"":64.0}",1.7977559
8745200666400,gimbal,2768,"{""imu_roll"":0.0,""imu_pitch"":34.27036666870117,""imu_yaw"":6.011264801025391,""frame_roll"":0.0,""frame_pitch"":34.27036666870117,""frame_yaw"":6.011264801025391,""pitch_speed"":0.0,""yaw_speed"":0.0}",1.7982402
8745206414100,target_offset,574,"{""x_angle_offset"":0.65625,""y_angle_offset"":-0.8698593704788773}",1.8039879
8745224502600,fov,2769,"{""zoom"":1.0,""hfov"":90.0,""vfov"":58.71550750732422,""state"":0,""max_aov_h"":90.0,""max_aov_v"":58.71550750732422,""min_aov_h"":1.40625,""min_aov_v"":0.7910428047180176,""max_zoom"":64.0}",1.8220764
8745224880200,gimbal,2769,"{""imu_roll"":0.0,""imu_pitch"":34.05126953125,""imu_yaw"":6.173702716827393,""frame_roll"":0.0,""frame_pitch"":34.05126953125,""frame_yaw"":6.173702716827393,""pitch_speed"":0.0,""yaw_speed"":0.0}",1.822454
8745229658800,target_offset,575,"{""x_angle_offset"":0.5625,""y_angle_offset"":-0.8698593704788773}",1.8272326
8745236298100,attitude,1275,"{""message_type"":""ATTITUDE"",""time_boot_ms"":126070,""roll"":-0.01892656646668911,""pitch"":-0.041423577815294266,""yaw"":2.969327449798584,""rollspeed"":-0.002213484374806285,""pitchspeed"":-0.2474367618560791,""yawspeed"":-0.010140446946024895}",1.8338719
8745248201000,fov,2770,"{""zoom"":1.0,""hfov"":90.0,""vfov"":58.71550750732422,""state"":0,""max_aov_h"":90.0,""max_aov_v"":58.71550750732422,""min_aov_h"":1.40625,""min_aov_v"":0.7910428047180176,""max_zoom"":64.0}",1.8457748
8745249247000,gimbal,2770,"{""imu_roll"":0.0,""imu_pitch"":33.85099792480469,""imu_yaw"":6.299924373626709,""frame_roll"":0.0,""frame_pitch"":33.85099792480469,""frame_yaw"":6.299924373626709,""pitch_speed"":0.0,""yaw_speed"":0.0}",1.8468208
8745255991100,target_offset,576,"{""x_angle_offset"":0.5625,""y_angle_offset"":-0.8698593704788773}",1.8535649
8745270990400,fov,2771,"{""zoom"":1.0,""hfov"":90.0,""vfov"":58.71550750732422,""state"":0,""max_aov_h"":90.0,""max_aov_v"":58.71550750732422,""min_aov_h"":1.40625,""min_aov_v"":0.7910428047180176,""max_zoom"":64.0}",1.8685642
8745271321200,gimbal,2771,"{""imu_roll"":0.0,""imu_pitch"":33.6408576965332,""imu_yaw"":6.434104919433594,""frame_roll"":0.0,""frame_pitch"":33.6408576965332,""frame_yaw"":6.434104919433594,""pitch_speed"":0.0,""yaw_speed"":0.0}",1.868895
8745281825200,target_offset,577,"{""x_angle_offset"":0.28125,""y_angle_offset"":-0.8698593704788773}",1.879399
8745287301700,position,638,"{""message_type"":""GLOBAL_POSITION_INT"",""lat"":469508973,""lon"":393495735}",1.8848755
8745287706300,attitude,1276,"{""message_type"":""ATTITUDE"",""time_boot_ms"":126110,""roll"":-0.02015494368970394,""pitch"":-0.051115699112415314,""yaw"":2.9689242839813232,""rollspeed"":-0.04384066164493561,""pitchspeed"":-0.2528826892375946,""yawspeed"":-0.011899014934897423}",1.8852801
8745288465600,vfr,638,"{""message_type"":""VFR_HUD"",""airspeed"":27.87407112121582,""alt"":211.61000061035156}",1.8860394
8745299303800,target_offset,578,"{""x_angle_offset"":0.28125,""y_angle_offset"":-0.8698593704788773}",1.8968776
8745306636200,fov,2772,"{""zoom"":1.0,""hfov"":90.0,""vfov"":58.71550750732422,""state"":0,""max_aov_h"":90.0,""max_aov_v"":58.71550750732422,""min_aov_h"":1.40625,""min_aov_v"":0.7910428047180176,""max_zoom"":64.0}",1.90421
8745307323500,gimbal,2772,"{""imu_roll"":0.0,""imu_pitch"":33.36989212036133,""imu_yaw"":6.516524314880371,""frame_roll"":0.0,""frame_pitch"":33.36989212036133,""frame_yaw"":6.516524314880371,""pitch_speed"":0.0,""yaw_speed"":0.0}",1.9048973
8745325374300,fov,2773,"{""zoom"":1.0,""hfov"":90.0,""vfov"":58.71550750732422,""state"":0,""max_aov_h"":90.0,""max_aov_v"":58.71550750732422,""min_aov_h"":1.40625,""min_aov_v"":0.7910428047180176,""max_zoom"":64.0}",1.9229481
8745326016400,range,1186,"{""message_type"":""GLOBAL_VISION_POSITION_ESTIMATE"",""x"":46.94887161254883,""y"":39.349693298339844}",1.9235902
8745326200000,gimbal,2773,"{""imu_roll"":0.0,""imu_pitch"":33.23289108276367,""imu_yaw"":6.558195114135742,""frame_roll"":0.0,""frame_pitch"":33.23289108276367,""frame_yaw"":6.558195114135742,""pitch_speed"":0.0,""yaw_speed"":0.0}",1.9237738
8745331481200,target_offset,579,"{""x_angle_offset"":0.1875,""y_angle_offset"":-0.8698593704788773}",1.929055
8745337914400,range,1187,"{""message_type"":""GLOBAL_VISION_POSITION_ESTIMATE"",""x"":46.94887161254883,""y"":39.349693298339844}",1.9354882
8745351373300,target_offset,580,"{""x_angle_offset"":0.0,""y_angle_offset"":-0.8698593704788773}",1.9489471
8745359205900,fov,2774,"{""zoom"":1.0,""hfov"":90.0,""vfov"":58.71550750732422,""state"":0,""max_aov_h"":90.0,""max_aov_v"":58.71550750732422,""min_aov_h"":1.40625,""min_aov_v"":0.7910428047180176,""max_zoom"":64.0}",1.9567797
8745359442400,gimbal,2774,"{""imu_roll"":0.0,""imu_pitch"":32.967445373535156,""imu_yaw"":6.614144802093506,""frame_roll"":0.0,""frame_pitch"":32.967445373535156,""frame_yaw"":6.614144802093506,""pitch_speed"":0.0,""yaw_speed"":0.0}",1.9570162
8745361779500,attitude,1277,"{""message_type"":""ATTITUDE"",""time_boot_ms"":126170,""roll"":-0.024778200313448906,""pitch"":-0.06606850773096085,""yaw"":2.9683678150177,""rollspeed"":-0.09635969251394272,""pitchspeed"":-0.26095888018608093,""yawspeed"":-0.013206027448177338}",1.9593533
8745376635300,fov,2775,"{""zoom"":1.0,""hfov"":90.0,""vfov"":58.71550750732422,""state"":0,""max_aov_h"":90.0,""max_aov_v"":58.71550750732422,""min_aov_h"":1.40625,""min_aov_v"":0.7910428047180176,""max_zoom"":64.0}",1.9742091
8745377048300,gimbal,2775,"{""imu_roll"":0.0,""imu_pitch"":32.833763122558594,""imu_yaw"":6.599935531616211,""frame_roll"":0.0,""frame_pitch"":32.833763122558594,""frame_yaw"":6.599935531616211,""pitch_speed"":0.0,""yaw_speed"":0.0}",1.9746221
8745386663200,target_offset,581,"{""x_angle_offset"":0.0,""y_angle_offset"":-0.8698593704788773}",1.984237
8745398744400,fov,2776,"{""zoom"":1.0,""hfov"":90.0,""vfov"":58.71550750732422,""state"":0,""max_aov_h"":90.0,""max_aov_v"":58.71550750732422,""min_aov_h"":1.40625,""min_aov_v"":0.7910428047180176,""max_zoom"":64.0}",1.9963182
8745399053100,gimbal,2776,"{""imu_roll"":0.0,""imu_pitch"":32.620391845703125,""imu_yaw"":6.5979743003845215,""frame_roll"":0.0,""frame_pitch"":32.620391845703125,""frame_yaw"":6.5979743003845215,""pitch_speed"":0.0,""yaw_speed"":0.0}",1.9966269
8745408411900,target_offset,582,"{""x_angle_offset"":0.0,""y_angle_offset"":-0.8698593704788773}",2.0059857
8745413433200,vfr,639,"{""message_type"":""VFR_HUD"",""airspeed"":27.88939094543457,""alt"":211.37998962402344}",2.011007
8745413640500,position,639,"{""message_type"":""GLOBAL_POSITION_INT"",""lat"":469508973,""lon"":393495735}",2.0112143
8745414073700,attitude,1278,"{""message_type"":""ATTITUDE"",""time_boot_ms"":126210,""roll"":-0.02928064949810505,""pitch"":-0.07625007629394531,""yaw"":2.9680843353271484,""rollspeed"":-0.12179052084684372,""pitchspeed"":-0.2644091546535492,""yawspeed"":-0.014032689854502678}",2.0116475
8745426970400,target_offset,583,"{""x_angle_offset"":-0.09375,""y_angle_offset"":-0.8698593704788773}",2.0245442
8745433929000,fov,2777,"{""zoom"":1.0,""hfov"":90.0,""vfov"":58.71550750732422,""state"":0,""max_aov_h"":90.0,""max_aov_v"":58.71550750732422,""min_aov_h"":1.40625,""min_aov_v"":0.7910428047180176,""max_zoom"":64.0}",2.0315028
8745434157700,gimbal,2777,"{""imu_roll"":0.0,""imu_pitch"":32.35568618774414,""imu_yaw"":6.596094608306885,""frame_roll"":0.0,""frame_pitch"":32.35568618774414,""frame_yaw"":6.596094608306885,""pitch_speed"":0.0,""yaw_speed"":0.0}",2.0317315
8745446014700,fov,2778,"{""zoom"":1.0,""hfov"":90.0,""vfov"":58.71550750732422,""state"":0,""max_aov_h"":90.0,""max_aov_v"":58.71550750732422,""min_aov_h"":1.40625,""min_aov_v"":0.7910428047180176,""max_zoom"":64.0}",2.0435885
8745447832600,gimbal,2778,"{""imu_roll"":0.0,""imu_pitch"":32.241214752197266,""imu_yaw"":6.578657150268555,""frame_roll"":0.0,""frame_pitch"":32.241214752197266,""frame_yaw"":6.578657150268555,""pitch_speed"":0.0,""yaw_speed"":0.0}",2.0454064
8745459345600,target_offset,584,"{""x_angle_offset"":-0.1875,""y_angle_offset"":-0.978591791788737}",2.0569194
8745471870100,attitude,1279,"{""message_type"":""ATTITUDE"",""time_boot_ms"":126270,""roll"":-0.03725723177194595,""pitch"":-0.09157396107912064,""yaw"":2.967743158340454,""rollspeed"":-0.14141960442066193,""pitchspeed"":-0.2642299234867096,""yawspeed"":-0.015284672379493713}",2.0694439
8745478129600,fov,2779,"{""zoom"":1.0,""hfov"":90.0,""vfov"":58.71550750732422,""state"":0,""max_aov_h"":90.0,""max_aov_v"":58.71550750732422,""min_aov_h"":1.40625,""min_aov_v"":0.7910428047180176,""max_zoom"":64.0}",2.0757034
8745478458200,gimbal,2779,"{""imu_roll"":0.0,""imu_pitch"":31.928302764892578,""imu_yaw"":6.513760566711426,""frame_roll"":0.0,""frame_pitch"":31.928302764892578,""frame_yaw"":6.513760566711426,""pitch_speed"":0.0,""yaw_speed"":0.0}",2.076032
8745480868800,range,1188,"{""message_type"":""GLOBAL_VISION_POSITION_ESTIMATE"",""x"":46.94887161254883,""y"":39.34966278076172}",2.0784426
8745484624900,target_offset,585,"{""x_angle_offset"":-0.1875,""y_angle_offset"":-0.978591791788737}",2.0821987
8745494144100,range,1189,"{""message_type"":""GLOBAL_VISION_POSITION_ESTIMATE"",""x"":46.94887161254883,""y"":39.34966278076172}",2.0917179
8745505643800,fov,2780,"{""zoom"":1.0,""hfov"":90.0,""vfov"":58.71550750732422,""state"":0,""max_aov_h"":90.0,""max_aov_v"":58.71550750732422,""min_aov_h"":1.40625,""min_aov_v"":0.7910428047180176,""max_zoom"":64.0}",2.1032176
8745506137300,gimbal,2780,"{""imu_roll"":0.0,""imu_pitch"":31.66128158569336,""imu_yaw"":6.457810401916504,""frame_roll"":0.0,""frame_pitch"":31.66128158569336,""frame_yaw"":6.457810401916504,""pitch_speed"":0.0,""yaw_speed"":0.0}",2.1037111
8745510697200,target_offset,586,"{""x_angle_offset"":-0.46875,""y_angle_offset"":-0.978591791788737}",2.108271
8745520197600,vfr,640,"{""message_type"":""VFR_HUD"",""airspeed"":27.900110244750977,""alt"":211.08999633789062}",2.1177714
8745520379700,position,640,"{""message_type"":""GLOBAL_POSITION_INT"",""lat"":469508438,""lon"":393495877}",2.1179535
8745520585600,attitude,1280,"{""message_type"":""ATTITUDE"",""time_boot_ms"":126310,""roll"":-0.04291952773928642,""pitch"":-0.1013980284333229,""yaw"":2.9676146507263184,""rollspeed"":-0.14138859510421753,""pitchspeed"":-0.26209357380867004,""yawspeed"":-0.016024744138121605}",2.1181594
8745527385400,fov,2781,"{""zoom"":1.0,""hfov"":90.0,""vfov"":58.71550750732422,""state"":0,""max_aov_h"":90.0,""max_aov_v"":58.71550750732422,""min_aov_h"":1.40625,""min_aov_v"":0.7910428047180176,""max_zoom"":64.0}",2.1249592
8745527744800,gimbal,2781,"{""imu_roll"":0.0,""imu_pitch"":31.44292449951172,""imu_yaw"":6.351391792297363,""frame_roll"":0.0,""frame_pitch"":31.44292449951172,""frame_yaw"":6.351391792297363,""pitch_speed"":0.0,""yaw_speed"":0.0}",2.1253186
8745539382600,target_offset,587,"{""x_angle_offset"":-0.46875,""y_angle_offset"":-0.978591791788737}",2.1369564
8745554528500,fov,2782,"{""zoom"":1.0,""hfov"":90.0,""vfov"":58.71550750732422,""state"":0,""max_aov_h"":90.0,""max_aov_v"":58.71550750732422,""min_aov_h"":1.40625,""min_aov_v"":0.7910428047180176,""max_zoom"":64.0}",2.1521023
8745554863800,gimbal,2782,"{""imu_roll"":0.0,""imu_pitch"":31.194622039794922,""imu_yaw"":6.229681015014648,""frame_roll"":0.0,""frame_pitch"":31.194622039794922,""frame_yaw"":6.229681015014648,""pitch_speed"":0.0,""yaw_speed"":0.0}",2.1524376
8745562779600,target_offset,588,"{""x_angle_offset"":-0.46875,""y_angle_offset"":-0.978591791788737}",2.1603534
8745580548900,fov,2783,"{""zoom"":1.0,""hfov"":90.0,""vfov"":58.71550750732422,""state"":0,""max_aov_h"":90.0,""max_aov_v"":58.71550750732422,""min_aov_h"":1.40625,""min_aov_v"":0.7910428047180176,""max_zoom"":64.0}",2.1781227
8745580970100,gimbal,2783,"{""imu_roll"":0.0,""imu_pitch"":30.931926727294922,""imu_yaw"":6.103218078613281,""frame_roll"":0.0,""frame_pitch"":30.931926727294922,""frame_yaw"":6.103218078613281,""pitch_speed"":0.0,""yaw_speed"":0.0}",2.1785439
8745586057700,target_offset,589,"{""x_angle_offset"":-0.46875,""y_angle_offset"":-0.978591791788737}",2.1836315
8745602934900,attitude,1281,"{""message_type"":""ATTITUDE"",""time_boot_ms"":126370,""roll"":-0.05094021558761597,""pitch"":-0.1154528483748436,""yaw"":2.967481851577759,""rollspeed"":-0.12354210019111633,""pitchspeed"":-0.25781527161598206,""yawspeed"":-0.01726905070245266}",2.2005087
8745603864500,fov,2784,"{""zoom"":1.0,""hfov"":90.0,""vfov"":58.71550750732422,""state"":0,""max_aov_h"":90.0,""max_aov_v"":58.71550750732422,""min_aov_h"":1.40625,""min_aov_v"":0.7910428047180176,""max_zoom"":64.0}",2.2014383
8745604166600,gimbal,2784,"{""imu_roll"":0.0,""imu_pitch"":30.69341468811035,""imu_yaw"":5.987207889556885,""frame_roll"":0.0,""frame_pitch"":30.69341468811035,""frame_yaw"":5.987207889556885,""pitch_speed"":0.0,""yaw_speed"":0.0}",2.2017404
8745615881900,target_offset,590,"{""x_angle_offset"":-0.46875,""y_angle_offset"":-0.978591791788737}",2.2134557
8745631656700,fov,2785,"{""zoom"":1.0,""hfov"":90.0,""vfov"":58.71550750732422,""state"":0,""max_aov_h"":90.0,""max_aov_v"":58.71550750732422,""min_aov_h"":1.40625,""min_aov_v"":0.7910428047180176,""max_zoom"":64.0}",2.2292305
8745632129500,gimbal,2785,"{""imu_roll"":0.0,""imu_pitch"":30.419208526611328,""imu_yaw"":5.855976581573486,""frame_roll"":0.0,""frame_pitch"":30.419208526611328,""frame_yaw"":5.855976581573486,""pitch_speed"":0.0,""yaw_speed"":0.0}",2.2297033
8745634434700,range,1190,"{""message_type"":""GLOBAL_VISION_POSITION_ESTIMATE"",""x"":46.948822021484375,""y"":39.34968185424805}",2.2320085
8745640337600,target_offset,591,"{""x_angle_offset"":-0.46875,""y_angle_offset"":-0.978591791788737}",2.2379114
8745649686600,attitude,1282,"{""message_type"":""ATTITUDE"",""time_boot_ms"":126410,""roll"":-0.055285774171352386,""pitch"":-0.12473302334547043,""yaw"":2.9674198627471924,""rollspeed"":-0.09969724714756012,""pitchspeed"":-0.2565699517726898,""yawspeed"":-0.018083713948726654}",2.2472604
8745649892500,vfr,641,"{""message_type"":""VFR_HUD"",""airspeed"":27.9388484954834,""alt"":210.739990234375}",2.2474663
8745650079300,position,641,"{""message_type"":""GLOBAL_POSITION_INT"",""lat"":469508438,""lon"":393495877}",2.2476531
8745650237400,range,1191,"{""message_type"":""GLOBAL_VISION_POSITION_ESTIMATE"",""x"":46.948822021484375,""y"":39.34968185424805}",2.2478112
8745661679900,fov,2786,"{""zoom"":1.0,""hfov"":90.0,""vfov"":58.71550750732422,""state"":0,""max_aov_h"":90.0,""max_aov_v"":58.71550750732422,""min_aov_h"":1.40625,""min_aov_v"":0.7910428047180176,""max_zoom"":64.0}",2.2592537
8745662097500,gimbal,2786,"{""imu_roll"":0.0,""imu_pitch"":30.14586067199707,""imu_yaw"":5.726490020751953,""frame_roll"":0.0,""frame_pitch"":30.14586067199707,""frame_yaw"":5.726490020751953,""pitch_speed"":0.0,""yaw_speed"":0.0}",2.2596713
8745668197100,target_offset,592,"{""x_angle_offset"":-0.46875,""y_angle_offset"":-0.978591791788737}",2.2657709
8745689202600,target_offset,593,"{""x_angle_offset"":-0.46875,""y_angle_offset"":-0.8698593704788773}",2.2867764
8745697041400,fov,2787,"{""zoom"":1.0,""hfov"":90.0,""vfov"":58.71550750732422,""state"":0,""max_aov_h"":90.0,""max_aov_v"":58.71550750732422,""min_aov_h"":1.40625,""min_aov_v"":0.7910428047180176,""max_zoom"":64.0}",2.2946152
8745697987400,gimbal,2787,"{""imu_roll"":0.0,""imu_pitch"":29.84469985961914,""imu_yaw"":5.581715106964111,""frame_roll"":0.0,""frame_pitch"":29.84469985961914,""frame_yaw"":5.581715106964111,""pitch_speed"":0.0,""yaw_speed"":0.0}",2.2955612
8745713551700,fov,2788,"{""zoom"":1.0,""hfov"":90.0,""vfov"":58.71550750732422,""state"":0,""max_aov_h"":90.0,""max_aov_v"":58.71550750732422,""min_aov_h"":1.40625,""min_aov_v"":0.7910428047180176,""max_zoom"":64.0}",2.3111255
8745714571200,gimbal,2788,"{""imu_roll"":0.0,""imu_pitch"":29.70547866821289,""imu_yaw"":5.502047061920166,""frame_roll"":0.0,""frame_pitch"":29.70547866821289,""frame_yaw"":5.502047061920166,""pitch_speed"":0.0,""yaw_speed"":0.0}",2.312145
8745721355800,target_offset,594,"{""x_angle_offset"":-0.46875,""y_angle_offset"":-0.8698593704788773}",2.3189296
8745726422400,attitude,1283,"{""message_type"":""ATTITUDE"",""time_boot_ms"":126470,""roll"":-0.05950542539358139,""pitch"":-0.13862255215644836,""yaw"":2.9672980308532715,""rollspeed"":-0.05096826329827309,""pitchspeed"":-0.2560940086841583,""yawspeed"":-0.019277220591902733}",2.3239962
8745744508700,fov,2789,"{""zoom"":1.0,""hfov"":90.0,""vfov"":58.71550750732422,""state"":0,""max_aov_h"":90.0,""max_aov_v"":58.71550750732422,""min_aov_h"":1.40625,""min_aov_v"":0.7910428047180176,""max_zoom"":64.0}",2.3420825
8745744931600,gimbal,2789,"{""imu_roll"":0.0,""imu_pitch"":29.46025276184082,""imu_yaw"":5.3705925941467285,""frame_roll"":0.0,""frame_pitch"":29.46025276184082,""frame_yaw"":5.3705925941467285,""pitch_speed"":0.0,""yaw_speed"":0.0}",2.3425054
8745746714300,target_offset,595,"{""x_angle_offset"":-0.46875,""y_angle_offset"":-0.8698593704788773}",2.3442881
8745766535100,attitude,1284,"{""message_type"":""ATTITUDE"",""time_boot_ms"":126510,""roll"":-0.06049765646457672,""pitch"":-0.14788979291915894,""yaw"":2.9671826362609863,""rollspeed"":-0.013179549016058445,""pitchspeed"":-0.2564125657081604,""yawspeed"":-0.019759448245167732}",2.3641089
8745766800100,vfr,642,"{""message_type"":""VFR_HUD"",""airspeed"":27.99710464477539,""alt"":210.30999755859375}",2.3643739
8745768095000,position,642,"{""message_type"":""GLOBAL_POSITION_INT"",""lat"":469507904,""lon"":393496016}",2.3656688
8745775373600,fov,2790,"{""zoom"":1.0,""hfov"":90.0,""vfov"":58.71550750732422,""state"":0,""max_aov_h"":90.0,""max_aov_v"":58.71550750732422,""min_aov_h"":1.40625,""min_aov_v"":0.7910428047180176,""max_zoom"":64.0}",2.3729474
8745776550100,gimbal,2790,"{""imu_roll"":0.0,""imu_pitch"":29.186100006103516,""imu_yaw"":5.222918510437012,""frame_roll"":0.0,""frame_pitch"":29.186100006103516,""frame_yaw"":5.222918510437012,""pitch_speed"":0.0,""yaw_speed"":0.0}",2.3741239
8745777213600,target_offset,596,"{""x_angle_offset"":-0.375,""y_angle_offset"":-0.8698593704788773}",2.3747874
8745791121300,range,1192,"{""message_type"":""GLOBAL_VISION_POSITION_ESTIMATE"",""x"":46.948768615722656,""y"":39.349708557128906}",2.3886951
8745801782700,fov,2791,"{""zoom"":1.0,""hfov"":90.0,""vfov"":58.71550750732422,""state"":0,""max_aov_h"":90.0,""max_aov_v"":58.71550750732422,""min_aov_h"":1.40625,""min_aov_v"":0.7910428047180176,""max_zoom"":64.0}",2.3993565
8745802057200,gimbal,2791,"{""imu_roll"":0.0,""imu_pitch"":29.02153968811035,""imu_yaw"":5.1583967208862305,""frame_roll"":0.0,""frame_pitch"":29.02153968811035,""frame_yaw"":5.1583967208862305,""pitch_speed"":0.0,""yaw_speed"":0.0}",2.399631
8745806590400,target_offset,597,"{""x_angle_offset"":-0.375,""y_angle_offset"":-0.8698593704788773}",2.4041642
8745815594300,range,1193,"{""message_type"":""GLOBAL_VISION_POSITION_ESTIMATE"",""x"":46.948768615722656,""y"":39.349708557128906}",2.4131681
8745827593200,fov,2792,"{""zoom"":1.0,""hfov"":90.0,""vfov"":58.71550750732422,""state"":0,""max_aov_h"":90.0,""max_aov_v"":58.71550750732422,""min_aov_h"":1.40625,""min_aov_v"":0.7910428047180176,""max_zoom"":64.0}",2.425167
8745827907100,gimbal,2792,"{""imu_roll"":0.0,""imu_pitch"":28.79037857055664,""imu_yaw"":5.0552263259887695,""frame_roll"":0.0,""frame_pitch"":28.79037857055664,""frame_yaw"":5.0552263259887695,""pitch_speed"":0.0,""yaw_speed"":0.0}",2.4254809
8745834224700,target_offset,598,"{""x_angle_offset"":-0.28125,""y_angle_offset"":-0.8698593704788773}",2.4317985
8745840203800,attitude,1285,"{""message_type"":""ATTITUDE"",""time_boot_ms"":126570,""roll"":-0.05822661519050598,""pitch"":-0.161495178937912,""yaw"":2.966813087463379,""rollspeed"":0.04245039448142052,""pitchspeed"":-0.25436630845069885,""yawspeed"":-0.02029733918607235}",2.4377776
8745858459700,fov,2793,"{""zoom"":1.0,""hfov"":90.0,""vfov"":58.71550750732422,""state"":0,""max_aov_h"":90.0,""max_aov_v"":58.71550750732422,""min_aov_h"":1.40625,""min_aov_v"":0.7910428047180176,""max_zoom"":64.0}",2.4560335
8745858877300,gimbal,2793,"{""imu_roll"":0.0,""imu_pitch"":28.51089096069336,""imu_yaw"":4.964550495147705,""frame_roll"":0.0,""frame_pitch"":28.51089096069336,""frame_yaw"":4.964550495147705,""pitch_speed"":0.0,""yaw_speed"":0.0}",2.4564511
8745861846900,target_offset,599,"{""x_angle_offset"":-0.28125,""y_angle_offset"":-0.8698593704788773}",2.4594207
8745883744700,fov,2794,"{""zoom"":1.0,""hfov"":90.0,""vfov"":58.71550750732422,""state"":0,""max_aov_h"":90.0,""max_aov_v"":58.71550750732422,""min_aov_h"":1.40625,""min_aov_v"":0.7910428047180176,""max_zoom"":64.0}",2.4813185
8745884328900,gimbal,2794,"{""imu_roll"":0.0,""imu_pitch"":28.30282211303711,""imu_yaw"":4.898161888122559,""frame_roll"":0.0,""frame_pitch"":28.30282211303711,""frame_yaw"":4.898161888122559,""pitch_speed"":0.0,""yaw_speed"":0.0}",2.4819027
8745885735500,position,643,"{""message_type"":""GLOBAL_POSITION_INT"",""lat"":469507904,""lon"":393496016}",2.4833093
8745886175600,attitude,1286,"{""message_type"":""ATTITUDE"",""time_boot_ms"":126610,""roll"":-0.05497141182422638,""pitch"":-0.1704639196395874,""yaw"":2.966454267501831,""rollspeed"":0.07533424347639084,""pitchspeed"":-0.2522501051425934,""yawspeed"":-0.02042321115732193}",2.4837494
8745886397200,vfr,643,"{""message_type"":""VFR_HUD"",""airspeed"":28.100202560424805,""alt"":209.80999755859375}",2.483971
8745892822400,target_offset,600,"{""x_angle_offset"":-0.1875,""y_angle_offset"":-0.978591791788737}",2.4903962
8745912597500,fov,2795,"{""zoom"":1.0,""hfov"":90.0,""vfov"":58.71550750732422,""state"":0,""max_aov_h"":90.0,""max_aov_v"":58.71550750732422,""min_aov_h"":1.40625,""min_aov_v"":0.7910428047180176,""max_zoom"":64.0}",2.5101713
8745916696500,gimbal,2795,"{""imu_roll"":0.0,""imu_pitch"":27.995227813720703,""imu_yaw"":4.837310314178467,""frame_roll"":0.0,""frame_pitch"":27.995227813720703,""frame_yaw"":4.837310314178467,""pitch_speed"":0.0,""yaw_speed"":0.0}",2.5142703
8745918234800,target_offset,601,"{""x_angle_offset"":0.0,""y_angle_offset"":-0.978591791788737}",2.5158086
8745942357000,fov,2796,"{""zoom"":1.0,""hfov"":90.0,""vfov"":58.71550750732422,""state"":0,""max_aov_h"":90.0,""max_aov_v"":58.71550750732422,""min_aov_h"":1.40625,""min_aov_v"":0.7910428047180176,""max_zoom"":64.0}",2.5399308
8745943845300,gimbal,2796,"{""imu_roll"":0.0,""imu_pitch"":27.725048065185547,""imu_yaw"":4.8364033699035645,""frame_roll"":0.0,""frame_pitch"":27.725048065185547,""frame_yaw"":4.8364033699035645,""pitch_speed"":0.0,""yaw_speed"":0.0}",2.5414191
8745945414800,range,1194,"{""message_type"":""GLOBAL_VISION_POSITION_ESTIMATE"",""x"":46.948768615722656,""y"":39.34974670410156}",2.5429886
8745947631200,target_offset,602,"{""x_angle_offset"":0.09375,""y_angle_offset"":-0.978591791788737}",2.545205
8745957067300,range,1195,"{""message_type"":""GLOBAL_VISION_POSITION_ESTIMATE"",""x"":46.948768615722656,""y"":39.34974670410156}",2.5546411
8745957357100,attitude,1287,"{""message_type"":""ATTITUDE"",""time_boot_ms"":126670,""roll"":-0.047921933233737946,""pitch"":-0.18366789817810059,""yaw"":2.9657604694366455,""rollspeed"":0.1156303733587265,""pitchspeed"":-0.24656923115253448,""yawspeed"":-0.020392393693327904}",2.5549309
8745972025200,target_offset,603,"{""x_angle_offset"":0.09375,""y_angle_offset"":-0.978591791788737}",2.569599
8745984138800,fov,2797,"{""zoom"":1.0,""hfov"":90.0,""vfov"":58.71550750732422,""state"":0,""max_aov_h"":90.0,""max_aov_v"":58.71550750732422,""min_aov_h"":1.40625,""min_aov_v"":0.7910428047180176,""max_zoom"":64.0}",2.5817126
8745984509700,gimbal,2797,"{""imu_roll"":0.0,""imu_pitch"":27.39967155456543,""imu_yaw"":4.864656448364258,""frame_roll"":0.0,""frame_pitch"":27.39967155456543,""frame_yaw"":4.864656448364258,""pitch_speed"":0.0,""yaw_speed"":0.0}",2.5820835
8746016984500,target_offset,604,"{""x_angle_offset"":0.1875,""y_angle_offset"":-1.0873242130985967}",2.6145583
8746025441100,vfr,644,"{""message_type"":""VFR_HUD"",""airspeed"":28.202972412109375,""alt"":209.22999572753906}",2.6230149
8746025661200,position,644,"{""message_type"":""GLOBAL_POSITION_INT"",""lat"":469507904,""lon"":393496016}",2.623235
8746025925300,attitude,1288,"{""message_type"":""ATTITUDE"",""time_boot_ms"":126710,""roll"":-0.04212101548910141,""pitch"":-0.1923125684261322,""yaw"":2.9651455879211426,""rollspeed"":0.1342446655035019,""pitchspeed"":-0.2440807968378067,""yawspeed"":-0.020358476787805557}",2.6234991
8746026805900,fov,2798,"{""zoom"":1.0,""hfov"":90.0,""vfov"":58.71550750732422,""state"":0,""max_aov_h"":90.0,""max_aov_v"":58.71550750732422,""min_aov_h"":1.40625,""min_aov_v"":0.7910428047180176,""max_zoom"":64.0}",2.6243797
8746027216100,gimbal,2798,"{""imu_roll"":0.0,""imu_pitch"":27.1247615814209,""imu_yaw"":4.888527870178223,""frame_roll"":0.0,""frame_pitch"":27.1247615814209,""frame_yaw"":4.888527870178223,""pitch_speed"":0.0,""yaw_speed"":0.0}",2.6247899
8746047732800,fov,2799,"{""zoom"":1.0,""hfov"":90.0,""vfov"":58.71550750732422,""state"":0,""max_aov_h"":90.0,""max_aov_v"":58.71550750732422,""min_aov_h"":1.40625,""min_aov_v"":0.7910428047180176,""max_zoom"":64.0}",2.6453066
8746048238000,gimbal,2799,"{""imu_roll"":0.0,""imu_pitch"":26.882158279418945,""imu_yaw"":4.930718421936035,""frame_roll"":0.0,""frame_pitch"":26.882158279418945,""frame_yaw"":4.930718421936035,""pitch_speed"":0.0,""yaw_speed"":0.0}",2.6458118
8746050924600,target_offset,605,"{""x_angle_offset"":0.1875,""y_angle_offset"":-0.978591791788737}",2.6484984
8746071959300,fov,2800,"{""zoom"":1.0,""hfov"":90.0,""vfov"":58.71550750732422,""state"":0,""max_aov_h"":90.0,""max_aov_v"":58.71550750732422,""min_aov_h"":1.40625,""min_aov_v"":0.7910428047180176,""max_zoom"":64.0}",2.6695331
8746074117400,gimbal,2800,"{""imu_roll"":0.0,""imu_pitch"":26.604721069335938,""imu_yaw"":4.977108955383301,""frame_roll"":0.0,""frame_pitch"":26.604721069335938,""frame_yaw"":4.977108955383301,""pitch_speed"":0.0,""yaw_speed"":0.0}",2.6716912
8746079476100,target_offset,606,"{""x_angle_offset"":0.28125,""y_angle_offset"":-0.978591791788737}",2.6770499
8746093059800,attitude,1289,"{""message_type"":""ATTITUDE"",""time_boot_ms"":126770,""roll"":-0.033022116869688034,""pitch"":-0.20534737408161163,""yaw"":2.9641096591949463,""rollspeed"":0.1472979336977005,""pitchspeed"":-0.2429656833410263,""yawspeed"":-0.02066711336374283}",2.6906336
8746102353700,fov,2801,"{""zoom"":1.0,""hfov"":90.0,""vfov"":58.71550750732422,""state"":0,""max_aov_h"":90.0,""max_aov_v"":58.71550750732422,""min_aov_h"":1.40625,""min_aov_v"":0.7910428047180176,""max_zoom"":64.0}",2.6999275
8746102759900,gimbal,2801,"{""imu_roll"":0.0,""imu_pitch"":26.31329345703125,""imu_yaw"":5.058314323425293,""frame_roll"":0.0,""frame_pitch"":26.31329345703125,""frame_yaw"":5.058314323425293,""pitch_speed"":0.0,""yaw_speed"":0.0}",2.7003337
8746107627900,target_offset,607,"{""x_angle_offset"":0.375,""y_angle_offset"":-1.0873242130985967}",2.7052017
8746115971900,range,1196,"{""message_type"":""GLOBAL_VISION_POSITION_ESTIMATE"",""x"":46.94877243041992,""y"":39.34977340698242}",2.7135457
8746118750400,range,1197,"{""message_type"":""GLOBAL_VISION_POSITION_ESTIMATE"",""x"":46.94877243041992,""y"":39.34977340698242}",2.7163242
8746130763700,fov,2802,"{""zoom"":1.0,""hfov"":90.0,""vfov"":58.71550750732422,""state"":0,""max_aov_h"":90.0,""max_aov_v"":58.71550750732422,""min_aov_h"":1.40625,""min_aov_v"":0.7910428047180176,""max_zoom"":64.0}",2.7283375
8746132155800,gimbal,2802,"{""imu_roll"":0.0,""imu_pitch"":26.033485412597656,""imu_yaw"":5.153135299682617,""frame_roll"":0.0,""frame_pitch"":26.033485412597656,""frame_yaw"":5.153135299682617,""pitch_speed"":0.0,""yaw_speed"":0.0}",2.7297296
8746135203100,target_offset,608,"{""x_angle_offset"":0.375,""y_angle_offset"":-1.0873242130985967}",2.7327769
8746143279200,vfr,645,"{""message_type"":""VFR_HUD"",""airspeed"":28.33631706237793,""alt"":208.5699920654297}",2.740853
8746143453300,position,645,"{""message_type"":""GLOBAL_POSITION_INT"",""lat"":469507368,""lon"":393496163}",2.7410271
8746143643600,attitude,1290,"{""message_type"":""ATTITUDE"",""time_boot_ms"":126810,""roll"":-0.026989953592419624,""pitch"":-0.21408802270889282,""yaw"":2.963289499282837,""rollspeed"":0.14581076800823212,""pitchspeed"":-0.24340607225894928,""yawspeed"":-0.020881719887256622}",2.7412174
8746156387200,fov,2803,"{""zoom"":1.0,""hfov"":90.0,""vfov"":58.71550750732422,""state"":0,""max_aov_h"":90.0,""max_aov_v"":58.71550750732422,""min_aov_h"":1.40625,""min_aov_v"":0.7910428047180176,""max_zoom"":64.0}",2.753961
8746156767200,gimbal,2803,"{""imu_roll"":0.0,""imu_pitch"":25.72964859008789,""imu_yaw"":5.253626346588135,""frame_roll"":0.0,""frame_pitch"":25.72964859008789,""frame_yaw"":5.253626346588135,""pitch_speed"":0.0,""yaw_speed"":0.0}",2.754341
8746159867600,target_offset,609,"{""x_angle_offset"":0.375,""y_angle_offset"":-1.0873242130985967}",2.7574414
8746183876200,fov,2804,"{""zoom"":1.0,""hfov"":90.0,""vfov"":58.71550750732422,""state"":0,""max_aov_h"":90.0,""max_aov_v"":58.71550750732422,""min_aov_h"":1.40625,""min_aov_v"":0.7910428047180176,""max_zoom"":64.0}",2.78145
8746184269300,gimbal,2804,"{""imu_roll"":0.0,""imu_pitch"":25.451414108276367,""imu_yaw"":5.3477067947387695,""frame_roll"":0.0,""frame_pitch"":25.451414108276367,""frame_yaw"":5.3477067947387695,""pitch_speed"":0.0,""yaw_speed"":0.0}",2.7818431
8746208378700,fov,2805,"{""zoom"":1.0,""hfov"":90.0,""vfov"":58.71550750732422,""state"":0,""max_aov_h"":90.0,""max_aov_v"":58.71550750732422,""min_aov_h"":1.40625,""min_aov_v"":0.7910428047180176,""max_zoom"":64.0}",2.8059525
8746208883700,gimbal,2805,"{""imu_roll"":0.0,""imu_pitch"":25.22100830078125,""imu_yaw"":5.433027267456055,""frame_roll"":0.0,""frame_pitch"":25.22100830078125,""frame_yaw"":5.433027267456055,""pitch_speed"":0.0,""yaw_speed"":0.0}",2.8064575
8746216658700,attitude,1291,"{""message_type"":""ATTITUDE"",""time_boot_ms"":126870,""roll"":-0.018631013110280037,""pitch"":-0.2273787260055542,""yaw"":2.9619319438934326,""rollspeed"":0.12752386927604675,""pitchspeed"":-0.24808208644390106,""yawspeed"":-0.02147386409342289}",2.8142325
8746241543800,target_offset,610,"{""x_angle_offset"":0.28125,""y_angle_offset"":-2.1746484261971935}",2.8391176
8746247742400,gimbal,2806,"{""imu_roll"":0.0,""imu_pitch"":25.031112670898438,""imu_yaw"":5.51329231262207,""frame_roll"":0.0,""frame_pitch"":25.031112670898438,""frame_yaw"":5.51329231262207,""pitch_speed"":0.0,""yaw_speed"":0.0}",2.8453162
8746247952800,fov,2806,"{""zoom"":1.0,""hfov"":90.0,""vfov"":58.71550750732422,""state"":0,""max_aov_h"":90.0,""max_aov_v"":58.71550750732422,""min_aov_h"":1.40625,""min_aov_v"":0.7910428047180176,""max_zoom"":64.0}",2.8455266
8746257344600,position,646,"{""message_type"":""GLOBAL_POSITION_INT"",""lat"":469507368,""lon"":393496163}",2.8549184
8746257615800,attitude,1292,"{""message_type"":""ATTITUDE"",""time_boot_ms"":126910,""roll"":-0.013920694589614868,""pitch"":-0.23644211888313293,""yaw"":2.9609415531158447,""rollspeed"":0.10733259469270706,""pitchspeed"":-0.25248879194259644,""yawspeed"":-0.02158205769956112}",2.8551896
8746257736800,vfr,646,"{""message_type"":""VFR_HUD"",""airspeed"":28.490821838378906,""alt"":207.8300018310547}",2.8553106
8746271060600,fov,2807,"{""zoom"":1.0,""hfov"":90.0,""vfov"":58.71550750732422,""state"":0,""max_aov_h"":90.0,""max_aov_v"":58.71550750732422,""min_aov_h"":1.40625,""min_aov_v"":0.7910428047180176,""max_zoom"":64.0}",2.8686344
8746271539200,range,1198,"{""message_type"":""GLOBAL_VISION_POSITION_ESTIMATE"",""x"":46.948734283447266,""y"":39.349796295166016}",2.869113
8746271777200,gimbal,2807,"{""imu_roll"":0.0,""imu_pitch"":24.480876922607422,""imu_yaw"":5.56810188293457,""frame_roll"":0.0,""frame_pitch"":24.480876922607422,""frame_yaw"":5.56810188293457,""pitch_speed"":0.0,""yaw_speed"":0.0}",2.869351
8746274866400,target_offset,611,"{""x_angle_offset"":0.28125,""y_angle_offset"":-2.1746484261971935}",2.8724402
8746283457000,range,1199,"{""message_type"":""GLOBAL_VISION_POSITION_ESTIMATE"",""x"":46.948734283447266,""y"":39.349796295166016}",2.8810308
8746296152000,fov,2808,"{""zoom"":1.0,""hfov"":90.0,""vfov"":58.71550750732422,""state"":0,""max_aov_h"":90.0,""max_aov_v"":58.71550750732422,""min_aov_h"":1.40625,""min_aov_v"":0.7910428047180176,""max_zoom"":64.0}",2.8937258
8746296496200,gimbal,2808,"{""imu_roll"":0.0,""imu_pitch"":23.92499542236328,""imu_yaw"":5.638683319091797,""frame_roll"":0.0,""frame_pitch"":23.92499542236328,""frame_yaw"":5.638683319091797,""pitch_speed"":0.0,""yaw_speed"":0.0}",2.89407
8746302617200,target_offset,612,"{""x_angle_offset"":0.28125,""y_angle_offset"":-2.2833808475070527}",2.900191
8746317312000,fov,2809,"{""zoom"":1.0,""hfov"":90.0,""vfov"":58.71550750732422,""state"":0,""max_aov_h"":90.0,""max_aov_v"":58.71550750732422,""min_aov_h"":1.40625,""min_aov_v"":0.7910428047180176,""max_zoom"":64.0}",2.9148858
8746317661800,gimbal,2809,"{""imu_roll"":0.0,""imu_pitch"":23.39129638671875,""imu_yaw"":5.701683044433594,""frame_roll"":0.0,""frame_pitch"":23.39129638671875,""frame_yaw"":5.701683044433594,""pitch_speed"":0.0,""yaw_speed"":0.0}",2.9152356
8746328236700,target_offset,613,"{""x_angle_offset"":0.28125,""y_angle_offset"":-2.2833808475070527}",2.9258105
8746333650100,attitude,1293,"{""message_type"":""ATTITUDE"",""time_boot_ms"":126970,""roll"":-0.00896123331040144,""pitch"":-0.25103890895843506,""yaw"":2.9595162868499756,""rollspeed"":0.07326484471559525,""pitchspeed"":-0.2512718141078949,""yawspeed"":-0.02130855619907379}",2.9312239
8746343747900,fov,2810,"{""zoom"":1.0,""hfov"":90.0,""vfov"":58.71550750732422,""state"":0,""max_aov_h"":90.0,""max_aov_v"":58.71550750732422,""min_aov_h"":1.40625,""min_aov_v"":0.7910428047180176,""max_zoom"":64.0}",2.9413217
8746344206600,gimbal,2810,"{""imu_roll"":0.0,""imu_pitch"":22.83005142211914,""imu_yaw"":5.7688307762146,""frame_roll"":0.0,""frame_pitch"":22.83005142211914,""frame_yaw"":5.7688307762146,""pitch_speed"":0.0,""yaw_speed"":0.0}",2.9417804
8746349410700,target_offset,614,"{""x_angle_offset"":0.28125,""y_angle_offset"":-2.2833808475070527}",2.9469845
8746356554100,fov,2811,"{""zoom"":1.0,""hfov"":90.0,""vfov"":58.71550750732422,""state"":0,""max_aov_h"":90.0,""max_aov_v"":58.71550750732422,""min_aov_h"":1.40625,""min_aov_v"":0.7910428047180176,""max_zoom"":64.0}",2.9541279
8746356853900,gimbal,2811,"{""imu_roll"":0.0,""imu_pitch"":22.571134567260742,""imu_yaw"":5.804026126861572,""frame_roll"":0.0,""frame_pitch"":22.571134567260742,""frame_yaw"":5.804026126861572,""pitch_speed"":0.0,""yaw_speed"":0.0}",2.9544277
8746371728300,target_offset,615,"{""x_angle_offset"":0.28125,""y_angle_offset"":-1.8484511622676143}",2.9693021
8746377733100,attitude,1294,"{""message_type"":""ATTITUDE"",""time_boot_ms"":127010,""roll"":-0.00752010615542531,""pitch"":-0.26199081540107727,""yaw"":2.9587008953094482,""rollspeed"":0.04693546146154404,""pitchspeed"":-0.25043871998786926,""yawspeed"":-0.02081352286040783}",2.9753069
8746378582300,vfr,647,"{""message_type"":""VFR_HUD"",""airspeed"":28.689830780029297,""alt"":207.01998901367188}",2.9761561
8746378784900,position,647,"{""message_type"":""GLOBAL_POSITION_INT"",""lat"":469506818,""lon"":393496323}",2.9763587
8746379695600,fov,2812,"{""zoom"":1.0,""hfov"":90.0,""vfov"":58.71550750732422,""state"":0,""max_aov_h"":90.0,""max_aov_v"":58.71550750732422,""min_aov_h"":1.40625,""min_aov_v"":0.7910428047180176,""max_zoom"":64.0}",2.9772694
8746379940800,gimbal,2812,"{""imu_roll"":0.0,""imu_pitch"":22.088830947875977,""imu_yaw"":5.860772132873535,""frame_roll"":0.0,""frame_pitch"":22.088830947875977,""frame_yaw"":5.860772132873535,""pitch_speed"":0.0,""yaw_speed"":0.0}",2.9775146
8746394897600,target_offset,616,"{""x_angle_offset"":0.28125,""y_angle_offset"":-1.6309863196478949}",2.9924714
8746402505800,fov,2813,"{""zoom"":1.0,""hfov"":90.0,""vfov"":58.71550750732422,""state"":0,""max_aov_h"":90.0,""max_aov_v"":58.71550750732422,""min_aov_h"":1.40625,""min_aov_v"":0.7910428047180176,""max_zoom"":64.0}",3.0000796
8746402759700,gimbal,2813,"{""imu_roll"":0.0,""imu_pitch"":21.782695770263672,""imu_yaw"":5.906332015991211,""frame_roll"":0.0,""frame_pitch"":21.782695770263672,""frame_yaw"":5.906332015991211,""pitch_speed"":0.0,""yaw_speed"":0.0}",3.0003335
8746416259900,target_offset,617,"{""x_angle_offset"":0.28125,""y_angle_offset"":-1.304789055718316}",3.0138337
8746423139900,fov,2814,"{""zoom"":1.0,""hfov"":90.0,""vfov"":58.71550750732422,""state"":0,""max_aov_h"":90.0,""max_aov_v"":58.71550750732422,""min_aov_h"":1.40625,""min_aov_v"":0.7910428047180176,""max_zoom"":64.0}",3.0207137
8746423396000,gimbal,2814,"{""imu_roll"":0.0,""imu_pitch"":21.500896453857422,""imu_yaw"":5.953938961029053,""frame_roll"":0.0,""frame_pitch"":21.500896453857422,""frame_yaw"":5.953938961029053,""pitch_speed"":0.0,""yaw_speed"":0.0}",3.0209698
8746425390300,range,1200,"{""message_type"":""GLOBAL_VISION_POSITION_ESTIMATE"",""x"":46.94865798950195,""y"":39.34980773925781}",3.0229641
8746429493000,range,1201,"{""message_type"":""GLOBAL_VISION_POSITION_ESTIMATE"",""x"":46.94865798950195,""y"":39.34980773925781}",3.0270668
8746429886500,attitude,1295,"{""message_type"":""ATTITUDE"",""time_boot_ms"":127070,""roll"":-0.007346505299210548,""pitch"":-0.27815452218055725,""yaw"":2.9575843811035156,""rollspeed"":0.007885248400270939,""pitchspeed"":-0.2434840351343155,""yawspeed"":-0.01979043148458004}",3.0274603
8746438187700,target_offset,618,"{""x_angle_offset"":0.28125,""y_angle_offset"":-1.1960566344084562}",3.0357615
8746445387200,fov,2815,"{""zoom"":1.0,""hfov"":90.0,""vfov"":58.71550750732422,""state"":0,""max_aov_h"":90.0,""max_aov_v"":58.71550750732422,""min_aov_h"":1.40625,""min_aov_v"":0.7910428047180176,""max_zoom"":64.0}",3.042961
8746445599900,gimbal,2815,"{""imu_roll"":0.0,""imu_pitch"":21.277070999145508,""imu_yaw"":6.0011701583862305,""frame_roll"":0.0,""frame_pitch"":21.277070999145508,""frame_yaw"":6.0011701583862305,""pitch_speed"":0.0,""yaw_speed"":0.0}",3.0431737
8746461368600,target_offset,619,"{""x_angle_offset"":0.28125,""y_angle_offset"":-0.978591791788737}",3.0589424
8746466967600,position,648,"{""message_type"":""GLOBAL_POSITION_INT"",""lat"":469506818,""lon"":393496323}",3.0645414
8746467276300,attitude,1296,"{""message_type"":""ATTITUDE"",""time_boot_ms"":127110,""roll"":-0.008455952629446983,""pitch"":-0.28852513432502747,""yaw"":2.9569528102874756,""rollspeed"":-0.015124575234949589,""pitchspeed"":-0.23364770412445068,""yawspeed"":-0.019147271290421486}",3.0648501
8746467439900,vfr,648,"{""message_type"":""VFR_HUD"",""airspeed"":28.88865089416504,""alt"":206.12998962402344}",3.0650137
8746468669300,fov,2816,"{""zoom"":1.0,""hfov"":90.0,""vfov"":58.71550750732422,""state"":0,""max_aov_h"":90.0,""max_aov_v"":58.71550750732422,""min_aov_h"":1.40625,""min_aov_v"":0.7910428047180176,""max_zoom"":64.0}",3.0662431
8746468899200,gimbal,2816,"{""imu_roll"":0.0,""imu_pitch"":21.050737380981445,""imu_yaw"":6.051599502563477,""frame_roll"":0.0,""frame_pitch"":21.050737380981445,""frame_yaw"":6.051599502563477,""pitch_speed"":0.0,""yaw_speed"":0.0}",3.066473
8746483336100,target_offset,620,"{""x_angle_offset"":0.28125,""y_angle_offset"":-0.978591791788737}",3.0809099
8746492009100,fov,2817,"{""zoom"":1.0,""hfov"":90.0,""vfov"":58.71550750732422,""state"":0,""max_aov_h"":90.0,""max_aov_v"":58.71550750732422,""min_aov_h"":1.40625,""min_aov_v"":0.7910428047180176,""max_zoom"":64.0}",3.0895829
8746492305400,gimbal,2817,"{""imu_roll"":0.0,""imu_pitch"":20.883623123168945,""imu_yaw"":6.097309112548828,""frame_roll"":0.0,""frame_pitch"":20.883623123168945,""frame_yaw"":6.097309112548828,""pitch_speed"":0.0,""yaw_speed"":0.0}",3.0898792
8746505880600,target_offset,621,"{""x_angle_offset"":0.1875,""y_angle_offset"":-0.978591791788737}",3.1034544
8746512700400,fov,2818,"{""zoom"":1.0,""hfov"":90.0,""vfov"":58.71550750732422,""state"":0,""max_aov_h"":90.0,""max_aov_v"":58.71550750732422,""min_aov_h"":1.40625,""min_aov_v"":0.7910428047180176,""max_zoom"":64.0}",3.1102742
8746512952900,gimbal,2818,"{""imu_roll"":0.0,""imu_pitch"":20.70322608947754,""imu_yaw"":6.147928237915039,""frame_roll"":0.0,""frame_pitch"":20.70322608947754,""frame_yaw"":6.147928237915039,""pitch_speed"":0.0,""yaw_speed"":0.0}",3.1105267
8746519343900,attitude,1297,"{""message_type"":""ATTITUDE"",""time_boot_ms"":127170,""roll"":-0.011679989285767078,""pitch"":-0.30308327078819275,""yaw"":2.9561338424682617,""rollspeed"":-0.044309020042419434,""pitchspeed"":-0.21231494843959808,""yawspeed"":-0.018528640270233154}",3.1169177
8746528676800,target_offset,622,"{""x_angle_offset"":0.1875,""y_angle_offset"":-0.978591791788737}",3.1262506
8746535991900,fov,2819,"{""zoom"":1.0,""hfov"":90.0,""vfov"":58.71550750732422,""state"":0,""max_aov_h"":90.0,""max_aov_v"":58.71550750732422,""min_aov_h"":1.40625,""min_aov_v"":0.7910428047180176,""max_zoom"":64.0}",3.1335657
8746536256100,gimbal,2819,"{""imu_roll"":0.0,""imu_pitch"":20.51120948791504,""imu_yaw"":6.17991304397583,""frame_roll"":0.0,""frame_pitch"":20.51120948791504,""frame_yaw"":6.17991304397583,""pitch_speed"":0.0,""yaw_speed"":0.0}",3.1338299
8746550024600,target_offset,623,"{""x_angle_offset"":0.1875,""y_angle_offset"":-1.0873242130985967}",3.1475984
8746558011000,vfr,649,"{""message_type"":""VFR_HUD"",""airspeed"":29.11725616455078,""alt"":205.13999938964844}",3.1555848
8746558093000,position,649,"{""message_type"":""GLOBAL_POSITION_INT"",""lat"":469506282,""lon"":393496481}",3.1556668
8746558254400,attitude,1298,"{""message_type"":""ATTITUDE"",""time_boot_ms"":127210,""roll"":-0.01496892049908638,""pitch"":-0.30906590819358826,""yaw"":2.9558210372924805,""rollspeed"":-0.060568757355213165,""pitchspeed"":-0.19408462941646576,""yawspeed"":-0.018437135964632034}",3.1558282
8746559310800,fov,2820,"{""zoom"":1.0,""hfov"":90.0,""vfov"":58.71550750732422,""state"":0,""max_aov_h"":90.0,""max_aov_v"":58.71550750732422,""min_aov_h"":1.40625,""min_aov_v"":0.7910428047180176,""max_zoom"":64.0}",3.1568846
8746559625600,gimbal,2820,"{""imu_roll"":0.0,""imu_pitch"":20.34076690673828,""imu_yaw"":6.211421489715576,""frame_roll"":0.0,""frame_pitch"":20.34076690673828,""frame_yaw"":6.211421489715576,""pitch_speed"":0.0,""yaw_speed"":0.0}",3.1571994
8746575934000,target_offset,624,"{""x_angle_offset"":0.1875,""y_angle_offset"":-1.0873242130985967}",3.1735078
8746582648300,fov,2821,"{""zoom"":1.0,""hfov"":90.0,""vfov"":58.71550750732422,""state"":0,""max_aov_h"":90.0,""max_aov_v"":58.71550750732422,""min_aov_h"":1.40625,""min_aov_v"":0.7910428047180176,""max_zoom"":64.0}",3.1802221
8746582897500,gimbal,2821,"{""imu_roll"":0.0,""imu_pitch"":20.130199432373047,""imu_yaw"":6.243267059326172,""frame_roll"":0.0,""frame_pitch"":20.130199432373047,""frame_yaw"":6.243267059326172,""pitch_speed"":0.0,""yaw_speed"":0.0}",3.1804713
8746594409300,target_offset,625,"{""x_angle_offset"":0.09375,""y_angle_offset"":-1.0873242130985967}",3.1919831
8746601024000,range,1202,"{""message_type"":""GLOBAL_VISION_POSITION_ESTIMATE"",""x"":46.94861602783203,""y"":39.349796295166016}",3.1985978
8746602355800,fov,2822,"{""zoom"":1.0,""hfov"":90.0,""vfov"":58.71550750732422,""state"":0,""max_aov_h"":90.0,""max_aov_v"":58.71550750732422,""min_aov_h"":1.40625,""min_aov_v"":0.7910428047180176,""max_zoom"":64.0}",3.1999296
8746602564500,gimbal,2822,"{""imu_roll"":0.0,""imu_pitch"":19.94123077392578,""imu_yaw"":6.275565147399902,""frame_roll"":0.0,""frame_pitch"":19.94123077392578,""frame_yaw"":6.275565147399902,""pitch_speed"":0.0,""yaw_speed"":0.0}",3.2001383
8746613875600,range,1203,"{""message_type"":""GLOBAL_VISION_POSITION_ESTIMATE"",""x"":46.94861602783203,""y"":39.349796295166016}",3.2114494
8746614173500,attitude,1299,"{""message_type"":""ATTITUDE"",""time_boot_ms"":127270,""roll"":-0.02094460092484951,""pitch"":-0.3165889084339142,""yaw"":2.9554147720336914,""rollspeed"":-0.07946624606847763,""pitchspeed"":-0.16479885578155518,""yawspeed"":-0.0181683748960495}",3.2117473
8746620311100,target_offset,626,"{""x_angle_offset"":0.09375,""y_angle_offset"":-1.1960566344084562}",3.2178849
8746626603800,fov,2823,"{""zoom"":1.0,""hfov"":90.0,""vfov"":58.71550750732422,""state"":0,""max_aov_h"":90.0,""max_aov_v"":58.71550750732422,""min_aov_h"":1.40625,""min_aov_v"":0.7910428047180176,""max_zoom"":64.0}",3.2241776
8746626823400,gimbal,2823,"{""imu_roll"":0.0,""imu_pitch"":19.734050750732422,""imu_yaw"":6.2874932289123535,""frame_roll"":0.0,""frame_pitch"":19.734050750732422,""frame_yaw"":6.2874932289123535,""pitch_speed"":0.0,""yaw_speed"":0.0}",3.2243972
8746640303900,target_offset,627,"{""x_angle_offset"":0.0,""y_angle_offset"":-1.1960566344084562}",3.2378777
8746648623900,fov,2824,"{""zoom"":1.0,""hfov"":90.0,""vfov"":58.71550750732422,""state"":0,""max_aov_h"":90.0,""max_aov_v"":58.71550750732422,""min_aov_h"":1.40625,""min_aov_v"":0.7910428047180176,""max_zoom"":64.0}",3.2461977
8746648963300,gimbal,2824,"{""imu_roll"":0.0,""imu_pitch"":19.511512756347656,""imu_yaw"":6.301546573638916,""frame_roll"":0.0,""frame_pitch"":19.511512756347656,""frame_yaw"":6.301546573638916,""pitch_speed"":0.0,""yaw_speed"":0.0}",3.2465371
8746650023600,vfr,650,"{""message_type"":""VFR_HUD"",""airspeed"":29.365463256835938,""alt"":204.08999633789062}",3.2475974
8746650187900,position,650,"{""message_type"":""GLOBAL_POSITION_INT"",""lat"":469506282,""lon"":393496481}",3.2477617
8746650495300,attitude,1300,"{""message_type"":""ATTITUDE"",""time_boot_ms"":127310,""roll"":-0.02540455013513565,""pitch"":-0.3206268548965454,""yaw"":2.955211639404297,""rollspeed"":-0.08680479973554611,""pitchspeed"":-0.14517556130886078,""yawspeed"":-0.017743751406669617}",3.2480691
8746661842900,target_offset,628,"{""x_angle_offset"":0.0,""y_angle_offset"":-1.1960566344084562}",3.2594167
8746670292100,fov,2825,"{""zoom"":1.0,""hfov"":90.0,""vfov"":58.71550750732422,""state"":0,""max_aov_h"":90.0,""max_aov_v"":58.71550750732422,""min_aov_h"":1.40625,""min_aov_v"":0.7910428047180176,""max_zoom"":64.0}",3.2678659
8746670584500,gimbal,2825,"{""imu_roll"":0.0,""imu_pitch"":19.29786491394043,""imu_yaw"":6.297793388366699,""frame_roll"":0.0,""frame_pitch"":19.29786491394043,""frame_yaw"":6.297793388366699,""pitch_speed"":0.0,""yaw_speed"":0.0}",3.2681583
8746683741400,target_offset,629,"{""x_angle_offset"":-0.09375,""y_angle_offset"":-1.1960566344084562}",3.2813152
8746690393100,fov,2826,"{""zoom"":1.0,""hfov"":90.0,""vfov"":58.71550750732422,""state"":0,""max_aov_h"":90.0,""max_aov_v"":58.71550750732422,""min_aov_h"":1.40625,""min_aov_v"":0.7910428047180176,""max_zoom"":64.0}",3.2879669
8746691146500,gimbal,2826,"{""imu_roll"":0.0,""imu_pitch"":19.063720703125,""imu_yaw"":6.294588565826416,""frame_roll"":0.0,""frame_pitch"":19.063720703125,""frame_yaw"":6.294588565826416,""pitch_speed"":0.0,""yaw_speed"":0.0}",3.2887203
8746703609900,attitude,1301,"{""message_type"":""ATTITUDE"",""time_boot_ms"":127370,""roll"":-0.032359927892684937,""pitch"":-0.3251410722732544,""yaw"":2.9549689292907715,""rollspeed"":-0.08991050720214844,""pitchspeed"":-0.11427180469036102,""yawspeed"":-0.016509991139173508}",3.3011837
8746706077200,target_offset,630,"{""x_angle_offset"":-0.09375,""y_angle_offset"":-1.1960566344084562}",3.303651
8746713662800,fov,2827,"{""zoom"":1.0,""hfov"":90.0,""vfov"":58.71550750732422,""state"":0,""max_aov_h"":90.0,""max_aov_v"":58.71550750732422,""min_aov_h"":1.40625,""min_aov_v"":0.7910428047180176,""max_zoom"":64.0}",3.3112366
8746713898200,gimbal,2827,"{""imu_roll"":0.0,""imu_pitch"":18.844219207763672,""imu_yaw"":6.272576332092285,""frame_roll"":0.0,""frame_pitch"":18.844219207763672,""frame_yaw"":6.272576332092285,""pitch_speed"":0.0,""yaw_speed"":0.0}",3.311472
8746729170400,target_offset,631,"{""x_angle_offset"":-0.1875,""y_angle_offset"":-1.0873242130985967}",3.3267442
8746736154500,fov,2828,"{""zoom"":1.0,""hfov"":90.0,""vfov"":58.71550750732422,""state"":0,""max_aov_h"":90.0,""max_aov_v"":58.71550750732422,""min_aov_h"":1.40625,""min_aov_v"":0.7910428047180176,""max_zoom"":64.0}",3.3337283
8746736402600,gimbal,2828,"{""imu_roll"":0.0,""imu_pitch"":18.638460159301758,""imu_yaw"":6.256566524505615,""frame_roll"":0.0,""frame_pitch"":18.638460159301758,""frame_yaw"":6.256566524505615,""pitch_speed"":0.0,""yaw_speed"":0.0}",3.3339764
8746742096300,position,651,"{""message_type"":""GLOBAL_POSITION_INT"",""lat"":469505720,""lon"":393496638}",3.3396701
8746742556000,attitude,1302,"{""message_type"":""ATTITUDE"",""time_boot_ms"":127410,""roll"":-0.03594132885336876,""pitch"":-0.3281545341014862,""yaw"":2.9545798301696777,""rollspeed"":-0.08711526542901993,""pitchspeed"":-0.09504369646310806,""yawspeed"":-0.01538856327533722}",3.3401298
8746742741100,vfr,651,"{""message_type"":""VFR_HUD"",""airspeed"":29.626537322998047,""alt"":202.9499969482422}",3.3403149
8746750314800,range,1204,"{""message_type"":""GLOBAL_VISION_POSITION_ESTIMATE"",""x"":46.948551177978516,""y"":39.349788665771484}",3.3478886
8746750934600,target_offset,632,"{""x_angle_offset"":-0.1875,""y_angle_offset"":-1.0873242130985967}",3.3485084
8746758962900,fov,2829,"{""zoom"":1.0,""hfov"":90.0,""vfov"":58.71550750732422,""state"":0,""max_aov_h"":90.0,""max_aov_v"":58.71550750732422,""min_aov_h"":1.40625,""min_aov_v"":0.7910428047180176,""max_zoom"":64.0}",3.3565367
8746759208900,gimbal,2829,"{""imu_roll"":0.0,""imu_pitch"":18.446842193603516,""imu_yaw"":6.214949607849121,""frame_roll"":0.0,""frame_pitch"":18.446842193603516,""frame_yaw"":6.214949607849121,""pitch_speed"":0.0,""yaw_speed"":0.0}",3.3567827
8746761012800,range,1205,"{""message_type"":""GLOBAL_VISION_POSITION_ESTIMATE"",""x"":46.948551177978516,""y"":39.349788665771484}",3.3585866
8746773582800,target_offset,633,"{""x_angle_offset"":-0.1875,""y_angle_offset"":-0.8698593704788773}",3.3711566
8746781906000,fov,2830,"{""zoom"":1.0,""hfov"":90.0,""vfov"":58.71550750732422,""state"":0,""max_aov_h"":90.0,""max_aov_v"":58.71550750732422,""min_aov_h"":1.40625,""min_aov_v"":0.7910428047180176,""max_zoom"":64.0}",3.3794798
8746782120400,gimbal,2830,"{""imu_roll"":0.0,""imu_pitch"":18.239246368408203,""imu_yaw"":6.180717468261719,""frame_roll"":0.0,""frame_pitch"":18.239246368408203,""frame_yaw"":6.180717468261719,""pitch_speed"":0.0,""yaw_speed"":0.0}",3.3796942
8746795477600,target_offset,634,"{""x_angle_offset"":-0.1875,""y_angle_offset"":-0.7611269491690176}",3.3930514
8746802046400,attitude,1303,"{""message_type"":""ATTITUDE"",""time_boot_ms"":127470,""roll"":-0.039408352226018906,""pitch"":-0.3328248858451843,""yaw"":2.9536218643188477,""rollspeed"":-0.0777197927236557,""pitchspeed"":-0.06883341073989868,""yawspeed"":-0.013082355260848999}",3.3996202
8746804352600,fov,2831,"{""zoom"":1.0,""hfov"":90.0,""vfov"":58.71550750732422,""state"":0,""max_aov_h"":90.0,""max_aov_v"":58.71550750732422,""min_aov_h"":1.40625,""min_aov_v"":0.7910428047180176,""max_zoom"":64.0}",3.4019264
8746804566000,gimbal,2831,"{""imu_roll"":0.0,""imu_pitch"":18.085865020751953,""imu_yaw"":6.144743919372559,""frame_roll"":0.0,""frame_pitch"":18.085865020751953,""frame_yaw"":6.144743919372559,""pitch_speed"":0.0,""yaw_speed"":0.0}",3.4021398
8746816785800,target_offset,635,"{""x_angle_offset"":-0.28125,""y_angle_offset"":-0.7611269491690176}",3.4143596
8746824202900,fov,2832,"{""zoom"":1.0,""hfov"":90.0,""vfov"":58.71550750732422,""state"":0,""max_aov_h"":90.0,""max_aov_v"":58.71550750732422,""min_aov_h"":1.40625,""min_aov_v"":0.7910428047180176,""max_zoom"":64.0}",3.4217767
8746824428800,gimbal,2832,"{""imu_roll"":0.0,""imu_pitch"":17.949094772338867,""imu_yaw"":6.107499599456787,""frame_roll"":0.0,""frame_pitch"":17.949094772338867,""frame_yaw"":6.107499599456787,""pitch_speed"":0.0,""yaw_speed"":0.0}",3.4220026
8746837461100,attitude,1304,"{""message_type"":""ATTITUDE"",""time_boot_ms"":127510,""roll"":-0.04127190262079239,""pitch"":-0.3350873291492462,""yaw"":2.9530324935913086,""rollspeed"":-0.06711146980524063,""pitchspeed"":-0.05205250531435013,""yawspeed"":-0.011209727264940739}",3.4350349
8746838276100,vfr,652,"{""message_type"":""VFR_HUD"",""airspeed"":29.895586013793945,""alt"":201.739990234375}",3.4358499
8746838615500,position,652,"{""message_type"":""GLOBAL_POSITION_INT"",""lat"":469505720,""lon"":393496638}",3.4361893
8746839955900,target_offset,636,"{""x_angle_offset"":-0.28125,""y_angle_offset"":-0.43492968523943865}",3.4375297
8746847289500,fov,2833,"{""zoom"":1.0,""hfov"":90.0,""vfov"":58.71550750732422,""state"":0,""max_aov_h"":90.0,""max_aov_v"":58.71550750732422,""min_aov_h"":1.40625,""min_aov_v"":0.7910428047180176,""max_zoom"":64.0}",3.4448633
8746847497400,gimbal,2833,"{""imu_roll"":0.0,""imu_pitch"":17.802207946777344,""imu_yaw"":6.046680927276611,""frame_roll"":0.0,""frame_pitch"":17.802207946777344,""frame_yaw"":6.046680927276611,""pitch_speed"":0.0,""yaw_speed"":0.0}",3.4450712
8746861690200,target_offset,637,"{""x_angle_offset"":-0.28125,""y_angle_offset"":-0.43492968523943865}",3.459264
8746871298100,fov,2834,"{""zoom"":1.0,""hfov"":90.0,""vfov"":58.71550750732422,""state"":0,""max_aov_h"":90.0,""max_aov_v"":58.71550750732422,""min_aov_h"":1.40625,""min_aov_v"":0.7910428047180176,""max_zoom"":64.0}",3.4688719
8746871498600,gimbal,2834,"{""imu_roll"":0.0,""imu_pitch"":17.743579864501953,""imu_yaw"":6.001410961151123,""frame_roll"":0.0,""frame_pitch"":17.743579864501953,""frame_yaw"":6.001410961151123,""pitch_speed"":0.0,""yaw_speed"":0.0}",3.4690724
8746885450500,target_offset,638,"{""x_angle_offset"":-0.28125,""y_angle_offset"":-0.43492968523943865}",3.4830243
8746890741600,attitude,1305,"{""message_type"":""ATTITUDE"",""time_boot_ms"":127570,""roll"":-0.04319288209080696,""pitch"":-0.3372375965118408,""yaw"":2.9522359371185303,""rollspeed"":-0.04821408540010452,""pitchspeed"":-0.027281256392598152,""yawspeed"":-0.007875354029238224}",3.4883154
8746893118900,fov,2835,"{""zoom"":1.0,""hfov"":90.0,""vfov"":58.71550750732422,""state"":0,""max_aov_h"":90.0,""max_aov_v"":58.71550750732422,""min_aov_h"":1.40625,""min_aov_v"":0.7910428047180176,""max_zoom"":64.0}",3.4906927
8746893405700,gimbal,2835,"{""imu_roll"":0.0,""imu_pitch"":17.65459632873535,""imu_yaw"":5.944910526275635,""frame_roll"":0.0,""frame_pitch"":17.65459632873535,""frame_yaw"":5.944910526275635,""pitch_speed"":0.0,""yaw_speed"":0.0}",3.4909795
8746900081200,fov,2836,"{""zoom"":1.0,""hfov"":90.0,""vfov"":58.71550750732422,""state"":0,""max_aov_h"":90.0,""max_aov_v"":58.71550750732422,""min_aov_h"":1.40625,""min_aov_v"":0.7910428047180176,""max_zoom"":64.0}",3.497655
8746900323500,gimbal,2836,"{""imu_roll"":0.0,""imu_pitch"":17.612953186035156,""imu_yaw"":5.918228626251221,""frame_roll"":0.0,""frame_pitch"":17.612953186035156,""frame_yaw"":5.918228626251221,""pitch_speed"":0.0,""yaw_speed"":0.0}",3.4978973
8746907036800,range,1206,"{""message_type"":""GLOBAL_VISION_POSITION_ESTIMATE"",""x"":46.94854736328125,""y"":39.349815368652344}",3.5046106
8746917230600,target_offset,639,"{""x_angle_offset"":-0.28125,""y_angle_offset"":-0.326197263929579}",3.5148044
8746922625300,range,1207,"{""message_type"":""GLOBAL_VISION_POSITION_ESTIMATE"",""x"":46.94854736328125,""y"":39.349815368652344}",3.5201991
8746923635500,attitude,1306,"{""message_type"":""ATTITUDE"",""time_boot_ms"":127610,""roll"":-0.043771568685770035,""pitch"":-0.3378393352031708,""yaw"":2.9517595767974854,""rollspeed"":-0.03318173810839653,""pitchspeed"":-0.010596973821520805,""yawspeed"":-0.005368453450500965}",3.5212093
8746924359200,vfr,653,"{""message_type"":""VFR_HUD"",""airspeed"":30.1983585357666,""alt"":200.47000122070312}",3.521933
8746924664900,position,653,"{""message_type"":""GLOBAL_POSITION_INT"",""lat"":469505142,""lon"":393496810}",3.5222387
8746925143900,fov,2837,"{""zoom"":1.0,""hfov"":90.0,""vfov"":58.71550750732422,""state"":0,""max_aov_h"":90.0,""max_aov_v"":58.71550750732422,""min_aov_h"":1.40625,""min_aov_v"":0.7910428047180176,""max_zoom"":64.0}",3.5227177
8746925347100,gimbal,2837,"{""imu_roll"":0.0,""imu_pitch"":17.539731979370117,""imu_yaw"":5.872121810913086,""frame_roll"":0.0,""frame_pitch"":17.539731979370117,""frame_yaw"":5.872121810913086,""pitch_speed"":0.0,""yaw_speed"":0.0}",3.5229209
8746934652600,fov,2838,"{""zoom"":1.0,""hfov"":90.0,""vfov"":58.71550750732422,""state"":0,""max_aov_h"":90.0,""max_aov_v"":58.71550750732422,""min_aov_h"":1.40625,""min_aov_v"":0.7910428047180176,""max_zoom"":64.0}",3.5322264
8746934954200,gimbal,2838,"{""imu_roll"":0.0,""imu_pitch"":17.507749557495117,""imu_yaw"":5.8427653312683105,""frame_roll"":0.0,""frame_pitch"":17.507749557495117,""frame_yaw"":5.8427653312683105,""pitch_speed"":0.0,""yaw_speed"":0.0}",3.532528
8746949509500,target_offset,640,"{""x_angle_offset"":-0.28125,""y_angle_offset"":0.0}",3.5470833
8746957375600,fov,2839,"{""zoom"":1.0,""hfov"":90.0,""vfov"":58.71550750732422,""state"":0,""max_aov_h"":90.0,""max_aov_v"":58.71550750732422,""min_aov_h"":1.40625,""min_aov_v"":0.7910428047180176,""max_zoom"":64.0}",3.5549494
8746957896800,gimbal,2839,"{""imu_roll"":0.0,""imu_pitch"":17.456501007080078,""imu_yaw"":5.796059608459473,""frame_roll"":0.0,""frame_pitch"":17.456501007080078,""frame_yaw"":5.796059608459473,""pitch_speed"":0.0,""yaw_speed"":0.0}",3.5554706
8746968077200,fov,2840,"{""zoom"":1.0,""hfov"":90.0,""vfov"":58.71550750732422,""state"":0,""max_aov_h"":90.0,""max_aov_v"":58.71550750732422,""min_aov_h"":1.40625,""min_aov_v"":0.7910428047180176,""max_zoom"":64.0}",3.565651
8746968361600,gimbal,2840,"{""imu_roll"":0.0,""imu_pitch"":17.460561752319336,""imu_yaw"":5.767527103424072,""frame_roll"":0.0,""frame_pitch"":17.460561752319336,""frame_yaw"":5.767527103424072,""pitch_speed"":0.0,""yaw_speed"":0.0}",3.5659354
8746972582600,attitude,1307,"{""message_type"":""ATTITUDE"",""time_boot_ms"":127670,""roll"":-0.04402682185173035,""pitch"":-0.33748576045036316,""yaw"":2.9513092041015625,""rollspeed"":-0.010863789357244968,""pitchspeed"":0.013228660449385643,""yawspeed"":-0.001377469627186656}",3.5701564
8746999061100,target_offset,641,"{""x_angle_offset"":-0.1875,""y_angle_offset"":0.0}",3.5966349
8747010129800,fov,2841,"{""zoom"":1.0,""hfov"":90.0,""vfov"":58.71550750732422,""state"":0,""max_aov_h"":90.0,""max_aov_v"":58.71550750732422,""min_aov_h"":1.40625,""min_aov_v"":0.7910428047180176,""max_zoom"":64.0}",3.6077036
8747010710800,gimbal,2841,"{""imu_roll"":0.0,""imu_pitch"":17.46898078918457,""imu_yaw"":5.7082672119140625,""frame_roll"":0.0,""frame_pitch"":17.46898078918457,""frame_yaw"":5.7082672119140625,""pitch_speed"":0.0,""yaw_speed"":0.0}",3.6082846
8747014245200,fov,2842,"{""zoom"":1.0,""hfov"":90.0,""vfov"":58.71550750732422,""state"":0,""max_aov_h"":90.0,""max_aov_v"":58.71550750732422,""min_aov_h"":1.40625,""min_aov_v"":0.7910428047180176,""max_zoom"":64.0}",3.611819
8747014589200,gimbal,2842,"{""imu_roll"":0.0,""imu_pitch"":17.46537208557129,""imu_yaw"":5.684535980224609,""frame_roll"":0.0,""frame_pitch"":17.46537208557129,""frame_yaw"":5.684535980224609,""pitch_speed"":0.0,""yaw_speed"":0.0}",3.612163
8747017065200,position,654,"{""message_type"":""GLOBAL_POSITION_INT"",""lat"":469505142,""lon"":393496810}",3.614639
8747017455300,attitude,1308,"{""message_type"":""ATTITUDE"",""time_boot_ms"":127710,""roll"":-0.04350399598479271,""pitch"":-0.33652597665786743,""yaw"":2.951082229614258,""rollspeed"":0.0032043959945440292,""pitchspeed"":0.0271025151014328,""yawspeed"":0.0012918324209749699}",3.6150291
8747017627300,vfr,654,"{""message_type"":""VFR_HUD"",""airspeed"":30.494434356689453,""alt"":199.14999389648438}",3.6152011
8747024798800,fov,2843,"{""zoom"":1.0,""hfov"":90.0,""vfov"":58.71550750732422,""state"":0,""max_aov_h"":90.0,""max_aov_v"":58.71550750732422,""min_aov_h"":1.40625,""min_aov_v"":0.7910428047180176,""max_zoom"":64.0}",3.6223726
8747025241400,gimbal,2843,"{""imu_roll"":0.0,""imu_pitch"":17.46306800842285,""imu_yaw"":5.669029235839844,""frame_roll"":0.0,""frame_pitch"":17.46306800842285,""frame_yaw"":5.669029235839844,""pitch_speed"":0.0,""yaw_speed"":0.0}",3.6228152
8747042328700,target_offset,642,"{""x_angle_offset"":-0.1875,""y_angle_offset"":0.326197263929579}",3.6399025
8747050119700,fov,2844,"{""zoom"":1.0,""hfov"":90.0,""vfov"":58.71550750732422,""state"":0,""max_aov_h"":90.0,""max_aov_v"":58.71550750732422,""min_aov_h"":1.40625,""min_aov_v"":0.7910428047180176,""max_zoom"":64.0}",3.6476935
8747050324500,gimbal,2844,"{""imu_roll"":0.0,""imu_pitch"":17.459444046020508,""imu_yaw"":5.643969535827637,""frame_roll"":0.0,""frame_pitch"":17.459444046020508,""frame_yaw"":5.643969535827637,""pitch_speed"":0.0,""yaw_speed"":0.0}",3.6478983
8747066338700,attitude,1309,"{""message_type"":""ATTITUDE"",""time_boot_ms"":127770,""roll"":-0.04179622605443001,""pitch"":-0.33411335945129395,""yaw"":2.950897693634033,""rollspeed"":0.021812308579683304,""pitchspeed"":0.045647405087947845,""yawspeed"":0.005368548911064863}",3.6639125
8747075070100,target_offset,643,"{""x_angle_offset"":-0.1875,""y_angle_offset"":0.43492968523943865}",3.6726439
8747080188400,range,1208,"{""message_type"":""GLOBAL_VISION_POSITION_ESTIMATE"",""x"":46.948486328125,""y"":39.349853515625}",3.6777622
8747081954000,fov,2845,"{""zoom"":1.0,""hfov"":90.0,""vfov"":58.71550750732422,""state"":0,""max_aov_h"":90.0,""max_aov_v"":58.71550750732422,""min_aov_h"":1.40625,""min_aov_v"":0.7910428047180176,""max_zoom"":64.0}",3.6795278
8747082173600,gimbal,2845,"{""imu_roll"":0.0,""imu_pitch"":17.567955017089844,""imu_yaw"":5.584720611572266,""frame_roll"":0.0,""frame_pitch"":17.567955017089844,""frame_yaw"":5.584720611572266,""pitch_speed"":0.0,""yaw_speed"":0.0}",3.6797474
8747083500900,range,1209,"{""message_type"":""GLOBAL_VISION_POSITION_ESTIMATE"",""x"":46.948486328125,""y"":39.349853515625}",3.6810747
8747092629400,fov,2846,"{""zoom"":1.0,""hfov"":90.0,""vfov"":58.71550750732422,""state"":0,""max_aov_h"":90.0,""max_aov_v"":58.71550750732422,""min_aov_h"":1.40625,""min_aov_v"":0.7910428047180176,""max_zoom"":64.0}",3.6902032
8747093114200,gimbal,2846,"{""imu_roll"":0.0,""imu_pitch"":17.604965209960938,""imu_yaw"":5.568940162658691,""frame_roll"":0.0,""frame_pitch"":17.604965209960938,""frame_yaw"":5.568940162658691,""pitch_speed"":0.0,""yaw_speed"":0.0}",3.690688
8747099454400,position,655,"{""message_type"":""GLOBAL_POSITION_INT"",""lat"":469505142,""lon"":393496810}",3.6970282
8747099730100,attitude,1310,"{""message_type"":""ATTITUDE"",""time_boot_ms"":127810,""roll"":-0.04017521068453789,""pitch"":-0.3319298326969147,""yaw"":2.9508657455444336,""rollspeed"":0.031044431030750275,""pitchspeed"":0.056854695081710815,""yawspeed"":0.007938580587506294}",3.6973039
8747099867000,vfr,655,"{""message_type"":""VFR_HUD"",""airspeed"":30.81353759765625,""alt"":197.77999877929688}",3.6974408
8747106080600,fov,2847,"{""zoom"":1.0,""hfov"":90.0,""vfov"":58.71550750732422,""state"":0,""max_aov_h"":90.0,""max_aov_v"":58.71550750732422,""min_aov_h"":1.40625,""min_aov_v"":0.7910428047180176,""max_zoom"":64.0}",3.7036544
8747106326700,gimbal,2847,"{""imu_roll"":0.0,""imu_pitch"":17.643695831298828,""imu_yaw"":5.551240921020508,""frame_roll"":0.0,""frame_pitch"":17.643695831298828,""frame_yaw"":5.551240921020508,""pitch_speed"":0.0,""yaw_speed"":0.0}",3.7039005
8747122296600,target_offset,644,"{""x_angle_offset"":-0.09375,""y_angle_offset"":0.43492968523943865}",3.7198704
8747130650600,fov,2848,"{""zoom"":1.0,""hfov"":90.0,""vfov"":58.71550750732422,""state"":0,""max_aov_h"":90.0,""max_aov_v"":58.71550750732422,""min_aov_h"":1.40625,""min_aov_v"":0.7910428047180176,""max_zoom"":64.0}",3.7282244
8747130882900,gimbal,2848,"{""imu_roll"":0.0,""imu_pitch"":17.696083068847656,""imu_yaw"":5.524899005889893,""frame_roll"":0.0,""frame_pitch"":17.696083068847656,""frame_yaw"":5.524899005889893,""pitch_speed"":0.0,""yaw_speed"":0.0}",3.7284567
8747141632700,target_offset,645,"{""x_angle_offset"":-0.09375,""y_angle_offset"":0.7611269491690176}",3.7392065
8747147401700,attitude,1311,"{""message_type"":""ATTITUDE"",""time_boot_ms"":127870,""roll"":-0.03723029047250748,""pitch"":-0.327869176864624,""yaw"":2.9509499073028564,""rollspeed"":0.0385982021689415,""pitchspeed"":0.07223907113075256,""yawspeed"":0.011481303721666336}",3.7449755
8747149361900,fov,2849,"{""zoom"":1.0,""hfov"":90.0,""vfov"":58.71550750732422,""state"":0,""max_aov_h"":90.0,""max_aov_v"":58.71550750732422,""min_aov_h"":1.40625,""min_aov_v"":0.7910428047180176,""max_zoom"":64.0}",3.7469357
8747149566600,gimbal,2849,"{""imu_roll"":0.0,""imu_pitch"":17.77245330810547,""imu_yaw"":5.509083271026611,""frame_roll"":0.0,""frame_pitch"":17.77245330810547,""frame_yaw"":5.509083271026611,""pitch_speed"":0.0,""yaw_speed"":0.0}",3.7471404
8747160743500,fov,2850,"{""zoom"":1.0,""hfov"":90.0,""vfov"":58.71550750732422,""state"":0,""max_aov_h"":90.0,""max_aov_v"":58.71550750732422,""min_aov_h"":1.40625,""min_aov_v"":0.7910428047180176,""max_zoom"":64.0}",3.7583173
8747161354200,gimbal,2850,"{""imu_roll"":0.0,""imu_pitch"":17.858386993408203,""imu_yaw"":5.498810291290283,""frame_roll"":0.0,""frame_pitch"":17.858386993408203,""frame_yaw"":5.498810291290283,""pitch_speed"":0.0,""yaw_speed"":0.0}",3.758928
8747173268800,fov,2851,"{""zoom"":1.0,""hfov"":90.0,""vfov"":58.71550750732422,""state"":0,""max_aov_h"":90.0,""max_aov_v"":58.71550750732422,""min_aov_h"":1.40625,""min_aov_v"":0.7910428047180176,""max_zoom"":64.0}",3.7708426
8747173517000,gimbal,2851,"{""imu_roll"":0.0,""imu_pitch"":17.933107376098633,""imu_yaw"":5.487957954406738,""frame_roll"":0.0,""frame_pitch"":17.933107376098633,""frame_yaw"":5.487957954406738,""pitch_speed"":0.0,""yaw_speed"":0.0}",3.7710908
8747177324000,position,656,"{""message_type"":""GLOBAL_POSITION_INT"",""lat"":469504537,""lon"":393496983}",3.7748978
8747177583000,attitude,1312,"{""message_type"":""ATTITUDE"",""time_boot_ms"":127910,""roll"":-0.03512080758810043,""pitch"":-0.32473039627075195,""yaw"":2.951085090637207,""rollspeed"":0.04065742716193199,""pitchspeed"":0.07994920015335083,""yawspeed"":0.013527052477002144}",3.7751568
8747177743600,vfr,656,"{""message_type"":""VFR_HUD"",""airspeed"":31.119157791137695,""alt"":196.39999389648438}",3.7753174
8747189748300,target_offset,646,"{""x_angle_offset"":-0.09375,""y_angle_offset"":0.7611269491690176}",3.7873221
8747196187500,fov,2852,"{""zoom"":1.0,""hfov"":90.0,""vfov"":58.71550750732422,""state"":0,""max_aov_h"":90.0,""max_aov_v"":58.71550750732422,""min_aov_h"":1.40625,""min_aov_v"":0.7910428047180176,""max_zoom"":64.0}",3.7937613
8747196434200,gimbal,2852,"{""imu_roll"":0.0,""imu_pitch"":18.048625946044922,""imu_yaw"":5.468101978302002,""frame_roll"":0.0,""frame_pitch"":18.048625946044922,""frame_yaw"":5.468101978302002,""pitch_speed"":0.0,""yaw_speed"":0.0}",3.794008
8747207079700,fov,2853,"{""zoom"":1.0,""hfov"":90.0,""vfov"":58.71550750732422,""state"":0,""max_aov_h"":90.0,""max_aov_v"":58.71550750732422,""min_aov_h"":1.40625,""min_aov_v"":0.7910428047180176,""max_zoom"":64.0}",3.8046535
8747207463200,gimbal,2853,"{""imu_roll"":0.0,""imu_pitch"":18.120126724243164,""imu_yaw"":5.458448886871338,""frame_roll"":0.0,""frame_pitch"":18.120126724243164,""frame_yaw"":5.458448886871338,""pitch_speed"":0.0,""yaw_speed"":0.0}",3.805037
8747222814300,target_offset,647,"{""x_angle_offset"":0.0,""y_angle_offset"":1.0873242130985967}",3.8203881
8747230732000,fov,2854,"{""zoom"":1.0,""hfov"":90.0,""vfov"":58.71550750732422,""state"":0,""max_aov_h"":90.0,""max_aov_v"":58.71550750732422,""min_aov_h"":1.40625,""min_aov_v"":0.7910428047180176,""max_zoom"":64.0}",3.8283058
8747230953600,gimbal,2854,"{""imu_roll"":0.0,""imu_pitch"":18.241788864135742,""imu_yaw"":5.440906524658203,""frame_roll"":0.0,""frame_pitch"":18.241788864135742,""frame_yaw"":5.440906524658203,""pitch_speed"":0.0,""yaw_speed"":0.0}",3.8285274
8747232297000,range,1210,"{""message_type"":""GLOBAL_VISION_POSITION_ESTIMATE"",""x"":46.94846725463867,""y"":39.34988784790039}",3.8298708
8747239665400,attitude,1313,"{""message_type"":""ATTITUDE"",""time_boot_ms"":127970,""roll"":-0.0320553295314312,""pitch"":-0.319673627614975,""yaw"":2.951435089111328,""rollspeed"":0.038108766078948975,""pitchspeed"":0.08541960269212723,""yawspeed"":0.016094950959086418}",3.8372392
8747241917600,fov,2855,"{""zoom"":1.0,""hfov"":90.0,""vfov"":58.71550750732422,""state"":0,""max_aov_h"":90.0,""max_aov_v"":58.71550750732422,""min_aov_h"":1.40625,""min_aov_v"":0.7910428047180176,""max_zoom"":64.0}",3.8394914
8747242469700,gimbal,2855,"{""imu_roll"":0.0,""imu_pitch"":18.36468505859375,""imu_yaw"":5.441967964172363,""frame_roll"":0.0,""frame_pitch"":18.36468505859375,""frame_yaw"":5.441967964172363,""pitch_speed"":0.0,""yaw_speed"":0.0}",3.8400435
8747254922500,fov,2856,"{""zoom"":1.0,""hfov"":90.0,""vfov"":58.71550750732422,""state"":0,""max_aov_h"":90.0,""max_aov_v"":58.71550750732422,""min_aov_h"":1.40625,""min_aov_v"":0.7910428047180176,""max_zoom"":64.0}",3.8524963
8747255199900,gimbal,2856,"{""imu_roll"":0.0,""imu_pitch"":18.477109909057617,""imu_yaw"":5.440697193145752,""frame_roll"":0.0,""frame_pitch"":18.477109909057617,""frame_yaw"":5.440697193145752,""pitch_speed"":0.0,""yaw_speed"":0.0}",3.8527737
8747269612300,target_offset,648,"{""x_angle_offset"":0.0,""y_angle_offset"":1.0873242130985967}",3.8671861
8747276177900,fov,2857,"{""zoom"":1.0,""hfov"":90.0,""vfov"":58.71550750732422,""state"":0,""max_aov_h"":90.0,""max_aov_v"":58.71550750732422,""min_aov_h"":1.40625,""min_aov_v"":0.7910428047180176,""max_zoom"":64.0}",3.8737517
8747276664000,gimbal,2857,"{""imu_roll"":0.0,""imu_pitch"":18.70829963684082,""imu_yaw"":5.437813758850098,""frame_roll"":0.0,""frame_pitch"":18.70829963684082,""frame_yaw"":5.437813758850098,""pitch_speed"":0.0,""yaw_speed"":0.0}",3.8742378
8747288034100,fov,2858,"{""zoom"":1.0,""hfov"":90.0,""vfov"":58.71550750732422,""state"":0,""max_aov_h"":90.0,""max_aov_v"":58.71550750732422,""min_aov_h"":1.40625,""min_aov_v"":0.7910428047180176,""max_zoom"":64.0}",3.8856079
8747288574300,gimbal,2858,"{""imu_roll"":0.0,""imu_pitch"":18.809402465820312,""imu_yaw"":5.4354987144470215,""frame_roll"":0.0,""frame_pitch"":18.809402465820312,""frame_yaw"":5.4354987144470215,""pitch_speed"":0.0,""yaw_speed"":0.0}",3.8861481
8747291162100,attitude,1314,"{""message_type"":""ATTITUDE"",""time_boot_ms"":128010,""roll"":-0.030259963124990463,""pitch"":-0.3162248134613037,""yaw"":2.95174503326416,""rollspeed"":0.03233116865158081,""pitchspeed"":0.08603168278932571,""yawspeed"":0.01741582341492176}",3.8887359
8747291343800,vfr,657,"{""message_type"":""VFR_HUD"",""airspeed"":31.44269371032715,""alt"":195.0}",3.8889176
8747291454200,position,657,"{""message_type"":""GLOBAL_POSITION_INT"",""lat"":469504537,""lon"":393496983}",3.889028
8747304282200,target_offset,649,"{""x_angle_offset"":0.0,""y_angle_offset"":1.0873242130985967}",3.901856
8747311239500,fov,2859,"{""zoom"":1.0,""hfov"":90.0,""vfov"":58.71550750732422,""state"":0,""max_aov_h"":90.0,""max_aov_v"":58.71550750732422,""min_aov_h"":1.40625,""min_aov_v"":0.7910428047180176,""max_zoom"":64.0}",3.9088133
8747311457000,gimbal,2859,"{""imu_roll"":0.0,""imu_pitch"":18.974273681640625,""imu_yaw"":5.42909049987793,""frame_roll"":0.0,""frame_pitch"":18.974273681640625,""frame_yaw"":5.42909049987793,""pitch_speed"":0.0,""yaw_speed"":0.0}",3.9090308
8747321362400,fov,2860,"{""zoom"":1.0,""hfov"":90.0,""vfov"":58.71550750732422,""state"":0,""max_aov_h"":90.0,""max_aov_v"":58.71550750732422,""min_aov_h"":1.40625,""min_aov_v"":0.7910428047180176,""max_zoom"":64.0}",3.9189362
8747321707600,gimbal,2860,"{""imu_roll"":0.0,""imu_pitch"":19.075063705444336,""imu_yaw"":5.428886413574219,""frame_roll"":0.0,""frame_pitch"":19.075063705444336,""frame_yaw"":5.428886413574219,""pitch_speed"":0.0,""yaw_speed"":0.0}",3.9192814
8747334665100,fov,2861,"{""zoom"":1.0,""hfov"":90.0,""vfov"":58.71550750732422,""state"":0,""max_aov_h"":90.0,""max_aov_v"":58.71550750732422,""min_aov_h"":1.40625,""min_aov_v"":0.7910428047180176,""max_zoom"":64.0}",3.9322389
8747335434600,gimbal,2861,"{""imu_roll"":0.0,""imu_pitch"":19.185256958007812,""imu_yaw"":5.426110744476318,""frame_roll"":0.0,""frame_pitch"":19.185256958007812,""frame_yaw"":5.426110744476318,""pitch_speed"":0.0,""yaw_speed"":0.0}",3.9330084
8747338375700,attitude,1315,"{""message_type"":""ATTITUDE"",""time_boot_ms"":128070,""roll"":-0.028150318190455437,""pitch"":-0.3117019832134247,""yaw"":2.9523086547851562,""rollspeed"":0.019984416663646698,""pitchspeed"":0.08060399442911148,""yawspeed"":0.018666476011276245}",3.9359495
8747350223600,target_offset,650,"{""x_angle_offset"":0.0,""y_angle_offset"":1.0873242130985967}",3.9477974
8747358774600,fov,2862,"{""zoom"":1.0,""hfov"":90.0,""vfov"":58.71550750732422,""state"":0,""max_aov_h"":90.0,""max_aov_v"":58.71550750732422,""min_aov_h"":1.40625,""min_aov_v"":0.7910428047180176,""max_zoom"":64.0}",3.9563484
8747359143200,gimbal,2862,"{""imu_roll"":0.0,""imu_pitch"":19.424304962158203,""imu_yaw"":5.421470642089844,""frame_roll"":0.0,""frame_pitch"":19.424304962158203,""frame_yaw"":5.421470642089844,""pitch_speed"":0.0,""yaw_speed"":0.0}",3.956717
8747368383900,fov,2863,"{""zoom"":1.0,""hfov"":90.0,""vfov"":58.71550750732422,""state"":0,""max_aov_h"":90.0,""max_aov_v"":58.71550750732422,""min_aov_h"":1.40625,""min_aov_v"":0.7910428047180176,""max_zoom"":64.0}",3.9659577
8747368740700,gimbal,2863,"{""imu_roll"":0.0,""imu_pitch"":19.520448684692383,""imu_yaw"":5.41628360748291,""frame_roll"":0.0,""frame_pitch"":19.520448684692383,""frame_yaw"":5.41628360748291,""pitch_speed"":0.0,""yaw_speed"":0.0}",3.9663145
8747385520300,target_offset,651,"{""x_angle_offset"":0.0,""y_angle_offset"":1.0873242130985967}",3.9830941
8747391016400,range,1211,"{""message_type"":""GLOBAL_VISION_POSITION_ESTIMATE"",""x"":46.9484977722168,""y"":39.34988784790039}",3.9885902
8747391939800,attitude,1316,"{""message_type"":""ATTITUDE"",""time_boot_ms"":128110,""roll"":-0.027218440547585487,""pitch"":-0.30961111187934875,""yaw"":2.9527242183685303,""rollspeed"":0.009477059356868267,""pitchspeed"":0.07341407239437103,""yawspeed"":0.019094673916697502}",3.9895136
8747392088600,vfr,658,"{""message_type"":""VFR_HUD"",""airspeed"":31.749618530273438,""alt"":193.61000061035156}",3.9896624
8747392598200,position,658,"{""message_type"":""GLOBAL_POSITION_INT"",""lat"":469503884,""lon"":393497164}",3.990172
8747392691300,range,1212,"{""message_type"":""GLOBAL_VISION_POSITION_ESTIMATE"",""x"":46.9484977722168,""y"":39.34988784790039}",3.9902651
8747393565200,fov,2864,"{""zoom"":1.0,""hfov"":90.0,""vfov"":58.71550750732422,""state"":0,""max_aov_h"":90.0,""max_aov_v"":58.71550750732422,""min_aov_h"":1.40625,""min_aov_v"":0.7910428047180176,""max_zoom"":64.0}",3.991139
8747393816200,gimbal,2864,"{""imu_roll"":0.0,""imu_pitch"":19.689258575439453,""imu_yaw"":5.4071760177612305,""frame_roll"":0.0,""frame_pitch"":19.689258575439453,""frame_yaw"":5.4071760177612305,""pitch_speed"":0.0,""yaw_speed"":0.0}",3.99139
8747403193100,fov,2865,"{""zoom"":1.0,""hfov"":90.0,""vfov"":58.71550750732422,""state"":0,""max_aov_h"":90.0,""max_aov_v"":58.71550750732422,""min_aov_h"":1.40625,""min_aov_v"":0.7910428047180176,""max_zoom"":64.0}",4.0007669
8747403556600,gimbal,2865,"{""imu_roll"":0.0,""imu_pitch"":19.79176902770996,""imu_yaw"":5.406959056854248,""frame_roll"":0.0,""frame_pitch"":19.79176902770996,""frame_yaw"":5.406959056854248,""pitch_speed"":0.0,""yaw_speed"":0.0}",4.0011304
8747416188300,fov,2866,"{""zoom"":1.0,""hfov"":90.0,""vfov"":58.71550750732422,""state"":0,""max_aov_h"":90.0,""max_aov_v"":58.71550750732422,""min_aov_h"":1.40625,""min_aov_v"":0.7910428047180176,""max_zoom"":64.0}",4.0137621
8747416526600,gimbal,2866,"{""imu_roll"":0.0,""imu_pitch"":19.89494514465332,""imu_yaw"":5.40421724319458,""frame_roll"":0.0,""frame_pitch"":19.89494514465332,""frame_yaw"":5.40421724319458,""pitch_speed"":0.0,""yaw_speed"":0.0}",4.0141004
8747431667600,target_offset,652,"{""x_angle_offset"":0.0,""y_angle_offset"":0.978591791788737}",4.0292414
8747439616100,fov,2867,"{""zoom"":1.0,""hfov"":90.0,""vfov"":58.71550750732422,""state"":0,""max_aov_h"":90.0,""max_aov_v"":58.71550750732422,""min_aov_h"":1.40625,""min_aov_v"":0.7910428047180176,""max_zoom"":64.0}",4.0371899
8747439859500,gimbal,2867,"{""imu_roll"":0.0,""imu_pitch"":20.043350219726562,""imu_yaw"":5.39609956741333,""frame_roll"":0.0,""frame_pitch"":20.043350219726562,""frame_yaw"":5.39609956741333,""pitch_speed"":0.0,""yaw_speed"":0.0}",4.0374333
8747440620100,attitude,1317,"{""message_type"":""ATTITUDE"",""time_boot_ms"":128170,""roll"":-0.02666371501982212,""pitch"":-0.30721449851989746,""yaw"":2.9533917903900146,""rollspeed"":-0.00732178520411253,""pitchspeed"":0.05727238580584526,""yawspeed"":0.019151849672198296}",4.0381939
8747449780100,fov,2868,"{""zoom"":1.0,""hfov"":90.0,""vfov"":58.71550750732422,""state"":0,""max_aov_h"":90.0,""max_aov_v"":58.71550750732422,""min_aov_h"":1.40625,""min_aov_v"":0.7910428047180176,""max_zoom"":64.0}",4.0473539
8747450189200,gimbal,2868,"{""imu_roll"":0.0,""imu_pitch"":20.144502639770508,""imu_yaw"":5.394498825073242,""frame_roll"":0.0,""frame_pitch"":20.144502639770508,""frame_yaw"":5.394498825073242,""pitch_speed"":0.0,""yaw_speed"":0.0}",4.047763
8747467208200,target_offset,653,"{""x_angle_offset"":0.0,""y_angle_offset"":0.7611269491690176}",4.064782
8747473454600,fov,2869,"{""zoom"":1.0,""hfov"":90.0,""vfov"":58.71550750732422,""state"":0,""max_aov_h"":90.0,""max_aov_v"":58.71550750732422,""min_aov_h"":1.40625,""min_aov_v"":0.7910428047180176,""max_zoom"":64.0}",4.0710284
8747473656400,gimbal,2869,"{""imu_roll"":0.0,""imu_pitch"":20.30549430847168,""imu_yaw"":5.387541770935059,""frame_roll"":0.0,""frame_pitch"":20.30549430847168,""frame_yaw"":5.387541770935059,""pitch_speed"":0.0,""yaw_speed"":0.0}",4.0712302
8747482617600,vfr,659,"{""message_type"":""VFR_HUD"",""airspeed"":32.0446891784668,""alt"":192.20999145507812}",4.0801914
8747482823000,position,659,"{""message_type"":""GLOBAL_POSITION_INT"",""lat"":469503884,""lon"":393497164}",4.0803968
8747483091100,attitude,1318,"{""message_type"":""ATTITUDE"",""time_boot_ms"":128210,""roll"":-0.026841824874281883,""pitch"":-0.3062690198421478,""yaw"":2.953853130340576,""rollspeed"":-0.01792421191930771,""pitchspeed"":0.04318970441818237,""yawspeed"":0.018940474838018417}",4.0806649
8747485723600,fov,2870,"{""zoom"":1.0,""hfov"":90.0,""vfov"":58.71550750732422,""state"":0,""max_aov_h"":90.0,""max_aov_v"":58.71550750732422,""min_aov_h"":1.40625,""min_aov_v"":0.7910428047180176,""max_zoom"":64.0}",4.0832974
8747486083200,gimbal,2870,"{""imu_roll"":0.0,""imu_pitch"":20.374664306640625,""imu_yaw"":5.387044906616211,""frame_roll"":0.0,""frame_pitch"":20.374664306640625,""frame_yaw"":5.387044906616211,""pitch_speed"":0.0,""yaw_speed"":0.0}",4.083657
8747496835700,fov,2871,"{""zoom"":1.0,""hfov"":90.0,""vfov"":58.71550750732422,""state"":0,""max_aov_h"":90.0,""max_aov_v"":58.71550750732422,""min_aov_h"":1.40625,""min_aov_v"":0.7910428047180176,""max_zoom"":64.0}",4.0944095
8747497250400,gimbal,2871,"{""imu_roll"":0.0,""imu_pitch"":20.44137191772461,""imu_yaw"":5.386159896850586,""frame_roll"":0.0,""frame_pitch"":20.44137191772461,""frame_yaw"":5.386159896850586,""pitch_speed"":0.0,""yaw_speed"":0.0}",4.0948242
8747513362500,target_offset,654,"{""x_angle_offset"":-0.09375,""y_angle_offset"":0.7611269491690176}",4.1109363
8747521620800,fov,2872,"{""zoom"":1.0,""hfov"":90.0,""vfov"":58.71550750732422,""state"":0,""max_aov_h"":90.0,""max_aov_v"":58.71550750732422,""min_aov_h"":1.40625,""min_aov_v"":0.7910428047180176,""max_zoom"":64.0}",4.1191946
8747521921100,gimbal,2872,"{""imu_roll"":0.0,""imu_pitch"":20.539798736572266,""imu_yaw"":5.380743980407715,""frame_roll"":0.0,""frame_pitch"":20.539798736572266,""frame_yaw"":5.380743980407715,""pitch_speed"":0.0,""yaw_speed"":0.0}",4.1194949
8747527346100,range,1213,"{""message_type"":""GLOBAL_VISION_POSITION_ESTIMATE"",""x"":46.9484748840332,""y"":39.34989547729492}",4.1249199
8747532202700,fov,2873,"{""zoom"":1.0,""hfov"":90.0,""vfov"":58.71550750732422,""state"":0,""max_aov_h"":90.0,""max_aov_v"":58.71550750732422,""min_aov_h"":1.40625,""min_aov_v"":0.7910428047180176,""max_zoom"":64.0}",4.1297765
8747532551700,gimbal,2873,"{""imu_roll"":0.0,""imu_pitch"":20.622678756713867,""imu_yaw"":5.36688756942749,""frame_roll"":0.0,""frame_pitch"":20.622678756713867,""frame_yaw"":5.36688756942749,""pitch_speed"":0.0,""yaw_speed"":0.0}",4.1301255
8747547109200,target_offset,655,"{""x_angle_offset"":-0.09375,""y_angle_offset"":0.7611269491690176}",4.144683
8747552243700,range,1214,"{""message_type"":""GLOBAL_VISION_POSITION_ESTIMATE"",""x"":46.9484748840332,""y"":39.34989547729492}",4.1498175
8747552627000,attitude,1319,"{""message_type"":""ATTITUDE"",""time_boot_ms"":128270,""roll"":-0.027775727212429047,""pitch"":-0.3060663044452667,""yaw"":2.9545507431030273,""rollspeed"":-0.030282514169812202,""pitchspeed"":0.01795806549489498,""yawspeed"":0.018144942820072174}",4.1502008
8747554404900,fov,2874,"{""zoom"":1.0,""hfov"":90.0,""vfov"":58.71550750732422,""state"":0,""max_aov_h"":90.0,""max_aov_v"":58.71550750732422,""min_aov_h"":1.40625,""min_aov_v"":0.7910428047180176,""max_zoom"":64.0}",4.1519787
8747554695300,gimbal,2874,"{""imu_roll"":0.0,""imu_pitch"":20.744892120361328,""imu_yaw"":5.344433307647705,""frame_roll"":0.0,""frame_pitch"":20.744892120361328,""frame_yaw"":5.344433307647705,""pitch_speed"":0.0,""yaw_speed"":0.0}",4.1522691
8747566023500,fov,2875,"{""zoom"":1.0,""hfov"":90.0,""vfov"":58.71550750732422,""state"":0,""max_aov_h"":90.0,""max_aov_v"":58.71550750732422,""min_aov_h"":1.40625,""min_aov_v"":0.7910428047180176,""max_zoom"":64.0}",4.1635973
8747566261600,gimbal,2875,"{""imu_roll"":0.0,""imu_pitch"":20.82442855834961,""imu_yaw"":5.332779407501221,""frame_roll"":0.0,""frame_pitch"":20.82442855834961,""frame_yaw"":5.332779407501221,""pitch_speed"":0.0,""yaw_speed"":0.0}",4.1638354
8747581392100,target_offset,656,"{""x_angle_offset"":-0.09375,""y_angle_offset"":0.7611269491690176}",4.1789659
8747586583500,vfr,660,"{""message_type"":""VFR_HUD"",""airspeed"":32.33066940307617,""alt"":190.8300018310547}",4.1841573
8747586803500,position,660,"{""message_type"":""GLOBAL_POSITION_INT"",""lat"":469503247,""lon"":393497334}",4.1843773
8747587185400,attitude,1320,"{""message_type"":""ATTITUDE"",""time_boot_ms"":128310,""roll"":-0.028669729828834534,""pitch"":-0.30570685863494873,""yaw"":2.955000638961792,""rollspeed"":-0.03585239499807358,""pitchspeed"":0.00039100763387978077,""yawspeed"":0.017492588609457016}",4.1847592
8747588596000,fov,2876,"{""zoom"":1.0,""hfov"":90.0,""vfov"":58.71550750732422,""state"":0,""max_aov_h"":90.0,""max_aov_v"":58.71550750732422,""min_aov_h"":1.40625,""min_aov_v"":0.7910428047180176,""max_zoom"":64.0}",4.1861698
8747588997600,gimbal,2876,"{""imu_roll"":0.0,""imu_pitch"":20.940298080444336,""imu_yaw"":5.312641620635986,""frame_roll"":0.0,""frame_pitch"":20.940298080444336,""frame_yaw"":5.312641620635986,""pitch_speed"":0.0,""yaw_speed"":0.0}",4.1865714
8747598858500,fov,2877,"{""zoom"":1.0,""hfov"":90.0,""vfov"":58.71550750732422,""state"":0,""max_aov_h"":90.0,""max_aov_v"":58.71550750732422,""min_aov_h"":1.40625,""min_aov_v"":0.7910428047180176,""max_zoom"":64.0}",4.1964323
8747599389700,gimbal,2877,"{""imu_roll"":0.0,""imu_pitch"":21.01589012145996,""imu_yaw"":5.302772045135498,""frame_roll"":0.0,""frame_pitch"":21.01589012145996,""frame_yaw"":5.302772045135498,""pitch_speed"":0.0,""yaw_speed"":0.0}",4.1969635
8747612269300,fov,2878,"{""zoom"":1.0,""hfov"":90.0,""vfov"":58.71550750732422,""state"":0,""max_aov_h"":90.0,""max_aov_v"":58.71550750732422,""min_aov_h"":1.40625,""min_aov_v"":0.7910428047180176,""max_zoom"":64.0}",4.2098431
8747612622900,gimbal,2878,"{""imu_roll"":0.0,""imu_pitch"":21.087326049804688,""imu_yaw"":5.290844440460205,""frame_roll"":0.0,""frame_pitch"":21.087326049804688,""frame_yaw"":5.290844440460205,""pitch_speed"":0.0,""yaw_speed"":0.0}",4.2101967
8747630058900,target_offset,657,"{""x_angle_offset"":-0.1875,""y_angle_offset"":0.7611269491690176}",4.2276327
8747635368000,fov,2879,"{""zoom"":1.0,""hfov"":90.0,""vfov"":58.71550750732422,""state"":0,""max_aov_h"":90.0,""max_aov_v"":58.71550750732422,""min_aov_h"":1.40625,""min_aov_v"":0.7910428047180176,""max_zoom"":64.0}",4.2329418
8747635696900,gimbal,2879,"{""imu_roll"":0.0,""imu_pitch"":21.198986053466797,""imu_yaw"":5.268270015716553,""frame_roll"":0.0,""frame_pitch"":21.198986053466797,""frame_yaw"":5.268270015716553,""pitch_speed"":0.0,""yaw_speed"":0.0}",4.2332707
8747640682200,attitude,1321,"{""message_type"":""ATTITUDE"",""time_boot_ms"":128370,""roll"":-0.030233163386583328,""pitch"":-0.3065049946308136,""yaw"":2.9556474685668945,""rollspeed"":-0.03913930058479309,""pitchspeed"":-0.026744816452264786,""yawspeed"":0.01614985801279545}",4.238256
8747647072000,fov,2880,"{""zoom"":1.0,""hfov"":90.0,""vfov"":58.71550750732422,""state"":0,""max_aov_h"":90.0,""max_aov_v"":58.71550750732422,""min_aov_h"":1.40625,""min_aov_v"":0.7910428047180176,""max_zoom"":64.0}",4.2446458
8747647461400,gimbal,2880,"{""imu_roll"":0.0,""imu_pitch"":21.277952194213867,""imu_yaw"":5.247279167175293,""frame_roll"":0.0,""frame_pitch"":21.277952194213867,""frame_yaw"":5.247279167175293,""pitch_speed"":0.0,""yaw_speed"":0.0}",4.2450352
8747660793400,fov,2881,"{""zoom"":1.0,""hfov"":90.0,""vfov"":58.71550750732422,""state"":0,""max_aov_h"":90.0,""max_aov_v"":58.71550750732422,""min_aov_h"":1.40625,""min_aov_v"":0.7910428047180176,""max_zoom"":64.0}",4.2583672
8747661134400,gimbal,2881,"{""imu_roll"":0.0,""imu_pitch"":21.356220245361328,""imu_yaw"":5.224545478820801,""frame_roll"":0.0,""frame_pitch"":21.356220245361328,""frame_yaw"":5.224545478820801,""pitch_speed"":0.0,""yaw_speed"":0.0}",4.2587082
8747676125400,target_offset,658,"{""x_angle_offset"":-0.1875,""y_angle_offset"":0.652394527859158}",4.2736992
8747683482200,fov,2882,"{""zoom"":1.0,""hfov"":90.0,""vfov"":58.71550750732422,""state"":0,""max_aov_h"":90.0,""max_aov_v"":58.71550750732422,""min_aov_h"":1.40625,""min_aov_v"":0.7910428047180176,""max_zoom"":64.0}",4.281056
8747683810000,gimbal,2882,"{""imu_roll"":0.0,""imu_pitch"":21.49675178527832,""imu_yaw"":5.182103157043457,""frame_roll"":0.0,""frame_pitch"":21.49675178527832,""frame_yaw"":5.182103157043457,""pitch_speed"":0.0,""yaw_speed"":0.0}",4.2813838
8747689745800,vfr,661,"{""message_type"":""VFR_HUD"",""airspeed"":32.60980224609375,""alt"":189.4499969482422}",4.2873196
8747689901400,position,661,"{""message_type"":""GLOBAL_POSITION_INT"",""lat"":469503247,""lon"":393497334}",4.2874752
8747690094100,attitude,1322,"{""message_type"":""ATTITUDE"",""time_boot_ms"":128410,""roll"":-0.03126993030309677,""pitch"":-0.3079504668712616,""yaw"":2.956050157546997,""rollspeed"":-0.03838976100087166,""pitchspeed"":-0.044762179255485535,""yawspeed"":0.0151410773396492}",4.2876679
8747694600600,fov,2883,"{""zoom"":1.0,""hfov"":90.0,""vfov"":58.71550750732422,""state"":0,""max_aov_h"":90.0,""max_aov_v"":58.71550750732422,""min_aov_h"":1.40625,""min_aov_v"":0.7910428047180176,""max_zoom"":64.0}",4.2921744
8747695543200,gimbal,2883,"{""imu_roll"":0.0,""imu_pitch"":21.557409286499023,""imu_yaw"":5.162800312042236,""frame_roll"":0.0,""frame_pitch"":21.557409286499023,""frame_yaw"":5.162800312042236,""pitch_speed"":0.0,""yaw_speed"":0.0}",4.293117
8747698167000,range,1215,"{""message_type"":""GLOBAL_VISION_POSITION_ESTIMATE"",""x"":46.949119567871094,""y"":39.34984588623047}",4.2957408
8747705675200,range,1216,"{""message_type"":""GLOBAL_VISION_POSITION_ESTIMATE"",""x"":46.949119567871094,""y"":39.34984588623047}",4.303249
8747710700700,target_offset,659,"{""x_angle_offset"":-0.1875,""y_angle_offset"":0.5436621065492984}",4.3082745
8747717448900,fov,2884,"{""zoom"":1.0,""hfov"":90.0,""vfov"":58.71550750732422,""state"":0,""max_aov_h"":90.0,""max_aov_v"":58.71550750732422,""min_aov_h"":1.40625,""min_aov_v"":0.7910428047180176,""max_zoom"":64.0}",4.3150227
8747717864600,gimbal,2884,"{""imu_roll"":0.0,""imu_pitch"":21.652952194213867,""imu_yaw"":5.129491806030273,""frame_roll"":0.0,""frame_pitch"":21.652952194213867,""frame_yaw"":5.129491806030273,""pitch_speed"":0.0,""yaw_speed"":0.0}",4.3154384
8747728700100,fov,2885,"{""zoom"":1.0,""hfov"":90.0,""vfov"":58.71550750732422,""state"":0,""max_aov_h"":90.0,""max_aov_v"":58.71550750732422,""min_aov_h"":1.40625,""min_aov_v"":0.7910428047180176,""max_zoom"":64.0}",4.3262739
8747729073600,gimbal,2885,"{""imu_roll"":0.0,""imu_pitch"":21.705595016479492,""imu_yaw"":5.109434127807617,""frame_roll"":0.0,""frame_pitch"":21.705595016479492,""frame_yaw"":5.109434127807617,""pitch_speed"":0.0,""yaw_speed"":0.0}",4.3266474
8747737097900,attitude,1323,"{""message_type"":""ATTITUDE"",""time_boot_ms"":128470,""roll"":-0.03257324919104576,""pitch"":-0.3114175498485565,""yaw"":2.9566054344177246,""rollspeed"":-0.03232929855585098,""pitchspeed"":-0.07034628093242645,""yawspeed"":0.013438384979963303}",4.3346717
8747746326700,target_offset,660,"{""x_angle_offset"":-0.28125,""y_angle_offset"":0.43492968523943865}",4.3439005
8747753899400,fov,2886,"{""zoom"":1.0,""hfov"":90.0,""vfov"":58.71550750732422,""state"":0,""max_aov_h"":90.0,""max_aov_v"":58.71550750732422,""min_aov_h"":1.40625,""min_aov_v"":0.7910428047180176,""max_zoom"":64.0}",4.3514732
8747754194200,gimbal,2886,"{""imu_roll"":0.0,""imu_pitch"":21.78934097290039,""imu_yaw"":5.074721813201904,""frame_roll"":0.0,""frame_pitch"":21.78934097290039,""frame_yaw"":5.074721813201904,""pitch_speed"":0.0,""yaw_speed"":0.0}",4.351768
8747764292600,fov,2887,"{""zoom"":1.0,""hfov"":90.0,""vfov"":58.71550750732422,""state"":0,""max_aov_h"":90.0,""max_aov_v"":58.71550750732422,""min_aov_h"":1.40625,""min_aov_v"":0.7910428047180176,""max_zoom"":64.0}",4.3618664
8747764912200,gimbal,2887,"{""imu_roll"":0.0,""imu_pitch"":21.830869674682617,""imu_yaw"":5.042359828948975,""frame_roll"":0.0,""frame_pitch"":21.830869674682617,""frame_yaw"":5.042359828948975,""pitch_speed"":0.0,""yaw_speed"":0.0}",4.362486
8747776921500,fov,2888,"{""zoom"":1.0,""hfov"":90.0,""vfov"":58.71550750732422,""state"":0,""max_aov_h"":90.0,""max_aov_v"":58.71550750732422,""min_aov_h"":1.40625,""min_aov_v"":0.7910428047180176,""max_zoom"":64.0}",4.3744953
8747777198700,gimbal,2888,"{""imu_roll"":0.0,""imu_pitch"":21.870756149291992,""imu_yaw"":5.010952949523926,""frame_roll"":0.0,""frame_pitch"":21.870756149291992,""frame_yaw"":5.010952949523926,""pitch_speed"":0.0,""yaw_speed"":0.0}",4.3747725
8747782622700,attitude,1324,"{""message_type"":""ATTITUDE"",""time_boot_ms"":128510,""roll"":-0.03317289054393768,""pitch"":-0.31448495388031006,""yaw"":2.9569344520568848,""rollspeed"":-0.0263734832406044,""pitchspeed"":-0.08552269637584686,""yawspeed"":0.01232270710170269}",4.3801965
8747783191900,vfr,662,"{""message_type"":""VFR_HUD"",""airspeed"":32.883460998535156,""alt"":188.0800018310547}",4.3807657
8747783491500,position,662,"{""message_type"":""GLOBAL_POSITION_INT"",""lat"":469502610,""lon"":393497501}",4.3810653
8747793102100,target_offset,661,"{""x_angle_offset"":-0.28125,""y_angle_offset"":0.10873242130985966}",4.3906759
8747800256500,fov,2889,"{""zoom"":1.0,""hfov"":90.0,""vfov"":58.71550750732422,""state"":0,""max_aov_h"":90.0,""max_aov_v"":58.71550750732422,""min_aov_h"":1.40625,""min_aov_v"":0.7910428047180176,""max_zoom"":64.0}",4.3978303
8747800513200,gimbal,2889,"{""imu_roll"":0.0,""imu_pitch"":21.926353454589844,""imu_yaw"":4.964061737060547,""frame_roll"":0.0,""frame_pitch"":21.926353454589844,""frame_yaw"":4.964061737060547,""pitch_speed"":0.0,""yaw_speed"":0.0}",4.398087
8747811760100,fov,2890,"{""zoom"":1.0,""hfov"":90.0,""vfov"":58.71550750732422,""state"":0,""max_aov_h"":90.0,""max_aov_v"":58.71550750732422,""min_aov_h"":1.40625,""min_aov_v"":0.7910428047180176,""max_zoom"":64.0}",4.4093339
8747812017900,gimbal,2890,"{""imu_roll"":0.0,""imu_pitch"":21.932239532470703,""imu_yaw"":4.933563232421875,""frame_roll"":0.0,""frame_pitch"":21.932239532470703,""frame_yaw"":4.933563232421875,""pitch_speed"":0.0,""yaw_speed"":0.0}",4.4095917
8747826886500,target_offset,662,"{""x_angle_offset"":-0.28125,""y_angle_offset"":0.0}",4.4244603
8747834089400,fov,2891,"{""zoom"":1.0,""hfov"":90.0,""vfov"":58.71550750732422,""state"":0,""max_aov_h"":90.0,""max_aov_v"":58.71550750732422,""min_aov_h"":1.40625,""min_aov_v"":0.7910428047180176,""max_zoom"":64.0}",4.4316632
8747834297900,gimbal,2891,"{""imu_roll"":0.0,""imu_pitch"":21.940832138061523,""imu_yaw"":4.886180877685547,""frame_roll"":0.0,""frame_pitch"":21.940832138061523,""frame_yaw"":4.886180877685547,""pitch_speed"":0.0,""yaw_speed"":0.0}",4.4318717
8747838301100,attitude,1325,"{""message_type"":""ATTITUDE"",""time_boot_ms"":128570,""roll"":-0.033513862639665604,""pitch"":-0.3200328052043915,""yaw"":2.957364320755005,""rollspeed"":-0.014291937462985516,""pitchspeed"":-0.10461033135652542,""yawspeed"":0.010504908859729767}",4.4358749
8747845767900,fov,2892,"{""zoom"":1.0,""hfov"":90.0,""vfov"":58.71550750732422,""state"":0,""max_aov_h"":90.0,""max_aov_v"":58.71550750732422,""min_aov_h"":1.40625,""min_aov_v"":0.7910428047180176,""max_zoom"":64.0}",4.4433417
8747846168300,gimbal,2892,"{""imu_roll"":0.0,""imu_pitch"":21.939321517944336,""imu_yaw"":4.855027198791504,""frame_roll"":0.0,""frame_pitch"":21.939321517944336,""frame_yaw"":4.855027198791504,""pitch_speed"":0.0,""yaw_speed"":0.0}",4.4437421
8747853382500,range,1217,"{""message_type"":""GLOBAL_VISION_POSITION_ESTIMATE"",""x"":46.94905471801758,""y"":39.34986877441406}",4.4509563
8747857106500,range,1218,"{""message_type"":""GLOBAL_VISION_POSITION_ESTIMATE"",""x"":46.94905471801758,""y"":39.34986877441406}",4.4546803
8747858303100,fov,2893,"{""zoom"":1.0,""hfov"":90.0,""vfov"":58.71550750732422,""state"":0,""max_aov_h"":90.0,""max_aov_v"":58.71550750732422,""min_aov_h"":1.40625,""min_aov_v"":0.7910428047180176,""max_zoom"":64.0}",4.4558769
8747858643400,gimbal,2893,"{""imu_roll"":0.0,""imu_pitch"":21.937883377075195,""imu_yaw"":4.823354721069336,""frame_roll"":0.0,""frame_pitch"":21.937883377075195,""frame_yaw"":4.823354721069336,""pitch_speed"":0.0,""yaw_speed"":0.0}",4.4562172
8747874993000,target_offset,663,"{""x_angle_offset"":-0.28125,""y_angle_offset"":-0.10873242130985966}",4.4725668
8747880829200,fov,2894,"{""zoom"":1.0,""hfov"":90.0,""vfov"":58.71550750732422,""state"":0,""max_aov_h"":90.0,""max_aov_v"":58.71550750732422,""min_aov_h"":1.40625,""min_aov_v"":0.7910428047180176,""max_zoom"":64.0}",4.478403
8747881205100,gimbal,2894,"{""imu_roll"":0.0,""imu_pitch"":21.9359130859375,""imu_yaw"":4.777755260467529,""frame_roll"":0.0,""frame_pitch"":21.9359130859375,""frame_yaw"":4.777755260467529,""pitch_speed"":0.0,""yaw_speed"":0.0}",4.4787789
8747891518800,position,663,"{""message_type"":""GLOBAL_POSITION_INT"",""lat"":469502610,""lon"":393497501}",4.4890926
8747891810800,attitude,1326,"{""message_type"":""ATTITUDE"",""time_boot_ms"":128610,""roll"":-0.03331080824136734,""pitch"":-0.3242599070072174,""yaw"":2.95758056640625,""rollspeed"":-0.006252487190067768,""pitchspeed"":-0.11390744894742966,""yawspeed"":0.009275510907173157}",4.4893846
8747891979700,vfr,663,"{""message_type"":""VFR_HUD"",""airspeed"":33.15279769897461,""alt"":186.72000122070312}",4.4895535
8747893756300,fov,2895,"{""zoom"":1.0,""hfov"":90.0,""vfov"":58.71550750732422,""state"":0,""max_aov_h"":90.0,""max_aov_v"":58.71550750732422,""min_aov_h"":1.40625,""min_aov_v"":0.7910428047180176,""max_zoom"":64.0}",4.4913301
8747894130500,gimbal,2895,"{""imu_roll"":0.0,""imu_pitch"":21.92081642150879,""imu_yaw"":4.745335102081299,""frame_roll"":0.0,""frame_pitch"":21.92081642150879,""frame_yaw"":4.745335102081299,""pitch_speed"":0.0,""yaw_speed"":0.0}",4.4917043
8747910448600,target_offset,664,"{""x_angle_offset"":-0.28125,""y_angle_offset"":-0.43492968523943865}",4.5080224
8747917186300,fov,2896,"{""zoom"":1.0,""hfov"":90.0,""vfov"":58.71550750732422,""state"":0,""max_aov_h"":90.0,""max_aov_v"":58.71550750732422,""min_aov_h"":1.40625,""min_aov_v"":0.7910428047180176,""max_zoom"":64.0}",4.5147601
8747917411400,gimbal,2896,"{""imu_roll"":0.0,""imu_pitch"":21.898983001708984,""imu_yaw"":4.696758270263672,""frame_roll"":0.0,""frame_pitch"":21.898983001708984,""frame_yaw"":4.696758270263672,""pitch_speed"":0.0,""yaw_speed"":0.0}",4.5149852
8747927761600,fov,2897,"{""zoom"":1.0,""hfov"":90.0,""vfov"":58.71550750732422,""state"":0,""max_aov_h"":90.0,""max_aov_v"":58.71550750732422,""min_aov_h"":1.40625,""min_aov_v"":0.7910428047180176,""max_zoom"":64.0}",4.5253354
8747928178600,gimbal,2897,"{""imu_roll"":0.0,""imu_pitch"":21.841516494750977,""imu_yaw"":4.665301322937012,""frame_roll"":0.0,""frame_pitch"":21.841516494750977,""frame_yaw"":4.665301322937012,""pitch_speed"":0.0,""yaw_speed"":0.0}",4.5257524
8747938338200,attitude,1327,"{""message_type"":""ATTITUDE"",""time_boot_ms"":128670,""roll"":-0.032323889434337616,""pitch"":-0.3313392996788025,""yaw"":2.957808256149292,""rollspeed"":0.006801360286772251,""pitchspeed"":-0.1292579621076584,""yawspeed"":0.007380254101008177}",4.535912
8747960846900,target_offset,665,"{""x_angle_offset"":-0.28125,""y_angle_offset"":-0.43492968523943865}",4.5584207
8747966682900,fov,2898,"{""zoom"":1.0,""hfov"":90.0,""vfov"":58.71550750732422,""state"":0,""max_aov_h"":90.0,""max_aov_v"":58.71550750732422,""min_aov_h"":1.40625,""min_aov_v"":0.7910428047180176,""max_zoom"":64.0}",4.5642567
8747966922300,gimbal,2898,"{""imu_roll"":0.0,""imu_pitch"":21.705795288085938,""imu_yaw"":4.587062358856201,""frame_roll"":0.0,""frame_pitch"":21.705795288085938,""frame_yaw"":4.587062358856201,""pitch_speed"":0.0,""yaw_speed"":0.0}",4.5644961
8747979393200,fov,2899,"{""zoom"":1.0,""hfov"":90.0,""vfov"":58.71550750732422,""state"":0,""max_aov_h"":90.0,""max_aov_v"":58.71550750732422,""min_aov_h"":1.40625,""min_aov_v"":0.7910428047180176,""max_zoom"":64.0}",4.576967
8747980048000,gimbal,2899,"{""imu_roll"":0.0,""imu_pitch"":21.663312911987305,""imu_yaw"":4.55712890625,""frame_roll"":0.0,""frame_pitch"":21.663312911987305,""frame_yaw"":4.55712890625,""pitch_speed"":0.0,""yaw_speed"":0.0}",4.5776218
8747995303700,fov,2900,"{""zoom"":1.0,""hfov"":90.0,""vfov"":58.71550750732422,""state"":0,""max_aov_h"":90.0,""max_aov_v"":58.71550750732422,""min_aov_h"":1.40625,""min_aov_v"":0.7910428047180176,""max_zoom"":64.0}",4.5928775
8747995814000,gimbal,2900,"{""imu_roll"":0.0,""imu_pitch"":21.6215877532959,""imu_yaw"":4.526167869567871,""frame_roll"":0.0,""frame_pitch"":21.6215877532959,""frame_yaw"":4.526167869567871,""pitch_speed"":0.0,""yaw_speed"":0.0}",4.5933878
8747996816000,position,664,"{""message_type"":""GLOBAL_POSITION_INT"",""lat"":469501980,""lon"":393497669}",4.5943898
8747997208600,attitude,1328,"{""message_type"":""ATTITUDE"",""time_boot_ms"":128710,""roll"":-0.031248560175299644,""pitch"":-0.33661597967147827,""yaw"":2.9578664302825928,""rollspeed"":0.014190011657774448,""pitchspeed"":-0.14054615795612335,""yawspeed"":0.005884244572371244}",4.5947824
8747997391200,vfr,664,"{""message_type"":""VFR_HUD"",""airspeed"":33.41843032836914,""alt"":185.3300018310547}",4.594965
8748009597400,range,1219,"{""message_type"":""GLOBAL_VISION_POSITION_ESTIMATE"",""x"":46.94898986816406,""y"":39.349891662597656}",4.6071712
8748011325200,range,1220,"{""message_type"":""GLOBAL_VISION_POSITION_ESTIMATE"",""x"":46.94898986816406,""y"":39.349891662597656}",4.608899
8748028177100,target_offset,666,"{""x_angle_offset"":-0.28125,""y_angle_offset"":-0.43492968523943865}",4.6257509
8748034606500,gimbal,2901,"{""imu_roll"":0.0,""imu_pitch"":21.545856475830078,""imu_yaw"":4.46729850769043,""frame_roll"":0.0,""frame_pitch"":21.545856475830078,""frame_yaw"":4.46729850769043,""pitch_speed"":0.0,""yaw_speed"":0.0}",4.6321803
8748034832300,fov,2901,"{""zoom"":1.0,""hfov"":90.0,""vfov"":58.71550750732422,""state"":0,""max_aov_h"":90.0,""max_aov_v"":58.71550750732422,""min_aov_h"":1.40625,""min_aov_v"":0.7910428047180176,""max_zoom"":64.0}",4.6324061
8748044380500,target_offset,667,"{""x_angle_offset"":-0.28125,""y_angle_offset"":-0.5436621065492984}",4.6419543
8748050610600,fov,2902,"{""zoom"":1.0,""hfov"":90.0,""vfov"":58.71550750732422,""state"":0,""max_aov_h"":90.0,""max_aov_v"":58.71550750732422,""min_aov_h"":1.40625,""min_aov_v"":0.7910428047180176,""max_zoom"":64.0}",4.6481844
8748050965700,gimbal,2902,"{""imu_roll"":0.0,""imu_pitch"":21.464340209960938,""imu_yaw"":4.416587829589844,""frame_roll"":0.0,""frame_pitch"":21.464340209960938,""frame_yaw"":4.416587829589844,""pitch_speed"":0.0,""yaw_speed"":0.0}",4.6485395
8748051440600,attitude,1329,"{""message_type"":""ATTITUDE"",""time_boot_ms"":128770,""roll"":-0.029201650992035866,""pitch"":-0.34496167302131653,""yaw"":2.9578332901000977,""rollspeed"":0.02451534941792488,""pitchspeed"":-0.15633714199066162,""yawspeed"":0.00317970709875226}",4.6490144
8748063686100,fov,2903,"{""zoom"":1.0,""hfov"":90.0,""vfov"":58.71550750732422,""state"":0,""max_aov_h"":90.0,""max_aov_v"":58.71550750732422,""min_aov_h"":1.40625,""min_aov_v"":0.7910428047180176,""max_zoom"":64.0}",4.6612599
8748063934600,gimbal,2903,"{""imu_roll"":0.0,""imu_pitch"":21.40300941467285,""imu_yaw"":4.38572359085083,""frame_roll"":0.0,""frame_pitch"":21.40300941467285,""frame_yaw"":4.38572359085083,""pitch_speed"":0.0,""yaw_speed"":0.0}",4.6615084
8748081670100,target_offset,668,"{""x_angle_offset"":-0.28125,""y_angle_offset"":-0.5436621065492984}",4.6792439
8748086468900,vfr,665,"{""message_type"":""VFR_HUD"",""airspeed"":33.68111038208008,""alt"":183.92999267578125}",4.6840427
8748086722300,position,665,"{""message_type"":""GLOBAL_POSITION_INT"",""lat"":469501980,""lon"":393497669}",4.6842961
8748087685400,attitude,1330,"{""message_type"":""ATTITUDE"",""time_boot_ms"":128810,""roll"":-0.02746518701314926,""pitch"":-0.35099416971206665,""yaw"":2.9576661586761475,""rollspeed"":0.030528999865055084,""pitchspeed"":-0.16445155441761017,""yawspeed"":0.0009553292766213417}",4.6852592
8748089315000,fov,2904,"{""zoom"":1.0,""hfov"":90.0,""vfov"":58.71550750732422,""state"":0,""max_aov_h"":90.0,""max_aov_v"":58.71550750732422,""min_aov_h"":1.40625,""min_aov_v"":0.7910428047180176,""max_zoom"":64.0}",4.6868888
8748089523500,gimbal,2904,"{""imu_roll"":0.0,""imu_pitch"":21.30255699157715,""imu_yaw"":4.333716869354248,""frame_roll"":0.0,""frame_pitch"":21.30255699157715,""frame_yaw"":4.333716869354248,""pitch_speed"":0.0,""yaw_speed"":0.0}",4.6870973
8748099651600,fov,2905,"{""zoom"":1.0,""hfov"":90.0,""vfov"":58.71550750732422,""state"":0,""max_aov_h"":90.0,""max_aov_v"":58.71550750732422,""min_aov_h"":1.40625,""min_aov_v"":0.7910428047180176,""max_zoom"":64.0}",4.6972254
8748100082600,gimbal,2905,"{""imu_roll"":0.0,""imu_pitch"":21.2467098236084,""imu_yaw"":4.303121566772461,""frame_roll"":0.0,""frame_pitch"":21.2467098236084,""frame_yaw"":4.303121566772461,""pitch_speed"":0.0,""yaw_speed"":0.0}",4.6976564
8748116091600,target_offset,669,"{""x_angle_offset"":-0.1875,""y_angle_offset"":-0.652394527859158}",4.7136654
8748123887700,fov,2906,"{""zoom"":1.0,""hfov"":90.0,""vfov"":58.71550750732422,""state"":0,""max_aov_h"":90.0,""max_aov_v"":58.71550750732422,""min_aov_h"":1.40625,""min_aov_v"":0.7910428047180176,""max_zoom"":64.0}",4.7214615
8748124142200,gimbal,2906,"{""imu_roll"":0.0,""imu_pitch"":21.160781860351562,""imu_yaw"":4.255369663238525,""frame_roll"":0.0,""frame_pitch"":21.160781860351562,""frame_yaw"":4.255369663238525,""pitch_speed"":0.0,""yaw_speed"":0.0}",4.721716
8748134923300,attitude,1331,"{""message_type"":""ATTITUDE"",""time_boot_ms"":128870,""roll"":-0.02441001683473587,""pitch"":-0.3605595529079437,""yaw"":2.9571938514709473,""rollspeed"":0.03764030709862709,""pitchspeed"":-0.17477767169475555,""yawspeed"":-0.0027795047499239445}",4.7324971
8748149406100,fov,2907,"{""zoom"":1.0,""hfov"":90.0,""vfov"":58.71550750732422,""state"":0,""max_aov_h"":90.0,""max_aov_v"":58.71550750732422,""min_aov_h"":1.40625,""min_aov_v"":0.7910428047180176,""max_zoom"":64.0}",4.7469799
8748149802900,gimbal,2907,"{""imu_roll"":0.0,""imu_pitch"":21.00237274169922,""imu_yaw"":4.214831352233887,""frame_roll"":0.0,""frame_pitch"":21.00237274169922,""frame_yaw"":4.214831352233887,""pitch_speed"":0.0,""yaw_speed"":0.0}",4.7473767
8748165577400,range,1221,"{""message_type"":""GLOBAL_VISION_POSITION_ESTIMATE"",""x"":46.94898986816406,""y"":39.34990692138672}",4.7631512
8748166016200,target_offset,670,"{""x_angle_offset"":-0.1875,""y_angle_offset"":-0.652394527859158}",4.76359
8748172614400,fov,2908,"{""zoom"":1.0,""hfov"":90.0,""vfov"":58.71550750732422,""state"":0,""max_aov_h"":90.0,""max_aov_v"":58.71550750732422,""min_aov_h"":1.40625,""min_aov_v"":0.7910428047180176,""max_zoom"":64.0}",4.7701882
8748172905700,gimbal,2908,"{""imu_roll"":0.0,""imu_pitch"":20.914194107055664,""imu_yaw"":4.191937446594238,""frame_roll"":0.0,""frame_pitch"":20.914194107055664,""frame_yaw"":4.191937446594238,""pitch_speed"":0.0,""yaw_speed"":0.0}",4.7704795
8748182336500,range,1222,"{""message_type"":""GLOBAL_VISION_POSITION_ESTIMATE"",""x"":46.94898986816406,""y"":39.34990692138672}",4.7799103
8748182607900,position,666,"{""message_type"":""GLOBAL_POSITION_INT"",""lat"":469501980,""lon"":393497669}",4.7801817
8748182882200,attitude,1332,"{""message_type"":""ATTITUDE"",""time_boot_ms"":128910,""roll"":-0.022101977840065956,""pitch"":-0.3672344386577606,""yaw"":2.9566822052001953,""rollspeed"":0.04115638881921768,""pitchspeed"":-0.17982687056064606,""yawspeed"":-0.005408475641161203}",4.780456
8748183027500,vfr,666,"{""message_type"":""VFR_HUD"",""airspeed"":33.96654510498047,""alt"":182.47999572753906}",4.7806013
8748183445400,fov,2909,"{""zoom"":1.0,""hfov"":90.0,""vfov"":58.71550750732422,""state"":0,""max_aov_h"":90.0,""max_aov_v"":58.71550750732422,""min_aov_h"":1.40625,""min_aov_v"":0.7910428047180176,""max_zoom"":64.0}",4.7810192
8748184251100,gimbal,2909,"{""imu_roll"":0.0,""imu_pitch"":20.84598159790039,""imu_yaw"":4.171391010284424,""frame_roll"":0.0,""frame_pitch"":20.84598159790039,""frame_yaw"":4.171391010284424,""pitch_speed"":0.0,""yaw_speed"":0.0}",4.7818249
8748200155200,target_offset,671,"{""x_angle_offset"":-0.09375,""y_angle_offset"":-0.7611269491690176}",4.797729
8748206033200,gimbal,2910,"{""imu_roll"":0.0,""imu_pitch"":20.731321334838867,""imu_yaw"":4.13715934753418,""frame_roll"":0.0,""frame_pitch"":20.731321334838867,""frame_yaw"":4.13715934753418,""pitch_speed"":0.0,""yaw_speed"":0.0}",4.803607
8748206413900,fov,2910,"{""zoom"":1.0,""hfov"":90.0,""vfov"":58.71550750732422,""state"":0,""max_aov_h"":90.0,""max_aov_v"":58.71550750732422,""min_aov_h"":1.40625,""min_aov_v"":0.7910428047180176,""max_zoom"":64.0}",4.8039877
8748218431600,fov,2911,"{""zoom"":1.0,""hfov"":90.0,""vfov"":58.71550750732422,""state"":0,""max_aov_h"":90.0,""max_aov_v"":58.71550750732422,""min_aov_h"":1.40625,""min_aov_v"":0.7910428047180176,""max_zoom"":64.0}",4.8160054
8748218808000,gimbal,2911,"{""imu_roll"":0.0,""imu_pitch"":20.651830673217773,""imu_yaw"":4.128304481506348,""frame_roll"":0.0,""frame_pitch"":20.651830673217773,""frame_yaw"":4.128304481506348,""pitch_speed"":0.0,""yaw_speed"":0.0}",4.8163818
8748233591500,target_offset,672,"{""x_angle_offset"":-0.09375,""y_angle_offset"":-0.7611269491690176}",4.8311653
8748238768600,attitude,1333,"{""message_type"":""ATTITUDE"",""time_boot_ms"":128970,""roll"":-0.019165294244885445,""pitch"":-0.3770771026611328,""yaw"":2.9558961391448975,""rollspeed"":0.040831901133060455,""pitchspeed"":-0.18351012468338013,""yawspeed"":-0.009040296077728271}",4.8363424
8748240676300,fov,2912,"{""zoom"":1.0,""hfov"":90.0,""vfov"":58.71550750732422,""state"":0,""max_aov_h"":90.0,""max_aov_v"":58.71550750732422,""min_aov_h"":1.40625,""min_aov_v"":0.7910428047180176,""max_zoom"":64.0}",4.8382501
8748241161600,gimbal,2912,"{""imu_roll"":0.0,""imu_pitch"":20.530624389648438,""imu_yaw"":4.115573406219482,""frame_roll"":0.0,""frame_pitch"":20.530624389648438,""frame_yaw"":4.115573406219482,""pitch_speed"":0.0,""yaw_speed"":0.0}",4.8387354
8748251907500,fov,2913,"{""zoom"":1.0,""hfov"":90.0,""vfov"":58.71550750732422,""state"":0,""max_aov_h"":90.0,""max_aov_v"":58.71550750732422,""min_aov_h"":1.40625,""min_aov_v"":0.7910428047180176,""max_zoom"":64.0}",4.8494813
8748252182800,gimbal,2913,"{""imu_roll"":0.0,""imu_pitch"":20.448022842407227,""imu_yaw"":4.103468418121338,""frame_roll"":0.0,""frame_pitch"":20.448022842407227,""frame_yaw"":4.103468418121338,""pitch_speed"":0.0,""yaw_speed"":0.0}",4.8497566
8748269284400,target_offset,673,"{""x_angle_offset"":0.0,""y_angle_offset"":-0.8698593704788773}",4.8668582
8748276058100,fov,2914,"{""zoom"":1.0,""hfov"":90.0,""vfov"":58.71550750732422,""state"":0,""max_aov_h"":90.0,""max_aov_v"":58.71550750732422,""min_aov_h"":1.40625,""min_aov_v"":0.7910428047180176,""max_zoom"":64.0}",4.8736319
8748276329700,gimbal,2914,"{""imu_roll"":0.0,""imu_pitch"":20.322202682495117,""imu_yaw"":4.086472988128662,""frame_roll"":0.0,""frame_pitch"":20.322202682495117,""frame_yaw"":4.086472988128662,""pitch_speed"":0.0,""yaw_speed"":0.0}",4.8739035
8748277188400,attitude,1334,"{""message_type"":""ATTITUDE"",""time_boot_ms"":129010,""roll"":-0.0175327155739069,""pitch"":-0.38364893198013306,""yaw"":2.955260992050171,""rollspeed"":0.0359792597591877,""pitchspeed"":-0.18631058931350708,""yawspeed"":-0.011445274576544762}",4.8747622
8748277326100,vfr,667,"{""message_type"":""VFR_HUD"",""airspeed"":34.241634368896484,""alt"":180.97999572753906}",4.8748999
8748277441100,position,667,"{""message_type"":""GLOBAL_POSITION_INT"",""lat"":469501359,""lon"":393497845}",4.8750149
8748285357700,fov,2915,"{""zoom"":1.0,""hfov"":90.0,""vfov"":58.71550750732422,""state"":0,""max_aov_h"":90.0,""max_aov_v"":58.71550750732422,""min_aov_h"":1.40625,""min_aov_v"":0.7910428047180176,""max_zoom"":64.0}",4.8829315
8748286301000,gimbal,2915,"{""imu_roll"":0.0,""imu_pitch"":20.237707138061523,""imu_yaw"":4.086523056030273,""frame_roll"":0.0,""frame_pitch"":20.237707138061523,""frame_yaw"":4.086523056030273,""pitch_speed"":0.0,""yaw_speed"":0.0}",4.8838748
8748304041300,target_offset,674,"{""x_angle_offset"":0.09375,""y_angle_offset"":-0.978591791788737}",4.9016151
8748309834900,gimbal,2916,"{""imu_roll"":0.0,""imu_pitch"":20.093950271606445,""imu_yaw"":4.087851047515869,""frame_roll"":0.0,""frame_pitch"":20.093950271606445,""frame_yaw"":4.087851047515869,""pitch_speed"":0.0,""yaw_speed"":0.0}",4.9074087
8748310050400,fov,2916,"{""zoom"":1.0,""hfov"":90.0,""vfov"":58.71550750732422,""state"":0,""max_aov_h"":90.0,""max_aov_v"":58.71550750732422,""min_aov_h"":1.40625,""min_aov_v"":0.7910428047180176,""max_zoom"":64.0}",4.9076242
8748321137300,fov,2917,"{""zoom"":1.0,""hfov"":90.0,""vfov"":58.71550750732422,""state"":0,""max_aov_h"":90.0,""max_aov_v"":58.71550750732422,""min_aov_h"":1.40625,""min_aov_v"":0.7910428047180176,""max_zoom"":64.0}",4.9187111
8748322416000,gimbal,2917,"{""imu_roll"":0.0,""imu_pitch"":19.983312606811523,""imu_yaw"":4.099224090576172,""frame_roll"":0.0,""frame_pitch"":19.983312606811523,""frame_yaw"":4.099224090576172,""pitch_speed"":0.0,""yaw_speed"":0.0}",4.9199898
8748333520300,fov,2918,"{""zoom"":1.0,""hfov"":90.0,""vfov"":58.71550750732422,""state"":0,""max_aov_h"":90.0,""max_aov_v"":58.71550750732422,""min_aov_h"":1.40625,""min_aov_v"":0.7910428047180176,""max_zoom"":64.0}",4.9310941
8748333765500,gimbal,2918,"{""imu_roll"":0.0,""imu_pitch"":19.889406204223633,""imu_yaw"":4.110091209411621,""frame_roll"":0.0,""frame_pitch"":19.889406204223633,""frame_yaw"":4.110091209411621,""pitch_speed"":0.0,""yaw_speed"":0.0}",4.9313393
8748335474300,range,1223,"{""message_type"":""GLOBAL_VISION_POSITION_ESTIMATE"",""x"":46.94892501831055,""y"":39.349937438964844}",4.9330481
8748344490400,range,1224,"{""message_type"":""GLOBAL_VISION_POSITION_ESTIMATE"",""x"":46.94892501831055,""y"":39.349937438964844}",4.9420642
8748344811600,attitude,1335,"{""message_type"":""ATTITUDE"",""time_boot_ms"":129070,""roll"":-0.015682442113757133,""pitch"":-0.39366936683654785,""yaw"":2.954129457473755,""rollspeed"":0.02026314102113247,""pitchspeed"":-0.18974833190441132,""yawspeed"":-0.014381196349859238}",4.9423854
8748349895300,target_offset,675,"{""x_angle_offset"":0.09375,""y_angle_offset"":-1.0873242130985967}",4.9474691
8748356752100,fov,2919,"{""zoom"":1.0,""hfov"":90.0,""vfov"":58.71550750732422,""state"":0,""max_aov_h"":90.0,""max_aov_v"":58.71550750732422,""min_aov_h"":1.40625,""min_aov_v"":0.7910428047180176,""max_zoom"":64.0}",4.9543259
8748356976400,gimbal,2919,"{""imu_roll"":0.0,""imu_pitch"":19.75396156311035,""imu_yaw"":4.127933979034424,""frame_roll"":0.0,""frame_pitch"":19.75396156311035,""frame_yaw"":4.127933979034424,""pitch_speed"":0.0,""yaw_speed"":0.0}",4.9545502
8748368518400,fov,2920,"{""zoom"":1.0,""hfov"":90.0,""vfov"":58.71550750732422,""state"":0,""max_aov_h"":90.0,""max_aov_v"":58.71550750732422,""min_aov_h"":1.40625,""min_aov_v"":0.7910428047180176,""max_zoom"":64.0}",4.9660922
8748369366000,gimbal,2920,"{""imu_roll"":0.0,""imu_pitch"":19.625995635986328,""imu_yaw"":4.137041091918945,""frame_roll"":0.0,""frame_pitch"":19.625995635986328,""frame_yaw"":4.137041091918945,""pitch_speed"":0.0,""yaw_speed"":0.0}",4.9669398
8748375448200,attitude,1336,"{""message_type"":""ATTITUDE"",""time_boot_ms"":129110,""roll"":-0.015179989859461784,""pitch"":-0.4005770683288574,""yaw"":2.9532577991485596,""rollspeed"":0.001996435225009918,""pitchspeed"":-0.19555999338626862,""yawspeed"":-0.015915799885988235}",4.973022
8748376034700,vfr,668,"{""message_type"":""VFR_HUD"",""airspeed"":34.533966064453125,""alt"":179.4199981689453}",4.9736085
8748376118600,position,668,"{""message_type"":""GLOBAL_POSITION_INT"",""lat"":469501359,""lon"":393497845}",4.9736924
8748384053600,target_offset,676,"{""x_angle_offset"":0.09375,""y_angle_offset"":-1.0873242130985967}",4.9816274
8748390356100,fov,2921,"{""zoom"":1.0,""hfov"":90.0,""vfov"":58.71550750732422,""state"":0,""max_aov_h"":90.0,""max_aov_v"":58.71550750732422,""min_aov_h"":1.40625,""min_aov_v"":0.7910428047180176,""max_zoom"":64.0}",4.9879299
8748390863900,gimbal,2921,"{""imu_roll"":0.0,""imu_pitch"":19.37750816345215,""imu_yaw"":4.155447959899902,""frame_roll"":0.0,""frame_pitch"":19.37750816345215,""frame_yaw"":4.155447959899902,""pitch_speed"":0.0,""yaw_speed"":0.0}",4.9884377
8748403976600,fov,2922,"{""zoom"":1.0,""hfov"":90.0,""vfov"":58.71550750732422,""state"":0,""max_aov_h"":90.0,""max_aov_v"":58.71550750732422,""min_aov_h"":1.40625,""min_aov_v"":0.7910428047180176,""max_zoom"":64.0}",5.0015504
8748404269400,gimbal,2922,"{""imu_roll"":0.0,""imu_pitch"":19.266468048095703,""imu_yaw"":4.165618419647217,""frame_roll"":0.0,""frame_pitch"":19.266468048095703,""frame_yaw"":4.165618419647217,""pitch_speed"":0.0,""yaw_speed"":0.0}",5.0018432
8748415320600,fov,2923,"{""zoom"":1.0,""hfov"":90.0,""vfov"":58.71550750732422,""state"":0,""max_aov_h"":90.0,""max_aov_v"":58.71550750732422,""min_aov_h"":1.40625,""min_aov_v"":0.7910428047180176,""max_zoom"":64.0}",5.0128944
8748415548900,gimbal,2923,"{""imu_roll"":0.0,""imu_pitch"":19.180091857910156,""imu_yaw"":4.174043655395508,""frame_roll"":0.0,""frame_pitch"":19.180091857910156,""frame_yaw"":4.174043655395508,""pitch_speed"":0.0,""yaw_speed"":0.0}",5.0131227
8748430887900,target_offset,677,"{""x_angle_offset"":0.09375,""y_angle_offset"":-1.0873242130985967}",5.0284617
8748438149000,fov,2924,"{""zoom"":1.0,""hfov"":90.0,""vfov"":58.71550750732422,""state"":0,""max_aov_h"":90.0,""max_aov_v"":58.71550750732422,""min_aov_h"":1.40625,""min_aov_v"":0.7910428047180176,""max_zoom"":64.0}",5.0357228
8748438386900,gimbal,2924,"{""imu_roll"":0.0,""imu_pitch"":19.042341232299805,""imu_yaw"":4.19032096862793,""frame_roll"":0.0,""frame_pitch"":19.042341232299805,""frame_yaw"":4.19032096862793,""pitch_speed"":0.0,""yaw_speed"":0.0}",5.0359607
8748444322200,attitude,1337,"{""message_type"":""ATTITUDE"",""time_boot_ms"":129170,""roll"":-0.016514578834176064,""pitch"":-0.4126368463039398,""yaw"":2.9520950317382812,""rollspeed"":-0.029650980606675148,""pitchspeed"":-0.20201364159584045,""yawspeed"":-0.017975585535168648}",5.041896
8748450175900,fov,2925,"{""zoom"":1.0,""hfov"":90.0,""vfov"":58.71550750732422,""state"":0,""max_aov_h"":90.0,""max_aov_v"":58.71550750732422,""min_aov_h"":1.40625,""min_aov_v"":0.7910428047180176,""max_zoom"":64.0}",5.0477497
8748450469900,gimbal,2925,"{""imu_roll"":0.0,""imu_pitch"":18.911823272705078,""imu_yaw"":4.200172424316406,""frame_roll"":0.0,""frame_pitch"":18.911823272705078,""frame_yaw"":4.200172424316406,""pitch_speed"":0.0,""yaw_speed"":0.0}",5.0480437
8748466493800,target_offset,678,"{""x_angle_offset"":0.09375,""y_angle_offset"":-1.0873242130985967}",5.0640676
8748472032100,fov,2926,"{""zoom"":1.0,""hfov"":90.0,""vfov"":58.71550750732422,""state"":0,""max_aov_h"":90.0,""max_aov_v"":58.71550750732422,""min_aov_h"":1.40625,""min_aov_v"":0.7910428047180176,""max_zoom"":64.0}",5.0696059
8748472291700,gimbal,2926,"{""imu_roll"":0.0,""imu_pitch"":18.73151397705078,""imu_yaw"":4.216446399688721,""frame_roll"":0.0,""frame_pitch"":18.73151397705078,""frame_yaw"":4.216446399688721,""pitch_speed"":0.0,""yaw_speed"":0.0}",5.0698655
8748475748900,position,669,"{""message_type"":""GLOBAL_POSITION_INT"",""lat"":469500722,""lon"":393498035}",5.0733227
8748475997800,attitude,1338,"{""message_type"":""ATTITUDE"",""time_boot_ms"":129210,""roll"":-0.019255246967077255,""pitch"":-0.42263439297676086,""yaw"":2.951594591140747,""rollspeed"":-0.05194607004523277,""pitchspeed"":-0.20446084439754486,""yawspeed"":-0.01911739632487297}",5.0735716
8748476182400,vfr,669,"{""message_type"":""VFR_HUD"",""airspeed"":34.81258010864258,""alt"":177.7899932861328}",5.0737562
8748483472300,fov,2927,"{""zoom"":1.0,""hfov"":90.0,""vfov"":58.71550750732422,""state"":0,""max_aov_h"":90.0,""max_aov_v"":58.71550750732422,""min_aov_h"":1.40625,""min_aov_v"":0.7910428047180176,""max_zoom"":64.0}",5.0810461
8748483938300,gimbal,2927,"{""imu_roll"":0.0,""imu_pitch"":18.6180477142334,""imu_yaw"":4.2249369621276855,""frame_roll"":0.0,""frame_pitch"":18.6180477142334,""frame_yaw"":4.2249369621276855,""pitch_speed"":0.0,""yaw_speed"":0.0}",5.0815121
8748491769600,range,1225,"{""message_type"":""GLOBAL_VISION_POSITION_ESTIMATE"",""x"":46.9488639831543,""y"":39.349952697753906}",5.0893434
8748497461400,fov,2928,"{""zoom"":1.0,""hfov"":90.0,""vfov"":58.71550750732422,""state"":0,""max_aov_h"":90.0,""max_aov_v"":58.71550750732422,""min_aov_h"":1.40625,""min_aov_v"":0.7910428047180176,""max_zoom"":64.0}",5.0950352
8748498004800,gimbal,2928,"{""imu_roll"":0.0,""imu_pitch"":18.51668357849121,""imu_yaw"":4.234167098999023,""frame_roll"":0.0,""frame_pitch"":18.51668357849121,""frame_yaw"":4.234167098999023,""pitch_speed"":0.0,""yaw_speed"":0.0}",5.0955786
8748512886800,range,1226,"{""message_type"":""GLOBAL_VISION_POSITION_ESTIMATE"",""x"":46.9488639831543,""y"":39.349952697753906}",5.1104606
8748522391900,target_offset,679,"{""x_angle_offset"":0.09375,""y_angle_offset"":-0.978591791788737}",5.1199657
8748529231600,fov,2929,"{""zoom"":1.0,""hfov"":90.0,""vfov"":58.71550750732422,""state"":0,""max_aov_h"":90.0,""max_aov_v"":58.71550750732422,""min_aov_h"":1.40625,""min_aov_v"":0.7910428047180176,""max_zoom"":64.0}",5.1268054
8748529454000,gimbal,2929,"{""imu_roll"":0.0,""imu_pitch"":18.352596282958984,""imu_yaw"":4.249722957611084,""frame_roll"":0.0,""frame_pitch"":18.352596282958984,""frame_yaw"":4.249722957611084,""pitch_speed"":0.0,""yaw_speed"":0.0}",5.1270278
8748530671200,fov,2930,"{""zoom"":1.0,""hfov"":90.0,""vfov"":58.71550750732422,""state"":0,""max_aov_h"":90.0,""max_aov_v"":58.71550750732422,""min_aov_h"":1.40625,""min_aov_v"":0.7910428047180176,""max_zoom"":64.0}",5.128245
8748531042700,gimbal,2930,"{""imu_roll"":0.0,""imu_pitch"":18.2653751373291,""imu_yaw"":4.255788803100586,""frame_roll"":0.0,""frame_pitch"":18.2653751373291,""frame_yaw"":4.255788803100586,""pitch_speed"":0.0,""yaw_speed"":0.0}",5.1286165
8748548391600,target_offset,680,"{""x_angle_offset"":0.09375,""y_angle_offset"":-1.0873242130985967}",5.1459654
8748554774200,fov,2931,"{""zoom"":1.0,""hfov"":90.0,""vfov"":58.71550750732422,""state"":0,""max_aov_h"":90.0,""max_aov_v"":58.71550750732422,""min_aov_h"":1.40625,""min_aov_v"":0.7910428047180176,""max_zoom"":64.0}",5.152348
8748555006900,gimbal,2931,"{""imu_roll"":0.0,""imu_pitch"":18.095657348632812,""imu_yaw"":4.26882791519165,""frame_roll"":0.0,""frame_pitch"":18.095657348632812,""frame_yaw"":4.26882791519165,""pitch_speed"":0.0,""yaw_speed"":0.0}",5.1525807
8748556659700,attitude,1339,"{""message_type"":""ATTITUDE"",""time_boot_ms"":129270,""roll"":-0.025073034688830376,""pitch"":-0.43748897314071655,""yaw"":2.9509239196777344,""rollspeed"":-0.0851261243224144,""pitchspeed"":-0.1996493637561798,""yawspeed"":-0.02052203193306923}",5.1542335
8748565395900,fov,2932,"{""zoom"":1.0,""hfov"":90.0,""vfov"":58.71550750732422,""state"":0,""max_aov_h"":90.0,""max_aov_v"":58.71550750732422,""min_aov_h"":1.40625,""min_aov_v"":0.7910428047180176,""max_zoom"":64.0}",5.1629697
8748565814000,gimbal,2932,"{""imu_roll"":0.0,""imu_pitch"":17.987558364868164,""imu_yaw"":4.275739669799805,""frame_roll"":0.0,""frame_pitch"":17.987558364868164,""frame_yaw"":4.275739669799805,""pitch_speed"":0.0,""yaw_speed"":0.0}",5.1633878
8748578090700,fov,2933,"{""zoom"":1.0,""hfov"":90.0,""vfov"":58.71550750732422,""state"":0,""max_aov_h"":90.0,""max_aov_v"":58.71550750732422,""min_aov_h"":1.40625,""min_aov_v"":0.7910428047180176,""max_zoom"":64.0}",5.1756645
8748578405100,gimbal,2933,"{""imu_roll"":0.0,""imu_pitch"":17.87980842590332,""imu_yaw"":4.285104751586914,""frame_roll"":0.0,""frame_pitch"":17.87980842590332,""frame_yaw"":4.285104751586914,""pitch_speed"":0.0,""yaw_speed"":0.0}",5.1759789
8748587136900,position,670,"{""message_type"":""GLOBAL_POSITION_INT"",""lat"":469500722,""lon"":393498035}",5.1847107
8748587430900,attitude,1340,"{""message_type"":""ATTITUDE"",""time_boot_ms"":129310,""roll"":-0.029942279681563377,""pitch"":-0.447073757648468,""yaw"":2.950578212738037,""rollspeed"":-0.10234246402978897,""pitchspeed"":-0.19178923964500427,""yawspeed"":-0.021552154794335365}",5.1850047
8748587601400,vfr,670,"{""message_type"":""VFR_HUD"",""airspeed"":35.10591125488281,""alt"":176.09999084472656}",5.1851752
8748595046600,target_offset,681,"{""x_angle_offset"":0.0,""y_angle_offset"":-0.978591791788737}",5.1926204
8748601867300,fov,2934,"{""zoom"":1.0,""hfov"":90.0,""vfov"":58.71550750732422,""state"":0,""max_aov_h"":90.0,""max_aov_v"":58.71550750732422,""min_aov_h"":1.40625,""min_aov_v"":0.7910428047180176,""max_zoom"":64.0}",5.1994411
8748602121000,gimbal,2934,"{""imu_roll"":0.0,""imu_pitch"":17.718952178955078,""imu_yaw"":4.302767753601074,""frame_roll"":0.0,""frame_pitch"":17.718952178955078,""frame_yaw"":4.302767753601074,""pitch_speed"":0.0,""yaw_speed"":0.0}",5.1996948
8748611604100,fov,2935,"{""zoom"":1.0,""hfov"":90.0,""vfov"":58.71550750732422,""state"":0,""max_aov_h"":90.0,""max_aov_v"":58.71550750732422,""min_aov_h"":1.40625,""min_aov_v"":0.7910428047180176,""max_zoom"":64.0}",5.2091779
8748612018900,gimbal,2935,"{""imu_roll"":0.0,""imu_pitch"":17.626731872558594,""imu_yaw"":4.300736904144287,""frame_roll"":0.0,""frame_pitch"":17.626731872558594,""frame_yaw"":4.300736904144287,""pitch_speed"":0.0,""yaw_speed"":0.0}",5.2095927
8748629401400,target_offset,682,"{""x_angle_offset"":0.0,""y_angle_offset"":-0.978591791788737}",5.2269752
8748634950200,fov,2936,"{""zoom"":1.0,""hfov"":90.0,""vfov"":58.71550750732422,""state"":0,""max_aov_h"":90.0,""max_aov_v"":58.71550750732422,""min_aov_h"":1.40625,""min_aov_v"":0.7910428047180176,""max_zoom"":64.0}",5.232524
8748635256700,gimbal,2936,"{""imu_roll"":0.0,""imu_pitch"":17.459196090698242,""imu_yaw"":4.300291538238525,""frame_roll"":0.0,""frame_pitch"":17.459196090698242,""frame_yaw"":4.300291538238525,""pitch_speed"":0.0,""yaw_speed"":0.0}",5.2328305
8748645481500,range,1227,"{""message_type"":""GLOBAL_VISION_POSITION_ESTIMATE"",""x"":46.9488639831543,""y"":39.349945068359375}",5.2430553
8748646045000,fov,2937,"{""zoom"":1.0,""hfov"":90.0,""vfov"":58.71550750732422,""state"":0,""max_aov_h"":90.0,""max_aov_v"":58.71550750732422,""min_aov_h"":1.40625,""min_aov_v"":0.7910428047180176,""max_zoom"":64.0}",5.2436188
8748646425900,gimbal,2937,"{""imu_roll"":0.0,""imu_pitch"":17.369810104370117,""imu_yaw"":4.298600673675537,""frame_roll"":0.0,""frame_pitch"":17.369810104370117,""frame_yaw"":4.298600673675537,""pitch_speed"":0.0,""yaw_speed"":0.0}",5.2439997
8748648268300,range,1228,"{""message_type"":""GLOBAL_VISION_POSITION_ESTIMATE"",""x"":46.9488639831543,""y"":39.349945068359375}",5.2458421
8748648657600,attitude,1341,"{""message_type"":""ATTITUDE"",""time_boot_ms"":129370,""roll"":-0.0381498746573925,""pitch"":-0.46079012751579285,""yaw"":2.9501354694366455,""rollspeed"":-0.11740366369485855,""pitchspeed"":-0.17786474525928497,""yawspeed"":-0.023120669648051262}",5.2462314
8748664623800,target_offset,683,"{""x_angle_offset"":-0.09375,""y_angle_offset"":-0.978591791788737}",5.2621976
8748670977500,fov,2938,"{""zoom"":1.0,""hfov"":90.0,""vfov"":58.71550750732422,""state"":0,""max_aov_h"":90.0,""max_aov_v"":58.71550750732422,""min_aov_h"":1.40625,""min_aov_v"":0.7910428047180176,""max_zoom"":64.0}",5.2685513
8748671179400,gimbal,2938,"{""imu_roll"":0.0,""imu_pitch"":17.20180892944336,""imu_yaw"":4.295422554016113,""frame_roll"":0.0,""frame_pitch"":17.20180892944336,""frame_yaw"":4.295422554016113,""pitch_speed"":0.0,""yaw_speed"":0.0}",5.2687532
8748680654200,position,671,"{""message_type"":""GLOBAL_POSITION_INT"",""lat"":469500122,""lon"":393498211}",5.278228
8748681082000,attitude,1342,"{""message_type"":""ATTITUDE"",""time_boot_ms"":129410,""roll"":-0.04430945962667465,""pitch"":-0.46126431226730347,""yaw"":2.950084924697876,""rollspeed"":-0.12086387723684311,""pitchspeed"":-0.16596461832523346,""yawspeed"":-0.024306483566761017}",5.2786558
8748681293600,vfr,671,"{""message_type"":""VFR_HUD"",""airspeed"":35.40846633911133,""alt"":174.3300018310547}",5.2788674
8748681796000,fov,2939,"{""zoom"":1.0,""hfov"":90.0,""vfov"":58.71550750732422,""state"":0,""max_aov_h"":90.0,""max_aov_v"":58.71550750732422,""min_aov_h"":1.40625,""min_aov_v"":0.7910428047180176,""max_zoom"":64.0}",5.2793698
8748682457600,gimbal,2939,"{""imu_roll"":0.0,""imu_pitch"":17.099163055419922,""imu_yaw"":4.283255100250244,""frame_roll"":0.0,""frame_pitch"":17.099163055419922,""frame_yaw"":4.283255100250244,""pitch_speed"":0.0,""yaw_speed"":0.0}",5.2800314
8748693065300,fov,2940,"{""zoom"":1.0,""hfov"":90.0,""vfov"":58.71550750732422,""state"":0,""max_aov_h"":90.0,""max_aov_v"":58.71550750732422,""min_aov_h"":1.40625,""min_aov_v"":0.7910428047180176,""max_zoom"":64.0}",5.2906391
8748693718800,gimbal,2940,"{""imu_roll"":0.0,""imu_pitch"":17.008121490478516,""imu_yaw"":4.27471399307251,""frame_roll"":0.0,""frame_pitch"":17.008121490478516,""frame_yaw"":4.27471399307251,""pitch_speed"":0.0,""yaw_speed"":0.0}",5.2912926
8748711164300,target_offset,684,"{""x_angle_offset"":-0.09375,""y_angle_offset"":-0.978591791788737}",5.3087381
8748717036700,fov,2941,"{""zoom"":1.0,""hfov"":90.0,""vfov"":58.71550750732422,""state"":0,""max_aov_h"":90.0,""max_aov_v"":58.71550750732422,""min_aov_h"":1.40625,""min_aov_v"":0.7910428047180176,""max_zoom"":64.0}",5.3146105
8748717651000,gimbal,2941,"{""imu_roll"":0.0,""imu_pitch"":16.876066207885742,""imu_yaw"":4.266124725341797,""frame_roll"":0.0,""frame_pitch"":16.876066207885742,""frame_yaw"":4.266124725341797,""pitch_speed"":0.0,""yaw_speed"":0.0}",5.3152248
8748726299400,fov,2942,"{""zoom"":1.0,""hfov"":90.0,""vfov"":58.71550750732422,""state"":0,""max_aov_h"":90.0,""max_aov_v"":58.71550750732422,""min_aov_h"":1.40625,""min_aov_v"":0.7910428047180176,""max_zoom"":64.0}",5.3238732
8748726662000,gimbal,2942,"{""imu_roll"":0.0,""imu_pitch"":16.76693344116211,""imu_yaw"":4.254509449005127,""frame_roll"":0.0,""frame_pitch"":16.76693344116211,""frame_yaw"":4.254509449005127,""pitch_speed"":0.0,""yaw_speed"":0.0}",5.3242358
8748736286600,attitude,1343,"{""message_type"":""ATTITUDE"",""time_boot_ms"":129470,""roll"":-0.053343672305345535,""pitch"":-0.4612826108932495,""yaw"":2.949876308441162,""rollspeed"":-0.11590208113193512,""pitchspeed"":-0.15417790412902832,""yawspeed"":-0.026302563026547432}",5.3338604
8748743448700,target_offset,685,"{""x_angle_offset"":-0.09375,""y_angle_offset"":-0.978591791788737}",5.3410225
8748750755100,fov,2943,"{""zoom"":1.0,""hfov"":90.0,""vfov"":58.71550750732422,""state"":0,""max_aov_h"":90.0,""max_aov_v"":58.71550750732422,""min_aov_h"":1.40625,""min_aov_v"":0.7910428047180176,""max_zoom"":64.0}",5.3483289
8748750950000,gimbal,2943,"{""imu_roll"":0.0,""imu_pitch"":16.60959815979004,""imu_yaw"":4.241767883300781,""frame_roll"":0.0,""frame_pitch"":16.60959815979004,""frame_yaw"":4.241767883300781,""pitch_speed"":0.0,""yaw_speed"":0.0}",5.3485238
8748759670200,fov,2944,"{""zoom"":1.0,""hfov"":90.0,""vfov"":58.71550750732422,""state"":0,""max_aov_h"":90.0,""max_aov_v"":58.71550750732422,""min_aov_h"":1.40625,""min_aov_v"":0.7910428047180176,""max_zoom"":64.0}",5.357244
8748759942800,gimbal,2944,"{""imu_roll"":0.0,""imu_pitch"":16.50983238220215,""imu_yaw"":4.231119155883789,""frame_roll"":0.0,""frame_pitch"":16.50983238220215,""frame_yaw"":4.231119155883789,""pitch_speed"":0.0,""yaw_speed"":0.0}",5.3575166
8748772638000,gimbal,2945,"{""imu_roll"":0.0,""imu_pitch"":16.419551849365234,""imu_yaw"":4.22188663482666,""frame_roll"":0.0,""frame_pitch"":16.419551849365234,""frame_yaw"":4.22188663482666,""pitch_speed"":0.0,""yaw_speed"":0.0}",5.3702118
8748773053900,fov,2945,"{""zoom"":1.0,""hfov"":90.0,""vfov"":58.71550750732422,""state"":0,""max_aov_h"":90.0,""max_aov_v"":58.71550750732422,""min_aov_h"":1.40625,""min_aov_v"":0.7910428047180176,""max_zoom"":64.0}",5.3706277
8748789029900,target_offset,686,"{""x_angle_offset"":-0.1875,""y_angle_offset"":-0.8698593704788773}",5.3866037
8748794745400,attitude,1344,"{""message_type"":""ATTITUDE"",""time_boot_ms"":129510,""roll"":-0.05898335576057434,""pitch"":-0.46118417382240295,""yaw"":2.9496614933013916,""rollspeed"":-0.10693016648292542,""pitchspeed"":-0.15446461737155914,""yawspeed"":-0.02775670774281025}",5.3923192
8748795019100,vfr,672,"{""message_type"":""VFR_HUD"",""airspeed"":35.716636657714844,""alt"":172.47999572753906}",5.3925929
8748795714900,position,672,"{""message_type"":""GLOBAL_POSITION_INT"",""lat"":469500122,""lon"":393498211}",5.3932887
8748796681900,fov,2946,"{""zoom"":1.0,""hfov"":90.0,""vfov"":58.71550750732422,""state"":0,""max_aov_h"":90.0,""max_aov_v"":58.71550750732422,""min_aov_h"":1.40625,""min_aov_v"":0.7910428047180176,""max_zoom"":64.0}",5.3942557
8748797027400,gimbal,2946,"{""imu_roll"":0.0,""imu_pitch"":16.277637481689453,""imu_yaw"":4.208104610443115,""frame_roll"":0.0,""frame_pitch"":16.277637481689453,""frame_yaw"":4.208104610443115,""pitch_speed"":0.0,""yaw_speed"":0.0}",5.3946012
8748806469100,fov,2947,"{""zoom"":1.0,""hfov"":90.0,""vfov"":58.71550750732422,""state"":0,""max_aov_h"":90.0,""max_aov_v"":58.71550750732422,""min_aov_h"":1.40625,""min_aov_v"":0.7910428047180176,""max_zoom"":64.0}",5.4040429
8748806852000,gimbal,2947,"{""imu_roll"":0.0,""imu_pitch"":16.1828670501709,""imu_yaw"":4.184237957000732,""frame_roll"":0.0,""frame_pitch"":16.1828670501709,""frame_yaw"":4.184237957000732,""pitch_speed"":0.0,""yaw_speed"":0.0}",5.4044258
8748814219600,range,1229,"{""message_type"":""GLOBAL_VISION_POSITION_ESTIMATE"",""x"":46.94880294799805,""y"":39.34995651245117}",5.4117934
8748823389200,target_offset,687,"{""x_angle_offset"":-0.1875,""y_angle_offset"":-0.8698593704788773}",5.420963
8748828210500,range,1230,"{""message_type"":""GLOBAL_VISION_POSITION_ESTIMATE"",""x"":46.94880294799805,""y"":39.34995651245117}",5.4257843
8748830145400,fov,2948,"{""zoom"":1.0,""hfov"":90.0,""vfov"":58.71550750732422,""state"":0,""max_aov_h"":90.0,""max_aov_v"":58.71550750732422,""min_aov_h"":1.40625,""min_aov_v"":0.7910428047180176,""max_zoom"":64.0}",5.4277192
8748830381800,gimbal,2948,"{""imu_roll"":0.0,""imu_pitch"":16.04525375366211,""imu_yaw"":4.153245449066162,""frame_roll"":0.0,""frame_pitch"":16.04525375366211,""frame_yaw"":4.153245449066162,""pitch_speed"":0.0,""yaw_speed"":0.0}",5.4279556
8748839746400,fov,2949,"{""zoom"":1.0,""hfov"":90.0,""vfov"":58.71550750732422,""state"":0,""max_aov_h"":90.0,""max_aov_v"":58.71550750732422,""min_aov_h"":1.40625,""min_aov_v"":0.7910428047180176,""max_zoom"":64.0}",5.4373202
8748840273000,attitude,1345,"{""message_type"":""ATTITUDE"",""time_boot_ms"":129570,""roll"":-0.06635279208421707,""pitch"":-0.46139854192733765,""yaw"":2.949192523956299,""rollspeed"":-0.0848403126001358,""pitchspeed"":-0.1639593541622162,""yawspeed"":-0.03042120300233364}",5.4378468
8748840579800,gimbal,2949,"{""imu_roll"":0.0,""imu_pitch"":15.961135864257812,""imu_yaw"":4.133543968200684,""frame_roll"":0.0,""frame_pitch"":15.961135864257812,""frame_yaw"":4.133543968200684,""pitch_speed"":0.0,""yaw_speed"":0.0}",5.4381536
8748853364600,fov,2950,"{""zoom"":1.0,""hfov"":90.0,""vfov"":58.71550750732422,""state"":0,""max_aov_h"":90.0,""max_aov_v"":58.71550750732422,""min_aov_h"":1.40625,""min_aov_v"":0.7910428047180176,""max_zoom"":64.0}",5.4509384
8748853685000,gimbal,2950,"{""imu_roll"":0.0,""imu_pitch"":15.869797706604004,""imu_yaw"":4.115128040313721,""frame_roll"":0.0,""frame_pitch"":15.869797706604004,""frame_yaw"":4.115128040313721,""pitch_speed"":0.0,""yaw_speed"":0.0}",5.4512588
8748869403000,target_offset,688,"{""x_angle_offset"":-0.1875,""y_angle_offset"":-0.7611269491690176}",5.4669768
8748875118800,fov,2951,"{""zoom"":1.0,""hfov"":90.0,""vfov"":58.71550750732422,""state"":0,""max_aov_h"":90.0,""max_aov_v"":58.71550750732422,""min_aov_h"":1.40625,""min_aov_v"":0.7910428047180176,""max_zoom"":64.0}",5.4726926
8748875419900,gimbal,2951,"{""imu_roll"":0.0,""imu_pitch"":15.756267547607422,""imu_yaw"":4.097349166870117,""frame_roll"":0.0,""frame_pitch"":15.756267547607422,""frame_yaw"":4.097349166870117,""pitch_speed"":0.0,""yaw_speed"":0.0}",5.4729937
8748886182100,fov,2952,"{""zoom"":1.0,""hfov"":90.0,""vfov"":58.71550750732422,""state"":0,""max_aov_h"":90.0,""max_aov_v"":58.71550750732422,""min_aov_h"":1.40625,""min_aov_v"":0.7910428047180176,""max_zoom"":64.0}",5.4837559
8748886453800,gimbal,2952,"{""imu_roll"":0.0,""imu_pitch"":15.665031433105469,""imu_yaw"":4.071648120880127,""frame_roll"":0.0,""frame_pitch"":15.665031433105469,""frame_yaw"":4.071648120880127,""pitch_speed"":0.0,""yaw_speed"":0.0}",5.4840276
8748890421100,attitude,1346,"{""message_type"":""ATTITUDE"",""time_boot_ms"":129610,""roll"":-0.06934873014688492,""pitch"":-0.46664223074913025,""yaw"":2.9484119415283203,""rollspeed"":-0.06691141426563263,""pitchspeed"":-0.1744060218334198,""yawspeed"":-0.03237023577094078}",5.4879949
8748890594100,vfr,673,"{""message_type"":""VFR_HUD"",""airspeed"":36.02775573730469,""alt"":170.55999755859375}",5.4881679
8748890698700,position,673,"{""message_type"":""GLOBAL_POSITION_INT"",""lat"":469499464,""lon"":393498403}",5.4882725
8748903473000,target_offset,689,"{""x_angle_offset"":-0.1875,""y_angle_offset"":-0.7611269491690176}",5.5010468
8748909663400,fov,2953,"{""zoom"":1.0,""hfov"":90.0,""vfov"":58.71550750732422,""state"":0,""max_aov_h"":90.0,""max_aov_v"":58.71550750732422,""min_aov_h"":1.40625,""min_aov_v"":0.7910428047180176,""max_zoom"":64.0}",5.5072372
8748909849300,gimbal,2953,"{""imu_roll"":0.0,""imu_pitch"":15.549408912658691,""imu_yaw"":4.042942047119141,""frame_roll"":0.0,""frame_pitch"":15.549408912658691,""frame_yaw"":4.042942047119141,""pitch_speed"":0.0,""yaw_speed"":0.0}",5.5074231
8748919168800,fov,2954,"{""zoom"":1.0,""hfov"":90.0,""vfov"":58.71550750732422,""state"":0,""max_aov_h"":90.0,""max_aov_v"":58.71550750732422,""min_aov_h"":1.40625,""min_aov_v"":0.7910428047180176,""max_zoom"":64.0}",5.5167426
8748919459700,gimbal,2954,"{""imu_roll"":0.0,""imu_pitch"":15.471251487731934,""imu_yaw"":4.021872043609619,""frame_roll"":0.0,""frame_pitch"":15.471251487731934,""frame_yaw"":4.021872043609619,""pitch_speed"":0.0,""yaw_speed"":0.0}",5.5170335
8748931383000,fov,2955,"{""zoom"":1.0,""hfov"":90.0,""vfov"":58.71550750732422,""state"":0,""max_aov_h"":90.0,""max_aov_v"":58.71550750732422,""min_aov_h"":1.40625,""min_aov_v"":0.7910428047180176,""max_zoom"":64.0}",5.5289568
8748931820200,gimbal,2955,"{""imu_roll"":0.0,""imu_pitch"":15.396323204040527,""imu_yaw"":4.004820823669434,""frame_roll"":0.0,""frame_pitch"":15.396323204040527,""frame_yaw"":4.004820823669434,""pitch_speed"":0.0,""yaw_speed"":0.0}",5.529394
8748938611200,attitude,1347,"{""message_type"":""ATTITUDE"",""time_boot_ms"":129670,""roll"":-0.07082449644804001,""pitch"":-0.4821309447288513,""yaw"":2.9465837478637695,""rollspeed"":-0.03815962374210358,""pitchspeed"":-0.18700087070465088,""yawspeed"":-0.03526108339428902}",5.536185
8748948602300,target_offset,690,"{""x_angle_offset"":-0.1875,""y_angle_offset"":-0.7611269491690176}",5.5461761
8748955688300,fov,2956,"{""zoom"":1.0,""hfov"":90.0,""vfov"":58.71550750732422,""state"":0,""max_aov_h"":90.0,""max_aov_v"":58.71550750732422,""min_aov_h"":1.40625,""min_aov_v"":0.7910428047180176,""max_zoom"":64.0}",5.5532621
8748956040000,gimbal,2956,"{""imu_roll"":0.0,""imu_pitch"":15.294852256774902,""imu_yaw"":3.986747980117798,""frame_roll"":0.0,""frame_pitch"":15.294852256774902,""frame_yaw"":3.986747980117798,""pitch_speed"":0.0,""yaw_speed"":0.0}",5.5536138
8748963949500,fov,2957,"{""zoom"":1.0,""hfov"":90.0,""vfov"":58.71550750732422,""state"":0,""max_aov_h"":90.0,""max_aov_v"":58.71550750732422,""min_aov_h"":1.40625,""min_aov_v"":0.7910428047180176,""max_zoom"":64.0}",5.5615233
8748964304300,gimbal,2957,"{""imu_roll"":0.0,""imu_pitch"":15.214134216308594,""imu_yaw"":3.9641003608703613,""frame_roll"":0.0,""frame_pitch"":15.214134216308594,""frame_yaw"":3.9641003608703613,""pitch_speed"":0.0,""yaw_speed"":0.0}",5.5618781
8748969456400,range,1231,"{""message_type"":""GLOBAL_VISION_POSITION_ESTIMATE"",""x"":46.94873809814453,""y"":39.3499870300293}",5.5670302
8748983377400,range,1232,"{""message_type"":""GLOBAL_VISION_POSITION_ESTIMATE"",""x"":46.94873809814453,""y"":39.3499870300293}",5.5809512
8748983987600,attitude,1348,"{""message_type"":""ATTITUDE"",""time_boot_ms"":129710,""roll"":-0.07074621319770813,""pitch"":-0.4926244020462036,""yaw"":2.9452474117279053,""rollspeed"":-0.018085207790136337,""pitchspeed"":-0.18719613552093506,""yawspeed"":-0.03721426799893379}",5.5815614
8748984132000,vfr,674,"{""message_type"":""VFR_HUD"",""airspeed"":36.340179443359375,""alt"":168.55999755859375}",5.5817058
8748984239400,position,674,"{""message_type"":""GLOBAL_POSITION_INT"",""lat"":469499464,""lon"":393498403}",5.5818132
8748989273900,target_offset,691,"{""x_angle_offset"":-0.1875,""y_angle_offset"":-0.652394527859158}",5.5868477
8749001536700,fov,2958,"{""zoom"":1.0,""hfov"":90.0,""vfov"":58.71550750732422,""state"":0,""max_aov_h"":90.0,""max_aov_v"":58.71550750732422,""min_aov_h"":1.40625,""min_aov_v"":0.7910428047180176,""max_zoom"":64.0}",5.5991105
8749001935300,gimbal,2958,"{""imu_roll"":0.0,""imu_pitch"":15.057716369628906,""imu_yaw"":3.923779010772705,""frame_roll"":0.0,""frame_pitch"":15.057716369628906,""frame_yaw"":3.923779010772705,""pitch_speed"":0.0,""yaw_speed"":0.0}",5.5995091
8749009087200,fov,2959,"{""zoom"":1.0,""hfov"":90.0,""vfov"":58.71550750732422,""state"":0,""max_aov_h"":90.0,""max_aov_v"":58.71550750732422,""min_aov_h"":1.40625,""min_aov_v"":0.7910428047180176,""max_zoom"":64.0}",5.606661
8749009449600,gimbal,2959,"{""imu_roll"":0.0,""imu_pitch"":14.973691940307617,""imu_yaw"":3.8964521884918213,""frame_roll"":0.0,""frame_pitch"":14.973691940307617,""frame_yaw"":3.8964521884918213,""pitch_speed"":0.0,""yaw_speed"":0.0}",5.6070234
8749020498600,fov,2960,"{""zoom"":1.0,""hfov"":90.0,""vfov"":58.71550750732422,""state"":0,""max_aov_h"":90.0,""max_aov_v"":58.71550750732422,""min_aov_h"":1.40625,""min_aov_v"":0.7910428047180176,""max_zoom"":64.0}",5.6180724
8749020792000,gimbal,2960,"{""imu_roll"":0.0,""imu_pitch"":14.918770790100098,""imu_yaw"":3.8816211223602295,""frame_roll"":0.0,""frame_pitch"":14.918770790100098,""frame_yaw"":3.8816211223602295,""pitch_speed"":0.0,""yaw_speed"":0.0}",5.6183658
8749036768000,target_offset,692,"{""x_angle_offset"":-0.1875,""y_angle_offset"":-0.652394527859158}",5.6343418
8749043190600,fov,2961,"{""zoom"":1.0,""hfov"":90.0,""vfov"":58.71550750732422,""state"":0,""max_aov_h"":90.0,""max_aov_v"":58.71550750732422,""min_aov_h"":1.40625,""min_aov_v"":0.7910428047180176,""max_zoom"":64.0}",5.6407644
8749043390700,gimbal,2961,"{""imu_roll"":0.0,""imu_pitch"":14.846599578857422,""imu_yaw"":3.866821765899658,""frame_roll"":0.0,""frame_pitch"":14.846599578857422,""frame_yaw"":3.866821765899658,""pitch_speed"":0.0,""yaw_speed"":0.0}",5.6409645
8749046260800,attitude,1349,"{""message_type"":""ATTITUDE"",""time_boot_ms"":129770,""roll"":-0.06908905506134033,""pitch"":-0.5077932476997375,""yaw"":2.943011522293091,""rollspeed"":0.00959791336208582,""pitchspeed"":-0.17219308018684387,""yawspeed"":-0.0399421863257885}",5.6438346
8749053324100,fov,2962,"{""zoom"":1.0,""hfov"":90.0,""vfov"":58.71550750732422,""state"":0,""max_aov_h"":90.0,""max_aov_v"":58.71550750732422,""min_aov_h"":1.40625,""min_aov_v"":0.7910428047180176,""max_zoom"":64.0}",5.6508979
8749053582600,gimbal,2962,"{""imu_roll"":0.0,""imu_pitch"":14.769487380981445,""imu_yaw"":3.843752384185791,""frame_roll"":0.0,""frame_pitch"":14.769487380981445,""frame_yaw"":3.843752384185791,""pitch_speed"":0.0,""yaw_speed"":0.0}",5.6511564
8749070535900,target_offset,693,"{""x_angle_offset"":-0.09375,""y_angle_offset"":-0.7611269491690176}",5.6681097
8749076262800,fov,2963,"{""zoom"":1.0,""hfov"":90.0,""vfov"":58.71550750732422,""state"":0,""max_aov_h"":90.0,""max_aov_v"":58.71550750732422,""min_aov_h"":1.40625,""min_aov_v"":0.7910428047180176,""max_zoom"":64.0}",5.6738366
8749076469600,gimbal,2963,"{""imu_roll"":0.0,""imu_pitch"":14.663387298583984,""imu_yaw"":3.8174567222595215,""frame_roll"":0.0,""frame_pitch"":14.663387298583984,""frame_yaw"":3.8174567222595215,""pitch_speed"":0.0,""yaw_speed"":0.0}",5.6740434
8749081225500,position,675,"{""message_type"":""GLOBAL_POSITION_INT"",""lat"":469498872,""lon"":393498603}",5.6787993
8749081628800,attitude,1350,"{""message_type"":""ATTITUDE"",""time_boot_ms"":129810,""roll"":-0.0670459046959877,""pitch"":-0.5172061920166016,""yaw"":2.941333055496216,""rollspeed"":0.02482609823346138,""pitchspeed"":-0.1565828174352646,""yawspeed"":-0.0414079949259758}",5.6792026
8749081791800,vfr,675,"{""message_type"":""VFR_HUD"",""airspeed"":36.67657470703125,""alt"":166.489990234375}",5.6793656
8749086925400,fov,2964,"{""zoom"":1.0,""hfov"":90.0,""vfov"":58.71550750732422,""state"":0,""max_aov_h"":90.0,""max_aov_v"":58.71550750732422,""min_aov_h"":1.40625,""min_aov_v"":0.7910428047180176,""max_zoom"":64.0}",5.6844992
8749087391400,gimbal,2964,"{""imu_roll"":0.0,""imu_pitch"":14.57615852355957,""imu_yaw"":3.806715965270996,""frame_roll"":0.0,""frame_pitch"":14.57615852355957,""frame_yaw"":3.806715965270996,""pitch_speed"":0.0,""yaw_speed"":0.0}",5.6849652
8749104417100,target_offset,694,"{""x_angle_offset"":-0.09375,""y_angle_offset"":-0.7611269491690176}",5.7019909
8749110468300,fov,2965,"{""zoom"":1.0,""hfov"":90.0,""vfov"":58.71550750732422,""state"":0,""max_aov_h"":90.0,""max_aov_v"":58.71550750732422,""min_aov_h"":1.40625,""min_aov_v"":0.7910428047180176,""max_zoom"":64.0}",5.7080421
8749110699900,gimbal,2965,"{""imu_roll"":0.0,""imu_pitch"":14.455609321594238,""imu_yaw"":3.7988991737365723,""frame_roll"":0.0,""frame_pitch"":14.455609321594238,""frame_yaw"":3.7988991737365723,""pitch_speed"":0.0,""yaw_speed"":0.0}",5.7082737
8749118967600,fov,2966,"{""zoom"":1.0,""hfov"":90.0,""vfov"":58.71550750732422,""state"":0,""max_aov_h"":90.0,""max_aov_v"":58.71550750732422,""min_aov_h"":1.40625,""min_aov_v"":0.7910428047180176,""max_zoom"":64.0}",5.7165414
8749119427200,gimbal,2966,"{""imu_roll"":0.0,""imu_pitch"":14.382142066955566,""imu_yaw"":3.786875009536743,""frame_roll"":0.0,""frame_pitch"":14.382142066955566,""frame_yaw"":3.786875009536743,""pitch_speed"":0.0,""yaw_speed"":0.0}",5.717001
8749124360400,range,1233,"{""message_type"":""GLOBAL_VISION_POSITION_ESTIMATE"",""x"":46.94870376586914,""y"":39.35001754760742}",5.7219342
8749127162700,range,1234,"{""message_type"":""GLOBAL_VISION_POSITION_ESTIMATE"",""x"":46.94870376586914,""y"":39.35001754760742}",5.7247365
8749131508700,fov,2967,"{""zoom"":1.0,""hfov"":90.0,""vfov"":58.71550750732422,""state"":0,""max_aov_h"":90.0,""max_aov_v"":58.71550750732422,""min_aov_h"":1.40625,""min_aov_v"":0.7910428047180176,""max_zoom"":64.0}",5.7290825
8749131865200,gimbal,2967,"{""imu_roll"":0.0,""imu_pitch"":14.306489944458008,""imu_yaw"":3.776038885116577,""frame_roll"":0.0,""frame_pitch"":14.306489944458008,""frame_yaw"":3.776038885116577,""pitch_speed"":0.0,""yaw_speed"":0.0}",5.729439
8749143009600,attitude,1351,"{""message_type"":""ATTITUDE"",""time_boot_ms"":129870,""roll"":-0.07093668729066849,""pitch"":-0.5160763263702393,""yaw"":2.942486524581909,""rollspeed"":0.04081147164106369,""pitchspeed"":-0.1336737722158432,""yawspeed"":-0.043123845010995865}",5.7405834
8749148099300,target_offset,695,"{""x_angle_offset"":0.0,""y_angle_offset"":-0.8698593704788773}",5.7456731
8749154415200,fov,2968,"{""zoom"":1.0,""hfov"":90.0,""vfov"":58.71550750732422,""state"":0,""max_aov_h"":90.0,""max_aov_v"":58.71550750732422,""min_aov_h"":1.40625,""min_aov_v"":0.7910428047180176,""max_zoom"":64.0}",5.751989
8749154675900,gimbal,2968,"{""imu_roll"":0.0,""imu_pitch"":14.198636054992676,""imu_yaw"":3.7644221782684326,""frame_roll"":0.0,""frame_pitch"":14.198636054992676,""frame_yaw"":3.7644221782684326,""pitch_speed"":0.0,""yaw_speed"":0.0}",5.7522497
8749163778500,fov,2969,"{""zoom"":1.0,""hfov"":90.0,""vfov"":58.71550750732422,""state"":0,""max_aov_h"":90.0,""max_aov_v"":58.71550750732422,""min_aov_h"":1.40625,""min_aov_v"":0.7910428047180176,""max_zoom"":64.0}",5.7613523
8749164042800,gimbal,2969,"{""imu_roll"":0.0,""imu_pitch"":14.1141357421875,""imu_yaw"":3.7636466026306152,""frame_roll"":0.0,""frame_pitch"":14.1141357421875,""frame_yaw"":3.7636466026306152,""pitch_speed"":0.0,""yaw_speed"":0.0}",5.7616166
8749181670300,target_offset,696,"{""x_angle_offset"":0.09375,""y_angle_offset"":-0.8698593704788773}",5.7792441
8749186948600,fov,2970,"{""zoom"":1.0,""hfov"":90.0,""vfov"":58.71550750732422,""state"":0,""max_aov_h"":90.0,""max_aov_v"":58.71550750732422,""min_aov_h"":1.40625,""min_aov_v"":0.7910428047180176,""max_zoom"":64.0}",5.7845224
8749187226600,gimbal,2970,"{""imu_roll"":0.0,""imu_pitch"":13.961153030395508,""imu_yaw"":3.769253969192505,""frame_roll"":0.0,""frame_pitch"":13.961153030395508,""frame_yaw"":3.769253969192505,""pitch_speed"":0.0,""yaw_speed"":0.0}",5.7848004
8749188370000,vfr,676,"{""message_type"":""VFR_HUD"",""airspeed"":37.00454330444336,""alt"":164.3300018310547}",5.7859438
8749188512000,position,676,"{""message_type"":""GLOBAL_POSITION_INT"",""lat"":469498872,""lon"":393498603}",5.7860858
8749188740000,attitude,1352,"{""message_type"":""ATTITUDE"",""time_boot_ms"":129910,""roll"":-0.0730045735836029,""pitch"":-0.5148438215255737,""yaw"":2.9431443214416504,""rollspeed"":0.049393557012081146,""pitchspeed"":-0.12727032601833344,""yawspeed"":-0.044172756373882294}",5.7863138
8749197363100,fov,2971,"{""zoom"":1.0,""hfov"":90.0,""vfov"":58.71550750732422,""state"":0,""max_aov_h"":90.0,""max_aov_v"":58.71550750732422,""min_aov_h"":1.40625,""min_aov_v"":0.7910428047180176,""max_zoom"":64.0}",5.7949369
8749197849100,gimbal,2971,"{""imu_roll"":0.0,""imu_pitch"":13.878461837768555,""imu_yaw"":3.7778160572052,""frame_roll"":0.0,""frame_pitch"":13.878461837768555,""frame_yaw"":3.7778160572052,""pitch_speed"":0.0,""yaw_speed"":0.0}",5.7954229
8749210574400,fov,2972,"{""zoom"":1.0,""hfov"":90.0,""vfov"":58.71550750732422,""state"":0,""max_aov_h"":90.0,""max_aov_v"":58.71550750732422,""min_aov_h"":1.40625,""min_aov_v"":0.7910428047180176,""max_zoom"":64.0}",5.8081482
8749210977300,gimbal,2972,"{""imu_roll"":0.0,""imu_pitch"":13.793169021606445,""imu_yaw"":3.7917261123657227,""frame_roll"":0.0,""frame_pitch"":13.793169021606445,""frame_yaw"":3.7917261123657227,""pitch_speed"":0.0,""yaw_speed"":0.0}",5.8085511
8749227735900,target_offset,697,"{""x_angle_offset"":0.1875,""y_angle_offset"":-0.8698593704788773}",5.8253097
8749234123900,fov,2973,"{""zoom"":1.0,""hfov"":90.0,""vfov"":58.71550750732422,""state"":0,""max_aov_h"":90.0,""max_aov_v"":58.71550750732422,""min_aov_h"":1.40625,""min_aov_v"":0.7910428047180176,""max_zoom"":64.0}",5.8316977
8749234323800,gimbal,2973,"{""imu_roll"":0.0,""imu_pitch"":13.684085845947266,""imu_yaw"":3.8170785903930664,""frame_roll"":0.0,""frame_pitch"":13.684085845947266,""frame_yaw"":3.8170785903930664,""pitch_speed"":0.0,""yaw_speed"":0.0}",5.8318976
8749236812200,attitude,1353,"{""message_type"":""ATTITUDE"",""time_boot_ms"":129970,""roll"":-0.07579978555440903,""pitch"":-0.5131913423538208,""yaw"":2.9441068172454834,""rollspeed"":0.053172484040260315,""pitchspeed"":-0.13615068793296814,""yawspeed"":-0.04508807137608528}",5.834386
8749241341700,fov,2974,"{""zoom"":1.0,""hfov"":90.0,""vfov"":58.71550750732422,""state"":0,""max_aov_h"":90.0,""max_aov_v"":58.71550750732422,""min_aov_h"":1.40625,""min_aov_v"":0.7910428047180176,""max_zoom"":64.0}",5.8389155
8749242709300,gimbal,2974,"{""imu_roll"":0.0,""imu_pitch"":13.594368934631348,""imu_yaw"":3.835860013961792,""frame_roll"":0.0,""frame_pitch"":13.594368934631348,""frame_yaw"":3.835860013961792,""pitch_speed"":0.0,""yaw_speed"":0.0}",5.8402831
8749253647400,fov,2975,"{""zoom"":1.0,""hfov"":90.0,""vfov"":58.71550750732422,""state"":0,""max_aov_h"":90.0,""max_aov_v"":58.71550750732422,""min_aov_h"":1.40625,""min_aov_v"":0.7910428047180176,""max_zoom"":64.0}",5.8512212
8749254026100,gimbal,2975,"{""imu_roll"":0.0,""imu_pitch"":13.512664794921875,""imu_yaw"":3.857801675796509,""frame_roll"":0.0,""frame_pitch"":13.512664794921875,""frame_yaw"":3.857801675796509,""pitch_speed"":0.0,""yaw_speed"":0.0}",5.8515999
8749272071700,target_offset,698,"{""x_angle_offset"":0.28125,""y_angle_offset"":-0.8698593704788773}",5.8696455
8749278449600,fov,2976,"{""zoom"":1.0,""hfov"":90.0,""vfov"":58.71550750732422,""state"":0,""max_aov_h"":90.0,""max_aov_v"":58.71550750732422,""min_aov_h"":1.40625,""min_aov_v"":0.7910428047180176,""max_zoom"":64.0}",5.8760234
8749278670100,gimbal,2976,"{""imu_roll"":0.0,""imu_pitch"":13.382637023925781,""imu_yaw"":3.897115707397461,""frame_roll"":0.0,""frame_pitch"":13.382637023925781,""frame_yaw"":3.897115707397461,""pitch_speed"":0.0,""yaw_speed"":0.0}",5.8762439
8749288709700,attitude,1354,"{""message_type"":""ATTITUDE"",""time_boot_ms"":130010,""roll"":-0.07774151116609573,""pitch"":-0.5127986073493958,""yaw"":2.944800853729248,""rollspeed"":0.05060647800564766,""pitchspeed"":-0.15341992676258087,""yawspeed"":-0.04556821286678314}",5.8862835
8749288910300,vfr,677,"{""message_type"":""VFR_HUD"",""airspeed"":37.34953689575195,""alt"":162.09999084472656}",5.8864841
8749289064400,position,677,"{""message_type"":""GLOBAL_POSITION_INT"",""lat"":469498872,""lon"":393498603}",5.8866382
8749289860600,fov,2977,"{""zoom"":1.0,""hfov"":90.0,""vfov"":58.71550750732422,""state"":0,""max_aov_h"":90.0,""max_aov_v"":58.71550750732422,""min_aov_h"":1.40625,""min_aov_v"":0.7910428047180176,""max_zoom"":64.0}",5.8874344
8749290245000,gimbal,2977,"{""imu_roll"":0.0,""imu_pitch"":13.28167724609375,""imu_yaw"":3.928649663925171,""frame_roll"":0.0,""frame_pitch"":13.28167724609375,""frame_yaw"":3.928649663925171,""pitch_speed"":0.0,""yaw_speed"":0.0}",5.8878188
8749295222000,range,1235,"{""message_type"":""GLOBAL_VISION_POSITION_ESTIMATE"",""x"":46.94868087768555,""y"":39.350006103515625}",5.8927958
8749303393400,range,1236,"{""message_type"":""GLOBAL_VISION_POSITION_ESTIMATE"",""x"":46.94868087768555,""y"":39.350006103515625}",5.9009672
8749304984900,target_offset,699,"{""x_angle_offset"":0.375,""y_angle_offset"":-0.7611269491690176}",5.9025587
8749311034000,fov,2978,"{""zoom"":1.0,""hfov"":90.0,""vfov"":58.71550750732422,""state"":0,""max_aov_h"":90.0,""max_aov_v"":58.71550750732422,""min_aov_h"":1.40625,""min_aov_v"":0.7910428047180176,""max_zoom"":64.0}",5.9086078
8749311270700,gimbal,2978,"{""imu_roll"":0.0,""imu_pitch"":13.15119743347168,""imu_yaw"":3.977541208267212,""frame_roll"":0.0,""frame_pitch"":13.15119743347168,""frame_yaw"":3.977541208267212,""pitch_speed"":0.0,""yaw_speed"":0.0}",5.9088445
8749321366300,fov,2979,"{""zoom"":1.0,""hfov"":90.0,""vfov"":58.71550750732422,""state"":0,""max_aov_h"":90.0,""max_aov_v"":58.71550750732422,""min_aov_h"":1.40625,""min_aov_v"":0.7910428047180176,""max_zoom"":64.0}",5.9189401
8749321723400,gimbal,2979,"{""imu_roll"":0.0,""imu_pitch"":13.078545570373535,""imu_yaw"":4.011935234069824,""frame_roll"":0.0,""frame_pitch"":13.078545570373535,""frame_yaw"":4.011935234069824,""pitch_speed"":0.0,""yaw_speed"":0.0}",5.9192972
8749333927400,fov,2980,"{""zoom"":1.0,""hfov"":90.0,""vfov"":58.71550750732422,""state"":0,""max_aov_h"":90.0,""max_aov_v"":58.71550750732422,""min_aov_h"":1.40625,""min_aov_v"":0.7910428047180176,""max_zoom"":64.0}",5.9315012
8749334205600,gimbal,2980,"{""imu_roll"":0.0,""imu_pitch"":13.00102424621582,""imu_yaw"":4.053194999694824,""frame_roll"":0.0,""frame_pitch"":13.00102424621582,""frame_yaw"":4.053194999694824,""pitch_speed"":0.0,""yaw_speed"":0.0}",5.9317794
8749336463100,attitude,1355,"{""message_type"":""ATTITUDE"",""time_boot_ms"":130070,""roll"":-0.07495076209306717,""pitch"":-0.5240371823310852,""yaw"":2.9429872035980225,""rollspeed"":0.03980742394924164,""pitchspeed"":-0.18443740904331207,""yawspeed"":-0.04551466926932335}",5.9340369
8749350810300,target_offset,700,"{""x_angle_offset"":0.375,""y_angle_offset"":-0.7611269491690176}",5.9483841
8749356240200,fov,2981,"{""zoom"":1.0,""hfov"":90.0,""vfov"":58.71550750732422,""state"":0,""max_aov_h"":90.0,""max_aov_v"":58.71550750732422,""min_aov_h"":1.40625,""min_aov_v"":0.7910428047180176,""max_zoom"":64.0}",5.953814
8749356454000,gimbal,2981,"{""imu_roll"":0.0,""imu_pitch"":12.902832984924316,""imu_yaw"":4.114801406860352,""frame_roll"":0.0,""frame_pitch"":12.902832984924316,""frame_yaw"":4.114801406860352,""pitch_speed"":0.0,""yaw_speed"":0.0}",5.9540278
8749365591400,fov,2982,"{""zoom"":1.0,""hfov"":90.0,""vfov"":58.71550750732422,""state"":0,""max_aov_h"":90.0,""max_aov_v"":58.71550750732422,""min_aov_h"":1.40625,""min_aov_v"":0.7910428047180176,""max_zoom"":64.0}",5.9631652
8749365980100,gimbal,2982,"{""imu_roll"":0.0,""imu_pitch"":12.821072578430176,""imu_yaw"":4.151947498321533,""frame_roll"":0.0,""frame_pitch"":12.821072578430176,""frame_yaw"":4.151947498321533,""pitch_speed"":0.0,""yaw_speed"":0.0}",5.9635539
8749383767200,target_offset,701,"{""x_angle_offset"":0.375,""y_angle_offset"":-0.7611269491690176}",5.981341
8749388571300,attitude,1356,"{""message_type"":""ATTITUDE"",""time_boot_ms"":130110,""roll"":-0.0715794563293457,""pitch"":-0.5359642505645752,""yaw"":2.9408628940582275,""rollspeed"":0.02765738032758236,""pitchspeed"":-0.20294936001300812,""yawspeed"":-0.045183297246694565}",5.9861451
8749388870700,vfr,678,"{""message_type"":""VFR_HUD"",""airspeed"":37.705078125,""alt"":159.8000030517578}",5.9864445
8749389605200,position,678,"{""message_type"":""GLOBAL_POSITION_INT"",""lat"":469498199,""lon"":393498788}",5.987179
8749390460200,fov,2983,"{""zoom"":1.0,""hfov"":90.0,""vfov"":58.71550750732422,""state"":0,""max_aov_h"":90.0,""max_aov_v"":58.71550750732422,""min_aov_h"":1.40625,""min_aov_v"":0.7910428047180176,""max_zoom"":64.0}",5.988034
8749390929500,gimbal,2983,"{""imu_roll"":0.0,""imu_pitch"":12.697490692138672,""imu_yaw"":4.213849067687988,""frame_roll"":0.0,""frame_pitch"":12.697490692138672,""frame_yaw"":4.213849067687988,""pitch_speed"":0.0,""yaw_speed"":0.0}",5.9885033
8749399267300,fov,2984,"{""zoom"":1.0,""hfov"":90.0,""vfov"":58.71550750732422,""state"":0,""max_aov_h"":90.0,""max_aov_v"":58.71550750732422,""min_aov_h"":1.40625,""min_aov_v"":0.7910428047180176,""max_zoom"":64.0}",5.9968411
8749399704800,gimbal,2984,"{""imu_roll"":0.0,""imu_pitch"":12.617303848266602,""imu_yaw"":4.2520222663879395,""frame_roll"":0.0,""frame_pitch"":12.617303848266602,""frame_yaw"":4.2520222663879395,""pitch_speed"":0.0,""yaw_speed"":0.0}",5.9972786
8749410814000,fov,2985,"{""zoom"":1.0,""hfov"":90.0,""vfov"":58.71550750732422,""state"":0,""max_aov_h"":90.0,""max_aov_v"":58.71550750732422,""min_aov_h"":1.40625,""min_aov_v"":0.7910428047180176,""max_zoom"":64.0}",6.0083878
8749411083000,gimbal,2985,"{""imu_roll"":0.0,""imu_pitch"":12.550932884216309,""imu_yaw"":4.28828239440918,""frame_roll"":0.0,""frame_pitch"":12.550932884216309,""frame_yaw"":4.28828239440918,""pitch_speed"":0.0,""yaw_speed"":0.0}",6.0086568
8749428664600,target_offset,702,"{""x_angle_offset"":0.375,""y_angle_offset"":-0.7611269491690176}",6.0262384
8749433356500,fov,2986,"{""zoom"":1.0,""hfov"":90.0,""vfov"":58.71550750732422,""state"":0,""max_aov_h"":90.0,""max_aov_v"":58.71550750732422,""min_aov_h"":1.40625,""min_aov_v"":0.7910428047180176,""max_zoom"":64.0}",6.0309303
8749433591200,gimbal,2986,"{""imu_roll"":0.0,""imu_pitch"":12.442399978637695,""imu_yaw"":4.354738235473633,""frame_roll"":0.0,""frame_pitch"":12.442399978637695,""frame_yaw"":4.354738235473633,""pitch_speed"":0.0,""yaw_speed"":0.0}",6.031165
8749443366700,attitude,1357,"{""message_type"":""ATTITUDE"",""time_boot_ms"":130170,""roll"":-0.06766851991415024,""pitch"":-0.5545510053634644,""yaw"":2.937713623046875,""rollspeed"":0.0030628624372184277,""pitchspeed"":-0.2122776061296463,""yawspeed"":-0.043928973376750946}",6.0409405
8749443962700,fov,2987,"{""zoom"":1.0,""hfov"":90.0,""vfov"":58.71550750732422,""state"":0,""max_aov_h"":90.0,""max_aov_v"":58.71550750732422,""min_aov_h"":1.40625,""min_aov_v"":0.7910428047180176,""max_zoom"":64.0}",6.0415365
8749444227100,gimbal,2987,"{""imu_roll"":0.0,""imu_pitch"":12.366632461547852,""imu_yaw"":4.389310836791992,""frame_roll"":0.0,""frame_pitch"":12.366632461547852,""frame_yaw"":4.389310836791992,""pitch_speed"":0.0,""yaw_speed"":0.0}",6.0418009
8749450187600,range,1237,"{""message_type"":""GLOBAL_VISION_POSITION_ESTIMATE"",""x"":46.94866943359375,""y"":39.35001754760742}",6.0477614
8749455258200,fov,2988,"{""zoom"":1.0,""hfov"":90.0,""vfov"":58.71550750732422,""state"":0,""max_aov_h"":90.0,""max_aov_v"":58.71550750732422,""min_aov_h"":1.40625,""min_aov_v"":0.7910428047180176,""max_zoom"":64.0}",6.052832
8749455641500,gimbal,2988,"{""imu_roll"":0.0,""imu_pitch"":12.296747207641602,""imu_yaw"":4.42436408996582,""frame_roll"":0.0,""frame_pitch"":12.296747207641602,""frame_yaw"":4.42436408996582,""pitch_speed"":0.0,""yaw_speed"":0.0}",6.0532153
8749460151900,range,1238,"{""message_type"":""GLOBAL_VISION_POSITION_ESTIMATE"",""x"":46.94866943359375,""y"":39.35001754760742}",6.0577257
8749474637700,target_offset,703,"{""x_angle_offset"":0.375,""y_angle_offset"":-0.7611269491690176}",6.0722115
8749480049100,vfr,679,"{""message_type"":""VFR_HUD"",""airspeed"":38.04388427734375,""alt"":157.42999267578125}",6.0776229
8749480174000,position,679,"{""message_type"":""GLOBAL_POSITION_INT"",""lat"":469498199,""lon"":393498788}",6.0777478
8749480397700,attitude,1358,"{""message_type"":""ATTITUDE"",""time_boot_ms"":130210,""roll"":-0.06590454280376434,""pitch"":-0.5668188333511353,""yaw"":2.935642719268799,""rollspeed"":-0.014294315129518509,""pitchspeed"":-0.20649965107440948,""yawspeed"":-0.04273558780550957}",6.0779715
8749480860500,fov,2989,"{""zoom"":1.0,""hfov"":90.0,""vfov"":58.71550750732422,""state"":0,""max_aov_h"":90.0,""max_aov_v"":58.71550750732422,""min_aov_h"":1.40625,""min_aov_v"":0.7910428047180176,""max_zoom"":64.0}",6.0784343
8749481169300,gimbal,2989,"{""imu_roll"":0.0,""imu_pitch"":12.18790340423584,""imu_yaw"":4.485916614532471,""frame_roll"":0.0,""frame_pitch"":12.18790340423584,""frame_yaw"":4.485916614532471,""pitch_speed"":0.0,""yaw_speed"":0.0}",6.0787431
8749487964100,fov,2990,"{""zoom"":1.0,""hfov"":90.0,""vfov"":58.71550750732422,""state"":0,""max_aov_h"":90.0,""max_aov_v"":58.71550750732422,""min_aov_h"":1.40625,""min_aov_v"":0.7910428047180176,""max_zoom"":64.0}",6.0855379
8749488341400,gimbal,2990,"{""imu_roll"":0.0,""imu_pitch"":12.109207153320312,""imu_yaw"":4.521413803100586,""frame_roll"":0.0,""frame_pitch"":12.109207153320312,""frame_yaw"":4.521413803100586,""pitch_speed"":0.0,""yaw_speed"":0.0}",6.0859152
8749506501000,target_offset,704,"{""x_angle_offset"":0.375,""y_angle_offset"":-0.8698593704788773}",6.1040748
8749511183700,fov,2991,"{""zoom"":1.0,""hfov"":90.0,""vfov"":58.71550750732422,""state"":0,""max_aov_h"":90.0,""max_aov_v"":58.71550750732422,""min_aov_h"":1.40625,""min_aov_v"":0.7910428047180176,""max_zoom"":64.0}",6.1087575
8749511437400,gimbal,2991,"{""imu_roll"":0.0,""imu_pitch"":11.979820251464844,""imu_yaw"":4.586833477020264,""frame_roll"":0.0,""frame_pitch"":11.979820251464844,""frame_yaw"":4.586833477020264,""pitch_speed"":0.0,""yaw_speed"":0.0}",6.1090112
8749522061300,fov,2992,"{""zoom"":1.0,""hfov"":90.0,""vfov"":58.71550750732422,""state"":0,""max_aov_h"":90.0,""max_aov_v"":58.71550750732422,""min_aov_h"":1.40625,""min_aov_v"":0.7910428047180176,""max_zoom"":64.0}",6.1196351
8749522440300,gimbal,2992,"{""imu_roll"":0.0,""imu_pitch"":11.890020370483398,""imu_yaw"":4.621603965759277,""frame_roll"":0.0,""frame_pitch"":11.890020370483398,""frame_yaw"":4.621603965759277,""pitch_speed"":0.0,""yaw_speed"":0.0}",6.1200141
8749534799500,fov,2993,"{""zoom"":1.0,""hfov"":90.0,""vfov"":58.71550750732422,""state"":0,""max_aov_h"":90.0,""max_aov_v"":58.71550750732422,""min_aov_h"":1.40625,""min_aov_v"":0.7910428047180176,""max_zoom"":64.0}",6.1323733
8749535152900,gimbal,2993,"{""imu_roll"":0.0,""imu_pitch"":11.802976608276367,""imu_yaw"":4.659534931182861,""frame_roll"":0.0,""frame_pitch"":11.802976608276367,""frame_yaw"":4.659534931182861,""pitch_speed"":0.0,""yaw_speed"":0.0}",6.1327267
8749546950800,attitude,1359,"{""message_type"":""ATTITUDE"",""time_boot_ms"":130270,""roll"":-0.06793888658285141,""pitch"":-0.5798924565315247,""yaw"":2.934457778930664,""rollspeed"":-0.03645012527704239,""pitchspeed"":-0.1831454187631607,""yawspeed"":-0.040648553520441055}",6.1445246
8749551963200,target_offset,705,"{""x_angle_offset"":0.28125,""y_angle_offset"":-0.8698593704788773}",6.149537
8749558248200,fov,2994,"{""zoom"":1.0,""hfov"":90.0,""vfov"":58.71550750732422,""state"":0,""max_aov_h"":90.0,""max_aov_v"":58.71550750732422,""min_aov_h"":1.40625,""min_aov_v"":0.7910428047180176,""max_zoom"":64.0}",6.155822
8749558458300,gimbal,2994,"{""imu_roll"":0.0,""imu_pitch"":11.686180114746094,""imu_yaw"":4.718186855316162,""frame_roll"":0.0,""frame_pitch"":11.686180114746094,""frame_yaw"":4.718186855316162,""pitch_speed"":0.0,""yaw_speed"":0.0}",6.1560321
8749566395600,fov,2995,"{""zoom"":1.0,""hfov"":90.0,""vfov"":58.71550750732422,""state"":0,""max_aov_h"":90.0,""max_aov_v"":58.71550750732422,""min_aov_h"":1.40625,""min_aov_v"":0.7910428047180176,""max_zoom"":64.0}",6.1639694
8749566879600,gimbal,2995,"{""imu_roll"":0.0,""imu_pitch"":11.59819507598877,""imu_yaw"":4.7415900230407715,""frame_roll"":0.0,""frame_pitch"":11.59819507598877,""frame_yaw"":4.7415900230407715,""pitch_speed"":0.0,""yaw_speed"":0.0}",6.1644534
8749579384500,vfr,680,"{""message_type"":""VFR_HUD"",""airspeed"":38.393028259277344,""alt"":154.989990234375}",6.1769583
8749579543200,position,680,"{""message_type"":""GLOBAL_POSITION_INT"",""lat"":469497607,""lon"":393499006}",6.177117
8749579786200,attitude,1360,"{""message_type"":""ATTITUDE"",""time_boot_ms"":130310,""roll"":-0.07463908195495605,""pitch"":-0.5819871425628662,""yaw"":2.936288833618164,""rollspeed"":-0.04592430591583252,""pitchspeed"":-0.16641725599765778,""yawspeed"":-0.0391867496073246}",6.17736
8749587281400,target_offset,706,"{""x_angle_offset"":0.1875,""y_angle_offset"":-0.978591791788737}",6.1848552
8749592430500,fov,2996,"{""zoom"":1.0,""hfov"":90.0,""vfov"":58.71550750732422,""state"":0,""max_aov_h"":90.0,""max_aov_v"":58.71550750732422,""min_aov_h"":1.40625,""min_aov_v"":0.7910428047180176,""max_zoom"":64.0}",6.1900043
8749592636800,gimbal,2996,"{""imu_roll"":0.0,""imu_pitch"":11.455392837524414,""imu_yaw"":4.786084175109863,""frame_roll"":0.0,""frame_pitch"":11.455392837524414,""frame_yaw"":4.786084175109863,""pitch_speed"":0.0,""yaw_speed"":0.0}",6.1902106
8749601853900,fov,2997,"{""zoom"":1.0,""hfov"":90.0,""vfov"":58.71550750732422,""state"":0,""max_aov_h"":90.0,""max_aov_v"":58.71550750732422,""min_aov_h"":1.40625,""min_aov_v"":0.7910428047180176,""max_zoom"":64.0}",6.1994277
8749602131400,gimbal,2997,"{""imu_roll"":0.0,""imu_pitch"":11.338711738586426,""imu_yaw"":4.8048882484436035,""frame_roll"":0.0,""frame_pitch"":11.338711738586426,""frame_yaw"":4.8048882484436035,""pitch_speed"":0.0,""yaw_speed"":0.0}",6.1997052
8749605398100,range,1239,"{""message_type"":""GLOBAL_VISION_POSITION_ESTIMATE"",""x"":46.948638916015625,""y"":39.350013732910156}",6.2029719
8749614045500,fov,2998,"{""zoom"":1.0,""hfov"":90.0,""vfov"":58.71550750732422,""state"":0,""max_aov_h"":90.0,""max_aov_v"":58.71550750732422,""min_aov_h"":1.40625,""min_aov_v"":0.7910428047180176,""max_zoom"":64.0}",6.2116193
8749614432300,gimbal,2998,"{""imu_roll"":0.0,""imu_pitch"":11.245649337768555,""imu_yaw"":4.823714256286621,""frame_roll"":0.0,""frame_pitch"":11.245649337768555,""frame_yaw"":4.823714256286621,""pitch_speed"":0.0,""yaw_speed"":0.0}",6.2120061
8749619271400,range,1240,"{""message_type"":""GLOBAL_VISION_POSITION_ESTIMATE"",""x"":46.948638916015625,""y"":39.350013732910156}",6.2168452
8749631104800,target_offset,707,"{""x_angle_offset"":0.1875,""y_angle_offset"":-0.978591791788737}",6.2286786
8749637197900,attitude,1361,"{""message_type"":""ATTITUDE"",""time_boot_ms"":130370,""roll"":-0.08507097512483597,""pitch"":-0.5842938423156738,""yaw"":2.9391849040985107,""rollspeed"":-0.04883228987455368,""pitchspeed"":-0.15424863994121552,""yawspeed"":-0.03711552172899246}",6.2347717
8749638340000,fov,2999,"{""zoom"":1.0,""hfov"":90.0,""vfov"":58.71550750732422,""state"":0,""max_aov_h"":90.0,""max_aov_v"":58.71550750732422,""min_aov_h"":1.40625,""min_aov_v"":0.7910428047180176,""max_zoom"":64.0}",6.2359138
8749638578400,gimbal,2999,"{""imu_roll"":0.0,""imu_pitch"":11.119626998901367,""imu_yaw"":4.853917598724365,""frame_roll"":0.0,""frame_pitch"":11.119626998901367,""frame_yaw"":4.853917598724365,""pitch_speed"":0.0,""yaw_speed"":0.0}",6.2361522
8749646848800,fov,3000,"{""zoom"":1.0,""hfov"":90.0,""vfov"":58.71550750732422,""state"":0,""max_aov_h"":90.0,""max_aov_v"":58.71550750732422,""min_aov_h"":1.40625,""min_aov_v"":0.7910428047180176,""max_zoom"":64.0}",6.2444226
8749647307000,gimbal,3000,"{""imu_roll"":0.0,""imu_pitch"":11.009025573730469,""imu_yaw"":4.873998165130615,""frame_roll"":0.0,""frame_pitch"":11.009025573730469,""frame_yaw"":4.873998165130615,""pitch_speed"":0.0,""yaw_speed"":0.0}",6.2448808
8749663893000,target_offset,708,"{""x_angle_offset"":0.1875,""y_angle_offset"":-1.0873242130985967}",6.2614668
8749671790900,fov,3001,"{""zoom"":1.0,""hfov"":90.0,""vfov"":58.71550750732422,""state"":0,""max_aov_h"":90.0,""max_aov_v"":58.71550750732422,""min_aov_h"":1.40625,""min_aov_v"":0.7910428047180176,""max_zoom"":64.0}",6.2693647
8749672026400,gimbal,3001,"{""imu_roll"":0.0,""imu_pitch"":10.849803924560547,""imu_yaw"":4.906548023223877,""frame_roll"":0.0,""frame_pitch"":10.849803924560547,""frame_yaw"":4.906548023223877,""pitch_speed"":0.0,""yaw_speed"":0.0}",6.2696002
8749678438200,position,681,"{""message_type"":""GLOBAL_POSITION_INT"",""lat"":469497607,""lon"":393499006}",6.276012
8749678755400,attitude,1362,"{""message_type"":""ATTITUDE"",""time_boot_ms"":130410,""roll"":-0.09194159507751465,""pitch"":-0.5858249664306641,""yaw"":2.9412992000579834,""rollspeed"":-0.04248162731528282,""pitchspeed"":-0.15823809802532196,""yawspeed"":-0.03599350526928902}",6.2763292
8749678943600,vfr,681,"{""message_type"":""VFR_HUD"",""airspeed"":38.74835205078125,""alt"":152.4499969482422}",6.2765174
8749681680900,fov,3002,"{""zoom"":1.0,""hfov"":90.0,""vfov"":58.71550750732422,""state"":0,""max_aov_h"":90.0,""max_aov_v"":58.71550750732422,""min_aov_h"":1.40625,""min_aov_v"":0.7910428047180176,""max_zoom"":64.0}",6.2792547
8749682018000,gimbal,3002,"{""imu_roll"":0.0,""imu_pitch"":10.725759506225586,""imu_yaw"":4.925965309143066,""frame_roll"":0.0,""frame_pitch"":10.725759506225586,""frame_yaw"":4.925965309143066,""pitch_speed"":0.0,""yaw_speed"":0.0}",6.2795918
8749695167700,fov,3003,"{""zoom"":1.0,""hfov"":90.0,""vfov"":58.71550750732422,""state"":0,""max_aov_h"":90.0,""max_aov_v"":58.71550750732422,""min_aov_h"":1.40625,""min_aov_v"":0.7910428047180176,""max_zoom"":64.0}",6.2927415
8749695412300,gimbal,3003,"{""imu_roll"":0.0,""imu_pitch"":10.61783504486084,""imu_yaw"":4.947249889373779,""frame_roll"":0.0,""frame_pitch"":10.61783504486084,""frame_yaw"":4.947249889373779,""pitch_speed"":0.0,""yaw_speed"":0.0}",6.2929861
8749712928100,target_offset,709,"{""x_angle_offset"":0.1875,""y_angle_offset"":-1.0873242130985967}",6.3105019
8749719060500,fov,3004,"{""zoom"":1.0,""hfov"":90.0,""vfov"":58.71550750732422,""state"":0,""max_aov_h"":90.0,""max_aov_v"":58.71550750732422,""min_aov_h"":1.40625,""min_aov_v"":0.7910428047180176,""max_zoom"":64.0}",6.3166343
8749719429200,gimbal,3004,"{""imu_roll"":0.0,""imu_pitch"":10.466541290283203,""imu_yaw"":4.984086990356445,""frame_roll"":0.0,""frame_pitch"":10.466541290283203,""frame_yaw"":4.984086990356445,""pitch_speed"":0.0,""yaw_speed"":0.0}",6.317003
8749727625600,fov,3005,"{""zoom"":1.0,""hfov"":90.0,""vfov"":58.71550750732422,""state"":0,""max_aov_h"":90.0,""max_aov_v"":58.71550750732422,""min_aov_h"":1.40625,""min_aov_v"":0.7910428047180176,""max_zoom"":64.0}",6.3251994
8749728024100,gimbal,3005,"{""imu_roll"":0.0,""imu_pitch"":10.356136322021484,""imu_yaw"":4.999799728393555,""frame_roll"":0.0,""frame_pitch"":10.356136322021484,""frame_yaw"":4.999799728393555,""pitch_speed"":0.0,""yaw_speed"":0.0}",6.3255979
8749741106600,attitude,1363,"{""message_type"":""ATTITUDE"",""time_boot_ms"":130470,""roll"":-0.10146847367286682,""pitch"":-0.5886895656585693,""yaw"":2.9447262287139893,""rollspeed"":-0.020725565031170845,""pitchspeed"":-0.17258550226688385,""yawspeed"":-0.03460480272769928}",6.3386804
8749746775600,target_offset,710,"{""x_angle_offset"":0.09375,""y_angle_offset"":-1.0873242130985967}",6.3443494
8749752396300,fov,3006,"{""zoom"":1.0,""hfov"":90.0,""vfov"":58.71550750732422,""state"":0,""max_aov_h"":90.0,""max_aov_v"":58.71550750732422,""min_aov_h"":1.40625,""min_aov_v"":0.7910428047180176,""max_zoom"":64.0}",6.3499701
8749752662000,gimbal,3006,"{""imu_roll"":0.0,""imu_pitch"":10.165350914001465,""imu_yaw"":5.033006191253662,""frame_roll"":0.0,""frame_pitch"":10.165350914001465,""frame_yaw"":5.033006191253662,""pitch_speed"":0.0,""yaw_speed"":0.0}",6.3502358
8749761879400,fov,3007,"{""zoom"":1.0,""hfov"":90.0,""vfov"":58.71550750732422,""state"":0,""max_aov_h"":90.0,""max_aov_v"":58.71550750732422,""min_aov_h"":1.40625,""min_aov_v"":0.7910428047180176,""max_zoom"":64.0}",6.3594532
8749762413600,gimbal,3007,"{""imu_roll"":0.0,""imu_pitch"":10.064884185791016,""imu_yaw"":5.037693023681641,""frame_roll"":0.0,""frame_pitch"":10.064884185791016,""frame_yaw"":5.037693023681641,""pitch_speed"":0.0,""yaw_speed"":0.0}",6.3599874
8749774380600,fov,3008,"{""zoom"":1.0,""hfov"":90.0,""vfov"":58.71550750732422,""state"":0,""max_aov_h"":90.0,""max_aov_v"":58.71550750732422,""min_aov_h"":1.40625,""min_aov_v"":0.7910428047180176,""max_zoom"":64.0}",6.3719544
8749774627300,gimbal,3008,"{""imu_roll"":0.0,""imu_pitch"":9.960906982421875,""imu_yaw"":5.04587459564209,""frame_roll"":0.0,""frame_pitch"":9.960906982421875,""frame_yaw"":5.04587459564209,""pitch_speed"":0.0,""yaw_speed"":0.0}",6.3722011
8749776193200,range,1241,"{""message_type"":""GLOBAL_VISION_POSITION_ESTIMATE"",""x"":46.948612213134766,""y"":39.34999084472656}",6.373767
8749783194200,range,1242,"{""message_type"":""GLOBAL_VISION_POSITION_ESTIMATE"",""x"":46.948612213134766,""y"":39.34999084472656}",6.380768
8749783498300,attitude,1364,"{""message_type"":""ATTITUDE"",""time_boot_ms"":130510,""roll"":-0.09768505394458771,""pitch"":-0.6010102033615112,""yaw"":2.9423179626464844,""rollspeed"":0.004019605927169323,""pitchspeed"":-0.1885804533958435,""yawspeed"":-0.034235063940286636}",6.3810721
8749784427600,vfr,682,"{""message_type"":""VFR_HUD"",""airspeed"":39.10700607299805,""alt"":149.8300018310547}",6.3820014
8749784537400,position,682,"{""message_type"":""GLOBAL_POSITION_INT"",""lat"":469496949,""lon"":393499165}",6.3821112
8749791563100,target_offset,711,"{""x_angle_offset"":0.09375,""y_angle_offset"":-1.0873242130985967}",6.3891369
8749799269400,fov,3009,"{""zoom"":1.0,""hfov"":90.0,""vfov"":58.71550750732422,""state"":0,""max_aov_h"":90.0,""max_aov_v"":58.71550750732422,""min_aov_h"":1.40625,""min_aov_v"":0.7910428047180176,""max_zoom"":64.0}",6.3968432
8749799507500,gimbal,3009,"{""imu_roll"":0.0,""imu_pitch"":9.808785438537598,""imu_yaw"":5.061187267303467,""frame_roll"":0.0,""frame_pitch"":9.808785438537598,""frame_yaw"":5.061187267303467,""pitch_speed"":0.0,""yaw_speed"":0.0}",6.3970813
8749809528000,fov,3010,"{""zoom"":1.0,""hfov"":90.0,""vfov"":58.71550750732422,""state"":0,""max_aov_h"":90.0,""max_aov_v"":58.71550750732422,""min_aov_h"":1.40625,""min_aov_v"":0.7910428047180176,""max_zoom"":64.0}",6.4071018
8749809907400,gimbal,3010,"{""imu_roll"":0.0,""imu_pitch"":9.680913925170898,""imu_yaw"":5.069022178649902,""frame_roll"":0.0,""frame_pitch"":9.680913925170898,""frame_yaw"":5.069022178649902,""pitch_speed"":0.0,""yaw_speed"":0.0}",6.4074812
8749825731800,target_offset,712,"{""x_angle_offset"":0.0,""y_angle_offset"":-0.978591791788737}",6.4233056
8749830878900,fov,3011,"{""zoom"":1.0,""hfov"":90.0,""vfov"":58.71550750732422,""state"":0,""max_aov_h"":90.0,""max_aov_v"":58.71550750732422,""min_aov_h"":1.40625,""min_aov_v"":0.7910428047180176,""max_zoom"":64.0}",6.4284527
8749831173800,gimbal,3011,"{""imu_roll"":0.0,""imu_pitch"":9.505788803100586,""imu_yaw"":5.086355686187744,""frame_roll"":0.0,""frame_pitch"":9.505788803100586,""frame_yaw"":5.086355686187744,""pitch_speed"":0.0,""yaw_speed"":0.0}",6.4287476
8749841906200,fov,3012,"{""zoom"":1.0,""hfov"":90.0,""vfov"":58.71550750732422,""state"":0,""max_aov_h"":90.0,""max_aov_v"":58.71550750732422,""min_aov_h"":1.40625,""min_aov_v"":0.7910428047180176,""max_zoom"":64.0}",6.43948
8749842272100,gimbal,3012,"{""imu_roll"":0.0,""imu_pitch"":9.4175443649292,""imu_yaw"":5.082775592803955,""frame_roll"":0.0,""frame_pitch"":9.4175443649292,""frame_yaw"":5.082775592803955,""pitch_speed"":0.0,""yaw_speed"":0.0}",6.4398459
8749852556900,attitude,1365,"{""message_type"":""ATTITUDE"",""time_boot_ms"":130570,""roll"":-0.08988095819950104,""pitch"":-0.6204224824905396,""yaw"":2.938616991043091,""rollspeed"":0.044942665845155716,""pitchspeed"":-0.2046910673379898,""yawspeed"":-0.03382248431444168}",6.4501307
8749854179900,fov,3013,"{""zoom"":1.0,""hfov"":90.0,""vfov"":58.71550750732422,""state"":0,""max_aov_h"":90.0,""max_aov_v"":58.71550750732422,""min_aov_h"":1.40625,""min_aov_v"":0.7910428047180176,""max_zoom"":64.0}",6.4517537
8749854603500,gimbal,3013,"{""imu_roll"":0.0,""imu_pitch"":9.3235502243042,""imu_yaw"":5.079648971557617,""frame_roll"":0.0,""frame_pitch"":9.3235502243042,""frame_yaw"":5.079648971557617,""pitch_speed"":0.0,""yaw_speed"":0.0}",6.4521773
8749871445700,target_offset,713,"{""x_angle_offset"":0.0,""y_angle_offset"":-0.978591791788737}",6.4690195
8749878137200,fov,3014,"{""zoom"":1.0,""hfov"":90.0,""vfov"":58.71550750732422,""state"":0,""max_aov_h"":90.0,""max_aov_v"":58.71550750732422,""min_aov_h"":1.40625,""min_aov_v"":0.7910428047180176,""max_zoom"":64.0}",6.475711
8749878469700,gimbal,3014,"{""imu_roll"":0.0,""imu_pitch"":9.192841529846191,""imu_yaw"":5.080793380737305,""frame_roll"":0.0,""frame_pitch"":9.192841529846191,""frame_yaw"":5.080793380737305,""pitch_speed"":0.0,""yaw_speed"":0.0}",6.4760435
8749884352900,attitude,1366,"{""message_type"":""ATTITUDE"",""time_boot_ms"":130610,""roll"":-0.08327219635248184,""pitch"":-0.6335104703903198,""yaw"":2.936002492904663,""rollspeed"":0.06986307352781296,""pitchspeed"":-0.2041131556034088,""yawspeed"":-0.033314209431409836}",6.4819267
8749884641300,vfr,683,"{""message_type"":""VFR_HUD"",""airspeed"":39.46686553955078,""alt"":147.13999938964844}",6.4822151
8749884821800,position,683,"{""message_type"":""GLOBAL_POSITION_INT"",""lat"":469496949,""lon"":393499165}",6.4823956
8749887812300,fov,3015,"{""zoom"":1.0,""hfov"":90.0,""vfov"":58.71550750732422,""state"":0,""max_aov_h"":90.0,""max_aov_v"":58.71550750732422,""min_aov_h"":1.40625,""min_aov_v"":0.7910428047180176,""max_zoom"":64.0}",6.4853861
8749888214000,gimbal,3015,"{""imu_roll"":0.0,""imu_pitch"":9.089516639709473,""imu_yaw"":5.080183029174805,""frame_roll"":0.0,""frame_pitch"":9.089516639709473,""frame_yaw"":5.080183029174805,""pitch_speed"":0.0,""yaw_speed"":0.0}",6.4857878
8749908664100,target_offset,714,"{""x_angle_offset"":0.0,""y_angle_offset"":-0.978591791788737}",6.5062379
8749913924700,fov,3016,"{""zoom"":1.0,""hfov"":90.0,""vfov"":58.71550750732422,""state"":0,""max_aov_h"":90.0,""max_aov_v"":58.71550750732422,""min_aov_h"":1.40625,""min_aov_v"":0.7910428047180176,""max_zoom"":64.0}",6.5114985
8749914131000,gimbal,3016,"{""imu_roll"":0.0,""imu_pitch"":8.915908813476562,""imu_yaw"":5.085214614868164,""frame_roll"":0.0,""frame_pitch"":8.915908813476562,""frame_yaw"":5.085214614868164,""pitch_speed"":0.0,""yaw_speed"":0.0}",6.5117048
8749921374200,fov,3017,"{""zoom"":1.0,""hfov"":90.0,""vfov"":58.71550750732422,""state"":0,""max_aov_h"":90.0,""max_aov_v"":58.71550750732422,""min_aov_h"":1.40625,""min_aov_v"":0.7910428047180176,""max_zoom"":64.0}",6.518948
8749921647100,gimbal,3017,"{""imu_roll"":0.0,""imu_pitch"":8.827686309814453,""imu_yaw"":5.084174156188965,""frame_roll"":0.0,""frame_pitch"":8.827686309814453,""frame_yaw"":5.084174156188965,""pitch_speed"":0.0,""yaw_speed"":0.0}",6.5192209
8749931950300,range,1243,"{""message_type"":""GLOBAL_VISION_POSITION_ESTIMATE"",""x"":46.94861602783203,""y"":39.35002517700195}",6.5295241
8749933117700,fov,3018,"{""zoom"":1.0,""hfov"":90.0,""vfov"":58.71550750732422,""state"":0,""max_aov_h"":90.0,""max_aov_v"":58.71550750732422,""min_aov_h"":1.40625,""min_aov_v"":0.7910428047180176,""max_zoom"":64.0}",6.5306915
8749933401500,gimbal,3018,"{""imu_roll"":0.0,""imu_pitch"":8.73824691772461,""imu_yaw"":5.0844597816467285,""frame_roll"":0.0,""frame_pitch"":8.73824691772461,""frame_yaw"":5.0844597816467285,""pitch_speed"":0.0,""yaw_speed"":0.0}",6.5309753
8749947998000,range,1244,"{""message_type"":""GLOBAL_VISION_POSITION_ESTIMATE"",""x"":46.94861602783203,""y"":39.35002517700195}",6.5455718
8749948318900,attitude,1367,"{""message_type"":""ATTITUDE"",""time_boot_ms"":130670,""roll"":-0.07148642092943192,""pitch"":-0.6524065732955933,""yaw"":2.9317121505737305,""rollspeed"":0.09954282641410828,""pitchspeed"":-0.18609844148159027,""yawspeed"":-0.03220517560839653}",6.5458927
8749951670900,target_offset,715,"{""x_angle_offset"":0.09375,""y_angle_offset"":-0.978591791788737}",6.5492447
8749958241800,fov,3019,"{""zoom"":1.0,""hfov"":90.0,""vfov"":58.71550750732422,""state"":0,""max_aov_h"":90.0,""max_aov_v"":58.71550750732422,""min_aov_h"":1.40625,""min_aov_v"":0.7910428047180176,""max_zoom"":64.0}",6.5558156
8749958493000,gimbal,3019,"{""imu_roll"":0.0,""imu_pitch"":8.601019859313965,""imu_yaw"":5.084897518157959,""frame_roll"":0.0,""frame_pitch"":8.601019859313965,""frame_yaw"":5.084897518157959,""pitch_speed"":0.0,""yaw_speed"":0.0}",6.5560668
8749966560600,fov,3020,"{""zoom"":1.0,""hfov"":90.0,""vfov"":58.71550750732422,""state"":0,""max_aov_h"":90.0,""max_aov_v"":58.71550750732422,""min_aov_h"":1.40625,""min_aov_v"":0.7910428047180176,""max_zoom"":64.0}",6.5641344
8749966927000,gimbal,3020,"{""imu_roll"":0.0,""imu_pitch"":8.509785652160645,""imu_yaw"":5.093395233154297,""frame_roll"":0.0,""frame_pitch"":8.509785652160645,""frame_yaw"":5.093395233154297,""pitch_speed"":0.0,""yaw_speed"":0.0}",6.5645008
8749986351400,vfr,684,"{""message_type"":""VFR_HUD"",""airspeed"":39.826568603515625,""alt"":144.36000061035156}",6.5839252
8749986665100,position,684,"{""message_type"":""GLOBAL_POSITION_INT"",""lat"":469496409,""lon"":393499379}",6.5842389
8749987020000,attitude,1368,"{""message_type"":""ATTITUDE"",""time_boot_ms"":130710,""roll"":-0.06663549691438675,""pitch"":-0.6581490635871887,""yaw"":2.9309604167938232,""rollspeed"":0.11265893280506134,""pitchspeed"":-0.16650773584842682,""yawspeed"":-0.031112581491470337}",6.5845938
8749998253100,target_offset,716,"{""x_angle_offset"":0.09375,""y_angle_offset"":-0.978591791788737}",6.5958269
8750006314500,fov,3021,"{""zoom"":1.0,""hfov"":90.0,""vfov"":58.71550750732422,""state"":0,""max_aov_h"":90.0,""max_aov_v"":58.71550750732422,""min_aov_h"":1.40625,""min_aov_v"":0.7910428047180176,""max_zoom"":64.0}",6.6038883
8750006679200,gimbal,3021,"{""imu_roll"":0.0,""imu_pitch"":8.274825096130371,""imu_yaw"":5.122066020965576,""frame_roll"":0.0,""frame_pitch"":8.274825096130371,""frame_yaw"":5.122066020965576,""pitch_speed"":0.0,""yaw_speed"":0.0}",6.604253
8750011366600,fov,3022,"{""zoom"":1.0,""hfov"":90.0,""vfov"":58.71550750732422,""state"":0,""max_aov_h"":90.0,""max_aov_v"":58.71550750732422,""min_aov_h"":1.40625,""min_aov_v"":0.7910428047180176,""max_zoom"":64.0}",6.6089404
8750011645500,gimbal,3022,"{""imu_roll"":0.0,""imu_pitch"":8.180475234985352,""imu_yaw"":5.129944801330566,""frame_roll"":0.0,""frame_pitch"":8.180475234985352,""frame_yaw"":5.129944801330566,""pitch_speed"":0.0,""yaw_speed"":0.0}",6.6092193
8750024149000,fov,3023,"{""zoom"":1.0,""hfov"":90.0,""vfov"":58.71550750732422,""state"":0,""max_aov_h"":90.0,""max_aov_v"":58.71550750732422,""min_aov_h"":1.40625,""min_aov_v"":0.7910428047180176,""max_zoom"":64.0}",6.6217228
8750024538200,gimbal,3023,"{""imu_roll"":0.0,""imu_pitch"":8.081850051879883,""imu_yaw"":5.14138126373291,""frame_roll"":0.0,""frame_pitch"":8.081850051879883,""frame_yaw"":5.14138126373291,""pitch_speed"":0.0,""yaw_speed"":0.0}",6.622112
8750040545200,attitude,1369,"{""message_type"":""ATTITUDE"",""time_boot_ms"":130770,""roll"":-0.06464803218841553,""pitch"":-0.6564000248908997,""yaw"":2.9333672523498535,""rollspeed"":0.12311165779829025,""pitchspeed"":-0.14097626507282257,""yawspeed"":-0.028927700594067574}",6.638119
8750042711700,target_offset,717,"{""x_angle_offset"":0.1875,""y_angle_offset"":-1.0873242130985967}",6.6402855
8750048436800,fov,3024,"{""zoom"":1.0,""hfov"":90.0,""vfov"":58.71550750732422,""state"":0,""max_aov_h"":90.0,""max_aov_v"":58.71550750732422,""min_aov_h"":1.40625,""min_aov_v"":0.7910428047180176,""max_zoom"":64.0}",6.6460106
8750048670900,gimbal,3024,"{""imu_roll"":0.0,""imu_pitch"":7.961788654327393,""imu_yaw"":5.1632585525512695,""frame_roll"":0.0,""frame_pitch"":7.961788654327393,""frame_yaw"":5.1632585525512695,""pitch_speed"":0.0,""yaw_speed"":0.0}",6.6462447
8750055814100,fov,3025,"{""zoom"":1.0,""hfov"":90.0,""vfov"":58.71550750732422,""state"":0,""max_aov_h"":90.0,""max_aov_v"":58.71550750732422,""min_aov_h"":1.40625,""min_aov_v"":0.7910428047180176,""max_zoom"":64.0}",6.6533879
8750056233400,gimbal,3025,"{""imu_roll"":0.0,""imu_pitch"":7.863641738891602,""imu_yaw"":5.178781509399414,""frame_roll"":0.0,""frame_pitch"":7.863641738891602,""frame_yaw"":5.178781509399414,""pitch_speed"":0.0,""yaw_speed"":0.0}",6.6538072
8750075680900,target_offset,718,"{""x_angle_offset"":0.1875,""y_angle_offset"":-1.0873242130985967}",6.6732547
8750081817000,fov,3026,"{""zoom"":1.0,""hfov"":90.0,""vfov"":58.71550750732422,""state"":0,""max_aov_h"":90.0,""max_aov_v"":58.71550750732422,""min_aov_h"":1.40625,""min_aov_v"":0.7910428047180176,""max_zoom"":64.0}",6.6793908
8750082021600,gimbal,3026,"{""imu_roll"":0.0,""imu_pitch"":7.659131050109863,""imu_yaw"":5.217212677001953,""frame_roll"":0.0,""frame_pitch"":7.659131050109863,""frame_yaw"":5.217212677001953,""pitch_speed"":0.0,""yaw_speed"":0.0}",6.6795954
8750082225100,vfr,685,"{""message_type"":""VFR_HUD"",""airspeed"":40.20690155029297,""alt"":141.489990234375}",6.6797989
8750082371200,position,685,"{""message_type"":""GLOBAL_POSITION_INT"",""lat"":469496409,""lon"":393499379}",6.679945
8750082563900,attitude,1370,"{""message_type"":""ATTITUDE"",""time_boot_ms"":130810,""roll"":-0.06320491433143616,""pitch"":-0.654824435710907,""yaw"":2.9350218772888184,""rollspeed"":0.12414011359214783,""pitchspeed"":-0.1372455209493637,""yawspeed"":-0.02708488143980503}",6.6801377
8750087001700,range,1245,"{""message_type"":""GLOBAL_VISION_POSITION_ESTIMATE"",""x"":46.9485969543457,""y"":39.35004425048828}",6.6845755
8750090286500,fov,3027,"{""zoom"":1.0,""hfov"":90.0,""vfov"":58.71550750732422,""state"":0,""max_aov_h"":90.0,""max_aov_v"":58.71550750732422,""min_aov_h"":1.40625,""min_aov_v"":0.7910428047180176,""max_zoom"":64.0}",6.6878603
8750090663500,gimbal,3027,"{""imu_roll"":0.0,""imu_pitch"":7.558563232421875,""imu_yaw"":5.233469009399414,""frame_roll"":0.0,""frame_pitch"":7.558563232421875,""frame_yaw"":5.233469009399414,""pitch_speed"":0.0,""yaw_speed"":0.0}",6.6882373
8750098569000,range,1246,"{""message_type"":""GLOBAL_VISION_POSITION_ESTIMATE"",""x"":46.9485969543457,""y"":39.35004425048828}",6.6961428
8750109059700,target_offset,719,"{""x_angle_offset"":0.1875,""y_angle_offset"":-1.0873242130985967}",6.7066335
8750114264800,fov,3028,"{""zoom"":1.0,""hfov"":90.0,""vfov"":58.71550750732422,""state"":0,""max_aov_h"":90.0,""max_aov_v"":58.71550750732422,""min_aov_h"":1.40625,""min_aov_v"":0.7910428047180176,""max_zoom"":64.0}",6.7118386
8750114488200,gimbal,3028,"{""imu_roll"":0.0,""imu_pitch"":7.386752605438232,""imu_yaw"":5.265652656555176,""frame_roll"":0.0,""frame_pitch"":7.386752605438232,""frame_yaw"":5.265652656555176,""pitch_speed"":0.0,""yaw_speed"":0.0}",6.712062
8750122993800,fov,3029,"{""zoom"":1.0,""hfov"":90.0,""vfov"":58.71550750732422,""state"":0,""max_aov_h"":90.0,""max_aov_v"":58.71550750732422,""min_aov_h"":1.40625,""min_aov_v"":0.7910428047180176,""max_zoom"":64.0}",6.7205676
8750123287000,gimbal,3029,"{""imu_roll"":0.0,""imu_pitch"":7.288898944854736,""imu_yaw"":5.280394077301025,""frame_roll"":0.0,""frame_pitch"":7.288898944854736,""frame_yaw"":5.280394077301025,""pitch_speed"":0.0,""yaw_speed"":0.0}",6.7208608
8750135136600,fov,3030,"{""zoom"":1.0,""hfov"":90.0,""vfov"":58.71550750732422,""state"":0,""max_aov_h"":90.0,""max_aov_v"":58.71550750732422,""min_aov_h"":1.40625,""min_aov_v"":0.7910428047180176,""max_zoom"":64.0}",6.7327104
8750135516300,gimbal,3030,"{""imu_roll"":0.0,""imu_pitch"":7.183321475982666,""imu_yaw"":5.297554969787598,""frame_roll"":0.0,""frame_pitch"":7.183321475982666,""frame_yaw"":5.297554969787598,""pitch_speed"":0.0,""yaw_speed"":0.0}",6.7330901
8750138205900,attitude,1371,"{""message_type"":""ATTITUDE"",""time_boot_ms"":130870,""roll"":-0.06129860877990723,""pitch"":-0.6528147459030151,""yaw"":2.9377291202545166,""rollspeed"":0.120480976998806,""pitchspeed"":-0.14868803322315216,""yawspeed"":-0.024236241355538368}",6.7357797
8750152707000,target_offset,720,"{""x_angle_offset"":0.28125,""y_angle_offset"":-1.0873242130985967}",6.7502808
8750159280400,fov,3031,"{""zoom"":1.0,""hfov"":90.0,""vfov"":58.71550750732422,""state"":0,""max_aov_h"":90.0,""max_aov_v"":58.71550750732422,""min_aov_h"":1.40625,""min_aov_v"":0.7910428047180176,""max_zoom"":64.0}",6.7568542
8750159498600,gimbal,3031,"{""imu_roll"":0.0,""imu_pitch"":7.025672912597656,""imu_yaw"":5.329584121704102,""frame_roll"":0.0,""frame_pitch"":7.025672912597656,""frame_yaw"":5.329584121704102,""pitch_speed"":0.0,""yaw_speed"":0.0}",6.7570724
8750168723200,fov,3032,"{""zoom"":1.0,""hfov"":90.0,""vfov"":58.71550750732422,""state"":0,""max_aov_h"":90.0,""max_aov_v"":58.71550750732422,""min_aov_h"":1.40625,""min_aov_v"":0.7910428047180176,""max_zoom"":64.0}",6.766297
8750169225300,gimbal,3032,"{""imu_roll"":0.0,""imu_pitch"":6.91652774810791,""imu_yaw"":5.356253147125244,""frame_roll"":0.0,""frame_pitch"":6.91652774810791,""frame_yaw"":5.356253147125244,""pitch_speed"":0.0,""yaw_speed"":0.0}",6.7667991
8750182770200,position,686,"{""message_type"":""GLOBAL_POSITION_INT"",""lat"":469495733,""lon"":393499553}",6.780344
8750183261800,attitude,1372,"{""message_type"":""ATTITUDE"",""time_boot_ms"":130910,""roll"":-0.060406047850847244,""pitch"":-0.6522371768951416,""yaw"":2.9397459030151367,""rollspeed"":0.11418241262435913,""pitchspeed"":-0.16722847521305084,""yawspeed"":-0.02213209494948387}",6.7808356
8750183926100,vfr,686,"{""message_type"":""VFR_HUD"",""airspeed"":40.60011291503906,""alt"":138.5399932861328}",6.7814999
8750188295200,target_offset,721,"{""x_angle_offset"":0.28125,""y_angle_offset"":-1.0873242130985967}",6.785869
8750195038500,fov,3033,"{""zoom"":1.0,""hfov"":90.0,""vfov"":58.71550750732422,""state"":0,""max_aov_h"":90.0,""max_aov_v"":58.71550750732422,""min_aov_h"":1.40625,""min_aov_v"":0.7910428047180176,""max_zoom"":64.0}",6.7926123
8750195287300,gimbal,3033,"{""imu_roll"":0.0,""imu_pitch"":6.7356085777282715,""imu_yaw"":5.402551174163818,""frame_roll"":0.0,""frame_pitch"":6.7356085777282715,""frame_yaw"":5.402551174163818,""pitch_speed"":0.0,""yaw_speed"":0.0}",6.7928611
8750201806700,fov,3034,"{""zoom"":1.0,""hfov"":90.0,""vfov"":58.71550750732422,""state"":0,""max_aov_h"":90.0,""max_aov_v"":58.71550750732422,""min_aov_h"":1.40625,""min_aov_v"":0.7910428047180176,""max_zoom"":64.0}",6.7993805
8750202164200,gimbal,3034,"{""imu_roll"":0.0,""imu_pitch"":6.635566234588623,""imu_yaw"":5.426929950714111,""frame_roll"":0.0,""frame_pitch"":6.635566234588623,""frame_yaw"":5.426929950714111,""pitch_speed"":0.0,""yaw_speed"":0.0}",6.799738
8750214594400,fov,3035,"{""zoom"":1.0,""hfov"":90.0,""vfov"":58.71550750732422,""state"":0,""max_aov_h"":90.0,""max_aov_v"":58.71550750732422,""min_aov_h"":1.40625,""min_aov_v"":0.7910428047180176,""max_zoom"":64.0}",6.8121682
8750214909900,gimbal,3035,"{""imu_roll"":0.0,""imu_pitch"":6.531301021575928,""imu_yaw"":5.454762935638428,""frame_roll"":0.0,""frame_pitch"":6.531301021575928,""frame_yaw"":5.454762935638428,""pitch_speed"":0.0,""yaw_speed"":0.0}",6.8124837
8750230994200,target_offset,722,"{""x_angle_offset"":0.1875,""y_angle_offset"":-0.978591791788737}",6.828568
8750238132400,fov,3036,"{""zoom"":1.0,""hfov"":90.0,""vfov"":58.71550750732422,""state"":0,""max_aov_h"":90.0,""max_aov_v"":58.71550750732422,""min_aov_h"":1.40625,""min_aov_v"":0.7910428047180176,""max_zoom"":64.0}",6.8357062
8750238380200,gimbal,3036,"{""imu_roll"":0.0,""imu_pitch"":6.383049011230469,""imu_yaw"":5.500235080718994,""frame_roll"":0.0,""frame_pitch"":6.383049011230469,""frame_yaw"":5.500235080718994,""pitch_speed"":0.0,""yaw_speed"":0.0}",6.835954
8750239296000,attitude,1373,"{""message_type"":""ATTITUDE"",""time_boot_ms"":130970,""roll"":-0.04976211488246918,""pitch"":-0.6746684312820435,""yaw"":2.936760663986206,""rollspeed"":0.0998966246843338,""pitchspeed"":-0.199464350938797,""yawspeed"":-0.018676813691854477}",6.8368698
8750248025800,fov,3037,"{""zoom"":1.0,""hfov"":90.0,""vfov"":58.71550750732422,""state"":0,""max_aov_h"":90.0,""max_aov_v"":58.71550750732422,""min_aov_h"":1.40625,""min_aov_v"":0.7910428047180176,""max_zoom"":64.0}",6.8455996
8750248426700,gimbal,3037,"{""imu_roll"":0.0,""imu_pitch"":6.28150749206543,""imu_yaw"":5.51521110534668,""frame_roll"":0.0,""frame_pitch"":6.28150749206543,""frame_yaw"":5.51521110534668,""pitch_speed"":0.0,""yaw_speed"":0.0}",6.8460005
8750257040900,range,1247,"{""message_type"":""GLOBAL_VISION_POSITION_ESTIMATE"",""x"":46.94853973388672,""y"":39.35005187988281}",6.8546147
8750269018600,fov,3038,"{""zoom"":1.0,""hfov"":90.0,""vfov"":58.71550750732422,""state"":0,""max_aov_h"":90.0,""max_aov_v"":58.71550750732422,""min_aov_h"":1.40625,""min_aov_v"":0.7910428047180176,""max_zoom"":64.0}",6.8665924
8750269398800,gimbal,3038,"{""imu_roll"":0.0,""imu_pitch"":6.120611667633057,""imu_yaw"":5.543898105621338,""frame_roll"":0.0,""frame_pitch"":6.120611667633057,""frame_yaw"":5.543898105621338,""pitch_speed"":0.0,""yaw_speed"":0.0}",6.8669726
8750281839500,fov,3039,"{""zoom"":1.0,""hfov"":90.0,""vfov"":58.71550750732422,""state"":0,""max_aov_h"":90.0,""max_aov_v"":58.71550750732422,""min_aov_h"":1.40625,""min_aov_v"":0.7910428047180176,""max_zoom"":64.0}",6.8794133
8750282213100,attitude,1374,"{""message_type"":""ATTITUDE"",""time_boot_ms"":131010,""roll"":-0.04326543211936951,""pitch"":-0.6903657913208008,""yaw"":2.934812068939209,""rollspeed"":0.08645907789468765,""pitchspeed"":-0.21070243418216705,""yawspeed"":-0.01611071638762951}",6.8797869
8750282445900,vfr,687,"{""message_type"":""VFR_HUD"",""airspeed"":41.00102996826172,""alt"":135.5}",6.8800197
8750282666300,gimbal,3039,"{""imu_roll"":0.0,""imu_pitch"":6.0485334396362305,""imu_yaw"":5.5611958503723145,""frame_roll"":0.0,""frame_pitch"":6.0485334396362305,""frame_yaw"":5.5611958503723145,""pitch_speed"":0.0,""yaw_speed"":0.0}",6.8802401
8750282789700,position,687,"{""message_type"":""GLOBAL_POSITION_INT"",""lat"":469495733,""lon"":393499553}",6.8803635
8750282891900,range,1248,"{""message_type"":""GLOBAL_VISION_POSITION_ESTIMATE"",""x"":46.94853973388672,""y"":39.35005187988281}",6.8804657
8750292497200,fov,3040,"{""zoom"":1.0,""hfov"":90.0,""vfov"":58.71550750732422,""state"":0,""max_aov_h"":90.0,""max_aov_v"":58.71550750732422,""min_aov_h"":1.40625,""min_aov_v"":0.7910428047180176,""max_zoom"":64.0}",6.890071
8750292854800,gimbal,3040,"{""imu_roll"":0.0,""imu_pitch"":5.989821434020996,""imu_yaw"":5.577301979064941,""frame_roll"":0.0,""frame_pitch"":5.989821434020996,""frame_yaw"":5.577301979064941,""pitch_speed"":0.0,""yaw_speed"":0.0}",6.8904286
8750311719700,target_offset,723,"{""x_angle_offset"":0.09375,""y_angle_offset"":-0.978591791788737}",6.9092935
8750319589800,fov,3041,"{""zoom"":1.0,""hfov"":90.0,""vfov"":58.71550750732422,""state"":0,""max_aov_h"":90.0,""max_aov_v"":58.71550750732422,""min_aov_h"":1.40625,""min_aov_v"":0.7910428047180176,""max_zoom"":64.0}",6.9171636
8750319969500,gimbal,3041,"{""imu_roll"":0.0,""imu_pitch"":5.894235134124756,""imu_yaw"":5.608057022094727,""frame_roll"":0.0,""frame_pitch"":5.894235134124756,""frame_yaw"":5.608057022094727,""pitch_speed"":0.0,""yaw_speed"":0.0}",6.9175433
8750327382500,fov,3042,"{""zoom"":1.0,""hfov"":90.0,""vfov"":58.71550750732422,""state"":0,""max_aov_h"":90.0,""max_aov_v"":58.71550750732422,""min_aov_h"":1.40625,""min_aov_v"":0.7910428047180176,""max_zoom"":64.0}",6.9249563
8750327761000,gimbal,3042,"{""imu_roll"":0.0,""imu_pitch"":5.782138347625732,""imu_yaw"":5.615774154663086,""frame_roll"":0.0,""frame_pitch"":5.782138347625732,""frame_yaw"":5.615774154663086,""pitch_speed"":0.0,""yaw_speed"":0.0}",6.9253348
8750343421400,target_offset,724,"{""x_angle_offset"":0.09375,""y_angle_offset"":-1.0873242130985967}",6.9409952
8750349773900,attitude,1375,"{""message_type"":""ATTITUDE"",""time_boot_ms"":131070,""roll"":-0.034589607268571854,""pitch"":-0.7136615514755249,""yaw"":2.9318506717681885,""rollspeed"":0.06313041597604752,""pitchspeed"":-0.19929389655590057,""yawspeed"":-0.011723095551133156}",6.9473477
8750351906700,fov,3043,"{""zoom"":1.0,""hfov"":90.0,""vfov"":58.71550750732422,""state"":0,""max_aov_h"":90.0,""max_aov_v"":58.71550750732422,""min_aov_h"":1.40625,""min_aov_v"":0.7910428047180176,""max_zoom"":64.0}",6.9494805
8750352170100,gimbal,3043,"{""imu_roll"":0.0,""imu_pitch"":5.624463081359863,""imu_yaw"":5.629815578460693,""frame_roll"":0.0,""frame_pitch"":5.624463081359863,""frame_yaw"":5.629815578460693,""pitch_speed"":0.0,""yaw_speed"":0.0}",6.9497439
8750359700600,fov,3044,"{""zoom"":1.0,""hfov"":90.0,""vfov"":58.71550750732422,""state"":0,""max_aov_h"":90.0,""max_aov_v"":58.71550750732422,""min_aov_h"":1.40625,""min_aov_v"":0.7910428047180176,""max_zoom"":64.0}",6.9572744
8750360111400,gimbal,3044,"{""imu_roll"":0.0,""imu_pitch"":5.507407188415527,""imu_yaw"":5.63739013671875,""frame_roll"":0.0,""frame_pitch"":5.507407188415527,""frame_yaw"":5.63739013671875,""pitch_speed"":0.0,""yaw_speed"":0.0}",6.9576852
8750371699700,fov,3045,"{""zoom"":1.0,""hfov"":90.0,""vfov"":58.71550750732422,""state"":0,""max_aov_h"":90.0,""max_aov_v"":58.71550750732422,""min_aov_h"":1.40625,""min_aov_v"":0.7910428047180176,""max_zoom"":64.0}",6.9692735
8750372116000,gimbal,3045,"{""imu_roll"":0.0,""imu_pitch"":5.4066853523254395,""imu_yaw"":5.646007061004639,""frame_roll"":0.0,""frame_pitch"":5.4066853523254395,""frame_yaw"":5.646007061004639,""pitch_speed"":0.0,""yaw_speed"":0.0}",6.9696898
8750386407800,attitude,1376,"{""message_type"":""ATTITUDE"",""time_boot_ms"":131110,""roll"":-0.029530903324484825,""pitch"":-0.7282171249389648,""yaw"":2.9298458099365234,""rollspeed"":0.047917451709508896,""pitchspeed"":-0.17507894337177277,""yawspeed"":-0.008600379340350628}",6.9839816
8750386675700,vfr,688,"{""message_type"":""VFR_HUD"",""airspeed"":41.406028747558594,""alt"":132.37998962402344}",6.9842495
8750387549400,position,688,"{""message_type"":""GLOBAL_POSITION_INT"",""lat"":469495733,""lon"":393499553}",6.9851232
8750390813200,target_offset,725,"{""x_angle_offset"":0.09375,""y_angle_offset"":-1.4135214770281757}",6.988387
8750397326500,fov,3046,"{""zoom"":1.0,""hfov"":90.0,""vfov"":58.71550750732422,""state"":0,""max_aov_h"":90.0,""max_aov_v"":58.71550750732422,""min_aov_h"":1.40625,""min_aov_v"":0.7910428047180176,""max_zoom"":64.0}",6.9949003
8750397594100,gimbal,3046,"{""imu_roll"":0.0,""imu_pitch"":5.260270595550537,""imu_yaw"":5.6611528396606445,""frame_roll"":0.0,""frame_pitch"":5.260270595550537,""frame_yaw"":5.6611528396606445,""pitch_speed"":0.0,""yaw_speed"":0.0}",6.9951679
8750404857200,fov,3047,"{""zoom"":1.0,""hfov"":90.0,""vfov"":58.71550750732422,""state"":0,""max_aov_h"":90.0,""max_aov_v"":58.71550750732422,""min_aov_h"":1.40625,""min_aov_v"":0.7910428047180176,""max_zoom"":64.0}",7.002431
8750405585300,gimbal,3047,"{""imu_roll"":0.0,""imu_pitch"":5.098999500274658,""imu_yaw"":5.670416355133057,""frame_roll"":0.0,""frame_pitch"":5.098999500274658,""frame_yaw"":5.670416355133057,""pitch_speed"":0.0,""yaw_speed"":0.0}",7.0031591
8750412372900,range,1249,"{""message_type"":""GLOBAL_VISION_POSITION_ESTIMATE"",""x"":46.94916915893555,""y"":39.34999465942383}",7.0099467
8750416815800,fov,3048,"{""zoom"":1.0,""hfov"":90.0,""vfov"":58.71550750732422,""state"":0,""max_aov_h"":90.0,""max_aov_v"":58.71550750732422,""min_aov_h"":1.40625,""min_aov_v"":0.7910428047180176,""max_zoom"":64.0}",7.0143896
8750417351700,gimbal,3048,"{""imu_roll"":0.0,""imu_pitch"":4.955393314361572,""imu_yaw"":5.680348873138428,""frame_roll"":0.0,""frame_pitch"":4.955393314361572,""frame_yaw"":5.680348873138428,""pitch_speed"":0.0,""yaw_speed"":0.0}",7.0149255
8750430721800,range,1250,"{""message_type"":""GLOBAL_VISION_POSITION_ESTIMATE"",""x"":46.94916915893555,""y"":39.34999465942383}",7.0282956
8750435637500,target_offset,726,"{""x_angle_offset"":0.09375,""y_angle_offset"":-1.4135214770281757}",7.0332113
8750442753100,fov,3049,"{""zoom"":1.0,""hfov"":90.0,""vfov"":58.71550750732422,""state"":0,""max_aov_h"":90.0,""max_aov_v"":58.71550750732422,""min_aov_h"":1.40625,""min_aov_v"":0.7910428047180176,""max_zoom"":64.0}",7.0403269
8750443250700,gimbal,3049,"{""imu_roll"":0.0,""imu_pitch"":4.749182224273682,""imu_yaw"":5.696634769439697,""frame_roll"":0.0,""frame_pitch"":4.749182224273682,""frame_yaw"":5.696634769439697,""pitch_speed"":0.0,""yaw_speed"":0.0}",7.0408245
8750450556300,fov,3050,"{""zoom"":1.0,""hfov"":90.0,""vfov"":58.71550750732422,""state"":0,""max_aov_h"":90.0,""max_aov_v"":58.71550750732422,""min_aov_h"":1.40625,""min_aov_v"":0.7910428047180176,""max_zoom"":64.0}",7.0481301
8750450825000,gimbal,3050,"{""imu_roll"":0.0,""imu_pitch"":4.611666202545166,""imu_yaw"":5.703467845916748,""frame_roll"":0.0,""frame_pitch"":4.611666202545166,""frame_yaw"":5.703467845916748,""pitch_speed"":0.0,""yaw_speed"":0.0}",7.0483988
8750454265800,attitude,1377,"{""message_type"":""ATTITUDE"",""time_boot_ms"":131170,""roll"":-0.02890614978969097,""pitch"":-0.7331506013870239,""yaw"":2.930790424346924,""rollspeed"":0.024038637056946754,""pitchspeed"":-0.13353411853313446,""yawspeed"":-0.0033020831178873777}",7.0518396
8750469762100,target_offset,727,"{""x_angle_offset"":0.09375,""y_angle_offset"":-1.4135214770281757}",7.0673359
8750477296500,fov,3051,"{""zoom"":1.0,""hfov"":90.0,""vfov"":58.71550750732422,""state"":0,""max_aov_h"":90.0,""max_aov_v"":58.71550750732422,""min_aov_h"":1.40625,""min_aov_v"":0.7910428047180176,""max_zoom"":64.0}",7.0748703
8750477569200,gimbal,3051,"{""imu_roll"":0.0,""imu_pitch"":4.392262935638428,""imu_yaw"":5.715457439422607,""frame_roll"":0.0,""frame_pitch"":4.392262935638428,""frame_yaw"":5.715457439422607,""pitch_speed"":0.0,""yaw_speed"":0.0}",7.075143
8750483089600,fov,3052,"{""zoom"":1.0,""hfov"":90.0,""vfov"":58.71550750732422,""state"":0,""max_aov_h"":90.0,""max_aov_v"":58.71550750732422,""min_aov_h"":1.40625,""min_aov_v"":0.7910428047180176,""max_zoom"":64.0}",7.0806634
8750483458400,gimbal,3052,"{""imu_roll"":0.0,""imu_pitch"":4.240471363067627,""imu_yaw"":5.7234296798706055,""frame_roll"":0.0,""frame_pitch"":4.240471363067627,""frame_yaw"":5.7234296798706055,""pitch_speed"":0.0,""yaw_speed"":0.0}",7.0810322
8750496866600,fov,3053,"{""zoom"":1.0,""hfov"":90.0,""vfov"":58.71550750732422,""state"":0,""max_aov_h"":90.0,""max_aov_v"":58.71550750732422,""min_aov_h"":1.40625,""min_aov_v"":0.7910428047180176,""max_zoom"":64.0}",7.0944404
8750497257200,position,689,"{""message_type"":""GLOBAL_POSITION_INT"",""lat"":469495240,""lon"":393499742}",7.094831
8750497592200,attitude,1378,"{""message_type"":""ATTITUDE"",""time_boot_ms"":131210,""roll"":-0.031256359070539474,""pitch"":-0.7303547859191895,""yaw"":2.9328689575195312,""rollspeed"":0.009771029464900494,""pitchspeed"":-0.11455199867486954,""yawspeed"":-3.2603973522782326e-05}",7.095166
8750497793400,vfr,689,"{""message_type"":""VFR_HUD"",""airspeed"":41.81269836425781,""alt"":129.17999267578125}",7.0953672
8750498775900,gimbal,3053,"{""imu_roll"":0.0,""imu_pitch"":4.100782871246338,""imu_yaw"":5.7315239906311035,""frame_roll"":0.0,""frame_pitch"":4.100782871246338,""frame_yaw"":5.7315239906311035,""pitch_speed"":0.0,""yaw_speed"":0.0}",7.0963497
8750516255700,target_offset,728,"{""x_angle_offset"":0.0,""y_angle_offset"":-1.4135214770281757}",7.1138295
8750523934900,fov,3054,"{""zoom"":1.0,""hfov"":90.0,""vfov"":58.71550750732422,""state"":0,""max_aov_h"":90.0,""max_aov_v"":58.71550750732422,""min_aov_h"":1.40625,""min_aov_v"":0.7910428047180176,""max_zoom"":64.0}",7.1215087
8750524220600,gimbal,3054,"{""imu_roll"":0.0,""imu_pitch"":3.905895948410034,""imu_yaw"":5.743772983551025,""frame_roll"":0.0,""frame_pitch"":3.905895948410034,""frame_yaw"":5.743772983551025,""pitch_speed"":0.0,""yaw_speed"":0.0}",7.1217944
8750528452500,fov,3055,"{""zoom"":1.0,""hfov"":90.0,""vfov"":58.71550750732422,""state"":0,""max_aov_h"":90.0,""max_aov_v"":58.71550750732422,""min_aov_h"":1.40625,""min_aov_v"":0.7910428047180176,""max_zoom"":64.0}",7.1260263
8750529697200,gimbal,3055,"{""imu_roll"":0.0,""imu_pitch"":3.763754367828369,""imu_yaw"":5.740190029144287,""frame_roll"":0.0,""frame_pitch"":3.763754367828369,""frame_yaw"":5.740190029144287,""pitch_speed"":0.0,""yaw_speed"":0.0}",7.127271
8750545400400,target_offset,729,"{""x_angle_offset"":0.0,""y_angle_offset"":-1.0873242130985967}",7.1429742
8750551768600,fov,3056,"{""zoom"":1.0,""hfov"":90.0,""vfov"":58.71550750732422,""state"":0,""max_aov_h"":90.0,""max_aov_v"":58.71550750732422,""min_aov_h"":1.40625,""min_aov_v"":0.7910428047180176,""max_zoom"":64.0}",7.1493424
8750552071300,gimbal,3056,"{""imu_roll"":0.0,""imu_pitch"":3.5425937175750732,""imu_yaw"":5.734886646270752,""frame_roll"":0.0,""frame_pitch"":3.5425937175750732,""frame_yaw"":5.734886646270752,""pitch_speed"":0.0,""yaw_speed"":0.0}",7.1496451
8750561750100,fov,3057,"{""zoom"":1.0,""hfov"":90.0,""vfov"":58.71550750732422,""state"":0,""max_aov_h"":90.0,""max_aov_v"":58.71550750732422,""min_aov_h"":1.40625,""min_aov_v"":0.7910428047180176,""max_zoom"":64.0}",7.1593239
8750562086300,gimbal,3057,"{""imu_roll"":0.0,""imu_pitch"":3.436314105987549,""imu_yaw"":5.73486328125,""frame_roll"":0.0,""frame_pitch"":3.436314105987549,""frame_yaw"":5.73486328125,""pitch_speed"":0.0,""yaw_speed"":0.0}",7.1596601
8750564729000,attitude,1379,"{""message_type"":""ATTITUDE"",""time_boot_ms"":131270,""roll"":-0.035813406109809875,""pitch"":-0.7258298397064209,""yaw"":2.936293125152588,""rollspeed"":-0.005391612648963928,""pitchspeed"":-0.11614548414945602,""yawspeed"":0.004501585848629475}",7.1623028
8750567440100,range,1251,"{""message_type"":""GLOBAL_VISION_POSITION_ESTIMATE"",""x"":46.949119567871094,""y"":39.350013732910156}",7.1650139
8750574659500,fov,3058,"{""zoom"":1.0,""hfov"":90.0,""vfov"":58.71550750732422,""state"":0,""max_aov_h"":90.0,""max_aov_v"":58.71550750732422,""min_aov_h"":1.40625,""min_aov_v"":0.7910428047180176,""max_zoom"":64.0}",7.1722333
8750575035800,gimbal,3058,"{""imu_roll"":0.0,""imu_pitch"":3.3321220874786377,""imu_yaw"":5.734896183013916,""frame_roll"":0.0,""frame_pitch"":3.3321220874786377,""frame_yaw"":5.734896183013916,""pitch_speed"":0.0,""yaw_speed"":0.0}",7.1726096
8750587954900,range,1252,"{""message_type"":""GLOBAL_VISION_POSITION_ESTIMATE"",""x"":46.949119567871094,""y"":39.350013732910156}",7.1855287
8750594170400,target_offset,730,"{""x_angle_offset"":0.0,""y_angle_offset"":-0.978591791788737}",7.1917442
8750602520400,fov,3059,"{""zoom"":1.0,""hfov"":90.0,""vfov"":58.71550750732422,""state"":0,""max_aov_h"":90.0,""max_aov_v"":58.71550750732422,""min_aov_h"":1.40625,""min_aov_v"":0.7910428047180176,""max_zoom"":64.0}",7.2000942
8750602760500,gimbal,3059,"{""imu_roll"":0.0,""imu_pitch"":3.1849303245544434,""imu_yaw"":5.7348175048828125,""frame_roll"":0.0,""frame_pitch"":3.1849303245544434,""frame_yaw"":5.7348175048828125,""pitch_speed"":0.0,""yaw_speed"":0.0}",7.2003343
8750608104900,fov,3060,"{""zoom"":1.0,""hfov"":90.0,""vfov"":58.71550750732422,""state"":0,""max_aov_h"":90.0,""max_aov_v"":58.71550750732422,""min_aov_h"":1.40625,""min_aov_v"":0.7910428047180176,""max_zoom"":64.0}",7.2056787
8750608516100,gimbal,3060,"{""imu_roll"":0.0,""imu_pitch"":3.0845465660095215,""imu_yaw"":5.73486328125,""frame_roll"":0.0,""frame_pitch"":3.0845465660095215,""frame_yaw"":5.73486328125,""pitch_speed"":0.0,""yaw_speed"":0.0}",7.2060899
8750608703800,position,690,"{""message_type"":""GLOBAL_POSITION_INT"",""lat"":469495240,""lon"":393499742}",7.2062776
8750608931900,attitude,1380,"{""message_type"":""ATTITUDE"",""time_boot_ms"":131310,""roll"":-0.039346665143966675,""pitch"":-0.7234247922897339,""yaw"":2.938835859298706,""rollspeed"":-0.010009799152612686,""pitchspeed"":-0.1327691376209259,""yawspeed"":0.007123746909201145}",7.2065057
8750609414500,vfr,690,"{""message_type"":""VFR_HUD"",""airspeed"":42.239906311035156,""alt"":125.87999725341797}",7.2069883
8750626586800,target_offset,731,"{""x_angle_offset"":-0.09375,""y_angle_offset"":-0.652394527859158}",7.2241606
8750631684700,fov,3061,"{""zoom"":1.0,""hfov"":90.0,""vfov"":58.71550750732422,""state"":0,""max_aov_h"":90.0,""max_aov_v"":58.71550750732422,""min_aov_h"":1.40625,""min_aov_v"":0.7910428047180176,""max_zoom"":64.0}",7.2292585
8750631915000,gimbal,3061,"{""imu_roll"":0.0,""imu_pitch"":2.940227746963501,""imu_yaw"":5.734527111053467,""frame_roll"":0.0,""frame_pitch"":2.940227746963501,""frame_yaw"":5.734527111053467,""pitch_speed"":0.0,""yaw_speed"":0.0}",7.2294888
8750639870300,fov,3062,"{""zoom"":1.0,""hfov"":90.0,""vfov"":58.71550750732422,""state"":0,""max_aov_h"":90.0,""max_aov_v"":58.71550750732422,""min_aov_h"":1.40625,""min_aov_v"":0.7910428047180176,""max_zoom"":64.0}",7.2374441
8750640478600,gimbal,3062,"{""imu_roll"":0.0,""imu_pitch"":2.8787057399749756,""imu_yaw"":5.721648693084717,""frame_roll"":0.0,""frame_pitch"":2.8787057399749756,""frame_yaw"":5.721648693084717,""pitch_speed"":0.0,""yaw_speed"":0.0}",7.2380524
8750653668000,fov,3063,"{""zoom"":1.0,""hfov"":90.0,""vfov"":58.71550750732422,""state"":0,""max_aov_h"":90.0,""max_aov_v"":58.71550750732422,""min_aov_h"":1.40625,""min_aov_v"":0.7910428047180176,""max_zoom"":64.0}",7.2512418
8750653910200,gimbal,3063,"{""imu_roll"":0.0,""imu_pitch"":2.8157432079315186,""imu_yaw"":5.707963466644287,""frame_roll"":0.0,""frame_pitch"":2.8157432079315186,""frame_yaw"":5.707963466644287,""pitch_speed"":0.0,""yaw_speed"":0.0}",7.251484
8750657098900,attitude,1381,"{""message_type"":""ATTITUDE"",""time_boot_ms"":131370,""roll"":-0.0424017570912838,""pitch"":-0.7288848161697388,""yaw"":2.9412851333618164,""rollspeed"":-0.01215773168951273,""pitchspeed"":-0.16434457898139954,""yawspeed"":0.01062327716499567}",7.2546727
8750669748700,target_offset,732,"{""x_angle_offset"":-0.09375,""y_angle_offset"":-0.5436621065492984}",7.2673225
8750677524900,fov,3064,"{""zoom"":1.0,""hfov"":90.0,""vfov"":58.71550750732422,""state"":0,""max_aov_h"":90.0,""max_aov_v"":58.71550750732422,""min_aov_h"":1.40625,""min_aov_v"":0.7910428047180176,""max_zoom"":64.0}",7.2750987
8750677739700,gimbal,3064,"{""imu_roll"":0.0,""imu_pitch"":2.737277030944824,""imu_yaw"":5.689902305603027,""frame_roll"":0.0,""frame_pitch"":2.737277030944824,""frame_yaw"":5.689902305603027,""pitch_speed"":0.0,""yaw_speed"":0.0}",7.2753135
8750684427200,fov,3065,"{""zoom"":1.0,""hfov"":90.0,""vfov"":58.71550750732422,""state"":0,""max_aov_h"":90.0,""max_aov_v"":58.71550750732422,""min_aov_h"":1.40625,""min_aov_v"":0.7910428047180176,""max_zoom"":64.0}",7.282001
8750684811900,gimbal,3065,"{""imu_roll"":0.0,""imu_pitch"":2.682002067565918,""imu_yaw"":5.679773330688477,""frame_roll"":0.0,""frame_pitch"":2.682002067565918,""frame_yaw"":5.679773330688477,""pitch_speed"":0.0,""yaw_speed"":0.0}",7.2823857
8750692457800,position,691,"{""message_type"":""GLOBAL_POSITION_INT"",""lat"":469494534,""lon"":393499915}",7.2900316
8750692826700,attitude,1382,"{""message_type"":""ATTITUDE"",""time_boot_ms"":131410,""roll"":-0.04110182076692581,""pitch"":-0.7434658408164978,""yaw"":2.9408905506134033,""rollspeed"":-0.010743830353021622,""pitchspeed"":-0.1785120964050293,""yawspeed"":0.01274628471583128}",7.2904005
8750692961100,vfr,691,"{""message_type"":""VFR_HUD"",""airspeed"":42.65933609008789,""alt"":122.48999786376953}",7.2905349
8750703849000,target_offset,733,"{""x_angle_offset"":-0.09375,""y_angle_offset"":-0.5436621065492984}",7.3014228
8750709341700,fov,3066,"{""zoom"":1.0,""hfov"":90.0,""vfov"":58.71550750732422,""state"":0,""max_aov_h"":90.0,""max_aov_v"":58.71550750732422,""min_aov_h"":1.40625,""min_aov_v"":0.7910428047180176,""max_zoom"":64.0}",7.3069155
8750709584500,gimbal,3066,"{""imu_roll"":0.0,""imu_pitch"":2.589765787124634,""imu_yaw"":5.662004470825195,""frame_roll"":0.0,""frame_pitch"":2.589765787124634,""frame_yaw"":5.662004470825195,""pitch_speed"":0.0,""yaw_speed"":0.0}",7.3071583
8750717263700,fov,3067,"{""zoom"":1.0,""hfov"":90.0,""vfov"":58.71550750732422,""state"":0,""max_aov_h"":90.0,""max_aov_v"":58.71550750732422,""min_aov_h"":1.40625,""min_aov_v"":0.7910428047180176,""max_zoom"":64.0}",7.3148375
8750717825000,gimbal,3067,"{""imu_roll"":0.0,""imu_pitch"":2.5418004989624023,""imu_yaw"":5.653534412384033,""frame_roll"":0.0,""frame_pitch"":2.5418004989624023,""frame_yaw"":5.653534412384033,""pitch_speed"":0.0,""yaw_speed"":0.0}",7.3153988
8750730759000,fov,3068,"{""zoom"":1.0,""hfov"":90.0,""vfov"":58.71550750732422,""state"":0,""max_aov_h"":90.0,""max_aov_v"":58.71550750732422,""min_aov_h"":1.40625,""min_aov_v"":0.7910428047180176,""max_zoom"":64.0}",7.3283328
8750731716800,gimbal,3068,"{""imu_roll"":0.0,""imu_pitch"":2.4863154888153076,""imu_yaw"":5.642771244049072,""frame_roll"":0.0,""frame_pitch"":2.4863154888153076,""frame_yaw"":5.642771244049072,""pitch_speed"":0.0,""yaw_speed"":0.0}",7.3292906
8750736838700,range,1253,"{""message_type"":""GLOBAL_VISION_POSITION_ESTIMATE"",""x"":46.94905471801758,""y"":39.35002517700195}",7.3344125
8750741790100,range,1254,"{""message_type"":""GLOBAL_VISION_POSITION_ESTIMATE"",""x"":46.94905471801758,""y"":39.35002517700195}",7.3393639
8750742077600,attitude,1383,"{""message_type"":""ATTITUDE"",""time_boot_ms"":131470,""roll"":-0.03901533782482147,""pitch"":-0.7652203440666199,""yaw"":2.940385580062866,""rollspeed"":-0.00648507010191679,""pitchspeed"":-0.16814500093460083,""yawspeed"":0.015540261752903461}",7.3396514
8750748370500,target_offset,734,"{""x_angle_offset"":-0.09375,""y_angle_offset"":-0.652394527859158}",7.3459443
8750754760800,fov,3069,"{""zoom"":1.0,""hfov"":90.0,""vfov"":58.71550750732422,""state"":0,""max_aov_h"":90.0,""max_aov_v"":58.71550750732422,""min_aov_h"":1.40625,""min_aov_v"":0.7910428047180176,""max_zoom"":64.0}",7.3523346
8750755063100,gimbal,3069,"{""imu_roll"":0.0,""imu_pitch"":2.410752058029175,""imu_yaw"":5.626047611236572,""frame_roll"":0.0,""frame_pitch"":2.410752058029175,""frame_yaw"":5.626047611236572,""pitch_speed"":0.0,""yaw_speed"":0.0}",7.3526369
8750762841800,fov,3070,"{""zoom"":1.0,""hfov"":90.0,""vfov"":58.71550750732422,""state"":0,""max_aov_h"":90.0,""max_aov_v"":58.71550750732422,""min_aov_h"":1.40625,""min_aov_v"":0.7910428047180176,""max_zoom"":64.0}",7.3604156
8750763300800,gimbal,3070,"{""imu_roll"":0.0,""imu_pitch"":2.348355293273926,""imu_yaw"":5.616593837738037,""frame_roll"":0.0,""frame_pitch"":2.348355293273926,""frame_yaw"":5.616593837738037,""pitch_speed"":0.0,""yaw_speed"":0.0}",7.3608746
8750776131500,attitude,1384,"{""message_type"":""ATTITUDE"",""time_boot_ms"":131510,""roll"":-0.037428583949804306,""pitch"":-0.7786651253700256,""yaw"":2.9400367736816406,""rollspeed"":-0.0026006707921624184,""pitchspeed"":-0.14088216423988342,""yawspeed"":0.01721275970339775}",7.3737053
8750776296600,vfr,692,"{""message_type"":""VFR_HUD"",""airspeed"":43.092498779296875,""alt"":119.02999877929688}",7.3738704
8750776408600,position,692,"{""message_type"":""GLOBAL_POSITION_INT"",""lat"":469494534,""lon"":393499915}",7.3739824
8750777483600,fov,3071,"{""zoom"":1.0,""hfov"":90.0,""vfov"":58.71550750732422,""state"":0,""max_aov_h"":90.0,""max_aov_v"":58.71550750732422,""min_aov_h"":1.40625,""min_aov_v"":0.7910428047180176,""max_zoom"":64.0}",7.3750574
8750777709600,gimbal,3071,"{""imu_roll"":0.0,""imu_pitch"":2.2738664150238037,""imu_yaw"":5.603352069854736,""frame_roll"":0.0,""frame_pitch"":2.2738664150238037,""frame_yaw"":5.603352069854736,""pitch_speed"":0.0,""yaw_speed"":0.0}",7.3752834
8750794558000,target_offset,735,"{""x_angle_offset"":-0.1875,""y_angle_offset"":-0.978591791788737}",7.3921318
8750800618100,fov,3072,"{""zoom"":1.0,""hfov"":90.0,""vfov"":58.71550750732422,""state"":0,""max_aov_h"":90.0,""max_aov_v"":58.71550750732422,""min_aov_h"":1.40625,""min_aov_v"":0.7910428047180176,""max_zoom"":64.0}",7.3981919
8750800860700,gimbal,3072,"{""imu_roll"":0.0,""imu_pitch"":2.1846678256988525,""imu_yaw"":5.584438323974609,""frame_roll"":0.0,""frame_pitch"":2.1846678256988525,""frame_yaw"":5.584438323974609,""pitch_speed"":0.0,""yaw_speed"":0.0}",7.3984345
8750808307300,fov,3073,"{""zoom"":1.0,""hfov"":90.0,""vfov"":58.71550750732422,""state"":0,""max_aov_h"":90.0,""max_aov_v"":58.71550750732422,""min_aov_h"":1.40625,""min_aov_v"":0.7910428047180176,""max_zoom"":64.0}",7.4058811
8750808685200,gimbal,3073,"{""imu_roll"":0.0,""imu_pitch"":2.077530860900879,""imu_yaw"":5.563350677490234,""frame_roll"":0.0,""frame_pitch"":2.077530860900879,""frame_yaw"":5.563350677490234,""pitch_speed"":0.0,""yaw_speed"":0.0}",7.406259
8750826692500,target_offset,736,"{""x_angle_offset"":-0.1875,""y_angle_offset"":-1.0873242130985967}",7.4242663
8750832312000,fov,3074,"{""zoom"":1.0,""hfov"":90.0,""vfov"":58.71550750732422,""state"":0,""max_aov_h"":90.0,""max_aov_v"":58.71550750732422,""min_aov_h"":1.40625,""min_aov_v"":0.7910428047180176,""max_zoom"":64.0}",7.4298858
8750832574000,gimbal,3074,"{""imu_roll"":0.0,""imu_pitch"":1.9129433631896973,""imu_yaw"":5.527805805206299,""frame_roll"":0.0,""frame_pitch"":1.9129433631896973,""frame_yaw"":5.527805805206299,""pitch_speed"":0.0,""yaw_speed"":0.0}",7.4301478
8750840716300,fov,3075,"{""zoom"":1.0,""hfov"":90.0,""vfov"":58.71550750732422,""state"":0,""max_aov_h"":90.0,""max_aov_v"":58.71550750732422,""min_aov_h"":1.40625,""min_aov_v"":0.7910428047180176,""max_zoom"":64.0}",7.4382901
8750841016200,gimbal,3075,"{""imu_roll"":0.0,""imu_pitch"":1.8076022863388062,""imu_yaw"":5.5088300704956055,""frame_roll"":0.0,""frame_pitch"":1.8076022863388062,""frame_yaw"":5.5088300704956055,""pitch_speed"":0.0,""yaw_speed"":0.0}",7.43859
8750852614200,fov,3076,"{""zoom"":1.0,""hfov"":90.0,""vfov"":58.71550750732422,""state"":0,""max_aov_h"":90.0,""max_aov_v"":58.71550750732422,""min_aov_h"":1.40625,""min_aov_v"":0.7910428047180176,""max_zoom"":64.0}",7.450188
8750852875400,gimbal,3076,"{""imu_roll"":0.0,""imu_pitch"":1.7106754779815674,""imu_yaw"":5.49137020111084,""frame_roll"":0.0,""frame_pitch"":1.7106754779815674,""frame_yaw"":5.49137020111084,""pitch_speed"":0.0,""yaw_speed"":0.0}",7.4504492
8750853713100,attitude,1385,"{""message_type"":""ATTITUDE"",""time_boot_ms"":131570,""roll"":-0.03468745946884155,""pitch"":-0.7961015105247498,""yaw"":2.9394431114196777,""rollspeed"":0.0035898771602660418,""pitchspeed"":-0.08351383358240128,""yawspeed"":0.01956440508365631}",7.4512869
8750870503800,target_offset,737,"{""x_angle_offset"":-0.1875,""y_angle_offset"":-1.1960566344084562}",7.4680776
8750877522700,fov,3077,"{""zoom"":1.0,""hfov"":90.0,""vfov"":58.71550750732422,""state"":0,""max_aov_h"":90.0,""max_aov_v"":58.71550750732422,""min_aov_h"":1.40625,""min_aov_v"":0.7910428047180176,""max_zoom"":64.0}",7.4750965
8750877785800,gimbal,3077,"{""imu_roll"":0.0,""imu_pitch"":1.561699390411377,""imu_yaw"":5.461463928222656,""frame_roll"":0.0,""frame_pitch"":1.561699390411377,""frame_yaw"":5.461463928222656,""pitch_speed"":0.0,""yaw_speed"":0.0}",7.4753596
8750884741500,fov,3078,"{""zoom"":1.0,""hfov"":90.0,""vfov"":58.71550750732422,""state"":0,""max_aov_h"":90.0,""max_aov_v"":58.71550750732422,""min_aov_h"":1.40625,""min_aov_v"":0.7910428047180176,""max_zoom"":64.0}",7.4823153
8750885109300,gimbal,3078,"{""imu_roll"":0.0,""imu_pitch"":1.435479760169983,""imu_yaw"":5.441622257232666,""frame_roll"":0.0,""frame_pitch"":1.435479760169983,""frame_yaw"":5.441622257232666,""pitch_speed"":0.0,""yaw_speed"":0.0}",7.4826831
8750886010100,attitude,1386,"{""message_type"":""ATTITUDE"",""time_boot_ms"":131610,""roll"":-0.036934684962034225,""pitch"":-0.790773332118988,""yaw"":2.9419870376586914,""rollspeed"":0.00808111671358347,""pitchspeed"":-0.045288242399692535,""yawspeed"":0.02092662826180458}",7.4835839
8750886147500,vfr,693,"{""message_type"":""VFR_HUD"",""airspeed"":43.53369903564453,""alt"":115.48999786376953}",7.4837213
8750886254200,position,693,"{""message_type"":""GLOBAL_POSITION_INT"",""lat"":469494042,""lon"":393500069}",7.483828
8750890810000,range,1255,"{""message_type"":""GLOBAL_VISION_POSITION_ESTIMATE"",""x"":46.948997497558594,""y"":39.35004425048828}",7.4883838
8750900640200,range,1256,"{""message_type"":""GLOBAL_VISION_POSITION_ESTIMATE"",""x"":46.948997497558594,""y"":39.35004425048828}",7.498214
8750902284800,target_offset,738,"{""x_angle_offset"":-0.1875,""y_angle_offset"":-1.1960566344084562}",7.4998586
8750908697900,fov,3079,"{""zoom"":1.0,""hfov"":90.0,""vfov"":58.71550750732422,""state"":0,""max_aov_h"":90.0,""max_aov_v"":58.71550750732422,""min_aov_h"":1.40625,""min_aov_v"":0.7910428047180176,""max_zoom"":64.0}",7.5062717
8750908934300,gimbal,3079,"{""imu_roll"":0.0,""imu_pitch"":1.239650011062622,""imu_yaw"":5.40528678894043,""frame_roll"":0.0,""frame_pitch"":1.239650011062622,""frame_yaw"":5.40528678894043,""pitch_speed"":0.0,""yaw_speed"":0.0}",7.5065081
8750916535000,fov,3080,"{""zoom"":1.0,""hfov"":90.0,""vfov"":58.71550750732422,""state"":0,""max_aov_h"":90.0,""max_aov_v"":58.71550750732422,""min_aov_h"":1.40625,""min_aov_v"":0.7910428047180176,""max_zoom"":64.0}",7.5141088
8750917381400,gimbal,3080,"{""imu_roll"":0.0,""imu_pitch"":1.130886435508728,""imu_yaw"":5.388883590698242,""frame_roll"":0.0,""frame_pitch"":1.130886435508728,""frame_yaw"":5.388883590698242,""pitch_speed"":0.0,""yaw_speed"":0.0}",7.5149552
8750928923900,fov,3081,"{""zoom"":1.0,""hfov"":90.0,""vfov"":58.71550750732422,""state"":0,""max_aov_h"":90.0,""max_aov_v"":58.71550750732422,""min_aov_h"":1.40625,""min_aov_v"":0.7910428047180176,""max_zoom"":64.0}",7.5264977
8750929277100,gimbal,3081,"{""imu_roll"":0.0,""imu_pitch"":1.0146297216415405,""imu_yaw"":5.368213653564453,""frame_roll"":0.0,""frame_pitch"":1.0146297216415405,""frame_yaw"":5.368213653564453,""pitch_speed"":0.0,""yaw_speed"":0.0}",7.5268509
8750935992500,attitude,1387,"{""message_type"":""ATTITUDE"",""time_boot_ms"":131670,""roll"":-0.039940062910318375,""pitch"":-0.7807969450950623,""yaw"":2.945812940597534,""rollspeed"":0.015177514404058456,""pitchspeed"":-0.013974625617265701,""yawspeed"":0.022664442658424377}",7.5335663
8750946609300,target_offset,739,"{""x_angle_offset"":-0.1875,""y_angle_offset"":-1.1960566344084562}",7.5441831
8750951074800,fov,3082,"{""zoom"":1.0,""hfov"":90.0,""vfov"":58.71550750732422,""state"":0,""max_aov_h"":90.0,""max_aov_v"":58.71550750732422,""min_aov_h"":1.40625,""min_aov_v"":0.7910428047180176,""max_zoom"":64.0}",7.5486486
8750951282900,gimbal,3082,"{""imu_roll"":0.0,""imu_pitch"":0.869385838508606,""imu_yaw"":5.336869239807129,""frame_roll"":0.0,""frame_pitch"":0.869385838508606,""frame_yaw"":5.336869239807129,""pitch_speed"":0.0,""yaw_speed"":0.0}",7.5488567
8750960970300,fov,3083,"{""zoom"":1.0,""hfov"":90.0,""vfov"":58.71550750732422,""state"":0,""max_aov_h"":90.0,""max_aov_v"":58.71550750732422,""min_aov_h"":1.40625,""min_aov_v"":0.7910428047180176,""max_zoom"":64.0}",7.5585441
8750961351800,gimbal,3083,"{""imu_roll"":0.0,""imu_pitch"":0.7317561507225037,""imu_yaw"":5.314049243927002,""frame_roll"":0.0,""frame_pitch"":0.7317561507225037,""frame_yaw"":5.314049243927002,""pitch_speed"":0.0,""yaw_speed"":0.0}",7.5589256
8750972108400,fov,3084,"{""zoom"":1.0,""hfov"":90.0,""vfov"":58.71550750732422,""state"":0,""max_aov_h"":90.0,""max_aov_v"":58.71550750732422,""min_aov_h"":1.40625,""min_aov_v"":0.7910428047180176,""max_zoom"":64.0}",7.5696822
8750972513100,gimbal,3084,"{""imu_roll"":0.0,""imu_pitch"":0.6259173154830933,""imu_yaw"":5.294084072113037,""frame_roll"":0.0,""frame_pitch"":0.6259173154830933,""frame_yaw"":5.294084072113037,""pitch_speed"":0.0,""yaw_speed"":0.0}",7.5700869
8750987002400,position,694,"{""message_type"":""GLOBAL_POSITION_INT"",""lat"":469494042,""lon"":393500069}",7.5845762
8750987675300,attitude,1388,"{""message_type"":""ATTITUDE"",""time_boot_ms"":131710,""roll"":-0.04172838106751442,""pitch"":-0.7739015221595764,""yaw"":2.9484474658966064,""rollspeed"":0.020705901086330414,""pitchspeed"":-0.01610909029841423,""yawspeed"":0.023511815816164017}",7.5852491
8750987910900,vfr,694,"{""message_type"":""VFR_HUD"",""airspeed"":43.97917938232422,""alt"":111.86000061035156}",7.5854847
8751003751300,fov,3085,"{""zoom"":1.0,""hfov"":90.0,""vfov"":58.71550750732422,""state"":0,""max_aov_h"":90.0,""max_aov_v"":58.71550750732422,""min_aov_h"":1.40625,""min_aov_v"":0.7910428047180176,""max_zoom"":64.0}",7.6013251
8751004972000,gimbal,3085,"{""imu_roll"":0.0,""imu_pitch"":0.40008682012557983,""imu_yaw"":5.2441205978393555,""frame_roll"":0.0,""frame_pitch"":0.40008682012557983,""frame_yaw"":5.2441205978393555,""pitch_speed"":0.0,""yaw_speed"":0.0}",7.6025458
8751006355700,target_offset,740,"{""x_angle_offset"":-0.1875,""y_angle_offset"":-0.7611269491690176}",7.6039295
8751014804900,fov,3086,"{""zoom"":1.0,""hfov"":90.0,""vfov"":58.71550750732422,""state"":0,""max_aov_h"":90.0,""max_aov_v"":58.71550750732422,""min_aov_h"":1.40625,""min_aov_v"":0.7910428047180176,""max_zoom"":64.0}",7.6123787
8751015350400,gimbal,3086,"{""imu_roll"":0.0,""imu_pitch"":0.29591047763824463,""imu_yaw"":5.217730522155762,""frame_roll"":0.0,""frame_pitch"":0.29591047763824463,""frame_yaw"":5.217730522155762,""pitch_speed"":0.0,""yaw_speed"":0.0}",7.6129242
8751033778500,target_offset,741,"{""x_angle_offset"":-0.1875,""y_angle_offset"":-0.43492968523943865}",7.6313523
8751041202800,fov,3087,"{""zoom"":1.0,""hfov"":90.0,""vfov"":58.71550750732422,""state"":0,""max_aov_h"":90.0,""max_aov_v"":58.71550750732422,""min_aov_h"":1.40625,""min_aov_v"":0.7910428047180176,""max_zoom"":64.0}",7.6387766
8751041447300,gimbal,3087,"{""imu_roll"":0.0,""imu_pitch"":0.15965302288532257,""imu_yaw"":5.177706241607666,""frame_roll"":0.0,""frame_pitch"":0.15965302288532257,""frame_yaw"":5.177706241607666,""pitch_speed"":0.0,""yaw_speed"":0.0}",7.6390211
8751046725200,range,1257,"{""message_type"":""GLOBAL_VISION_POSITION_ESTIMATE"",""x"":46.948997497558594,""y"":39.35004806518555}",7.644299
8751047170800,fov,3088,"{""zoom"":1.0,""hfov"":90.0,""vfov"":58.71550750732422,""state"":0,""max_aov_h"":90.0,""max_aov_v"":58.71550750732422,""min_aov_h"":1.40625,""min_aov_v"":0.7910428047180176,""max_zoom"":64.0}",7.6447446
8751047565500,attitude,1389,"{""message_type"":""ATTITUDE"",""time_boot_ms"":131770,""roll"":-0.04390062764286995,""pitch"":-0.7646047472953796,""yaw"":2.952413320541382,""rollspeed"":0.030547108501195908,""pitchspeed"":-0.042557280510663986,""yawspeed"":0.02406991273164749}",7.6451393
8751047738300,gimbal,3088,"{""imu_roll"":0.0,""imu_pitch"":0.1250964254140854,""imu_yaw"":5.157796382904053,""frame_roll"":0.0,""frame_pitch"":0.1250964254140854,""frame_yaw"":5.157796382904053,""pitch_speed"":0.0,""yaw_speed"":0.0}",7.6453121
8751064092600,target_offset,742,"{""x_angle_offset"":-0.1875,""y_angle_offset"":-0.326197263929579}",7.6616664
8751068648700,range,1258,"{""message_type"":""GLOBAL_VISION_POSITION_ESTIMATE"",""x"":46.948997497558594,""y"":39.35004806518555}",7.6662225
8751070489400,fov,3089,"{""zoom"":1.0,""hfov"":90.0,""vfov"":58.71550750732422,""state"":0,""max_aov_h"":90.0,""max_aov_v"":58.71550750732422,""min_aov_h"":1.40625,""min_aov_v"":0.7910428047180176,""max_zoom"":64.0}",7.6680632
8751070691200,gimbal,3089,"{""imu_roll"":0.0,""imu_pitch"":0.07376699149608612,""imu_yaw"":5.123129367828369,""frame_roll"":0.0,""frame_pitch"":0.07376699149608612,""frame_yaw"":5.123129367828369,""pitch_speed"":0.0,""yaw_speed"":0.0}",7.668265
8751079354400,fov,3090,"{""zoom"":1.0,""hfov"":90.0,""vfov"":58.71550750732422,""state"":0,""max_aov_h"":90.0,""max_aov_v"":58.71550750732422,""min_aov_h"":1.40625,""min_aov_v"":0.7910428047180176,""max_zoom"":64.0}",7.6769282
8751079759800,gimbal,3090,"{""imu_roll"":0.0,""imu_pitch"":0.043209485709667206,""imu_yaw"":5.1054253578186035,""frame_roll"":0.0,""frame_pitch"":0.043209485709667206,""frame_yaw"":5.1054253578186035,""pitch_speed"":0.0,""yaw_speed"":0.0}",7.6773336
8751081191700,position,695,"{""message_type"":""GLOBAL_POSITION_INT"",""lat"":469493308,""lon"":393500232}",7.6787655
8751081431600,attitude,1390,"{""message_type"":""ATTITUDE"",""time_boot_ms"":131810,""roll"":-0.043128978461027145,""pitch"":-0.7672361135482788,""yaw"":2.9537627696990967,""rollspeed"":0.03602439910173416,""pitchspeed"":-0.06893730163574219,""yawspeed"":0.02417745068669319}",7.6790054
8751081578200,vfr,695,"{""message_type"":""VFR_HUD"",""airspeed"":44.42607498168945,""alt"":108.15999603271484}",7.679152
8751091463900,fov,3091,"{""zoom"":1.0,""hfov"":90.0,""vfov"":58.71550750732422,""state"":0,""max_aov_h"":90.0,""max_aov_v"":58.71550750732422,""min_aov_h"":1.40625,""min_aov_v"":0.7910428047180176,""max_zoom"":64.0}",7.6890377
8751091863700,gimbal,3091,"{""imu_roll"":0.0,""imu_pitch"":0.011370990425348282,""imu_yaw"":5.083108425140381,""frame_roll"":0.0,""frame_pitch"":0.011370990425348282,""frame_yaw"":5.083108425140381,""pitch_speed"":0.0,""yaw_speed"":0.0}",7.6894375
8751109169100,target_offset,743,"{""x_angle_offset"":-0.28125,""y_angle_offset"":-0.21746484261971932}",7.7067429
8751116170100,fov,3092,"{""zoom"":1.0,""hfov"":90.0,""vfov"":58.71550750732422,""state"":0,""max_aov_h"":90.0,""max_aov_v"":58.71550750732422,""min_aov_h"":1.40625,""min_aov_v"":0.7910428047180176,""max_zoom"":64.0}",7.7137439
8751116420000,gimbal,3092,"{""imu_roll"":0.0,""imu_pitch"":-0.03164641931653023,""imu_yaw"":5.047057628631592,""frame_roll"":0.0,""frame_pitch"":-0.03164641931653023,""frame_yaw"":5.047057628631592,""pitch_speed"":0.0,""yaw_speed"":0.0}",7.7139938
8751122730500,fov,3093,"{""zoom"":1.0,""hfov"":90.0,""vfov"":58.71550750732422,""state"":0,""max_aov_h"":90.0,""max_aov_v"":58.71550750732422,""min_aov_h"":1.40625,""min_aov_v"":0.7910428047180176,""max_zoom"":64.0}",7.7203043
8751123095500,gimbal,3093,"{""imu_roll"":0.0,""imu_pitch"":-0.04955579340457916,""imu_yaw"":5.019346237182617,""frame_roll"":0.0,""frame_pitch"":-0.04955579340457916,""frame_yaw"":5.019346237182617,""pitch_speed"":0.0,""yaw_speed"":0.0}",7.7206693
8751137598200,attitude,1391,"{""message_type"":""ATTITUDE"",""time_boot_ms"":131870,""roll"":-0.038745082914829254,""pitch"":-0.7842788696289062,""yaw"":2.953791856765747,""rollspeed"":0.04144460707902908,""pitchspeed"":-0.09842587262392044,""yawspeed"":0.023864638060331345}",7.735172
8751144338700,target_offset,744,"{""x_angle_offset"":-0.28125,""y_angle_offset"":-0.10873242130985966}",7.7419125
8751149072400,fov,3094,"{""zoom"":1.0,""hfov"":90.0,""vfov"":58.71550750732422,""state"":0,""max_aov_h"":90.0,""max_aov_v"":58.71550750732422,""min_aov_h"":1.40625,""min_aov_v"":0.7910428047180176,""max_zoom"":64.0}",7.7466462
8751149299100,gimbal,3094,"{""imu_roll"":0.0,""imu_pitch"":-0.07971589267253876,""imu_yaw"":4.968006134033203,""frame_roll"":0.0,""frame_pitch"":-0.07971589267253876,""frame_yaw"":4.968006134033203,""pitch_speed"":0.0,""yaw_speed"":0.0}",7.7468729
8751155056200,gimbal,3095,"{""imu_roll"":0.0,""imu_pitch"":-0.08801116049289703,""imu_yaw"":4.940701484680176,""frame_roll"":0.0,""frame_pitch"":-0.08801116049289703,""frame_yaw"":4.940701484680176,""pitch_speed"":0.0,""yaw_speed"":0.0}",7.75263
8751155426200,fov,3095,"{""zoom"":1.0,""hfov"":90.0,""vfov"":58.71550750732422,""state"":0,""max_aov_h"":90.0,""max_aov_v"":58.71550750732422,""min_aov_h"":1.40625,""min_aov_v"":0.7910428047180176,""max_zoom"":64.0}",7.753
8751166906700,fov,3096,"{""zoom"":1.0,""hfov"":90.0,""vfov"":58.71550750732422,""state"":0,""max_aov_h"":90.0,""max_aov_v"":58.71550750732422,""min_aov_h"":1.40625,""min_aov_v"":0.7910428047180176,""max_zoom"":64.0}",7.7644805
8751167297700,gimbal,3096,"{""imu_roll"":0.0,""imu_pitch"":-0.09634625166654587,""imu_yaw"":4.911011695861816,""frame_roll"":0.0,""frame_pitch"":-0.09634625166654587,""frame_yaw"":4.911011695861816,""pitch_speed"":0.0,""yaw_speed"":0.0}",7.7648715
8751181976800,vfr,696,"{""message_type"":""VFR_HUD"",""airspeed"":44.892024993896484,""alt"":104.40999603271484}",7.7795506
8751182160200,position,696,"{""message_type"":""GLOBAL_POSITION_INT"",""lat"":469493308,""lon"":393500232}",7.779734
8751183033800,attitude,1392,"{""message_type"":""ATTITUDE"",""time_boot_ms"":131910,""roll"":-0.035775426775217056,""pitch"":-0.7960068583488464,""yaw"":2.953761339187622,""rollspeed"":0.039887212216854095,""pitchspeed"":-0.09923850744962692,""yawspeed"":0.023602213710546494}",7.7806076
8751185327000,target_offset,745,"{""x_angle_offset"":-0.28125,""y_angle_offset"":-0.10873242130985966}",7.7829008
8751191031700,fov,3097,"{""zoom"":1.0,""hfov"":90.0,""vfov"":58.71550750732422,""state"":0,""max_aov_h"":90.0,""max_aov_v"":58.71550750732422,""min_aov_h"":1.40625,""min_aov_v"":0.7910428047180176,""max_zoom"":64.0}",7.7886055
8751191843900,gimbal,3097,"{""imu_roll"":0.0,""imu_pitch"":-0.10844512283802032,""imu_yaw"":4.864178657531738,""frame_roll"":0.0,""frame_pitch"":-0.10844512283802032,""frame_yaw"":4.864178657531738,""pitch_speed"":0.0,""yaw_speed"":0.0}",7.7894177
8751198173200,fov,3098,"{""zoom"":1.0,""hfov"":90.0,""vfov"":58.71550750732422,""state"":0,""max_aov_h"":90.0,""max_aov_v"":58.71550750732422,""min_aov_h"":1.40625,""min_aov_v"":0.7910428047180176,""max_zoom"":64.0}",7.795747
8751198506300,gimbal,3098,"{""imu_roll"":0.0,""imu_pitch"":-0.11722926795482635,""imu_yaw"":4.839597225189209,""frame_roll"":0.0,""frame_pitch"":-0.11722926795482635,""frame_yaw"":4.839597225189209,""pitch_speed"":0.0,""yaw_speed"":0.0}",7.7960801
8751212084800,fov,3099,"{""zoom"":1.0,""hfov"":90.0,""vfov"":58.71550750732422,""state"":0,""max_aov_h"":90.0,""max_aov_v"":58.71550750732422,""min_aov_h"":1.40625,""min_aov_v"":0.7910428047180176,""max_zoom"":64.0}",7.8096586
8751212481600,gimbal,3099,"{""imu_roll"":0.0,""imu_pitch"":-0.12842097878456116,""imu_yaw"":4.805116176605225,""frame_roll"":0.0,""frame_pitch"":-0.12842097878456116,""frame_yaw"":4.805116176605225,""pitch_speed"":0.0,""yaw_speed"":0.0}",7.8100554
8751216875500,range,1259,"{""message_type"":""GLOBAL_VISION_POSITION_ESTIMATE"",""x"":46.94892501831055,""y"":39.35006332397461}",7.8144493
8751227982000,target_offset,746,"{""x_angle_offset"":-0.1875,""y_angle_offset"":-0.21746484261971932}",7.8255558
8751234172000,fov,3100,"{""zoom"":1.0,""hfov"":90.0,""vfov"":58.71550750732422,""state"":0,""max_aov_h"":90.0,""max_aov_v"":58.71550750732422,""min_aov_h"":1.40625,""min_aov_v"":0.7910428047180176,""max_zoom"":64.0}",7.8317458
8751234408300,gimbal,3100,"{""imu_roll"":0.0,""imu_pitch"":-0.14189520478248596,""imu_yaw"":4.7591047286987305,""frame_roll"":0.0,""frame_pitch"":-0.14189520478248596,""frame_yaw"":4.7591047286987305,""pitch_speed"":0.0,""yaw_speed"":0.0}",7.8319821
8751242424500,fov,3101,"{""zoom"":1.0,""hfov"":90.0,""vfov"":58.71550750732422,""state"":0,""max_aov_h"":90.0,""max_aov_v"":58.71550750732422,""min_aov_h"":1.40625,""min_aov_v"":0.7910428047180176,""max_zoom"":64.0}",7.8399983
8751243227000,gimbal,3101,"{""imu_roll"":0.0,""imu_pitch"":-0.16298626363277435,""imu_yaw"":4.742828369140625,""frame_roll"":0.0,""frame_pitch"":-0.16298626363277435,""frame_yaw"":4.742828369140625,""pitch_speed"":0.0,""yaw_speed"":0.0}",7.8408008
8751245485100,range,1260,"{""message_type"":""GLOBAL_VISION_POSITION_ESTIMATE"",""x"":46.94892501831055,""y"":39.35006332397461}",7.8430589
8751245765400,attitude,1393,"{""message_type"":""ATTITUDE"",""time_boot_ms"":131970,""roll"":-0.03170037269592285,""pitch"":-0.8122164607048035,""yaw"":2.9535675048828125,""rollspeed"":0.028095833957195282,""pitchspeed"":-0.062432363629341125,""yawspeed"":0.023568369448184967}",7.8433392
8751260450300,target_offset,747,"{""x_angle_offset"":-0.28125,""y_angle_offset"":-0.652394527859158}",7.8580241
8751266153400,fov,3102,"{""zoom"":1.0,""hfov"":90.0,""vfov"":58.71550750732422,""state"":0,""max_aov_h"":90.0,""max_aov_v"":58.71550750732422,""min_aov_h"":1.40625,""min_aov_v"":0.7910428047180176,""max_zoom"":64.0}",7.8637272
8751266377100,gimbal,3102,"{""imu_roll"":0.0,""imu_pitch"":-0.19792236387729645,""imu_yaw"":4.711800575256348,""frame_roll"":0.0,""frame_pitch"":-0.19792236387729645,""frame_yaw"":4.711800575256348,""pitch_speed"":0.0,""yaw_speed"":0.0}",7.8639509
8751275403400,fov,3103,"{""zoom"":1.0,""hfov"":90.0,""vfov"":58.71550750732422,""state"":0,""max_aov_h"":90.0,""max_aov_v"":58.71550750732422,""min_aov_h"":1.40625,""min_aov_v"":0.7910428047180176,""max_zoom"":64.0}",7.8729772
8751275754900,gimbal,3103,"{""imu_roll"":0.0,""imu_pitch"":-0.267209529876709,""imu_yaw"":4.683485984802246,""frame_roll"":0.0,""frame_pitch"":-0.267209529876709,""frame_yaw"":4.683485984802246,""pitch_speed"":0.0,""yaw_speed"":0.0}",7.8733287
8751278676500,attitude,1394,"{""message_type"":""ATTITUDE"",""time_boot_ms"":132010,""roll"":-0.029459457844495773,""pitch"":-0.8211646676063538,""yaw"":2.953346014022827,""rollspeed"":0.015530761331319809,""pitchspeed"":-0.02055218257009983,""yawspeed"":0.02358817681670189}",7.8762503
8751278820600,vfr,697,"{""message_type"":""VFR_HUD"",""airspeed"":45.35032272338867,""alt"":100.57999420166016}",7.8763944
8751278920300,position,697,"{""message_type"":""GLOBAL_POSITION_INT"",""lat"":469492785,""lon"":393500380}",7.8764941
8751287990800,fov,3104,"{""zoom"":1.0,""hfov"":90.0,""vfov"":58.71550750732422,""state"":0,""max_aov_h"":90.0,""max_aov_v"":58.71550750732422,""min_aov_h"":1.40625,""min_aov_v"":0.7910428047180176,""max_zoom"":64.0}",7.8855646
8751288456400,gimbal,3104,"{""imu_roll"":0.0,""imu_pitch"":-0.33902910351753235,""imu_yaw"":4.649927616119385,""frame_roll"":0.0,""frame_pitch"":-0.33902910351753235,""frame_yaw"":4.649927616119385,""pitch_speed"":0.0,""yaw_speed"":0.0}",7.8860302
8751306703300,target_offset,748,"{""x_angle_offset"":-0.28125,""y_angle_offset"":-0.652394527859158}",7.9042771
8751312267400,fov,3105,"{""zoom"":1.0,""hfov"":90.0,""vfov"":58.71550750732422,""state"":0,""max_aov_h"":90.0,""max_aov_v"":58.71550750732422,""min_aov_h"":1.40625,""min_aov_v"":0.7910428047180176,""max_zoom"":64.0}",7.9098412
8751312515800,gimbal,3105,"{""imu_roll"":0.0,""imu_pitch"":-0.42899176478385925,""imu_yaw"":4.601595401763916,""frame_roll"":0.0,""frame_pitch"":-0.42899176478385925,""frame_yaw"":4.601595401763916,""pitch_speed"":0.0,""yaw_speed"":0.0}",7.9100896
8751320373500,fov,3106,"{""zoom"":1.0,""hfov"":90.0,""vfov"":58.71550750732422,""state"":0,""max_aov_h"":90.0,""max_aov_v"":58.71550750732422,""min_aov_h"":1.40625,""min_aov_v"":0.7910428047180176,""max_zoom"":64.0}",7.9179473
8751320701000,gimbal,3106,"{""imu_roll"":0.0,""imu_pitch"":-0.49786850810050964,""imu_yaw"":4.5707106590271,""frame_roll"":0.0,""frame_pitch"":-0.49786850810050964,""frame_yaw"":4.5707106590271,""pitch_speed"":0.0,""yaw_speed"":0.0}",7.9182748
8751332479200,fov,3107,"{""zoom"":1.0,""hfov"":90.0,""vfov"":58.71550750732422,""state"":0,""max_aov_h"":90.0,""max_aov_v"":58.71550750732422,""min_aov_h"":1.40625,""min_aov_v"":0.7910428047180176,""max_zoom"":64.0}",7.930053
8751332734000,gimbal,3107,"{""imu_roll"":0.0,""imu_pitch"":-0.5618648529052734,""imu_yaw"":4.536686897277832,""frame_roll"":0.0,""frame_pitch"":-0.5618648529052734,""frame_yaw"":4.536686897277832,""pitch_speed"":0.0,""yaw_speed"":0.0}",7.9303078
8751346444700,attitude,1395,"{""message_type"":""ATTITUDE"",""time_boot_ms"":132070,""roll"":-0.032219696789979935,""pitch"":-0.8081330060958862,""yaw"":2.9564690589904785,""rollspeed"":-0.009419376030564308,""pitchspeed"":0.046492017805576324,""yawspeed"":0.023188740015029907}",7.9440185
8751350660700,target_offset,749,"{""x_angle_offset"":-0.1875,""y_angle_offset"":-0.7611269491690176}",7.9482345
8751356316900,fov,3108,"{""zoom"":1.0,""hfov"":90.0,""vfov"":58.71550750732422,""state"":0,""max_aov_h"":90.0,""max_aov_v"":58.71550750732422,""min_aov_h"":1.40625,""min_aov_v"":0.7910428047180176,""max_zoom"":64.0}",7.9538907
8751356643100,gimbal,3108,"{""imu_roll"":0.0,""imu_pitch"":-0.6411021947860718,""imu_yaw"":4.4901533126831055,""frame_roll"":0.0,""frame_pitch"":-0.6411021947860718,""frame_yaw"":4.4901533126831055,""pitch_speed"":0.0,""yaw_speed"":0.0}",7.9542169
8751363054700,fov,3109,"{""zoom"":1.0,""hfov"":90.0,""vfov"":58.71550750732422,""state"":0,""max_aov_h"":90.0,""max_aov_v"":58.71550750732422,""min_aov_h"":1.40625,""min_aov_v"":0.7910428047180176,""max_zoom"":64.0}",7.9606285
8751363296800,gimbal,3109,"{""imu_roll"":0.0,""imu_pitch"":-0.7230814695358276,""imu_yaw"":4.47059965133667,""frame_roll"":0.0,""frame_pitch"":-0.7230814695358276,""frame_yaw"":4.47059965133667,""pitch_speed"":0.0,""yaw_speed"":0.0}",7.9608706
8751371017700,range,1261,"{""message_type"":""GLOBAL_VISION_POSITION_ESTIMATE"",""x"":46.94887161254883,""y"":39.35008239746094}",7.9685915
8751382256900,target_offset,750,"{""x_angle_offset"":-0.1875,""y_angle_offset"":-0.7611269491690176}",7.9798307
8751386125200,range,1262,"{""message_type"":""GLOBAL_VISION_POSITION_ESTIMATE"",""x"":46.94887161254883,""y"":39.35008239746094}",7.983699
8751386333900,attitude,1396,"{""message_type"":""ATTITUDE"",""time_boot_ms"":132110,""roll"":-0.03470754250884056,""pitch"":-0.7976632714271545,""yaw"":2.9583523273468018,""rollspeed"":-0.024780549108982086,""pitchspeed"":0.07642041891813278,""yawspeed"":0.02219872921705246}",7.9839077
8751386438800,vfr,698,"{""message_type"":""VFR_HUD"",""airspeed"":45.821006774902344,""alt"":96.70999908447266}",7.9840126
8751386517700,position,698,"{""message_type"":""GLOBAL_POSITION_INT"",""lat"":469492785,""lon"":393500380}",7.9840915
8751388538900,fov,3110,"{""zoom"":1.0,""hfov"":90.0,""vfov"":58.71550750732422,""state"":0,""max_aov_h"":90.0,""max_aov_v"":58.71550750732422,""min_aov_h"":1.40625,""min_aov_v"":0.7910428047180176,""max_zoom"":64.0}",7.9861127
8751388771000,gimbal,3110,"{""imu_roll"":0.0,""imu_pitch"":-0.8484321236610413,""imu_yaw"":4.434370994567871,""frame_roll"":0.0,""frame_pitch"":-0.8484321236610413,""frame_yaw"":4.434370994567871,""pitch_speed"":0.0,""yaw_speed"":0.0}",7.9863448
8751396216800,fov,3111,"{""zoom"":1.0,""hfov"":90.0,""vfov"":58.71550750732422,""state"":0,""max_aov_h"":90.0,""max_aov_v"":58.71550750732422,""min_aov_h"":1.40625,""min_aov_v"":0.7910428047180176,""max_zoom"":64.0}",7.9937906
8751397215600,gimbal,3111,"{""imu_roll"":0.0,""imu_pitch"":-0.9223442077636719,""imu_yaw"":4.414027690887451,""frame_roll"":0.0,""frame_pitch"":-0.9223442077636719,""frame_yaw"":4.414027690887451,""pitch_speed"":0.0,""yaw_speed"":0.0}",7.9947894
8751407912300,fov,3112,"{""zoom"":1.0,""hfov"":90.0,""vfov"":58.71550750732422,""state"":0,""max_aov_h"":90.0,""max_aov_v"":58.71550750732422,""min_aov_h"":1.40625,""min_aov_v"":0.7910428047180176,""max_zoom"":64.0}",8.0054861
8751408275500,gimbal,3112,"{""imu_roll"":0.0,""imu_pitch"":-0.9880151748657227,""imu_yaw"":4.392393112182617,""frame_roll"":0.0,""frame_pitch"":-0.9880151748657227,""frame_yaw"":4.392393112182617,""pitch_speed"":0.0,""yaw_speed"":0.0}",8.0058493
8751425974200,target_offset,751,"{""x_angle_offset"":-0.1875,""y_angle_offset"":-0.652394527859158}",8.023548
8751430785800,fov,3113,"{""zoom"":1.0,""hfov"":90.0,""vfov"":58.71550750732422,""state"":0,""max_aov_h"":90.0,""max_aov_v"":58.71550750732422,""min_aov_h"":1.40625,""min_aov_v"":0.7910428047180176,""max_zoom"":64.0}",8.0283596
8751430995500,gimbal,3113,"{""imu_roll"":0.0,""imu_pitch"":-1.0842318534851074,""imu_yaw"":4.353654384613037,""frame_roll"":0.0,""frame_pitch"":-1.0842318534851074,""frame_yaw"":4.353654384613037,""pitch_speed"":0.0,""yaw_speed"":0.0}",8.0285693
8751440373500,fov,3114,"{""zoom"":1.0,""hfov"":90.0,""vfov"":58.71550750732422,""state"":0,""max_aov_h"":90.0,""max_aov_v"":58.71550750732422,""min_aov_h"":1.40625,""min_aov_v"":0.7910428047180176,""max_zoom"":64.0}",8.0379473
8751440624800,gimbal,3114,"{""imu_roll"":0.0,""imu_pitch"":-1.1481956243515015,""imu_yaw"":4.335132122039795,""frame_roll"":0.0,""frame_pitch"":-1.1481956243515015,""frame_yaw"":4.335132122039795,""pitch_speed"":0.0,""yaw_speed"":0.0}",8.0381986
8751451392200,attitude,1397,"{""message_type"":""ATTITUDE"",""time_boot_ms"":132170,""roll"":-0.03925127908587456,""pitch"":-0.7812188863754272,""yaw"":2.9608216285705566,""rollspeed"":-0.04716182127594948,""pitchspeed"":0.08088040351867676,""yawspeed"":0.021294988691806793}",8.048966
8751451818400,fov,3115,"{""zoom"":1.0,""hfov"":90.0,""vfov"":58.71550750732422,""state"":0,""max_aov_h"":90.0,""max_aov_v"":58.71550750732422,""min_aov_h"":1.40625,""min_aov_v"":0.7910428047180176,""max_zoom"":64.0}",8.0493922
8751452482400,gimbal,3115,"{""imu_roll"":0.0,""imu_pitch"":-1.2041270732879639,""imu_yaw"":4.316895484924316,""frame_roll"":0.0,""frame_pitch"":-1.2041270732879639,""frame_yaw"":4.316895484924316,""pitch_speed"":0.0,""yaw_speed"":0.0}",8.0500562
8751469116200,target_offset,752,"{""x_angle_offset"":-0.1875,""y_angle_offset"":-0.10873242130985966}",8.06669
8751475424700,fov,3116,"{""zoom"":1.0,""hfov"":90.0,""vfov"":58.71550750732422,""state"":0,""max_aov_h"":90.0,""max_aov_v"":58.71550750732422,""min_aov_h"":1.40625,""min_aov_v"":0.7910428047180176,""max_zoom"":64.0}",8.0729985
8751475824500,gimbal,3116,"{""imu_roll"":0.0,""imu_pitch"":-1.2898224592208862,""imu_yaw"":4.281955242156982,""frame_roll"":0.0,""frame_pitch"":-1.2898224592208862,""frame_yaw"":4.281955242156982,""pitch_speed"":0.0,""yaw_speed"":0.0}",8.0733983
8751482909400,fov,3117,"{""zoom"":1.0,""hfov"":90.0,""vfov"":58.71550750732422,""state"":0,""max_aov_h"":90.0,""max_aov_v"":58.71550750732422,""min_aov_h"":1.40625,""min_aov_v"":0.7910428047180176,""max_zoom"":64.0}",8.0804832
8751483277300,gimbal,3117,"{""imu_roll"":0.0,""imu_pitch"":-1.2905412912368774,""imu_yaw"":4.263004302978516,""frame_roll"":0.0,""frame_pitch"":-1.2905412912368774,""frame_yaw"":4.263004302978516,""pitch_speed"":0.0,""yaw_speed"":0.0}",8.0808511
8751485003000,position,699,"{""message_type"":""GLOBAL_POSITION_INT"",""lat"":469492785,""lon"":393500380}",8.0825768
8751485284800,attitude,1398,"{""message_type"":""ATTITUDE"",""time_boot_ms"":132210,""roll"":-0.04295560345053673,""pitch"":-0.7709117531776428,""yaw"":2.9622597694396973,""rollspeed"":-0.06435099989175797,""pitchspeed"":0.0610046349465847,""yawspeed"":0.02087588980793953}",8.0828586
8751485423000,vfr,699,"{""message_type"":""VFR_HUD"",""airspeed"":46.27981948852539,""alt"":92.77999877929688}",8.0829968
8751495782000,fov,3118,"{""zoom"":1.0,""hfov"":90.0,""vfov"":58.71550750732422,""state"":0,""max_aov_h"":90.0,""max_aov_v"":58.71550750732422,""min_aov_h"":1.40625,""min_aov_v"":0.7910428047180176,""max_zoom"":64.0}",8.0933558
8751496134800,gimbal,3118,"{""imu_roll"":0.0,""imu_pitch"":-1.2912988662719727,""imu_yaw"":4.239523887634277,""frame_roll"":0.0,""frame_pitch"":-1.2912988662719727,""frame_yaw"":4.239523887634277,""pitch_speed"":0.0,""yaw_speed"":0.0}",8.0937086
8751513078500,target_offset,753,"{""x_angle_offset"":-0.1875,""y_angle_offset"":0.0}",8.1106523
8751518826700,fov,3119,"{""zoom"":1.0,""hfov"":90.0,""vfov"":58.71550750732422,""state"":0,""max_aov_h"":90.0,""max_aov_v"":58.71550750732422,""min_aov_h"":1.40625,""min_aov_v"":0.7910428047180176,""max_zoom"":64.0}",8.1164005
8751519061400,gimbal,3119,"{""imu_roll"":0.0,""imu_pitch"":-1.2923064231872559,""imu_yaw"":4.202029228210449,""frame_roll"":0.0,""frame_pitch"":-1.2923064231872559,""frame_yaw"":4.202029228210449,""pitch_speed"":0.0,""yaw_speed"":0.0}",8.1166352
8751524926500,range,1263,"{""message_type"":""GLOBAL_VISION_POSITION_ESTIMATE"",""x"":46.94887161254883,""y"":39.3500862121582}",8.1225003
8751527052900,fov,3120,"{""zoom"":1.0,""hfov"":90.0,""vfov"":58.71550750732422,""state"":0,""max_aov_h"":90.0,""max_aov_v"":58.71550750732422,""min_aov_h"":1.40625,""min_aov_v"":0.7910428047180176,""max_zoom"":64.0}",8.1246267
8751527463000,gimbal,3120,"{""imu_roll"":0.0,""imu_pitch"":-1.2903159856796265,""imu_yaw"":4.1843342781066895,""frame_roll"":0.0,""frame_pitch"":-1.2903159856796265,""frame_yaw"":4.1843342781066895,""pitch_speed"":0.0,""yaw_speed"":0.0}",8.1250368
8751536921700,range,1264,"{""message_type"":""GLOBAL_VISION_POSITION_ESTIMATE"",""x"":46.94887161254883,""y"":39.3500862121582}",8.1344955
8751537300600,attitude,1399,"{""message_type"":""ATTITUDE"",""time_boot_ms"":132270,""roll"":-0.04744577407836914,""pitch"":-0.7701236009597778,""yaw"":2.962843894958496,""rollspeed"":-0.08856286108493805,""pitchspeed"":0.008427027612924576,""yawspeed"":0.01992807537317276}",8.1348744
8751546975700,target_offset,754,"{""x_angle_offset"":-0.1875,""y_angle_offset"":0.5436621065492984}",8.1445495
8751551371400,fov,3121,"{""zoom"":1.0,""hfov"":90.0,""vfov"":58.71550750732422,""state"":0,""max_aov_h"":90.0,""max_aov_v"":58.71550750732422,""min_aov_h"":1.40625,""min_aov_v"":0.7910428047180176,""max_zoom"":64.0}",8.1489452
8751551592500,gimbal,3121,"{""imu_roll"":0.0,""imu_pitch"":-1.2868053913116455,""imu_yaw"":4.147766590118408,""frame_roll"":0.0,""frame_pitch"":-1.2868053913116455,""frame_yaw"":4.147766590118408,""pitch_speed"":0.0,""yaw_speed"":0.0}",8.1491663
8751558245100,fov,3122,"{""zoom"":1.0,""hfov"":90.0,""vfov"":58.71550750732422,""state"":0,""max_aov_h"":90.0,""max_aov_v"":58.71550750732422,""min_aov_h"":1.40625,""min_aov_v"":0.7910428047180176,""max_zoom"":64.0}",8.1558189
8751558646200,gimbal,3122,"{""imu_roll"":0.0,""imu_pitch"":-1.2347782850265503,""imu_yaw"":4.131954193115234,""frame_roll"":0.0,""frame_pitch"":-1.2347782850265503,""frame_yaw"":4.131954193115234,""pitch_speed"":0.0,""yaw_speed"":0.0}",8.15622
8751570711200,fov,3123,"{""zoom"":1.0,""hfov"":90.0,""vfov"":58.71550750732422,""state"":0,""max_aov_h"":90.0,""max_aov_v"":58.71550750732422,""min_aov_h"":1.40625,""min_aov_v"":0.7910428047180176,""max_zoom"":64.0}",8.168285
8751570953300,gimbal,3123,"{""imu_roll"":0.0,""imu_pitch"":-1.1708688735961914,""imu_yaw"":4.112530708312988,""frame_roll"":0.0,""frame_pitch"":-1.1708688735961914,""frame_yaw"":4.112530708312988,""pitch_speed"":0.0,""yaw_speed"":0.0}",8.1685271
8751584773200,vfr,700,"{""message_type"":""VFR_HUD"",""airspeed"":46.74802780151367,""alt"":88.80999755859375}",8.182347
8751584981200,position,700,"{""message_type"":""GLOBAL_POSITION_INT"",""lat"":469491983,""lon"":393500564}",8.182555
8751585283200,attitude,1400,"{""message_type"":""ATTITUDE"",""time_boot_ms"":132310,""roll"":-0.050371792167425156,""pitch"":-0.7754806876182556,""yaw"":2.9627299308776855,""rollspeed"":-0.10231105983257294,""pitchspeed"":-0.025984346866607666,""yawspeed"":0.018851585686206818}",8.182857
8751590130100,target_offset,755,"{""x_angle_offset"":-0.1875,""y_angle_offset"":0.43492968523943865}",8.1877039
8751595631500,fov,3124,"{""zoom"":1.0,""hfov"":90.0,""vfov"":58.71550750732422,""state"":0,""max_aov_h"":90.0,""max_aov_v"":58.71550750732422,""min_aov_h"":1.40625,""min_aov_v"":0.7910428047180176,""max_zoom"":64.0}",8.1932053
8751595832100,gimbal,3124,"{""imu_roll"":0.0,""imu_pitch"":-1.0829511880874634,""imu_yaw"":4.080537796020508,""frame_roll"":0.0,""frame_pitch"":-1.0829511880874634,""frame_yaw"":4.080537796020508,""pitch_speed"":0.0,""yaw_speed"":0.0}",8.1934059
8751601073700,fov,3125,"{""zoom"":1.0,""hfov"":90.0,""vfov"":58.71550750732422,""state"":0,""max_aov_h"":90.0,""max_aov_v"":58.71550750732422,""min_aov_h"":1.40625,""min_aov_v"":0.7910428047180176,""max_zoom"":64.0}",8.1986475
8751601426400,gimbal,3125,"{""imu_roll"":0.0,""imu_pitch"":-1.0444310903549194,""imu_yaw"":4.062302589416504,""frame_roll"":0.0,""frame_pitch"":-1.0444310903549194,""frame_yaw"":4.062302589416504,""pitch_speed"":0.0,""yaw_speed"":0.0}",8.1990002
8751612416600,fov,3126,"{""zoom"":1.0,""hfov"":90.0,""vfov"":58.71550750732422,""state"":0,""max_aov_h"":90.0,""max_aov_v"":58.71550750732422,""min_aov_h"":1.40625,""min_aov_v"":0.7910428047180176,""max_zoom"":64.0}",8.2099904
8751612922600,gimbal,3126,"{""imu_roll"":0.0,""imu_pitch"":-1.0081558227539062,""imu_yaw"":4.042311668395996,""frame_roll"":0.0,""frame_pitch"":-1.0081558227539062,""frame_yaw"":4.042311668395996,""pitch_speed"":0.0,""yaw_speed"":0.0}",8.2104964
8751630400500,target_offset,756,"{""x_angle_offset"":-0.28125,""y_angle_offset"":0.326197263929579}",8.2279743
8751635393900,fov,3127,"{""zoom"":1.0,""hfov"":90.0,""vfov"":58.71550750732422,""state"":0,""max_aov_h"":90.0,""max_aov_v"":58.71550750732422,""min_aov_h"":1.40625,""min_aov_v"":0.7910428047180176,""max_zoom"":64.0}",8.2329677
8751635635700,gimbal,3127,"{""imu_roll"":0.0,""imu_pitch"":-0.9526461362838745,""imu_yaw"":4.007756233215332,""frame_roll"":0.0,""frame_pitch"":-0.9526461362838745,""frame_yaw"":4.007756233215332,""pitch_speed"":0.0,""yaw_speed"":0.0}",8.2332095
8751641454700,attitude,1401,"{""message_type"":""ATTITUDE"",""time_boot_ms"":132370,""roll"":-0.05601358413696289,""pitch"":-0.785258412361145,""yaw"":2.962681770324707,""rollspeed"":-0.1256946623325348,""pitchspeed"":-0.054719679057598114,""yawspeed"":0.017344430088996887}",8.2390285
8751643235900,fov,3128,"{""zoom"":1.0,""hfov"":90.0,""vfov"":58.71550750732422,""state"":0,""max_aov_h"":90.0,""max_aov_v"":58.71550750732422,""min_aov_h"":1.40625,""min_aov_v"":0.7910428047180176,""max_zoom"":64.0}",8.2408097
8751643473900,gimbal,3128,"{""imu_roll"":0.0,""imu_pitch"":-0.922261655330658,""imu_yaw"":3.979728937149048,""frame_roll"":0.0,""frame_pitch"":-0.922261655330658,""frame_yaw"":3.979728937149048,""pitch_speed"":0.0,""yaw_speed"":0.0}",8.2410477
8751664747300,fov,3129,"{""zoom"":1.0,""hfov"":90.0,""vfov"":58.71550750732422,""state"":0,""max_aov_h"":90.0,""max_aov_v"":58.71550750732422,""min_aov_h"":1.40625,""min_aov_v"":0.7910428047180176,""max_zoom"":64.0}",8.2623211
8751665041900,gimbal,3129,"{""imu_roll"":0.0,""imu_pitch"":-0.8723173141479492,""imu_yaw"":3.9304635524749756,""frame_roll"":0.0,""frame_pitch"":-0.8723173141479492,""frame_yaw"":3.9304635524749756,""pitch_speed"":0.0,""yaw_speed"":0.0}",8.2626157
8751675469500,fov,3130,"{""zoom"":1.0,""hfov"":90.0,""vfov"":58.71550750732422,""state"":0,""max_aov_h"":90.0,""max_aov_v"":58.71550750732422,""min_aov_h"":1.40625,""min_aov_v"":0.7910428047180176,""max_zoom"":64.0}",8.2730433
8751675863000,gimbal,3130,"{""imu_roll"":0.0,""imu_pitch"":-0.8503689169883728,""imu_yaw"":3.905353546142578,""frame_roll"":0.0,""frame_pitch"":-0.8503689169883728,""frame_yaw"":3.905353546142578,""pitch_speed"":0.0,""yaw_speed"":0.0}",8.2734368
8751679273700,position,701,"{""message_type"":""GLOBAL_POSITION_INT"",""lat"":469491983,""lon"":393500564}",8.2768475
8751679575200,attitude,1402,"{""message_type"":""ATTITUDE"",""time_boot_ms"":132410,""roll"":-0.06051309406757355,""pitch"":-0.7920976877212524,""yaw"":2.962683916091919,""rollspeed"":-0.13965629041194916,""pitchspeed"":-0.05472569912672043,""yawspeed"":0.015709400177001953}",8.277149
8751680098600,vfr,701,"{""message_type"":""VFR_HUD"",""airspeed"":47.2210807800293,""alt"":84.80999755859375}",8.2776724
8751686679800,fov,3131,"{""zoom"":1.0,""hfov"":90.0,""vfov"":58.71550750732422,""state"":0,""max_aov_h"":90.0,""max_aov_v"":58.71550750732422,""min_aov_h"":1.40625,""min_aov_v"":0.7910428047180176,""max_zoom"":64.0}",8.2842536
8751686975700,gimbal,3131,"{""imu_roll"":0.0,""imu_pitch"":-0.8308864831924438,""imu_yaw"":3.8809618949890137,""frame_roll"":0.0,""frame_pitch"":-0.8308864831924438,""frame_yaw"":3.8809618949890137,""pitch_speed"":0.0,""yaw_speed"":0.0}",8.2845495
8751695912000,range,1265,"{""message_type"":""GLOBAL_VISION_POSITION_ESTIMATE"",""x"":46.948814392089844,""y"":39.350101470947266}",8.2934858
8751703245400,target_offset,757,"{""x_angle_offset"":-0.28125,""y_angle_offset"":-0.326197263929579}",8.3008192
8751708354600,fov,3132,"{""zoom"":1.0,""hfov"":90.0,""vfov"":58.71550750732422,""state"":0,""max_aov_h"":90.0,""max_aov_v"":58.71550750732422,""min_aov_h"":1.40625,""min_aov_v"":0.7910428047180176,""max_zoom"":64.0}",8.3059284
8751708590400,gimbal,3132,"{""imu_roll"":0.0,""imu_pitch"":-0.8013689517974854,""imu_yaw"":3.840517044067383,""frame_roll"":0.0,""frame_pitch"":-0.8013689517974854,""frame_yaw"":3.840517044067383,""pitch_speed"":0.0,""yaw_speed"":0.0}",8.3061642
8751716152500,range,1266,"{""message_type"":""GLOBAL_VISION_POSITION_ESTIMATE"",""x"":46.948814392089844,""y"":39.350101470947266}",8.3137263
8751718259800,fov,3133,"{""zoom"":1.0,""hfov"":90.0,""vfov"":58.71550750732422,""state"":0,""max_aov_h"":90.0,""max_aov_v"":58.71550750732422,""min_aov_h"":1.40625,""min_aov_v"":0.7910428047180176,""max_zoom"":64.0}",8.3158336
8751718749900,gimbal,3133,"{""imu_roll"":0.0,""imu_pitch"":-0.840103030204773,""imu_yaw"":3.8111183643341064,""frame_roll"":0.0,""frame_pitch"":-0.840103030204773,""frame_yaw"":3.8111183643341064,""pitch_speed"":0.0,""yaw_speed"":0.0}",8.3163237
8751729794100,fov,3134,"{""zoom"":1.0,""hfov"":90.0,""vfov"":58.71550750732422,""state"":0,""max_aov_h"":90.0,""max_aov_v"":58.71550750732422,""min_aov_h"":1.40625,""min_aov_v"":0.7910428047180176,""max_zoom"":64.0}",8.3273679
8751730111200,gimbal,3134,"{""imu_roll"":0.0,""imu_pitch"":-0.8752001523971558,""imu_yaw"":3.783709764480591,""frame_roll"":0.0,""frame_pitch"":-0.8752001523971558,""frame_yaw"":3.783709764480591,""pitch_speed"":0.0,""yaw_speed"":0.0}",8.327685
8751745528700,target_offset,758,"{""x_angle_offset"":-0.28125,""y_angle_offset"":-0.7611269491690176}",8.3431025
8751750951200,attitude,1403,"{""message_type"":""ATTITUDE"",""time_boot_ms"":132470,""roll"":-0.06933322548866272,""pitch"":-0.7954601049423218,""yaw"":2.9632279872894287,""rollspeed"":-0.16117919981479645,""pitchspeed"":-0.023169927299022675,""yawspeed"":0.01136328186839819}",8.348525
8751751318700,fov,3135,"{""zoom"":1.0,""hfov"":90.0,""vfov"":58.71550750732422,""state"":0,""max_aov_h"":90.0,""max_aov_v"":58.71550750732422,""min_aov_h"":1.40625,""min_aov_v"":0.7910428047180176,""max_zoom"":64.0}",8.3488925
8751751543900,gimbal,3135,"{""imu_roll"":0.0,""imu_pitch"":-0.926686704158783,""imu_yaw"":3.739838123321533,""frame_roll"":0.0,""frame_pitch"":-0.926686704158783,""frame_yaw"":3.739838123321533,""pitch_speed"":0.0,""yaw_speed"":0.0}",8.3491177
8751759661200,fov,3136,"{""zoom"":1.0,""hfov"":90.0,""vfov"":58.71550750732422,""state"":0,""max_aov_h"":90.0,""max_aov_v"":58.71550750732422,""min_aov_h"":1.40625,""min_aov_v"":0.7910428047180176,""max_zoom"":64.0}",8.357235
8751760099800,gimbal,3136,"{""imu_roll"":0.0,""imu_pitch"":-1.0000792741775513,""imu_yaw"":3.7140002250671387,""frame_roll"":0.0,""frame_pitch"":-1.0000792741775513,""frame_yaw"":3.7140002250671387,""pitch_speed"":0.0,""yaw_speed"":0.0}",8.3576736
8751771461300,fov,3137,"{""zoom"":1.0,""hfov"":90.0,""vfov"":58.71550750732422,""state"":0,""max_aov_h"":90.0,""max_aov_v"":58.71550750732422,""min_aov_h"":1.40625,""min_aov_v"":0.7910428047180176,""max_zoom"":64.0}",8.3690351
8751771747100,gimbal,3137,"{""imu_roll"":0.0,""imu_pitch"":-1.07875394821167,""imu_yaw"":3.684718370437622,""frame_roll"":0.0,""frame_pitch"":-1.07875394821167,""frame_yaw"":3.684718370437622,""pitch_speed"":0.0,""yaw_speed"":0.0}",8.3693209
8751779941100,attitude,1404,"{""message_type"":""ATTITUDE"",""time_boot_ms"":132510,""roll"":-0.07716737687587738,""pitch"":-0.7886765003204346,""yaw"":2.964273452758789,""rollspeed"":-0.17422190308570862,""pitchspeed"":0.008195869624614716,""yawspeed"":0.0073945121839642525}",8.3775149
8751780738200,vfr,702,"{""message_type"":""VFR_HUD"",""airspeed"":47.67771911621094,""alt"":80.79000091552734}",8.378312
8751780911900,position,702,"{""message_type"":""GLOBAL_POSITION_INT"",""lat"":469491341,""lon"":393500736}",8.3784857
8751790091900,target_offset,759,"{""x_angle_offset"":-0.1875,""y_angle_offset"":-1.0873242130985967}",8.3876657
8751797047100,fov,3138,"{""zoom"":1.0,""hfov"":90.0,""vfov"":58.71550750732422,""state"":0,""max_aov_h"":90.0,""max_aov_v"":58.71550750732422,""min_aov_h"":1.40625,""min_aov_v"":0.7910428047180176,""max_zoom"":64.0}",8.3946209
8751797282500,gimbal,3138,"{""imu_roll"":0.0,""imu_pitch"":-1.1830819845199585,""imu_yaw"":3.643354892730713,""frame_roll"":0.0,""frame_pitch"":-1.1830819845199585,""frame_yaw"":3.643354892730713,""pitch_speed"":0.0,""yaw_speed"":0.0}",8.3948563
8751802054400,fov,3139,"{""zoom"":1.0,""hfov"":90.0,""vfov"":58.71550750732422,""state"":0,""max_aov_h"":90.0,""max_aov_v"":58.71550750732422,""min_aov_h"":1.40625,""min_aov_v"":0.7910428047180176,""max_zoom"":64.0}",8.3996282
8751802415200,gimbal,3139,"{""imu_roll"":0.0,""imu_pitch"":-1.2962806224822998,""imu_yaw"":3.6258890628814697,""frame_roll"":0.0,""frame_pitch"":-1.2962806224822998,""frame_yaw"":3.6258890628814697,""pitch_speed"":0.0,""yaw_speed"":0.0}",8.399989
8751822414600,target_offset,760,"{""x_angle_offset"":-0.1875,""y_angle_offset"":-1.0873242130985967}",8.4199884
8751827546500,fov,3140,"{""zoom"":1.0,""hfov"":90.0,""vfov"":58.71550750732422,""state"":0,""max_aov_h"":90.0,""max_aov_v"":58.71550750732422,""min_aov_h"":1.40625,""min_aov_v"":0.7910428047180176,""max_zoom"":64.0}",8.4251203
8751827748200,gimbal,3140,"{""imu_roll"":0.0,""imu_pitch"":-1.4623655080795288,""imu_yaw"":3.598982572555542,""frame_roll"":0.0,""frame_pitch"":-1.4623655080795288,""frame_yaw"":3.598982572555542,""pitch_speed"":0.0,""yaw_speed"":0.0}",8.425322
8751832931900,fov,3141,"{""zoom"":1.0,""hfov"":90.0,""vfov"":58.71550750732422,""state"":0,""max_aov_h"":90.0,""max_aov_v"":58.71550750732422,""min_aov_h"":1.40625,""min_aov_v"":0.7910428047180176,""max_zoom"":64.0}",8.4305057
8751833479700,gimbal,3141,"{""imu_roll"":0.0,""imu_pitch"":-1.5642552375793457,""imu_yaw"":3.5798227787017822,""frame_roll"":0.0,""frame_pitch"":-1.5642552375793457,""frame_yaw"":3.5798227787017822,""pitch_speed"":0.0,""yaw_speed"":0.0}",8.4310535
8751844147000,attitude,1405,"{""message_type"":""ATTITUDE"",""time_boot_ms"":132570,""roll"":-0.08916701376438141,""pitch"":-0.776404857635498,""yaw"":2.964961290359497,""rollspeed"":-0.19074513018131256,""pitchspeed"":0.04766317456960678,""yawspeed"":0.001057229470461607}",8.4417208
8751845425700,fov,3142,"{""zoom"":1.0,""hfov"":90.0,""vfov"":58.71550750732422,""state"":0,""max_aov_h"":90.0,""max_aov_v"":58.71550750732422,""min_aov_h"":1.40625,""min_aov_v"":0.7910428047180176,""max_zoom"":64.0}",8.4429995
8751845673500,gimbal,3142,"{""imu_roll"":0.0,""imu_pitch"":-1.6628000736236572,""imu_yaw"":3.561124801635742,""frame_roll"":0.0,""frame_pitch"":-1.6628000736236572,""frame_yaw"":3.561124801635742,""pitch_speed"":0.0,""yaw_speed"":0.0}",8.4432473
8751850889800,range,1267,"{""message_type"":""GLOBAL_VISION_POSITION_ESTIMATE"",""x"":46.9487419128418,""y"":39.35013198852539}",8.4484636
8751859960900,range,1268,"{""message_type"":""GLOBAL_VISION_POSITION_ESTIMATE"",""x"":46.9487419128418,""y"":39.35013198852539}",8.4575347
8751863869000,target_offset,761,"{""x_angle_offset"":-0.1875,""y_angle_offset"":-1.0873242130985967}",8.4614428
8751871133300,fov,3143,"{""zoom"":1.0,""hfov"":90.0,""vfov"":58.71550750732422,""state"":0,""max_aov_h"":90.0,""max_aov_v"":58.71550750732422,""min_aov_h"":1.40625,""min_aov_v"":0.7910428047180176,""max_zoom"":64.0}",8.4687071
8751871359900,gimbal,3143,"{""imu_roll"":0.0,""imu_pitch"":-1.7987831830978394,""imu_yaw"":3.535176992416382,""frame_roll"":0.0,""frame_pitch"":-1.7987831830978394,""frame_yaw"":3.535176992416382,""pitch_speed"":0.0,""yaw_speed"":0.0}",8.4689337
8751875172500,fov,3144,"{""zoom"":1.0,""hfov"":90.0,""vfov"":58.71550750732422,""state"":0,""max_aov_h"":90.0,""max_aov_v"":58.71550750732422,""min_aov_h"":1.40625,""min_aov_v"":0.7910428047180176,""max_zoom"":64.0}",8.4727463
8751875605100,gimbal,3144,"{""imu_roll"":0.0,""imu_pitch"":-1.903066635131836,""imu_yaw"":3.5161025524139404,""frame_roll"":0.0,""frame_pitch"":-1.903066635131836,""frame_yaw"":3.5161025524139404,""pitch_speed"":0.0,""yaw_speed"":0.0}",8.4731789
8751877837400,attitude,1406,"{""message_type"":""ATTITUDE"",""time_boot_ms"":132610,""roll"":-0.09721826761960983,""pitch"":-0.7674188613891602,""yaw"":2.9648914337158203,""rollspeed"":-0.19787390530109406,""pitchspeed"":0.05881819128990173,""yawspeed"":-0.0029174431692808867}",8.4754112
8751878019800,vfr,703,"{""message_type"":""VFR_HUD"",""airspeed"":48.140018463134766,""alt"":76.72000122070312}",8.4755936
8751878178600,position,703,"{""message_type"":""GLOBAL_POSITION_INT"",""lat"":469491341,""lon"":393500736}",8.4757524
8751887236600,fov,3145,"{""zoom"":1.0,""hfov"":90.0,""vfov"":58.71550750732422,""state"":0,""max_aov_h"":90.0,""max_aov_v"":58.71550750732422,""min_aov_h"":1.40625,""min_aov_v"":0.7910428047180176,""max_zoom"":64.0}",8.4848104
8751887523600,gimbal,3145,"{""imu_roll"":0.0,""imu_pitch"":-2.0015268325805664,""imu_yaw"":3.4984548091888428,""frame_roll"":0.0,""frame_pitch"":-2.0015268325805664,""frame_yaw"":3.4984548091888428,""pitch_speed"":0.0,""yaw_speed"":0.0}",8.4850974
8751905346500,target_offset,762,"{""x_angle_offset"":-0.1875,""y_angle_offset"":-0.978591791788737}",8.5029203
8751911086200,fov,3146,"{""zoom"":1.0,""hfov"":90.0,""vfov"":58.71550750732422,""state"":0,""max_aov_h"":90.0,""max_aov_v"":58.71550750732422,""min_aov_h"":1.40625,""min_aov_v"":0.7910428047180176,""max_zoom"":64.0}",8.50866
8751911313900,gimbal,3146,"{""imu_roll"":0.0,""imu_pitch"":-2.146191120147705,""imu_yaw"":3.4732041358947754,""frame_roll"":0.0,""frame_pitch"":-2.146191120147705,""frame_yaw"":3.4732041358947754,""pitch_speed"":0.0,""yaw_speed"":0.0}",8.5088877
8751918101700,fov,3147,"{""zoom"":1.0,""hfov"":90.0,""vfov"":58.71550750732422,""state"":0,""max_aov_h"":90.0,""max_aov_v"":58.71550750732422,""min_aov_h"":1.40625,""min_aov_v"":0.7910428047180176,""max_zoom"":64.0}",8.5156755
8751919249500,gimbal,3147,"{""imu_roll"":0.0,""imu_pitch"":-2.2369706630706787,""imu_yaw"":3.453577995300293,""frame_roll"":0.0,""frame_pitch"":-2.2369706630706787,""frame_yaw"":3.453577995300293,""pitch_speed"":0.0,""yaw_speed"":0.0}",8.5168233
8751929235800,fov,3148,"{""zoom"":1.0,""hfov"":90.0,""vfov"":58.71550750732422,""state"":0,""max_aov_h"":90.0,""max_aov_v"":58.71550750732422,""min_aov_h"":1.40625,""min_aov_v"":0.7910428047180176,""max_zoom"":64.0}",8.5268096
8751929645400,gimbal,3148,"{""imu_roll"":0.0,""imu_pitch"":-2.3220741748809814,""imu_yaw"":3.435933828353882,""frame_roll"":0.0,""frame_pitch"":-2.3220741748809814,""frame_yaw"":3.435933828353882,""pitch_speed"":0.0,""yaw_speed"":0.0}",8.5272192
8751941545600,attitude,1407,"{""message_type"":""ATTITUDE"",""time_boot_ms"":132670,""roll"":-0.10912224650382996,""pitch"":-0.7542444467544556,""yaw"":2.9642064571380615,""rollspeed"":-0.20155830681324005,""pitchspeed"":0.04653029888868332,""yawspeed"":-0.007715998217463493}",8.5391194
8751947751600,target_offset,763,"{""x_angle_offset"":-0.1875,""y_angle_offset"":-0.5436621065492984}",8.5453254
8751952825100,fov,3149,"{""zoom"":1.0,""hfov"":90.0,""vfov"":58.71550750732422,""state"":0,""max_aov_h"":90.0,""max_aov_v"":58.71550750732422,""min_aov_h"":1.40625,""min_aov_v"":0.7910428047180176,""max_zoom"":64.0}",8.5503989
8751953064100,gimbal,3149,"{""imu_roll"":0.0,""imu_pitch"":-2.4451146125793457,""imu_yaw"":3.4121673107147217,""frame_roll"":0.0,""frame_pitch"":-2.4451146125793457,""frame_yaw"":3.4121673107147217,""pitch_speed"":0.0,""yaw_speed"":0.0}",8.5506379
8751959174900,fov,3150,"{""zoom"":1.0,""hfov"":90.0,""vfov"":58.71550750732422,""state"":0,""max_aov_h"":90.0,""max_aov_v"":58.71550750732422,""min_aov_h"":1.40625,""min_aov_v"":0.7910428047180176,""max_zoom"":64.0}",8.5567487
8751959879800,gimbal,3150,"{""imu_roll"":0.0,""imu_pitch"":-2.4900310039520264,""imu_yaw"":3.39227294921875,""frame_roll"":0.0,""frame_pitch"":-2.4900310039520264,""frame_yaw"":3.39227294921875,""pitch_speed"":0.0,""yaw_speed"":0.0}",8.5574536
8751972261300,gimbal,3151,"{""imu_roll"":0.0,""imu_pitch"":-2.5383377075195312,""imu_yaw"":3.3719170093536377,""frame_roll"":0.0,""frame_pitch"":-2.5383377075195312,""frame_yaw"":3.3719170093536377,""pitch_speed"":0.0,""yaw_speed"":0.0}",8.5698351
8751972654500,fov,3151,"{""zoom"":1.0,""hfov"":90.0,""vfov"":58.71550750732422,""state"":0,""max_aov_h"":90.0,""max_aov_v"":58.71550750732422,""min_aov_h"":1.40625,""min_aov_v"":0.7910428047180176,""max_zoom"":64.0}",8.5702283
8751977377800,position,704,"{""message_type"":""GLOBAL_POSITION_INT"",""lat"":469490518,""lon"":393500947}",8.5749516
8751978044200,attitude,1408,"{""message_type"":""ATTITUDE"",""time_boot_ms"":132710,""roll"":-0.11591431498527527,""pitch"":-0.7550567984580994,""yaw"":2.96298885345459,""rollspeed"":-0.20275700092315674,""pitchspeed"":0.025081692263484,""yawspeed"":-0.010250123217701912}",8.575618
8751978288100,vfr,704,"{""message_type"":""VFR_HUD"",""airspeed"":48.60485076904297,""alt"":72.6199951171875}",8.5758619
8751997300100,fov,3152,"{""zoom"":1.0,""hfov"":90.0,""vfov"":58.71550750732422,""state"":0,""max_aov_h"":90.0,""max_aov_v"":58.71550750732422,""min_aov_h"":1.40625,""min_aov_v"":0.7910428047180176,""max_zoom"":64.0}",8.5948739
8751997788000,gimbal,3152,"{""imu_roll"":0.0,""imu_pitch"":-2.6131203174591064,""imu_yaw"":3.3438730239868164,""frame_roll"":0.0,""frame_pitch"":-2.6131203174591064,""frame_yaw"":3.3438730239868164,""pitch_speed"":0.0,""yaw_speed"":0.0}",8.5953618
8752000210100,target_offset,764,"{""x_angle_offset"":-0.09375,""y_angle_offset"":-0.43492968523943865}",8.5977839
8752006159900,range,1269,"{""message_type"":""GLOBAL_VISION_POSITION_ESTIMATE"",""x"":46.948665618896484,""y"":39.350154876708984}",8.6037337
8752007744600,fov,3153,"{""zoom"":1.0,""hfov"":90.0,""vfov"":58.71550750732422,""state"":0,""max_aov_h"":90.0,""max_aov_v"":58.71550750732422,""min_aov_h"":1.40625,""min_aov_v"":0.7910428047180176,""max_zoom"":64.0}",8.6053184
8752008115600,gimbal,3153,"{""imu_roll"":0.0,""imu_pitch"":-2.663038730621338,""imu_yaw"":3.330307722091675,""frame_roll"":0.0,""frame_pitch"":-2.663038730621338,""frame_yaw"":3.330307722091675,""pitch_speed"":0.0,""yaw_speed"":0.0}",8.6056894
8752017076100,range,1270,"{""message_type"":""GLOBAL_VISION_POSITION_ESTIMATE"",""x"":46.948665618896484,""y"":39.350154876708984}",8.6146499
8752033168800,target_offset,765,"{""x_angle_offset"":-0.09375,""y_angle_offset"":-0.43492968523943865}",8.6307426
8752039291000,fov,3154,"{""zoom"":1.0,""hfov"":90.0,""vfov"":58.71550750732422,""state"":0,""max_aov_h"":90.0,""max_aov_v"":58.71550750732422,""min_aov_h"":1.40625,""min_aov_v"":0.7910428047180176,""max_zoom"":64.0}",8.6368648
8752039733100,gimbal,3154,"{""imu_roll"":0.0,""imu_pitch"":-2.7547712326049805,""imu_yaw"":3.3077375888824463,""frame_roll"":0.0,""frame_pitch"":-2.7547712326049805,""frame_yaw"":3.3077375888824463,""pitch_speed"":0.0,""yaw_speed"":0.0}",8.6373069
8752041958600,attitude,1409,"{""message_type"":""ATTITUDE"",""time_boot_ms"":132770,""roll"":-0.12617063522338867,""pitch"":-0.7580016255378723,""yaw"":2.96120023727417,""rollspeed"":-0.20351055264472961,""pitchspeed"":-0.008016212843358517,""yawspeed"":-0.013739129528403282}",8.6395324
8752042304800,fov,3155,"{""zoom"":1.0,""hfov"":90.0,""vfov"":58.71550750732422,""state"":0,""max_aov_h"":90.0,""max_aov_v"":58.71550750732422,""min_aov_h"":1.40625,""min_aov_v"":0.7910428047180176,""max_zoom"":64.0}",8.6398786
8752043068000,gimbal,3155,"{""imu_roll"":0.0,""imu_pitch"":-2.7817881107330322,""imu_yaw"":3.301201343536377,""frame_roll"":0.0,""frame_pitch"":-2.7817881107330322,""frame_yaw"":3.301201343536377,""pitch_speed"":0.0,""yaw_speed"":0.0}",8.6406418
8752052994500,fov,3156,"{""zoom"":1.0,""hfov"":90.0,""vfov"":58.71550750732422,""state"":0,""max_aov_h"":90.0,""max_aov_v"":58.71550750732422,""min_aov_h"":1.40625,""min_aov_v"":0.7910428047180176,""max_zoom"":64.0}",8.6505683
8752053318600,gimbal,3156,"{""imu_roll"":0.0,""imu_pitch"":-2.817290782928467,""imu_yaw"":3.2935597896575928,""frame_roll"":0.0,""frame_pitch"":-2.817290782928467,""frame_yaw"":3.2935597896575928,""pitch_speed"":0.0,""yaw_speed"":0.0}",8.6508924
8752071155000,target_offset,766,"{""x_angle_offset"":-0.09375,""y_angle_offset"":-0.326197263929579}",8.6687288
8752076933100,fov,3157,"{""zoom"":1.0,""hfov"":90.0,""vfov"":58.71550750732422,""state"":0,""max_aov_h"":90.0,""max_aov_v"":58.71550750732422,""min_aov_h"":1.40625,""min_aov_v"":0.7910428047180176,""max_zoom"":64.0}",8.6745069
8752077237000,gimbal,3157,"{""imu_roll"":0.0,""imu_pitch"":-2.8675262928009033,""imu_yaw"":3.2859034538269043,""frame_roll"":0.0,""frame_pitch"":-2.8675262928009033,""frame_yaw"":3.2859034538269043,""pitch_speed"":0.0,""yaw_speed"":0.0}",8.6748108
8752079217200,vfr,705,"{""message_type"":""VFR_HUD"",""airspeed"":49.05244827270508,""alt"":68.47999572753906}",8.676791
8752079371500,position,705,"{""message_type"":""GLOBAL_POSITION_INT"",""lat"":469490518,""lon"":393500947}",8.6769453
8752079707500,attitude,1410,"{""message_type"":""ATTITUDE"",""time_boot_ms"":132810,""roll"":-0.13302463293075562,""pitch"":-0.7608064413070679,""yaw"":2.9599971771240234,""rollspeed"":-0.20391662418842316,""pitchspeed"":-0.021441668272018433,""yawspeed"":-0.016227904707193375}",8.6772813
8752083057100,fov,3158,"{""zoom"":1.0,""hfov"":90.0,""vfov"":58.71550750732422,""state"":0,""max_aov_h"":90.0,""max_aov_v"":58.71550750732422,""min_aov_h"":1.40625,""min_aov_v"":0.7910428047180176,""max_zoom"":64.0}",8.6806309
8752083323700,gimbal,3158,"{""imu_roll"":0.0,""imu_pitch"":-2.897338390350342,""imu_yaw"":3.275059700012207,""frame_roll"":0.0,""frame_pitch"":-2.897338390350342,""frame_yaw"":3.275059700012207,""pitch_speed"":0.0,""yaw_speed"":0.0}",8.6808975
8752101654800,target_offset,767,"{""x_angle_offset"":0.0,""y_angle_offset"":-0.8698593704788773}",8.6992286
8752107162800,fov,3159,"{""zoom"":1.0,""hfov"":90.0,""vfov"":58.71550750732422,""state"":0,""max_aov_h"":90.0,""max_aov_v"":58.71550750732422,""min_aov_h"":1.40625,""min_aov_v"":0.7910428047180176,""max_zoom"":64.0}",8.7047366
8752107421200,gimbal,3159,"{""imu_roll"":0.0,""imu_pitch"":-2.9448726177215576,""imu_yaw"":3.260697841644287,""frame_roll"":0.0,""frame_pitch"":-2.9448726177215576,""frame_yaw"":3.260697841644287,""pitch_speed"":0.0,""yaw_speed"":0.0}",8.704995
8752113684400,fov,3160,"{""zoom"":1.0,""hfov"":90.0,""vfov"":58.71550750732422,""state"":0,""max_aov_h"":90.0,""max_aov_v"":58.71550750732422,""min_aov_h"":1.40625,""min_aov_v"":0.7910428047180176,""max_zoom"":64.0}",8.7112582
8752114252200,gimbal,3160,"{""imu_roll"":0.0,""imu_pitch"":-3.033931016921997,""imu_yaw"":3.262147903442383,""frame_roll"":0.0,""frame_pitch"":-3.033931016921997,""frame_yaw"":3.262147903442383,""pitch_speed"":0.0,""yaw_speed"":0.0}",8.711826
8752124642200,fov,3161,"{""zoom"":1.0,""hfov"":90.0,""vfov"":58.71550750732422,""state"":0,""max_aov_h"":90.0,""max_aov_v"":58.71550750732422,""min_aov_h"":1.40625,""min_aov_v"":0.7910428047180176,""max_zoom"":64.0}",8.722216
8752125019000,gimbal,3161,"{""imu_roll"":0.0,""imu_pitch"":-3.1149280071258545,""imu_yaw"":3.2653391361236572,""frame_roll"":0.0,""frame_pitch"":-3.1149280071258545,""frame_yaw"":3.2653391361236572,""pitch_speed"":0.0,""yaw_speed"":0.0}",8.7225928
8752136821200,attitude,1411,"{""message_type"":""ATTITUDE"",""time_boot_ms"":132870,""roll"":-0.14334681630134583,""pitch"":-0.7655264735221863,""yaw"":2.95809006690979,""rollspeed"":-0.2074817568063736,""pitchspeed"":-0.027371106669306755,""yawspeed"":-0.020462166517972946}",8.734395
8752143452400,target_offset,768,"{""x_angle_offset"":0.0,""y_angle_offset"":-0.7611269491690176}",8.7410262
8752148777400,fov,3162,"{""zoom"":1.0,""hfov"":90.0,""vfov"":58.71550750732422,""state"":0,""max_aov_h"":90.0,""max_aov_v"":58.71550750732422,""min_aov_h"":1.40625,""min_aov_v"":0.7910428047180176,""max_zoom"":64.0}",8.7463512
8752148979000,gimbal,3162,"{""imu_roll"":0.0,""imu_pitch"":-3.239905595779419,""imu_yaw"":3.2736740112304688,""frame_roll"":0.0,""frame_pitch"":-3.239905595779419,""frame_yaw"":3.2736740112304688,""pitch_speed"":0.0,""yaw_speed"":0.0}",8.7465528
8752156320600,fov,3163,"{""zoom"":1.0,""hfov"":90.0,""vfov"":58.71550750732422,""state"":0,""max_aov_h"":90.0,""max_aov_v"":58.71550750732422,""min_aov_h"":1.40625,""min_aov_v"":0.7910428047180176,""max_zoom"":64.0}",8.7538944
8752156870000,gimbal,3163,"{""imu_roll"":0.0,""imu_pitch"":-3.313880205154419,""imu_yaw"":3.2711124420166016,""frame_roll"":0.0,""frame_pitch"":-3.313880205154419,""frame_yaw"":3.2711124420166016,""pitch_speed"":0.0,""yaw_speed"":0.0}",8.7544438
8752166656700,fov,3164,"{""zoom"":1.0,""hfov"":90.0,""vfov"":58.71550750732422,""state"":0,""max_aov_h"":90.0,""max_aov_v"":58.71550750732422,""min_aov_h"":1.40625,""min_aov_v"":0.7910428047180176,""max_zoom"":64.0}",8.7642305
8752167020000,gimbal,3164,"{""imu_roll"":0.0,""imu_pitch"":-3.3720688819885254,""imu_yaw"":3.2712607383728027,""frame_roll"":0.0,""frame_pitch"":-3.3720688819885254,""frame_yaw"":3.2712607383728027,""pitch_speed"":0.0,""yaw_speed"":0.0}",8.7645938
8752178155900,range,1271,"{""message_type"":""GLOBAL_VISION_POSITION_ESTIMATE"",""x"":46.94868087768555,""y"":39.35015869140625}",8.7757297
8752186046900,attitude,1412,"{""message_type"":""ATTITUDE"",""time_boot_ms"":132910,""roll"":-0.15130814909934998,""pitch"":-0.7669413685798645,""yaw"":2.9572854042053223,""rollspeed"":-0.21312057971954346,""pitchspeed"":-0.016837837174534798,""yawspeed"":-0.023768916726112366}",8.7836207
8752186239800,vfr,706,"{""message_type"":""VFR_HUD"",""airspeed"":49.50457763671875,""alt"":64.30999755859375}",8.7838136
8752186556100,target_offset,769,"{""x_angle_offset"":0.0,""y_angle_offset"":-1.304789055718316}",8.7841299
8752189731600,range,1272,"{""message_type"":""GLOBAL_VISION_POSITION_ESTIMATE"",""x"":46.94868087768555,""y"":39.35015869140625}",8.7873054
8752190747600,position,706,"{""message_type"":""GLOBAL_POSITION_INT"",""lat"":469489814,""lon"":393501162}",8.7883214
8752192028200,fov,3165,"{""zoom"":1.0,""hfov"":90.0,""vfov"":58.71550750732422,""state"":0,""max_aov_h"":90.0,""max_aov_v"":58.71550750732422,""min_aov_h"":1.40625,""min_aov_v"":0.7910428047180176,""max_zoom"":64.0}",8.789602
8752192349700,gimbal,3165,"{""imu_roll"":0.0,""imu_pitch"":-3.4650466442108154,""imu_yaw"":3.2756295204162598,""frame_roll"":0.0,""frame_pitch"":-3.4650466442108154,""frame_yaw"":3.2756295204162598,""pitch_speed"":0.0,""yaw_speed"":0.0}",8.7899235
8752198085000,fov,3166,"{""zoom"":1.0,""hfov"":90.0,""vfov"":58.71550750732422,""state"":0,""max_aov_h"":90.0,""max_aov_v"":58.71550750732422,""min_aov_h"":1.40625,""min_aov_v"":0.7910428047180176,""max_zoom"":64.0}",8.7956588
8752198413300,gimbal,3166,"{""imu_roll"":0.0,""imu_pitch"":-3.6029720306396484,""imu_yaw"":3.272892713546753,""frame_roll"":0.0,""frame_pitch"":-3.6029720306396484,""frame_yaw"":3.272892713546753,""pitch_speed"":0.0,""yaw_speed"":0.0}",8.7959871
8752209004000,fov,3167,"{""zoom"":1.0,""hfov"":90.0,""vfov"":58.71550750732422,""state"":0,""max_aov_h"":90.0,""max_aov_v"":58.71550750732422,""min_aov_h"":1.40625,""min_aov_v"":0.7910428047180176,""max_zoom"":64.0}",8.8065778
8752209339900,gimbal,3167,"{""imu_roll"":0.0,""imu_pitch"":-3.727820634841919,""imu_yaw"":3.2740042209625244,""frame_roll"":0.0,""frame_pitch"":-3.727820634841919,""frame_yaw"":3.2740042209625244,""pitch_speed"":0.0,""yaw_speed"":0.0}",8.8069137
8752227927000,fov,3168,"{""zoom"":1.0,""hfov"":90.0,""vfov"":58.71550750732422,""state"":0,""max_aov_h"":90.0,""max_aov_v"":58.71550750732422,""min_aov_h"":1.40625,""min_aov_v"":0.7910428047180176,""max_zoom"":64.0}",8.8255008
8752228651700,gimbal,3168,"{""imu_roll"":0.0,""imu_pitch"":-3.8985114097595215,""imu_yaw"":3.28055739402771,""frame_roll"":0.0,""frame_pitch"":-3.8985114097595215,""frame_yaw"":3.28055739402771,""pitch_speed"":0.0,""yaw_speed"":0.0}",8.8262255
8752237381000,attitude,1413,"{""message_type"":""ATTITUDE"",""time_boot_ms"":132970,""roll"":-0.16474474966526031,""pitch"":-0.7653456926345825,""yaw"":2.956341028213501,""rollspeed"":-0.22393526136875153,""pitchspeed"":0.01902688853442669,""yawspeed"":-0.02992289885878563}",8.8349548
8752238690300,fov,3169,"{""zoom"":1.0,""hfov"":90.0,""vfov"":58.71550750732422,""state"":0,""max_aov_h"":90.0,""max_aov_v"":58.71550750732422,""min_aov_h"":1.40625,""min_aov_v"":0.7910428047180176,""max_zoom"":64.0}",8.8362641
8752239151000,gimbal,3169,"{""imu_roll"":0.0,""imu_pitch"":-3.9786078929901123,""imu_yaw"":3.289454460144043,""frame_roll"":0.0,""frame_pitch"":-3.9786078929901123,""frame_yaw"":3.289454460144043,""pitch_speed"":0.0,""yaw_speed"":0.0}",8.8367248
8752249324100,fov,3170,"{""zoom"":1.0,""hfov"":90.0,""vfov"":58.71550750732422,""state"":0,""max_aov_h"":90.0,""max_aov_v"":58.71550750732422,""min_aov_h"":1.40625,""min_aov_v"":0.7910428047180176,""max_zoom"":64.0}",8.8468979
8752249596000,gimbal,3170,"{""imu_roll"":0.0,""imu_pitch"":-4.058032035827637,""imu_yaw"":3.301440477371216,""frame_roll"":0.0,""frame_pitch"":-4.058032035827637,""frame_yaw"":3.301440477371216,""pitch_speed"":0.0,""yaw_speed"":0.0}",8.8471698
8752266774700,target_offset,770,"{""x_angle_offset"":0.09375,""y_angle_offset"":-2.500845690126772}",8.8643485
8752273477200,fov,3171,"{""zoom"":1.0,""hfov"":90.0,""vfov"":58.71550750732422,""state"":0,""max_aov_h"":90.0,""max_aov_v"":58.71550750732422,""min_aov_h"":1.40625,""min_aov_v"":0.7910428047180176,""max_zoom"":64.0}",8.871051
8752273740100,gimbal,3171,"{""imu_roll"":0.0,""imu_pitch"":-4.173907279968262,""imu_yaw"":3.323054790496826,""frame_roll"":0.0,""frame_pitch"":-4.173907279968262,""frame_yaw"":3.323054790496826,""pitch_speed"":0.0,""yaw_speed"":0.0}",8.8713139
8752279472400,fov,3172,"{""zoom"":1.0,""hfov"":90.0,""vfov"":58.71550750732422,""state"":0,""max_aov_h"":90.0,""max_aov_v"":58.71550750732422,""min_aov_h"":1.40625,""min_aov_v"":0.7910428047180176,""max_zoom"":64.0}",8.8770462
8752279797100,gimbal,3172,"{""imu_roll"":0.0,""imu_pitch"":-4.422435283660889,""imu_yaw"":3.3294131755828857,""frame_roll"":0.0,""frame_pitch"":-4.422435283660889,""frame_yaw"":3.3294131755828857,""pitch_speed"":0.0,""yaw_speed"":0.0}",8.8773709
8752282469900,position,707,"{""message_type"":""GLOBAL_POSITION_INT"",""lat"":469489814,""lon"":393501162}",8.8800437
8752282841200,attitude,1414,"{""message_type"":""ATTITUDE"",""time_boot_ms"":133010,""roll"":-0.17368201911449432,""pitch"":-0.7628559470176697,""yaw"":2.9550938606262207,""rollspeed"":-0.23238010704517365,""pitchspeed"":0.050862982869148254,""yawspeed"":-0.03487556800246239}",8.880415
8752283000100,vfr,707,"{""message_type"":""VFR_HUD"",""airspeed"":49.94110107421875,""alt"":60.119998931884766}",8.8805739
8752290448500,fov,3173,"{""zoom"":1.0,""hfov"":90.0,""vfov"":58.71550750732422,""state"":0,""max_aov_h"":90.0,""max_aov_v"":58.71550750732422,""min_aov_h"":1.40625,""min_aov_v"":0.7910428047180176,""max_zoom"":64.0}",8.8880223
8752290728400,gimbal,3173,"{""imu_roll"":0.0,""imu_pitch"":-4.659918785095215,""imu_yaw"":3.3401808738708496,""frame_roll"":0.0,""frame_pitch"":-4.659918785095215,""frame_yaw"":3.3401808738708496,""pitch_speed"":0.0,""yaw_speed"":0.0}",8.8883022
8752308931300,target_offset,771,"{""x_angle_offset"":0.09375,""y_angle_offset"":-3.3707050606056495}",8.9065051
8752314715600,fov,3174,"{""zoom"":1.0,""hfov"":90.0,""vfov"":58.71550750732422,""state"":0,""max_aov_h"":90.0,""max_aov_v"":58.71550750732422,""min_aov_h"":1.40625,""min_aov_v"":0.7910428047180176,""max_zoom"":64.0}",8.9122894
8752314927500,gimbal,3174,"{""imu_roll"":0.0,""imu_pitch"":-5.060873985290527,""imu_yaw"":3.365950107574463,""frame_roll"":0.0,""frame_pitch"":-5.060873985290527,""frame_yaw"":3.365950107574463,""pitch_speed"":0.0,""yaw_speed"":0.0}",8.9125013
8752322186100,fov,3175,"{""zoom"":1.0,""hfov"":90.0,""vfov"":58.71550750732422,""state"":0,""max_aov_h"":90.0,""max_aov_v"":58.71550750732422,""min_aov_h"":1.40625,""min_aov_v"":0.7910428047180176,""max_zoom"":64.0}",8.9197599
8752322540800,gimbal,3175,"{""imu_roll"":0.0,""imu_pitch"":-5.3638787269592285,""imu_yaw"":3.372276544570923,""frame_roll"":0.0,""frame_pitch"":-5.3638787269592285,""frame_yaw"":3.372276544570923,""pitch_speed"":0.0,""yaw_speed"":0.0}",8.9201146
8752333032700,range,1273,"{""message_type"":""GLOBAL_VISION_POSITION_ESTIMATE"",""x"":46.948638916015625,""y"":39.35018539428711}",8.9306065
8752333479300,fov,3176,"{""zoom"":1.0,""hfov"":90.0,""vfov"":58.71550750732422,""state"":0,""max_aov_h"":90.0,""max_aov_v"":58.71550750732422,""min_aov_h"":1.40625,""min_aov_v"":0.7910428047180176,""max_zoom"":64.0}",8.9310531
8752333752700,gimbal,3176,"{""imu_roll"":0.0,""imu_pitch"":-5.653780460357666,""imu_yaw"":3.3829293251037598,""frame_roll"":0.0,""frame_pitch"":-5.653780460357666,""frame_yaw"":3.3829293251037598,""pitch_speed"":0.0,""yaw_speed"":0.0}",8.9313265
8752338028600,range,1274,"{""message_type"":""GLOBAL_VISION_POSITION_ESTIMATE"",""x"":46.948638916015625,""y"":39.35018539428711}",8.9356024
8752338352800,attitude,1415,"{""message_type"":""ATTITUDE"",""time_boot_ms"":133070,""roll"":-0.1868310272693634,""pitch"":-0.7569538354873657,""yaw"":2.952049732208252,""rollspeed"":-0.24270173907279968,""pitchspeed"":0.09516599029302597,""yawspeed"":-0.04251785948872566}",8.9359266
8752351938200,target_offset,772,"{""x_angle_offset"":0.0,""y_angle_offset"":-4.240564431084527}",8.949512
8752358929300,fov,3177,"{""zoom"":1.0,""hfov"":90.0,""vfov"":58.71550750732422,""state"":0,""max_aov_h"":90.0,""max_aov_v"":58.71550750732422,""min_aov_h"":1.40625,""min_aov_v"":0.7910428047180176,""max_zoom"":64.0}",8.9565031
8752359237600,gimbal,3177,"{""imu_roll"":0.0,""imu_pitch"":-6.129680633544922,""imu_yaw"":3.411559820175171,""frame_roll"":0.0,""frame_pitch"":-6.129680633544922,""frame_yaw"":3.411559820175171,""pitch_speed"":0.0,""yaw_speed"":0.0}",8.9568114
8752364197900,fov,3178,"{""zoom"":1.0,""hfov"":90.0,""vfov"":58.71550750732422,""state"":0,""max_aov_h"":90.0,""max_aov_v"":58.71550750732422,""min_aov_h"":1.40625,""min_aov_v"":0.7910428047180176,""max_zoom"":64.0}",8.9617717
8752364811700,gimbal,3178,"{""imu_roll"":0.0,""imu_pitch"":-6.526158809661865,""imu_yaw"":3.4063117504119873,""frame_roll"":0.0,""frame_pitch"":-6.526158809661865,""frame_yaw"":3.4063117504119873,""pitch_speed"":0.0,""yaw_speed"":0.0}",8.9623855
8752380095800,attitude,1416,"{""message_type"":""ATTITUDE"",""time_boot_ms"":133110,""roll"":-0.1954732984304428,""pitch"":-0.7516669034957886,""yaw"":2.9491991996765137,""rollspeed"":-0.252428263425827,""pitchspeed"":0.12452895194292068,""yawspeed"":-0.04814410209655762}",8.9776696
8752380225100,vfr,708,"{""message_type"":""VFR_HUD"",""airspeed"":50.38316345214844,""alt"":55.88999938964844}",8.9777989
8752380336500,position,708,"{""message_type"":""GLOBAL_POSITION_INT"",""lat"":469489032,""lon"":393501412}",8.9779103
8752382718600,target_offset,773,"{""x_angle_offset"":0.46875,""y_angle_offset"":-5.219156222873264}",8.9802924
8752388949900,fov,3179,"{""zoom"":1.0,""hfov"":90.0,""vfov"":58.71550750732422,""state"":0,""max_aov_h"":90.0,""max_aov_v"":58.71550750732422,""min_aov_h"":1.40625,""min_aov_v"":0.7910428047180176,""max_zoom"":64.0}",8.9865237
8752389211500,gimbal,3179,"{""imu_roll"":0.0,""imu_pitch"":-7.228992462158203,""imu_yaw"":3.4076004028320312,""frame_roll"":0.0,""frame_pitch"":-7.228992462158203,""frame_yaw"":3.4076004028320312,""pitch_speed"":0.0,""yaw_speed"":0.0}",8.9867853
8752395739200,fov,3180,"{""zoom"":1.0,""hfov"":90.0,""vfov"":58.71550750732422,""state"":0,""max_aov_h"":90.0,""max_aov_v"":58.71550750732422,""min_aov_h"":1.40625,""min_aov_v"":0.7910428047180176,""max_zoom"":64.0}",8.993313
8752396323100,gimbal,3180,"{""imu_roll"":0.0,""imu_pitch"":-7.5239386558532715,""imu_yaw"":3.4565188884735107,""frame_roll"":0.0,""frame_pitch"":-7.5239386558532715,""frame_yaw"":3.4565188884735107,""pitch_speed"":0.0,""yaw_speed"":0.0}",8.9938969
8752406609500,fov,3181,"{""zoom"":1.0,""hfov"":90.0,""vfov"":58.71550750732422,""state"":0,""max_aov_h"":90.0,""max_aov_v"":58.71550750732422,""min_aov_h"":1.40625,""min_aov_v"":0.7910428047180176,""max_zoom"":64.0}",9.0041833
8752406961000,gimbal,3181,"{""imu_roll"":0.0,""imu_pitch"":-7.806405067443848,""imu_yaw"":3.5098586082458496,""frame_roll"":0.0,""frame_pitch"":-7.806405067443848,""frame_yaw"":3.5098586082458496,""pitch_speed"":0.0,""yaw_speed"":0.0}",9.0045348
8752423864100,target_offset,774,"{""x_angle_offset"":0.84375,""y_angle_offset"":-5.871550750732422}",9.0214379
8752429021600,fov,3182,"{""zoom"":1.0,""hfov"":90.0,""vfov"":58.71550750732422,""state"":0,""max_aov_h"":90.0,""max_aov_v"":58.71550750732422,""min_aov_h"":1.40625,""min_aov_v"":0.7910428047180176,""max_zoom"":64.0}",9.0265954
8752429204200,gimbal,3182,"{""imu_roll"":0.0,""imu_pitch"":-8.212512016296387,""imu_yaw"":3.6030406951904297,""frame_roll"":0.0,""frame_pitch"":-8.212512016296387,""frame_yaw"":3.6030406951904297,""pitch_speed"":0.0,""yaw_speed"":0.0}",9.026778
8752436561700,fov,3183,"{""zoom"":1.0,""hfov"":90.0,""vfov"":58.71550750732422,""state"":0,""max_aov_h"":90.0,""max_aov_v"":58.71550750732422,""min_aov_h"":1.40625,""min_aov_v"":0.7910428047180176,""max_zoom"":64.0}",9.0341355
8752436794400,gimbal,3183,"{""imu_roll"":0.0,""imu_pitch"":-8.399699211120605,""imu_yaw"":3.6813244819641113,""frame_roll"":0.0,""frame_pitch"":-8.399699211120605,""frame_yaw"":3.6813244819641113,""pitch_speed"":0.0,""yaw_speed"":0.0}",9.0343682
8752447067700,fov,3184,"{""zoom"":1.0,""hfov"":90.0,""vfov"":58.71550750732422,""state"":0,""max_aov_h"":90.0,""max_aov_v"":58.71550750732422,""min_aov_h"":1.40625,""min_aov_v"":0.7910428047180176,""max_zoom"":64.0}",9.0446415
8752447465000,gimbal,3184,"{""imu_roll"":0.0,""imu_pitch"":-8.590560913085938,""imu_yaw"":3.7705841064453125,""frame_roll"":0.0,""frame_pitch"":-8.590560913085938,""frame_yaw"":3.7705841064453125,""pitch_speed"":0.0,""yaw_speed"":0.0}",9.0450388
8752448034400,attitude,1417,"{""message_type"":""ATTITUDE"",""time_boot_ms"":133170,""roll"":-0.206815704703331,""pitch"":-0.7453477382659912,""yaw"":2.942586898803711,""rollspeed"":-0.2707210183143616,""pitchspeed"":0.1621192991733551,""yawspeed"":-0.05695505812764168}",9.0456082
8752466301100,target_offset,775,"{""x_angle_offset"":1.6875,""y_angle_offset"":-7.937466755619755}",9.0638749
8752469127400,fov,3185,"{""zoom"":1.0,""hfov"":90.0,""vfov"":58.71550750732422,""state"":0,""max_aov_h"":90.0,""max_aov_v"":58.71550750732422,""min_aov_h"":1.40625,""min_aov_v"":0.7910428047180176,""max_zoom"":64.0}",9.0667012
8752469342900,gimbal,3185,"{""imu_roll"":0.0,""imu_pitch"":-8.840127944946289,""imu_yaw"":3.901885509490967,""frame_roll"":0.0,""frame_pitch"":-8.840127944946289,""frame_yaw"":3.901885509490967,""pitch_speed"":0.0,""yaw_speed"":0.0}",9.0669167
8752476718900,fov,3186,"{""zoom"":1.0,""hfov"":90.0,""vfov"":58.71550750732422,""state"":0,""max_aov_h"":90.0,""max_aov_v"":58.71550750732422,""min_aov_h"":1.40625,""min_aov_v"":0.7910428047180176,""max_zoom"":64.0}",9.0742927
8752477947500,gimbal,3186,"{""imu_roll"":0.0,""imu_pitch"":-8.971372604370117,""imu_yaw"":4.076972484588623,""frame_roll"":0.0,""frame_pitch"":-8.971372604370117,""frame_yaw"":4.076972484588623,""pitch_speed"":0.0,""yaw_speed"":0.0}",9.0755213
8752480963900,position,709,"{""message_type"":""GLOBAL_POSITION_INT"",""lat"":469489032,""lon"":393501412}",9.0785377
8752481368700,attitude,1418,"{""message_type"":""ATTITUDE"",""time_boot_ms"":133210,""roll"":-0.2126607447862625,""pitch"":-0.7294377684593201,""yaw"":2.9342660903930664,""rollspeed"":-0.2883794605731964,""pitchspeed"":0.5141698122024536,""yawspeed"":-0.06531402468681335}",9.0789425
8752482097900,vfr,709,"{""message_type"":""VFR_HUD"",""airspeed"":50.810691833496094,""alt"":51.62999725341797}",9.0796717
8752486917600,range,1275,"{""message_type"":""GLOBAL_VISION_POSITION_ESTIMATE"",""x"":46.94853973388672,""y"":39.3502311706543}",9.0844914
8752487469900,fov,3187,"{""zoom"":1.0,""hfov"":90.0,""vfov"":58.71550750732422,""state"":0,""max_aov_h"":90.0,""max_aov_v"":58.71550750732422,""min_aov_h"":1.40625,""min_aov_v"":0.7910428047180176,""max_zoom"":64.0}",9.0850437
8752487754200,gimbal,3187,"{""imu_roll"":0.0,""imu_pitch"":-9.088970184326172,""imu_yaw"":4.244431018829346,""frame_roll"":0.0,""frame_pitch"":-9.088970184326172,""frame_yaw"":4.244431018829346,""pitch_speed"":0.0,""yaw_speed"":0.0}",9.085328
8752496172900,range,1276,"{""message_type"":""GLOBAL_VISION_POSITION_ESTIMATE"",""x"":46.94853973388672,""y"":39.3502311706543}",9.0937467
8752508105400,fov,3188,"{""zoom"":1.0,""hfov"":90.0,""vfov"":58.71550750732422,""state"":0,""max_aov_h"":90.0,""max_aov_v"":58.71550750732422,""min_aov_h"":1.40625,""min_aov_v"":0.7910428047180176,""max_zoom"":64.0}",9.1056792
8752508359200,gimbal,3188,"{""imu_roll"":0.0,""imu_pitch"":-9.260584831237793,""imu_yaw"":4.471381664276123,""frame_roll"":0.0,""frame_pitch"":-9.260584831237793,""frame_yaw"":4.471381664276123,""pitch_speed"":0.0,""yaw_speed"":0.0}",9.105933
8752519428800,fov,3189,"{""zoom"":1.0,""hfov"":90.0,""vfov"":58.71550750732422,""state"":0,""max_aov_h"":90.0,""max_aov_v"":58.71550750732422,""min_aov_h"":1.40625,""min_aov_v"":0.7910428047180176,""max_zoom"":64.0}",9.1170026
8752519981000,gimbal,3189,"{""imu_roll"":0.0,""imu_pitch"":-9.345706939697266,""imu_yaw"":4.583951473236084,""frame_roll"":0.0,""frame_pitch"":-9.345706939697266,""frame_yaw"":4.583951473236084,""pitch_speed"":0.0,""yaw_speed"":0.0}",9.1175548
8752545105500,attitude,1419,"{""message_type"":""ATTITUDE"",""time_boot_ms"":133270,""roll"":-0.11151343584060669,""pitch"":0.6596858501434326,""yaw"":2.6546833515167236,""rollspeed"":7.269415378570557,""pitchspeed"":28.853843688964844,""yawspeed"":-1.213559865951538}",9.1426793
8752561611100,fov,3190,"{""zoom"":1.0,""hfov"":90.0,""vfov"":58.71550750732422,""state"":0,""max_aov_h"":90.0,""max_aov_v"":58.71550750732422,""min_aov_h"":1.40625,""min_aov_v"":0.7910428047180176,""max_zoom"":64.0}",9.1591849
8752562166200,gimbal,3190,"{""imu_roll"":0.0,""imu_pitch"":-9.62818431854248,""imu_yaw"":4.957512378692627,""frame_roll"":0.0,""frame_pitch"":-9.62818431854248,""frame_yaw"":4.957512378692627,""pitch_speed"":0.0,""yaw_speed"":0.0}",9.15974
8752578010500,fov,3191,"{""zoom"":1.0,""hfov"":90.0,""vfov"":58.71550750732422,""state"":0,""max_aov_h"":90.0,""max_aov_v"":58.71550750732422,""min_aov_h"":1.40625,""min_aov_v"":0.7910428047180176,""max_zoom"":64.0}",9.1755843
8752578452100,gimbal,3191,"{""imu_roll"":0.0,""imu_pitch"":-9.6892671585083,""imu_yaw"":5.038290977478027,""frame_roll"":0.0,""frame_pitch"":-9.6892671585083,""frame_yaw"":5.038290977478027,""pitch_speed"":0.0,""yaw_speed"":0.0}",9.1760259
8752579901500,position,710,"{""message_type"":""GLOBAL_POSITION_INT"",""lat"":469489032,""lon"":393501412}",9.1774753
8752580190100,attitude,1420,"{""message_type"":""ATTITUDE"",""time_boot_ms"":133310,""roll"":-1.5669530630111694,""pitch"":1.459951400756836,""yaw"":0.8928279280662537,""rollspeed"":7.519781589508057,""pitchspeed"":24.85727310180664,""yawspeed"":-1.7165290117263794}",9.1777639
8752580323300,vfr,710,"{""message_type"":""VFR_HUD"",""airspeed"":43.22421646118164,""alt"":47.77000045776367}",9.1778971
8752597004800,fov,3192,"{""zoom"":1.0,""hfov"":90.0,""vfov"":58.71550750732422,""state"":0,""max_aov_h"":90.0,""max_aov_v"":58.71550750732422,""min_aov_h"":1.40625,""min_aov_v"":0.7910428047180176,""max_zoom"":64.0}",9.1945786
8752597256000,gimbal,3192,"{""imu_roll"":0.0,""imu_pitch"":-9.74428653717041,""imu_yaw"":5.111050605773926,""frame_roll"":0.0,""frame_pitch"":-9.74428653717041,""frame_yaw"":5.111050605773926,""pitch_speed"":0.0,""yaw_speed"":0.0}",9.1948298
8752605316800,fov,3193,"{""zoom"":1.0,""hfov"":90.0,""vfov"":58.71550750732422,""state"":0,""max_aov_h"":90.0,""max_aov_v"":58.71550750732422,""min_aov_h"":1.40625,""min_aov_v"":0.7910428047180176,""max_zoom"":64.0}",9.2028906
8752605660300,gimbal,3193,"{""imu_roll"":0.0,""imu_pitch"":-9.76913070678711,""imu_yaw"":5.1439056396484375,""frame_roll"":0.0,""frame_pitch"":-9.76913070678711,""frame_yaw"":5.1439056396484375,""pitch_speed"":0.0,""yaw_speed"":0.0}",9.2032341
8752624344300,fov,3194,"{""zoom"":1.0,""hfov"":90.0,""vfov"":58.71550750732422,""state"":0,""max_aov_h"":90.0,""max_aov_v"":58.71550750732422,""min_aov_h"":1.40625,""min_aov_v"":0.7910428047180176,""max_zoom"":64.0}",9.2219181
8752625158600,gimbal,3194,"{""imu_roll"":0.0,""imu_pitch"":-9.811083793640137,""imu_yaw"":5.1993865966796875,""frame_roll"":0.0,""frame_pitch"":-9.811083793640137,""frame_yaw"":5.1993865966796875,""pitch_speed"":0.0,""yaw_speed"":0.0}",9.2227324
8752632755500,fov,3195,"{""zoom"":1.0,""hfov"":90.0,""vfov"":58.71550750732422,""state"":0,""max_aov_h"":90.0,""max_aov_v"":58.71550750732422,""min_aov_h"":1.40625,""min_aov_v"":0.7910428047180176,""max_zoom"":64.0}",9.2303293
8752633073800,gimbal,3195,"{""imu_roll"":0.0,""imu_pitch"":-9.827068328857422,""imu_yaw"":5.22052526473999,""frame_roll"":0.0,""frame_pitch"":-9.827068328857422,""frame_yaw"":5.22052526473999,""pitch_speed"":0.0,""yaw_speed"":0.0}",9.2306476
8752637861100,attitude,1421,"{""message_type"":""ATTITUDE"",""time_boot_ms"":133370,""roll"":-2.430469274520874,""pitch"":0.2634764611721039,""yaw"":-0.7781103253364563,""rollspeed"":10.410796165466309,""pitchspeed"":23.34629249572754,""yawspeed"":-2.9691243171691895}",9.2354349
8752658522300,range,1277,"{""message_type"":""GLOBAL_VISION_POSITION_ESTIMATE"",""x"":47.17940902709961,""y"":38.861820220947266}",9.2560961
8752664076800,fov,3196,"{""zoom"":1.0,""hfov"":90.0,""vfov"":58.71550750732422,""state"":0,""max_aov_h"":90.0,""max_aov_v"":58.71550750732422,""min_aov_h"":1.40625,""min_aov_v"":0.7910428047180176,""max_zoom"":64.0}",9.2616506
8752665107300,gimbal,3196,"{""imu_roll"":0.0,""imu_pitch"":-9.883131980895996,""imu_yaw"":5.294666767120361,""frame_roll"":0.0,""frame_pitch"":-9.883131980895996,""frame_yaw"":5.294666767120361,""pitch_speed"":0.0,""yaw_speed"":0.0}",9.2626811
8752685184500,fov,3197,"{""zoom"":1.0,""hfov"":90.0,""vfov"":58.71550750732422,""state"":0,""max_aov_h"":90.0,""max_aov_v"":58.71550750732422,""min_aov_h"":1.40625,""min_aov_v"":0.7910428047180176,""max_zoom"":64.0}",9.2827583
8752685466100,gimbal,3197,"{""imu_roll"":0.0,""imu_pitch"":-9.905776023864746,""imu_yaw"":5.324613094329834,""frame_roll"":0.0,""frame_pitch"":-9.905776023864746,""frame_yaw"":5.324613094329834,""pitch_speed"":0.0,""yaw_speed"":0.0}",9.2830399
8752689141100,range,1278,"{""message_type"":""GLOBAL_VISION_POSITION_ESTIMATE"",""x"":47.17940902709961,""y"":38.861820220947266}",9.2867149
8752689355400,position,711,"{""message_type"":""GLOBAL_POSITION_INT"",""lat"":469492835,""lon"":393499957}",9.2869292
8752689580500,attitude,1422,"{""message_type"":""ATTITUDE"",""time_boot_ms"":133410,""roll"":-1.843216061592102,""pitch"":-0.2754504680633545,""yaw"":-1.4008557796478271,""rollspeed"":13.070330619812012,""pitchspeed"":21.52643394470215,""yawspeed"":-3.9861268997192383}",9.2871543
8752689715600,vfr,711,"{""message_type"":""VFR_HUD"",""airspeed"":37.164085388183594,""alt"":49.12999725341797}",9.2872894
8752694494800,fov,3198,"{""zoom"":1.0,""hfov"":90.0,""vfov"":58.71550750732422,""state"":0,""max_aov_h"":90.0,""max_aov_v"":58.71550750732422,""min_aov_h"":1.40625,""min_aov_v"":0.7910428047180176,""max_zoom"":64.0}",9.2920686
8752695011000,gimbal,3198,"{""imu_roll"":0.0,""imu_pitch"":-9.916152954101562,""imu_yaw"":5.33833646774292,""frame_roll"":0.0,""frame_pitch"":-9.916152954101562,""frame_yaw"":5.33833646774292,""pitch_speed"":0.0,""yaw_speed"":0.0}",9.2925848
8752715477300,fov,3199,"{""zoom"":1.0,""hfov"":90.0,""vfov"":58.71550750732422,""state"":0,""max_aov_h"":90.0,""max_aov_v"":58.71550750732422,""min_aov_h"":1.40625,""min_aov_v"":0.7910428047180176,""max_zoom"":64.0}",9.3130511
8752715791100,gimbal,3199,"{""imu_roll"":0.0,""imu_pitch"":-9.933003425598145,""imu_yaw"":5.360620021820068,""frame_roll"":0.0,""frame_pitch"":-9.933003425598145,""frame_yaw"":5.360620021820068,""pitch_speed"":0.0,""yaw_speed"":0.0}",9.3133649
8752726818800,gimbal,3200,"{""imu_roll"":0.0,""imu_pitch"":-9.941216468811035,""imu_yaw"":5.371481895446777,""frame_roll"":0.0,""frame_pitch"":-9.941216468811035,""frame_yaw"":5.371481895446777,""pitch_speed"":0.0,""yaw_speed"":0.0}",9.3243926
8752727097600,fov,3200,"{""zoom"":1.0,""hfov"":90.0,""vfov"":58.71550750732422,""state"":0,""max_aov_h"":90.0,""max_aov_v"":58.71550750732422,""min_aov_h"":1.40625,""min_aov_v"":0.7910428047180176,""max_zoom"":64.0}",9.3246714
8752738772100,attitude,1423,"{""message_type"":""ATTITUDE"",""time_boot_ms"":133470,""roll"":-0.6600637435913086,""pitch"":-0.07177020609378815,""yaw"":-2.539879322052002,""rollspeed"":17.220706939697266,""pitchspeed"":16.890338897705078,""yawspeed"":-5.680970191955566}",9.3363459
8752746867100,fov,3201,"{""zoom"":1.0,""hfov"":90.0,""vfov"":58.71550750732422,""state"":0,""max_aov_h"":90.0,""max_aov_v"":58.71550750732422,""min_aov_h"":1.40625,""min_aov_v"":0.7910428047180176,""max_zoom"":64.0}",9.3444409
8752747253900,gimbal,3201,"{""imu_roll"":0.0,""imu_pitch"":-9.952718734741211,""imu_yaw"":5.386693000793457,""frame_roll"":0.0,""frame_pitch"":-9.952718734741211,""frame_yaw"":5.386693000793457,""pitch_speed"":0.0,""yaw_speed"":0.0}",9.3448277
8752757153600,fov,3202,"{""zoom"":1.0,""hfov"":90.0,""vfov"":58.71550750732422,""state"":0,""max_aov_h"":90.0,""max_aov_v"":58.71550750732422,""min_aov_h"":1.40625,""min_aov_v"":0.7910428047180176,""max_zoom"":64.0}",9.3547274
8752757632700,gimbal,3202,"{""imu_roll"":0.0,""imu_pitch"":-9.957693099975586,""imu_yaw"":5.393270492553711,""frame_roll"":0.0,""frame_pitch"":-9.957693099975586,""frame_yaw"":5.393270492553711,""pitch_speed"":0.0,""yaw_speed"":0.0}",9.3552065
8752780971600,fov,3203,"{""zoom"":1.0,""hfov"":90.0,""vfov"":58.71550750732422,""state"":0,""max_aov_h"":90.0,""max_aov_v"":58.71550750732422,""min_aov_h"":1.40625,""min_aov_v"":0.7910428047180176,""max_zoom"":64.0}",9.3785454
8752781840600,gimbal,3203,"{""imu_roll"":0.0,""imu_pitch"":-9.967437744140625,""imu_yaw"":5.406157493591309,""frame_roll"":0.0,""frame_pitch"":-9.967437744140625,""frame_yaw"":5.406157493591309,""pitch_speed"":0.0,""yaw_speed"":0.0}",9.3794144
8752799207800,fov,3204,"{""zoom"":1.0,""hfov"":90.0,""vfov"":58.71550750732422,""state"":0,""max_aov_h"":90.0,""max_aov_v"":58.71550750732422,""min_aov_h"":1.40625,""min_aov_v"":0.7910428047180176,""max_zoom"":64.0}",9.3967816
8752799618700,gimbal,3204,"{""imu_roll"":0.0,""imu_pitch"":-9.97314167022705,""imu_yaw"":5.413701057434082,""frame_roll"":0.0,""frame_pitch"":-9.97314167022705,""frame_yaw"":5.413701057434082,""pitch_speed"":0.0,""yaw_speed"":0.0}",9.3971925
8752801831200,attitude,1424,"{""message_type"":""ATTITUDE"",""time_boot_ms"":133510,""roll"":-0.08122489601373672,""pitch"":0.42918989062309265,""yaw"":-3.0066123008728027,""rollspeed"":19.7517147064209,""pitchspeed"":12.199321746826172,""yawspeed"":-6.731621742248535}",9.399405
8752802159200,vfr,712,"{""message_type"":""VFR_HUD"",""airspeed"":32.0887451171875,""alt"":50.59000015258789}",9.399733
8752802326900,position,712,"{""message_type"":""GLOBAL_POSITION_INT"",""lat"":469492835,""lon"":393499957}",9.3999007
8752815309800,range,1279,"{""message_type"":""GLOBAL_VISION_POSITION_ESTIMATE"",""x"":46.55524826049805,""y"":39.21531677246094}",9.4128836
8752818845400,fov,3205,"{""zoom"":1.0,""hfov"":90.0,""vfov"":58.71550750732422,""state"":0,""max_aov_h"":90.0,""max_aov_v"":58.71550750732422,""min_aov_h"":1.40625,""min_aov_v"":0.7910428047180176,""max_zoom"":64.0}",9.4164192
8752819289500,gimbal,3205,"{""imu_roll"":0.0,""imu_pitch"":-9.978411674499512,""imu_yaw"":5.420670509338379,""frame_roll"":0.0,""frame_pitch"":-9.978411674499512,""frame_yaw"":5.420670509338379,""pitch_speed"":0.0,""yaw_speed"":0.0}",9.4168633
8752823314400,range,1280,"{""message_type"":""GLOBAL_VISION_POSITION_ESTIMATE"",""x"":46.55524826049805,""y"":39.21531677246094}",9.4208882
8752844580300,fov,3206,"{""zoom"":1.0,""hfov"":90.0,""vfov"":58.71550750732422,""state"":0,""max_aov_h"":90.0,""max_aov_v"":58.71550750732422,""min_aov_h"":1.40625,""min_aov_v"":0.7910428047180176,""max_zoom"":64.0}",9.4421541
8752844898500,gimbal,3206,"{""imu_roll"":0.0,""imu_pitch"":-9.984058380126953,""imu_yaw"":5.42813777923584,""frame_roll"":0.0,""frame_pitch"":-9.984058380126953,""frame_yaw"":5.42813777923584,""pitch_speed"":0.0,""yaw_speed"":0.0}",9.4424723
8752860347000,attitude,1425,"{""message_type"":""ATTITUDE"",""time_boot_ms"":133570,""roll"":0.6322954893112183,""pitch"":1.033668875694275,""yaw"":2.675506591796875,""rollspeed"":21.956275939941406,""pitchspeed"":2.9907114505767822,""yawspeed"":-7.6745405197143555}",9.4579208
8752871776100,fov,3207,"{""zoom"":1.0,""hfov"":90.0,""vfov"":58.71550750732422,""state"":0,""max_aov_h"":90.0,""max_aov_v"":58.71550750732422,""min_aov_h"":1.40625,""min_aov_v"":0.7910428047180176,""max_zoom"":64.0}",9.4693499
8752872178900,gimbal,3207,"{""imu_roll"":0.0,""imu_pitch"":-9.98831844329834,""imu_yaw"":5.433770656585693,""frame_roll"":0.0,""frame_pitch"":-9.98831844329834,""frame_yaw"":5.433770656585693,""pitch_speed"":0.0,""yaw_speed"":0.0}",9.4697527
8752886200300,fov,3208,"{""zoom"":1.0,""hfov"":90.0,""vfov"":58.71550750732422,""state"":0,""max_aov_h"":90.0,""max_aov_v"":58.71550750732422,""min_aov_h"":1.40625,""min_aov_v"":0.7910428047180176,""max_zoom"":64.0}",9.4837741
8752886659700,gimbal,3208,"{""imu_roll"":0.0,""imu_pitch"":-9.989928245544434,""imu_yaw"":5.435899257659912,""frame_roll"":0.0,""frame_pitch"":-9.989928245544434,""frame_yaw"":5.435899257659912,""pitch_speed"":0.0,""yaw_speed"":0.0}",9.4842335
8752906631100,fov,3209,"{""zoom"":1.0,""hfov"":90.0,""vfov"":58.71550750732422,""state"":0,""max_aov_h"":90.0,""max_aov_v"":58.71550750732422,""min_aov_h"":1.40625,""min_aov_v"":0.7910428047180176,""max_zoom"":64.0}",9.5042049
8752906909200,gimbal,3209,"{""imu_roll"":0.0,""imu_pitch"":-9.991942405700684,""imu_yaw"":5.438562870025635,""frame_roll"":0.0,""frame_pitch"":-9.991942405700684,""frame_yaw"":5.438562870025635,""pitch_speed"":0.0,""yaw_speed"":0.0}",9.504483
8752909784400,vfr,713,"{""message_type"":""VFR_HUD"",""airspeed"":27.868600845336914,""alt"":51.89999771118164}",9.5073582
8752909975900,position,713,"{""message_type"":""GLOBAL_POSITION_INT"",""lat"":469490274,""lon"":393501067}",9.5075497
8752910301300,attitude,1426,"{""message_type"":""ATTITUDE"",""time_boot_ms"":133610,""roll"":0.7563666701316833,""pitch"":1.169410228729248,""yaw"":1.9340455532073975,""rollspeed"":21.29119300842285,""pitchspeed"":-3.6870839595794678,""yawspeed"":-7.635777473449707}",9.5078751
8752914230200,fov,3210,"{""zoom"":1.0,""hfov"":90.0,""vfov"":58.71550750732422,""state"":0,""max_aov_h"":90.0,""max_aov_v"":58.71550750732422,""min_aov_h"":1.40625,""min_aov_v"":0.7910428047180176,""max_zoom"":64.0}",9.511804
8752914661200,gimbal,3210,"{""imu_roll"":0.0,""imu_pitch"":-9.992688179016113,""imu_yaw"":5.439548969268799,""frame_roll"":0.0,""frame_pitch"":-9.992688179016113,""frame_yaw"":5.439548969268799,""pitch_speed"":0.0,""yaw_speed"":0.0}",9.512235
8752922892600,fov,3211,"{""zoom"":1.0,""hfov"":90.0,""vfov"":58.71550750732422,""state"":0,""max_aov_h"":90.0,""max_aov_v"":58.71550750732422,""min_aov_h"":1.40625,""min_aov_v"":0.7910428047180176,""max_zoom"":64.0}",9.5204664
8752923293100,gimbal,3211,"{""imu_roll"":0.0,""imu_pitch"":-9.99338436126709,""imu_yaw"":5.440470218658447,""frame_roll"":0.0,""frame_pitch"":-9.99338436126709,""frame_yaw"":5.440470218658447,""pitch_speed"":0.0,""yaw_speed"":0.0}",9.5208669
8752940241800,fov,3212,"{""zoom"":1.0,""hfov"":90.0,""vfov"":58.71550750732422,""state"":0,""max_aov_h"":90.0,""max_aov_v"":58.71550750732422,""min_aov_h"":1.40625,""min_aov_v"":0.7910428047180176,""max_zoom"":64.0}",9.5378156
8752940735200,gimbal,3212,"{""imu_roll"":0.0,""imu_pitch"":-9.994439125061035,""imu_yaw"":5.44186544418335,""frame_roll"":0.0,""frame_pitch"":-9.994439125061035,""frame_yaw"":5.44186544418335,""pitch_speed"":0.0,""yaw_speed"":0.0}",9.538309
8752946464200,fov,3213,"{""zoom"":1.0,""hfov"":90.0,""vfov"":58.71550750732422,""state"":0,""max_aov_h"":90.0,""max_aov_v"":58.71550750732422,""min_aov_h"":1.40625,""min_aov_v"":0.7910428047180176,""max_zoom"":64.0}",9.544038
8752946834300,gimbal,3213,"{""imu_roll"":0.0,""imu_pitch"":-9.994858741760254,""imu_yaw"":5.44242000579834,""frame_roll"":0.0,""frame_pitch"":-9.994858741760254,""frame_yaw"":5.44242000579834,""pitch_speed"":0.0,""yaw_speed"":0.0}",9.5444081
8752956379600,fov,3214,"{""zoom"":1.0,""hfov"":90.0,""vfov"":58.71550750732422,""state"":0,""max_aov_h"":90.0,""max_aov_v"":58.71550750732422,""min_aov_h"":1.40625,""min_aov_v"":0.7910428047180176,""max_zoom"":64.0}",9.5539534
8752956924800,gimbal,3214,"{""imu_roll"":0.0,""imu_pitch"":-9.995368003845215,""imu_yaw"":5.443093299865723,""frame_roll"":0.0,""frame_pitch"":-9.995368003845215,""frame_yaw"":5.443093299865723,""pitch_speed"":0.0,""yaw_speed"":0.0}",9.5544986
8752967825700,attitude,1427,"{""message_type"":""ATTITUDE"",""time_boot_ms"":133670,""roll"":0.600899338722229,""pitch"":0.9226853847503662,""yaw"":0.5664041042327881,""rollspeed"":16.7391357421875,""pitchspeed"":-11.885287284851074,""yawspeed"":-6.71932315826416}",9.5653995
8752970231100,range,1281,"{""message_type"":""GLOBAL_VISION_POSITION_ESTIMATE"",""x"":47.20235061645508,""y"":39.81352615356445}",9.5678049
8752970777700,fov,3215,"{""zoom"":1.0,""hfov"":90.0,""vfov"":58.71550750732422,""state"":0,""max_aov_h"":90.0,""max_aov_v"":58.71550750732422,""min_aov_h"":1.40625,""min_aov_v"":0.7910428047180176,""max_zoom"":64.0}",9.5683515
8752971163700,gimbal,3215,"{""imu_roll"":0.0,""imu_pitch"":-9.996028900146484,""imu_yaw"":5.443967819213867,""frame_roll"":0.0,""frame_pitch"":-9.996028900146484,""frame_yaw"":5.443967819213867,""pitch_speed"":0.0,""yaw_speed"":0.0}",9.5687375
8752982085900,fov,3216,"{""zoom"":1.0,""hfov"":90.0,""vfov"":58.71550750732422,""state"":0,""max_aov_h"":90.0,""max_aov_v"":58.71550750732422,""min_aov_h"":1.40625,""min_aov_v"":0.7910428047180176,""max_zoom"":64.0}",9.5796597
8752982749900,gimbal,3216,"{""imu_roll"":0.0,""imu_pitch"":-9.996414184570312,""imu_yaw"":5.444477558135986,""frame_roll"":0.0,""frame_pitch"":-9.996414184570312,""frame_yaw"":5.444477558135986,""pitch_speed"":0.0,""yaw_speed"":0.0}",9.5803237
8752992210600,range,1282,"{""message_type"":""GLOBAL_VISION_POSITION_ESTIMATE"",""x"":47.20235061645508,""y"":39.81352615356445}",9.5897844
8753001233900,gimbal,3217,"{""imu_roll"":0.0,""imu_pitch"":-9.997058868408203,""imu_yaw"":5.445329666137695,""frame_roll"":0.0,""frame_pitch"":-9.997058868408203,""frame_yaw"":5.445329666137695,""pitch_speed"":0.0,""yaw_speed"":0.0}",9.5988077
8753002108400,fov,3217,"{""zoom"":1.0,""hfov"":90.0,""vfov"":58.71550750732422,""state"":0,""max_aov_h"":90.0,""max_aov_v"":58.71550750732422,""min_aov_h"":1.40625,""min_aov_v"":0.7910428047180176,""max_zoom"":64.0}",9.5996822
8753013323900,fov,3218,"{""zoom"":1.0,""hfov"":90.0,""vfov"":58.71550750732422,""state"":0,""max_aov_h"":90.0,""max_aov_v"":58.71550750732422,""min_aov_h"":1.40625,""min_aov_v"":0.7910428047180176,""max_zoom"":64.0}",9.6108977
8753013499800,position,714,"{""message_type"":""GLOBAL_POSITION_INT"",""lat"":469490274,""lon"":393501067}",9.6110736
8753013905100,attitude,1428,"{""message_type"":""ATTITUDE"",""time_boot_ms"":133710,""roll"":0.6974585652351379,""pitch"":0.5872501730918884,""yaw"":-0.10524457693099976,""rollspeed"":12.703372955322266,""pitchspeed"":-15.421283721923828,""yawspeed"":-5.916385650634766}",9.6114789
8753014112300,gimbal,3218,"{""imu_roll"":0.0,""imu_pitch"":-9.997488975524902,""imu_yaw"":5.445898532867432,""frame_roll"":0.0,""frame_pitch"":-9.997488975524902,""frame_yaw"":5.445898532867432,""pitch_speed"":0.0,""yaw_speed"":0.0}",9.6116861
8753014231500,vfr,714,"{""message_type"":""VFR_HUD"",""airspeed"":24.270524978637695,""alt"":53.11000061035156}",9.6118053
8753031259500,fov,3219,"{""zoom"":1.0,""hfov"":90.0,""vfov"":58.71550750732422,""state"":0,""max_aov_h"":90.0,""max_aov_v"":58.71550750732422,""min_aov_h"":1.40625,""min_aov_v"":0.7910428047180176,""max_zoom"":64.0}",9.6288333
8753031812200,gimbal,3219,"{""imu_roll"":0.0,""imu_pitch"":-9.99791431427002,""imu_yaw"":5.446461200714111,""frame_roll"":0.0,""frame_pitch"":-9.99791431427002,""frame_yaw"":5.446461200714111,""pitch_speed"":0.0,""yaw_speed"":0.0}",9.629386
8753041909100,fov,3220,"{""zoom"":1.0,""hfov"":90.0,""vfov"":58.71550750732422,""state"":0,""max_aov_h"":90.0,""max_aov_v"":58.71550750732422,""min_aov_h"":1.40625,""min_aov_v"":0.7910428047180176,""max_zoom"":64.0}",9.6394829
8753042178900,gimbal,3220,"{""imu_roll"":0.0,""imu_pitch"":-9.998161315917969,""imu_yaw"":5.4467878341674805,""frame_roll"":0.0,""frame_pitch"":-9.998161315917969,""frame_yaw"":5.4467878341674805,""pitch_speed"":0.0,""yaw_speed"":0.0}",9.6397527
8753060831800,fov,3221,"{""zoom"":1.0,""hfov"":90.0,""vfov"":58.71550750732422,""state"":0,""max_aov_h"":90.0,""max_aov_v"":58.71550750732422,""min_aov_h"":1.40625,""min_aov_v"":0.7910428047180176,""max_zoom"":64.0}",9.6584056
8753061127500,gimbal,3221,"{""imu_roll"":0.0,""imu_pitch"":-9.99850845336914,""imu_yaw"":5.447246551513672,""frame_roll"":0.0,""frame_pitch"":-9.99850845336914,""frame_yaw"":5.447246551513672,""pitch_speed"":0.0,""yaw_speed"":0.0}",9.6587013
8753069893800,attitude,1429,"{""message_type"":""ATTITUDE"",""time_boot_ms"":133770,""roll"":0.9497612714767456,""pitch"":0.10693040490150452,""yaw"":-1.0895684957504272,""rollspeed"":6.733714580535889,""pitchspeed"":-18.287033081054688,""yawspeed"":-4.953986644744873}",9.6674676
8753071761300,fov,3222,"{""zoom"":1.0,""hfov"":90.0,""vfov"":58.71550750732422,""state"":0,""max_aov_h"":90.0,""max_aov_v"":58.71550750732422,""min_aov_h"":1.40625,""min_aov_v"":0.7910428047180176,""max_zoom"":64.0}",9.6693351
8753072208300,gimbal,3222,"{""imu_roll"":0.0,""imu_pitch"":-9.998684883117676,""imu_yaw"":5.447479248046875,""frame_roll"":0.0,""frame_pitch"":-9.998684883117676,""frame_yaw"":5.447479248046875,""pitch_speed"":0.0,""yaw_speed"":0.0}",9.6697821
8753084451700,fov,3223,"{""zoom"":1.0,""hfov"":90.0,""vfov"":58.71550750732422,""state"":0,""max_aov_h"":90.0,""max_aov_v"":58.71550750732422,""min_aov_h"":1.40625,""min_aov_v"":0.7910428047180176,""max_zoom"":64.0}",9.6820255
8753084690600,gimbal,3223,"{""imu_roll"":0.0,""imu_pitch"":-9.998845100402832,""imu_yaw"":5.447690963745117,""frame_roll"":0.0,""frame_pitch"":-9.998845100402832,""frame_yaw"":5.447690963745117,""pitch_speed"":0.0,""yaw_speed"":0.0}",9.6822644
8753102836000,fov,3224,"{""zoom"":1.0,""hfov"":90.0,""vfov"":58.71550750732422,""state"":0,""max_aov_h"":90.0,""max_aov_v"":58.71550750732422,""min_aov_h"":1.40625,""min_aov_v"":0.7910428047180176,""max_zoom"":64.0}",9.7004098
8753103114900,gimbal,3224,"{""imu_roll"":0.0,""imu_pitch"":-9.99905776977539,""imu_yaw"":5.447972774505615,""frame_roll"":0.0,""frame_pitch"":-9.99905776977539,""frame_yaw"":5.447972774505615,""pitch_speed"":0.0,""yaw_speed"":0.0}",9.7006887
8753105153100,vfr,715,"{""message_type"":""VFR_HUD"",""airspeed"":21.189990997314453,""alt"":54.16999816894531}",9.7027269
8753105304200,position,715,"{""message_type"":""GLOBAL_POSITION_INT"",""lat"":469492140,""lon"":393498431}",9.702878
8753105543000,attitude,1430,"{""message_type"":""ATTITUDE"",""time_boot_ms"":133810,""roll"":1.0923337936401367,""pitch"":-0.07906932383775711,""yaw"":-1.7997115850448608,""rollspeed"":3.0495190620422363,""pitchspeed"":-19.081680297851562,""yawspeed"":-4.604428291320801}",9.7031168
8753113914400,fov,3225,"{""zoom"":1.0,""hfov"":90.0,""vfov"":58.71550750732422,""state"":0,""max_aov_h"":90.0,""max_aov_v"":58.71550750732422,""min_aov_h"":1.40625,""min_aov_v"":0.7910428047180176,""max_zoom"":64.0}",9.7114882
8753114845400,gimbal,3225,"{""imu_roll"":0.0,""imu_pitch"":-9.999163627624512,""imu_yaw"":5.448112487792969,""frame_roll"":0.0,""frame_pitch"":-9.999163627624512,""frame_yaw"":5.448112487792969,""pitch_speed"":0.0,""yaw_speed"":0.0}",9.7124192
8753125108100,fov,3226,"{""zoom"":1.0,""hfov"":90.0,""vfov"":58.71550750732422,""state"":0,""max_aov_h"":90.0,""max_aov_v"":58.71550750732422,""min_aov_h"":1.40625,""min_aov_v"":0.7910428047180176,""max_zoom"":64.0}",9.7226819
8753125503900,range,1283,"{""message_type"":""GLOBAL_VISION_POSITION_ESTIMATE"",""x"":46.94920349121094,""y"":39.34925079345703}",9.7230777
8753125677800,gimbal,3226,"{""imu_roll"":0.0,""imu_pitch"":-9.999259948730469,""imu_yaw"":5.448239803314209,""frame_roll"":0.0,""frame_pitch"":-9.999259948730469,""frame_yaw"":5.448239803314209,""pitch_speed"":0.0,""yaw_speed"":0.0}",9.7232516
8753138082500,range,1284,"{""message_type"":""GLOBAL_VISION_POSITION_ESTIMATE"",""x"":46.94920349121094,""y"":39.34925079345703}",9.7356563
8753143930200,fov,3227,"{""zoom"":1.0,""hfov"":90.0,""vfov"":58.71550750732422,""state"":0,""max_aov_h"":90.0,""max_aov_v"":58.71550750732422,""min_aov_h"":1.40625,""min_aov_v"":0.7910428047180176,""max_zoom"":64.0}",9.741504
8753144177400,gimbal,3227,"{""imu_roll"":0.0,""imu_pitch"":-9.999394416809082,""imu_yaw"":5.448418140411377,""frame_roll"":0.0,""frame_pitch"":-9.999394416809082,""frame_yaw"":5.448418140411377,""pitch_speed"":0.0,""yaw_speed"":0.0}",9.7417512
8753154290600,attitude,1431,"{""message_type"":""ATTITUDE"",""time_boot_ms"":133870,""roll"":1.2177873849868774,""pitch"":-0.2251937985420227,""yaw"":-2.9252336025238037,""rollspeed"":-2.1621177196502686,""pitchspeed"":-19.036142349243164,""yawspeed"":-4.577452659606934}",9.7518644
8753156826100,fov,3228,"{""zoom"":1.0,""hfov"":90.0,""vfov"":58.71550750732422,""state"":0,""max_aov_h"":90.0,""max_aov_v"":58.71550750732422,""min_aov_h"":1.40625,""min_aov_v"":0.7910428047180176,""max_zoom"":64.0}",9.7543999
8753157302200,gimbal,3228,"{""imu_roll"":0.0,""imu_pitch"":-9.999466896057129,""imu_yaw"":5.448513507843018,""frame_roll"":0.0,""frame_pitch"":-9.999466896057129,""frame_yaw"":5.448513507843018,""pitch_speed"":0.0,""yaw_speed"":0.0}",9.754876
8753186052900,fov,3229,"{""zoom"":1.0,""hfov"":90.0,""vfov"":58.71550750732422,""state"":0,""max_aov_h"":90.0,""max_aov_v"":58.71550750732422,""min_aov_h"":1.40625,""min_aov_v"":0.7910428047180176,""max_zoom"":64.0}",9.7836267
8753186387700,gimbal,3229,"{""imu_roll"":0.0,""imu_pitch"":-9.999618530273438,""imu_yaw"":5.448714733123779,""frame_roll"":0.0,""frame_pitch"":-9.999618530273438,""frame_yaw"":5.448714733123779,""pitch_speed"":0.0,""yaw_speed"":0.0}",9.7839615
8753192801300,vfr,716,"{""message_type"":""VFR_HUD"",""airspeed"":18.594419479370117,""alt"":55.07999801635742}",9.7903751
8753192963500,position,716,"{""message_type"":""GLOBAL_POSITION_INT"",""lat"":469492140,""lon"":393498431}",9.7905373
8753193469100,attitude,1432,"{""message_type"":""ATTITUDE"",""time_boot_ms"":133910,""roll"":1.197335124015808,""pitch"":-0.2894299626350403,""yaw"":2.612027168273926,""rollspeed"":-5.573625564575195,""pitchspeed"":-18.225475311279297,""yawspeed"":-4.878036022186279}",9.7910429
8753202733700,fov,3230,"{""zoom"":1.0,""hfov"":90.0,""vfov"":58.71550750732422,""state"":0,""max_aov_h"":90.0,""max_aov_v"":58.71550750732422,""min_aov_h"":1.40625,""min_aov_v"":0.7910428047180176,""max_zoom"":64.0}",9.8003075
8753203122600,gimbal,3230,"{""imu_roll"":0.0,""imu_pitch"":-9.99968433380127,""imu_yaw"":5.448801040649414,""frame_roll"":0.0,""frame_pitch"":-9.99968433380127,""frame_yaw"":5.448801040649414,""pitch_speed"":0.0,""yaw_speed"":0.0}",9.8006964
8753233044500,fov,3231,"{""zoom"":1.0,""hfov"":90.0,""vfov"":58.71550750732422,""state"":0,""max_aov_h"":90.0,""max_aov_v"":58.71550750732422,""min_aov_h"":1.40625,""min_aov_v"":0.7910428047180176,""max_zoom"":64.0}",9.8306183
8753233387500,gimbal,3231,"{""imu_roll"":0.0,""imu_pitch"":-9.99978256225586,""imu_yaw"":5.4489312171936035,""frame_roll"":0.0,""frame_pitch"":-9.99978256225586,""frame_yaw"":5.4489312171936035,""pitch_speed"":0.0,""yaw_speed"":0.0}",9.8309613
8753243932900,fov,3232,"{""zoom"":1.0,""hfov"":90.0,""vfov"":58.71550750732422,""state"":0,""max_aov_h"":90.0,""max_aov_v"":58.71550750732422,""min_aov_h"":1.40625,""min_aov_v"":0.7910428047180176,""max_zoom"":64.0}",9.8415067
8753244566000,gimbal,3232,"{""imu_roll"":0.0,""imu_pitch"":-9.999805450439453,""imu_yaw"":5.4489617347717285,""frame_roll"":0.0,""frame_pitch"":-9.999805450439453,""frame_yaw"":5.4489617347717285,""pitch_speed"":0.0,""yaw_speed"":0.0}",9.8421398
8753247560800,attitude,1433,"{""message_type"":""ATTITUDE"",""time_boot_ms"":133970,""roll"":1.017877221107483,""pitch"":-0.4298536479473114,""yaw"":1.5575802326202393,""rollspeed"":-10.3304443359375,""pitchspeed"":-15.526968002319336,""yawspeed"":-5.711701393127441}",9.8451346
8753252270900,fov,3233,"{""zoom"":1.0,""hfov"":90.0,""vfov"":58.71550750732422,""state"":0,""max_aov_h"":90.0,""max_aov_v"":58.71550750732422,""min_aov_h"":1.40625,""min_aov_v"":0.7910428047180176,""max_zoom"":64.0}",9.8498447
8753252631300,gimbal,3233,"{""imu_roll"":0.0,""imu_pitch"":-9.999821662902832,""imu_yaw"":5.448983669281006,""frame_roll"":0.0,""frame_pitch"":-9.999821662902832,""frame_yaw"":5.448983669281006,""pitch_speed"":0.0,""yaw_speed"":0.0}",9.8502051
8753266293700,range,1285,"{""message_type"":""GLOBAL_VISION_POSITION_ESTIMATE"",""x"":46.94913101196289,""y"":39.350425720214844}",9.8638675
8753268962300,fov,3234,"{""zoom"":1.0,""hfov"":90.0,""vfov"":58.71550750732422,""state"":0,""max_aov_h"":90.0,""max_aov_v"":58.71550750732422,""min_aov_h"":1.40625,""min_aov_v"":0.7910428047180176,""max_zoom"":64.0}",9.8665361
8753269392300,gimbal,3234,"{""imu_roll"":0.0,""imu_pitch"":-9.99985122680664,""imu_yaw"":5.4490227699279785,""frame_roll"":0.0,""frame_pitch"":-9.99985122680664,""frame_yaw"":5.4490227699279785,""pitch_speed"":0.0,""yaw_speed"":0.0}",9.8669661
8753276073400,fov,3235,"{""zoom"":1.0,""hfov"":90.0,""vfov"":58.71550750732422,""state"":0,""max_aov_h"":90.0,""max_aov_v"":58.71550750732422,""min_aov_h"":1.40625,""min_aov_v"":0.7910428047180176,""max_zoom"":64.0}",9.8736472
8753276758300,gimbal,3235,"{""imu_roll"":0.0,""imu_pitch"":-9.999863624572754,""imu_yaw"":5.449038505554199,""frame_roll"":0.0,""frame_pitch"":-9.999863624572754,""frame_yaw"":5.449038505554199,""pitch_speed"":0.0,""yaw_speed"":0.0}",9.8743321
8753283659900,range,1286,"{""message_type"":""GLOBAL_VISION_POSITION_ESTIMATE"",""x"":46.94913101196289,""y"":39.350425720214844}",9.8812337
8753283868400,position,717,"{""message_type"":""GLOBAL_POSITION_INT"",""lat"":469491924,""lon"":393501795}",9.8814422
8753284154600,attitude,1434,"{""message_type"":""ATTITUDE"",""time_boot_ms"":134010,""roll"":0.8235020637512207,""pitch"":-0.5534040927886963,""yaw"":0.9284870028495789,""rollspeed"":-13.20576000213623,""pitchspeed"":-12.605586051940918,""yawspeed"":-6.383674621582031}",9.8817284
8753284333300,vfr,717,"{""message_type"":""VFR_HUD"",""airspeed"":16.377872467041016,""alt"":55.869998931884766}",9.8819071
8753303971000,fov,3236,"{""zoom"":1.0,""hfov"":90.0,""vfov"":58.71550750732422,""state"":0,""max_aov_h"":90.0,""max_aov_v"":58.71550750732422,""min_aov_h"":1.40625,""min_aov_v"":0.7910428047180176,""max_zoom"":64.0}",9.9015448
8753304297500,gimbal,3236,"{""imu_roll"":0.0,""imu_pitch"":-9.999900817871094,""imu_yaw"":5.449087619781494,""frame_roll"":0.0,""frame_pitch"":-9.999900817871094,""frame_yaw"":5.449087619781494,""pitch_speed"":0.0,""yaw_speed"":0.0}",9.9018713
8753317157100,fov,3237,"{""zoom"":1.0,""hfov"":90.0,""vfov"":58.71550750732422,""state"":0,""max_aov_h"":90.0,""max_aov_v"":58.71550750732422,""min_aov_h"":1.40625,""min_aov_v"":0.7910428047180176,""max_zoom"":64.0}",9.9147309
8753317460800,gimbal,3237,"{""imu_roll"":0.0,""imu_pitch"":-10.0,""imu_yaw"":5.449102878570557,""frame_roll"":0.0,""frame_pitch"":-10.0,""frame_yaw"":5.449102878570557,""pitch_speed"":0.0,""yaw_speed"":0.0}",9.9150346
8753342105700,fov,3238,"{""zoom"":1.0,""hfov"":90.0,""vfov"":58.71550750732422,""state"":0,""max_aov_h"":90.0,""max_aov_v"":58.71550750732422,""min_aov_h"":1.40625,""min_aov_v"":0.7910428047180176,""max_zoom"":64.0}",9.9396795
8753342562300,gimbal,3238,"{""imu_roll"":0.0,""imu_pitch"":-10.0,""imu_yaw"":5.449131488800049,""frame_roll"":0.0,""frame_pitch"":-10.0,""frame_yaw"":5.449131488800049,""pitch_speed"":0.0,""yaw_speed"":0.0}",9.9401361
8753351698000,fov,3239,"{""zoom"":1.0,""hfov"":90.0,""vfov"":58.71550750732422,""state"":0,""max_aov_h"":90.0,""max_aov_v"":58.71550750732422,""min_aov_h"":1.40625,""min_aov_v"":0.7910428047180176,""max_zoom"":64.0}",9.9492718
8753352018800,gimbal,3239,"{""imu_roll"":0.0,""imu_pitch"":-10.0,""imu_yaw"":5.44921875,""frame_roll"":0.0,""frame_pitch"":-10.0,""frame_yaw"":5.44921875,""pitch_speed"":0.0,""yaw_speed"":0.0}",9.9495926
8753355446300,attitude,1435,"{""message_type"":""ATTITUDE"",""time_boot_ms"":134070,""roll"":0.39852797985076904,""pitch"":-0.7234281301498413,""yaw"":0.14651748538017273,""rollspeed"":-16.32100486755371,""pitchspeed"":-6.465224742889404,""yawspeed"":-7.242571830749512}",9.9530201
8753365701700,fov,3240,"{""zoom"":1.0,""hfov"":90.0,""vfov"":58.71550750732422,""state"":0,""max_aov_h"":90.0,""max_aov_v"":58.71550750732422,""min_aov_h"":1.40625,""min_aov_v"":0.7910428047180176,""max_zoom"":64.0}",9.9632755
8753365962100,gimbal,3240,"{""imu_roll"":0.0,""imu_pitch"":-10.0,""imu_yaw"":5.44921875,""frame_roll"":0.0,""frame_pitch"":-10.0,""frame_yaw"":5.44921875,""pitch_speed"":0.0,""yaw_speed"":0.0}",9.9635359
8753386927300,fov,3241,"{""zoom"":1.0,""hfov"":90.0,""vfov"":58.71550750732422,""state"":0,""max_aov_h"":90.0,""max_aov_v"":58.71550750732422,""min_aov_h"":1.40625,""min_aov_v"":0.7910428047180176,""max_zoom"":64.0}",9.9845011
8753387250600,gimbal,3241,"{""imu_roll"":0.0,""imu_pitch"":-10.0,""imu_yaw"":5.44921875,""frame_roll"":0.0,""frame_pitch"":-10.0,""frame_yaw"":5.44921875,""pitch_speed"":0.0,""yaw_speed"":0.0}",9.9848244
8753389497800,position,718,"{""message_type"":""GLOBAL_POSITION_INT"",""lat"":469491924,""lon"":393501795}",9.9870716
8753389933600,attitude,1436,"{""message_type"":""ATTITUDE"",""time_boot_ms"":134110,""roll"":0.02759513445198536,""pitch"":-0.7804986834526062,""yaw"":-0.2823328971862793,""rollspeed"":-17.22968864440918,""pitchspeed"":-1.5405805110931396,""yawspeed"":-7.505563259124756}",9.9875074
8753390141200,vfr,718,"{""message_type"":""VFR_HUD"",""airspeed"":14.447324752807617,""alt"":56.54999923706055}",9.987715
8753398933100,fov,3242,"{""zoom"":1.0,""hfov"":90.0,""vfov"":58.71550750732422,""state"":0,""max_aov_h"":90.0,""max_aov_v"":58.71550750732422,""min_aov_h"":1.40625,""min_aov_v"":0.7910428047180176,""max_zoom"":64.0}",9.9965069
8753399844400,gimbal,3242,"{""imu_roll"":0.0,""imu_pitch"":-10.0,""imu_yaw"":5.44921875,""frame_roll"":0.0,""frame_pitch"":-10.0,""frame_yaw"":5.44921875,""pitch_speed"":0.0,""yaw_speed"":0.0}",9.9974182
8753425513600,fov,3243,"{""zoom"":1.0,""hfov"":90.0,""vfov"":58.71550750732422,""state"":0,""max_aov_h"":90.0,""max_aov_v"":58.71550750732422,""min_aov_h"":1.40625,""min_aov_v"":0.7910428047180176,""max_zoom"":64.0}",10.0230874
8753425752500,gimbal,3243,"{""imu_roll"":0.0,""imu_pitch"":-10.0,""imu_yaw"":5.44921875,""frame_roll"":0.0,""frame_pitch"":-10.0,""frame_yaw"":5.44921875,""pitch_speed"":0.0,""yaw_speed"":0.0}",10.0233263
8753436506100,range,1287,"{""message_type"":""GLOBAL_VISION_POSITION_ESTIMATE"",""x"":46.94955062866211,""y"":39.35009002685547}",10.0340799
8753437855200,fov,3244,"{""zoom"":1.0,""hfov"":90.0,""vfov"":58.71550750732422,""state"":0,""max_aov_h"":90.0,""max_aov_v"":58.71550750732422,""min_aov_h"":1.40625,""min_aov_v"":0.7910428047180176,""max_zoom"":64.0}",10.035429
8753438230900,gimbal,3244,"{""imu_roll"":0.0,""imu_pitch"":-10.0,""imu_yaw"":5.44921875,""frame_roll"":0.0,""frame_pitch"":-10.0,""frame_yaw"":5.44921875,""pitch_speed"":0.0,""yaw_speed"":0.0}",10.0358047
8753445793700,range,1288,"{""message_type"":""GLOBAL_VISION_POSITION_ESTIMATE"",""x"":46.94955062866211,""y"":39.35009002685547}",10.0433675
8753446073100,attitude,1437,"{""message_type"":""ATTITUDE"",""time_boot_ms"":134170,""roll"":-0.49760130047798157,""pitch"":-0.7185963988304138,""yaw"":-0.9469388723373413,""rollspeed"":-15.91019058227539,""pitchspeed"":5.837284564971924,""yawspeed"":-7.273065567016602}",10.0436469
8753451104100,fov,3245,"{""zoom"":1.0,""hfov"":90.0,""vfov"":58.71550750732422,""state"":0,""max_aov_h"":90.0,""max_aov_v"":58.71550750732422,""min_aov_h"":1.40625,""min_aov_v"":0.7910428047180176,""max_zoom"":64.0}",10.0486779
8753451965100,gimbal,3245,"{""imu_roll"":0.0,""imu_pitch"":-10.0,""imu_yaw"":5.44921875,""frame_roll"":0.0,""frame_pitch"":-10.0,""frame_yaw"":5.44921875,""pitch_speed"":0.0,""yaw_speed"":0.0}",10.0495389
8753470769700,gimbal,3246,"{""imu_roll"":0.0,""imu_pitch"":-10.0,""imu_yaw"":5.44921875,""frame_roll"":0.0,""frame_pitch"":-10.0,""frame_yaw"":5.44921875,""pitch_speed"":0.0,""yaw_speed"":0.0}",10.0683435
8753471249400,fov,3246,"{""zoom"":1.0,""hfov"":90.0,""vfov"":58.71550750732422,""state"":0,""max_aov_h"":90.0,""max_aov_v"":58.71550750732422,""min_aov_h"":1.40625,""min_aov_v"":0.7910428047180176,""max_zoom"":64.0}",10.0688232
8753476714000,vfr,719,"{""message_type"":""VFR_HUD"",""airspeed"":12.789825439453125,""alt"":57.099998474121094}",10.0742878
8753476811000,position,719,"{""message_type"":""GLOBAL_POSITION_INT"",""lat"":469491699,""lon"":393499276}",10.0743848
8753476995100,attitude,1438,"{""message_type"":""ATTITUDE"",""time_boot_ms"":134210,""roll"":-0.7407239079475403,""pitch"":-0.6059368848800659,""yaw"":-1.4825209379196167,""rollspeed"":-13.466193199157715,""pitchspeed"":9.914161682128906,""yawspeed"":-6.792811870574951}",10.0745689
8753482273100,fov,3247,"{""zoom"":1.0,""hfov"":90.0,""vfov"":58.71550750732422,""state"":0,""max_aov_h"":90.0,""max_aov_v"":58.71550750732422,""min_aov_h"":1.40625,""min_aov_v"":0.7910428047180176,""max_zoom"":64.0}",10.0798469
8753482574600,gimbal,3247,"{""imu_roll"":0.0,""imu_pitch"":-10.0,""imu_yaw"":5.44921875,""frame_roll"":0.0,""frame_pitch"":-10.0,""frame_yaw"":5.44921875,""pitch_speed"":0.0,""yaw_speed"":0.0}",10.0801484
8753494040400,fov,3248,"{""zoom"":1.0,""hfov"":90.0,""vfov"":58.71550750732422,""state"":0,""max_aov_h"":90.0,""max_aov_v"":58.71550750732422,""min_aov_h"":1.40625,""min_aov_v"":0.7910428047180176,""max_zoom"":64.0}",10.0916142
8753494291800,gimbal,3248,"{""imu_roll"":0.0,""imu_pitch"":-10.0,""imu_yaw"":5.44921875,""frame_roll"":0.0,""frame_pitch"":-10.0,""frame_yaw"":5.44921875,""pitch_speed"":0.0,""yaw_speed"":0.0}",10.0918656
8753513496200,fov,3249,"{""zoom"":1.0,""hfov"":90.0,""vfov"":58.71550750732422,""state"":0,""max_aov_h"":90.0,""max_aov_v"":58.71550750732422,""min_aov_h"":1.40625,""min_aov_v"":0.7910428047180176,""max_zoom"":64.0}",10.11107
8753513911600,gimbal,3249,"{""imu_roll"":0.0,""imu_pitch"":-10.0,""imu_yaw"":5.44921875,""frame_roll"":0.0,""frame_pitch"":-10.0,""frame_yaw"":5.44921875,""pitch_speed"":0.0,""yaw_speed"":0.0}",10.1114854
