recv_monotonic_ns,stream,stream_seq,payload_json,session_time_s
28566412690500,target_offset,343,"{""x_angle_offset"":-0.28125,""y_angle_offset"":0.10873242130985966}",-5.0025757
28566424953500,range,1113,"{""message_type"":""GLOBAL_VISION_POSITION_ESTIMATE"",""x"":46.94874572753906,""y"":39.34861755371094}",-4.9903127
28566427772900,fov,2420,"{""zoom"":1.0,""hfov"":90.0,""vfov"":58.71550750732422,""state"":0,""max_aov_h"":90.0,""max_aov_v"":58.71550750732422,""min_aov_h"":1.40625,""min_aov_v"":0.7910428047180176,""max_zoom"":64.0}",-4.9874933
28566428107700,gimbal,2420,"{""imu_roll"":0.0,""imu_pitch"":22.689786911010742,""imu_yaw"":-0.543250322341919,""frame_roll"":0.0,""frame_pitch"":22.689786911010742,""frame_yaw"":-0.543250322341919,""pitch_speed"":0.0,""yaw_speed"":0.0}",-4.9871585
28566431660700,attitude,1066,"{""message_type"":""ATTITUDE"",""time_boot_ms"":115410,""roll"":-0.03529605641961098,""pitch"":0.11714243143796921,""yaw"":-3.072143316268921,""rollspeed"":-0.06346108019351959,""pitchspeed"":-0.009970438666641712,""yawspeed"":-0.00854774285107851}",-4.9836055
28566431764900,vfr,535,"{""message_type"":""VFR_HUD"",""airspeed"":29.005741119384766,""alt"":201.97000122070312}",-4.9835013
28566431844500,range,1114,"{""message_type"":""GLOBAL_VISION_POSITION_ESTIMATE"",""x"":46.94874572753906,""y"":39.34861755371094}",-4.9834217
28566431915200,position,535,"{""message_type"":""GLOBAL_POSITION_INT"",""lat"":469531867,""lon"":393491153}",-4.983351
28566455132600,target_offset,344,"{""x_angle_offset"":-0.28125,""y_angle_offset"":0.10873242130985966}",-4.9601336
28566469380100,fov,2421,"{""zoom"":1.0,""hfov"":90.0,""vfov"":58.71550750732422,""state"":0,""max_aov_h"":90.0,""max_aov_v"":58.71550750732422,""min_aov_h"":1.40625,""min_aov_v"":0.7910428047180176,""max_zoom"":64.0}",-4.9458861
28566469828900,gimbal,2421,"{""imu_roll"":0.0,""imu_pitch"":22.72975730895996,""imu_yaw"":-0.6496473550796509,""frame_roll"":0.0,""frame_pitch"":22.72975730895996,""frame_yaw"":-0.6496473550796509,""pitch_speed"":0.0,""yaw_speed"":0.0}",-4.9454373
28566489918400,attitude,1067,"{""message_type"":""ATTITUDE"",""time_boot_ms"":115470,""roll"":-0.03798893839120865,""pitch"":0.11656546592712402,""yaw"":-3.072664260864258,""rollspeed"":-0.031773876398801804,""pitchspeed"":-0.009605740197002888,""yawspeed"":-0.007545820437371731}",-4.9253478
28566498255900,target_offset,345,"{""x_angle_offset"":-0.28125,""y_angle_offset"":0.10873242130985966}",-4.9170103
28566513022200,fov,2422,"{""zoom"":1.0,""hfov"":90.0,""vfov"":58.71550750732422,""state"":0,""max_aov_h"":90.0,""max_aov_v"":58.71550750732422,""min_aov_h"":1.40625,""min_aov_v"":0.7910428047180176,""max_zoom"":64.0}",-4.902244
28566513267300,gimbal,2422,"{""imu_roll"":0.0,""imu_pitch"":22.774255752563477,""imu_yaw"":-0.7651382684707642,""frame_roll"":0.0,""frame_pitch"":22.774255752563477,""frame_yaw"":-0.7651382684707642,""pitch_speed"":0.0,""yaw_speed"":0.0}",-4.9019989
28566526023500,position,536,"{""message_type"":""GLOBAL_POSITION_INT"",""lat"":469531296,""lon"":393491101}",-4.8892427
28566526310300,attitude,1068,"{""message_type"":""ATTITUDE"",""time_boot_ms"":115510,""roll"":-0.03863842412829399,""pitch"":0.11618325114250183,""yaw"":-3.0729851722717285,""rollspeed"":-0.008208394050598145,""pitchspeed"":-0.009685179218649864,""yawspeed"":-0.006466634571552277}",-4.8889559
28566526415000,vfr,536,"{""message_type"":""VFR_HUD"",""airspeed"":29.018720626831055,""alt"":202.12998962402344}",-4.8888512
28566539649000,target_offset,346,"{""x_angle_offset"":-0.28125,""y_angle_offset"":0.10873242130985966}",-4.8756172
28566570423500,fov,2423,"{""zoom"":1.0,""hfov"":90.0,""vfov"":58.71550750732422,""state"":0,""max_aov_h"":90.0,""max_aov_v"":58.71550750732422,""min_aov_h"":1.40625,""min_aov_v"":0.7910428047180176,""max_zoom"":64.0}",-4.8448427
28566570898700,gimbal,2423,"{""imu_roll"":0.0,""imu_pitch"":22.826448440551758,""imu_yaw"":-0.8987393379211426,""frame_roll"":0.0,""frame_pitch"":22.826448440551758,""frame_yaw"":-0.8987393379211426,""pitch_speed"":0.0,""yaw_speed"":0.0}",-4.8443675
28566588805600,attitude,1069,"{""message_type"":""ATTITUDE"",""time_boot_ms"":115570,""roll"":-0.03776540607213974,""pitch"":0.11584017425775528,""yaw"":-3.07344388961792,""rollspeed"":0.026732243597507477,""pitchspeed"":-0.009281154721975327,""yawspeed"":-0.0053682466968894005}",-4.8264606
28566595922500,range,1115,"{""message_type"":""GLOBAL_VISION_POSITION_ESTIMATE"",""x"":46.948699951171875,""y"":39.34865951538086}",-4.8193437
28566601943600,target_offset,347,"{""x_angle_offset"":-0.28125,""y_angle_offset"":0.10873242130985966}",-4.8133226
28566614510000,range,1116,"{""message_type"":""GLOBAL_VISION_POSITION_ESTIMATE"",""x"":46.948699951171875,""y"":39.34865951538086}",-4.8007562
28566616602500,fov,2424,"{""zoom"":1.0,""hfov"":90.0,""vfov"":58.71550750732422,""state"":0,""max_aov_h"":90.0,""max_aov_v"":58.71550750732422,""min_aov_h"":1.40625,""min_aov_v"":0.7910428047180176,""max_zoom"":64.0}",-4.7986637
28566616809600,gimbal,2424,"{""imu_roll"":0.0,""imu_pitch"":22.8720760345459,""imu_yaw"":-1.0289976596832275,""frame_roll"":0.0,""frame_pitch"":22.8720760345459,""frame_yaw"":-1.0289976596832275,""pitch_speed"":0.0,""yaw_speed"":0.0}",-4.7984566
28566631109500,position,537,"{""message_type"":""GLOBAL_POSITION_INT"",""lat"":469531296,""lon"":393491101}",-4.7841567
28566631404400,attitude,1070,"{""message_type"":""ATTITUDE"",""time_boot_ms"":115610,""roll"":-0.0360826812684536,""pitch"":0.11559692770242691,""yaw"":-3.073725461959839,""rollspeed"":0.048127368092536926,""pitchspeed"":-0.009658979251980782,""yawspeed"":-0.004153880290687084}",-4.7838618
28566631483700,vfr,537,"{""message_type"":""VFR_HUD"",""airspeed"":29.057836532592773,""alt"":202.26998901367188}",-4.7837825
28566640071300,target_offset,348,"{""x_angle_offset"":-0.1875,""y_angle_offset"":0.0}",-4.7751949
28566663243400,fov,2425,"{""zoom"":1.0,""hfov"":90.0,""vfov"":58.71550750732422,""state"":0,""max_aov_h"":90.0,""max_aov_v"":58.71550750732422,""min_aov_h"":1.40625,""min_aov_v"":0.7910428047180176,""max_zoom"":64.0}",-4.7520228
28566663528300,gimbal,2425,"{""imu_roll"":0.0,""imu_pitch"":22.862266540527344,""imu_yaw"":-1.113242506980896,""frame_roll"":0.0,""frame_pitch"":22.862266540527344,""frame_yaw"":-1.113242506980896,""pitch_speed"":0.0,""yaw_speed"":0.0}",-4.7517379
28566690952900,target_offset,349,"{""x_angle_offset"":-0.09375,""y_angle_offset"":0.0}",-4.7243133
28566694252800,attitude,1071,"{""message_type"":""ATTITUDE"",""time_boot_ms"":115670,""roll"":-0.032140813767910004,""pitch"":0.11521212756633759,""yaw"":-3.0740818977355957,""rollspeed"":0.07484184950590134,""pitchspeed"":-0.010207995772361755,""yawspeed"":-0.0022848998196423054}",-4.7210134
28566704807500,fov,2426,"{""zoom"":1.0,""hfov"":90.0,""vfov"":58.71550750732422,""state"":0,""max_aov_h"":90.0,""max_aov_v"":58.71550750732422,""min_aov_h"":1.40625,""min_aov_v"":0.7910428047180176,""max_zoom"":64.0}",-4.7104587
28566705085200,gimbal,2426,"{""imu_roll"":0.0,""imu_pitch"":22.857877731323242,""imu_yaw"":-1.1435673236846924,""frame_roll"":0.0,""frame_pitch"":22.857877731323242,""frame_yaw"":-1.1435673236846924,""pitch_speed"":0.0,""yaw_speed"":0.0}",-4.710181
28566733121400,target_offset,350,"{""x_angle_offset"":0.1875,""y_angle_offset"":0.0}",-4.6821448
28566737390900,attitude,1072,"{""message_type"":""ATTITUDE"",""time_boot_ms"":115710,""roll"":-0.028791606426239014,""pitch"":0.11493173241615295,""yaw"":-3.0743050575256348,""rollspeed"":0.08744920045137405,""pitchspeed"":-0.0107186958193779,""yawspeed"":-0.0011949313338845968}",-4.6778753
28566737483200,vfr,538,"{""message_type"":""VFR_HUD"",""airspeed"":29.085187911987305,""alt"":202.42999267578125}",-4.677783
28566737549800,position,538,"{""message_type"":""GLOBAL_POSITION_INT"",""lat"":469531296,""lon"":393491101}",-4.6777164
28566750766000,fov,2427,"{""zoom"":1.0,""hfov"":90.0,""vfov"":58.71550750732422,""state"":0,""max_aov_h"":90.0,""max_aov_v"":58.71550750732422,""min_aov_h"":1.40625,""min_aov_v"":0.7910428047180176,""max_zoom"":64.0}",-4.6645002
28566750987900,gimbal,2427,"{""imu_roll"":0.0,""imu_pitch"":22.85498046875,""imu_yaw"":-1.0540319681167603,""frame_roll"":0.0,""frame_pitch"":22.85498046875,""frame_yaw"":-1.0540319681167603,""pitch_speed"":0.0,""yaw_speed"":0.0}",-4.6642783
28566751849400,range,1117,"{""message_type"":""GLOBAL_VISION_POSITION_ESTIMATE"",""x"":46.948699951171875,""y"":39.34870910644531}",-4.6634168
28566752938000,range,1118,"{""message_type"":""GLOBAL_VISION_POSITION_ESTIMATE"",""x"":46.948699951171875,""y"":39.34870910644531}",-4.6623282
28566779211000,target_offset,351,"{""x_angle_offset"":0.1875,""y_angle_offset"":0.0}",-4.6360552
28566793368800,attitude,1073,"{""message_type"":""ATTITUDE"",""time_boot_ms"":115770,""roll"":-0.02297438494861126,""pitch"":0.11436544358730316,""yaw"":-3.0745770931243896,""rollspeed"":0.09769636392593384,""pitchspeed"":-0.011184405535459518,""yawspeed"":-1.0676216334104538e-05}",-4.6218974
28566793619100,fov,2428,"{""zoom"":1.0,""hfov"":90.0,""vfov"":58.71550750732422,""state"":0,""max_aov_h"":90.0,""max_aov_v"":58.71550750732422,""min_aov_h"":1.40625,""min_aov_v"":0.7910428047180176,""max_zoom"":64.0}",-4.6216471
28566793865000,gimbal,2428,"{""imu_roll"":0.0,""imu_pitch"":22.853530883789062,""imu_yaw"":-0.9725487232208252,""frame_roll"":0.0,""frame_pitch"":22.853530883789062,""frame_yaw"":-0.9725487232208252,""pitch_speed"":0.0,""yaw_speed"":0.0}",-4.6214012
28566823128900,target_offset,352,"{""x_angle_offset"":0.1875,""y_angle_offset"":0.0}",-4.5921373
28566832691000,vfr,539,"{""message_type"":""VFR_HUD"",""airspeed"":29.10431671142578,""alt"":202.5800018310547}",-4.5825752
28566832857900,position,539,"{""message_type"":""GLOBAL_POSITION_INT"",""lat"":469530722,""lon"":393491048}",-4.5824083
28566833137600,attitude,1074,"{""message_type"":""ATTITUDE"",""time_boot_ms"":115810,""roll"":-0.018958723172545433,""pitch"":0.11392607539892197,""yaw"":-3.0747601985931396,""rollspeed"":0.09687431901693344,""pitchspeed"":-0.011807581409811974,""yawspeed"":0.00041588395833969116}",-4.5821286
28566833960100,fov,2429,"{""zoom"":1.0,""hfov"":90.0,""vfov"":58.71550750732422,""state"":0,""max_aov_h"":90.0,""max_aov_v"":58.71550750732422,""min_aov_h"":1.40625,""min_aov_v"":0.7910428047180176,""max_zoom"":64.0}",-4.5813061
28566834246400,gimbal,2429,"{""imu_roll"":0.0,""imu_pitch"":22.852718353271484,""imu_yaw"":-0.8912057280540466,""frame_roll"":0.0,""frame_pitch"":22.852718353271484,""frame_yaw"":-0.8912057280540466,""pitch_speed"":0.0,""yaw_speed"":0.0}",-4.5810198
28566861408100,target_offset,353,"{""x_angle_offset"":0.28125,""y_angle_offset"":0.0}",-4.5538581
28566876130100,fov,2430,"{""zoom"":1.0,""hfov"":90.0,""vfov"":58.71550750732422,""state"":0,""max_aov_h"":90.0,""max_aov_v"":58.71550750732422,""min_aov_h"":1.40625,""min_aov_v"":0.7910428047180176,""max_zoom"":64.0}",-4.5391361
28566876442800,gimbal,2430,"{""imu_roll"":0.0,""imu_pitch"":22.852218627929688,""imu_yaw"":-0.7653357982635498,""frame_roll"":0.0,""frame_pitch"":22.852218627929688,""frame_yaw"":-0.7653357982635498,""pitch_speed"":0.0,""yaw_speed"":0.0}",-4.5388234
28566891900600,attitude,1075,"{""message_type"":""ATTITUDE"",""time_boot_ms"":115870,""roll"":-0.013442587107419968,""pitch"":0.11324620246887207,""yaw"":-3.0750365257263184,""rollspeed"":0.0839061588048935,""pitchspeed"":-0.012063300237059593,""yawspeed"":0.00026786141097545624}",-4.5233656
28566907972500,target_offset,354,"{""x_angle_offset"":0.28125,""y_angle_offset"":0.0}",-4.5072937
28566910881300,range,1119,"{""message_type"":""GLOBAL_VISION_POSITION_ESTIMATE"",""x"":46.94862747192383,""y"":39.34871292114258}",-4.5043849
28566914695700,range,1120,"{""message_type"":""GLOBAL_VISION_POSITION_ESTIMATE"",""x"":46.94862747192383,""y"":39.34871292114258}",-4.5005705
28566916999200,fov,2431,"{""zoom"":1.0,""hfov"":90.0,""vfov"":58.71550750732422,""state"":0,""max_aov_h"":90.0,""max_aov_v"":58.71550750732422,""min_aov_h"":1.40625,""min_aov_v"":0.7910428047180176,""max_zoom"":64.0}",-4.498267
28566917276100,gimbal,2431,"{""imu_roll"":0.0,""imu_pitch"":22.85195541381836,""imu_yaw"":-0.6542773246765137,""frame_roll"":0.0,""frame_pitch"":22.85195541381836,""frame_yaw"":-0.6542773246765137,""pitch_speed"":0.0,""yaw_speed"":0.0}",-4.4979901
28566931880300,position,540,"{""message_type"":""GLOBAL_POSITION_INT"",""lat"":469530722,""lon"":393491048}",-4.4833859
28566932366700,attitude,1076,"{""message_type"":""ATTITUDE"",""time_boot_ms"":115910,""roll"":-0.010440517216920853,""pitch"":0.1127830445766449,""yaw"":-3.0752599239349365,""rollspeed"":0.06833186000585556,""pitchspeed"":-0.012315589934587479,""yawspeed"":-0.0003526061773300171}",-4.4828995
28566932500600,vfr,540,"{""message_type"":""VFR_HUD"",""airspeed"":29.147640228271484,""alt"":202.72000122070312}",-4.4827656
28566944859500,target_offset,355,"{""x_angle_offset"":0.28125,""y_angle_offset"":0.0}",-4.4704067
28566957107200,fov,2432,"{""zoom"":1.0,""hfov"":90.0,""vfov"":58.71550750732422,""state"":0,""max_aov_h"":90.0,""max_aov_v"":58.71550750732422,""min_aov_h"":1.40625,""min_aov_v"":0.7910428047180176,""max_zoom"":64.0}",-4.458159
28566957450900,gimbal,2432,"{""imu_roll"":0.0,""imu_pitch"":22.851795196533203,""imu_yaw"":-0.533098578453064,""frame_roll"":0.0,""frame_pitch"":22.851795196533203,""frame_yaw"":-0.533098578453064,""pitch_speed"":0.0,""yaw_speed"":0.0}",-4.4578153
28566986469400,target_offset,356,"{""x_angle_offset"":0.28125,""y_angle_offset"":0.0}",-4.4287968
28566997394000,fov,2433,"{""zoom"":1.0,""hfov"":90.0,""vfov"":58.71550750732422,""state"":0,""max_aov_h"":90.0,""max_aov_v"":58.71550750732422,""min_aov_h"":1.40625,""min_aov_v"":0.7910428047180176,""max_zoom"":64.0}",-4.4178722
28566998259600,gimbal,2433,"{""imu_roll"":0.0,""imu_pitch"":22.851703643798828,""imu_yaw"":-0.41891658306121826,""frame_roll"":0.0,""frame_pitch"":22.851703643798828,""frame_yaw"":-0.41891658306121826,""pitch_speed"":0.0,""yaw_speed"":0.0}",-4.4170066
28567001848000,attitude,1077,"{""message_type"":""ATTITUDE"",""time_boot_ms"":115970,""roll"":-0.007377674337476492,""pitch"":0.1120208352804184,""yaw"":-3.0756442546844482,""rollspeed"":0.03809443861246109,""pitchspeed"":-0.01249082200229168,""yawspeed"":-0.0018822562415152788}",-4.4134182
28567024332200,target_offset,357,"{""x_angle_offset"":0.28125,""y_angle_offset"":0.0}",-4.390934
28567037345300,fov,2434,"{""zoom"":1.0,""hfov"":90.0,""vfov"":58.71550750732422,""state"":0,""max_aov_h"":90.0,""max_aov_v"":58.71550750732422,""min_aov_h"":1.40625,""min_aov_v"":0.7910428047180176,""max_zoom"":64.0}",-4.3779209
28567037632100,gimbal,2434,"{""imu_roll"":0.0,""imu_pitch"":22.851646423339844,""imu_yaw"":-0.3011247217655182,""frame_roll"":0.0,""frame_pitch"":22.851646423339844,""frame_yaw"":-0.3011247217655182,""pitch_speed"":0.0,""yaw_speed"":0.0}",-4.3776341
28567042560900,position,541,"{""message_type"":""GLOBAL_POSITION_INT"",""lat"":469530144,""lon"":393490995}",-4.3727053
28567042791500,attitude,1078,"{""message_type"":""ATTITUDE"",""time_boot_ms"":116010,""roll"":-0.006426738575100899,""pitch"":0.11142738908529282,""yaw"":-3.0759477615356445,""rollspeed"":0.015818385407328606,""pitchspeed"":-0.012616807594895363,""yawspeed"":-0.003145551774650812}",-4.3724747
28567042871300,vfr,541,"{""message_type"":""VFR_HUD"",""airspeed"":29.177928924560547,""alt"":202.8699951171875}",-4.3723949
28567063934900,range,1121,"{""message_type"":""GLOBAL_VISION_POSITION_ESTIMATE"",""x"":46.94858169555664,""y"":39.34868621826172}",-4.3513313
28567066433500,target_offset,358,"{""x_angle_offset"":0.28125,""y_angle_offset"":0.0}",-4.3488327
28567081564500,fov,2435,"{""zoom"":1.0,""hfov"":90.0,""vfov"":58.71550750732422,""state"":0,""max_aov_h"":90.0,""max_aov_v"":58.71550750732422,""min_aov_h"":1.40625,""min_aov_v"":0.7910428047180176,""max_zoom"":64.0}",-4.3337017
28567082253200,gimbal,2435,"{""imu_roll"":0.0,""imu_pitch"":22.8515625,""imu_yaw"":-0.17162679135799408,""frame_roll"":0.0,""frame_pitch"":22.8515625,""frame_yaw"":-0.17162679135799408,""pitch_speed"":0.0,""yaw_speed"":0.0}",-4.333013
28567088526500,range,1122,"{""message_type"":""GLOBAL_VISION_POSITION_ESTIMATE"",""x"":46.94858169555664,""y"":39.34868621826172}",-4.3267397
28567109415100,target_offset,359,"{""x_angle_offset"":0.1875,""y_angle_offset"":0.0}",-4.3058511
28567112827900,attitude,1079,"{""message_type"":""ATTITUDE"",""time_boot_ms"":116070,""roll"":-0.006640217732638121,""pitch"":0.11054656654596329,""yaw"":-3.0764718055725098,""rollspeed"":-0.016364771872758865,""pitchspeed"":-0.012217279523611069,""yawspeed"":-0.0053255194798111916}",-4.3024383
28567120096000,fov,2436,"{""zoom"":1.0,""hfov"":90.0,""vfov"":58.71550750732422,""state"":0,""max_aov_h"":90.0,""max_aov_v"":58.71550750732422,""min_aov_h"":1.40625,""min_aov_v"":0.7910428047180176,""max_zoom"":64.0}",-4.2951702
28567120395900,gimbal,2436,"{""imu_roll"":0.0,""imu_pitch"":22.8515625,""imu_yaw"":-0.0998455360531807,""frame_roll"":0.0,""frame_pitch"":22.8515625,""frame_yaw"":-0.0998455360531807,""pitch_speed"":0.0,""yaw_speed"":0.0}",-4.2948703
28567148586400,target_offset,360,"{""x_angle_offset"":0.1875,""y_angle_offset"":0.0}",-4.2666798
28567152281700,position,542,"{""message_type"":""GLOBAL_POSITION_INT"",""lat"":469530144,""lon"":393490995}",-4.2629845
28567152988300,attitude,1080,"{""message_type"":""ATTITUDE"",""time_boot_ms"":116110,""roll"":-0.007798042148351669,""pitch"":0.10997582972049713,""yaw"":-3.076862096786499,""rollspeed"":-0.03586788475513458,""pitchspeed"":-0.011927586048841476,""yawspeed"":-0.006755107082426548}",-4.2622779
28567153445300,vfr,542,"{""message_type"":""VFR_HUD"",""airspeed"":29.199111938476562,""alt"":203.0}",-4.2618209
28567165012600,fov,2437,"{""zoom"":1.0,""hfov"":90.0,""vfov"":58.71550750732422,""state"":0,""max_aov_h"":90.0,""max_aov_v"":58.71550750732422,""min_aov_h"":1.40625,""min_aov_v"":0.7910428047180176,""max_zoom"":64.0}",-4.2502536
28567165328600,gimbal,2437,"{""imu_roll"":0.0,""imu_pitch"":22.8515625,""imu_yaw"":-0.02294456958770752,""frame_roll"":0.0,""frame_pitch"":22.8515625,""frame_yaw"":-0.02294456958770752,""pitch_speed"":0.0,""yaw_speed"":0.0}",-4.2499376
28567193169400,target_offset,361,"{""x_angle_offset"":0.09375,""y_angle_offset"":0.0}",-4.2220968
28567204131600,fov,2438,"{""zoom"":1.0,""hfov"":90.0,""vfov"":58.71550750732422,""state"":0,""max_aov_h"":90.0,""max_aov_v"":58.71550750732422,""min_aov_h"":1.40625,""min_aov_v"":0.7910428047180176,""max_zoom"":64.0}",-4.2111346
28567204789800,gimbal,2438,"{""imu_roll"":0.0,""imu_pitch"":22.8515625,""imu_yaw"":0.018347028642892838,""frame_roll"":0.0,""frame_pitch"":22.8515625,""frame_yaw"":0.018347028642892838,""pitch_speed"":0.0,""yaw_speed"":0.0}",-4.2104764
28567207337400,attitude,1081,"{""message_type"":""ATTITUDE"",""time_boot_ms"":116170,""roll"":-0.010789144784212112,""pitch"":0.10914807766675949,""yaw"":-3.0775163173675537,""rollspeed"":-0.05903273820877075,""pitchspeed"":-0.011245844885706902,""yawspeed"":-0.008884206414222717}",-4.2079288
28567234156300,target_offset,362,"{""x_angle_offset"":0.0,""y_angle_offset"":0.0}",-4.1811099
28567239416000,range,1123,"{""message_type"":""GLOBAL_VISION_POSITION_ESTIMATE"",""x"":46.94858169555664,""y"":39.34864807128906}",-4.1758502
28567248238500,fov,2439,"{""zoom"":1.0,""hfov"":90.0,""vfov"":58.71550750732422,""state"":0,""max_aov_h"":90.0,""max_aov_v"":58.71550750732422,""min_aov_h"":1.40625,""min_aov_v"":0.7910428047180176,""max_zoom"":64.0}",-4.1670277
28567248550400,gimbal,2439,"{""imu_roll"":0.0,""imu_pitch"":22.8515625,""imu_yaw"":0.017675234004855156,""frame_roll"":0.0,""frame_pitch"":22.8515625,""frame_yaw"":0.017675234004855156,""pitch_speed"":0.0,""yaw_speed"":0.0}",-4.1667158
28567251991300,range,1124,"{""message_type"":""GLOBAL_VISION_POSITION_ESTIMATE"",""x"":46.94858169555664,""y"":39.34864807128906}",-4.1632749
28567252276700,attitude,1082,"{""message_type"":""ATTITUDE"",""time_boot_ms"":116210,""roll"":-0.013590026646852493,""pitch"":0.10872256010770798,""yaw"":-3.078002691268921,""rollspeed"":-0.06922011822462082,""pitchspeed"":-0.010829703882336617,""yawspeed"":-0.009995277971029282}",-4.1629895
28567252357100,vfr,543,"{""message_type"":""VFR_HUD"",""airspeed"":29.243656158447266,""alt"":203.12998962402344}",-4.1629091
28567252422400,position,543,"{""message_type"":""GLOBAL_POSITION_INT"",""lat"":469529565,""lon"":393490946}",-4.1628438
28567277812800,target_offset,363,"{""x_angle_offset"":0.0,""y_angle_offset"":0.0}",-4.1374534
28567288864500,fov,2440,"{""zoom"":1.0,""hfov"":90.0,""vfov"":58.71550750732422,""state"":0,""max_aov_h"":90.0,""max_aov_v"":58.71550750732422,""min_aov_h"":1.40625,""min_aov_v"":0.7910428047180176,""max_zoom"":64.0}",-4.1264017
28567289180300,gimbal,2440,"{""imu_roll"":0.0,""imu_pitch"":22.8515625,""imu_yaw"":0.01775018684566021,""frame_roll"":0.0,""frame_pitch"":22.8515625,""frame_yaw"":0.01775018684566021,""pitch_speed"":0.0,""yaw_speed"":0.0}",-4.1260859
28567315473800,target_offset,364,"{""x_angle_offset"":-0.09375,""y_angle_offset"":0.0}",-4.0997924
28567319134100,attitude,1083,"{""message_type"":""ATTITUDE"",""time_boot_ms"":116270,""roll"":-0.018237072974443436,""pitch"":0.10813670605421066,""yaw"":-3.0787768363952637,""rollspeed"":-0.07597938925027847,""pitchspeed"":-0.009581588208675385,""yawspeed"":-0.01131691224873066}",-4.0961321
28567330389100,fov,2441,"{""zoom"":1.0,""hfov"":90.0,""vfov"":58.71550750732422,""state"":0,""max_aov_h"":90.0,""max_aov_v"":58.71550750732422,""min_aov_h"":1.40625,""min_aov_v"":0.7910428047180176,""max_zoom"":64.0}",-4.0848771
28567330736400,gimbal,2441,"{""imu_roll"":0.0,""imu_pitch"":22.8515625,""imu_yaw"":-0.01023983582854271,""frame_roll"":0.0,""frame_pitch"":22.8515625,""frame_yaw"":-0.01023983582854271,""pitch_speed"":0.0,""yaw_speed"":0.0}",-4.0845298
28567359046400,target_offset,365,"{""x_angle_offset"":-0.09375,""y_angle_offset"":0.10873242130985966}",-4.0562198
28567362413200,position,544,"{""message_type"":""GLOBAL_POSITION_INT"",""lat"":469529565,""lon"":393490946}",-4.052853
28567363224100,attitude,1084,"{""message_type"":""ATTITUDE"",""time_boot_ms"":116310,""roll"":-0.021366281434893608,""pitch"":0.10776381194591522,""yaw"":-3.0792973041534424,""rollspeed"":-0.0748758539557457,""pitchspeed"":-0.009459227323532104,""yawspeed"":-0.011857526376843452}",-4.0520421
28567363510300,vfr,544,"{""message_type"":""VFR_HUD"",""airspeed"":29.274797439575195,""alt"":203.26998901367188}",-4.0517559
28567369716800,fov,2442,"{""zoom"":1.0,""hfov"":90.0,""vfov"":58.71550750732422,""state"":0,""max_aov_h"":90.0,""max_aov_v"":58.71550750732422,""min_aov_h"":1.40625,""min_aov_v"":0.7910428047180176,""max_zoom"":64.0}",-4.0455494
28567370136500,gimbal,2442,"{""imu_roll"":0.0,""imu_pitch"":22.885732650756836,""imu_yaw"":-0.032960303127765656,""frame_roll"":0.0,""frame_pitch"":22.885732650756836,""frame_yaw"":-0.032960303127765656,""pitch_speed"":0.0,""yaw_speed"":0.0}",-4.0451297
28567390323400,range,1125,"{""message_type"":""GLOBAL_VISION_POSITION_ESTIMATE"",""x"":46.94852066040039,""y"":39.3486442565918}",-4.0249428
28567398562300,target_offset,366,"{""x_angle_offset"":-0.1875,""y_angle_offset"":0.10873242130985966}",-4.0167039
28567403611600,range,1126,"{""message_type"":""GLOBAL_VISION_POSITION_ESTIMATE"",""x"":46.94852066040039,""y"":39.3486442565918}",-4.0116546
28567416189000,fov,2443,"{""zoom"":1.0,""hfov"":90.0,""vfov"":58.71550750732422,""state"":0,""max_aov_h"":90.0,""max_aov_v"":58.71550750732422,""min_aov_h"":1.40625,""min_aov_v"":0.7910428047180176,""max_zoom"":64.0}",-3.9990772
28567417053600,gimbal,2443,"{""imu_roll"":0.0,""imu_pitch"":22.930465698242188,""imu_yaw"":-0.1068311557173729,""frame_roll"":0.0,""frame_pitch"":22.930465698242188,""frame_yaw"":-0.1068311557173729,""pitch_speed"":0.0,""yaw_speed"":0.0}",-3.9982126
28567423934600,attitude,1085,"{""message_type"":""ATTITUDE"",""time_boot_ms"":116370,""roll"":-0.025690745562314987,""pitch"":0.10722468793392181,""yaw"":-3.080094814300537,""rollspeed"":-0.06560896337032318,""pitchspeed"":-0.008981741964817047,""yawspeed"":-0.012223698198795319}",-3.9913316
28567442846900,target_offset,367,"{""x_angle_offset"":-0.1875,""y_angle_offset"":0.10873242130985966}",-3.9724193
28567454399900,fov,2444,"{""zoom"":1.0,""hfov"":90.0,""vfov"":58.71550750732422,""state"":0,""max_aov_h"":90.0,""max_aov_v"":58.71550750732422,""min_aov_h"":1.40625,""min_aov_v"":0.7910428047180176,""max_zoom"":64.0}",-3.9608663
28567454673600,gimbal,2444,"{""imu_roll"":0.0,""imu_pitch"":22.968339920043945,""imu_yaw"":-0.16896983981132507,""frame_roll"":0.0,""frame_pitch"":22.968339920043945,""frame_yaw"":-0.16896983981132507,""pitch_speed"":0.0,""yaw_speed"":0.0}",-3.9605926
28567465733700,position,545,"{""message_type"":""GLOBAL_POSITION_INT"",""lat"":469528987,""lon"":393490902}",-3.9495325
28567465938500,attitude,1086,"{""message_type"":""ATTITUDE"",""time_boot_ms"":116410,""roll"":-0.028154177591204643,""pitch"":0.10690528899431229,""yaw"":-3.080625295639038,""rollspeed"":-0.05444381386041641,""pitchspeed"":-0.00910956971347332,""yawspeed"":-0.01220015250146389}",-3.9493277
28567466013600,vfr,545,"{""message_type"":""VFR_HUD"",""airspeed"":29.296573638916016,""alt"":203.38999938964844}",-3.9492526
28567482298900,target_offset,368,"{""x_angle_offset"":-0.1875,""y_angle_offset"":0.10873242130985966}",-3.9329673
28567496388900,fov,2445,"{""zoom"":1.0,""hfov"":90.0,""vfov"":58.71550750732422,""state"":0,""max_aov_h"":90.0,""max_aov_v"":58.71550750732422,""min_aov_h"":1.40625,""min_aov_v"":0.7910428047180176,""max_zoom"":64.0}",-3.9188773
28567496954000,gimbal,2445,"{""imu_roll"":0.0,""imu_pitch"":23.011268615722656,""imu_yaw"":-0.23591431975364685,""frame_roll"":0.0,""frame_pitch"":23.011268615722656,""frame_yaw"":-0.23591431975364685,""pitch_speed"":0.0,""yaw_speed"":0.0}",-3.9183122
28567525453200,target_offset,369,"{""x_angle_offset"":-0.1875,""y_angle_offset"":0.10873242130985966}",-3.889813
28567529645800,attitude,1087,"{""message_type"":""ATTITUDE"",""time_boot_ms"":116470,""roll"":-0.030847342684864998,""pitch"":0.10648802667856216,""yaw"":-3.081401824951172,""rollspeed"":-0.0316423624753952,""pitchspeed"":-0.008981188759207726,""yawspeed"":-0.011414436623454094}",-3.8856204
28567538756200,fov,2446,"{""zoom"":1.0,""hfov"":90.0,""vfov"":58.71550750732422,""state"":0,""max_aov_h"":90.0,""max_aov_v"":58.71550750732422,""min_aov_h"":1.40625,""min_aov_v"":0.7910428047180176,""max_zoom"":64.0}",-3.87651
28567539611600,gimbal,2446,"{""imu_roll"":0.0,""imu_pitch"":23.0550594329834,""imu_yaw"":-0.3036304712295532,""frame_roll"":0.0,""frame_pitch"":23.0550594329834,""frame_yaw"":-0.3036304712295532,""pitch_speed"":0.0,""yaw_speed"":0.0}",-3.8756546
28567545738600,range,1127,"{""message_type"":""GLOBAL_VISION_POSITION_ESTIMATE"",""x"":46.94846725463867,""y"":39.34865951538086}",-3.8695276
28567549871900,range,1128,"{""message_type"":""GLOBAL_VISION_POSITION_ESTIMATE"",""x"":46.94846725463867,""y"":39.34865951538086}",-3.8653943
28567578428700,vfr,546,"{""message_type"":""VFR_HUD"",""airspeed"":29.341552734375,""alt"":203.50999450683594}",-3.8368375
28567578621600,position,546,"{""message_type"":""GLOBAL_POSITION_INT"",""lat"":469528987,""lon"":393490902}",-3.8366446
28567579030700,attitude,1088,"{""message_type"":""ATTITUDE"",""time_boot_ms"":116510,""roll"":-0.0317971333861351,""pitch"":0.10620873421430588,""yaw"":-3.081892967224121,""rollspeed"":-0.013922902755439281,""pitchspeed"":-0.009122500196099281,""yawspeed"":-0.010587479919195175}",-3.8362355
28567597525100,fov,2447,"{""zoom"":1.0,""hfov"":90.0,""vfov"":58.71550750732422,""state"":0,""max_aov_h"":90.0,""max_aov_v"":58.71550750732422,""min_aov_h"":1.40625,""min_aov_v"":0.7910428047180176,""max_zoom"":64.0}",-3.8177411
28567599612600,gimbal,2447,"{""imu_roll"":0.0,""imu_pitch"":23.091041564941406,""imu_yaw"":-0.3440433442592621,""frame_roll"":0.0,""frame_pitch"":23.091041564941406,""frame_yaw"":-0.3440433442592621,""pitch_speed"":0.0,""yaw_speed"":0.0}",-3.8156536
28567639189300,attitude,1089,"{""message_type"":""ATTITUDE"",""time_boot_ms"":116570,""roll"":-0.03182624652981758,""pitch"":0.10577348619699478,""yaw"":-3.0825722217559814,""rollspeed"":0.013759768567979336,""pitchspeed"":-0.00949225202202797,""yawspeed"":-0.009069520980119705}",-3.7760769
28567639788300,fov,2448,"{""zoom"":1.0,""hfov"":90.0,""vfov"":58.71550750732422,""state"":0,""max_aov_h"":90.0,""max_aov_v"":58.71550750732422,""min_aov_h"":1.40625,""min_aov_v"":0.7910428047180176,""max_zoom"":64.0}",-3.7754779
28567640052300,gimbal,2448,"{""imu_roll"":0.0,""imu_pitch"":23.10142707824707,""imu_yaw"":-0.3489542007446289,""frame_roll"":0.0,""frame_pitch"":23.10142707824707,""frame_yaw"":-0.3489542007446289,""pitch_speed"":0.0,""yaw_speed"":0.0}",-3.7752139
28567669296100,target_offset,370,"{""x_angle_offset"":-0.46875,""y_angle_offset"":-0.652394527859158}",-3.7459701
28567677056400,vfr,547,"{""message_type"":""VFR_HUD"",""airspeed"":29.372995376586914,""alt"":203.63999938964844}",-3.7382098
28567677141100,position,547,"{""message_type"":""GLOBAL_POSITION_INT"",""lat"":469528405,""lon"":393490859}",-3.7381251
28567677312200,attitude,1090,"{""message_type"":""ATTITUDE"",""time_boot_ms"":116610,""roll"":-0.030978189781308174,""pitch"":0.10546553134918213,""yaw"":-3.0829918384552,""rollspeed"":0.030398594215512276,""pitchspeed"":-0.009955547749996185,""yawspeed"":-0.007816764526069164}",-3.737954
28567685695400,fov,2449,"{""zoom"":1.0,""hfov"":90.0,""vfov"":58.71550750732422,""state"":0,""max_aov_h"":90.0,""max_aov_v"":58.71550750732422,""min_aov_h"":1.40625,""min_aov_v"":0.7910428047180176,""max_zoom"":64.0}",-3.7295708
28567686008700,gimbal,2449,"{""imu_roll"":0.0,""imu_pitch"":22.80052375793457,""imu_yaw"":-0.551587700843811,""frame_roll"":0.0,""frame_pitch"":22.80052375793457,""frame_yaw"":-0.551587700843811,""pitch_speed"":0.0,""yaw_speed"":0.0}",-3.7292575
28567713229500,target_offset,371,"{""x_angle_offset"":-0.46875,""y_angle_offset"":-0.652394527859158}",-3.7020367
28567716868000,range,1129,"{""message_type"":""GLOBAL_VISION_POSITION_ESTIMATE"",""x"":46.948402404785156,""y"":39.348690032958984}",-3.6983982
28567720282100,range,1130,"{""message_type"":""GLOBAL_VISION_POSITION_ESTIMATE"",""x"":46.948402404785156,""y"":39.348690032958984}",-3.6949841
28567727481500,fov,2450,"{""zoom"":1.0,""hfov"":90.0,""vfov"":58.71550750732422,""state"":0,""max_aov_h"":90.0,""max_aov_v"":58.71550750732422,""min_aov_h"":1.40625,""min_aov_v"":0.7910428047180176,""max_zoom"":64.0}",-3.6877847
28567727754200,gimbal,2450,"{""imu_roll"":0.0,""imu_pitch"":22.518198013305664,""imu_yaw"":-0.7397992014884949,""frame_roll"":0.0,""frame_pitch"":22.518198013305664,""frame_yaw"":-0.7397992014884949,""pitch_speed"":0.0,""yaw_speed"":0.0}",-3.687512
28567739968000,attitude,1091,"{""message_type"":""ATTITUDE"",""time_boot_ms"":116670,""roll"":-0.028466878458857536,""pitch"":0.10486320406198502,""yaw"":-3.083542823791504,""rollspeed"":0.05064734071493149,""pitchspeed"":-0.010677384212613106,""yawspeed"":-0.006322343368083239}",-3.6752982
28567757806700,target_offset,372,"{""x_angle_offset"":-0.46875,""y_angle_offset"":-0.652394527859158}",-3.6574595
28567770118300,fov,2451,"{""zoom"":1.0,""hfov"":90.0,""vfov"":58.71550750732422,""state"":0,""max_aov_h"":90.0,""max_aov_v"":58.71550750732422,""min_aov_h"":1.40625,""min_aov_v"":0.7910428047180176,""max_zoom"":64.0}",-3.6451479
28567770442400,gimbal,2451,"{""imu_roll"":0.0,""imu_pitch"":22.24300765991211,""imu_yaw"":-0.9329560995101929,""frame_roll"":0.0,""frame_pitch"":22.24300765991211,""frame_yaw"":-0.9329560995101929,""pitch_speed"":0.0,""yaw_speed"":0.0}",-3.6448238
28567782177900,attitude,1092,"{""message_type"":""ATTITUDE"",""time_boot_ms"":116710,""roll"":-0.02627590112388134,""pitch"":0.10443652421236038,""yaw"":-3.0838911533355713,""rollspeed"":0.05929254740476608,""pitchspeed"":-0.011303471401333809,""yawspeed"":-0.005354027263820171}",-3.6330883
28567782305200,vfr,548,"{""message_type"":""VFR_HUD"",""airspeed"":29.394987106323242,""alt"":203.75999450683594}",-3.632961
28567782384900,position,548,"{""message_type"":""GLOBAL_POSITION_INT"",""lat"":469528405,""lon"":393490859}",-3.6328813
28567799750800,target_offset,373,"{""x_angle_offset"":-0.1875,""y_angle_offset"":-0.326197263929579}",-3.6155154
28567814312700,fov,2452,"{""zoom"":1.0,""hfov"":90.0,""vfov"":58.71550750732422,""state"":0,""max_aov_h"":90.0,""max_aov_v"":58.71550750732422,""min_aov_h"":1.40625,""min_aov_v"":0.7910428047180176,""max_zoom"":64.0}",-3.6009535
28567815640800,gimbal,2452,"{""imu_roll"":0.0,""imu_pitch"":22.09412956237793,""imu_yaw"":-1.0033208131790161,""frame_roll"":0.0,""frame_pitch"":22.09412956237793,""frame_yaw"":-1.0033208131790161,""pitch_speed"":0.0,""yaw_speed"":0.0}",-3.5996254
28567842513800,attitude,1093,"{""message_type"":""ATTITUDE"",""time_boot_ms"":116770,""roll"":-0.022525664418935776,""pitch"":0.10377644002437592,""yaw"":-3.0843653678894043,""rollspeed"":0.06712228059768677,""pitchspeed"":-0.011675769463181496,""yawspeed"":-0.004185149446129799}",-3.5727524
28567843498300,target_offset,374,"{""x_angle_offset"":-0.09375,""y_angle_offset"":0.0}",-3.5717679
28567856550000,fov,2453,"{""zoom"":1.0,""hfov"":90.0,""vfov"":58.71550750732422,""state"":0,""max_aov_h"":90.0,""max_aov_v"":58.71550750732422,""min_aov_h"":1.40625,""min_aov_v"":0.7910428047180176,""max_zoom"":64.0}",-3.5587162
28567857120400,gimbal,2453,"{""imu_roll"":0.0,""imu_pitch"":22.089218139648438,""imu_yaw"":-1.032342791557312,""frame_roll"":0.0,""frame_pitch"":22.089218139648438,""frame_yaw"":-1.032342791557312,""pitch_speed"":0.0,""yaw_speed"":0.0}",-3.5581458
28567869800900,range,1131,"{""message_type"":""GLOBAL_VISION_POSITION_ESTIMATE"",""x"":46.94838333129883,""y"":39.34877014160156}",-3.5454653
28567882016200,range,1132,"{""message_type"":""GLOBAL_VISION_POSITION_ESTIMATE"",""x"":46.94838333129883,""y"":39.34877014160156}",-3.53325
28567882532400,attitude,1094,"{""message_type"":""ATTITUDE"",""time_boot_ms"":116810,""roll"":-0.019904594868421555,""pitch"":0.10332588851451874,""yaw"":-3.084671974182129,""rollspeed"":0.06817568838596344,""pitchspeed"":-0.01189279742538929,""yawspeed"":-0.003607749007642269}",-3.5327338
28567882615900,vfr,549,"{""message_type"":""VFR_HUD"",""airspeed"":29.440244674682617,""alt"":203.8699951171875}",-3.5326503
28567882687900,position,549,"{""message_type"":""GLOBAL_POSITION_INT"",""lat"":469528405,""lon"":393490859}",-3.5325783
28567884560700,target_offset,375,"{""x_angle_offset"":0.1875,""y_angle_offset"":0.21746484261971932}",-3.5307055
28567898268300,fov,2454,"{""zoom"":1.0,""hfov"":90.0,""vfov"":58.71550750732422,""state"":0,""max_aov_h"":90.0,""max_aov_v"":58.71550750732422,""min_aov_h"":1.40625,""min_aov_v"":0.7910428047180176,""max_zoom"":64.0}",-3.5169979
28567898547800,gimbal,2454,"{""imu_roll"":0.0,""imu_pitch"":22.179813385009766,""imu_yaw"":-0.9470832943916321,""frame_roll"":0.0,""frame_pitch"":22.179813385009766,""frame_yaw"":-0.9470832943916321,""pitch_speed"":0.0,""yaw_speed"":0.0}",-3.5167184
28567925956700,target_offset,376,"{""x_angle_offset"":0.1875,""y_angle_offset"":0.326197263929579}",-3.4893095
28567937378000,attitude,1095,"{""message_type"":""ATTITUDE"",""time_boot_ms"":116870,""roll"":-0.01601404882967472,""pitch"":0.1026669293642044,""yaw"":-3.0850894451141357,""rollspeed"":0.0627950057387352,""pitchspeed"":-0.011829394847154617,""yawspeed"":-0.0031868547666817904}",-3.4778882
28567944469900,fov,2455,"{""zoom"":1.0,""hfov"":90.0,""vfov"":58.71550750732422,""state"":0,""max_aov_h"":90.0,""max_aov_v"":58.71550750732422,""min_aov_h"":1.40625,""min_aov_v"":0.7910428047180176,""max_zoom"":64.0}",-3.4707963
28567944693300,gimbal,2455,"{""imu_roll"":0.0,""imu_pitch"":22.325210571289062,""imu_yaw"":-0.8551419973373413,""frame_roll"":0.0,""frame_pitch"":22.325210571289062,""frame_yaw"":-0.8551419973373413,""pitch_speed"":0.0,""yaw_speed"":0.0}",-3.4705729
28567971738000,target_offset,377,"{""x_angle_offset"":0.28125,""y_angle_offset"":0.326197263929579}",-3.4435282
28567983519000,fov,2456,"{""zoom"":1.0,""hfov"":90.0,""vfov"":58.71550750732422,""state"":0,""max_aov_h"":90.0,""max_aov_v"":58.71550750732422,""min_aov_h"":1.40625,""min_aov_v"":0.7910428047180176,""max_zoom"":64.0}",-3.4317472
28567983809200,gimbal,2456,"{""imu_roll"":0.0,""imu_pitch"":22.44583511352539,""imu_yaw"":-0.7427370548248291,""frame_roll"":0.0,""frame_pitch"":22.44583511352539,""frame_yaw"":-0.7427370548248291,""pitch_speed"":0.0,""yaw_speed"":0.0}",-3.431457
28567985831000,vfr,550,"{""message_type"":""VFR_HUD"",""airspeed"":29.471881866455078,""alt"":203.989990234375}",-3.4294352
28567985938400,position,550,"{""message_type"":""GLOBAL_POSITION_INT"",""lat"":469527823,""lon"":393490815}",-3.4293278
28567986138200,attitude,1096,"{""message_type"":""ATTITUDE"",""time_boot_ms"":116910,""roll"":-0.013711909763514996,""pitch"":0.10223903506994247,""yaw"":-3.085369110107422,""rollspeed"":0.054464735090732574,""pitchspeed"":-0.011819332838058472,""yawspeed"":-0.00322740338742733}",-3.429128
28568010870900,range,1133,"{""message_type"":""GLOBAL_VISION_POSITION_ESTIMATE"",""x"":46.948326110839844,""y"":39.348758697509766}",-3.4043953
28568013708900,target_offset,378,"{""x_angle_offset"":0.28125,""y_angle_offset"":0.326197263929579}",-3.4015573
28568023964600,fov,2457,"{""zoom"":1.0,""hfov"":90.0,""vfov"":58.71550750732422,""state"":0,""max_aov_h"":90.0,""max_aov_v"":58.71550750732422,""min_aov_h"":1.40625,""min_aov_v"":0.7910428047180176,""max_zoom"":64.0}",-3.3913016
28568024175500,gimbal,2457,"{""imu_roll"":0.0,""imu_pitch"":22.57374382019043,""imu_yaw"":-0.6284213662147522,""frame_roll"":0.0,""frame_pitch"":22.57374382019043,""frame_yaw"":-0.6284213662147522,""pitch_speed"":0.0,""yaw_speed"":0.0}",-3.3910907
28568027103700,range,1134,"{""message_type"":""GLOBAL_VISION_POSITION_ESTIMATE"",""x"":46.948326110839844,""y"":39.348758697509766}",-3.3881625
28568050124400,attitude,1097,"{""message_type"":""ATTITUDE"",""time_boot_ms"":116970,""roll"":-0.011208876967430115,""pitch"":0.10159118473529816,""yaw"":-3.085803508758545,""rollspeed"":0.03340680152177811,""pitchspeed"":-0.011892490088939667,""yawspeed"":-0.003865353763103485}",-3.3651418
28568053787200,target_offset,379,"{""x_angle_offset"":0.28125,""y_angle_offset"":0.21746484261971932}",-3.361479
28568068753700,fov,2458,"{""zoom"":1.0,""hfov"":90.0,""vfov"":58.71550750732422,""state"":0,""max_aov_h"":90.0,""max_aov_v"":58.71550750732422,""min_aov_h"":1.40625,""min_aov_v"":0.7910428047180176,""max_zoom"":64.0}",-3.3465125
28568069081700,gimbal,2458,"{""imu_roll"":0.0,""imu_pitch"":22.667831420898438,""imu_yaw"":-0.49381154775619507,""frame_roll"":0.0,""frame_pitch"":22.667831420898438,""frame_yaw"":-0.49381154775619507,""pitch_speed"":0.0,""yaw_speed"":0.0}",-3.3461845
28568085719700,position,551,"{""message_type"":""GLOBAL_POSITION_INT"",""lat"":469527823,""lon"":393490815}",-3.3295465
28568086072500,attitude,1098,"{""message_type"":""ATTITUDE"",""time_boot_ms"":117010,""roll"":-0.010407495312392712,""pitch"":0.10115980356931686,""yaw"":-3.086121082305908,""rollspeed"":0.014805292710661888,""pitchspeed"":-0.011918684467673302,""yawspeed"":-0.004635864868760109}",-3.3291937
28568086210500,vfr,551,"{""message_type"":""VFR_HUD"",""airspeed"":29.494009017944336,""alt"":204.09999084472656}",-3.3290557
28568100122300,target_offset,380,"{""x_angle_offset"":0.28125,""y_angle_offset"":0.0}",-3.3151439
28568114300700,fov,2459,"{""zoom"":1.0,""hfov"":90.0,""vfov"":58.71550750732422,""state"":0,""max_aov_h"":90.0,""max_aov_v"":58.71550750732422,""min_aov_h"":1.40625,""min_aov_v"":0.7910428047180176,""max_zoom"":64.0}",-3.3009655
28568114636600,gimbal,2459,"{""imu_roll"":0.0,""imu_pitch"":22.661457061767578,""imu_yaw"":-0.35624128580093384,""frame_roll"":0.0,""frame_pitch"":22.661457061767578,""frame_yaw"":-0.35624128580093384,""pitch_speed"":0.0,""yaw_speed"":0.0}",-3.3006296
28568145785100,target_offset,381,"{""x_angle_offset"":0.28125,""y_angle_offset"":-0.10873242130985966}",-3.2694811
28568157175800,attitude,1099,"{""message_type"":""ATTITUDE"",""time_boot_ms"":117070,""roll"":-0.010708237066864967,""pitch"":0.10046197474002838,""yaw"":-3.08664608001709,""rollspeed"":-0.015534089878201485,""pitchspeed"":-0.011768024414777756,""yawspeed"":-0.006237450987100601}",-3.2580904
28568160376200,fov,2460,"{""zoom"":1.0,""hfov"":90.0,""vfov"":58.71550750732422,""state"":0,""max_aov_h"":90.0,""max_aov_v"":58.71550750732422,""min_aov_h"":1.40625,""min_aov_v"":0.7910428047180176,""max_zoom"":64.0}",-3.25489
28568161470300,gimbal,2460,"{""imu_roll"":0.0,""imu_pitch"":22.60720443725586,""imu_yaw"":-0.2184564471244812,""frame_roll"":0.0,""frame_pitch"":22.60720443725586,""frame_yaw"":-0.2184564471244812,""pitch_speed"":0.0,""yaw_speed"":0.0}",-3.2537959
28568166893200,range,1135,"{""message_type"":""GLOBAL_VISION_POSITION_ESTIMATE"",""x"":46.948326110839844,""y"":39.348724365234375}",-3.248373
28568175016200,range,1136,"{""message_type"":""GLOBAL_VISION_POSITION_ESTIMATE"",""x"":46.948326110839844,""y"":39.348724365234375}",-3.24025
28568191364600,target_offset,382,"{""x_angle_offset"":0.1875,""y_angle_offset"":-0.10873242130985966}",-3.2239016
28568197013800,position,552,"{""message_type"":""GLOBAL_POSITION_INT"",""lat"":469527236,""lon"":393490772}",-3.2182524
28568197210100,attitude,1100,"{""message_type"":""ATTITUDE"",""time_boot_ms"":117110,""roll"":-0.01198155339807272,""pitch"":0.09992603212594986,""yaw"":-3.087033271789551,""rollspeed"":-0.036880284547805786,""pitchspeed"":-0.011679070070385933,""yawspeed"":-0.007573245093226433}",-3.2180561
28568197331000,vfr,552,"{""message_type"":""VFR_HUD"",""airspeed"":29.539030075073242,""alt"":204.1999969482422}",-3.2179352
28568205061400,fov,2461,"{""zoom"":1.0,""hfov"":90.0,""vfov"":58.71550750732422,""state"":0,""max_aov_h"":90.0,""max_aov_v"":58.71550750732422,""min_aov_h"":1.40625,""min_aov_v"":0.7910428047180176,""max_zoom"":64.0}",-3.2102048
28568205340100,gimbal,2461,"{""imu_roll"":0.0,""imu_pitch"":22.54819679260254,""imu_yaw"":-0.12271712720394135,""frame_roll"":0.0,""frame_pitch"":22.54819679260254,""frame_yaw"":-0.12271712720394135,""pitch_speed"":0.0,""yaw_speed"":0.0}",-3.2099261
28568236707100,target_offset,383,"{""x_angle_offset"":0.09375,""y_angle_offset"":-0.10873242130985966}",-3.1785591
28568247740600,fov,2462,"{""zoom"":1.0,""hfov"":90.0,""vfov"":58.71550750732422,""state"":0,""max_aov_h"":90.0,""max_aov_v"":58.71550750732422,""min_aov_h"":1.40625,""min_aov_v"":0.7910428047180176,""max_zoom"":64.0}",-3.1675256
28568248045200,gimbal,2462,"{""imu_roll"":0.0,""imu_pitch"":22.500347137451172,""imu_yaw"":-0.07420307397842407,""frame_roll"":0.0,""frame_pitch"":22.500347137451172,""frame_yaw"":-0.07420307397842407,""pitch_speed"":0.0,""yaw_speed"":0.0}",-3.167221
28568261149500,attitude,1101,"{""message_type"":""ATTITUDE"",""time_boot_ms"":117170,""roll"":-0.01538790948688984,""pitch"":0.09912102669477463,""yaw"":-3.0876753330230713,""rollspeed"":-0.06578802317380905,""pitchspeed"":-0.011570004746317863,""yawspeed"":-0.009545305743813515}",-3.1541167
28568279036300,target_offset,384,"{""x_angle_offset"":-0.09375,""y_angle_offset"":-0.10873242130985966}",-3.1362299
28568299126300,fov,2463,"{""zoom"":1.0,""hfov"":90.0,""vfov"":58.71550750732422,""state"":0,""max_aov_h"":90.0,""max_aov_v"":58.71550750732422,""min_aov_h"":1.40625,""min_aov_v"":0.7910428047180176,""max_zoom"":64.0}",-3.1161399
28568299531100,gimbal,2463,"{""imu_roll"":0.0,""imu_pitch"":22.444862365722656,""imu_yaw"":-0.10211953520774841,""frame_roll"":0.0,""frame_pitch"":22.444862365722656,""frame_yaw"":-0.10211953520774841,""pitch_speed"":0.0,""yaw_speed"":0.0}",-3.1157351
28568301998800,attitude,1102,"{""message_type"":""ATTITUDE"",""time_boot_ms"":117210,""roll"":-0.018485601991415024,""pitch"":0.09859771281480789,""yaw"":-3.0881309509277344,""rollspeed"":-0.08078945428133011,""pitchspeed"":-0.011275026947259903,""yawspeed"":-0.01091328077018261}",-3.1132674
28568302120900,vfr,553,"{""message_type"":""VFR_HUD"",""airspeed"":29.570505142211914,""alt"":204.2899932861328}",-3.1131453
28568302188600,position,553,"{""message_type"":""GLOBAL_POSITION_INT"",""lat"":469527236,""lon"":393490772}",-3.1130776
28568307828000,range,1137,"{""message_type"":""GLOBAL_VISION_POSITION_ESTIMATE"",""x"":46.948280334472656,""y"":39.34868621826172}",-3.1074382
28568323903800,range,1138,"{""message_type"":""GLOBAL_VISION_POSITION_ESTIMATE"",""x"":46.948280334472656,""y"":39.34868621826172}",-3.0913624
28568326957800,target_offset,385,"{""x_angle_offset"":-0.09375,""y_angle_offset"":-0.10873242130985966}",-3.0883084
28568341279000,fov,2464,"{""zoom"":1.0,""hfov"":90.0,""vfov"":58.71550750732422,""state"":0,""max_aov_h"":90.0,""max_aov_v"":58.71550750732422,""min_aov_h"":1.40625,""min_aov_v"":0.7910428047180176,""max_zoom"":64.0}",-3.0739872
28568341775100,gimbal,2464,"{""imu_roll"":0.0,""imu_pitch"":22.39320945739746,""imu_yaw"":-0.12443914264440536,""frame_roll"":0.0,""frame_pitch"":22.39320945739746,""frame_yaw"":-0.12443914264440536,""pitch_speed"":0.0,""yaw_speed"":0.0}",-3.0734911
28568364489300,attitude,1103,"{""message_type"":""ATTITUDE"",""time_boot_ms"":117270,""roll"":-0.024007385596632957,""pitch"":0.09784641861915588,""yaw"":-3.0888681411743164,""rollspeed"":-0.09606257826089859,""pitchspeed"":-0.010344559326767921,""yawspeed"":-0.01246688887476921}",-3.0507769
28568370944500,target_offset,386,"{""x_angle_offset"":-0.09375,""y_angle_offset"":0.0}",-3.0443217
28568379207300,fov,2465,"{""zoom"":1.0,""hfov"":90.0,""vfov"":58.71550750732422,""state"":0,""max_aov_h"":90.0,""max_aov_v"":58.71550750732422,""min_aov_h"":1.40625,""min_aov_v"":0.7910428047180176,""max_zoom"":64.0}",-3.0360589
28568381377400,gimbal,2465,"{""imu_roll"":0.0,""imu_pitch"":22.392017364501953,""imu_yaw"":-0.145450621843338,""frame_roll"":0.0,""frame_pitch"":22.392017364501953,""frame_yaw"":-0.145450621843338,""pitch_speed"":0.0,""yaw_speed"":0.0}",-3.0338888
28568409577700,target_offset,387,"{""x_angle_offset"":-0.1875,""y_angle_offset"":0.0}",-3.0056885
28568412425900,position,554,"{""message_type"":""GLOBAL_POSITION_INT"",""lat"":469526648,""lon"":393490733}",-3.0028403
28568412671000,attitude,1104,"{""message_type"":""ATTITUDE"",""time_boot_ms"":117310,""roll"":-0.028132786974310875,""pitch"":0.09743913263082504,""yaw"":-3.089385986328125,""rollspeed"":-0.10027004778385162,""pitchspeed"":-0.009810792282223701,""yawspeed"":-0.013345632702112198}",-3.0025952
28568412816300,vfr,554,"{""message_type"":""VFR_HUD"",""airspeed"":29.621978759765625,""alt"":204.39999389648438}",-3.0024499
28568420946600,fov,2466,"{""zoom"":1.0,""hfov"":90.0,""vfov"":58.71550750732422,""state"":0,""max_aov_h"":90.0,""max_aov_v"":58.71550750732422,""min_aov_h"":1.40625,""min_aov_v"":0.7910428047180176,""max_zoom"":64.0}",-2.9943196
28568421420500,gimbal,2466,"{""imu_roll"":0.0,""imu_pitch"":22.391252517700195,""imu_yaw"":-0.21080973744392395,""frame_roll"":0.0,""frame_pitch"":22.391252517700195,""frame_yaw"":-0.21080973744392395,""pitch_speed"":0.0,""yaw_speed"":0.0}",-2.9938457
28568450034000,target_offset,388,"{""x_angle_offset"":-0.1875,""y_angle_offset"":0.10873242130985966}",-2.9652322
28568465837200,range,1139,"{""message_type"":""GLOBAL_VISION_POSITION_ESTIMATE"",""x"":46.948238372802734,""y"":39.34867858886719}",-2.949429
28568466511500,gimbal,2467,"{""imu_roll"":0.0,""imu_pitch"":22.43036651611328,""imu_yaw"":-0.28152382373809814,""frame_roll"":0.0,""frame_pitch"":22.43036651611328,""frame_yaw"":-0.28152382373809814,""pitch_speed"":0.0,""yaw_speed"":0.0}",-2.9487547
28568466740000,fov,2467,"{""zoom"":1.0,""hfov"":90.0,""vfov"":58.71550750732422,""state"":0,""max_aov_h"":90.0,""max_aov_v"":58.71550750732422,""min_aov_h"":1.40625,""min_aov_v"":0.7910428047180176,""max_zoom"":64.0}",-2.9485262
28568473179900,range,1140,"{""message_type"":""GLOBAL_VISION_POSITION_ESTIMATE"",""x"":46.948238372802734,""y"":39.34867858886719}",-2.9420863
28568473371200,attitude,1105,"{""message_type"":""ATTITUDE"",""time_boot_ms"":117370,""roll"":-0.0342441201210022,""pitch"":0.09686890989542007,""yaw"":-3.090186595916748,""rollspeed"":-0.09604103118181229,""pitchspeed"":-0.008831391111016273,""yawspeed"":-0.013983072713017464}",-2.941895
28568495251100,target_offset,389,"{""x_angle_offset"":-0.1875,""y_angle_offset"":0.10873242130985966}",-2.9200151
28568507483200,fov,2468,"{""zoom"":1.0,""hfov"":90.0,""vfov"":58.71550750732422,""state"":0,""max_aov_h"":90.0,""max_aov_v"":58.71550750732422,""min_aov_h"":1.40625,""min_aov_v"":0.7910428047180176,""max_zoom"":64.0}",-2.907783
28568507804700,gimbal,2468,"{""imu_roll"":0.0,""imu_pitch"":22.468902587890625,""imu_yaw"":-0.3453220725059509,""frame_roll"":0.0,""frame_pitch"":22.468902587890625,""frame_yaw"":-0.3453220725059509,""pitch_speed"":0.0,""yaw_speed"":0.0}",-2.9074615
28568514203600,position,555,"{""message_type"":""GLOBAL_POSITION_INT"",""lat"":469526648,""lon"":393490733}",-2.9010626
28568514401700,attitude,1106,"{""message_type"":""ATTITUDE"",""time_boot_ms"":117410,""roll"":-0.03796470910310745,""pitch"":0.09650921821594238,""yaw"":-3.0907082557678223,""rollspeed"":-0.08719420433044434,""pitchspeed"":-0.008562682196497917,""yawspeed"":-0.014028321951627731}",-2.9008645
28568514475400,vfr,555,"{""message_type"":""VFR_HUD"",""airspeed"":29.657955169677734,""alt"":204.5}",-2.9007908
28568537388600,target_offset,390,"{""x_angle_offset"":-0.28125,""y_angle_offset"":0.21746484261971932}",-2.8778776
28568553063900,fov,2469,"{""zoom"":1.0,""hfov"":90.0,""vfov"":58.71550750732422,""state"":0,""max_aov_h"":90.0,""max_aov_v"":58.71550750732422,""min_aov_h"":1.40625,""min_aov_v"":0.7910428047180176,""max_zoom"":64.0}",-2.8622023
28568553347000,gimbal,2469,"{""imu_roll"":0.0,""imu_pitch"":22.5621337890625,""imu_yaw"":-0.45443761348724365,""frame_roll"":0.0,""frame_pitch"":22.5621337890625,""frame_yaw"":-0.45443761348724365,""pitch_speed"":0.0,""yaw_speed"":0.0}",-2.8619192
28568577094100,attitude,1107,"{""message_type"":""ATTITUDE"",""time_boot_ms"":117470,""roll"":-0.04258200526237488,""pitch"":0.09598103165626526,""yaw"":-3.091474771499634,""rollspeed"":-0.06605097651481628,""pitchspeed"":-0.008145513013005257,""yawspeed"":-0.013513915240764618}",-2.8381721
28568597216500,target_offset,391,"{""x_angle_offset"":-0.28125,""y_angle_offset"":0.21746484261971932}",-2.8180497
28568615661300,fov,2470,"{""zoom"":1.0,""hfov"":90.0,""vfov"":58.71550750732422,""state"":0,""max_aov_h"":90.0,""max_aov_v"":58.71550750732422,""min_aov_h"":1.40625,""min_aov_v"":0.7910428047180176,""max_zoom"":64.0}",-2.7996049
28568615880200,gimbal,2470,"{""imu_roll"":0.0,""imu_pitch"":22.68894386291504,""imu_yaw"":-0.6043565273284912,""frame_roll"":0.0,""frame_pitch"":22.68894386291504,""frame_yaw"":-0.6043565273284912,""pitch_speed"":0.0,""yaw_speed"":0.0}",-2.799386
28568617632600,range,1141,"{""message_type"":""GLOBAL_VISION_POSITION_ESTIMATE"",""x"":46.94821548461914,""y"":39.34869384765625}",-2.7976336
28568625789500,range,1142,"{""message_type"":""GLOBAL_VISION_POSITION_ESTIMATE"",""x"":46.94821548461914,""y"":39.34869384765625}",-2.7894767
28568625880100,position,556,"{""message_type"":""GLOBAL_POSITION_INT"",""lat"":469526058,""lon"":393490698}",-2.7893861
28568626043400,attitude,1108,"{""message_type"":""ATTITUDE"",""time_boot_ms"":117510,""roll"":-0.0447874516248703,""pitch"":0.09564229846000671,""yaw"":-3.0919556617736816,""rollspeed"":-0.04729517549276352,""pitchspeed"":-0.007922947406768799,""yawspeed"":-0.012638939544558525}",-2.7892228
28568626114700,vfr,556,"{""message_type"":""VFR_HUD"",""airspeed"":29.712486267089844,""alt"":204.58999633789062}",-2.7891515
28568645180600,target_offset,392,"{""x_angle_offset"":-0.28125,""y_angle_offset"":0.21746484261971932}",-2.7700856
28568660819700,fov,2471,"{""zoom"":1.0,""hfov"":90.0,""vfov"":58.71550750732422,""state"":0,""max_aov_h"":90.0,""max_aov_v"":58.71550750732422,""min_aov_h"":1.40625,""min_aov_v"":0.7910428047180176,""max_zoom"":64.0}",-2.7544465
28568661126700,gimbal,2471,"{""imu_roll"":0.0,""imu_pitch"":22.783920288085938,""imu_yaw"":-0.7185741066932678,""frame_roll"":0.0,""frame_pitch"":22.783920288085938,""frame_yaw"":-0.7185741066932678,""pitch_speed"":0.0,""yaw_speed"":0.0}",-2.7541395
28568691192500,attitude,1109,"{""message_type"":""ATTITUDE"",""time_boot_ms"":117570,""roll"":-0.046488262712955475,""pitch"":0.0951266884803772,""yaw"":-3.0926153659820557,""rollspeed"":-0.013915468007326126,""pitchspeed"":-0.008148135617375374,""yawspeed"":-0.01088946033269167}",-2.7240737
28568692690700,target_offset,393,"{""x_angle_offset"":-0.28125,""y_angle_offset"":0.21746484261971932}",-2.7225755
28568705738700,fov,2472,"{""zoom"":1.0,""hfov"":90.0,""vfov"":58.71550750732422,""state"":0,""max_aov_h"":90.0,""max_aov_v"":58.71550750732422,""min_aov_h"":1.40625,""min_aov_v"":0.7910428047180176,""max_zoom"":64.0}",-2.7095275
28568705961300,gimbal,2472,"{""imu_roll"":0.0,""imu_pitch"":22.872703552246094,""imu_yaw"":-0.830492377281189,""frame_roll"":0.0,""frame_pitch"":22.872703552246094,""frame_yaw"":-0.830492377281189,""pitch_speed"":0.0,""yaw_speed"":0.0}",-2.7093049
28568731792900,vfr,557,"{""message_type"":""VFR_HUD"",""airspeed"":29.750595092773438,""alt"":204.6699981689453}",-2.6834733
28568732009700,position,557,"{""message_type"":""GLOBAL_POSITION_INT"",""lat"":469526058,""lon"":393490698}",-2.6832565
28568732361900,attitude,1110,"{""message_type"":""ATTITUDE"",""time_boot_ms"":117610,""roll"":-0.04641501232981682,""pitch"":0.09478267282247543,""yaw"":-3.093008518218994,""rollspeed"":0.010639321058988571,""pitchspeed"":-0.008087100461125374,""yawspeed"":-0.009415693581104279}",-2.6829043
28568735028100,target_offset,394,"{""x_angle_offset"":-0.1875,""y_angle_offset"":0.10873242130985966}",-2.6802381
28568748107100,fov,2473,"{""zoom"":1.0,""hfov"":90.0,""vfov"":58.71550750732422,""state"":0,""max_aov_h"":90.0,""max_aov_v"":58.71550750732422,""min_aov_h"":1.40625,""min_aov_v"":0.7910428047180176,""max_zoom"":64.0}",-2.6671591
28568748427600,gimbal,2473,"{""imu_roll"":0.0,""imu_pitch"":22.909936904907227,""imu_yaw"":-0.8997262716293335,""frame_roll"":0.0,""frame_pitch"":22.909936904907227,""frame_yaw"":-0.8997262716293335,""pitch_speed"":0.0,""yaw_speed"":0.0}",-2.6668386
28568774726500,range,1143,"{""message_type"":""GLOBAL_VISION_POSITION_ESTIMATE"",""x"":46.948150634765625,""y"":39.348731994628906}",-2.6405397
28568778364600,target_offset,395,"{""x_angle_offset"":-0.1875,""y_angle_offset"":0.10873242130985966}",-2.6369016
28568790442300,range,1144,"{""message_type"":""GLOBAL_VISION_POSITION_ESTIMATE"",""x"":46.948150634765625,""y"":39.348731994628906}",-2.6248239
28568790781300,attitude,1111,"{""message_type"":""ATTITUDE"",""time_boot_ms"":117670,""roll"":-0.04447198286652565,""pitch"":0.09428094327449799,""yaw"":-3.0935072898864746,""rollspeed"":0.046776123344898224,""pitchspeed"":-0.007870834320783615,""yawspeed"":-0.006878271698951721}",-2.6244849
28568794198600,fov,2474,"{""zoom"":1.0,""hfov"":90.0,""vfov"":58.71550750732422,""state"":0,""max_aov_h"":90.0,""max_aov_v"":58.71550750732422,""min_aov_h"":1.40625,""min_aov_v"":0.7910428047180176,""max_zoom"":64.0}",-2.6210676
28568794471200,gimbal,2474,"{""imu_roll"":0.0,""imu_pitch"":22.95393943786621,""imu_yaw"":-0.9755034446716309,""frame_roll"":0.0,""frame_pitch"":22.95393943786621,""frame_yaw"":-0.9755034446716309,""pitch_speed"":0.0,""yaw_speed"":0.0}",-2.620795
28568824292600,target_offset,396,"{""x_angle_offset"":-0.09375,""y_angle_offset"":0.0}",-2.5909736
28568833343000,attitude,1112,"{""message_type"":""ATTITUDE"",""time_boot_ms"":117710,""roll"":-0.04201696813106537,""pitch"":0.09394863247871399,""yaw"":-3.093790054321289,""rollspeed"":0.06924939900636673,""pitchspeed"":-0.008017141371965408,""yawspeed"":-0.004979074466973543}",-2.5819232
28568833520300,vfr,558,"{""message_type"":""VFR_HUD"",""airspeed"":29.77724266052246,""alt"":204.75999450683594}",-2.5817459
28568833629900,position,558,"{""message_type"":""GLOBAL_POSITION_INT"",""lat"":469525468,""lon"":393490662}",-2.5816363
28568840321200,fov,2475,"{""zoom"":1.0,""hfov"":90.0,""vfov"":58.71550750732422,""state"":0,""max_aov_h"":90.0,""max_aov_v"":58.71550750732422,""min_aov_h"":1.40625,""min_aov_v"":0.7910428047180176,""max_zoom"":64.0}",-2.574945
28568840679000,gimbal,2475,"{""imu_roll"":0.0,""imu_pitch"":22.947429656982422,""imu_yaw"":-1.0078850984573364,""frame_roll"":0.0,""frame_pitch"":22.947429656982422,""frame_yaw"":-1.0078850984573364,""pitch_speed"":0.0,""yaw_speed"":0.0}",-2.5745872
28568869733200,target_offset,397,"{""x_angle_offset"":0.0,""y_angle_offset"":0.0}",-2.545533
28568884355700,fov,2476,"{""zoom"":1.0,""hfov"":90.0,""vfov"":58.71550750732422,""state"":0,""max_aov_h"":90.0,""max_aov_v"":58.71550750732422,""min_aov_h"":1.40625,""min_aov_v"":0.7910428047180176,""max_zoom"":64.0}",-2.5309105
28568884645700,gimbal,2476,"{""imu_roll"":0.0,""imu_pitch"":22.94377326965332,""imu_yaw"":-0.9979465007781982,""frame_roll"":0.0,""frame_pitch"":22.94377326965332,""frame_yaw"":-0.9979465007781982,""pitch_speed"":0.0,""yaw_speed"":0.0}",-2.5306205
28568893857600,attitude,1113,"{""message_type"":""ATTITUDE"",""time_boot_ms"":117770,""roll"":-0.036545224487781525,""pitch"":0.09361845254898071,""yaw"":-3.094085216522217,""rollspeed"":0.09695282578468323,""pitchspeed"":-0.007794239558279514,""yawspeed"":-0.002335155149921775}",-2.5214086
28568914128300,target_offset,398,"{""x_angle_offset"":0.1875,""y_angle_offset"":0.0}",-2.5011379
28568927162300,fov,2477,"{""zoom"":1.0,""hfov"":90.0,""vfov"":58.71550750732422,""state"":0,""max_aov_h"":90.0,""max_aov_v"":58.71550750732422,""min_aov_h"":1.40625,""min_aov_v"":0.7910428047180176,""max_zoom"":64.0}",-2.4881039
28568927477200,gimbal,2477,"{""imu_roll"":0.0,""imu_pitch"":22.941944122314453,""imu_yaw"":-0.9112200736999512,""frame_roll"":0.0,""frame_pitch"":22.941944122314453,""frame_yaw"":-0.9112200736999512,""pitch_speed"":0.0,""yaw_speed"":0.0}",-2.487789
28568929512000,range,1145,"{""message_type"":""GLOBAL_VISION_POSITION_ESTIMATE"",""x"":46.948089599609375,""y"":39.34876251220703}",-2.4857542
28568934327300,range,1146,"{""message_type"":""GLOBAL_VISION_POSITION_ESTIMATE"",""x"":46.948089599609375,""y"":39.34876251220703}",-2.4809389
28568934426300,position,559,"{""message_type"":""GLOBAL_POSITION_INT"",""lat"":469525468,""lon"":393490662}",-2.4808399
28568934589800,attitude,1114,"{""message_type"":""ATTITUDE"",""time_boot_ms"":117810,""roll"":-0.032165125012397766,""pitch"":0.09339659661054611,""yaw"":-3.0942482948303223,""rollspeed"":0.10956508666276932,""pitchspeed"":-0.008091500028967857,""yawspeed"":-0.0008431074675172567}",-2.4806764
28568934657000,vfr,559,"{""message_type"":""VFR_HUD"",""airspeed"":29.82514190673828,""alt"":204.83999633789062}",-2.4806092
28568956189900,target_offset,399,"{""x_angle_offset"":0.1875,""y_angle_offset"":0.0}",-2.4590763
28568969667400,fov,2478,"{""zoom"":1.0,""hfov"":90.0,""vfov"":58.71550750732422,""state"":0,""max_aov_h"":90.0,""max_aov_v"":58.71550750732422,""min_aov_h"":1.40625,""min_aov_v"":0.7910428047180176,""max_zoom"":64.0}",-2.4455988
28568969983000,gimbal,2478,"{""imu_roll"":0.0,""imu_pitch"":22.94088363647461,""imu_yaw"":-0.8249056339263916,""frame_roll"":0.0,""frame_pitch"":22.94088363647461,""frame_yaw"":-0.8249056339263916,""pitch_speed"":0.0,""yaw_speed"":0.0}",-2.4452832
28568996974300,attitude,1115,"{""message_type"":""ATTITUDE"",""time_boot_ms"":117870,""roll"":-0.02502133697271347,""pitch"":0.09304635971784592,""yaw"":-3.0944175720214844,""rollspeed"":0.11840864270925522,""pitchspeed"":-0.008530896157026291,""yawspeed"":0.0010247076861560345}",-2.4182919
28569000108400,target_offset,400,"{""x_angle_offset"":0.28125,""y_angle_offset"":0.0}",-2.4151578
28569014109500,fov,2479,"{""zoom"":1.0,""hfov"":90.0,""vfov"":58.71550750732422,""state"":0,""max_aov_h"":90.0,""max_aov_v"":58.71550750732422,""min_aov_h"":1.40625,""min_aov_v"":0.7910428047180176,""max_zoom"":64.0}",-2.4011567
28569014385700,gimbal,2479,"{""imu_roll"":0.0,""imu_pitch"":22.940235137939453,""imu_yaw"":-0.693958044052124,""frame_roll"":0.0,""frame_pitch"":22.940235137939453,""frame_yaw"":-0.693958044052124,""pitch_speed"":0.0,""yaw_speed"":0.0}",-2.4008805
28569032532100,position,560,"{""message_type"":""GLOBAL_POSITION_INT"",""lat"":469525468,""lon"":393490662}",-2.3827341
28569032834400,attitude,1116,"{""message_type"":""ATTITUDE"",""time_boot_ms"":117910,""roll"":-0.020177220925688744,""pitch"":0.09279780089855194,""yaw"":-3.094517230987549,""rollspeed"":0.11806514859199524,""pitchspeed"":-0.008857853710651398,""yawspeed"":0.002018297091126442}",-2.3824318
28569032923900,vfr,560,"{""message_type"":""VFR_HUD"",""airspeed"":29.858625411987305,""alt"":204.92999267578125}",-2.3823423
28569045341600,target_offset,401,"{""x_angle_offset"":0.28125,""y_angle_offset"":0.0}",-2.3699246
28569060705900,fov,2480,"{""zoom"":1.0,""hfov"":90.0,""vfov"":58.71550750732422,""state"":0,""max_aov_h"":90.0,""max_aov_v"":58.71550750732422,""min_aov_h"":1.40625,""min_aov_v"":0.7910428047180176,""max_zoom"":64.0}",-2.3545603
28569060999900,gimbal,2480,"{""imu_roll"":0.0,""imu_pitch"":22.93987274169922,""imu_yaw"":-0.5613388419151306,""frame_roll"":0.0,""frame_pitch"":22.93987274169922,""frame_yaw"":-0.5613388419151306,""pitch_speed"":0.0,""yaw_speed"":0.0}",-2.3542663
28569085848600,range,1147,"{""message_type"":""GLOBAL_VISION_POSITION_ESTIMATE"",""x"":46.948089599609375,""y"":39.34876251220703}",-2.3294176
28569090198900,target_offset,402,"{""x_angle_offset"":0.28125,""y_angle_offset"":0.0}",-2.3250673
28569097700800,range,1148,"{""message_type"":""GLOBAL_VISION_POSITION_ESTIMATE"",""x"":46.948089599609375,""y"":39.34876251220703}",-2.3175654
28569097897300,attitude,1117,"{""message_type"":""ATTITUDE"",""time_boot_ms"":117970,""roll"":-0.01309800986200571,""pitch"":0.0923338308930397,""yaw"":-3.094620943069458,""rollspeed"":0.10841164737939835,""pitchspeed"":-0.009459171444177628,""yawspeed"":0.002604536712169647}",-2.3173689
28569105727400,fov,2481,"{""zoom"":1.0,""hfov"":90.0,""vfov"":58.71550750732422,""state"":0,""max_aov_h"":90.0,""max_aov_v"":58.71550750732422,""min_aov_h"":1.40625,""min_aov_v"":0.7910428047180176,""max_zoom"":64.0}",-2.3095388
28569106978200,gimbal,2481,"{""imu_roll"":0.0,""imu_pitch"":22.93968391418457,""imu_yaw"":-0.4321373701095581,""frame_roll"":0.0,""frame_pitch"":22.93968391418457,""frame_yaw"":-0.4321373701095581,""pitch_speed"":0.0,""yaw_speed"":0.0}",-2.308288
28569134886900,target_offset,403,"{""x_angle_offset"":0.375,""y_angle_offset"":0.0}",-2.2803793
28569145040300,fov,2482,"{""zoom"":1.0,""hfov"":90.0,""vfov"":58.71550750732422,""state"":0,""max_aov_h"":90.0,""max_aov_v"":58.71550750732422,""min_aov_h"":1.40625,""min_aov_v"":0.7910428047180176,""max_zoom"":64.0}",-2.2702259
28569145239200,vfr,561,"{""message_type"":""VFR_HUD"",""airspeed"":29.911216735839844,""alt"":205.0}",-2.270027
28569145371000,position,561,"{""message_type"":""GLOBAL_POSITION_INT"",""lat"":469524876,""lon"":393490624}",-2.2698952
28569145662000,attitude,1118,"{""message_type"":""ATTITUDE"",""time_boot_ms"":118010,""roll"":-0.00887475349009037,""pitch"":0.09198717772960663,""yaw"":-3.0946927070617676,""rollspeed"":0.0951317772269249,""pitchspeed"":-0.009856592863798141,""yawspeed"":0.0027675405144691467}",-2.2696042
28569145893100,gimbal,2482,"{""imu_roll"":0.0,""imu_pitch"":22.93959617614746,""imu_yaw"":-0.2869032621383667,""frame_roll"":0.0,""frame_pitch"":22.93959617614746,""frame_yaw"":-0.2869032621383667,""pitch_speed"":0.0,""yaw_speed"":0.0}",-2.2693731
28569172435500,target_offset,404,"{""x_angle_offset"":0.375,""y_angle_offset"":0.0}",-2.2428307
28569187035000,fov,2483,"{""zoom"":1.0,""hfov"":90.0,""vfov"":58.71550750732422,""state"":0,""max_aov_h"":90.0,""max_aov_v"":58.71550750732422,""min_aov_h"":1.40625,""min_aov_v"":0.7910428047180176,""max_zoom"":64.0}",-2.2282312
28569187236800,gimbal,2483,"{""imu_roll"":0.0,""imu_pitch"":22.93953514099121,""imu_yaw"":-0.13067665696144104,""frame_roll"":0.0,""frame_pitch"":22.93953514099121,""frame_yaw"":-0.13067665696144104,""pitch_speed"":0.0,""yaw_speed"":0.0}",-2.2280294
28569201278100,attitude,1119,"{""message_type"":""ATTITUDE"",""time_boot_ms"":118070,""roll"":-0.003770874347537756,""pitch"":0.09146919846534729,""yaw"":-3.0948097705841064,""rollspeed"":0.06913068145513535,""pitchspeed"":-0.009690960869193077,""yawspeed"":0.0022327033802866936}",-2.2139881
28569214106800,target_offset,405,"{""x_angle_offset"":0.375,""y_angle_offset"":0.0}",-2.2011594
28569230806600,fov,2484,"{""zoom"":1.0,""hfov"":90.0,""vfov"":58.71550750732422,""state"":0,""max_aov_h"":90.0,""max_aov_v"":58.71550750732422,""min_aov_h"":1.40625,""min_aov_v"":0.7910428047180176,""max_zoom"":64.0}",-2.1844596
28569231101200,gimbal,2484,"{""imu_roll"":0.0,""imu_pitch"":22.939453125,""imu_yaw"":0.026659250259399414,""frame_roll"":0.0,""frame_pitch"":22.939453125,""frame_yaw"":0.026659250259399414,""pitch_speed"":0.0,""yaw_speed"":0.0}",-2.184165
28569242989100,vfr,562,"{""message_type"":""VFR_HUD"",""airspeed"":29.94797706604004,""alt"":205.08999633789062}",-2.1722771
28569243075600,position,562,"{""message_type"":""GLOBAL_POSITION_INT"",""lat"":469524876,""lon"":393490624}",-2.1721906
28569243257300,attitude,1120,"{""message_type"":""ATTITUDE"",""time_boot_ms"":118110,""roll"":-0.0013499875785782933,""pitch"":0.09111747145652771,""yaw"":-3.094917058944702,""rollspeed"":0.04869941622018814,""pitchspeed"":-0.010019861161708832,""yawspeed"":0.0014900639653205872}",-2.1720089
28569254812100,range,1149,"{""message_type"":""GLOBAL_VISION_POSITION_ESTIMATE"",""x"":46.94803237915039,""y"":39.34874725341797}",-2.1604541
28569259468600,target_offset,406,"{""x_angle_offset"":0.09375,""y_angle_offset"":0.0}",-2.1557976
28569265279200,range,1150,"{""message_type"":""GLOBAL_VISION_POSITION_ESTIMATE"",""x"":46.94803237915039,""y"":39.34874725341797}",-2.149987
28569273353300,fov,2485,"{""zoom"":1.0,""hfov"":90.0,""vfov"":58.71550750732422,""state"":0,""max_aov_h"":90.0,""max_aov_v"":58.71550750732422,""min_aov_h"":1.40625,""min_aov_v"":0.7910428047180176,""max_zoom"":64.0}",-2.1419129
28569273871000,gimbal,2485,"{""imu_roll"":0.0,""imu_pitch"":22.939453125,""imu_yaw"":0.058652445673942566,""frame_roll"":0.0,""frame_pitch"":22.939453125,""frame_yaw"":0.058652445673942566,""pitch_speed"":0.0,""yaw_speed"":0.0}",-2.1413952
28569303284800,target_offset,407,"{""x_angle_offset"":0.09375,""y_angle_offset"":0.0}",-2.1119814
28569310158500,attitude,1121,"{""message_type"":""ATTITUDE"",""time_boot_ms"":118170,""roll"":0.0006150577683001757,""pitch"":0.09045510739088058,""yaw"":-3.0951240062713623,""rollspeed"":0.015932969748973846,""pitchspeed"":-0.01025388017296791,""yawspeed"":-3.188475966453552e-05}",-2.1051077
28569316697600,fov,2486,"{""zoom"":1.0,""hfov"":90.0,""vfov"":58.71550750732422,""state"":0,""max_aov_h"":90.0,""max_aov_v"":58.71550750732422,""min_aov_h"":1.40625,""min_aov_v"":0.7910428047180176,""max_zoom"":64.0}",-2.0985686
28569317030000,gimbal,2486,"{""imu_roll"":0.0,""imu_pitch"":22.939453125,""imu_yaw"":0.08766613900661469,""frame_roll"":0.0,""frame_pitch"":22.939453125,""frame_yaw"":0.08766613900661469,""pitch_speed"":0.0,""yaw_speed"":0.0}",-2.0982362
28569346783000,target_offset,408,"{""x_angle_offset"":0.0,""y_angle_offset"":0.0}",-2.0684832
28569351832600,attitude,1122,"{""message_type"":""ATTITUDE"",""time_boot_ms"":118210,""roll"":0.0007892217254266143,""pitch"":0.08984389901161194,""yaw"":-3.095299243927002,""rollspeed"":-0.00510086864233017,""pitchspeed"":-0.01032157801091671,""yawspeed"":-0.001038792310282588}",-2.0634336
28569351969000,vfr,563,"{""message_type"":""VFR_HUD"",""airspeed"":30.002880096435547,""alt"":205.1599884033203}",-2.0632972
28569352076800,position,563,"{""message_type"":""GLOBAL_POSITION_INT"",""lat"":469524277,""lon"":393490584}",-2.0631894
28569360938100,fov,2487,"{""zoom"":1.0,""hfov"":90.0,""vfov"":58.71550750732422,""state"":0,""max_aov_h"":90.0,""max_aov_v"":58.71550750732422,""min_aov_h"":1.40625,""min_aov_v"":0.7910428047180176,""max_zoom"":64.0}",-2.0543281
28569361750700,gimbal,2487,"{""imu_roll"":0.0,""imu_pitch"":22.939453125,""imu_yaw"":0.07664822041988373,""frame_roll"":0.0,""frame_pitch"":22.939453125,""frame_yaw"":0.07664822041988373,""pitch_speed"":0.0,""yaw_speed"":0.0}",-2.0535155
28569389913100,target_offset,409,"{""x_angle_offset"":0.0,""y_angle_offset"":0.0}",-2.0253531
28569401196800,fov,2488,"{""zoom"":1.0,""hfov"":90.0,""vfov"":58.71550750732422,""state"":0,""max_aov_h"":90.0,""max_aov_v"":58.71550750732422,""min_aov_h"":1.40625,""min_aov_v"":0.7910428047180176,""max_zoom"":64.0}",-2.0140694
28569401477300,gimbal,2488,"{""imu_roll"":0.0,""imu_pitch"":22.939453125,""imu_yaw"":0.07226070761680603,""frame_roll"":0.0,""frame_pitch"":22.939453125,""frame_yaw"":0.07226070761680603,""pitch_speed"":0.0,""yaw_speed"":0.0}",-2.0137889
28569409315900,range,1151,"{""message_type"":""GLOBAL_VISION_POSITION_ESTIMATE"",""x"":46.947967529296875,""y"":39.34876251220703}",-2.0059503
28569412816400,range,1152,"{""message_type"":""GLOBAL_VISION_POSITION_ESTIMATE"",""x"":46.947967529296875,""y"":39.34876251220703}",-2.0024498
28569413036200,attitude,1123,"{""message_type"":""ATTITUDE"",""time_boot_ms"":118270,""roll"":-0.0004195388173684478,""pitch"":0.08895003795623779,""yaw"":-3.095614433288574,""rollspeed"":-0.033424608409404755,""pitchspeed"":-0.00956030935049057,""yawspeed"":-0.002882179571315646}",-2.00223
28569430343500,target_offset,410,"{""x_angle_offset"":0.0,""y_angle_offset"":0.0}",-1.9849227
28569445219200,fov,2489,"{""zoom"":1.0,""hfov"":90.0,""vfov"":58.71550750732422,""state"":0,""max_aov_h"":90.0,""max_aov_v"":58.71550750732422,""min_aov_h"":1.40625,""min_aov_v"":0.7910428047180176,""max_zoom"":64.0}",-1.970047
28569445722400,gimbal,2489,"{""imu_roll"":0.0,""imu_pitch"":22.939453125,""imu_yaw"":0.07081976532936096,""frame_roll"":0.0,""frame_pitch"":22.939453125,""frame_yaw"":0.07081976532936096,""pitch_speed"":0.0,""yaw_speed"":0.0}",-1.9695438
28569451942300,position,564,"{""message_type"":""GLOBAL_POSITION_INT"",""lat"":469524277,""lon"":393490584}",-1.9633239
28569452257900,attitude,1124,"{""message_type"":""ATTITUDE"",""time_boot_ms"":118310,""roll"":-0.002052535302937031,""pitch"":0.08838853240013123,""yaw"":-3.0958476066589355,""rollspeed"":-0.04873673617839813,""pitchspeed"":-0.008915822952985764,""yawspeed"":-0.003980494569987059}",-1.9630083
28569452372300,vfr,564,"{""message_type"":""VFR_HUD"",""airspeed"":30.04125213623047,""alt"":205.22999572753906}",-1.9628939
28569474198600,target_offset,411,"{""x_angle_offset"":0.0,""y_angle_offset"":0.10873242130985966}",-1.9410676
28569487506400,fov,2490,"{""zoom"":1.0,""hfov"":90.0,""vfov"":58.71550750732422,""state"":0,""max_aov_h"":90.0,""max_aov_v"":58.71550750732422,""min_aov_h"":1.40625,""min_aov_v"":0.7910428047180176,""max_zoom"":64.0}",-1.9277598
28569487990500,gimbal,2490,"{""imu_roll"":0.0,""imu_pitch"":22.976791381835938,""imu_yaw"":0.07115525752305984,""frame_roll"":0.0,""frame_pitch"":22.976791381835938,""frame_yaw"":0.07115525752305984,""pitch_speed"":0.0,""yaw_speed"":0.0}",-1.9272757
28569514665600,attitude,1125,"{""message_type"":""ATTITUDE"",""time_boot_ms"":118370,""roll"":-0.005436358507722616,""pitch"":0.08758354932069778,""yaw"":-3.0962440967559814,""rollspeed"":-0.06591815501451492,""pitchspeed"":-0.008121584542095661,""yawspeed"":-0.005466424860060215}",-1.9006006
28569515948100,target_offset,412,"{""x_angle_offset"":0.0,""y_angle_offset"":0.10873242130985966}",-1.8993181
28569529488200,fov,2491,"{""zoom"":1.0,""hfov"":90.0,""vfov"":58.71550750732422,""state"":0,""max_aov_h"":90.0,""max_aov_v"":58.71550750732422,""min_aov_h"":1.40625,""min_aov_v"":0.7910428047180176,""max_zoom"":64.0}",-1.885778
28569529774600,gimbal,2491,"{""imu_roll"":0.0,""imu_pitch"":23.01723861694336,""imu_yaw"":0.07239464670419693,""frame_roll"":0.0,""frame_pitch"":23.01723861694336,""frame_yaw"":0.07239464670419693,""pitch_speed"":0.0,""yaw_speed"":0.0}",-1.8854916
28569555550500,vfr,565,"{""message_type"":""VFR_HUD"",""airspeed"":30.068086624145508,""alt"":205.29998779296875}",-1.8597157
28569555673200,position,565,"{""message_type"":""GLOBAL_POSITION_INT"",""lat"":469523681,""lon"":393490547}",-1.859593
28569555904500,attitude,1126,"{""message_type"":""ATTITUDE"",""time_boot_ms"":118410,""roll"":-0.008334286510944366,""pitch"":0.08736710250377655,""yaw"":-3.0965442657470703,""rollspeed"":-0.07278004288673401,""pitchspeed"":-0.007360625546425581,""yawspeed"":-0.006255761720240116}",-1.8593617
28569565816800,target_offset,413,"{""x_angle_offset"":0.0,""y_angle_offset"":0.10873242130985966}",-1.8494494
28569571194900,range,1153,"{""message_type"":""GLOBAL_VISION_POSITION_ESTIMATE"",""x"":46.94790267944336,""y"":39.34873580932617}",-1.8440713
28569583668900,range,1154,"{""message_type"":""GLOBAL_VISION_POSITION_ESTIMATE"",""x"":46.94790267944336,""y"":39.34873580932617}",-1.8315973
28569583951100,fov,2492,"{""zoom"":1.0,""hfov"":90.0,""vfov"":58.71550750732422,""state"":0,""max_aov_h"":90.0,""max_aov_v"":58.71550750732422,""min_aov_h"":1.40625,""min_aov_v"":0.7910428047180176,""max_zoom"":64.0}",-1.8313151
28569584271500,gimbal,2492,"{""imu_roll"":0.0,""imu_pitch"":23.067764282226562,""imu_yaw"":0.07458607852458954,""frame_roll"":0.0,""frame_pitch"":23.067764282226562,""frame_yaw"":0.07458607852458954,""pitch_speed"":0.0,""yaw_speed"":0.0}",-1.8309947
28569618322500,target_offset,414,"{""x_angle_offset"":0.0,""y_angle_offset"":0.10873242130985966}",-1.7969437
28569624800600,attitude,1127,"{""message_type"":""ATTITUDE"",""time_boot_ms"":118470,""roll"":-0.012897215783596039,""pitch"":0.0870969370007515,""yaw"":-3.0970253944396973,""rollspeed"":-0.07531549036502838,""pitchspeed"":-0.006301186978816986,""yawspeed"":-0.007150304038077593}",-1.7904656
28569634749500,fov,2493,"{""zoom"":1.0,""hfov"":90.0,""vfov"":58.71550750732422,""state"":0,""max_aov_h"":90.0,""max_aov_v"":58.71550750732422,""min_aov_h"":1.40625,""min_aov_v"":0.7910428047180176,""max_zoom"":64.0}",-1.7805167
28569635068700,gimbal,2493,"{""imu_roll"":0.0,""imu_pitch"":23.115522384643555,""imu_yaw"":0.07690521329641342,""frame_roll"":0.0,""frame_pitch"":23.115522384643555,""frame_yaw"":0.07690521329641342,""pitch_speed"":0.0,""yaw_speed"":0.0}",-1.7801975
28569660624800,target_offset,415,"{""x_angle_offset"":-0.09375,""y_angle_offset"":0.10873242130985966}",-1.7546414
28569664024800,vfr,566,"{""message_type"":""VFR_HUD"",""airspeed"":30.11583137512207,""alt"":205.36000061035156}",-1.7512414
28569664155200,position,566,"{""message_type"":""GLOBAL_POSITION_INT"",""lat"":469523681,""lon"":393490547}",-1.751111
28569664415300,attitude,1128,"{""message_type"":""ATTITUDE"",""time_boot_ms"":118510,""roll"":-0.015876641497015953,""pitch"":0.08694761991500854,""yaw"":-3.097348213195801,""rollspeed"":-0.07258698344230652,""pitchspeed"":-0.005718536209315062,""yawspeed"":-0.007472294382750988}",-1.7508509
28569678731200,fov,2494,"{""zoom"":1.0,""hfov"":90.0,""vfov"":58.71550750732422,""state"":0,""max_aov_h"":90.0,""max_aov_v"":58.71550750732422,""min_aov_h"":1.40625,""min_aov_v"":0.7910428047180176,""max_zoom"":64.0}",-1.736535
28569679180800,gimbal,2494,"{""imu_roll"":0.0,""imu_pitch"":23.15530776977539,""imu_yaw"":0.04877694696187973,""frame_roll"":0.0,""frame_pitch"":23.15530776977539,""frame_yaw"":0.04877694696187973,""pitch_speed"":0.0,""yaw_speed"":0.0}",-1.7360854
28569709466900,target_offset,416,"{""x_angle_offset"":-0.09375,""y_angle_offset"":0.10873242130985966}",-1.7057993
28569721147000,fov,2495,"{""zoom"":1.0,""hfov"":90.0,""vfov"":58.71550750732422,""state"":0,""max_aov_h"":90.0,""max_aov_v"":58.71550750732422,""min_aov_h"":1.40625,""min_aov_v"":0.7910428047180176,""max_zoom"":64.0}",-1.6941192
28569721444300,gimbal,2495,"{""imu_roll"":0.0,""imu_pitch"":23.193260192871094,""imu_yaw"":0.01550869271159172,""frame_roll"":0.0,""frame_pitch"":23.193260192871094,""frame_yaw"":0.01550869271159172,""pitch_speed"":0.0,""yaw_speed"":0.0}",-1.6938219
28569722514400,attitude,1129,"{""message_type"":""ATTITUDE"",""time_boot_ms"":118570,""roll"":-0.01992485113441944,""pitch"":0.08676191419363022,""yaw"":-3.097842216491699,""rollspeed"":-0.06303593516349792,""pitchspeed"":-0.004993808455765247,""yawspeed"":-0.0076322415843605995}",-1.6927518
28569735925900,range,1155,"{""message_type"":""GLOBAL_VISION_POSITION_ESTIMATE"",""x"":46.94790267944336,""y"":39.34872055053711}",-1.6793403
28569737796400,range,1156,"{""message_type"":""GLOBAL_VISION_POSITION_ESTIMATE"",""x"":46.94790267944336,""y"":39.34872055053711}",-1.6774698
28569749592400,target_offset,417,"{""x_angle_offset"":-0.1875,""y_angle_offset"":0.10873242130985966}",-1.6656738
28569763397700,fov,2496,"{""zoom"":1.0,""hfov"":90.0,""vfov"":58.71550750732422,""state"":0,""max_aov_h"":90.0,""max_aov_v"":58.71550750732422,""min_aov_h"":1.40625,""min_aov_v"":0.7910428047180176,""max_zoom"":64.0}",-1.6518685
28569763697800,gimbal,2496,"{""imu_roll"":0.0,""imu_pitch"":23.234725952148438,""imu_yaw"":-0.05118438974022865,""frame_roll"":0.0,""frame_pitch"":23.234725952148438,""frame_yaw"":-0.05118438974022865,""pitch_speed"":0.0,""yaw_speed"":0.0}",-1.6515684
28569764992200,vfr,567,"{""message_type"":""VFR_HUD"",""airspeed"":30.149206161499023,""alt"":205.4199981689453}",-1.650274
28569765082400,position,567,"{""message_type"":""GLOBAL_POSITION_INT"",""lat"":469523083,""lon"":393490514}",-1.6501838
28569765253800,attitude,1130,"{""message_type"":""ATTITUDE"",""time_boot_ms"":118610,""roll"":-0.022255631163716316,""pitch"":0.08662749826908112,""yaw"":-3.0981695652008057,""rollspeed"":-0.05420564115047455,""pitchspeed"":-0.005220397375524044,""yawspeed"":-0.0075934757478535175}",-1.6500124
28569791737300,target_offset,418,"{""x_angle_offset"":-0.1875,""y_angle_offset"":0.10873242130985966}",-1.6235289
28569808222000,fov,2497,"{""zoom"":1.0,""hfov"":90.0,""vfov"":58.71550750732422,""state"":0,""max_aov_h"":90.0,""max_aov_v"":58.71550750732422,""min_aov_h"":1.40625,""min_aov_v"":0.7910428047180176,""max_zoom"":64.0}",-1.6070442
28569808436100,gimbal,2497,"{""imu_roll"":0.0,""imu_pitch"":23.27881622314453,""imu_yaw"":-0.11962155997753143,""frame_roll"":0.0,""frame_pitch"":23.27881622314453,""frame_yaw"":-0.11962155997753143,""pitch_speed"":0.0,""yaw_speed"":0.0}",-1.6068301
28569819910400,attitude,1131,"{""message_type"":""ATTITUDE"",""time_boot_ms"":118670,""roll"":-0.02503974735736847,""pitch"":0.08640792965888977,""yaw"":-3.098649024963379,""rollspeed"":-0.03811901807785034,""pitchspeed"":-0.005281379912048578,""yawspeed"":-0.007059688679873943}",-1.5953558
28569835572200,target_offset,419,"{""x_angle_offset"":-0.1875,""y_angle_offset"":0.10873242130985966}",-1.579694
28569847411600,fov,2498,"{""zoom"":1.0,""hfov"":90.0,""vfov"":58.71550750732422,""state"":0,""max_aov_h"":90.0,""max_aov_v"":58.71550750732422,""min_aov_h"":1.40625,""min_aov_v"":0.7910428047180176,""max_zoom"":64.0}",-1.5678546
28569847982100,gimbal,2498,"{""imu_roll"":0.0,""imu_pitch"":23.31899642944336,""imu_yaw"":-0.18202029168605804,""frame_roll"":0.0,""frame_pitch"":23.31899642944336,""frame_yaw"":-0.18202029168605804,""pitch_speed"":0.0,""yaw_speed"":0.0}",-1.5672841
28569861276000,attitude,1132,"{""message_type"":""ATTITUDE"",""time_boot_ms"":118710,""roll"":-0.02631550468504429,""pitch"":0.08625158667564392,""yaw"":-3.0989577770233154,""rollspeed"":-0.02619212307035923,""pitchspeed"":-0.005552457179874182,""yawspeed"":-0.006633674260228872}",-1.5539902
28569861402000,vfr,568,"{""message_type"":""VFR_HUD"",""airspeed"":30.20144271850586,""alt"":205.489990234375}",-1.5538642
28569861509400,position,568,"{""message_type"":""GLOBAL_POSITION_INT"",""lat"":469523083,""lon"":393490514}",-1.5537568
28569877765600,target_offset,420,"{""x_angle_offset"":-0.1875,""y_angle_offset"":0.10873242130985966}",-1.5375006
28569886312800,fov,2499,"{""zoom"":1.0,""hfov"":90.0,""vfov"":58.71550750732422,""state"":0,""max_aov_h"":90.0,""max_aov_v"":58.71550750732422,""min_aov_h"":1.40625,""min_aov_v"":0.7910428047180176,""max_zoom"":64.0}",-1.5289534
28569886608900,gimbal,2499,"{""imu_roll"":0.0,""imu_pitch"":23.35889434814453,""imu_yaw"":-0.24395397305488586,""frame_roll"":0.0,""frame_pitch"":23.35889434814453,""frame_yaw"":-0.24395397305488586,""pitch_speed"":0.0,""yaw_speed"":0.0}",-1.5286573
28569892392600,range,1157,"{""message_type"":""GLOBAL_VISION_POSITION_ESTIMATE"",""x"":46.947853088378906,""y"":39.348731994628906}",-1.5228736
28569906052800,range,1158,"{""message_type"":""GLOBAL_VISION_POSITION_ESTIMATE"",""x"":46.947853088378906,""y"":39.348731994628906}",-1.5092134
28569913160800,target_offset,421,"{""x_angle_offset"":-0.1875,""y_angle_offset"":0.10873242130985966}",-1.5021054
28569926777200,fov,2500,"{""zoom"":1.0,""hfov"":90.0,""vfov"":58.71550750732422,""state"":0,""max_aov_h"":90.0,""max_aov_v"":58.71550750732422,""min_aov_h"":1.40625,""min_aov_v"":0.7910428047180176,""max_zoom"":64.0}",-1.488489
28569927148400,gimbal,2500,"{""imu_roll"":0.0,""imu_pitch"":23.4044246673584,""imu_yaw"":-0.31367823481559753,""frame_roll"":0.0,""frame_pitch"":23.4044246673584,""frame_yaw"":-0.31367823481559753,""pitch_speed"":0.0,""yaw_speed"":0.0}",-1.4881178
28569930803800,attitude,1133,"{""message_type"":""ATTITUDE"",""time_boot_ms"":118770,""roll"":-0.02731241099536419,""pitch"":0.08598928898572922,""yaw"":-3.0993881225585938,""rollspeed"":-0.008116573095321655,""pitchspeed"":-0.006080537103116512,""yawspeed"":-0.005788916256278753}",-1.4844624
28569956422200,target_offset,422,"{""x_angle_offset"":-0.1875,""y_angle_offset"":0.10873242130985966}",-1.458844
28569965228500,position,569,"{""message_type"":""GLOBAL_POSITION_INT"",""lat"":469522482,""lon"":393490482}",-1.4500377
28569965434500,attitude,1134,"{""message_type"":""ATTITUDE"",""time_boot_ms"":118810,""roll"":-0.02737973816692829,""pitch"":0.08580039441585541,""yaw"":-3.0996627807617188,""rollspeed"":0.003792332950979471,""pitchspeed"":-0.006337171886116266,""yawspeed"":-0.005177086219191551}",-1.4498317
28569965518300,vfr,569,"{""message_type"":""VFR_HUD"",""airspeed"":30.237953186035156,""alt"":205.5399932861328}",-1.4497479
28569974250900,fov,2501,"{""zoom"":1.0,""hfov"":90.0,""vfov"":58.71550750732422,""state"":0,""max_aov_h"":90.0,""max_aov_v"":58.71550750732422,""min_aov_h"":1.40625,""min_aov_v"":0.7910428047180176,""max_zoom"":64.0}",-1.4410153
28569974521700,gimbal,2501,"{""imu_roll"":0.0,""imu_pitch"":23.452228546142578,""imu_yaw"":-0.386416494846344,""frame_roll"":0.0,""frame_pitch"":23.452228546142578,""frame_yaw"":-0.386416494846344,""pitch_speed"":0.0,""yaw_speed"":0.0}",-1.4407445
28570002234100,target_offset,423,"{""x_angle_offset"":-0.1875,""y_angle_offset"":0.10873242130985966}",-1.4130321
28570015627200,fov,2502,"{""zoom"":1.0,""hfov"":90.0,""vfov"":58.71550750732422,""state"":0,""max_aov_h"":90.0,""max_aov_v"":58.71550750732422,""min_aov_h"":1.40625,""min_aov_v"":0.7910428047180176,""max_zoom"":64.0}",-1.399639
28570016051500,gimbal,2502,"{""imu_roll"":0.0,""imu_pitch"":23.496685028076172,""imu_yaw"":-0.46446162462234497,""frame_roll"":0.0,""frame_pitch"":23.496685028076172,""frame_yaw"":-0.46446162462234497,""pitch_speed"":0.0,""yaw_speed"":0.0}",-1.3992147
28570027469800,attitude,1135,"{""message_type"":""ATTITUDE"",""time_boot_ms"":118870,""roll"":-0.026517000049352646,""pitch"":0.08544053137302399,""yaw"":-3.1000208854675293,""rollspeed"":0.01976722665131092,""pitchspeed"":-0.00717896968126297,""yawspeed"":-0.004071456845849752}",-1.3877964
28570045083300,target_offset,424,"{""x_angle_offset"":-0.1875,""y_angle_offset"":0.10873242130985966}",-1.3701829
28570049304900,range,1159,"{""message_type"":""GLOBAL_VISION_POSITION_ESTIMATE"",""x"":46.94778823852539,""y"":39.3487434387207}",-1.3659613
28570049394900,range,1160,"{""message_type"":""GLOBAL_VISION_POSITION_ESTIMATE"",""x"":46.94778823852539,""y"":39.3487434387207}",-1.3658713
28570061425200,fov,2503,"{""zoom"":1.0,""hfov"":90.0,""vfov"":58.71550750732422,""state"":0,""max_aov_h"":90.0,""max_aov_v"":58.71550750732422,""min_aov_h"":1.40625,""min_aov_v"":0.7910428047180176,""max_zoom"":64.0}",-1.353841
28570061793800,gimbal,2503,"{""imu_roll"":0.0,""imu_pitch"":23.54193878173828,""imu_yaw"":-0.5393800139427185,""frame_roll"":0.0,""frame_pitch"":23.54193878173828,""frame_yaw"":-0.5393800139427185,""pitch_speed"":0.0,""yaw_speed"":0.0}",-1.3534724
28570068748100,position,570,"{""message_type"":""GLOBAL_POSITION_INT"",""lat"":469522482,""lon"":393490482}",-1.3465181
28570068954700,attitude,1136,"{""message_type"":""ATTITUDE"",""time_boot_ms"":118910,""roll"":-0.025457927957177162,""pitch"":0.0851760059595108,""yaw"":-3.100248336791992,""rollspeed"":0.02889852784574032,""pitchspeed"":-0.007639940828084946,""yawspeed"":-0.0035016946494579315}",-1.3463115
28570069028200,vfr,570,"{""message_type"":""VFR_HUD"",""airspeed"":30.29229164123535,""alt"":205.58999633789062}",-1.346238
28570089697800,target_offset,425,"{""x_angle_offset"":-0.09375,""y_angle_offset"":0.10873242130985966}",-1.3255684
28570106388800,fov,2504,"{""zoom"":1.0,""hfov"":90.0,""vfov"":58.71550750732422,""state"":0,""max_aov_h"":90.0,""max_aov_v"":58.71550750732422,""min_aov_h"":1.40625,""min_aov_v"":0.7910428047180176,""max_zoom"":64.0}",-1.3088774
28570106688600,gimbal,2504,"{""imu_roll"":0.0,""imu_pitch"":23.58718490600586,""imu_yaw"":-0.5726662278175354,""frame_roll"":0.0,""frame_pitch"":23.58718490600586,""frame_yaw"":-0.5726662278175354,""pitch_speed"":0.0,""yaw_speed"":0.0}",-1.3085776
28570135190900,attitude,1137,"{""message_type"":""ATTITUDE"",""time_boot_ms"":118970,""roll"":-0.023320479318499565,""pitch"":0.08478321135044098,""yaw"":-3.1005539894104004,""rollspeed"":0.038875676691532135,""pitchspeed"":-0.007434759754687548,""yawspeed"":-0.0026027346029877663}",-1.2800753
28570136136100,target_offset,426,"{""x_angle_offset"":-0.09375,""y_angle_offset"":0.10873242130985966}",-1.2791301
28570149205700,fov,2505,"{""zoom"":1.0,""hfov"":90.0,""vfov"":58.71550750732422,""state"":0,""max_aov_h"":90.0,""max_aov_v"":58.71550750732422,""min_aov_h"":1.40625,""min_aov_v"":0.7910428047180176,""max_zoom"":64.0}",-1.2660605
28570149430600,gimbal,2505,"{""imu_roll"":0.0,""imu_pitch"":23.629776000976562,""imu_yaw"":-0.609607458114624,""frame_roll"":0.0,""frame_pitch"":23.629776000976562,""frame_yaw"":-0.609607458114624,""pitch_speed"":0.0,""yaw_speed"":0.0}",-1.2658356
28570171097000,vfr,571,"{""message_type"":""VFR_HUD"",""airspeed"":30.33027458190918,""alt"":205.6599884033203}",-1.2441692
28570171274300,position,571,"{""message_type"":""GLOBAL_POSITION_INT"",""lat"":469522482,""lon"":393490482}",-1.2439919
28570171606000,attitude,1138,"{""message_type"":""ATTITUDE"",""time_boot_ms"":119010,""roll"":-0.021650636568665504,""pitch"":0.08451788872480392,""yaw"":-3.100750207901001,""rollspeed"":0.04291244596242905,""pitchspeed"":-0.007589037995785475,""yawspeed"":-0.002070941962301731}",-1.2436602
28570176354000,target_offset,427,"{""x_angle_offset"":0.0,""y_angle_offset"":0.10873242130985966}",-1.2389122
28570195294000,fov,2506,"{""zoom"":1.0,""hfov"":90.0,""vfov"":58.71550750732422,""state"":0,""max_aov_h"":90.0,""max_aov_v"":58.71550750732422,""min_aov_h"":1.40625,""min_aov_v"":0.7910428047180176,""max_zoom"":64.0}",-1.2199722
28570196236700,gimbal,2506,"{""imu_roll"":0.0,""imu_pitch"":23.67509651184082,""imu_yaw"":-0.6026351451873779,""frame_roll"":0.0,""frame_pitch"":23.67509651184082,""frame_yaw"":-0.6026351451873779,""pitch_speed"":0.0,""yaw_speed"":0.0}",-1.2190295
28570218023400,range,1161,"{""message_type"":""GLOBAL_VISION_POSITION_ESTIMATE"",""x"":46.94778823852539,""y"":39.348785400390625}",-1.1972428
28570224698200,target_offset,428,"{""x_angle_offset"":0.09375,""y_angle_offset"":0.10873242130985966}",-1.190568
28570235369900,range,1162,"{""message_type"":""GLOBAL_VISION_POSITION_ESTIMATE"",""x"":46.94778823852539,""y"":39.348785400390625}",-1.1798963
28570235762500,attitude,1139,"{""message_type"":""ATTITUDE"",""time_boot_ms"":119070,""roll"":-0.018935153260827065,""pitch"":0.08409792184829712,""yaw"":-3.1010167598724365,""rollspeed"":0.043127499520778656,""pitchspeed"":-0.007263992913067341,""yawspeed"":-0.0016030967235565186}",-1.1795037
28570237337000,fov,2507,"{""zoom"":1.0,""hfov"":90.0,""vfov"":58.71550750732422,""state"":0,""max_aov_h"":90.0,""max_aov_v"":58.71550750732422,""min_aov_h"":1.40625,""min_aov_v"":0.7910428047180176,""max_zoom"":64.0}",-1.1779292
28570237601500,gimbal,2507,"{""imu_roll"":0.0,""imu_pitch"":23.719018936157227,""imu_yaw"":-0.5602482557296753,""frame_roll"":0.0,""frame_pitch"":23.719018936157227,""frame_yaw"":-0.5602482557296753,""pitch_speed"":0.0,""yaw_speed"":0.0}",-1.1776647
28570266842700,target_offset,429,"{""x_angle_offset"":0.09375,""y_angle_offset"":0.10873242130985966}",-1.1484235
28570273804500,position,572,"{""message_type"":""GLOBAL_POSITION_INT"",""lat"":469521879,""lon"":393490449}",-1.1414617
28570274017200,attitude,1140,"{""message_type"":""ATTITUDE"",""time_boot_ms"":119110,""roll"":-0.017225775867700577,""pitch"":0.08382115513086319,""yaw"":-3.1011998653411865,""rollspeed"":0.03897077590227127,""pitchspeed"":-0.006990124471485615,""yawspeed"":-0.0016378010623157024}",-1.141249
28570274139700,vfr,572,"{""message_type"":""VFR_HUD"",""airspeed"":30.385549545288086,""alt"":205.70999145507812}",-1.1411265
28570281941800,fov,2508,"{""zoom"":1.0,""hfov"":90.0,""vfov"":58.71550750732422,""state"":0,""max_aov_h"":90.0,""max_aov_v"":58.71550750732422,""min_aov_h"":1.40625,""min_aov_v"":0.7910428047180176,""max_zoom"":64.0}",-1.1333244
28570282445700,gimbal,2508,"{""imu_roll"":0.0,""imu_pitch"":23.761940002441406,""imu_yaw"":-0.518243134021759,""frame_roll"":0.0,""frame_pitch"":23.761940002441406,""frame_yaw"":-0.518243134021759,""pitch_speed"":0.0,""yaw_speed"":0.0}",-1.1328205
28570312858700,target_offset,430,"{""x_angle_offset"":0.1875,""y_angle_offset"":0.10873242130985966}",-1.1024075
28570322921400,fov,2509,"{""zoom"":1.0,""hfov"":90.0,""vfov"":58.71550750732422,""state"":0,""max_aov_h"":90.0,""max_aov_v"":58.71550750732422,""min_aov_h"":1.40625,""min_aov_v"":0.7910428047180176,""max_zoom"":64.0}",-1.0923448
28570323242100,gimbal,2509,"{""imu_roll"":0.0,""imu_pitch"":23.80449867248535,""imu_yaw"":-0.43862682580947876,""frame_roll"":0.0,""frame_pitch"":23.80449867248535,""frame_yaw"":-0.43862682580947876,""pitch_speed"":0.0,""yaw_speed"":0.0}",-1.0920241
28570338646300,attitude,1141,"{""message_type"":""ATTITUDE"",""time_boot_ms"":119170,""roll"":-0.01527779083698988,""pitch"":0.0834437757730484,""yaw"":-3.101491689682007,""rollspeed"":0.02471712790429592,""pitchspeed"":-0.006169924046844244,""yawspeed"":-0.0022373474203050137}",-1.0766199
28570351523500,target_offset,431,"{""x_angle_offset"":0.1875,""y_angle_offset"":0.10873242130985966}",-1.0637427
28570364715400,fov,2510,"{""zoom"":1.0,""hfov"":90.0,""vfov"":58.71550750732422,""state"":0,""max_aov_h"":90.0,""max_aov_v"":58.71550750732422,""min_aov_h"":1.40625,""min_aov_v"":0.7910428047180176,""max_zoom"":64.0}",-1.0505508
28570365154000,gimbal,2510,"{""imu_roll"":0.0,""imu_pitch"":23.84678840637207,""imu_yaw"":-0.356666624546051,""frame_roll"":0.0,""frame_pitch"":23.84678840637207,""frame_yaw"":-0.356666624546051,""pitch_speed"":0.0,""yaw_speed"":0.0}",-1.0501122
28570372926800,range,1163,"{""message_type"":""GLOBAL_VISION_POSITION_ESTIMATE"",""x"":46.947731018066406,""y"":39.34878158569336}",-1.0423394
28570383533600,range,1164,"{""message_type"":""GLOBAL_VISION_POSITION_ESTIMATE"",""x"":46.947731018066406,""y"":39.34878158569336}",-1.0317326
28570383739300,vfr,573,"{""message_type"":""VFR_HUD"",""airspeed"":30.424184799194336,""alt"":205.75999450683594}",-1.0315269
28570384080000,attitude,1142,"{""message_type"":""ATTITUDE"",""time_boot_ms"":119210,""roll"":-0.014621002599596977,""pitch"":0.0832044705748558,""yaw"":-3.101722478866577,""rollspeed"":0.010638505220413208,""pitchspeed"":-0.006060376297682524,""yawspeed"":-0.0029852085281163454}",-1.0311862
28570384196600,position,573,"{""message_type"":""GLOBAL_POSITION_INT"",""lat"":469521879,""lon"":393490449}",-1.0310696
28570394673500,target_offset,432,"{""x_angle_offset"":0.1875,""y_angle_offset"":0.10873242130985966}",-1.0205927
28570405508300,gimbal,2511,"{""imu_roll"":0.0,""imu_pitch"":23.889108657836914,""imu_yaw"":-0.2728595435619354,""frame_roll"":0.0,""frame_pitch"":23.889108657836914,""frame_yaw"":-0.2728595435619354,""pitch_speed"":0.0,""yaw_speed"":0.0}",-1.0097579
28570405866600,fov,2511,"{""zoom"":1.0,""hfov"":90.0,""vfov"":58.71550750732422,""state"":0,""max_aov_h"":90.0,""max_aov_v"":58.71550750732422,""min_aov_h"":1.40625,""min_aov_v"":0.7910428047180176,""max_zoom"":64.0}",-1.0093996
28570432394500,target_offset,433,"{""x_angle_offset"":0.1875,""y_angle_offset"":0.10873242130985966}",-0.9828717
28570443056700,fov,2512,"{""zoom"":1.0,""hfov"":90.0,""vfov"":58.71550750732422,""state"":0,""max_aov_h"":90.0,""max_aov_v"":58.71550750732422,""min_aov_h"":1.40625,""min_aov_v"":0.7910428047180176,""max_zoom"":64.0}",-0.9722095
28570443347500,gimbal,2512,"{""imu_roll"":0.0,""imu_pitch"":23.927799224853516,""imu_yaw"":-0.19528424739837646,""frame_roll"":0.0,""frame_pitch"":23.927799224853516,""frame_yaw"":-0.19528424739837646,""pitch_speed"":0.0,""yaw_speed"":0.0}",-0.9719187
28570447902200,attitude,1143,"{""message_type"":""ATTITUDE"",""time_boot_ms"":119270,""roll"":-0.01483636163175106,""pitch"":0.0827498584985733,""yaw"":-3.1021170616149902,""rollspeed"":-0.01395774632692337,""pitchspeed"":-0.00584243331104517,""yawspeed"":-0.004488252568989992}",-0.967364
28570473051600,target_offset,434,"{""x_angle_offset"":0.1875,""y_angle_offset"":0.0}",-0.9422146
28570485451200,fov,2513,"{""zoom"":1.0,""hfov"":90.0,""vfov"":58.71550750732422,""state"":0,""max_aov_h"":90.0,""max_aov_v"":58.71550750732422,""min_aov_h"":1.40625,""min_aov_v"":0.7910428047180176,""max_zoom"":64.0}",-0.929815
28570485730700,gimbal,2513,"{""imu_roll"":0.0,""imu_pitch"":23.918291091918945,""imu_yaw"":-0.10599047690629959,""frame_roll"":0.0,""frame_pitch"":23.918291091918945,""frame_yaw"":-0.10599047690629959,""pitch_speed"":0.0,""yaw_speed"":0.0}",-0.9295355
28570491544100,position,574,"{""message_type"":""GLOBAL_POSITION_INT"",""lat"":469521269,""lon"":393490417}",-0.9237221
28570491875900,attitude,1144,"{""message_type"":""ATTITUDE"",""time_boot_ms"":119310,""roll"":-0.015817968174815178,""pitch"":0.0823105126619339,""yaw"":-3.1024203300476074,""rollspeed"":-0.03034280054271221,""pitchspeed"":-0.0056215315125882626,""yawspeed"":-0.005650095641613007}",-0.9233903
28570491979400,vfr,574,"{""message_type"":""VFR_HUD"",""airspeed"":30.479829788208008,""alt"":205.80999755859375}",-0.9232868
28570514821900,range,1165,"{""message_type"":""GLOBAL_VISION_POSITION_ESTIMATE"",""x"":46.94766616821289,""y"":39.34876251220703}",-0.9004443
28570515777300,target_offset,435,"{""x_angle_offset"":0.1875,""y_angle_offset"":0.0}",-0.8994889
28570526260800,fov,2514,"{""zoom"":1.0,""hfov"":90.0,""vfov"":58.71550750732422,""state"":0,""max_aov_h"":90.0,""max_aov_v"":58.71550750732422,""min_aov_h"":1.40625,""min_aov_v"":0.7910428047180176,""max_zoom"":64.0}",-0.8890054
28570526603500,gimbal,2514,"{""imu_roll"":0.0,""imu_pitch"":23.913522720336914,""imu_yaw"":-0.03410729020833969,""frame_roll"":0.0,""frame_pitch"":23.913522720336914,""frame_yaw"":-0.03410729020833969,""pitch_speed"":0.0,""yaw_speed"":0.0}",-0.8886627
28570532227500,range,1166,"{""message_type"":""GLOBAL_VISION_POSITION_ESTIMATE"",""x"":46.94766616821289,""y"":39.34876251220703}",-0.8830387
28570554472400,attitude,1145,"{""message_type"":""ATTITUDE"",""time_boot_ms"":119370,""roll"":-0.01840428076684475,""pitch"":0.08167344331741333,""yaw"":-3.1029415130615234,""rollspeed"":-0.051458634436130524,""pitchspeed"":-0.005139266140758991,""yawspeed"":-0.0076020993292331696}",-0.8607938
28570556172300,target_offset,436,"{""x_angle_offset"":0.09375,""y_angle_offset"":0.0}",-0.8590939
28570568507700,fov,2515,"{""zoom"":1.0,""hfov"":90.0,""vfov"":58.71550750732422,""state"":0,""max_aov_h"":90.0,""max_aov_v"":58.71550750732422,""min_aov_h"":1.40625,""min_aov_v"":0.7910428047180176,""max_zoom"":64.0}",-0.8467585
28570568905400,gimbal,2515,"{""imu_roll"":0.0,""imu_pitch"":23.910579681396484,""imu_yaw"":0.0018106251955032349,""frame_roll"":0.0,""frame_pitch"":23.910579681396484,""frame_yaw"":0.0018106251955032349,""pitch_speed"":0.0,""yaw_speed"":0.0}",-0.8463608
28570606297800,target_offset,437,"{""x_angle_offset"":0.0,""y_angle_offset"":0.0}",-0.8089684
28570610929900,vfr,575,"{""message_type"":""VFR_HUD"",""airspeed"":30.518720626831055,""alt"":205.86000061035156}",-0.8043363
28570611149700,position,575,"{""message_type"":""GLOBAL_POSITION_INT"",""lat"":469521269,""lon"":393490417}",-0.8041165
28570611736000,attitude,1146,"{""message_type"":""ATTITUDE"",""time_boot_ms"":119410,""roll"":-0.020743777975440025,""pitch"":0.08126888424158096,""yaw"":-3.103320598602295,""rollspeed"":-0.0628865659236908,""pitchspeed"":-0.004608501680195332,""yawspeed"":-0.008810855448246002}",-0.8035302
28570628897100,fov,2516,"{""zoom"":1.0,""hfov"":90.0,""vfov"":58.71550750732422,""state"":0,""max_aov_h"":90.0,""max_aov_v"":58.71550750732422,""min_aov_h"":1.40625,""min_aov_v"":0.7910428047180176,""max_zoom"":64.0}",-0.7863691
28570629202800,gimbal,2516,"{""imu_roll"":0.0,""imu_pitch"":23.907983779907227,""imu_yaw"":0.012053252197802067,""frame_roll"":0.0,""frame_pitch"":23.907983779907227,""frame_yaw"":0.012053252197802067,""pitch_speed"":0.0,""yaw_speed"":0.0}",-0.7860634
28570656495800,target_offset,438,"{""x_angle_offset"":0.0,""y_angle_offset"":0.10873242130985966}",-0.7587704
28570665796000,fov,2517,"{""zoom"":1.0,""hfov"":90.0,""vfov"":58.71550750732422,""state"":0,""max_aov_h"":90.0,""max_aov_v"":58.71550750732422,""min_aov_h"":1.40625,""min_aov_v"":0.7910428047180176,""max_zoom"":64.0}",-0.7494702
28570666076200,gimbal,2517,"{""imu_roll"":0.0,""imu_pitch"":23.949913024902344,""imu_yaw"":0.013367235660552979,""frame_roll"":0.0,""frame_pitch"":23.949913024902344,""frame_yaw"":0.013367235660552979,""pitch_speed"":0.0,""yaw_speed"":0.0}",-0.74919
28570669990300,attitude,1147,"{""message_type"":""ATTITUDE"",""time_boot_ms"":119470,""roll"":-0.024875998497009277,""pitch"":0.08071349561214447,""yaw"":-3.103947877883911,""rollspeed"":-0.07363853603601456,""pitchspeed"":-0.003522570477798581,""yawspeed"":-0.01031859964132309}",-0.7452759
28570670191400,range,1167,"{""message_type"":""GLOBAL_VISION_POSITION_ESTIMATE"",""x"":46.94766616821289,""y"":39.34873962402344}",-0.7450748
28570690374900,range,1168,"{""message_type"":""GLOBAL_VISION_POSITION_ESTIMATE"",""x"":46.94766616821289,""y"":39.34873962402344}",-0.7248913
28570694691700,target_offset,439,"{""x_angle_offset"":-0.09375,""y_angle_offset"":0.10873242130985966}",-0.7205745
28570706695300,vfr,576,"{""message_type"":""VFR_HUD"",""airspeed"":30.57445526123047,""alt"":205.89999389648438}",-0.7085709
28570706804400,position,576,"{""message_type"":""GLOBAL_POSITION_INT"",""lat"":469520661,""lon"":393490389}",-0.7084618
28570706984700,attitude,1148,"{""message_type"":""ATTITUDE"",""time_boot_ms"":119510,""roll"":-0.02794848196208477,""pitch"":0.08057352155447006,""yaw"":-3.1043994426727295,""rollspeed"":-0.07526367902755737,""pitchspeed"":-0.0027330322191119194,""yawspeed"":-0.011089819483458996}",-0.7082815
28570710239000,fov,2518,"{""zoom"":1.0,""hfov"":90.0,""vfov"":58.71550750732422,""state"":0,""max_aov_h"":90.0,""max_aov_v"":58.71550750732422,""min_aov_h"":1.40625,""min_aov_v"":0.7910428047180176,""max_zoom"":64.0}",-0.7050272
28570710585700,gimbal,2518,"{""imu_roll"":0.0,""imu_pitch"":23.989063262939453,""imu_yaw"":-0.011504901573061943,""frame_roll"":0.0,""frame_pitch"":23.989063262939453,""frame_yaw"":-0.011504901573061943,""pitch_speed"":0.0,""yaw_speed"":0.0}",-0.7046805
28570739424800,target_offset,440,"{""x_angle_offset"":-0.09375,""y_angle_offset"":0.21746484261971932}",-0.6758414
28570748119600,fov,2519,"{""zoom"":1.0,""hfov"":90.0,""vfov"":58.71550750732422,""state"":0,""max_aov_h"":90.0,""max_aov_v"":58.71550750732422,""min_aov_h"":1.40625,""min_aov_v"":0.7910428047180176,""max_zoom"":64.0}",-0.6671466
28570748329800,gimbal,2519,"{""imu_roll"":0.0,""imu_pitch"":24.065141677856445,""imu_yaw"":-0.03381427749991417,""frame_roll"":0.0,""frame_pitch"":24.065141677856445,""frame_yaw"":-0.03381427749991417,""pitch_speed"":0.0,""yaw_speed"":0.0}",-0.6669364
28570773914800,target_offset,441,"{""x_angle_offset"":-0.1875,""y_angle_offset"":0.21746484261971932}",-0.6413514
28570778875200,attitude,1149,"{""message_type"":""ATTITUDE"",""time_boot_ms"":119570,""roll"":-0.03227425739169121,""pitch"":0.08041839301586151,""yaw"":-3.1051011085510254,""rollspeed"":-0.06681729853153229,""pitchspeed"":-0.0016369494842365384,""yawspeed"":-0.011666894890367985}",-0.636391
28570790161200,fov,2520,"{""zoom"":1.0,""hfov"":90.0,""vfov"":58.71550750732422,""state"":0,""max_aov_h"":90.0,""max_aov_v"":58.71550750732422,""min_aov_h"":1.40625,""min_aov_v"":0.7910428047180176,""max_zoom"":64.0}",-0.625105
28570790432000,gimbal,2520,"{""imu_roll"":0.0,""imu_pitch"":24.157718658447266,""imu_yaw"":-0.10597029328346252,""frame_roll"":0.0,""frame_pitch"":24.157718658447266,""frame_yaw"":-0.10597029328346252,""pitch_speed"":0.0,""yaw_speed"":0.0}",-0.6248342
28570813075300,range,1169,"{""message_type"":""GLOBAL_VISION_POSITION_ESTIMATE"",""x"":46.94841766357422,""y"":39.348777770996094}",-0.6021909
28570819295500,attitude,1150,"{""message_type"":""ATTITUDE"",""time_boot_ms"":119610,""roll"":-0.034663837403059006,""pitch"":0.08033576607704163,""yaw"":-3.1055617332458496,""rollspeed"":-0.055364735424518585,""pitchspeed"":-0.0013308872003108263,""yawspeed"":-0.011547527275979519}",-0.5959707
28570819457400,vfr,577,"{""message_type"":""VFR_HUD"",""airspeed"":30.61341094970703,""alt"":205.9499969482422}",-0.5958088
28570819587400,range,1170,"{""message_type"":""GLOBAL_VISION_POSITION_ESTIMATE"",""x"":46.94841766357422,""y"":39.348777770996094}",-0.5956788
28570819695100,position,577,"{""message_type"":""GLOBAL_POSITION_INT"",""lat"":469520661,""lon"":393490389}",-0.5955711
28570821891700,target_offset,442,"{""x_angle_offset"":-0.1875,""y_angle_offset"":0.21746484261971932}",-0.5933745
28570834603800,fov,2521,"{""zoom"":1.0,""hfov"":90.0,""vfov"":58.71550750732422,""state"":0,""max_aov_h"":90.0,""max_aov_v"":58.71550750732422,""min_aov_h"":1.40625,""min_aov_v"":0.7910428047180176,""max_zoom"":64.0}",-0.5806624
28570834938800,gimbal,2521,"{""imu_roll"":0.0,""imu_pitch"":24.24974822998047,""imu_yaw"":-0.17431214451789856,""frame_roll"":0.0,""frame_pitch"":24.24974822998047,""frame_yaw"":-0.17431214451789856,""pitch_speed"":0.0,""yaw_speed"":0.0}",-0.5803274
28570863538400,target_offset,443,"{""x_angle_offset"":-0.28125,""y_angle_offset"":0.21746484261971932}",-0.5517278
28570875854400,attitude,1151,"{""message_type"":""ATTITUDE"",""time_boot_ms"":119670,""roll"":-0.03716234490275383,""pitch"":0.08023366332054138,""yaw"":-3.1062402725219727,""rollspeed"":-0.031838465481996536,""pitchspeed"":-0.000953598995693028,""yawspeed"":-0.010948047041893005}",-0.5394118
28570879981700,gimbal,2522,"{""imu_roll"":0.0,""imu_pitch"":24.343448638916016,""imu_yaw"":-0.2841620445251465,""frame_roll"":0.0,""frame_pitch"":24.343448638916016,""frame_yaw"":-0.2841620445251465,""pitch_speed"":0.0,""yaw_speed"":0.0}",-0.5352845
28570880537500,fov,2522,"{""zoom"":1.0,""hfov"":90.0,""vfov"":58.71550750732422,""state"":0,""max_aov_h"":90.0,""max_aov_v"":58.71550750732422,""min_aov_h"":1.40625,""min_aov_v"":0.7910428047180176,""max_zoom"":64.0}",-0.5347287
28570908859000,target_offset,444,"{""x_angle_offset"":-0.28125,""y_angle_offset"":0.21746484261971932}",-0.5064072
28570918998400,attitude,1152,"{""message_type"":""ATTITUDE"",""time_boot_ms"":119710,""roll"":-0.037918541580438614,""pitch"":0.08018650859594345,""yaw"":-3.1066713333129883,""rollspeed"":-0.012633362784981728,""pitchspeed"":-0.0007648091996088624,""yawspeed"":-0.01012006588280201}",-0.4962678
28570919135600,vfr,578,"{""message_type"":""VFR_HUD"",""airspeed"":30.669214248657227,""alt"":205.989990234375}",-0.4961306
28570919211300,position,578,"{""message_type"":""GLOBAL_POSITION_INT"",""lat"":469520051,""lon"":393490365}",-0.4960549
28570921178900,fov,2523,"{""zoom"":1.0,""hfov"":90.0,""vfov"":58.71550750732422,""state"":0,""max_aov_h"":90.0,""max_aov_v"":58.71550750732422,""min_aov_h"":1.40625,""min_aov_v"":0.7910428047180176,""max_zoom"":64.0}",-0.4940873
28570921447700,gimbal,2523,"{""imu_roll"":0.0,""imu_pitch"":24.426841735839844,""imu_yaw"":-0.3875533938407898,""frame_roll"":0.0,""frame_pitch"":24.426841735839844,""frame_yaw"":-0.3875533938407898,""pitch_speed"":0.0,""yaw_speed"":0.0}",-0.4938185
28570949836400,target_offset,445,"{""x_angle_offset"":-0.28125,""y_angle_offset"":0.21746484261971932}",-0.4654298
28570963728500,range,1171,"{""message_type"":""GLOBAL_VISION_POSITION_ESTIMATE"",""x"":46.94835662841797,""y"":39.348793029785156}",-0.4515377
28570967196600,fov,2524,"{""zoom"":1.0,""hfov"":90.0,""vfov"":58.71550750732422,""state"":0,""max_aov_h"":90.0,""max_aov_v"":58.71550750732422,""min_aov_h"":1.40625,""min_aov_v"":0.7910428047180176,""max_zoom"":64.0}",-0.4480696
28570967642600,gimbal,2524,"{""imu_roll"":0.0,""imu_pitch"":24.518388748168945,""imu_yaw"":-0.5003141760826111,""frame_roll"":0.0,""frame_pitch"":24.518388748168945,""frame_yaw"":-0.5003141760826111,""pitch_speed"":0.0,""yaw_speed"":0.0}",-0.4476236
28570975204500,range,1172,"{""message_type"":""GLOBAL_VISION_POSITION_ESTIMATE"",""x"":46.94835662841797,""y"":39.348793029785156}",-0.4400617
28570975394900,attitude,1153,"{""message_type"":""ATTITUDE"",""time_boot_ms"":119770,""roll"":-0.0375160314142704,""pitch"":0.08014313876628876,""yaw"":-3.1072659492492676,""rollspeed"":0.01887761801481247,""pitchspeed"":-0.0007456938037648797,""yawspeed"":-0.008422179147601128}",-0.4398713
28570996906600,target_offset,446,"{""x_angle_offset"":-0.1875,""y_angle_offset"":0.21746484261971932}",-0.4183596
28571012522300,gimbal,2525,"{""imu_roll"":0.0,""imu_pitch"":24.608543395996094,""imu_yaw"":-0.575513482093811,""frame_roll"":0.0,""frame_pitch"":24.608543395996094,""frame_yaw"":-0.575513482093811,""pitch_speed"":0.0,""yaw_speed"":0.0}",-0.4027439
28571013070600,fov,2525,"{""zoom"":1.0,""hfov"":90.0,""vfov"":58.71550750732422,""state"":0,""max_aov_h"":90.0,""max_aov_v"":58.71550750732422,""min_aov_h"":1.40625,""min_aov_v"":0.7910428047180176,""max_zoom"":64.0}",-0.4021956
28571017868500,position,579,"{""message_type"":""GLOBAL_POSITION_INT"",""lat"":469520051,""lon"":393490365}",-0.3973977
28571018106800,attitude,1154,"{""message_type"":""ATTITUDE"",""time_boot_ms"":119810,""roll"":-0.0361800491809845,""pitch"":0.08010518550872803,""yaw"":-3.107631206512451,""rollspeed"":0.04015659540891647,""pitchspeed"":-0.0010336821433156729,""yawspeed"":-0.007140519097447395}",-0.3971594
28571018185600,vfr,579,"{""message_type"":""VFR_HUD"",""airspeed"":30.708215713500977,""alt"":206.02999877929688}",-0.3970806
28571040711200,target_offset,447,"{""x_angle_offset"":-0.1875,""y_angle_offset"":0.21746484261971932}",-0.374555
28571054435800,fov,2526,"{""zoom"":1.0,""hfov"":90.0,""vfov"":58.71550750732422,""state"":0,""max_aov_h"":90.0,""max_aov_v"":58.71550750732422,""min_aov_h"":1.40625,""min_aov_v"":0.7910428047180176,""max_zoom"":64.0}",-0.3608304
28571054885100,gimbal,2526,"{""imu_roll"":0.0,""imu_pitch"":24.696184158325195,""imu_yaw"":-0.6466935873031616,""frame_roll"":0.0,""frame_pitch"":24.696184158325195,""frame_yaw"":-0.6466935873031616,""pitch_speed"":0.0,""yaw_speed"":0.0}",-0.3603811
28571073512100,attitude,1155,"{""message_type"":""ATTITUDE"",""time_boot_ms"":119870,""roll"":-0.032740574330091476,""pitch"":0.08002837002277374,""yaw"":-3.1081042289733887,""rollspeed"":0.06755144894123077,""pitchspeed"":-0.0015098220901563764,""yawspeed"":-0.005156257189810276}",-0.3417541
28571084181200,target_offset,448,"{""x_angle_offset"":-0.09375,""y_angle_offset"":0.10873242130985966}",-0.331085
28571101682700,fov,2527,"{""zoom"":1.0,""hfov"":90.0,""vfov"":58.71550750732422,""state"":0,""max_aov_h"":90.0,""max_aov_v"":58.71550750732422,""min_aov_h"":1.40625,""min_aov_v"":0.7910428047180176,""max_zoom"":64.0}",-0.3135835
28571101988700,gimbal,2527,"{""imu_roll"":0.0,""imu_pitch"":24.736907958984375,""imu_yaw"":-0.6795629262924194,""frame_roll"":0.0,""frame_pitch"":24.736907958984375,""frame_yaw"":-0.6795629262924194,""pitch_speed"":0.0,""yaw_speed"":0.0}",-0.3132775
28571113448900,position,580,"{""message_type"":""GLOBAL_POSITION_INT"",""lat"":469519439,""lon"":393490340}",-0.3018173
28571113649400,attitude,1156,"{""message_type"":""ATTITUDE"",""time_boot_ms"":119910,""roll"":-0.029629526659846306,""pitch"":0.0799572542309761,""yaw"":-3.108391523361206,""rollspeed"":0.08288305252790451,""pitchspeed"":-0.0020137769170105457,""yawspeed"":-0.0037771929055452347}",-0.3016168
28571113725000,vfr,580,"{""message_type"":""VFR_HUD"",""airspeed"":30.763853073120117,""alt"":206.0699920654297}",-0.3015412
28571131354500,target_offset,449,"{""x_angle_offset"":0.0,""y_angle_offset"":0.10873242130985966}",-0.2839117
28571134691200,range,1173,"{""message_type"":""GLOBAL_VISION_POSITION_ESTIMATE"",""x"":46.94830322265625,""y"":39.34885025024414}",-0.280575
28571143421600,fov,2528,"{""zoom"":1.0,""hfov"":90.0,""vfov"":58.71550750732422,""state"":0,""max_aov_h"":90.0,""max_aov_v"":58.71550750732422,""min_aov_h"":1.40625,""min_aov_v"":0.7910428047180176,""max_zoom"":64.0}",-0.2718446
28571143718200,gimbal,2528,"{""imu_roll"":0.0,""imu_pitch"":24.776275634765625,""imu_yaw"":-0.6698620915412903,""frame_roll"":0.0,""frame_pitch"":24.776275634765625,""frame_yaw"":-0.6698620915412903,""pitch_speed"":0.0,""yaw_speed"":0.0}",-0.271548
28571153299300,range,1174,"{""message_type"":""GLOBAL_VISION_POSITION_ESTIMATE"",""x"":46.94830322265625,""y"":39.34885025024414}",-0.2619669
28571173847000,target_offset,450,"{""x_angle_offset"":0.28125,""y_angle_offset"":0.10873242130985966}",-0.2414192
28571178702900,attitude,1157,"{""message_type"":""ATTITUDE"",""time_boot_ms"":119970,""roll"":-0.023850195109844208,""pitch"":0.0798255205154419,""yaw"":-3.1087381839752197,""rollspeed"":0.09889505058526993,""pitchspeed"":-0.0024546480271965265,""yawspeed"":-0.002007318427786231}",-0.2365633
28571187608700,fov,2529,"{""zoom"":1.0,""hfov"":90.0,""vfov"":58.71550750732422,""state"":0,""max_aov_h"":90.0,""max_aov_v"":58.71550750732422,""min_aov_h"":1.40625,""min_aov_v"":0.7910428047180176,""max_zoom"":64.0}",-0.2276575
28571187899400,gimbal,2529,"{""imu_roll"":0.0,""imu_pitch"":24.819080352783203,""imu_yaw"":-0.5391249656677246,""frame_roll"":0.0,""frame_pitch"":24.819080352783203,""frame_yaw"":-0.5391249656677246,""pitch_speed"":0.0,""yaw_speed"":0.0}",-0.2273668
28571219144800,target_offset,451,"{""x_angle_offset"":0.28125,""y_angle_offset"":0.10873242130985966}",-0.1961214
28571222045000,vfr,581,"{""message_type"":""VFR_HUD"",""airspeed"":30.8027400970459,""alt"":206.11000061035156}",-0.1932212
28571222142100,position,581,"{""message_type"":""GLOBAL_POSITION_INT"",""lat"":469519439,""lon"":393490340}",-0.1931241
28571222296600,attitude,1158,"{""message_type"":""ATTITUDE"",""time_boot_ms"":120010,""roll"":-0.019659513607621193,""pitch"":0.07972877472639084,""yaw"":-3.1089553833007812,""rollspeed"":0.10371541231870651,""pitchspeed"":-0.0026283087208867073,""yawspeed"":-0.001083945157006383}",-0.1929696
28571230807200,fov,2530,"{""zoom"":1.0,""hfov"":90.0,""vfov"":58.71550750732422,""state"":0,""max_aov_h"":90.0,""max_aov_v"":58.71550750732422,""min_aov_h"":1.40625,""min_aov_v"":0.7910428047180176,""max_zoom"":64.0}",-0.184459
28571231103500,gimbal,2530,"{""imu_roll"":0.0,""imu_pitch"":24.8608341217041,""imu_yaw"":-0.4134344756603241,""frame_roll"":0.0,""frame_pitch"":24.8608341217041,""frame_yaw"":-0.4134344756603241,""pitch_speed"":0.0,""yaw_speed"":0.0}",-0.1841627
28571258831900,target_offset,452,"{""x_angle_offset"":0.28125,""y_angle_offset"":0.10873242130985966}",-0.1564343
28571275155700,attitude,1159,"{""message_type"":""ATTITUDE"",""time_boot_ms"":120070,""roll"":-0.013406969606876373,""pitch"":0.07958359271287918,""yaw"":-3.109241485595703,""rollspeed"":0.10036763548851013,""pitchspeed"":-0.0026946179568767548,""yawspeed"":-0.00025411928072571754}",-0.1401105
28571278692900,fov,2531,"{""zoom"":1.0,""hfov"":90.0,""vfov"":58.71550750732422,""state"":0,""max_aov_h"":90.0,""max_aov_v"":58.71550750732422,""min_aov_h"":1.40625,""min_aov_v"":0.7910428047180176,""max_zoom"":64.0}",-0.1365733
28571279060700,gimbal,2531,"{""imu_roll"":0.0,""imu_pitch"":24.90686798095703,""imu_yaw"":-0.2864304184913635,""frame_roll"":0.0,""frame_pitch"":24.90686798095703,""frame_yaw"":-0.2864304184913635,""pitch_speed"":0.0,""yaw_speed"":0.0}",-0.1362055
28571290464500,range,1175,"{""message_type"":""GLOBAL_VISION_POSITION_ESTIMATE"",""x"":46.94830322265625,""y"":39.34885025024414}",-0.1248017
28571294155300,range,1176,"{""message_type"":""GLOBAL_VISION_POSITION_ESTIMATE"",""x"":46.94830322265625,""y"":39.34885025024414}",-0.1211109
28571309124800,target_offset,453,"{""x_angle_offset"":0.28125,""y_angle_offset"":0.10873242130985966}",-0.1061414
28571319581000,fov,2532,"{""zoom"":1.0,""hfov"":90.0,""vfov"":58.71550750732422,""state"":0,""max_aov_h"":90.0,""max_aov_v"":58.71550750732422,""min_aov_h"":1.40625,""min_aov_v"":0.7910428047180176,""max_zoom"":64.0}",-0.0956852
28571320057400,gimbal,2532,"{""imu_roll"":0.0,""imu_pitch"":24.94883155822754,""imu_yaw"":-0.16572698950767517,""frame_roll"":0.0,""frame_pitch"":24.94883155822754,""frame_yaw"":-0.16572698950767517,""pitch_speed"":0.0,""yaw_speed"":0.0}",-0.0952088
28571321651400,position,582,"{""message_type"":""GLOBAL_POSITION_INT"",""lat"":469519439,""lon"":393490340}",-0.0936148
28571322017300,attitude,1160,"{""message_type"":""ATTITUDE"",""time_boot_ms"":120110,""roll"":-0.009597335942089558,""pitch"":0.07947585731744766,""yaw"":-3.1094446182250977,""rollspeed"":0.09072638303041458,""pitchspeed"":-0.0030016503296792507,""yawspeed"":-0.00017085764557123184}",-0.0932489
28571322188600,vfr,582,"{""message_type"":""VFR_HUD"",""airspeed"":30.829933166503906,""alt"":206.14999389648438}",-0.0930776
28571347800900,target_offset,454,"{""x_angle_offset"":0.28125,""y_angle_offset"":0.10873242130985966}",-0.0674653
28571364025200,fov,2533,"{""zoom"":1.0,""hfov"":90.0,""vfov"":58.71550750732422,""state"":0,""max_aov_h"":90.0,""max_aov_v"":58.71550750732422,""min_aov_h"":1.40625,""min_aov_v"":0.7910428047180176,""max_zoom"":64.0}",-0.051241
28571364333900,gimbal,2533,"{""imu_roll"":0.0,""imu_pitch"":24.993928909301758,""imu_yaw"":-0.04346941411495209,""frame_roll"":0.0,""frame_pitch"":24.993928909301758,""frame_yaw"":-0.04346941411495209,""pitch_speed"":0.0,""yaw_speed"":0.0}",-0.0509323
28571381269700,attitude,1161,"{""message_type"":""ATTITUDE"",""time_boot_ms"":120170,""roll"":-0.004907350521534681,""pitch"":0.07937955856323242,""yaw"":-3.109757423400879,""rollspeed"":0.06705369800329208,""pitchspeed"":-0.003309262217953801,""yawspeed"":-0.0008030403405427933}",-0.0339965
28571396505100,target_offset,455,"{""x_angle_offset"":0.375,""y_angle_offset"":0.10873242130985966}",-0.0187611
28571411106500,fov,2534,"{""zoom"":1.0,""hfov"":90.0,""vfov"":58.71550750732422,""state"":0,""max_aov_h"":90.0,""max_aov_v"":58.71550750732422,""min_aov_h"":1.40625,""min_aov_v"":0.7910428047180176,""max_zoom"":64.0}",-0.0041597
28571411399500,gimbal,2534,"{""imu_roll"":0.0,""imu_pitch"":25.01691436767578,""imu_yaw"":0.017878331243991852,""frame_roll"":0.0,""frame_pitch"":25.01691436767578,""frame_yaw"":0.017878331243991852,""pitch_speed"":0.0,""yaw_speed"":0.0}",-0.0038667
28571448752300,range,1177,"{""message_type"":""GLOBAL_VISION_POSITION_ESTIMATE"",""x"":46.94830322265625,""y"":39.34885025024414}",0.0334861
28571454086000,attitude,1162,"{""message_type"":""ATTITUDE"",""time_boot_ms"":120210,""roll"":-0.0027260533533990383,""pitch"":0.07933247089385986,""yaw"":-3.1099984645843506,""rollspeed"":0.045836180448532104,""pitchspeed"":-0.00357458321377635,""yawspeed"":-0.0016769769135862589}",0.0388198
28571454546500,target_offset,456,"{""x_angle_offset"":0.28125,""y_angle_offset"":0.10873242130985966}",0.0392803
28571460374600,vfr,583,"{""message_type"":""VFR_HUD"",""airspeed"":30.877214431762695,""alt"":206.19000244140625}",0.0451084
28571461494000,position,583,"{""message_type"":""GLOBAL_POSITION_INT"",""lat"":469518828,""lon"":393490315}",0.0462278
28571461643400,range,1178,"{""message_type"":""GLOBAL_VISION_POSITION_ESTIMATE"",""x"":46.94830322265625,""y"":39.34885025024414}",0.0463772
28571462678600,fov,2535,"{""zoom"":1.0,""hfov"":90.0,""vfov"":58.71550750732422,""state"":0,""max_aov_h"":90.0,""max_aov_v"":58.71550750732422,""min_aov_h"":1.40625,""min_aov_v"":0.7910428047180176,""max_zoom"":64.0}",0.0474124
28571462941900,gimbal,2535,"{""imu_roll"":0.0,""imu_pitch"":25.05860710144043,""imu_yaw"":0.1884896159172058,""frame_roll"":0.0,""frame_pitch"":25.05860710144043,""frame_yaw"":0.1884896159172058,""pitch_speed"":0.0,""yaw_speed"":0.0}",0.0476757
28571525167100,attitude,1163,"{""message_type"":""ATTITUDE"",""time_boot_ms"":120270,""roll"":-0.0007563348044641316,""pitch"":0.07845241576433182,""yaw"":-3.1104187965393066,""rollspeed"":0.022206705063581467,""pitchspeed"":-0.023140810430049896,""yawspeed"":-0.0035288389772176743}",0.1099009
28571585869600,fov,2536,"{""zoom"":1.0,""hfov"":90.0,""vfov"":58.71550750732422,""state"":0,""max_aov_h"":90.0,""max_aov_v"":58.71550750732422,""min_aov_h"":1.40625,""min_aov_v"":0.7910428047180176,""max_zoom"":64.0}",0.1706034
28571586256400,position,584,"{""message_type"":""GLOBAL_POSITION_INT"",""lat"":469518828,""lon"":393490315}",0.1709902
28571586431800,attitude,1164,"{""message_type"":""ATTITUDE"",""time_boot_ms"":120310,""roll"":-0.0002542062138672918,""pitch"":0.0775628387928009,""yaw"":-3.1107559204101562,""rollspeed"":0.005169428884983063,""pitchspeed"":-0.024735964834690094,""yawspeed"":-0.005118734668940306}",0.1711656
28571586509000,vfr,584,"{""message_type"":""VFR_HUD"",""airspeed"":30.910266876220703,""alt"":206.22999572753906}",0.1712428
28571586660600,range,1179,"{""message_type"":""GLOBAL_VISION_POSITION_ESTIMATE"",""x"":46.948238372802734,""y"":39.34885025024414}",0.1713944
28571586803300,range,1180,"{""message_type"":""GLOBAL_VISION_POSITION_ESTIMATE"",""x"":46.948238372802734,""y"":39.34885025024414}",0.1715371
28571644684300,gimbal,2536,"{""imu_roll"":0.0,""imu_pitch"":25.082210540771484,""imu_yaw"":0.2299489676952362,""frame_roll"":0.0,""frame_pitch"":25.082210540771484,""frame_yaw"":0.2299489676952362,""pitch_speed"":0.0,""yaw_speed"":0.0}",0.2294181
28571645424700,attitude,1165,"{""message_type"":""ATTITUDE"",""time_boot_ms"":120370,""roll"":-0.0008531809435226023,""pitch"":0.07630089670419693,""yaw"":-3.1113407611846924,""rollspeed"":-0.019490310922265053,""pitchspeed"":-0.02142173983156681,""yawspeed"":-0.007484816946089268}",0.2301585
28571697103200,target_offset,457,"{""x_angle_offset"":0.1875,""y_angle_offset"":0.0}",0.281837
28571727148600,position,585,"{""message_type"":""GLOBAL_POSITION_INT"",""lat"":469518214,""lon"":393490292}",0.3118824
28571758081300,attitude,1166,"{""message_type"":""ATTITUDE"",""time_boot_ms"":120410,""roll"":-0.00209984602406621,""pitch"":0.0755869597196579,""yaw"":-3.11177134513855,""rollspeed"":-0.03320402652025223,""pitchspeed"":-0.017513267695903778,""yawspeed"":-0.009014626033604145}",0.3428151
28571766226600,vfr,585,"{""message_type"":""VFR_HUD"",""airspeed"":30.905174255371094,""alt"":206.26998901367188}",0.3509604
28571792171400,range,1181,"{""message_type"":""GLOBAL_VISION_POSITION_ESTIMATE"",""x"":46.94817352294922,""y"":39.34883117675781}",0.3769052
28571792488600,range,1182,"{""message_type"":""GLOBAL_VISION_POSITION_ESTIMATE"",""x"":46.94817352294922,""y"":39.34883117675781}",0.3772224
28571792830800,attitude,1167,"{""message_type"":""ATTITUDE"",""time_boot_ms"":120470,""roll"":-0.004835481755435467,""pitch"":0.07483332604169846,""yaw"":-3.1125051975250244,""rollspeed"":-0.04931098222732544,""pitchspeed"":-0.011120431125164032,""yawspeed"":-0.011238869279623032}",0.3775646
28571793656700,fov,2537,"{""zoom"":1.0,""hfov"":90.0,""vfov"":58.71550750732422,""state"":0,""max_aov_h"":90.0,""max_aov_v"":58.71550750732422,""min_aov_h"":1.40625,""min_aov_v"":0.7910428047180176,""max_zoom"":64.0}",0.3783905
28571805014100,gimbal,2537,"{""imu_roll"":0.0,""imu_pitch"":25.097227096557617,""imu_yaw"":0.2593039274215698,""frame_roll"":0.0,""frame_pitch"":25.097227096557617,""frame_yaw"":0.2593039274215698,""pitch_speed"":0.0,""yaw_speed"":0.0}",0.3897479
28571851877200,position,586,"{""message_type"":""GLOBAL_POSITION_INT"",""lat"":469518214,""lon"":393490292}",0.436611
28571852129300,attitude,1168,"{""message_type"":""ATTITUDE"",""time_boot_ms"":120510,""roll"":-0.007111064624041319,""pitch"":0.074540875852108,""yaw"":-3.1130340099334717,""rollspeed"":-0.0575273260474205,""pitchspeed"":-0.00693678529933095,""yawspeed"":-0.012410717085003853}",0.4368631
28571886106400,vfr,586,"{""message_type"":""VFR_HUD"",""airspeed"":30.873369216918945,""alt"":206.29998779296875}",0.4708402
28571886507400,fov,2538,"{""zoom"":1.0,""hfov"":90.0,""vfov"":58.71550750732422,""state"":0,""max_aov_h"":90.0,""max_aov_v"":58.71550750732422,""min_aov_h"":1.40625,""min_aov_v"":0.7910428047180176,""max_zoom"":64.0}",0.4712412
28571888742500,gimbal,2538,"{""imu_roll"":0.0,""imu_pitch"":25.105436325073242,""imu_yaw"":0.2800999879837036,""frame_roll"":0.0,""frame_pitch"":25.105436325073242,""frame_yaw"":0.2800999879837036,""pitch_speed"":0.0,""yaw_speed"":0.0}",0.4734763
28571890831100,fov,2539,"{""zoom"":1.0,""hfov"":90.0,""vfov"":58.71550750732422,""state"":0,""max_aov_h"":90.0,""max_aov_v"":58.71550750732422,""min_aov_h"":1.40625,""min_aov_v"":0.7910428047180176,""max_zoom"":64.0}",0.4755649
28571909039500,attitude,1169,"{""message_type"":""ATTITUDE"",""time_boot_ms"":120570,""roll"":-0.01107059046626091,""pitch"":0.07441762089729309,""yaw"":-3.11391019821167,""rollspeed"":-0.06764113903045654,""pitchspeed"":-0.0005236284341663122,""yawspeed"":-0.014331230893731117}",0.4937733
28571909460900,position,587,"{""message_type"":""GLOBAL_POSITION_INT"",""lat"":469517613,""lon"":393490275}",0.4941947
28571909609500,attitude,1170,"{""message_type"":""ATTITUDE"",""time_boot_ms"":120610,""roll"":-0.014157118275761604,""pitch"":0.07459006458520889,""yaw"":-3.114583969116211,""rollspeed"":-0.07147776335477829,""pitchspeed"":0.0029611107893288136,""yawspeed"":-0.01616365648806095}",0.4943433
28571909686200,vfr,587,"{""message_type"":""VFR_HUD"",""airspeed"":30.79438018798828,""alt"":206.3199920654297}",0.49442
28571924902600,range,1183,"{""message_type"":""GLOBAL_VISION_POSITION_ESTIMATE"",""x"":46.94811248779297,""y"":39.348812103271484}",0.5096364
28571925348800,range,1184,"{""message_type"":""GLOBAL_VISION_POSITION_ESTIMATE"",""x"":46.94811248779297,""y"":39.348812103271484}",0.5100826
28571940174800,gimbal,2539,"{""imu_roll"":0.0,""imu_pitch"":25.109661102294922,""imu_yaw"":0.29807642102241516,""frame_roll"":0.0,""frame_pitch"":25.109661102294922,""frame_yaw"":0.29807642102241516,""pitch_speed"":0.0,""yaw_speed"":0.0}",0.5249086
28571991843400,attitude,1171,"{""message_type"":""ATTITUDE"",""time_boot_ms"":120670,""roll"":-0.019007470458745956,""pitch"":0.07501599192619324,""yaw"":-3.1156585216522217,""rollspeed"":-0.07514141499996185,""pitchspeed"":0.00587262911722064,""yawspeed"":-0.01752978190779686}",0.5765772
28571992379400,attitude,1172,"{""message_type"":""ATTITUDE"",""time_boot_ms"":120710,""roll"":-0.022297969087958336,""pitch"":0.07535875588655472,""yaw"":-3.116408586502075,""rollspeed"":-0.07557234913110733,""pitchspeed"":0.006766433361917734,""yawspeed"":-0.018385011702775955}",0.5771132
28571992474400,vfr,588,"{""message_type"":""VFR_HUD"",""airspeed"":30.710575103759766,""alt"":206.33999633789062}",0.5772082
28571992552500,position,588,"{""message_type"":""GLOBAL_POSITION_INT"",""lat"":469517613,""lon"":393490275}",0.5772863
28571996366900,fov,2540,"{""zoom"":1.0,""hfov"":90.0,""vfov"":58.71550750732422,""state"":0,""max_aov_h"":90.0,""max_aov_v"":58.71550750732422,""min_aov_h"":1.40625,""min_aov_v"":0.7910428047180176,""max_zoom"":64.0}",0.5811007
28572033398400,target_offset,458,"{""x_angle_offset"":0.1875,""y_angle_offset"":0.0}",0.6181322
28572056783900,range,1185,"{""message_type"":""GLOBAL_VISION_POSITION_ESTIMATE"",""x"":46.94811248779297,""y"":39.34879684448242}",0.6415177
28572057467500,attitude,1173,"{""message_type"":""ATTITUDE"",""time_boot_ms"":120770,""roll"":-0.02720935456454754,""pitch"":0.07586880028247833,""yaw"":-3.117582082748413,""rollspeed"":-0.07435134053230286,""pitchspeed"":0.006450807210057974,""yawspeed"":-0.01937728375196457}",0.6422013
28572087882500,gimbal,2540,"{""imu_roll"":0.0,""imu_pitch"":25.111772537231445,""imu_yaw"":0.3132242262363434,""frame_roll"":0.0,""frame_pitch"":25.111772537231445,""frame_yaw"":0.3132242262363434,""pitch_speed"":0.0,""yaw_speed"":0.0}",0.6726163
28572101564600,range,1186,"{""message_type"":""GLOBAL_VISION_POSITION_ESTIMATE"",""x"":46.94811248779297,""y"":39.34879684448242}",0.6862984
28572101857400,vfr,589,"{""message_type"":""VFR_HUD"",""airspeed"":30.594812393188477,""alt"":206.36000061035156}",0.6865912
28572101982600,position,589,"{""message_type"":""GLOBAL_POSITION_INT"",""lat"":469517024,""lon"":393490266}",0.6867164
28572102308500,attitude,1174,"{""message_type"":""ATTITUDE"",""time_boot_ms"":120810,""roll"":-0.03043881431221962,""pitch"":0.0757819265127182,""yaw"":-3.1183860301971436,""rollspeed"":-0.0726054459810257,""pitchspeed"":0.005246950779110193,""yawspeed"":-0.019890304654836655}",0.6870423
28572124112100,fov,2541,"{""zoom"":1.0,""hfov"":90.0,""vfov"":58.71550750732422,""state"":0,""max_aov_h"":90.0,""max_aov_v"":58.71550750732422,""min_aov_h"":1.40625,""min_aov_v"":0.7910428047180176,""max_zoom"":64.0}",0.7088459
28572142681800,gimbal,2541,"{""imu_roll"":0.0,""imu_pitch"":25.113136291503906,""imu_yaw"":0.3321095407009125,""frame_roll"":0.0,""frame_pitch"":25.113136291503906,""frame_yaw"":0.3321095407009125,""pitch_speed"":0.0,""yaw_speed"":0.0}",0.7274156
28572159863600,attitude,1175,"{""message_type"":""ATTITUDE"",""time_boot_ms"":120870,""roll"":-0.03516111895442009,""pitch"":0.07494328916072845,""yaw"":-3.119622230529785,""rollspeed"":-0.06877002865076065,""pitchspeed"":0.002437662100419402,""yawspeed"":-0.020646363496780396}",0.7445974
28572192104400,fov,2542,"{""zoom"":1.0,""hfov"":90.0,""vfov"":58.71550750732422,""state"":0,""max_aov_h"":90.0,""max_aov_v"":58.71550750732422,""min_aov_h"":1.40625,""min_aov_v"":0.7910428047180176,""max_zoom"":64.0}",0.7768382
28572193623000,gimbal,2542,"{""imu_roll"":0.0,""imu_pitch"":25.086360931396484,""imu_yaw"":0.35820820927619934,""frame_roll"":0.0,""frame_pitch"":25.086360931396484,""frame_yaw"":0.35820820927619934,""pitch_speed"":0.0,""yaw_speed"":0.0}",0.7783568
28572194689200,target_offset,459,"{""x_angle_offset"":0.1875,""y_angle_offset"":0.0}",0.779423
28572196853700,vfr,590,"{""message_type"":""VFR_HUD"",""airspeed"":30.45629119873047,""alt"":206.3699951171875}",0.7815875
28572196936400,position,590,"{""message_type"":""GLOBAL_POSITION_INT"",""lat"":469517024,""lon"":393490266}",0.7816702
28572197106100,attitude,1176,"{""message_type"":""ATTITUDE"",""time_boot_ms"":120910,""roll"":-0.038146011531353,""pitch"":0.07427460700273514,""yaw"":-3.1204514503479004,""rollspeed"":-0.06518537551164627,""pitchspeed"":0.00016611837781965733,""yawspeed"":-0.02094891294836998}",0.7818399
28572210285200,range,1187,"{""message_type"":""GLOBAL_VISION_POSITION_ESTIMATE"",""x"":46.94805145263672,""y"":39.34878158569336}",0.795019
28572211955200,target_offset,460,"{""x_angle_offset"":0.09375,""y_angle_offset"":0.0}",0.796689
28572214538900,range,1188,"{""message_type"":""GLOBAL_VISION_POSITION_ESTIMATE"",""x"":46.94805145263672,""y"":39.34878158569336}",0.7992727
28572246936700,fov,2543,"{""zoom"":1.0,""hfov"":90.0,""vfov"":58.71550750732422,""state"":0,""max_aov_h"":90.0,""max_aov_v"":58.71550750732422,""min_aov_h"":1.40625,""min_aov_v"":0.7910428047180176,""max_zoom"":64.0}",0.8316705
28572255856300,gimbal,2543,"{""imu_roll"":0.0,""imu_pitch"":25.068748474121094,""imu_yaw"":0.38806167244911194,""frame_roll"":0.0,""frame_pitch"":25.068748474121094,""frame_yaw"":0.38806167244911194,""pitch_speed"":0.0,""yaw_speed"":0.0}",0.8405901
28572256112100,attitude,1177,"{""message_type"":""ATTITUDE"",""time_boot_ms"":120970,""roll"":-0.042346272617578506,""pitch"":0.07317321747541428,""yaw"":-3.1217074394226074,""rollspeed"":-0.059702832251787186,""pitchspeed"":-0.0012456007534638047,""yawspeed"":-0.021342705935239792}",0.8408459
28572263821100,fov,2544,"{""zoom"":1.0,""hfov"":90.0,""vfov"":58.71550750732422,""state"":0,""max_aov_h"":90.0,""max_aov_v"":58.71550750732422,""min_aov_h"":1.40625,""min_aov_v"":0.7910428047180176,""max_zoom"":64.0}",0.8485549
28572264309400,gimbal,2544,"{""imu_roll"":0.0,""imu_pitch"":25.060466766357422,""imu_yaw"":0.4137863218784332,""frame_roll"":0.0,""frame_pitch"":25.060466766357422,""frame_yaw"":0.4137863218784332,""pitch_speed"":0.0,""yaw_speed"":0.0}",0.8490432
28572272957300,target_offset,461,"{""x_angle_offset"":0.09375,""y_angle_offset"":0.0}",0.8576911
28572283217100,fov,2545,"{""zoom"":1.0,""hfov"":90.0,""vfov"":58.71550750732422,""state"":0,""max_aov_h"":90.0,""max_aov_v"":58.71550750732422,""min_aov_h"":1.40625,""min_aov_v"":0.7910428047180176,""max_zoom"":64.0}",0.8679509
28572284479400,gimbal,2545,"{""imu_roll"":0.0,""imu_pitch"":25.055171966552734,""imu_yaw"":0.4459286332130432,""frame_roll"":0.0,""frame_pitch"":25.055171966552734,""frame_yaw"":0.4459286332130432,""pitch_speed"":0.0,""yaw_speed"":0.0}",0.8692132
28572288065700,fov,2546,"{""zoom"":1.0,""hfov"":90.0,""vfov"":58.71550750732422,""state"":0,""max_aov_h"":90.0,""max_aov_v"":58.71550750732422,""min_aov_h"":1.40625,""min_aov_v"":0.7910428047180176,""max_zoom"":64.0}",0.8727995
28572289703700,gimbal,2546,"{""imu_roll"":0.0,""imu_pitch"":25.052398681640625,""imu_yaw"":0.4762486219406128,""frame_roll"":0.0,""frame_pitch"":25.052398681640625,""frame_yaw"":0.4762486219406128,""pitch_speed"":0.0,""yaw_speed"":0.0}",0.8744375
28572291910400,fov,2547,"{""zoom"":1.0,""hfov"":90.0,""vfov"":58.71550750732422,""state"":0,""max_aov_h"":90.0,""max_aov_v"":58.71550750732422,""min_aov_h"":1.40625,""min_aov_v"":0.7910428047180176,""max_zoom"":64.0}",0.8766442
28572292190500,gimbal,2547,"{""imu_roll"":0.0,""imu_pitch"":25.051015853881836,""imu_yaw"":0.5039792060852051,""frame_roll"":0.0,""frame_pitch"":25.051015853881836,""frame_yaw"":0.5039792060852051,""pitch_speed"":0.0,""yaw_speed"":0.0}",0.8769243
28572292824300,fov,2548,"{""zoom"":1.0,""hfov"":90.0,""vfov"":58.71550750732422,""state"":0,""max_aov_h"":90.0,""max_aov_v"":58.71550750732422,""min_aov_h"":1.40625,""min_aov_v"":0.7910428047180176,""max_zoom"":64.0}",0.8775581
28572293031200,gimbal,2548,"{""imu_roll"":0.0,""imu_pitch"":25.05006980895996,""imu_yaw"":0.5396886467933655,""frame_roll"":0.0,""frame_pitch"":25.05006980895996,""frame_yaw"":0.5396886467933655,""pitch_speed"":0.0,""yaw_speed"":0.0}",0.877765
28572295465300,fov,2549,"{""zoom"":1.0,""hfov"":90.0,""vfov"":58.71550750732422,""state"":0,""max_aov_h"":90.0,""max_aov_v"":58.71550750732422,""min_aov_h"":1.40625,""min_aov_v"":0.7910428047180176,""max_zoom"":64.0}",0.8801991
28572296297900,gimbal,2549,"{""imu_roll"":0.0,""imu_pitch"":25.058759689331055,""imu_yaw"":0.49416062235832214,""frame_roll"":0.0,""frame_pitch"":25.058759689331055,""frame_yaw"":0.49416062235832214,""pitch_speed"":0.0,""yaw_speed"":0.0}",0.8810317
28572298950900,target_offset,462,"{""x_angle_offset"":0.09375,""y_angle_offset"":0.0}",0.8836847
28572306622500,position,591,"{""message_type"":""GLOBAL_POSITION_INT"",""lat"":469516442,""lon"":393490263}",0.8913563
28572307796800,attitude,1178,"{""message_type"":""ATTITUDE"",""time_boot_ms"":121010,""roll"":-0.04492742195725441,""pitch"":0.07239977270364761,""yaw"":-3.122542381286621,""rollspeed"":-0.054832395166158676,""pitchspeed"":-0.001939647481776774,""yawspeed"":-0.02153792977333069}",0.8925306
28572308656700,fov,2550,"{""zoom"":1.0,""hfov"":90.0,""vfov"":58.71550750732422,""state"":0,""max_aov_h"":90.0,""max_aov_v"":58.71550750732422,""min_aov_h"":1.40625,""min_aov_v"":0.7910428047180176,""max_zoom"":64.0}",0.8933905
28572308871800,vfr,591,"{""message_type"":""VFR_HUD"",""airspeed"":30.330095291137695,""alt"":206.37998962402344}",0.8936056
28572312118200,gimbal,2550,"{""imu_roll"":0.0,""imu_pitch"":25.063953399658203,""imu_yaw"":0.48385173082351685,""frame_roll"":0.0,""frame_pitch"":25.063953399658203,""frame_yaw"":0.48385173082351685,""pitch_speed"":0.0,""yaw_speed"":0.0}",0.896852
28572314533300,fov,2551,"{""zoom"":1.0,""hfov"":90.0,""vfov"":58.71550750732422,""state"":0,""max_aov_h"":90.0,""max_aov_v"":58.71550750732422,""min_aov_h"":1.40625,""min_aov_v"":0.7910428047180176,""max_zoom"":64.0}",0.8992671
28572314957300,gimbal,2551,"{""imu_roll"":0.0,""imu_pitch"":25.06692886352539,""imu_yaw"":0.4976295232772827,""frame_roll"":0.0,""frame_pitch"":25.06692886352539,""frame_yaw"":0.4976295232772827,""pitch_speed"":0.0,""yaw_speed"":0.0}",0.8996911
28572318039400,target_offset,463,"{""x_angle_offset"":0.09375,""y_angle_offset"":0.0}",0.9027732
28572332249800,fov,2552,"{""zoom"":1.0,""hfov"":90.0,""vfov"":58.71550750732422,""state"":0,""max_aov_h"":90.0,""max_aov_v"":58.71550750732422,""min_aov_h"":1.40625,""min_aov_v"":0.7910428047180176,""max_zoom"":64.0}",0.9169836
28572332645400,gimbal,2552,"{""imu_roll"":0.0,""imu_pitch"":25.07845115661621,""imu_yaw"":0.4923185110092163,""frame_roll"":0.0,""frame_pitch"":25.07845115661621,""frame_yaw"":0.4923185110092163,""pitch_speed"":0.0,""yaw_speed"":0.0}",0.9173792
28572336859100,target_offset,464,"{""x_angle_offset"":0.09375,""y_angle_offset"":0.0}",0.9215929
28572349052700,fov,2553,"{""zoom"":1.0,""hfov"":90.0,""vfov"":58.71550750732422,""state"":0,""max_aov_h"":90.0,""max_aov_v"":58.71550750732422,""min_aov_h"":1.40625,""min_aov_v"":0.7910428047180176,""max_zoom"":64.0}",0.9337865
28572350279800,gimbal,2553,"{""imu_roll"":0.0,""imu_pitch"":25.084613800048828,""imu_yaw"":0.5085466504096985,""frame_roll"":0.0,""frame_pitch"":25.084613800048828,""frame_yaw"":0.5085466504096985,""pitch_speed"":0.0,""yaw_speed"":0.0}",0.9350136
28572351157500,target_offset,465,"{""x_angle_offset"":0.0,""y_angle_offset"":0.0}",0.9358913
28572367667700,attitude,1179,"{""message_type"":""ATTITUDE"",""time_boot_ms"":121070,""roll"":-0.04831260070204735,""pitch"":0.07164447754621506,""yaw"":-3.123809337615967,""rollspeed"":-0.04531478509306908,""pitchspeed"":-0.002231539925560355,""yawspeed"":-0.021525301039218903}",0.9524015
28572367863900,range,1189,"{""message_type"":""GLOBAL_VISION_POSITION_ESTIMATE"",""x"":46.947998046875,""y"":39.34878158569336}",0.9525977
28572370651600,target_offset,466,"{""x_angle_offset"":0.0,""y_angle_offset"":0.10873242130985966}",0.9553854
28572379617100,target_offset,467,"{""x_angle_offset"":0.0,""y_angle_offset"":0.10873242130985966}",0.9643509
28572389395500,range,1190,"{""message_type"":""GLOBAL_VISION_POSITION_ESTIMATE"",""x"":46.947998046875,""y"":39.34878158569336}",0.9741293
28572391813400,target_offset,468,"{""x_angle_offset"":-0.09375,""y_angle_offset"":0.21746484261971932}",0.9765472
28572400949500,fov,2554,"{""zoom"":1.0,""hfov"":90.0,""vfov"":58.71550750732422,""state"":0,""max_aov_h"":90.0,""max_aov_v"":58.71550750732422,""min_aov_h"":1.40625,""min_aov_v"":0.7910428047180176,""max_zoom"":64.0}",0.9856833
28572401140300,gimbal,2554,"{""imu_roll"":0.0,""imu_pitch"":25.088260650634766,""imu_yaw"":0.46703922748565674,""frame_roll"":0.0,""frame_pitch"":25.088260650634766,""frame_yaw"":0.46703922748565674,""pitch_speed"":0.0,""yaw_speed"":0.0}",0.9858741
28572402556000,target_offset,469,"{""x_angle_offset"":-0.1875,""y_angle_offset"":0.326197263929579}",0.9872898
28572411644000,vfr,592,"{""message_type"":""VFR_HUD"",""airspeed"":30.183704376220703,""alt"":206.37998962402344}",0.9963778
28572411796600,position,592,"{""message_type"":""GLOBAL_POSITION_INT"",""lat"":469516442,""lon"":393490263}",0.9965304
28572412118500,attitude,1180,"{""message_type"":""ATTITUDE"",""time_boot_ms"":121110,""roll"":-0.05019785091280937,""pitch"":0.07112758606672287,""yaw"":-3.124640703201294,""rollspeed"":-0.03743306174874306,""pitchspeed"":-0.002461438998579979,""yawspeed"":-0.021357156336307526}",0.9968523
28572419452900,target_offset,470,"{""x_angle_offset"":-0.1875,""y_angle_offset"":0.326197263929579}",1.0041867
28572432827500,target_offset,471,"{""x_angle_offset"":-0.1875,""y_angle_offset"":0.43492968523943865}",1.0175613
28572444639100,target_offset,472,"{""x_angle_offset"":-0.28125,""y_angle_offset"":0.5436621065492984}",1.0293729
28572453945200,target_offset,473,"{""x_angle_offset"":-0.28125,""y_angle_offset"":0.5436621065492984}",1.038679
28572463540600,fov,2555,"{""zoom"":1.0,""hfov"":90.0,""vfov"":58.71550750732422,""state"":0,""max_aov_h"":90.0,""max_aov_v"":58.71550750732422,""min_aov_h"":1.40625,""min_aov_v"":0.7910428047180176,""max_zoom"":64.0}",1.0482744
28572463831600,gimbal,2555,"{""imu_roll"":0.0,""imu_pitch"":25.09038543701172,""imu_yaw"":0.4648992717266083,""frame_roll"":0.0,""frame_pitch"":25.09038543701172,""frame_yaw"":0.4648992717266083,""pitch_speed"":0.0,""yaw_speed"":0.0}",1.0485654
28572464438800,target_offset,474,"{""x_angle_offset"":-0.375,""y_angle_offset"":0.652394527859158}",1.0491726
28572475602900,target_offset,475,"{""x_angle_offset"":-0.375,""y_angle_offset"":0.7611269491690176}",1.0603367
28572485523300,fov,2556,"{""zoom"":1.0,""hfov"":90.0,""vfov"":58.71550750732422,""state"":0,""max_aov_h"":90.0,""max_aov_v"":58.71550750732422,""min_aov_h"":1.40625,""min_aov_v"":0.7910428047180176,""max_zoom"":64.0}",1.0702571
28572485895200,gimbal,2556,"{""imu_roll"":0.0,""imu_pitch"":25.126054763793945,""imu_yaw"":0.47775450348854065,""frame_roll"":0.0,""frame_pitch"":25.126054763793945,""frame_yaw"":0.47775450348854065,""pitch_speed"":0.0,""yaw_speed"":0.0}",1.070629
28572486753700,fov,2557,"{""zoom"":1.0,""hfov"":90.0,""vfov"":58.71550750732422,""state"":0,""max_aov_h"":90.0,""max_aov_v"":58.71550750732422,""min_aov_h"":1.40625,""min_aov_v"":0.7910428047180176,""max_zoom"":64.0}",1.0714875
28572487041400,gimbal,2557,"{""imu_roll"":0.0,""imu_pitch"":25.240642547607422,""imu_yaw"":0.4342978298664093,""frame_roll"":0.0,""frame_pitch"":25.240642547607422,""frame_yaw"":0.4342978298664093,""pitch_speed"":0.0,""yaw_speed"":0.0}",1.0717752
28572487381800,target_offset,476,"{""x_angle_offset"":-0.375,""y_angle_offset"":0.7611269491690176}",1.0721156
28572494210400,attitude,1181,"{""message_type"":""ATTITUDE"",""time_boot_ms"":121170,""roll"":-0.052247051149606705,""pitch"":0.07031849771738052,""yaw"":-3.1258482933044434,""rollspeed"":-0.02077069878578186,""pitchspeed"":-0.0032336495351046324,""yawspeed"":-0.020403943955898285}",1.0789442
28572496520400,target_offset,477,"{""x_angle_offset"":-0.46875,""y_angle_offset"":0.8698593704788773}",1.0812542
28572504965000,fov,2558,"{""zoom"":1.0,""hfov"":90.0,""vfov"":58.71550750732422,""state"":0,""max_aov_h"":90.0,""max_aov_v"":58.71550750732422,""min_aov_h"":1.40625,""min_aov_v"":0.7910428047180176,""max_zoom"":64.0}",1.0896988
28572505886600,gimbal,2558,"{""imu_roll"":0.0,""imu_pitch"":25.509428024291992,""imu_yaw"":0.3166436553001404,""frame_roll"":0.0,""frame_pitch"":25.509428024291992,""frame_yaw"":0.3166436553001404,""pitch_speed"":0.0,""yaw_speed"":0.0}",1.0906204
28572506258000,target_offset,478,"{""x_angle_offset"":-0.46875,""y_angle_offset"":0.978591791788737}",1.0909918
28572515535400,target_offset,479,"{""x_angle_offset"":-0.46875,""y_angle_offset"":0.978591791788737}",1.1002692
28572524159300,target_offset,480,"{""x_angle_offset"":-0.46875,""y_angle_offset"":0.978591791788737}",1.1088931
28572527008000,attitude,1182,"{""message_type"":""ATTITUDE"",""time_boot_ms"":121210,""roll"":-0.052987050265073776,""pitch"":0.06976013630628586,""yaw"":-3.126617431640625,""rollspeed"":-0.007865848019719124,""pitchspeed"":-0.003521029371768236,""yawspeed"":-0.019609417766332626}",1.1117418
28572530495200,vfr,593,"{""message_type"":""VFR_HUD"",""airspeed"":30.051795959472656,""alt"":206.37998962402344}",1.115229
28572532989500,position,593,"{""message_type"":""GLOBAL_POSITION_INT"",""lat"":469516442,""lon"":393490263}",1.1177233
28572537143900,fov,2559,"{""zoom"":1.0,""hfov"":90.0,""vfov"":58.71550750732422,""state"":0,""max_aov_h"":90.0,""max_aov_v"":58.71550750732422,""min_aov_h"":1.40625,""min_aov_v"":0.7910428047180176,""max_zoom"":64.0}",1.1218777
28572537541000,range,1191,"{""message_type"":""GLOBAL_VISION_POSITION_ESTIMATE"",""x"":46.947998046875,""y"":39.34880065917969}",1.1222748
28572538032900,gimbal,2559,"{""imu_roll"":0.0,""imu_pitch"":25.998672485351562,""imu_yaw"":0.11516831815242767,""frame_roll"":0.0,""frame_pitch"":25.998672485351562,""frame_yaw"":0.11516831815242767,""pitch_speed"":0.0,""yaw_speed"":0.0}",1.1227667
28572549785600,range,1192,"{""message_type"":""GLOBAL_VISION_POSITION_ESTIMATE"",""x"":46.947998046875,""y"":39.34880065917969}",1.1345194
28572578117000,target_offset,481,"{""x_angle_offset"":-0.46875,""y_angle_offset"":1.0873242130985967}",1.1628508
28572599610900,attitude,1183,"{""message_type"":""ATTITUDE"",""time_boot_ms"":121270,""roll"":-0.05285464972257614,""pitch"":0.06901063024997711,""yaw"":-3.1276967525482178,""rollspeed"":0.01452990248799324,""pitchspeed"":-0.0038819173350930214,""yawspeed"":-0.018005430698394775}",1.1843447
28572613574000,fov,2560,"{""zoom"":1.0,""hfov"":90.0,""vfov"":58.71550750732422,""state"":0,""max_aov_h"":90.0,""max_aov_v"":58.71550750732422,""min_aov_h"":1.40625,""min_aov_v"":0.7910428047180176,""max_zoom"":64.0}",1.1983078
28572613877700,gimbal,2560,"{""imu_roll"":0.0,""imu_pitch"":26.834272384643555,""imu_yaw"":-0.20654667913913727,""frame_roll"":0.0,""frame_pitch"":26.834272384643555,""frame_yaw"":-0.20654667913913727,""pitch_speed"":0.0,""yaw_speed"":0.0}",1.1986115
28572642858600,vfr,594,"{""message_type"":""VFR_HUD"",""airspeed"":29.900829315185547,""alt"":206.37998962402344}",1.2275924
28572643103600,position,594,"{""message_type"":""GLOBAL_POSITION_INT"",""lat"":469515866,""lon"":393490263}",1.2278374
28572643723300,attitude,1184,"{""message_type"":""ATTITUDE"",""time_boot_ms"":121310,""roll"":-0.05194994807243347,""pitch"":0.06853921711444855,""yaw"":-3.128361463546753,""rollspeed"":0.029700057581067085,""pitchspeed"":-0.004102090839296579,""yawspeed"":-0.016692835837602615}",1.2284571
28572644539900,target_offset,482,"{""x_angle_offset"":-0.46875,""y_angle_offset"":0.978591791788737}",1.2292737
28572663582600,fov,2561,"{""zoom"":1.0,""hfov"":90.0,""vfov"":58.71550750732422,""state"":0,""max_aov_h"":90.0,""max_aov_v"":58.71550750732422,""min_aov_h"":1.40625,""min_aov_v"":0.7910428047180176,""max_zoom"":64.0}",1.2483164
28572663935800,gimbal,2561,"{""imu_roll"":0.0,""imu_pitch"":27.29597282409668,""imu_yaw"":-0.40558695793151855,""frame_roll"":0.0,""frame_pitch"":27.29597282409668,""frame_yaw"":-0.40558695793151855,""pitch_speed"":0.0,""yaw_speed"":0.0}",1.2486696
28572690519400,target_offset,483,"{""x_angle_offset"":-0.09375,""y_angle_offset"":0.5436621065492984}",1.2752532
28572697013900,range,1193,"{""message_type"":""GLOBAL_VISION_POSITION_ESTIMATE"",""x"":46.94794464111328,""y"":39.34886169433594}",1.2817477
28572698566500,range,1194,"{""message_type"":""GLOBAL_VISION_POSITION_ESTIMATE"",""x"":46.94794464111328,""y"":39.34886169433594}",1.2833003
28572698808900,attitude,1185,"{""message_type"":""ATTITUDE"",""time_boot_ms"":121370,""roll"":-0.04952879250049591,""pitch"":0.06782829761505127,""yaw"":-3.1292784214019775,""rollspeed"":0.05010353401303291,""pitchspeed"":-0.004264898598194122,""yawspeed"":-0.014754497446119785}",1.2835427
28572706933700,fov,2562,"{""zoom"":1.0,""hfov"":90.0,""vfov"":58.71550750732422,""state"":0,""max_aov_h"":90.0,""max_aov_v"":58.71550750732422,""min_aov_h"":1.40625,""min_aov_v"":0.7910428047180176,""max_zoom"":64.0}",1.2916675
28572707431400,gimbal,2562,"{""imu_roll"":0.0,""imu_pitch"":27.541908264160156,""imu_yaw"":-0.42774495482444763,""frame_roll"":0.0,""frame_pitch"":27.541908264160156,""frame_yaw"":-0.42774495482444763,""pitch_speed"":0.0,""yaw_speed"":0.0}",1.2921652
28572737075200,target_offset,484,"{""x_angle_offset"":0.1875,""y_angle_offset"":-0.21746484261971932}",1.321809
28572743400500,vfr,595,"{""message_type"":""VFR_HUD"",""airspeed"":29.765180587768555,""alt"":206.37998962402344}",1.3281343
28572744284100,position,595,"{""message_type"":""GLOBAL_POSITION_INT"",""lat"":469515866,""lon"":393490263}",1.3290179
28572744771100,attitude,1186,"{""message_type"":""ATTITUDE"",""time_boot_ms"":121410,""roll"":-0.047337111085653305,""pitch"":0.06735637784004211,""yaw"":-3.129847288131714,""rollspeed"":0.06042371690273285,""pitchspeed"":-0.004201158415526152,""yawspeed"":-0.01351267658174038}",1.3295049
28572756106400,fov,2563,"{""zoom"":1.0,""hfov"":90.0,""vfov"":58.71550750732422,""state"":0,""max_aov_h"":90.0,""max_aov_v"":58.71550750732422,""min_aov_h"":1.40625,""min_aov_v"":0.7910428047180176,""max_zoom"":64.0}",1.3408402
28572756500500,gimbal,2563,"{""imu_roll"":0.0,""imu_pitch"":27.43531608581543,""imu_yaw"":-0.3181301951408386,""frame_roll"":0.0,""frame_pitch"":27.43531608581543,""frame_yaw"":-0.3181301951408386,""pitch_speed"":0.0,""yaw_speed"":0.0}",1.3412343
28572783807700,target_offset,485,"{""x_angle_offset"":0.1875,""y_angle_offset"":-0.5436621065492984}",1.3685415
28572802957600,fov,2564,"{""zoom"":1.0,""hfov"":90.0,""vfov"":58.71550750732422,""state"":0,""max_aov_h"":90.0,""max_aov_v"":58.71550750732422,""min_aov_h"":1.40625,""min_aov_v"":0.7910428047180176,""max_zoom"":64.0}",1.3876914
28572803505000,gimbal,2564,"{""imu_roll"":0.0,""imu_pitch"":27.16588020324707,""imu_yaw"":-0.2082691341638565,""frame_roll"":0.0,""frame_pitch"":27.16588020324707,""frame_yaw"":-0.2082691341638565,""pitch_speed"":0.0,""yaw_speed"":0.0}",1.3882388
28572810725000,attitude,1187,"{""message_type"":""ATTITUDE"",""time_boot_ms"":121470,""roll"":-0.0434219054877758,""pitch"":0.06695019453763962,""yaw"":-3.1306252479553223,""rollspeed"":0.06888926774263382,""pitchspeed"":-0.003961511421948671,""yawspeed"":-0.011931240558624268}",1.3954588
28572831188300,target_offset,486,"{""x_angle_offset"":0.28125,""y_angle_offset"":-0.652394527859158}",1.4159221
28572846912200,range,1195,"{""message_type"":""GLOBAL_VISION_POSITION_ESTIMATE"",""x"":46.94794464111328,""y"":39.34886932373047}",1.431646
28572853494500,fov,2565,"{""zoom"":1.0,""hfov"":90.0,""vfov"":58.71550750732422,""state"":0,""max_aov_h"":90.0,""max_aov_v"":58.71550750732422,""min_aov_h"":1.40625,""min_aov_v"":0.7910428047180176,""max_zoom"":64.0}",1.4382283
28572853969700,gimbal,2565,"{""imu_roll"":0.0,""imu_pitch"":26.834192276000977,""imu_yaw"":-0.06178191304206848,""frame_roll"":0.0,""frame_pitch"":26.834192276000977,""frame_yaw"":-0.06178191304206848,""pitch_speed"":0.0,""yaw_speed"":0.0}",1.4387035
28572857634700,range,1196,"{""message_type"":""GLOBAL_VISION_POSITION_ESTIMATE"",""x"":46.94794464111328,""y"":39.34886932373047}",1.4423685
28572858002400,attitude,1188,"{""message_type"":""ATTITUDE"",""time_boot_ms"":121510,""roll"":-0.040566347539424896,""pitch"":0.06707682460546494,""yaw"":-3.1311066150665283,""rollspeed"":0.0693841204047203,""pitchspeed"":-0.0035175627563148737,""yawspeed"":-0.011140229180455208}",1.4427362
28572858209300,vfr,596,"{""message_type"":""VFR_HUD"",""airspeed"":29.64044189453125,""alt"":206.3699951171875}",1.4429431
28572858402100,position,596,"{""message_type"":""GLOBAL_POSITION_INT"",""lat"":469515307,""lon"":393490263}",1.4431359
28572880709800,target_offset,487,"{""x_angle_offset"":0.28125,""y_angle_offset"":-0.652394527859158}",1.4654436
28572898294900,fov,2566,"{""zoom"":1.0,""hfov"":90.0,""vfov"":58.71550750732422,""state"":0,""max_aov_h"":90.0,""max_aov_v"":58.71550750732422,""min_aov_h"":1.40625,""min_aov_v"":0.7910428047180176,""max_zoom"":64.0}",1.4830287
28572898704300,gimbal,2566,"{""imu_roll"":0.0,""imu_pitch"":26.529129028320312,""imu_yaw"":0.0665149986743927,""frame_roll"":0.0,""frame_pitch"":26.529129028320312,""frame_yaw"":0.0665149986743927,""pitch_speed"":0.0,""yaw_speed"":0.0}",1.4834381
28572913738600,attitude,1189,"{""message_type"":""ATTITUDE"",""time_boot_ms"":121570,""roll"":-0.03670062869787216,""pitch"":0.06718956679105759,""yaw"":-3.131800413131714,""rollspeed"":0.05782916769385338,""pitchspeed"":-0.006323315668851137,""yawspeed"":-0.010739633813500404}",1.4984724
28572926100700,target_offset,488,"{""x_angle_offset"":0.375,""y_angle_offset"":-0.21746484261971932}",1.5108345
28572945408300,fov,2567,"{""zoom"":1.0,""hfov"":90.0,""vfov"":58.71550750732422,""state"":0,""max_aov_h"":90.0,""max_aov_v"":58.71550750732422,""min_aov_h"":1.40625,""min_aov_v"":0.7910428047180176,""max_zoom"":64.0}",1.5301421
28572945898400,gimbal,2567,"{""imu_roll"":0.0,""imu_pitch"":26.422101974487305,""imu_yaw"":0.2509613633155823,""frame_roll"":0.0,""frame_pitch"":26.422101974487305,""frame_yaw"":0.2509613633155823,""pitch_speed"":0.0,""yaw_speed"":0.0}",1.5306322
28572956216400,vfr,597,"{""message_type"":""VFR_HUD"",""airspeed"":29.523399353027344,""alt"":206.36000061035156}",1.5409502
28572956400700,position,597,"{""message_type"":""GLOBAL_POSITION_INT"",""lat"":469515307,""lon"":393490263}",1.5411345
28572956762700,attitude,1190,"{""message_type"":""ATTITUDE"",""time_boot_ms"":121610,""roll"":-0.03479376807808876,""pitch"":0.06703168898820877,""yaw"":-3.1322736740112305,""rollspeed"":0.04190671071410179,""pitchspeed"":-0.0123693086206913,""yawspeed"":-0.011053478345274925}",1.5414965
28572974429700,target_offset,489,"{""x_angle_offset"":0.375,""y_angle_offset"":0.10873242130985966}",1.5591635
28572986733600,fov,2568,"{""zoom"":1.0,""hfov"":90.0,""vfov"":58.71550750732422,""state"":0,""max_aov_h"":90.0,""max_aov_v"":58.71550750732422,""min_aov_h"":1.40625,""min_aov_v"":0.7910428047180176,""max_zoom"":64.0}",1.5714674
28572987023400,gimbal,2568,"{""imu_roll"":0.0,""imu_pitch"":26.370084762573242,""imu_yaw"":0.3485800623893738,""frame_roll"":0.0,""frame_pitch"":26.370084762573242,""frame_yaw"":0.3485800623893738,""pitch_speed"":0.0,""yaw_speed"":0.0}",1.5717572
28573014986400,target_offset,490,"{""x_angle_offset"":0.375,""y_angle_offset"":0.43492968523943865}",1.5997202
28573022077500,range,1197,"{""message_type"":""GLOBAL_VISION_POSITION_ESTIMATE"",""x"":46.94788360595703,""y"":39.34886169433594}",1.6068113
28573022232000,range,1198,"{""message_type"":""GLOBAL_VISION_POSITION_ESTIMATE"",""x"":46.94788360595703,""y"":39.34886169433594}",1.6069658
28573022403100,attitude,1191,"{""message_type"":""ATTITUDE"",""time_boot_ms"":121670,""roll"":-0.033555399626493454,""pitch"":0.06614241749048233,""yaw"":-3.1330068111419678,""rollspeed"":0.007019632495939732,""pitchspeed"":-0.026518654078245163,""yawspeed"":-0.01246315985918045}",1.6071369
28573032557200,fov,2569,"{""zoom"":1.0,""hfov"":90.0,""vfov"":58.71550750732422,""state"":0,""max_aov_h"":90.0,""max_aov_v"":58.71550750732422,""min_aov_h"":1.40625,""min_aov_v"":0.7910428047180176,""max_zoom"":64.0}",1.617291
28573032907300,gimbal,2569,"{""imu_roll"":0.0,""imu_pitch"":26.562820434570312,""imu_yaw"":0.5248614549636841,""frame_roll"":0.0,""frame_pitch"":26.562820434570312,""frame_yaw"":0.5248614549636841,""pitch_speed"":0.0,""yaw_speed"":0.0}",1.6176411
28573063319000,attitude,1192,"{""message_type"":""ATTITUDE"",""time_boot_ms"":121710,""roll"":-0.03391489014029503,""pitch"":0.0645485520362854,""yaw"":-3.1335248947143555,""rollspeed"":-0.0187003705650568,""pitchspeed"":-0.03715510666370392,""yawspeed"":-0.013802328146994114}",1.6480528
28573063516000,vfr,598,"{""message_type"":""VFR_HUD"",""airspeed"":29.411550521850586,""alt"":206.33999633789062}",1.6482498
28573063653300,position,598,"{""message_type"":""GLOBAL_POSITION_INT"",""lat"":469514741,""lon"":393490263}",1.6483871
28573064962400,target_offset,491,"{""x_angle_offset"":0.28125,""y_angle_offset"":0.5436621065492984}",1.6496962
28573080120100,fov,2570,"{""zoom"":1.0,""hfov"":90.0,""vfov"":58.71550750732422,""state"":0,""max_aov_h"":90.0,""max_aov_v"":58.71550750732422,""min_aov_h"":1.40625,""min_aov_v"":0.7910428047180176,""max_zoom"":64.0}",1.6648539
28573080653700,gimbal,2570,"{""imu_roll"":0.0,""imu_pitch"":26.806394577026367,""imu_yaw"":0.6596853733062744,""frame_roll"":0.0,""frame_pitch"":26.806394577026367,""frame_yaw"":0.6596853733062744,""pitch_speed"":0.0,""yaw_speed"":0.0}",1.6653875
28573108594300,target_offset,492,"{""x_angle_offset"":0.28125,""y_angle_offset"":0.5436621065492984}",1.6933281
28573121339700,attitude,1193,"{""message_type"":""ATTITUDE"",""time_boot_ms"":121770,""roll"":-0.03644506260752678,""pitch"":0.0614386647939682,""yaw"":-3.1343584060668945,""rollspeed"":-0.05829731747508049,""pitchspeed"":-0.05073521286249161,""yawspeed"":-0.01625523902475834}",1.7060735
28573124373300,fov,2571,"{""zoom"":1.0,""hfov"":90.0,""vfov"":58.71550750732422,""state"":0,""max_aov_h"":90.0,""max_aov_v"":58.71550750732422,""min_aov_h"":1.40625,""min_aov_v"":0.7910428047180176,""max_zoom"":64.0}",1.7091071
28573124859000,gimbal,2571,"{""imu_roll"":0.0,""imu_pitch"":27.039569854736328,""imu_yaw"":0.7888963222503662,""frame_roll"":0.0,""frame_pitch"":27.039569854736328,""frame_yaw"":0.7888963222503662,""pitch_speed"":0.0,""yaw_speed"":0.0}",1.7095928
28573152483300,target_offset,493,"{""x_angle_offset"":0.1875,""y_angle_offset"":0.5436621065492984}",1.7372171
28573159240900,vfr,599,"{""message_type"":""VFR_HUD"",""airspeed"":29.303253173828125,""alt"":206.3199920654297}",1.7439747
28573159783800,position,599,"{""message_type"":""GLOBAL_POSITION_INT"",""lat"":469514741,""lon"":393490263}",1.7445176
28573159958700,attitude,1194,"{""message_type"":""ATTITUDE"",""time_boot_ms"":121810,""roll"":-0.039378296583890915,""pitch"":0.05901692807674408,""yaw"":-3.1349446773529053,""rollspeed"":-0.08247824758291245,""pitchspeed"":-0.05654974281787872,""yawspeed"":-0.018004903569817543}",1.7446925
28573167370300,fov,2572,"{""zoom"":1.0,""hfov"":90.0,""vfov"":58.71550750732422,""state"":0,""max_aov_h"":90.0,""max_aov_v"":58.71550750732422,""min_aov_h"":1.40625,""min_aov_v"":0.7910428047180176,""max_zoom"":64.0}",1.7521041
28573168641500,gimbal,2572,"{""imu_roll"":0.0,""imu_pitch"":27.268417358398438,""imu_yaw"":0.8798037171363831,""frame_roll"":0.0,""frame_pitch"":27.268417358398438,""frame_yaw"":0.8798037171363831,""pitch_speed"":0.0,""yaw_speed"":0.0}",1.7533753
28573172754500,range,1199,"{""message_type"":""GLOBAL_VISION_POSITION_ESTIMATE"",""x"":46.948638916015625,""y"":39.34886169433594}",1.7574883
28573178670900,range,1200,"{""message_type"":""GLOBAL_VISION_POSITION_ESTIMATE"",""x"":46.948638916015625,""y"":39.34886169433594}",1.7634047
28573194623800,target_offset,494,"{""x_angle_offset"":0.1875,""y_angle_offset"":0.10873242130985966}",1.7793576
28573215694400,fov,2573,"{""zoom"":1.0,""hfov"":90.0,""vfov"":58.71550750732422,""state"":0,""max_aov_h"":90.0,""max_aov_v"":58.71550750732422,""min_aov_h"":1.40625,""min_aov_v"":0.7910428047180176,""max_zoom"":64.0}",1.8004282
28573216104000,gimbal,2573,"{""imu_roll"":0.0,""imu_pitch"":27.31092071533203,""imu_yaw"":0.9870683550834656,""frame_roll"":0.0,""frame_pitch"":27.31092071533203,""frame_yaw"":0.9870683550834656,""pitch_speed"":0.0,""yaw_speed"":0.0}",1.8008378
28573219524000,attitude,1195,"{""message_type"":""ATTITUDE"",""time_boot_ms"":121870,""roll"":-0.045290108770132065,""pitch"":0.05515345558524132,""yaw"":-3.135891914367676,""rollspeed"":-0.1101270392537117,""pitchspeed"":-0.059636976569890976,""yawspeed"":-0.020445555448532104}",1.8042578
28573243278500,target_offset,495,"{""x_angle_offset"":-0.09375,""y_angle_offset"":0.0}",1.8280123
28573254353100,fov,2574,"{""zoom"":1.0,""hfov"":90.0,""vfov"":58.71550750732422,""state"":0,""max_aov_h"":90.0,""max_aov_v"":58.71550750732422,""min_aov_h"":1.40625,""min_aov_v"":0.7910428047180176,""max_zoom"":64.0}",1.8390869
28573255181800,gimbal,2574,"{""imu_roll"":0.0,""imu_pitch"":27.30242347717285,""imu_yaw"":0.9566226601600647,""frame_roll"":0.0,""frame_pitch"":27.30242347717285,""frame_yaw"":0.9566226601600647,""pitch_speed"":0.0,""yaw_speed"":0.0}",1.8399156
28573262603800,position,600,"{""message_type"":""GLOBAL_POSITION_INT"",""lat"":469514177,""lon"":393490267}",1.8473376
28573262899600,attitude,1196,"{""message_type"":""ATTITUDE"",""time_boot_ms"":121910,""roll"":-0.050002321600914,""pitch"":0.05266915634274483,""yaw"":-3.1365511417388916,""rollspeed"":-0.12151186168193817,""pitchspeed"":-0.057982198894023895,""yawspeed"":-0.021825183182954788}",1.8476334
28573263024500,vfr,600,"{""message_type"":""VFR_HUD"",""airspeed"":29.19734764099121,""alt"":206.29998779296875}",1.8477583
28573285257300,target_offset,496,"{""x_angle_offset"":-0.09375,""y_angle_offset"":-0.326197263929579}",1.8699911
28573306182300,fov,2575,"{""zoom"":1.0,""hfov"":90.0,""vfov"":58.71550750732422,""state"":0,""max_aov_h"":90.0,""max_aov_v"":58.71550750732422,""min_aov_h"":1.40625,""min_aov_v"":0.7910428047180176,""max_zoom"":64.0}",1.8909161
28573307584900,gimbal,2575,"{""imu_roll"":0.0,""imu_pitch"":27.133691787719727,""imu_yaw"":0.9337410926818848,""frame_roll"":0.0,""frame_pitch"":27.133691787719727,""frame_yaw"":0.9337410926818848,""pitch_speed"":0.0,""yaw_speed"":0.0}",1.8923187
28573317777900,attitude,1197,"{""message_type"":""ATTITUDE"",""time_boot_ms"":121970,""roll"":-0.05768575519323349,""pitch"":0.0493444949388504,""yaw"":-3.1376101970672607,""rollspeed"":-0.1283656358718872,""pitchspeed"":-0.05094004049897194,""yawspeed"":-0.023338332772254944}",1.9025117
28573326872400,range,1201,"{""message_type"":""GLOBAL_VISION_POSITION_ESTIMATE"",""x"":46.94858169555664,""y"":39.34882736206055}",1.9116062
28573335020100,target_offset,497,"{""x_angle_offset"":-0.1875,""y_angle_offset"":-0.43492968523943865}",1.9197539
28573342827400,range,1202,"{""message_type"":""GLOBAL_VISION_POSITION_ESTIMATE"",""x"":46.94858169555664,""y"":39.34882736206055}",1.9275612
28573354097500,fov,2576,"{""zoom"":1.0,""hfov"":90.0,""vfov"":58.71550750732422,""state"":0,""max_aov_h"":90.0,""max_aov_v"":58.71550750732422,""min_aov_h"":1.40625,""min_aov_v"":0.7910428047180176,""max_zoom"":64.0}",1.9388313
28573354696100,gimbal,2576,"{""imu_roll"":0.0,""imu_pitch"":26.92074966430664,""imu_yaw"":0.8567949533462524,""frame_roll"":0.0,""frame_pitch"":26.92074966430664,""frame_yaw"":0.8567949533462524,""pitch_speed"":0.0,""yaw_speed"":0.0}",1.9394299
28573362166500,attitude,1198,"{""message_type"":""ATTITUDE"",""time_boot_ms"":122010,""roll"":-0.06277146935462952,""pitch"":0.04742596298456192,""yaw"":-3.1383254528045654,""rollspeed"":-0.12524861097335815,""pitchspeed"":-0.04436016455292702,""yawspeed"":-0.023858152329921722}",1.9469003
28573362355900,vfr,601,"{""message_type"":""VFR_HUD"",""airspeed"":29.093019485473633,""alt"":206.25999450683594}",1.9470897
28573362645500,position,601,"{""message_type"":""GLOBAL_POSITION_INT"",""lat"":469514177,""lon"":393490267}",1.9473793
28573383019800,target_offset,498,"{""x_angle_offset"":-0.28125,""y_angle_offset"":-0.43492968523943865}",1.9677536
28573407570300,fov,2577,"{""zoom"":1.0,""hfov"":90.0,""vfov"":58.71550750732422,""state"":0,""max_aov_h"":90.0,""max_aov_v"":58.71550750732422,""min_aov_h"":1.40625,""min_aov_v"":0.7910428047180176,""max_zoom"":64.0}",1.9923041
28573408201500,gimbal,2577,"{""imu_roll"":0.0,""imu_pitch"":26.693492889404297,""imu_yaw"":0.7357597351074219,""frame_roll"":0.0,""frame_pitch"":26.693492889404297,""frame_yaw"":0.7357597351074219,""pitch_speed"":0.0,""yaw_speed"":0.0}",1.9929353
28573438289800,attitude,1199,"{""message_type"":""ATTITUDE"",""time_boot_ms"":122070,""roll"":-0.06969895958900452,""pitch"":0.044971026480197906,""yaw"":-3.139423131942749,""rollspeed"":-0.10794255882501602,""pitchspeed"":-0.03621960058808327,""yawspeed"":-0.023911550641059875}",2.0230236
28573440992700,target_offset,499,"{""x_angle_offset"":-0.375,""y_angle_offset"":-0.43492968523943865}",2.0257265
28573460842100,fov,2578,"{""zoom"":1.0,""hfov"":90.0,""vfov"":58.71550750732422,""state"":0,""max_aov_h"":90.0,""max_aov_v"":58.71550750732422,""min_aov_h"":1.40625,""min_aov_v"":0.7910428047180176,""max_zoom"":64.0}",2.0455759
28573461373800,gimbal,2578,"{""imu_roll"":0.0,""imu_pitch"":26.453763961791992,""imu_yaw"":0.5529343485832214,""frame_roll"":0.0,""frame_pitch"":26.453763961791992,""frame_yaw"":0.5529343485832214,""pitch_speed"":0.0,""yaw_speed"":0.0}",2.0461076
28573472836100,vfr,602,"{""message_type"":""VFR_HUD"",""airspeed"":28.989458084106445,""alt"":206.22000122070312}",2.0575699
28573472954000,position,602,"{""message_type"":""GLOBAL_POSITION_INT"",""lat"":469513617,""lon"":393490277}",2.0576878
28573473191400,attitude,1200,"{""message_type"":""ATTITUDE"",""time_boot_ms"":122110,""roll"":-0.073501355946064,""pitch"":0.04356559365987778,""yaw"":-3.140141010284424,""rollspeed"":-0.08991926163434982,""pitchspeed"":-0.03181023150682449,""yawspeed"":-0.02342744544148445}",2.0579252
28573483231900,range,1203,"{""message_type"":""GLOBAL_VISION_POSITION_ESTIMATE"",""x"":46.94852828979492,""y"":39.348838806152344}",2.0679657
28573490372900,target_offset,500,"{""x_angle_offset"":-0.375,""y_angle_offset"":-0.326197263929579}",2.0751067
28573497125400,range,1204,"{""message_type"":""GLOBAL_VISION_POSITION_ESTIMATE"",""x"":46.94852828979492,""y"":39.348838806152344}",2.0818592
28573507027900,fov,2579,"{""zoom"":1.0,""hfov"":90.0,""vfov"":58.71550750732422,""state"":0,""max_aov_h"":90.0,""max_aov_v"":58.71550750732422,""min_aov_h"":1.40625,""min_aov_v"":0.7910428047180176,""max_zoom"":64.0}",2.0917617
28573507483600,gimbal,2579,"{""imu_roll"":0.0,""imu_pitch"":26.301729202270508,""imu_yaw"":0.39899709820747375,""frame_roll"":0.0,""frame_pitch"":26.301729202270508,""frame_yaw"":0.39899709820747375,""pitch_speed"":0.0,""yaw_speed"":0.0}",2.0922174
28573537466100,target_offset,501,"{""x_angle_offset"":-0.375,""y_angle_offset"":0.10873242130985966}",2.1221999
28573543558500,attitude,1201,"{""message_type"":""ATTITUDE"",""time_boot_ms"":122170,""roll"":-0.07752467691898346,""pitch"":0.041886720806360245,""yaw"":-3.1411936283111572,""rollspeed"":-0.053242072463035583,""pitchspeed"":-0.025042667984962463,""yawspeed"":-0.02189990133047104}",2.1282923
28573557648200,fov,2580,"{""zoom"":1.0,""hfov"":90.0,""vfov"":58.71550750732422,""state"":0,""max_aov_h"":90.0,""max_aov_v"":58.71550750732422,""min_aov_h"":1.40625,""min_aov_v"":0.7910428047180176,""max_zoom"":64.0}",2.142382
28573558563300,gimbal,2580,"{""imu_roll"":0.0,""imu_pitch"":26.344009399414062,""imu_yaw"":0.24061095714569092,""frame_roll"":0.0,""frame_pitch"":26.344009399414062,""frame_yaw"":0.24061095714569092,""pitch_speed"":0.0,""yaw_speed"":0.0}",2.1432971
28573579746400,attitude,1202,"{""message_type"":""ATTITUDE"",""time_boot_ms"":122210,""roll"":-0.07880748063325882,""pitch"":0.040991079062223434,""yaw"":3.1413230895996094,""rollspeed"":-0.024073101580142975,""pitchspeed"":-0.020613383501768112,""yawspeed"":-0.020336002111434937}",2.1644802
28573579968900,vfr,603,"{""message_type"":""VFR_HUD"",""airspeed"":28.9167423248291,""alt"":206.14999389648438}",2.1647027
28573580146700,position,603,"{""message_type"":""GLOBAL_POSITION_INT"",""lat"":469513617,""lon"":393490277}",2.1648805
28573589226800,target_offset,502,"{""x_angle_offset"":-0.375,""y_angle_offset"":0.10873242130985966}",2.1739606
28573613502900,fov,2581,"{""zoom"":1.0,""hfov"":90.0,""vfov"":58.71550750732422,""state"":0,""max_aov_h"":90.0,""max_aov_v"":58.71550750732422,""min_aov_h"":1.40625,""min_aov_v"":0.7910428047180176,""max_zoom"":64.0}",2.1982367
28573613828900,gimbal,2581,"{""imu_roll"":0.0,""imu_pitch"":26.39631462097168,""imu_yaw"":0.04806441068649292,""frame_roll"":0.0,""frame_pitch"":26.39631462097168,""frame_yaw"":0.04806441068649292,""pitch_speed"":0.0,""yaw_speed"":0.0}",2.1985627
28573637961900,range,1205,"{""message_type"":""GLOBAL_VISION_POSITION_ESTIMATE"",""x"":46.94852828979492,""y"":39.348873138427734}",2.2226957
28573644220700,target_offset,503,"{""x_angle_offset"":-0.375,""y_angle_offset"":0.21746484261971932}",2.2289545
28573652285700,range,1206,"{""message_type"":""GLOBAL_VISION_POSITION_ESTIMATE"",""x"":46.94852828979492,""y"":39.348873138427734}",2.2370195
28573653436300,attitude,1203,"{""message_type"":""ATTITUDE"",""time_boot_ms"":122270,""roll"":-0.07846777886152267,""pitch"":0.03995071351528168,""yaw"":3.1403942108154297,""rollspeed"":0.021201513707637787,""pitchspeed"":-0.014962602406740189,""yawspeed"":-0.017530683428049088}",2.2381701
28573663355500,fov,2582,"{""zoom"":1.0,""hfov"":90.0,""vfov"":58.71550750732422,""state"":0,""max_aov_h"":90.0,""max_aov_v"":58.71550750732422,""min_aov_h"":1.40625,""min_aov_v"":0.7910428047180176,""max_zoom"":64.0}",2.2480893
28573663740600,gimbal,2582,"{""imu_roll"":0.0,""imu_pitch"":26.503772735595703,""imu_yaw"":-0.11412635445594788,""frame_roll"":0.0,""frame_pitch"":26.503772735595703,""frame_yaw"":-0.11412635445594788,""pitch_speed"":0.0,""yaw_speed"":0.0}",2.2484744
28573689905900,vfr,604,"{""message_type"":""VFR_HUD"",""airspeed"":28.835500717163086,""alt"":206.0699920654297}",2.2746397
28573690149700,position,604,"{""message_type"":""GLOBAL_POSITION_INT"",""lat"":469513617,""lon"":393490277}",2.2748835
28573690426000,attitude,1204,"{""message_type"":""ATTITUDE"",""time_boot_ms"":122310,""roll"":-0.07672937959432602,""pitch"":0.039430826902389526,""yaw"":3.139822006225586,""rollspeed"":0.05139254033565521,""pitchspeed"":-0.01179034635424614,""yawspeed"":-0.015373173169791698}",2.2751598
28573693051900,target_offset,504,"{""x_angle_offset"":-0.375,""y_angle_offset"":0.21746484261971932}",2.2777857
28573708813000,fov,2583,"{""zoom"":1.0,""hfov"":90.0,""vfov"":58.71550750732422,""state"":0,""max_aov_h"":90.0,""max_aov_v"":58.71550750732422,""min_aov_h"":1.40625,""min_aov_v"":0.7910428047180176,""max_zoom"":64.0}",2.2935468
28573709130600,gimbal,2583,"{""imu_roll"":0.0,""imu_pitch"":26.602581024169922,""imu_yaw"":-0.269749253988266,""frame_roll"":0.0,""frame_pitch"":26.602581024169922,""frame_yaw"":-0.269749253988266,""pitch_speed"":0.0,""yaw_speed"":0.0}",2.2938644
28573736702800,target_offset,505,"{""x_angle_offset"":-0.28125,""y_angle_offset"":0.21746484261971932}",2.3214366
28573748490800,attitude,1205,"{""message_type"":""ATTITUDE"",""time_boot_ms"":122370,""roll"":-0.07176865637302399,""pitch"":0.038704175502061844,""yaw"":3.13907790184021,""rollspeed"":0.09214778244495392,""pitchspeed"":-0.009211786091327667,""yawspeed"":-0.0120194461196661}",2.3332246
28573757053400,fov,2584,"{""zoom"":1.0,""hfov"":90.0,""vfov"":58.71550750732422,""state"":0,""max_aov_h"":90.0,""max_aov_v"":58.71550750732422,""min_aov_h"":1.40625,""min_aov_v"":0.7910428047180176,""max_zoom"":64.0}",2.3417872
28573758064400,gimbal,2584,"{""imu_roll"":0.0,""imu_pitch"":26.69691276550293,""imu_yaw"":-0.3883906602859497,""frame_roll"":0.0,""frame_pitch"":26.69691276550293,""frame_yaw"":-0.3883906602859497,""pitch_speed"":0.0,""yaw_speed"":0.0}",2.3427982
28573785276200,target_offset,506,"{""x_angle_offset"":0.0,""y_angle_offset"":0.21746484261971932}",2.37001
28573792009400,vfr,605,"{""message_type"":""VFR_HUD"",""airspeed"":28.77849769592285,""alt"":205.97999572753906}",2.3767432
28573793246200,position,605,"{""message_type"":""GLOBAL_POSITION_INT"",""lat"":469513057,""lon"":393490287}",2.37798
28573793561500,attitude,1206,"{""message_type"":""ATTITUDE"",""time_boot_ms"":122410,""roll"":-0.06717075407505035,""pitch"":0.038237251341342926,""yaw"":3.138632297515869,""rollspeed"":0.11468026787042618,""pitchspeed"":-0.008341355249285698,""yawspeed"":-0.009938874281942844}",2.3782953
28573793845800,range,1207,"{""message_type"":""GLOBAL_VISION_POSITION_ESTIMATE"",""x"":46.9484748840332,""y"":39.348934173583984}",2.3785796
28573807223100,fov,2585,"{""zoom"":1.0,""hfov"":90.0,""vfov"":58.71550750732422,""state"":0,""max_aov_h"":90.0,""max_aov_v"":58.71550750732422,""min_aov_h"":1.40625,""min_aov_v"":0.7910428047180176,""max_zoom"":64.0}",2.3919569
28573807758800,gimbal,2585,"{""imu_roll"":0.0,""imu_pitch"":26.796157836914062,""imu_yaw"":-0.3712746798992157,""frame_roll"":0.0,""frame_pitch"":26.796157836914062,""frame_yaw"":-0.3712746798992157,""pitch_speed"":0.0,""yaw_speed"":0.0}",2.3924926
28573810521500,range,1208,"{""message_type"":""GLOBAL_VISION_POSITION_ESTIMATE"",""x"":46.9484748840332,""y"":39.348934173583984}",2.3952553
28573833165100,target_offset,507,"{""x_angle_offset"":0.09375,""y_angle_offset"":0.21746484261971932}",2.4178989
28573844442700,attitude,1207,"{""message_type"":""ATTITUDE"",""time_boot_ms"":122470,""roll"":-0.0588909387588501,""pitch"":0.037562351673841476,""yaw"":3.1380672454833984,""rollspeed"":0.1400000900030136,""pitchspeed"":-0.008395867422223091,""yawspeed"":-0.0070028346963226795}",2.4291765
28573850393900,fov,2586,"{""zoom"":1.0,""hfov"":90.0,""vfov"":58.71550750732422,""state"":0,""max_aov_h"":90.0,""max_aov_v"":58.71550750732422,""min_aov_h"":1.40625,""min_aov_v"":0.7910428047180176,""max_zoom"":64.0}",2.4351277
28573850877600,gimbal,2586,"{""imu_roll"":0.0,""imu_pitch"":26.89048194885254,""imu_yaw"":-0.3177792429924011,""frame_roll"":0.0,""frame_pitch"":26.89048194885254,""frame_yaw"":-0.3177792429924011,""pitch_speed"":0.0,""yaw_speed"":0.0}",2.4356114
28573880615300,target_offset,508,"{""x_angle_offset"":0.375,""y_angle_offset"":0.10873242130985966}",2.4653491
28573888355800,attitude,1208,"{""message_type"":""ATTITUDE"",""time_boot_ms"":122510,""roll"":-0.05274590104818344,""pitch"":0.03709174692630768,""yaw"":3.1377198696136475,""rollspeed"":0.15028846263885498,""pitchspeed"":-0.00913279876112938,""yawspeed"":-0.0053494591265916824}",2.4730896
28573888641000,vfr,606,"{""message_type"":""VFR_HUD"",""airspeed"":28.708160400390625,""alt"":205.87998962402344}",2.4733748
28573889039700,position,606,"{""message_type"":""GLOBAL_POSITION_INT"",""lat"":469513057,""lon"":393490287}",2.4737735
28573901694700,fov,2587,"{""zoom"":1.0,""hfov"":90.0,""vfov"":58.71550750732422,""state"":0,""max_aov_h"":90.0,""max_aov_v"":58.71550750732422,""min_aov_h"":1.40625,""min_aov_v"":0.7910428047180176,""max_zoom"":64.0}",2.4864285
28573902262800,gimbal,2587,"{""imu_roll"":0.0,""imu_pitch"":26.93532371520996,""imu_yaw"":-0.13841980695724487,""frame_roll"":0.0,""frame_pitch"":26.93532371520996,""frame_yaw"":-0.13841980695724487,""pitch_speed"":0.0,""yaw_speed"":0.0}",2.4869966
28573930099600,target_offset,509,"{""x_angle_offset"":0.46875,""y_angle_offset"":0.10873242130985966}",2.5148334
28573947273300,range,1209,"{""message_type"":""GLOBAL_VISION_POSITION_ESTIMATE"",""x"":46.9484748840332,""y"":39.348934173583984}",2.5320071
28573947661500,fov,2588,"{""zoom"":1.0,""hfov"":90.0,""vfov"":58.71550750732422,""state"":0,""max_aov_h"":90.0,""max_aov_v"":58.71550750732422,""min_aov_h"":1.40625,""min_aov_v"":0.7910428047180176,""max_zoom"":64.0}",2.5323953
28573948154800,gimbal,2588,"{""imu_roll"":0.0,""imu_pitch"":26.977622985839844,""imu_yaw"":0.07969804108142853,""frame_roll"":0.0,""frame_pitch"":26.977622985839844,""frame_yaw"":0.07969804108142853,""pitch_speed"":0.0,""yaw_speed"":0.0}",2.5328886
28573953876400,range,1210,"{""message_type"":""GLOBAL_VISION_POSITION_ESTIMATE"",""x"":46.9484748840332,""y"":39.348934173583984}",2.5386102
28573954184400,attitude,1209,"{""message_type"":""ATTITUDE"",""time_boot_ms"":122570,""roll"":-0.04310521483421326,""pitch"":0.03642084822058678,""yaw"":3.137277126312256,""rollspeed"":0.15366524457931519,""pitchspeed"":-0.010938139632344246,""yawspeed"":-0.003516335040330887}",2.5389182
28573974541300,target_offset,510,"{""x_angle_offset"":0.46875,""y_angle_offset"":0.10873242130985966}",2.5592751
28573987724800,position,607,"{""message_type"":""GLOBAL_POSITION_INT"",""lat"":469512502,""lon"":393490295}",2.5724586
28573987975700,attitude,1210,"{""message_type"":""ATTITUDE"",""time_boot_ms"":122610,""roll"":-0.03669080138206482,""pitch"":0.03606385737657547,""yaw"":3.136992931365967,""rollspeed"":0.14838677644729614,""pitchspeed"":-0.012161951512098312,""yawspeed"":-0.0027444788720458746}",2.5727095
28573988158600,vfr,607,"{""message_type"":""VFR_HUD"",""airspeed"":28.65882110595703,""alt"":205.75999450683594}",2.5728924
28573998660200,fov,2589,"{""zoom"":1.0,""hfov"":90.0,""vfov"":58.71550750732422,""state"":0,""max_aov_h"":90.0,""max_aov_v"":58.71550750732422,""min_aov_h"":1.40625,""min_aov_v"":0.7910428047180176,""max_zoom"":64.0}",2.583394
28573999072500,gimbal,2589,"{""imu_roll"":0.0,""imu_pitch"":27.02353858947754,""imu_yaw"":0.30099791288375854,""frame_roll"":0.0,""frame_pitch"":27.02353858947754,""frame_yaw"":0.30099791288375854,""pitch_speed"":0.0,""yaw_speed"":0.0}",2.5838063
28574043150200,fov,2590,"{""zoom"":1.0,""hfov"":90.0,""vfov"":58.71550750732422,""state"":0,""max_aov_h"":90.0,""max_aov_v"":58.71550750732422,""min_aov_h"":1.40625,""min_aov_v"":0.7910428047180176,""max_zoom"":64.0}",2.627884
28574043628100,gimbal,2590,"{""imu_roll"":0.0,""imu_pitch"":27.044931411743164,""imu_yaw"":0.403239369392395,""frame_roll"":0.0,""frame_pitch"":27.044931411743164,""frame_yaw"":0.403239369392395,""pitch_speed"":0.0,""yaw_speed"":0.0}",2.6283619
28574051992600,attitude,1211,"{""message_type"":""ATTITUDE"",""time_boot_ms"":122670,""roll"":-0.02781963348388672,""pitch"":0.035444218665361404,""yaw"":3.1365854740142822,""rollspeed"":0.13070520758628845,""pitchspeed"":-0.013940595090389252,""yawspeed"":-0.002390276174992323}",2.6367264
28574087219700,fov,2591,"{""zoom"":1.0,""hfov"":90.0,""vfov"":58.71550750732422,""state"":0,""max_aov_h"":90.0,""max_aov_v"":58.71550750732422,""min_aov_h"":1.40625,""min_aov_v"":0.7910428047180176,""max_zoom"":64.0}",2.6719535
28574087729300,gimbal,2591,"{""imu_roll"":0.0,""imu_pitch"":27.05660629272461,""imu_yaw"":0.4581379294395447,""frame_roll"":0.0,""frame_pitch"":27.05660629272461,""frame_yaw"":0.4581379294395447,""pitch_speed"":0.0,""yaw_speed"":0.0}",2.6724631
28574094838500,position,608,"{""message_type"":""GLOBAL_POSITION_INT"",""lat"":469512502,""lon"":393490295}",2.6795723
28574095140000,attitude,1212,"{""message_type"":""ATTITUDE"",""time_boot_ms"":122710,""roll"":-0.02269728295505047,""pitch"":0.034973617643117905,""yaw"":3.1362862586975098,""rollspeed"":0.11353230476379395,""pitchspeed"":-0.015070125460624695,""yawspeed"":-0.002540410263463855}",2.6798738
28574095279500,vfr,608,"{""message_type"":""VFR_HUD"",""airspeed"":28.5937442779541,""alt"":205.64999389648438}",2.6800133
28574116311000,target_offset,511,"{""x_angle_offset"":0.5625,""y_angle_offset"":-1.1960566344084562}",2.7010448
28574123766700,range,1211,"{""message_type"":""GLOBAL_VISION_POSITION_ESTIMATE"",""x"":46.94841766357422,""y"":39.34897232055664}",2.7085005
28574132053400,range,1212,"{""message_type"":""GLOBAL_VISION_POSITION_ESTIMATE"",""x"":46.94841766357422,""y"":39.34897232055664}",2.7167872
28574133295400,fov,2592,"{""zoom"":1.0,""hfov"":90.0,""vfov"":58.71550750732422,""state"":0,""max_aov_h"":90.0,""max_aov_v"":58.71550750732422,""min_aov_h"":1.40625,""min_aov_v"":0.7910428047180176,""max_zoom"":64.0}",2.7180292
28574133767500,gimbal,2592,"{""imu_roll"":0.0,""imu_pitch"":26.493383407592773,""imu_yaw"":0.7135215997695923,""frame_roll"":0.0,""frame_pitch"":26.493383407592773,""frame_yaw"":0.7135215997695923,""pitch_speed"":0.0,""yaw_speed"":0.0}",2.7185013
28574150058300,attitude,1213,"{""message_type"":""ATTITUDE"",""time_boot_ms"":122770,""roll"":-0.016338123008608818,""pitch"":0.03421618789434433,""yaw"":3.1358258724212646,""rollspeed"":0.08699669688940048,""pitchspeed"":-0.015805039554834366,""yawspeed"":-0.00304036820307374}",2.7347921
28574163797700,target_offset,512,"{""x_angle_offset"":0.5625,""y_angle_offset"":-1.1960566344084562}",2.7485315
28574176599600,fov,2593,"{""zoom"":1.0,""hfov"":90.0,""vfov"":58.71550750732422,""state"":0,""max_aov_h"":90.0,""max_aov_v"":58.71550750732422,""min_aov_h"":1.40625,""min_aov_v"":0.7910428047180176,""max_zoom"":64.0}",2.7613334
28574176947500,gimbal,2593,"{""imu_roll"":0.0,""imu_pitch"":25.973960876464844,""imu_yaw"":0.9558799862861633,""frame_roll"":0.0,""frame_pitch"":25.973960876464844,""frame_yaw"":0.9558799862861633,""pitch_speed"":0.0,""yaw_speed"":0.0}",2.7616813
28574190534100,position,609,"{""message_type"":""GLOBAL_POSITION_INT"",""lat"":469511944,""lon"":393490305}",2.7752679
28574190888700,attitude,1214,"{""message_type"":""ATTITUDE"",""time_boot_ms"":122810,""roll"":-0.013085098005831242,""pitch"":0.033546946942806244,""yaw"":3.1354877948760986,""rollspeed"":0.06866807490587234,""pitchspeed"":-0.016665363684296608,""yawspeed"":-0.0035413342993706465}",2.7756225
28574191050500,vfr,609,"{""message_type"":""VFR_HUD"",""airspeed"":28.54810333251953,""alt"":205.52999877929688}",2.7757843
28574208022800,target_offset,513,"{""x_angle_offset"":0.5625,""y_angle_offset"":-1.1960566344084562}",2.7927566
28574223365400,fov,2594,"{""zoom"":1.0,""hfov"":90.0,""vfov"":58.71550750732422,""state"":0,""max_aov_h"":90.0,""max_aov_v"":58.71550750732422,""min_aov_h"":1.40625,""min_aov_v"":0.7910428047180176,""max_zoom"":64.0}",2.8080992
28574223767600,gimbal,2594,"{""imu_roll"":0.0,""imu_pitch"":25.425355911254883,""imu_yaw"":1.2107875347137451,""frame_roll"":0.0,""frame_pitch"":25.425355911254883,""frame_yaw"":1.2107875347137451,""pitch_speed"":0.0,""yaw_speed"":0.0}",2.8085014
28574250060100,target_offset,514,"{""x_angle_offset"":0.5625,""y_angle_offset"":-0.7611269491690176}",2.8347939
28574256027900,attitude,1215,"{""message_type"":""ATTITUDE"",""time_boot_ms"":122870,""roll"":-0.009942720644176006,""pitch"":0.03222090005874634,""yaw"":3.1349406242370605,""rollspeed"":0.031849559396505356,""pitchspeed"":-0.024449802935123444,""yawspeed"":-0.005090317688882351}",2.8407617
28574266787600,fov,2595,"{""zoom"":1.0,""hfov"":90.0,""vfov"":58.71550750732422,""state"":0,""max_aov_h"":90.0,""max_aov_v"":58.71550750732422,""min_aov_h"":1.40625,""min_aov_v"":0.7910428047180176,""max_zoom"":64.0}",2.8515214
28574267175500,gimbal,2595,"{""imu_roll"":0.0,""imu_pitch"":25.089183807373047,""imu_yaw"":1.4514729976654053,""frame_roll"":0.0,""frame_pitch"":25.089183807373047,""frame_yaw"":1.4514729976654053,""pitch_speed"":0.0,""yaw_speed"":0.0}",2.8519093
28574271872400,range,1213,"{""message_type"":""GLOBAL_VISION_POSITION_ESTIMATE"",""x"":46.947547912597656,""y"":39.348907470703125}",2.8566062
28574292294700,range,1214,"{""message_type"":""GLOBAL_VISION_POSITION_ESTIMATE"",""x"":46.947547912597656,""y"":39.348907470703125}",2.8770285
28574292642200,attitude,1216,"{""message_type"":""ATTITUDE"",""time_boot_ms"":122910,""roll"":-0.009116188623011112,""pitch"":0.031045090407133102,""yaw"":3.134528875350952,""rollspeed"":0.006623447872698307,""pitchspeed"":-0.030280472710728645,""yawspeed"":-0.006461457349359989}",2.877376
28574292788300,vfr,610,"{""message_type"":""VFR_HUD"",""airspeed"":28.516111373901367,""alt"":205.39999389648438}",2.8775221
28574292911200,position,610,"{""message_type"":""GLOBAL_POSITION_INT"",""lat"":469511944,""lon"":393490305}",2.877645
28574294459000,target_offset,515,"{""x_angle_offset"":0.5625,""y_angle_offset"":-0.10873242130985966}",2.8791928
28574308682900,fov,2596,"{""zoom"":1.0,""hfov"":90.0,""vfov"":58.71550750732422,""state"":0,""max_aov_h"":90.0,""max_aov_v"":58.71550750732422,""min_aov_h"":1.40625,""min_aov_v"":0.7910428047180176,""max_zoom"":64.0}",2.8934167
28574309171400,gimbal,2596,"{""imu_roll"":0.0,""imu_pitch"":25.0356388092041,""imu_yaw"":1.6843619346618652,""frame_roll"":0.0,""frame_pitch"":25.0356388092041,""frame_yaw"":1.6843619346618652,""pitch_speed"":0.0,""yaw_speed"":0.0}",2.8939052
28574336786000,target_offset,516,"{""x_angle_offset"":0.28125,""y_angle_offset"":0.21746484261971932}",2.9215198
28574350420500,fov,2597,"{""zoom"":1.0,""hfov"":90.0,""vfov"":58.71550750732422,""state"":0,""max_aov_h"":90.0,""max_aov_v"":58.71550750732422,""min_aov_h"":1.40625,""min_aov_v"":0.7910428047180176,""max_zoom"":64.0}",2.9351543
28574350837500,attitude,1217,"{""message_type"":""ATTITUDE"",""time_boot_ms"":122970,""roll"":-0.00968815479427576,""pitch"":0.028952550143003464,""yaw"":3.133847951889038,""rollspeed"":-0.028925875201821327,""pitchspeed"":-0.036100029945373535,""yawspeed"":-0.008570453152060509}",2.9355713
28574352738600,gimbal,2597,"{""imu_roll"":0.0,""imu_pitch"":25.125986099243164,""imu_yaw"":1.8061267137527466,""frame_roll"":0.0,""frame_pitch"":25.125986099243164,""frame_yaw"":1.8061267137527466,""pitch_speed"":0.0,""yaw_speed"":0.0}",2.9374724
28574379624500,target_offset,517,"{""x_angle_offset"":0.28125,""y_angle_offset"":0.5436621065492984}",2.9643583
28574388574600,attitude,1218,"{""message_type"":""ATTITUDE"",""time_boot_ms"":123010,""roll"":-0.011298669502139091,""pitch"":0.027429521083831787,""yaw"":3.1333508491516113,""rollspeed"":-0.04938690736889839,""pitchspeed"":-0.03793489933013916,""yawspeed"":-0.010102572850883007}",2.9733084
28574388716200,vfr,611,"{""message_type"":""VFR_HUD"",""airspeed"":28.463186264038086,""alt"":205.25999450683594}",2.97345
28574388830800,position,611,"{""message_type"":""GLOBAL_POSITION_INT"",""lat"":469511387,""lon"":393490317}",2.9735646
28574398488200,fov,2598,"{""zoom"":1.0,""hfov"":90.0,""vfov"":58.71550750732422,""state"":0,""max_aov_h"":90.0,""max_aov_v"":58.71550750732422,""min_aov_h"":1.40625,""min_aov_v"":0.7910428047180176,""max_zoom"":64.0}",2.983222
28574398805500,gimbal,2598,"{""imu_roll"":0.0,""imu_pitch"":25.38376235961914,""imu_yaw"":1.9394007921218872,""frame_roll"":0.0,""frame_pitch"":25.38376235961914,""frame_yaw"":1.9394007921218872,""pitch_speed"":0.0,""yaw_speed"":0.0}",2.9835393
28574428168100,target_offset,518,"{""x_angle_offset"":0.09375,""y_angle_offset"":0.652394527859158}",3.0129019
28574431231500,range,1215,"{""message_type"":""GLOBAL_VISION_POSITION_ESTIMATE"",""x"":46.94831085205078,""y"":39.348899841308594}",3.0159653
28574434134600,range,1216,"{""message_type"":""GLOBAL_VISION_POSITION_ESTIMATE"",""x"":46.94831085205078,""y"":39.348899841308594}",3.0188684
28574439885300,fov,2599,"{""zoom"":1.0,""hfov"":90.0,""vfov"":58.71550750732422,""state"":0,""max_aov_h"":90.0,""max_aov_v"":58.71550750732422,""min_aov_h"":1.40625,""min_aov_v"":0.7910428047180176,""max_zoom"":64.0}",3.0246191
28574440276100,gimbal,2599,"{""imu_roll"":0.0,""imu_pitch"":25.646575927734375,""imu_yaw"":1.9819960594177246,""frame_roll"":0.0,""frame_pitch"":25.646575927734375,""frame_yaw"":1.9819960594177246,""pitch_speed"":0.0,""yaw_speed"":0.0}",3.0250099
28574450018800,attitude,1219,"{""message_type"":""ATTITUDE"",""time_boot_ms"":123070,""roll"":-0.015187897719442844,""pitch"":0.025136159732937813,""yaw"":3.1325457096099854,""rollspeed"":-0.07261770963668823,""pitchspeed"":-0.037088632583618164,""yawspeed"":-0.011972490698099136}",3.0347526
28574470747900,target_offset,519,"{""x_angle_offset"":0.0,""y_angle_offset"":0.5436621065492984}",3.0554817
28574490088200,fov,2600,"{""zoom"":1.0,""hfov"":90.0,""vfov"":58.71550750732422,""state"":0,""max_aov_h"":90.0,""max_aov_v"":58.71550750732422,""min_aov_h"":1.40625,""min_aov_v"":0.7910428047180176,""max_zoom"":64.0}",3.074822
28574490549700,gimbal,2600,"{""imu_roll"":0.0,""imu_pitch"":25.900915145874023,""imu_yaw"":1.992453694343567,""frame_roll"":0.0,""frame_pitch"":25.900915145874023,""frame_yaw"":1.992453694343567,""pitch_speed"":0.0,""yaw_speed"":0.0}",3.0752835
28574493885400,position,612,"{""message_type"":""GLOBAL_POSITION_INT"",""lat"":469511387,""lon"":393490317}",3.0786192
28574494011800,vfr,612,"{""message_type"":""VFR_HUD"",""airspeed"":28.42608070373535,""alt"":205.12998962402344}",3.0787456
28574494227200,attitude,1220,"{""message_type"":""ATTITUDE"",""time_boot_ms"":123110,""roll"":-0.018368002027273178,""pitch"":0.02369995042681694,""yaw"":3.131992816925049,""rollspeed"":-0.08248674869537354,""pitchspeed"":-0.03458885848522186,""yawspeed"":-0.013089509680867195}",3.078961
28574520361900,target_offset,520,"{""x_angle_offset"":0.0,""y_angle_offset"":0.21746484261971932}",3.1050957
28574537328700,fov,2601,"{""zoom"":1.0,""hfov"":90.0,""vfov"":58.71550750732422,""state"":0,""max_aov_h"":90.0,""max_aov_v"":58.71550750732422,""min_aov_h"":1.40625,""min_aov_v"":0.7910428047180176,""max_zoom"":64.0}",3.1220625
28574537766200,gimbal,2601,"{""imu_roll"":0.0,""imu_pitch"":25.99578285217285,""imu_yaw"":1.9974091053009033,""frame_roll"":0.0,""frame_pitch"":25.99578285217285,""frame_yaw"":1.9974091053009033,""pitch_speed"":0.0,""yaw_speed"":0.0}",3.1225
28574557428700,attitude,1221,"{""message_type"":""ATTITUDE"",""time_boot_ms"":123170,""roll"":-0.02355325035750866,""pitch"":0.021819179877638817,""yaw"":3.1311261653900146,""rollspeed"":-0.08869126439094543,""pitchspeed"":-0.028511494398117065,""yawspeed"":-0.01417591329663992}",3.1421625
28574568645900,target_offset,521,"{""x_angle_offset"":-0.09375,""y_angle_offset"":-0.10873242130985966}",3.1533797
28574583877400,range,1217,"{""message_type"":""GLOBAL_VISION_POSITION_ESTIMATE"",""x"":46.94831085205078,""y"":39.34889221191406}",3.1686112
28574588655200,fov,2602,"{""zoom"":1.0,""hfov"":90.0,""vfov"":58.71550750732422,""state"":0,""max_aov_h"":90.0,""max_aov_v"":58.71550750732422,""min_aov_h"":1.40625,""min_aov_v"":0.7910428047180176,""max_zoom"":64.0}",3.173389
28574589100500,gimbal,2602,"{""imu_roll"":0.0,""imu_pitch"":25.938283920288086,""imu_yaw"":1.9558871984481812,""frame_roll"":0.0,""frame_pitch"":25.938283920288086,""frame_yaw"":1.9558871984481812,""pitch_speed"":0.0,""yaw_speed"":0.0}",3.1738343
28574606165600,range,1218,"{""message_type"":""GLOBAL_VISION_POSITION_ESTIMATE"",""x"":46.94831085205078,""y"":39.34889221191406}",3.1908994
28574606683600,attitude,1222,"{""message_type"":""ATTITUDE"",""time_boot_ms"":123210,""roll"":-0.02701902948319912,""pitch"":0.020794861018657684,""yaw"":3.130546808242798,""rollspeed"":-0.08690858632326126,""pitchspeed"":-0.02370588853955269,""yawspeed"":-0.01463492400944233}",3.1914174
28574606870300,vfr,613,"{""message_type"":""VFR_HUD"",""airspeed"":28.40007781982422,""alt"":204.97999572753906}",3.1916041
28574607071900,position,613,"{""message_type"":""GLOBAL_POSITION_INT"",""lat"":469510830,""lon"":393490334}",3.1918057
28574617540500,target_offset,522,"{""x_angle_offset"":-0.09375,""y_angle_offset"":-0.326197263929579}",3.2022743
28574638687400,fov,2603,"{""zoom"":1.0,""hfov"":90.0,""vfov"":58.71550750732422,""state"":0,""max_aov_h"":90.0,""max_aov_v"":58.71550750732422,""min_aov_h"":1.40625,""min_aov_v"":0.7910428047180176,""max_zoom"":64.0}",3.2234212
28574639012500,gimbal,2603,"{""imu_roll"":0.0,""imu_pitch"":25.763822555541992,""imu_yaw"":1.9143444299697876,""frame_roll"":0.0,""frame_pitch"":25.763822555541992,""frame_yaw"":1.9143444299697876,""pitch_speed"":0.0,""yaw_speed"":0.0}",3.2237463
28574668414200,target_offset,523,"{""x_angle_offset"":-0.1875,""y_angle_offset"":-0.326197263929579}",3.253148
28574678279200,attitude,1223,"{""message_type"":""ATTITUDE"",""time_boot_ms"":123270,""roll"":-0.03196797892451286,""pitch"":0.019610147923231125,""yaw"":3.129668951034546,""rollspeed"":-0.07303716987371445,""pitchspeed"":-0.016522809863090515,""yawspeed"":-0.014490369707345963}",3.263013
28574679389900,fov,2604,"{""zoom"":1.0,""hfov"":90.0,""vfov"":58.71550750732422,""state"":0,""max_aov_h"":90.0,""max_aov_v"":58.71550750732422,""min_aov_h"":1.40625,""min_aov_v"":0.7910428047180176,""max_zoom"":64.0}",3.2641237
28574680713700,gimbal,2604,"{""imu_roll"":0.0,""imu_pitch"":25.69891929626465,""imu_yaw"":1.907078742980957,""frame_roll"":0.0,""frame_pitch"":25.69891929626465,""frame_yaw"":1.907078742980957,""pitch_speed"":0.0,""yaw_speed"":0.0}",3.2654475
28574708713400,target_offset,524,"{""x_angle_offset"":-0.28125,""y_angle_offset"":-0.326197263929579}",3.2934472
28574717438900,vfr,614,"{""message_type"":""VFR_HUD"",""airspeed"":28.381860733032227,""alt"":204.8199920654297}",3.3021727
28574718118700,position,614,"{""message_type"":""GLOBAL_POSITION_INT"",""lat"":469510830,""lon"":393490334}",3.3028525
28574719405000,attitude,1224,"{""message_type"":""ATTITUDE"",""time_boot_ms"":123310,""roll"":-0.034579500555992126,""pitch"":0.019054049625992775,""yaw"":3.129103660583496,""rollspeed"":-0.05734938010573387,""pitchspeed"":-0.011879142373800278,""yawspeed"":-0.01392698846757412}",3.3041388
28574723253000,fov,2605,"{""zoom"":1.0,""hfov"":90.0,""vfov"":58.71550750732422,""state"":0,""max_aov_h"":90.0,""max_aov_v"":58.71550750732422,""min_aov_h"":1.40625,""min_aov_v"":0.7910428047180176,""max_zoom"":64.0}",3.3079868
28574723735600,gimbal,2605,"{""imu_roll"":0.0,""imu_pitch"":25.545236587524414,""imu_yaw"":1.7835586071014404,""frame_roll"":0.0,""frame_pitch"":25.545236587524414,""frame_yaw"":1.7835586071014404,""pitch_speed"":0.0,""yaw_speed"":0.0}",3.3084694
28574751658600,target_offset,525,"{""x_angle_offset"":-0.28125,""y_angle_offset"":0.0}",3.3363924
28574758270000,range,1219,"{""message_type"":""GLOBAL_VISION_POSITION_ESTIMATE"",""x"":46.948246002197266,""y"":39.34889221191406}",3.3430038
28574759772900,range,1220,"{""message_type"":""GLOBAL_VISION_POSITION_ESTIMATE"",""x"":46.948246002197266,""y"":39.34889221191406}",3.3445067
28574766641700,fov,2606,"{""zoom"":1.0,""hfov"":90.0,""vfov"":58.71550750732422,""state"":0,""max_aov_h"":90.0,""max_aov_v"":58.71550750732422,""min_aov_h"":1.40625,""min_aov_v"":0.7910428047180176,""max_zoom"":64.0}",3.3513755
28574767641200,gimbal,2606,"{""imu_roll"":0.0,""imu_pitch"":25.539398193359375,""imu_yaw"":1.6645139455795288,""frame_roll"":0.0,""frame_pitch"":25.539398193359375,""frame_yaw"":1.6645139455795288,""pitch_speed"":0.0,""yaw_speed"":0.0}",3.352375
28574777501400,attitude,1225,"{""message_type"":""ATTITUDE"",""time_boot_ms"":123370,""roll"":-0.03704966604709625,""pitch"":0.018530068919062614,""yaw"":3.1283013820648193,""rollspeed"":-0.026630030944943428,""pitchspeed"":-0.005993658676743507,""yawspeed"":-0.012388031929731369}",3.3622352
28574796648700,target_offset,526,"{""x_angle_offset"":-0.28125,""y_angle_offset"":0.0}",3.3813825
28574815317100,fov,2607,"{""zoom"":1.0,""hfov"":90.0,""vfov"":58.71550750732422,""state"":0,""max_aov_h"":90.0,""max_aov_v"":58.71550750732422,""min_aov_h"":1.40625,""min_aov_v"":0.7910428047180176,""max_zoom"":64.0}",3.4000509
28574816077200,gimbal,2607,"{""imu_roll"":0.0,""imu_pitch"":25.53607749938965,""imu_yaw"":1.5358777046203613,""frame_roll"":0.0,""frame_pitch"":25.53607749938965,""frame_yaw"":1.5358777046203613,""pitch_speed"":0.0,""yaw_speed"":0.0}",3.400811
28574818815600,position,615,"{""message_type"":""GLOBAL_POSITION_INT"",""lat"":469510830,""lon"":393490334}",3.4035494
28574819195900,attitude,1226,"{""message_type"":""ATTITUDE"",""time_boot_ms"":123410,""roll"":-0.03757147118449211,""pitch"":0.018352922052145004,""yaw"":3.127804756164551,""rollspeed"":-0.0035850470885634422,""pitchspeed"":-0.0027573697734624147,""yawspeed"":-0.011029749177396297}",3.4039297
28574819377800,vfr,615,"{""message_type"":""VFR_HUD"",""airspeed"":28.369104385375977,""alt"":204.64999389648438}",3.4041116
28574845590800,target_offset,527,"{""x_angle_offset"":-0.28125,""y_angle_offset"":0.10873242130985966}",3.4303246
28574860205600,fov,2608,"{""zoom"":1.0,""hfov"":90.0,""vfov"":58.71550750732422,""state"":0,""max_aov_h"":90.0,""max_aov_v"":58.71550750732422,""min_aov_h"":1.40625,""min_aov_v"":0.7910428047180176,""max_zoom"":64.0}",3.4449394
28574860501200,gimbal,2608,"{""imu_roll"":0.0,""imu_pitch"":25.585962295532227,""imu_yaw"":1.4103906154632568,""frame_roll"":0.0,""frame_pitch"":25.585962295532227,""frame_yaw"":1.4103906154632568,""pitch_speed"":0.0,""yaw_speed"":0.0}",3.445235
28574880278900,attitude,1227,"{""message_type"":""ATTITUDE"",""time_boot_ms"":123470,""roll"":-0.03648463264107704,""pitch"":0.018264032900333405,""yaw"":3.1271419525146484,""rollspeed"":0.03163350373506546,""pitchspeed"":0.001013300847262144,""yawspeed"":-0.00862555019557476}",3.4650127
28574889699200,target_offset,528,"{""x_angle_offset"":-0.28125,""y_angle_offset"":0.10873242130985966}",3.474433
28574907736700,fov,2609,"{""zoom"":1.0,""hfov"":90.0,""vfov"":58.71550750732422,""state"":0,""max_aov_h"":90.0,""max_aov_v"":58.71550750732422,""min_aov_h"":1.40625,""min_aov_v"":0.7910428047180176,""max_zoom"":64.0}",3.4924705
28574908072200,gimbal,2609,"{""imu_roll"":0.0,""imu_pitch"":25.633045196533203,""imu_yaw"":1.2805671691894531,""frame_roll"":0.0,""frame_pitch"":25.633045196533203,""frame_yaw"":1.2805671691894531,""pitch_speed"":0.0,""yaw_speed"":0.0}",3.492806
28574908724700,range,1221,"{""message_type"":""GLOBAL_VISION_POSITION_ESTIMATE"",""x"":46.948246002197266,""y"":39.34892654418945}",3.4934585
28574918927400,range,1222,"{""message_type"":""GLOBAL_VISION_POSITION_ESTIMATE"",""x"":46.948246002197266,""y"":39.34892654418945}",3.5036612
28574919231500,attitude,1228,"{""message_type"":""ATTITUDE"",""time_boot_ms"":123510,""roll"":-0.03458166867494583,""pitch"":0.018295010551810265,""yaw"":3.1267402172088623,""rollspeed"":0.05426793918013573,""pitchspeed"":0.002591235563158989,""yawspeed"":-0.0069503518752753735}",3.5039653
28574919372800,vfr,616,"{""message_type"":""VFR_HUD"",""airspeed"":28.36016845703125,""alt"":204.47000122070312}",3.5041066
28574919501700,position,616,"{""message_type"":""GLOBAL_POSITION_INT"",""lat"":469510271,""lon"":393490353}",3.5042355
28574937211000,target_offset,529,"{""x_angle_offset"":-0.1875,""y_angle_offset"":0.21746484261971932}",3.5219448
28574951503000,fov,2610,"{""zoom"":1.0,""hfov"":90.0,""vfov"":58.71550750732422,""state"":0,""max_aov_h"":90.0,""max_aov_v"":58.71550750732422,""min_aov_h"":1.40625,""min_aov_v"":0.7910428047180176,""max_zoom"":64.0}",3.5362368
28574952471300,gimbal,2610,"{""imu_roll"":0.0,""imu_pitch"":25.722227096557617,""imu_yaw"":1.1959753036499023,""frame_roll"":0.0,""frame_pitch"":25.722227096557617,""frame_yaw"":1.1959753036499023,""pitch_speed"":0.0,""yaw_speed"":0.0}",3.5372051
28574978914900,target_offset,530,"{""x_angle_offset"":-0.1875,""y_angle_offset"":0.21746484261971932}",3.5636487
28574986439700,attitude,1229,"{""message_type"":""ATTITUDE"",""time_boot_ms"":123570,""roll"":-0.03016345202922821,""pitch"":0.01842430979013443,""yaw"":3.126232624053955,""rollspeed"":0.08469861000776291,""pitchspeed"":0.0038410513661801815,""yawspeed"":-0.004291050136089325}",3.5711735
28575001243800,fov,2611,"{""zoom"":1.0,""hfov"":90.0,""vfov"":58.71550750732422,""state"":0,""max_aov_h"":90.0,""max_aov_v"":58.71550750732422,""min_aov_h"":1.40625,""min_aov_v"":0.7910428047180176,""max_zoom"":64.0}",3.5859776
28575002091200,gimbal,2611,"{""imu_roll"":0.0,""imu_pitch"":25.822872161865234,""imu_yaw"":1.0961424112319946,""frame_roll"":0.0,""frame_pitch"":25.822872161865234,""frame_yaw"":1.0961424112319946,""pitch_speed"":0.0,""yaw_speed"":0.0}",3.586825
28575015078900,position,617,"{""message_type"":""GLOBAL_POSITION_INT"",""lat"":469510271,""lon"":393490353}",3.5998127
28575015345700,attitude,1230,"{""message_type"":""ATTITUDE"",""time_boot_ms"":123610,""roll"":-0.02633180283010006,""pitch"":0.018524877727031708,""yaw"":3.125931739807129,""rollspeed"":0.10095791518688202,""pitchspeed"":0.003894672729074955,""yawspeed"":-0.0025936115998774767}",3.6000795
28575015519000,vfr,617,"{""message_type"":""VFR_HUD"",""airspeed"":28.353912353515625,""alt"":204.2899932861328}",3.6002528
28575031514000,target_offset,531,"{""x_angle_offset"":0.09375,""y_angle_offset"":0.21746484261971932}",3.6162478
28575045055800,fov,2612,"{""zoom"":1.0,""hfov"":90.0,""vfov"":58.71550750732422,""state"":0,""max_aov_h"":90.0,""max_aov_v"":58.71550750732422,""min_aov_h"":1.40625,""min_aov_v"":0.7910428047180176,""max_zoom"":64.0}",3.6297896
28575045341700,gimbal,2612,"{""imu_roll"":0.0,""imu_pitch"":25.86892318725586,""imu_yaw"":1.0496525764465332,""frame_roll"":0.0,""frame_pitch"":25.86892318725586,""frame_yaw"":1.0496525764465332,""pitch_speed"":0.0,""yaw_speed"":0.0}",3.6300755
28575063668400,range,1223,"{""message_type"":""GLOBAL_VISION_POSITION_ESTIMATE"",""x"":46.94819259643555,""y"":39.348976135253906}",3.6484022
28575073018900,target_offset,532,"{""x_angle_offset"":0.09375,""y_angle_offset"":0.21746484261971932}",3.6577527
28575080162500,range,1224,"{""message_type"":""GLOBAL_VISION_POSITION_ESTIMATE"",""x"":46.94819259643555,""y"":39.348976135253906}",3.6648963
28575080365100,attitude,1231,"{""message_type"":""ATTITUDE"",""time_boot_ms"":123670,""roll"":-0.019556645303964615,""pitch"":0.018681388348340988,""yaw"":3.1255743503570557,""rollspeed"":0.1171879991889,""pitchspeed"":0.0030218048486858606,""yawspeed"":-0.0003918535076081753}",3.6650989
28575090861700,fov,2613,"{""zoom"":1.0,""hfov"":90.0,""vfov"":58.71550750732422,""state"":0,""max_aov_h"":90.0,""max_aov_v"":58.71550750732422,""min_aov_h"":1.40625,""min_aov_v"":0.7910428047180176,""max_zoom"":64.0}",3.6755955
28575091370400,gimbal,2613,"{""imu_roll"":0.0,""imu_pitch"":25.968276977539062,""imu_yaw"":1.08999502658844,""frame_roll"":0.0,""frame_pitch"":25.968276977539062,""frame_yaw"":1.08999502658844,""pitch_speed"":0.0,""yaw_speed"":0.0}",3.6761042
28575120051500,attitude,1232,"{""message_type"":""ATTITUDE"",""time_boot_ms"":123710,""roll"":-0.014576186425983906,""pitch"":0.01873953826725483,""yaw"":3.1253623962402344,""rollspeed"":0.12188080698251724,""pitchspeed"":0.0009053791873157024,""yawspeed"":0.0007728170603513718}",3.7047853
28575120591700,vfr,618,"{""message_type"":""VFR_HUD"",""airspeed"":28.349533081054688,""alt"":204.09999084472656}",3.7053255
28575121078400,position,618,"{""message_type"":""GLOBAL_POSITION_INT"",""lat"":469509712,""lon"":393490371}",3.7058122
28575121729700,target_offset,533,"{""x_angle_offset"":0.375,""y_angle_offset"":0.21746484261971932}",3.7064635
28575132191800,fov,2614,"{""zoom"":1.0,""hfov"":90.0,""vfov"":58.71550750732422,""state"":0,""max_aov_h"":90.0,""max_aov_v"":58.71550750732422,""min_aov_h"":1.40625,""min_aov_v"":0.7910428047180176,""max_zoom"":64.0}",3.7169256
28575132680100,gimbal,2614,"{""imu_roll"":0.0,""imu_pitch"":26.050987243652344,""imu_yaw"":1.2343554496765137,""frame_roll"":0.0,""frame_pitch"":26.050987243652344,""frame_yaw"":1.2343554496765137,""pitch_speed"":0.0,""yaw_speed"":0.0}",3.7174139
28575160389100,target_offset,534,"{""x_angle_offset"":0.375,""y_angle_offset"":0.21746484261971932}",3.7451229
28575170600400,attitude,1233,"{""message_type"":""ATTITUDE"",""time_boot_ms"":123770,""roll"":-0.00714920787140727,""pitch"":0.01859050616621971,""yaw"":3.12509822845459,""rollspeed"":0.11833963543176651,""pitchspeed"":-0.004356953781098127,""yawspeed"":0.0018595391884446144}",3.7553342
28575176066800,fov,2615,"{""zoom"":1.0,""hfov"":90.0,""vfov"":58.71550750732422,""state"":0,""max_aov_h"":90.0,""max_aov_v"":58.71550750732422,""min_aov_h"":1.40625,""min_aov_v"":0.7910428047180176,""max_zoom"":64.0}",3.7608006
28575176597000,gimbal,2615,"{""imu_roll"":0.0,""imu_pitch"":26.144573211669922,""imu_yaw"":1.3960132598876953,""frame_roll"":0.0,""frame_pitch"":26.144573211669922,""frame_yaw"":1.3960132598876953,""pitch_speed"":0.0,""yaw_speed"":0.0}",3.7613308
28575207313300,target_offset,535,"{""x_angle_offset"":0.46875,""y_angle_offset"":0.21746484261971932}",3.7920471
28575213646000,vfr,619,"{""message_type"":""VFR_HUD"",""airspeed"":28.346467971801758,""alt"":203.9199981689453}",3.7983798
28575213979900,position,619,"{""message_type"":""GLOBAL_POSITION_INT"",""lat"":469509712,""lon"":393490371}",3.7987137
28575214304200,attitude,1234,"{""message_type"":""ATTITUDE"",""time_boot_ms"":123810,""roll"":-0.0025468855164945126,""pitch"":0.01830003783106804,""yaw"":3.124913454055786,""rollspeed"":0.10917212069034576,""pitchspeed"":-0.00816989503800869,""yawspeed"":0.0021818922832608223}",3.799038
28575221658700,fov,2616,"{""zoom"":1.0,""hfov"":90.0,""vfov"":58.71550750732422,""state"":0,""max_aov_h"":90.0,""max_aov_v"":58.71550750732422,""min_aov_h"":1.40625,""min_aov_v"":0.7910428047180176,""max_zoom"":64.0}",3.8063925
28575221985300,gimbal,2616,"{""imu_roll"":0.0,""imu_pitch"":26.231550216674805,""imu_yaw"":1.5853608846664429,""frame_roll"":0.0,""frame_pitch"":26.231550216674805,""frame_yaw"":1.5853608846664429,""pitch_speed"":0.0,""yaw_speed"":0.0}",3.8067191
28575233909400,range,1225,"{""message_type"":""GLOBAL_VISION_POSITION_ESTIMATE"",""x"":46.9481315612793,""y"":39.3489875793457}",3.8186432
28575251562700,target_offset,536,"{""x_angle_offset"":0.46875,""y_angle_offset"":0.21746484261971932}",3.8362965
28575258470700,range,1226,"{""message_type"":""GLOBAL_VISION_POSITION_ESTIMATE"",""x"":46.9481315612793,""y"":39.3489875793457}",3.8432045
28575263191100,fov,2617,"{""zoom"":1.0,""hfov"":90.0,""vfov"":58.71550750732422,""state"":0,""max_aov_h"":90.0,""max_aov_v"":58.71550750732422,""min_aov_h"":1.40625,""min_aov_v"":0.7910428047180176,""max_zoom"":64.0}",3.8479249
28575263579200,gimbal,2617,"{""imu_roll"":0.0,""imu_pitch"":26.31692123413086,""imu_yaw"":1.7746814489364624,""frame_roll"":0.0,""frame_pitch"":26.31692123413086,""frame_yaw"":1.7746814489364624,""pitch_speed"":0.0,""yaw_speed"":0.0}",3.848313
28575273433900,attitude,1235,"{""message_type"":""ATTITUDE"",""time_boot_ms"":123870,""roll"":0.003271230962127447,""pitch"":0.017602182924747467,""yaw"":3.1246418952941895,""rollspeed"":0.08541589975357056,""pitchspeed"":-0.013270020484924316,""yawspeed"":0.001904211938381195}",3.8581677
28575292860100,target_offset,537,"{""x_angle_offset"":0.46875,""y_angle_offset"":0.21746484261971932}",3.8775939
28575305103500,fov,2618,"{""zoom"":1.0,""hfov"":90.0,""vfov"":58.71550750732422,""state"":0,""max_aov_h"":90.0,""max_aov_v"":58.71550750732422,""min_aov_h"":1.40625,""min_aov_v"":0.7910428047180176,""max_zoom"":64.0}",3.8898373
28575305595800,gimbal,2618,"{""imu_roll"":0.0,""imu_pitch"":26.40559959411621,""imu_yaw"":1.9725483655929565,""frame_roll"":0.0,""frame_pitch"":26.40559959411621,""frame_yaw"":1.9725483655929565,""pitch_speed"":0.0,""yaw_speed"":0.0}",3.8903296
28575313222000,position,620,"{""message_type"":""GLOBAL_POSITION_INT"",""lat"":469509153,""lon"":393490388}",3.8979558
28575313544100,attitude,1236,"{""message_type"":""ATTITUDE"",""time_boot_ms"":123910,""roll"":0.006226424593478441,""pitch"":0.016999516636133194,""yaw"":3.1244356632232666,""rollspeed"":0.06503326445817947,""pitchspeed"":-0.015743039548397064,""yawspeed"":0.0014046458527445793}",3.8982779
28575313682300,vfr,620,"{""message_type"":""VFR_HUD"",""airspeed"":28.34432029724121,""alt"":203.72999572753906}",3.8984161
28575335937300,target_offset,538,"{""x_angle_offset"":0.46875,""y_angle_offset"":0.10873242130985966}",3.9206711
28575350306100,fov,2619,"{""zoom"":1.0,""hfov"":90.0,""vfov"":58.71550750732422,""state"":0,""max_aov_h"":90.0,""max_aov_v"":58.71550750732422,""min_aov_h"":1.40625,""min_aov_v"":0.7910428047180176,""max_zoom"":64.0}",3.9350399
28575350732600,gimbal,2619,"{""imu_roll"":0.0,""imu_pitch"":26.447614669799805,""imu_yaw"":2.178065776824951,""frame_roll"":0.0,""frame_pitch"":26.447614669799805,""frame_yaw"":2.178065776824951,""pitch_speed"":0.0,""yaw_speed"":0.0}",3.9354664
28575365052800,attitude,1237,"{""message_type"":""ATTITUDE"",""time_boot_ms"":123970,""roll"":0.009038220159709454,""pitch"":0.01595573127269745,""yaw"":3.1241016387939453,""rollspeed"":0.03208433836698532,""pitchspeed"":-0.018261831253767014,""yawspeed"":0.00012705475091934204}",3.9497866
28575375466900,range,1227,"{""message_type"":""GLOBAL_VISION_POSITION_ESTIMATE"",""x"":46.94807815551758,""y"":39.348976135253906}",3.9602007
28575381482700,target_offset,539,"{""x_angle_offset"":0.46875,""y_angle_offset"":0.10873242130985966}",3.9662165
28575389946300,range,1228,"{""message_type"":""GLOBAL_VISION_POSITION_ESTIMATE"",""x"":46.94807815551758,""y"":39.348976135253906}",3.9746801
28575393185100,fov,2620,"{""zoom"":1.0,""hfov"":90.0,""vfov"":58.71550750732422,""state"":0,""max_aov_h"":90.0,""max_aov_v"":58.71550750732422,""min_aov_h"":1.40625,""min_aov_v"":0.7910428047180176,""max_zoom"":64.0}",3.9779189
28575395695600,gimbal,2620,"{""imu_roll"":0.0,""imu_pitch"":26.48821449279785,""imu_yaw"":2.3707916736602783,""frame_roll"":0.0,""frame_pitch"":26.48821449279785,""frame_yaw"":2.3707916736602783,""pitch_speed"":0.0,""yaw_speed"":0.0}",3.9804294
28575406208400,attitude,1238,"{""message_type"":""ATTITUDE"",""time_boot_ms"":124010,""roll"":0.009776303544640541,""pitch"":0.015215261839330196,""yaw"":3.1238536834716797,""rollspeed"":0.009240495972335339,""pitchspeed"":-0.01879579946398735,""yawspeed"":-0.0009219651110470295}",3.9909422
28575406386200,vfr,621,"{""message_type"":""VFR_HUD"",""airspeed"":28.342817306518555,""alt"":203.52999877929688}",3.99112
28575406546300,position,621,"{""message_type"":""GLOBAL_POSITION_INT"",""lat"":469509153,""lon"":393490388}",3.9912801
28575421785600,target_offset,540,"{""x_angle_offset"":0.46875,""y_angle_offset"":0.0}",4.0065194
28575441008600,fov,2621,"{""zoom"":1.0,""hfov"":90.0,""vfov"":58.71550750732422,""state"":0,""max_aov_h"":90.0,""max_aov_v"":58.71550750732422,""min_aov_h"":1.40625,""min_aov_v"":0.7910428047180176,""max_zoom"":64.0}",4.0257424
28575441331800,gimbal,2621,"{""imu_roll"":0.0,""imu_pitch"":26.482938766479492,""imu_yaw"":2.588606595993042,""frame_roll"":0.0,""frame_pitch"":26.482938766479492,""frame_yaw"":2.588606595993042,""pitch_speed"":0.0,""yaw_speed"":0.0}",4.0260656
28575465535900,attitude,1239,"{""message_type"":""ATTITUDE"",""time_boot_ms"":124070,""roll"":0.009221582673490047,""pitch"":0.014073623344302177,""yaw"":3.123441219329834,""rollspeed"":-0.023397216573357582,""pitchspeed"":-0.01933961547911167,""yawspeed"":-0.00263973418623209}",4.0502697
28575470363500,target_offset,541,"{""x_angle_offset"":0.375,""y_angle_offset"":0.0}",4.0550973
28575489484000,fov,2622,"{""zoom"":1.0,""hfov"":90.0,""vfov"":58.71550750732422,""state"":0,""max_aov_h"":90.0,""max_aov_v"":58.71550750732422,""min_aov_h"":1.40625,""min_aov_v"":0.7910428047180176,""max_zoom"":64.0}",4.0742178
28575489918300,gimbal,2622,"{""imu_roll"":0.0,""imu_pitch"":26.480205535888672,""imu_yaw"":2.7541258335113525,""frame_roll"":0.0,""frame_pitch"":26.480205535888672,""frame_yaw"":2.7541258335113525,""pitch_speed"":0.0,""yaw_speed"":0.0}",4.0746521
28575510031700,vfr,622,"{""message_type"":""VFR_HUD"",""airspeed"":28.341766357421875,""alt"":203.33999633789062}",4.0947655
28575510205600,position,622,"{""message_type"":""GLOBAL_POSITION_INT"",""lat"":469508593,""lon"":393490406}",4.0949394
28575510503600,attitude,1240,"{""message_type"":""ATTITUDE"",""time_boot_ms"":124110,""roll"":0.00776635343208909,""pitch"":0.013291330076754093,""yaw"":3.1231420040130615,""rollspeed"":-0.042213134467601776,""pitchspeed"":-0.02055499702692032,""yawspeed"":-0.003898841328918934}",4.0952374
28575518162800,target_offset,542,"{""x_angle_offset"":0.28125,""y_angle_offset"":-0.10873242130985966}",4.1028966
28575530676600,range,1229,"{""message_type"":""GLOBAL_VISION_POSITION_ESTIMATE"",""x"":46.948020935058594,""y"":39.348934173583984}",4.1154104
28575535466500,fov,2623,"{""zoom"":1.0,""hfov"":90.0,""vfov"":58.71550750732422,""state"":0,""max_aov_h"":90.0,""max_aov_v"":58.71550750732422,""min_aov_h"":1.40625,""min_aov_v"":0.7910428047180176,""max_zoom"":64.0}",4.1202003
28575535982000,range,1230,"{""message_type"":""GLOBAL_VISION_POSITION_ESTIMATE"",""x"":46.948020935058594,""y"":39.348934173583984}",4.1207158
28575536211300,gimbal,2623,"{""imu_roll"":0.0,""imu_pitch"":26.428295135498047,""imu_yaw"":2.8836278915405273,""frame_roll"":0.0,""frame_pitch"":26.428295135498047,""frame_yaw"":2.8836278915405273,""pitch_speed"":0.0,""yaw_speed"":0.0}",4.1209451
28575569467800,target_offset,543,"{""x_angle_offset"":0.0,""y_angle_offset"":-0.10873242130985966}",4.1542016
28575578250000,attitude,1241,"{""message_type"":""ATTITUDE"",""time_boot_ms"":124170,""roll"":0.004239401780068874,""pitch"":0.011970503255724907,""yaw"":3.122652769088745,""rollspeed"":-0.0644519105553627,""pitchspeed"":-0.024497149512171745,""yawspeed"":-0.005395983345806599}",4.1629838
28575587200400,fov,2624,"{""zoom"":1.0,""hfov"":90.0,""vfov"":58.71550750732422,""state"":0,""max_aov_h"":90.0,""max_aov_v"":58.71550750732422,""min_aov_h"":1.40625,""min_aov_v"":0.7910428047180176,""max_zoom"":64.0}",4.1719342
28575587594900,gimbal,2624,"{""imu_roll"":0.0,""imu_pitch"":26.3599853515625,""imu_yaw"":2.885166883468628,""frame_roll"":0.0,""frame_pitch"":26.3599853515625,""frame_yaw"":2.885166883468628,""pitch_speed"":0.0,""yaw_speed"":0.0}",4.1723287
28575616326400,target_offset,544,"{""x_angle_offset"":0.0,""y_angle_offset"":-0.10873242130985966}",4.2010602
28575622636000,vfr,623,"{""message_type"":""VFR_HUD"",""airspeed"":28.37166976928711,""alt"":203.13999938964844}",4.2073698
28575622971500,attitude,1242,"{""message_type"":""ATTITUDE"",""time_boot_ms"":124210,""roll"":0.0013217681553214788,""pitch"":0.01090145017951727,""yaw"":3.122321367263794,""rollspeed"":-0.07428696006536484,""pitchspeed"":-0.028821272775530815,""yawspeed"":-0.006370631046593189}",4.2077053
28575623068000,position,623,"{""message_type"":""GLOBAL_POSITION_INT"",""lat"":469508593,""lon"":393490406}",4.2078018
28575633970200,fov,2625,"{""zoom"":1.0,""hfov"":90.0,""vfov"":58.71550750732422,""state"":0,""max_aov_h"":90.0,""max_aov_v"":58.71550750732422,""min_aov_h"":1.40625,""min_aov_v"":0.7910428047180176,""max_zoom"":64.0}",4.218704
28575634278900,gimbal,2625,"{""imu_roll"":0.0,""imu_pitch"":26.302433013916016,""imu_yaw"":2.8869614601135254,""frame_roll"":0.0,""frame_pitch"":26.302433013916016,""frame_yaw"":2.8869614601135254,""pitch_speed"":0.0,""yaw_speed"":0.0}",4.2190127
28575660997500,target_offset,545,"{""x_angle_offset"":-0.09375,""y_angle_offset"":0.0}",4.2457313
28575674282200,attitude,1243,"{""message_type"":""ATTITUDE"",""time_boot_ms"":124270,""roll"":-0.0034341539721935987,""pitch"":0.008882627822458744,""yaw"":3.1218063831329346,""rollspeed"":-0.07958809286355972,""pitchspeed"":-0.037625547498464584,""yawspeed"":-0.007323169149458408}",4.259016
28575680648100,fov,2626,"{""zoom"":1.0,""hfov"":90.0,""vfov"":58.71550750732422,""state"":0,""max_aov_h"":90.0,""max_aov_v"":58.71550750732422,""min_aov_h"":1.40625,""min_aov_v"":0.7910428047180176,""max_zoom"":64.0}",4.2653819
28575681239200,gimbal,2626,"{""imu_roll"":0.0,""imu_pitch"":26.301898956298828,""imu_yaw"":2.8480873107910156,""frame_roll"":0.0,""frame_pitch"":26.301898956298828,""frame_yaw"":2.8480873107910156,""pitch_speed"":0.0,""yaw_speed"":0.0}",4.265973
28575687437600,range,1231,"{""message_type"":""GLOBAL_VISION_POSITION_ESTIMATE"",""x"":46.948020935058594,""y"":39.34891128540039}",4.2721714
28575693393200,range,1232,"{""message_type"":""GLOBAL_VISION_POSITION_ESTIMATE"",""x"":46.948020935058594,""y"":39.34891128540039}",4.278127
28575708890700,target_offset,546,"{""x_angle_offset"":-0.09375,""y_angle_offset"":0.0}",4.2936245
28575715826300,vfr,624,"{""message_type"":""VFR_HUD"",""airspeed"":28.392581939697266,""alt"":202.94000244140625}",4.3005601
28575716616400,position,624,"{""message_type"":""GLOBAL_POSITION_INT"",""lat"":469508029,""lon"":393490428}",4.3013502
28575717568300,attitude,1244,"{""message_type"":""ATTITUDE"",""time_boot_ms"":124310,""roll"":-0.0066095516085624695,""pitch"":0.007243297528475523,""yaw"":3.1214756965637207,""rollspeed"":-0.07813197374343872,""pitchspeed"":-0.0431937649846077,""yawspeed"":-0.0077041215263307095}",4.3023021
28575722123400,fov,2627,"{""zoom"":1.0,""hfov"":90.0,""vfov"":58.71550750732422,""state"":0,""max_aov_h"":90.0,""max_aov_v"":58.71550750732422,""min_aov_h"":1.40625,""min_aov_v"":0.7910428047180176,""max_zoom"":64.0}",4.3068572
28575722620200,gimbal,2627,"{""imu_roll"":0.0,""imu_pitch"":26.301624298095703,""imu_yaw"":2.8090343475341797,""frame_roll"":0.0,""frame_pitch"":26.301624298095703,""frame_yaw"":2.8090343475341797,""pitch_speed"":0.0,""yaw_speed"":0.0}",4.307354
28575753443000,target_offset,547,"{""x_angle_offset"":-0.1875,""y_angle_offset"":0.10873242130985966}",4.3381768
28575767276100,fov,2628,"{""zoom"":1.0,""hfov"":90.0,""vfov"":58.71550750732422,""state"":0,""max_aov_h"":90.0,""max_aov_v"":58.71550750732422,""min_aov_h"":1.40625,""min_aov_v"":0.7910428047180176,""max_zoom"":64.0}",4.3520099
28575767841400,gimbal,2628,"{""imu_roll"":0.0,""imu_pitch"":26.339845657348633,""imu_yaw"":2.7295918464660645,""frame_roll"":0.0,""frame_pitch"":26.339845657348633,""frame_yaw"":2.7295918464660645,""pitch_speed"":0.0,""yaw_speed"":0.0}",4.3525752
28575777980100,attitude,1245,"{""message_type"":""ATTITUDE"",""time_boot_ms"":124370,""roll"":-0.011168048717081547,""pitch"":0.004133311565965414,""yaw"":3.1209919452667236,""rollspeed"":-0.06776449829339981,""pitchspeed"":-0.05100603029131889,""yawspeed"":-0.007856064476072788}",4.3627139
28575795032200,target_offset,548,"{""x_angle_offset"":-0.28125,""y_angle_offset"":0.10873242130985966}",4.379766
28575812008800,fov,2629,"{""zoom"":1.0,""hfov"":90.0,""vfov"":58.71550750732422,""state"":0,""max_aov_h"":90.0,""max_aov_v"":58.71550750732422,""min_aov_h"":1.40625,""min_aov_v"":0.7910428047180176,""max_zoom"":64.0}",4.3967426
28575812552200,gimbal,2629,"{""imu_roll"":0.0,""imu_pitch"":26.38143539428711,""imu_yaw"":2.605497360229492,""frame_roll"":0.0,""frame_pitch"":26.38143539428711,""frame_yaw"":2.605497360229492,""pitch_speed"":0.0,""yaw_speed"":0.0}",4.397286
28575819421500,position,625,"{""message_type"":""GLOBAL_POSITION_INT"",""lat"":469508029,""lon"":393490428}",4.4041553
28575819700700,attitude,1246,"{""message_type"":""ATTITUDE"",""time_boot_ms"":124410,""roll"":-0.013677028007805347,""pitch"":0.0018052894156426191,""yaw"":3.120694398880005,""rollspeed"":-0.05566834285855293,""pitchspeed"":-0.055975619703531265,""yawspeed"":-0.007703700102865696}",4.4044345
28575819837900,vfr,625,"{""message_type"":""VFR_HUD"",""airspeed"":28.40721321105957,""alt"":202.72999572753906}",4.4045717
28575839368600,target_offset,549,"{""x_angle_offset"":-0.28125,""y_angle_offset"":0.10873242130985966}",4.4241024
28575856645900,fov,2630,"{""zoom"":1.0,""hfov"":90.0,""vfov"":58.71550750732422,""state"":0,""max_aov_h"":90.0,""max_aov_v"":58.71550750732422,""min_aov_h"":1.40625,""min_aov_v"":0.7910428047180176,""max_zoom"":64.0}",4.4413797
28575856943300,gimbal,2630,"{""imu_roll"":0.0,""imu_pitch"":26.424150466918945,""imu_yaw"":2.4770591259002686,""frame_roll"":0.0,""frame_pitch"":26.424150466918945,""frame_yaw"":2.4770591259002686,""pitch_speed"":0.0,""yaw_speed"":0.0}",4.4416771
28575858141100,range,1233,"{""message_type"":""GLOBAL_VISION_POSITION_ESTIMATE"",""x"":46.947967529296875,""y"":39.34892272949219}",4.4428749
28575880783800,range,1234,"{""message_type"":""GLOBAL_VISION_POSITION_ESTIMATE"",""x"":46.947967529296875,""y"":39.34892272949219}",4.4655176
28575881127000,attitude,1247,"{""message_type"":""ATTITUDE"",""time_boot_ms"":124470,""roll"":-0.016382461413741112,""pitch"":-0.0020278270822018385,""yaw"":3.1202967166900635,""rollspeed"":-0.03351658210158348,""pitchspeed"":-0.06269066780805588,""yawspeed"":-0.006758850067853928}",4.4658608
28575884665400,target_offset,550,"{""x_angle_offset"":-0.28125,""y_angle_offset"":0.10873242130985966}",4.4693992
28575899918100,fov,2631,"{""zoom"":1.0,""hfov"":90.0,""vfov"":58.71550750732422,""state"":0,""max_aov_h"":90.0,""max_aov_v"":58.71550750732422,""min_aov_h"":1.40625,""min_aov_v"":0.7910428047180176,""max_zoom"":64.0}",4.4846519
28575900306800,gimbal,2631,"{""imu_roll"":0.0,""imu_pitch"":26.466064453125,""imu_yaw"":2.350064992904663,""frame_roll"":0.0,""frame_pitch"":26.466064453125,""frame_yaw"":2.350064992904663,""pitch_speed"":0.0,""yaw_speed"":0.0}",4.4850406
28575922632300,attitude,1248,"{""message_type"":""ATTITUDE"",""time_boot_ms"":124510,""roll"":-0.01735844649374485,""pitch"":-0.004774047061800957,""yaw"":3.1200673580169678,""rollspeed"":-0.01625083014369011,""pitchspeed"":-0.0659816563129425,""yawspeed"":-0.0059661571867764}",4.5073661
28575922917900,vfr,626,"{""message_type"":""VFR_HUD"",""airspeed"":28.417449951171875,""alt"":202.51998901367188}",4.5076517
28575923089500,position,626,"{""message_type"":""GLOBAL_POSITION_INT"",""lat"":469508029,""lon"":393490428}",4.5078233
28575930616500,target_offset,551,"{""x_angle_offset"":-0.28125,""y_angle_offset"":0.10873242130985966}",4.5153503
28575940932900,fov,2632,"{""zoom"":1.0,""hfov"":90.0,""vfov"":58.71550750732422,""state"":0,""max_aov_h"":90.0,""max_aov_v"":58.71550750732422,""min_aov_h"":1.40625,""min_aov_v"":0.7910428047180176,""max_zoom"":64.0}",4.5256667
28575941266600,gimbal,2632,"{""imu_roll"":0.0,""imu_pitch"":26.488265991210938,""imu_yaw"":2.2848525047302246,""frame_roll"":0.0,""frame_pitch"":26.488265991210938,""frame_yaw"":2.2848525047302246,""pitch_speed"":0.0,""yaw_speed"":0.0}",4.5260004
28575969821400,target_offset,552,"{""x_angle_offset"":-0.28125,""y_angle_offset"":0.0}",4.5545552
28575984665500,fov,2633,"{""zoom"":1.0,""hfov"":90.0,""vfov"":58.71550750732422,""state"":0,""max_aov_h"":90.0,""max_aov_v"":58.71550750732422,""min_aov_h"":1.40625,""min_aov_v"":0.7910428047180176,""max_zoom"":64.0}",4.5693993
28575986253400,gimbal,2633,"{""imu_roll"":0.0,""imu_pitch"":26.483299255371094,""imu_yaw"":2.160111665725708,""frame_roll"":0.0,""frame_pitch"":26.483299255371094,""frame_yaw"":2.160111665725708,""pitch_speed"":0.0,""yaw_speed"":0.0}",4.5709872
28575986854400,attitude,1249,"{""message_type"":""ATTITUDE"",""time_boot_ms"":124570,""roll"":-0.017361680045723915,""pitch"":-0.008834784850478172,""yaw"":3.119785785675049,""rollspeed"":0.01195487193763256,""pitchspeed"":-0.0677213966846466,""yawspeed"":-0.004394731484353542}",4.5715882
28576012891300,target_offset,553,"{""x_angle_offset"":-0.1875,""y_angle_offset"":-0.10873242130985966}",4.5976251
28576016007000,range,1235,"{""message_type"":""GLOBAL_VISION_POSITION_ESTIMATE"",""x"":46.947967529296875,""y"":39.348934173583984}",4.6007408
28576025763800,range,1236,"{""message_type"":""GLOBAL_VISION_POSITION_ESTIMATE"",""x"":46.947967529296875,""y"":39.348934173583984}",4.6104976
28576025980400,position,627,"{""message_type"":""GLOBAL_POSITION_INT"",""lat"":469507466,""lon"":393490449}",4.6107142
28576026231200,attitude,1250,"{""message_type"":""ATTITUDE"",""time_boot_ms"":124610,""roll"":-0.016416871920228004,""pitch"":-0.011550374329090118,""yaw"":3.1196303367614746,""rollspeed"":0.0300484336912632,""pitchspeed"":-0.06944164633750916,""yawspeed"":-0.00324002793058753}",4.610965
28576026361400,vfr,627,"{""message_type"":""VFR_HUD"",""airspeed"":28.45528221130371,""alt"":202.2899932861328}",4.6110952
28576028535400,fov,2634,"{""zoom"":1.0,""hfov"":90.0,""vfov"":58.71550750732422,""state"":0,""max_aov_h"":90.0,""max_aov_v"":58.71550750732422,""min_aov_h"":1.40625,""min_aov_v"":0.7910428047180176,""max_zoom"":64.0}",4.6132692
28576029497000,gimbal,2634,"{""imu_roll"":0.0,""imu_pitch"":26.431697845458984,""imu_yaw"":2.069561719894409,""frame_roll"":0.0,""frame_pitch"":26.431697845458984,""frame_yaw"":2.069561719894409,""pitch_speed"":0.0,""yaw_speed"":0.0}",4.6142308
28576057246800,target_offset,554,"{""x_angle_offset"":-0.09375,""y_angle_offset"":-0.10873242130985966}",4.6419806
28576073419500,fov,2635,"{""zoom"":1.0,""hfov"":90.0,""vfov"":58.71550750732422,""state"":0,""max_aov_h"":90.0,""max_aov_v"":58.71550750732422,""min_aov_h"":1.40625,""min_aov_v"":0.7910428047180176,""max_zoom"":64.0}",4.6581533
28576073756400,gimbal,2635,"{""imu_roll"":0.0,""imu_pitch"":26.374181747436523,""imu_yaw"":2.0184311866760254,""frame_roll"":0.0,""frame_pitch"":26.374181747436523,""frame_yaw"":2.0184311866760254,""pitch_speed"":0.0,""yaw_speed"":0.0}",4.6584902
28576086831800,attitude,1251,"{""message_type"":""ATTITUDE"",""time_boot_ms"":124670,""roll"":-0.013722702860832214,""pitch"":-0.015847468748688698,""yaw"":3.119460105895996,""rollspeed"":0.05458884686231613,""pitchspeed"":-0.07444190979003906,""yawspeed"":-0.0015090401284396648}",4.6715656
28576102263800,target_offset,555,"{""x_angle_offset"":-0.09375,""y_angle_offset"":-0.21746484261971932}",4.6869976
28576117640800,fov,2636,"{""zoom"":1.0,""hfov"":90.0,""vfov"":58.71550750732422,""state"":0,""max_aov_h"":90.0,""max_aov_v"":58.71550750732422,""min_aov_h"":1.40625,""min_aov_v"":0.7910428047180176,""max_zoom"":64.0}",4.7023746
28576118051400,gimbal,2636,"{""imu_roll"":0.0,""imu_pitch"":26.274032592773438,""imu_yaw"":1.9690661430358887,""frame_roll"":0.0,""frame_pitch"":26.274032592773438,""frame_yaw"":1.9690661430358887,""pitch_speed"":0.0,""yaw_speed"":0.0}",4.7027852
28576127560600,position,628,"{""message_type"":""GLOBAL_POSITION_INT"",""lat"":469507466,""lon"":393490449}",4.7122944
28576127818100,attitude,1252,"{""message_type"":""ATTITUDE"",""time_boot_ms"":124710,""roll"":-0.01122723612934351,""pitch"":-0.018914883956313133,""yaw"":3.119365692138672,""rollspeed"":0.06747685372829437,""pitchspeed"":-0.07880348712205887,""yawspeed"":-0.0003455476835370064}",4.7125519
28576127947600,vfr,628,"{""message_type"":""VFR_HUD"",""airspeed"":28.481735229492188,""alt"":202.0500030517578}",4.7126814
28576148011100,target_offset,556,"{""x_angle_offset"":0.1875,""y_angle_offset"":-0.326197263929579}",4.7327449
28576156883500,range,1237,"{""message_type"":""GLOBAL_VISION_POSITION_ESTIMATE"",""x"":46.94790267944336,""y"":39.348968505859375}",4.7416173
28576159892800,fov,2637,"{""zoom"":1.0,""hfov"":90.0,""vfov"":58.71550750732422,""state"":0,""max_aov_h"":90.0,""max_aov_v"":58.71550750732422,""min_aov_h"":1.40625,""min_aov_v"":0.7910428047180176,""max_zoom"":64.0}",4.7446266
28576160360600,gimbal,2637,"{""imu_roll"":0.0,""imu_pitch"":26.220312118530273,""imu_yaw"":1.9398598670959473,""frame_roll"":0.0,""frame_pitch"":26.220312118530273,""frame_yaw"":1.9398598670959473,""pitch_speed"":0.0,""yaw_speed"":0.0}",4.7450944
28576168848400,range,1238,"{""message_type"":""GLOBAL_VISION_POSITION_ESTIMATE"",""x"":46.94790267944336,""y"":39.348968505859375}",4.7535822
28576188276300,target_offset,557,"{""x_angle_offset"":0.1875,""y_angle_offset"":-0.326197263929579}",4.7730101
28576194413600,attitude,1253,"{""message_type"":""ATTITUDE"",""time_boot_ms"":124770,""roll"":-0.00665408605709672,""pitch"":-0.02403043769299984,""yaw"":3.1192662715911865,""rollspeed"":0.08052457123994827,""pitchspeed"":-0.08657673746347427,""yawspeed"":0.0009833136573433876}",4.7791474
28576203363000,fov,2638,"{""zoom"":1.0,""hfov"":90.0,""vfov"":58.71550750732422,""state"":0,""max_aov_h"":90.0,""max_aov_v"":58.71550750732422,""min_aov_h"":1.40625,""min_aov_v"":0.7910428047180176,""max_zoom"":64.0}",4.7880968
28576204006900,gimbal,2638,"{""imu_roll"":0.0,""imu_pitch"":26.072237014770508,""imu_yaw"":2.011004686355591,""frame_roll"":0.0,""frame_pitch"":26.072237014770508,""frame_yaw"":2.011004686355591,""pitch_speed"":0.0,""yaw_speed"":0.0}",4.7887407
28576232198500,target_offset,558,"{""x_angle_offset"":0.28125,""y_angle_offset"":-0.326197263929579}",4.8169323
28576238091600,position,629,"{""message_type"":""GLOBAL_POSITION_INT"",""lat"":469506895,""lon"":393490470}",4.8228254
28576239124800,attitude,1254,"{""message_type"":""ATTITUDE"",""time_boot_ms"":124810,""roll"":-0.003196895821020007,""pitch"":-0.02789357863366604,""yaw"":3.1191978454589844,""rollspeed"":0.08482344448566437,""pitchspeed"":-0.09176173061132431,""yawspeed"":0.0017249472439289093}",4.8238586
28576239783200,vfr,629,"{""message_type"":""VFR_HUD"",""airspeed"":28.530826568603516,""alt"":201.7899932861328}",4.824517
28576247371200,fov,2639,"{""zoom"":1.0,""hfov"":90.0,""vfov"":58.71550750732422,""state"":0,""max_aov_h"":90.0,""max_aov_v"":58.71550750732422,""min_aov_h"":1.40625,""min_aov_v"":0.7910428047180176,""max_zoom"":64.0}",4.832105
28576247782700,gimbal,2639,"{""imu_roll"":0.0,""imu_pitch"":25.920766830444336,""imu_yaw"":2.127985954284668,""frame_roll"":0.0,""frame_pitch"":25.920766830444336,""frame_yaw"":2.127985954284668,""pitch_speed"":0.0,""yaw_speed"":0.0}",4.8325165
28576278102100,target_offset,559,"{""x_angle_offset"":0.28125,""y_angle_offset"":-0.43492968523943865}",4.8628359
28576289642100,fov,2640,"{""zoom"":1.0,""hfov"":90.0,""vfov"":58.71550750732422,""state"":0,""max_aov_h"":90.0,""max_aov_v"":58.71550750732422,""min_aov_h"":1.40625,""min_aov_v"":0.7910428047180176,""max_zoom"":64.0}",4.8743759
28576290142400,gimbal,2640,"{""imu_roll"":0.0,""imu_pitch"":25.840829849243164,""imu_yaw"":2.1861729621887207,""frame_roll"":0.0,""frame_pitch"":25.840829849243164,""frame_yaw"":2.1861729621887207,""pitch_speed"":0.0,""yaw_speed"":0.0}",4.8748762
28576298476900,attitude,1255,"{""message_type"":""ATTITUDE"",""time_boot_ms"":124870,""roll"":0.0020228850189596415,""pitch"":-0.03402704745531082,""yaw"":3.119105339050293,""rollspeed"":0.0835886001586914,""pitchspeed"":-0.09834464639425278,""yawspeed"":0.002334753517061472}",4.8832107
28576310733700,range,1239,"{""message_type"":""GLOBAL_VISION_POSITION_ESTIMATE"",""x"":46.947853088378906,""y"":39.3489875793457}",4.8954675
28576319272400,target_offset,560,"{""x_angle_offset"":0.375,""y_angle_offset"":-0.43492968523943865}",4.9040062
28576325123500,range,1240,"{""message_type"":""GLOBAL_VISION_POSITION_ESTIMATE"",""x"":46.947853088378906,""y"":39.3489875793457}",4.9098573
28576331907400,fov,2641,"{""zoom"":1.0,""hfov"":90.0,""vfov"":58.71550750732422,""state"":0,""max_aov_h"":90.0,""max_aov_v"":58.71550750732422,""min_aov_h"":1.40625,""min_aov_v"":0.7910428047180176,""max_zoom"":64.0}",4.9166412
28576332221300,gimbal,2641,"{""imu_roll"":0.0,""imu_pitch"":25.651256561279297,""imu_yaw"":2.3382930755615234,""frame_roll"":0.0,""frame_pitch"":25.651256561279297,""frame_yaw"":2.3382930755615234,""pitch_speed"":0.0,""yaw_speed"":0.0}",4.9169551
28576339405600,position,630,"{""message_type"":""GLOBAL_POSITION_INT"",""lat"":469506895,""lon"":393490470}",4.9241394
28576339698800,attitude,1256,"{""message_type"":""ATTITUDE"",""time_boot_ms"":124910,""roll"":0.005304635036736727,""pitch"":-0.038329098373651505,""yaw"":3.1190216541290283,""rollspeed"":0.07819092273712158,""pitchspeed"":-0.10259507596492767,""yawspeed"":0.002463403157889843}",4.9244326
28576339819800,vfr,630,"{""message_type"":""VFR_HUD"",""airspeed"":28.595657348632812,""alt"":201.50999450683594}",4.9245536
28576362208500,target_offset,561,"{""x_angle_offset"":0.375,""y_angle_offset"":-0.43492968523943865}",4.9469423
28576378045000,fov,2642,"{""zoom"":1.0,""hfov"":90.0,""vfov"":58.71550750732422,""state"":0,""max_aov_h"":90.0,""max_aov_v"":58.71550750732422,""min_aov_h"":1.40625,""min_aov_v"":0.7910428047180176,""max_zoom"":64.0}",4.9627788
28576378419800,gimbal,2642,"{""imu_roll"":0.0,""imu_pitch"":25.45130157470703,""imu_yaw"":2.496882915496826,""frame_roll"":0.0,""frame_pitch"":25.45130157470703,""frame_yaw"":2.496882915496826,""pitch_speed"":0.0,""yaw_speed"":0.0}",4.9631536
28576394583700,attitude,1257,"{""message_type"":""ATTITUDE"",""time_boot_ms"":124970,""roll"":0.009524361230432987,""pitch"":-0.04510040581226349,""yaw"":3.1188716888427734,""rollspeed"":0.06232785806059837,""pitchspeed"":-0.10880947858095169,""yawspeed"":0.002161300741136074}",4.9793175
28576407089000,target_offset,562,"{""x_angle_offset"":0.375,""y_angle_offset"":-0.5436621065492984}",4.9918228
28576423283900,fov,2643,"{""zoom"":1.0,""hfov"":90.0,""vfov"":58.71550750732422,""state"":0,""max_aov_h"":90.0,""max_aov_v"":58.71550750732422,""min_aov_h"":1.40625,""min_aov_v"":0.7910428047180176,""max_zoom"":64.0}",5.0080177
28576423642800,gimbal,2643,"{""imu_roll"":0.0,""imu_pitch"":25.20248031616211,""imu_yaw"":2.6550710201263428,""frame_roll"":0.0,""frame_pitch"":25.20248031616211,""frame_yaw"":2.6550710201263428,""pitch_speed"":0.0,""yaw_speed"":0.0}",5.0083766
28576441099100,vfr,631,"{""message_type"":""VFR_HUD"",""airspeed"":28.640953063964844,""alt"":201.22000122070312}",5.0258329
28576441520800,attitude,1258,"{""message_type"":""ATTITUDE"",""time_boot_ms"":125010,""roll"":0.011722954921424389,""pitch"":-0.0496567040681839,""yaw"":3.1187405586242676,""rollspeed"":0.049336545169353485,""pitchspeed"":-0.11320275813341141,""yawspeed"":0.0016113496385514736}",5.0262546
28576441729800,position,631,"{""message_type"":""GLOBAL_POSITION_INT"",""lat"":469506325,""lon"":393490490}",5.0264636
28576452384800,target_offset,563,"{""x_angle_offset"":0.375,""y_angle_offset"":-0.5436621065492984}",5.0371186
28576464754700,range,1241,"{""message_type"":""GLOBAL_VISION_POSITION_ESTIMATE"",""x"":46.94779586791992,""y"":39.348960876464844}",5.0494885
28576467128300,fov,2644,"{""zoom"":1.0,""hfov"":90.0,""vfov"":58.71550750732422,""state"":0,""max_aov_h"":90.0,""max_aov_v"":58.71550750732422,""min_aov_h"":1.40625,""min_aov_v"":0.7910428047180176,""max_zoom"":64.0}",5.0518621
28576467576000,gimbal,2644,"{""imu_roll"":0.0,""imu_pitch"":24.951629638671875,""imu_yaw"":2.8154122829437256,""frame_roll"":0.0,""frame_pitch"":24.951629638671875,""frame_yaw"":2.8154122829437256,""pitch_speed"":0.0,""yaw_speed"":0.0}",5.0523098
28576479546200,range,1242,"{""message_type"":""GLOBAL_VISION_POSITION_ESTIMATE"",""x"":46.94779586791992,""y"":39.348960876464844}",5.06428
28576497576700,target_offset,564,"{""x_angle_offset"":0.375,""y_angle_offset"":-0.5436621065492984}",5.0823105
28576504397000,attitude,1259,"{""message_type"":""ATTITUDE"",""time_boot_ms"":125070,""roll"":0.013898382894694805,""pitch"":-0.05686011537909508,""yaw"":3.1184957027435303,""rollspeed"":0.026141181588172913,""pitchspeed"":-0.1208682432770729,""yawspeed"":0.0004962990060448647}",5.0891308
28576512668600,fov,2645,"{""zoom"":1.0,""hfov"":90.0,""vfov"":58.71550750732422,""state"":0,""max_aov_h"":90.0,""max_aov_v"":58.71550750732422,""min_aov_h"":1.40625,""min_aov_v"":0.7910428047180176,""max_zoom"":64.0}",5.0974024
28576513107900,gimbal,2645,"{""imu_roll"":0.0,""imu_pitch"":24.695512771606445,""imu_yaw"":2.983867883682251,""frame_roll"":0.0,""frame_pitch"":24.695512771606445,""frame_yaw"":2.983867883682251,""pitch_speed"":0.0,""yaw_speed"":0.0}",5.0978417
28576545092500,target_offset,565,"{""x_angle_offset"":0.375,""y_angle_offset"":-0.5436621065492984}",5.1298263
28576551026700,position,632,"{""message_type"":""GLOBAL_POSITION_INT"",""lat"":469506325,""lon"":393490490}",5.1357605
28576554466200,attitude,1260,"{""message_type"":""ATTITUDE"",""time_boot_ms"":125110,""roll"":0.014561769552528858,""pitch"":-0.06193406134843826,""yaw"":3.118295907974243,""rollspeed"":0.010250608436763287,""pitchspeed"":-0.12637481093406677,""yawspeed"":-0.00048817228525877}",5.1392
28576556192000,vfr,632,"{""message_type"":""VFR_HUD"",""airspeed"":28.703258514404297,""alt"":200.89999389648438}",5.1409258
28576574723300,fov,2646,"{""zoom"":1.0,""hfov"":90.0,""vfov"":58.71550750732422,""state"":0,""max_aov_h"":90.0,""max_aov_v"":58.71550750732422,""min_aov_h"":1.40625,""min_aov_v"":0.7910428047180176,""max_zoom"":64.0}",5.1594571
28576575554900,gimbal,2646,"{""imu_roll"":0.0,""imu_pitch"":24.37251091003418,""imu_yaw"":3.1959333419799805,""frame_roll"":0.0,""frame_pitch"":24.37251091003418,""frame_yaw"":3.1959333419799805,""pitch_speed"":0.0,""yaw_speed"":0.0}",5.1602887
28576605764000,target_offset,566,"{""x_angle_offset"":0.28125,""y_angle_offset"":-0.5436621065492984}",5.1904978
28576616262300,range,1243,"{""message_type"":""GLOBAL_VISION_POSITION_ESTIMATE"",""x"":46.94779586791992,""y"":39.34892654418945}",5.2009961
28576619427500,range,1244,"{""message_type"":""GLOBAL_VISION_POSITION_ESTIMATE"",""x"":46.94779586791992,""y"":39.34892654418945}",5.2041613
28576619794800,attitude,1261,"{""message_type"":""ATTITUDE"",""time_boot_ms"":125170,""roll"":0.014462658204138279,""pitch"":-0.06989943981170654,""yaw"":3.1179428100585938,""rollspeed"":-0.011157860048115253,""pitchspeed"":-0.13288673758506775,""yawspeed"":-0.0019260451663285494}",5.2045286
28576635508000,fov,2647,"{""zoom"":1.0,""hfov"":90.0,""vfov"":58.71550750732422,""state"":0,""max_aov_h"":90.0,""max_aov_v"":58.71550750732422,""min_aov_h"":1.40625,""min_aov_v"":0.7910428047180176,""max_zoom"":64.0}",5.2202418
28576637805300,gimbal,2647,"{""imu_roll"":0.0,""imu_pitch"":24.017749786376953,""imu_yaw"":3.377473831176758,""frame_roll"":0.0,""frame_pitch"":24.017749786376953,""frame_yaw"":3.377473831176758,""pitch_speed"":0.0,""yaw_speed"":0.0}",5.2225391
28576654592100,attitude,1262,"{""message_type"":""ATTITUDE"",""time_boot_ms"":125210,""roll"":0.013663296587765217,""pitch"":-0.07529933005571365,""yaw"":3.1176912784576416,""rollspeed"":-0.022941745817661285,""pitchspeed"":-0.1352546513080597,""yawspeed"":-0.0029257875867187977}",5.2393259
28576654832400,vfr,633,"{""message_type"":""VFR_HUD"",""airspeed"":28.777118682861328,""alt"":200.5399932861328}",5.2395662
28576655129300,position,633,"{""message_type"":""GLOBAL_POSITION_INT"",""lat"":469505752,""lon"":393490512}",5.2398631
28576664915200,target_offset,567,"{""x_angle_offset"":0.28125,""y_angle_offset"":-0.5436621065492984}",5.249649
28576688253500,fov,2648,"{""zoom"":1.0,""hfov"":90.0,""vfov"":58.71550750732422,""state"":0,""max_aov_h"":90.0,""max_aov_v"":58.71550750732422,""min_aov_h"":1.40625,""min_aov_v"":0.7910428047180176,""max_zoom"":64.0}",5.2729873
28576688822900,gimbal,2648,"{""imu_roll"":0.0,""imu_pitch"":23.73682403564453,""imu_yaw"":3.5207009315490723,""frame_roll"":0.0,""frame_pitch"":23.73682403564453,""frame_yaw"":3.5207009315490723,""pitch_speed"":0.0,""yaw_speed"":0.0}",5.2735567
28576717986600,target_offset,568,"{""x_angle_offset"":0.0,""y_angle_offset"":-0.43492968523943865}",5.3027204
28576721291700,attitude,1263,"{""message_type"":""ATTITUDE"",""time_boot_ms"":125270,""roll"":0.011649459600448608,""pitch"":-0.08347208797931671,""yaw"":3.117290496826172,""rollspeed"":-0.034559644758701324,""pitchspeed"":-0.13848984241485596,""yawspeed"":-0.004192080348730087}",5.3060255
28576733851400,fov,2649,"{""zoom"":1.0,""hfov"":90.0,""vfov"":58.71550750732422,""state"":0,""max_aov_h"":90.0,""max_aov_v"":58.71550750732422,""min_aov_h"":1.40625,""min_aov_v"":0.7910428047180176,""max_zoom"":64.0}",5.3185852
28576734368300,gimbal,2649,"{""imu_roll"":0.0,""imu_pitch"":23.53204345703125,""imu_yaw"":3.524207830429077,""frame_roll"":0.0,""frame_pitch"":23.53204345703125,""frame_yaw"":3.524207830429077,""pitch_speed"":0.0,""yaw_speed"":0.0}",5.3191021
28576760899300,vfr,634,"{""message_type"":""VFR_HUD"",""airspeed"":28.858945846557617,""alt"":200.1599884033203}",5.3456331
28576761328600,target_offset,569,"{""x_angle_offset"":-0.09375,""y_angle_offset"":-0.43492968523943865}",5.3460624
28576765199200,position,634,"{""message_type"":""GLOBAL_POSITION_INT"",""lat"":469505752,""lon"":393490512}",5.349933
28576768304300,attitude,1264,"{""message_type"":""ATTITUDE"",""time_boot_ms"":125310,""roll"":0.01009411457926035,""pitch"":-0.08902658522129059,""yaw"":3.1170220375061035,""rollspeed"":-0.0370788499712944,""pitchspeed"":-0.14056529104709625,""yawspeed"":-0.004803433082997799}",5.3530381
28576777639200,range,1245,"{""message_type"":""GLOBAL_VISION_POSITION_ESTIMATE"",""x"":46.94774627685547,""y"":39.348907470703125}",5.362373
28576781431500,fov,2650,"{""zoom"":1.0,""hfov"":90.0,""vfov"":58.71550750732422,""state"":0,""max_aov_h"":90.0,""max_aov_v"":58.71550750732422,""min_aov_h"":1.40625,""min_aov_v"":0.7910428047180176,""max_zoom"":64.0}",5.3661653
28576781812100,gimbal,2650,"{""imu_roll"":0.0,""imu_pitch"":23.32301139831543,""imu_yaw"":3.484638214111328,""frame_roll"":0.0,""frame_pitch"":23.32301139831543,""frame_yaw"":3.484638214111328,""pitch_speed"":0.0,""yaw_speed"":0.0}",5.3665459
28576795721400,range,1246,"{""message_type"":""GLOBAL_VISION_POSITION_ESTIMATE"",""x"":46.94774627685547,""y"":39.348907470703125}",5.3804552
28576811400800,target_offset,570,"{""x_angle_offset"":-0.09375,""y_angle_offset"":-0.43492968523943865}",5.3961346
28576818121500,attitude,1265,"{""message_type"":""ATTITUDE"",""time_boot_ms"":125370,""roll"":0.007902256213128567,""pitch"":-0.09748539328575134,""yaw"":3.1166183948516846,""rollspeed"":-0.032128412276506424,""pitchspeed"":-0.14266033470630646,""yawspeed"":-0.005268855951726437}",5.4028553
28576828394100,fov,2651,"{""zoom"":1.0,""hfov"":90.0,""vfov"":58.71550750732422,""state"":0,""max_aov_h"":90.0,""max_aov_v"":58.71550750732422,""min_aov_h"":1.40625,""min_aov_v"":0.7910428047180176,""max_zoom"":64.0}",5.4131279
28576828892700,gimbal,2651,"{""imu_roll"":0.0,""imu_pitch"":23.113046646118164,""imu_yaw"":3.4443140029907227,""frame_roll"":0.0,""frame_pitch"":23.113046646118164,""frame_yaw"":3.4443140029907227,""pitch_speed"":0.0,""yaw_speed"":0.0}",5.4136265
28576855919600,target_offset,571,"{""x_angle_offset"":-0.1875,""y_angle_offset"":-0.43492968523943865}",5.4406534
28576862308500,vfr,635,"{""message_type"":""VFR_HUD"",""airspeed"":28.946239471435547,""alt"":199.72999572753906}",5.4470423
28576863146700,position,635,"{""message_type"":""GLOBAL_POSITION_INT"",""lat"":469505178,""lon"":393490537}",5.4478805
28576864072500,attitude,1266,"{""message_type"":""ATTITUDE"",""time_boot_ms"":125410,""roll"":0.0068437280133366585,""pitch"":-0.10314899682998657,""yaw"":3.1163713932037354,""rollspeed"":-0.021873626857995987,""pitchspeed"":-0.14270764589309692,""yawspeed"":-0.005085739307105541}",5.4488063
28576871642500,fov,2652,"{""zoom"":1.0,""hfov"":90.0,""vfov"":58.71550750732422,""state"":0,""max_aov_h"":90.0,""max_aov_v"":58.71550750732422,""min_aov_h"":1.40625,""min_aov_v"":0.7910428047180176,""max_zoom"":64.0}",5.4563763
28576874386900,gimbal,2652,"{""imu_roll"":0.0,""imu_pitch"":22.913787841796875,""imu_yaw"":3.362518310546875,""frame_roll"":0.0,""frame_pitch"":22.913787841796875,""frame_yaw"":3.362518310546875,""pitch_speed"":0.0,""yaw_speed"":0.0}",5.4591207
28576902533100,target_offset,572,"{""x_angle_offset"":-0.1875,""y_angle_offset"":-0.5436621065492984}",5.4872669
28576916593300,attitude,1267,"{""message_type"":""ATTITUDE"",""time_boot_ms"":125470,""roll"":0.006102909799665213,""pitch"":-0.11126790195703506,""yaw"":3.1160728931427,""rollspeed"":0.0005813244497403502,""pitchspeed"":-0.13927039504051208,""yawspeed"":-0.004089428577572107}",5.5013271
28576917479800,gimbal,2653,"{""imu_roll"":0.0,""imu_pitch"":22.6691951751709,""imu_yaw"":3.2786433696746826,""frame_roll"":0.0,""frame_pitch"":22.6691951751709,""frame_yaw"":3.2786433696746826,""pitch_speed"":0.0,""yaw_speed"":0.0}",5.5022136
28576917777200,fov,2653,"{""zoom"":1.0,""hfov"":90.0,""vfov"":58.71550750732422,""state"":0,""max_aov_h"":90.0,""max_aov_v"":58.71550750732422,""min_aov_h"":1.40625,""min_aov_v"":0.7910428047180176,""max_zoom"":64.0}",5.502511
28576919115100,range,1247,"{""message_type"":""GLOBAL_VISION_POSITION_ESTIMATE"",""x"":46.947689056396484,""y"":39.34891891479492}",5.5038489
28576933839500,range,1248,"{""message_type"":""GLOBAL_VISION_POSITION_ESTIMATE"",""x"":46.947689056396484,""y"":39.34891891479492}",5.5185733
28576948014200,target_offset,573,"{""x_angle_offset"":-0.1875,""y_angle_offset"":-0.5436621065492984}",5.532748
28576955162100,attitude,1268,"{""message_type"":""ATTITUDE"",""time_boot_ms"":125510,""roll"":0.006453116424381733,""pitch"":-0.11649588495492935,""yaw"":3.115912914276123,""rollspeed"":0.01829160563647747,""pitchspeed"":-0.13492697477340698,""yawspeed"":-0.0031559141352772713}",5.5398959
28576955362900,vfr,636,"{""message_type"":""VFR_HUD"",""airspeed"":29.06714630126953,""alt"":199.27999877929688}",5.5400967
28576955512000,position,636,"{""message_type"":""GLOBAL_POSITION_INT"",""lat"":469505178,""lon"":393490537}",5.5402458
28576962787800,fov,2654,"{""zoom"":1.0,""hfov"":90.0,""vfov"":58.71550750732422,""state"":0,""max_aov_h"":90.0,""max_aov_v"":58.71550750732422,""min_aov_h"":1.40625,""min_aov_v"":0.7910428047180176,""max_zoom"":64.0}",5.5475216
28576963091600,gimbal,2654,"{""imu_roll"":0.0,""imu_pitch"":22.41336441040039,""imu_yaw"":3.190441846847534,""frame_roll"":0.0,""frame_pitch"":22.41336441040039,""frame_yaw"":3.190441846847534,""pitch_speed"":0.0,""yaw_speed"":0.0}",5.5478254
28576991768100,target_offset,574,"{""x_angle_offset"":-0.1875,""y_angle_offset"":-0.652394527859158}",5.5765019
28577008897000,fov,2655,"{""zoom"":1.0,""hfov"":90.0,""vfov"":58.71550750732422,""state"":0,""max_aov_h"":90.0,""max_aov_v"":58.71550750732422,""min_aov_h"":1.40625,""min_aov_v"":0.7910428047180176,""max_zoom"":64.0}",5.5936308
28577009388300,gimbal,2655,"{""imu_roll"":0.0,""imu_pitch"":22.113792419433594,""imu_yaw"":3.1005899906158447,""frame_roll"":0.0,""frame_pitch"":22.113792419433594,""frame_yaw"":3.1005899906158447,""pitch_speed"":0.0,""yaw_speed"":0.0}",5.5941221
28577018210100,attitude,1269,"{""message_type"":""ATTITUDE"",""time_boot_ms"":125570,""roll"":0.00837635062634945,""pitch"":-0.12398448586463928,""yaw"":3.1157474517822266,""rollspeed"":0.0465630404651165,""pitchspeed"":-0.12783324718475342,""yawspeed"":-0.0010502086952328682}",5.6029439
28577038681200,target_offset,575,"{""x_angle_offset"":-0.09375,""y_angle_offset"":-0.652394527859158}",5.623415
28577053112800,fov,2656,"{""zoom"":1.0,""hfov"":90.0,""vfov"":58.71550750732422,""state"":0,""max_aov_h"":90.0,""max_aov_v"":58.71550750732422,""min_aov_h"":1.40625,""min_aov_v"":0.7910428047180176,""max_zoom"":64.0}",5.6378466
28577053428600,gimbal,2656,"{""imu_roll"":0.0,""imu_pitch"":21.814014434814453,""imu_yaw"":3.0504648685455322,""frame_roll"":0.0,""frame_pitch"":21.814014434814453,""frame_yaw"":3.0504648685455322,""pitch_speed"":0.0,""yaw_speed"":0.0}",5.6381624
28577059641400,position,637,"{""message_type"":""GLOBAL_POSITION_INT"",""lat"":469505178,""lon"":393490537}",5.6443752
28577059991400,attitude,1270,"{""message_type"":""ATTITUDE"",""time_boot_ms"":125610,""roll"":0.01058924663811922,""pitch"":-0.12875837087631226,""yaw"":3.115680694580078,""rollspeed"":0.06503671407699585,""pitchspeed"":-0.12363274395465851,""yawspeed"":0.0004953127354383469}",5.6447252
28577060139900,vfr,637,"{""message_type"":""VFR_HUD"",""airspeed"":29.1813907623291,""alt"":198.77999877929688}",5.6448737
28577073404100,range,1249,"{""message_type"":""GLOBAL_VISION_POSITION_ESTIMATE"",""x"":46.94849395751953,""y"":39.348976135253906}",5.6581379
28577080772500,range,1250,"{""message_type"":""GLOBAL_VISION_POSITION_ESTIMATE"",""x"":46.94849395751953,""y"":39.348976135253906}",5.6655063
28577083413100,target_offset,576,"{""x_angle_offset"":-0.09375,""y_angle_offset"":-0.652394527859158}",5.6681469
28577097148600,fov,2657,"{""zoom"":1.0,""hfov"":90.0,""vfov"":58.71550750732422,""state"":0,""max_aov_h"":90.0,""max_aov_v"":58.71550750732422,""min_aov_h"":1.40625,""min_aov_v"":0.7910428047180176,""max_zoom"":64.0}",5.6818824
28577097460000,gimbal,2657,"{""imu_roll"":0.0,""imu_pitch"":21.522388458251953,""imu_yaw"":3.0016698837280273,""frame_roll"":0.0,""frame_pitch"":21.522388458251953,""frame_yaw"":3.0016698837280273,""pitch_speed"":0.0,""yaw_speed"":0.0}",5.6821938
28577114110000,attitude,1271,"{""message_type"":""ATTITUDE"",""time_boot_ms"":125670,""roll"":0.015249472111463547,""pitch"":-0.13565213978290558,""yaw"":3.1156179904937744,""rollspeed"":0.08727357536554337,""pitchspeed"":-0.11774244904518127,""yawspeed"":0.0022792150266468525}",5.6988438
28577126729000,target_offset,577,"{""x_angle_offset"":0.1875,""y_angle_offset"":-0.652394527859158}",5.7114628
28577145678800,fov,2658,"{""zoom"":1.0,""hfov"":90.0,""vfov"":58.71550750732422,""state"":0,""max_aov_h"":90.0,""max_aov_v"":58.71550750732422,""min_aov_h"":1.40625,""min_aov_v"":0.7910428047180176,""max_zoom"":64.0}",5.7304126
28577146053300,gimbal,2658,"{""imu_roll"":0.0,""imu_pitch"":21.2080135345459,""imu_yaw"":3.084075927734375,""frame_roll"":0.0,""frame_pitch"":21.2080135345459,""frame_yaw"":3.084075927734375,""pitch_speed"":0.0,""yaw_speed"":0.0}",5.7307871
28577155392700,position,638,"{""message_type"":""GLOBAL_POSITION_INT"",""lat"":469504597,""lon"":393490562}",5.7401265
28577155643700,attitude,1272,"{""message_type"":""ATTITUDE"",""time_boot_ms"":125710,""roll"":0.01901926100254059,""pitch"":-0.14006058871746063,""yaw"":3.115596294403076,""rollspeed"":0.09809870272874832,""pitchspeed"":-0.1139417216181755,""yawspeed"":0.0038361772894859314}",5.7403775
28577155759800,vfr,638,"{""message_type"":""VFR_HUD"",""airspeed"":29.320884704589844,""alt"":198.239990234375}",5.7404936
28577175427300,target_offset,578,"{""x_angle_offset"":0.1875,""y_angle_offset"":-0.652394527859158}",5.7601611
28577186507600,fov,2659,"{""zoom"":1.0,""hfov"":90.0,""vfov"":58.71550750732422,""state"":0,""max_aov_h"":90.0,""max_aov_v"":58.71550750732422,""min_aov_h"":1.40625,""min_aov_v"":0.7910428047180176,""max_zoom"":64.0}",5.7712414
28577187790100,gimbal,2659,"{""imu_roll"":0.0,""imu_pitch"":21.05888557434082,""imu_yaw"":3.1197142601013184,""frame_roll"":0.0,""frame_pitch"":21.05888557434082,""frame_yaw"":3.1197142601013184,""pitch_speed"":0.0,""yaw_speed"":0.0}",5.7725239
28577217689500,target_offset,579,"{""x_angle_offset"":0.28125,""y_angle_offset"":-0.652394527859158}",5.8024233
28577225728200,attitude,1273,"{""message_type"":""ATTITUDE"",""time_boot_ms"":125770,""roll"":0.02513689547777176,""pitch"":-0.14642062783241272,""yaw"":3.1156222820281982,""rollspeed"":0.10534722357988358,""pitchspeed"":-0.10896316915750504,""yawspeed"":0.0057112835347652435}",5.810462
28577229303100,range,1251,"{""message_type"":""GLOBAL_VISION_POSITION_ESTIMATE"",""x"":46.94844055175781,""y"":39.34899139404297}",5.8140369
28577229670300,gimbal,2660,"{""imu_roll"":0.0,""imu_pitch"":20.84409523010254,""imu_yaw"":3.1698291301727295,""frame_roll"":0.0,""frame_pitch"":20.84409523010254,""frame_yaw"":3.1698291301727295,""pitch_speed"":0.0,""yaw_speed"":0.0}",5.8144041
28577230143000,fov,2660,"{""zoom"":1.0,""hfov"":90.0,""vfov"":58.71550750732422,""state"":0,""max_aov_h"":90.0,""max_aov_v"":58.71550750732422,""min_aov_h"":1.40625,""min_aov_v"":0.7910428047180176,""max_zoom"":64.0}",5.8148768
28577238779400,range,1252,"{""message_type"":""GLOBAL_VISION_POSITION_ESTIMATE"",""x"":46.94844055175781,""y"":39.34899139404297}",5.8235132
28577257810800,target_offset,580,"{""x_angle_offset"":0.28125,""y_angle_offset"":-0.652394527859158}",5.8425446
28577263573800,vfr,639,"{""message_type"":""VFR_HUD"",""airspeed"":29.477375030517578,""alt"":197.64999389648438}",5.8483076
28577264512700,position,639,"{""message_type"":""GLOBAL_POSITION_INT"",""lat"":469504597,""lon"":393490562}",5.8492465
28577264783400,attitude,1274,"{""message_type"":""ATTITUDE"",""time_boot_ms"":125810,""roll"":0.02928277477622032,""pitch"":-0.1504945605993271,""yaw"":3.1156558990478516,""rollspeed"":0.1052408367395401,""pitchspeed"":-0.10559959709644318,""yawspeed"":0.006799579598009586}",5.8495172
28577269722000,fov,2661,"{""zoom"":1.0,""hfov"":90.0,""vfov"":58.71550750732422,""state"":0,""max_aov_h"":90.0,""max_aov_v"":58.71550750732422,""min_aov_h"":1.40625,""min_aov_v"":0.7910428047180176,""max_zoom"":64.0}",5.8544558
28577270155500,gimbal,2661,"{""imu_roll"":0.0,""imu_pitch"":20.554527282714844,""imu_yaw"":3.284144163131714,""frame_roll"":0.0,""frame_pitch"":20.554527282714844,""frame_yaw"":3.284144163131714,""pitch_speed"":0.0,""yaw_speed"":0.0}",5.8548893
28577301138900,target_offset,581,"{""x_angle_offset"":0.375,""y_angle_offset"":-0.652394527859158}",5.8858727
28577317664400,fov,2662,"{""zoom"":1.0,""hfov"":90.0,""vfov"":58.71550750732422,""state"":0,""max_aov_h"":90.0,""max_aov_v"":58.71550750732422,""min_aov_h"":1.40625,""min_aov_v"":0.7910428047180176,""max_zoom"":64.0}",5.9023982
28577317985000,gimbal,2662,"{""imu_roll"":0.0,""imu_pitch"":20.25347137451172,""imu_yaw"":3.4402015209198,""frame_roll"":0.0,""frame_pitch"":20.25347137451172,""frame_yaw"":3.4402015209198,""pitch_speed"":0.0,""yaw_speed"":0.0}",5.9027188
28577321087500,attitude,1275,"{""message_type"":""ATTITUDE"",""time_boot_ms"":125870,""roll"":0.0352371446788311,""pitch"":-0.15676788985729218,""yaw"":3.115734100341797,""rollspeed"":0.09719716757535934,""pitchspeed"":-0.1012691780924797,""yawspeed"":0.00785602442920208}",5.9058213
28577346921600,target_offset,582,"{""x_angle_offset"":0.375,""y_angle_offset"":-0.652394527859158}",5.9316554
28577359315800,fov,2663,"{""zoom"":1.0,""hfov"":90.0,""vfov"":58.71550750732422,""state"":0,""max_aov_h"":90.0,""max_aov_v"":58.71550750732422,""min_aov_h"":1.40625,""min_aov_v"":0.7910428047180176,""max_zoom"":64.0}",5.9440496
28577359629400,vfr,640,"{""message_type"":""VFR_HUD"",""airspeed"":29.61589241027832,""alt"":197.01998901367188}",5.9443632
28577359755300,position,640,"{""message_type"":""GLOBAL_POSITION_INT"",""lat"":469503998,""lon"":393490584}",5.9444891
28577360013500,attitude,1276,"{""message_type"":""ATTITUDE"",""time_boot_ms"":125910,""roll"":0.03884631022810936,""pitch"":-0.1613771617412567,""yaw"":3.115777015686035,""rollspeed"":0.0870303362607956,""pitchspeed"":-0.09977798163890839,""yawspeed"":0.00835893489420414}",5.9447473
28577360447000,gimbal,2663,"{""imu_roll"":0.0,""imu_pitch"":19.96851348876953,""imu_yaw"":3.5901498794555664,""frame_roll"":0.0,""frame_pitch"":19.96851348876953,""frame_yaw"":3.5901498794555664,""pitch_speed"":0.0,""yaw_speed"":0.0}",5.9451808
28577384885000,range,1253,"{""message_type"":""GLOBAL_VISION_POSITION_ESTIMATE"",""x"":46.9483757019043,""y"":39.34898376464844}",5.9696188
28577391037900,target_offset,583,"{""x_angle_offset"":0.375,""y_angle_offset"":-0.652394527859158}",5.9757717
28577397951300,range,1254,"{""message_type"":""GLOBAL_VISION_POSITION_ESTIMATE"",""x"":46.9483757019043,""y"":39.34898376464844}",5.9826851
28577401030300,fov,2664,"{""zoom"":1.0,""hfov"":90.0,""vfov"":58.71550750732422,""state"":0,""max_aov_h"":90.0,""max_aov_v"":58.71550750732422,""min_aov_h"":1.40625,""min_aov_v"":0.7910428047180176,""max_zoom"":64.0}",5.9857641
28577402501400,gimbal,2664,"{""imu_roll"":0.0,""imu_pitch"":19.812185287475586,""imu_yaw"":3.66573166847229,""frame_roll"":0.0,""frame_pitch"":19.812185287475586,""frame_yaw"":3.66573166847229,""pitch_speed"":0.0,""yaw_speed"":0.0}",5.9872352
28577413963700,attitude,1277,"{""message_type"":""ATTITUDE"",""time_boot_ms"":125970,""roll"":0.04324235022068024,""pitch"":-0.1682399958372116,""yaw"":3.115840196609497,""rollspeed"":0.06510302424430847,""pitchspeed"":-0.09899310767650604,""yawspeed"":0.00837275292724371}",5.9986975
28577433715800,target_offset,584,"{""x_angle_offset"":0.375,""y_angle_offset"":-0.5436621065492984}",6.0184496
28577449828700,fov,2665,"{""zoom"":1.0,""hfov"":90.0,""vfov"":58.71550750732422,""state"":0,""max_aov_h"":90.0,""max_aov_v"":58.71550750732422,""min_aov_h"":1.40625,""min_aov_v"":0.7910428047180176,""max_zoom"":64.0}",6.0345625
28577450145100,gimbal,2665,"{""imu_roll"":0.0,""imu_pitch"":19.545425415039062,""imu_yaw"":3.825136423110962,""frame_roll"":0.0,""frame_pitch"":19.545425415039062,""frame_yaw"":3.825136423110962,""pitch_speed"":0.0,""yaw_speed"":0.0}",6.0348789
28577456034100,position,641,"{""message_type"":""GLOBAL_POSITION_INT"",""lat"":469503998,""lon"":393490584}",6.0407679
28577456310000,attitude,1278,"{""message_type"":""ATTITUDE"",""time_boot_ms"":126010,""roll"":0.045336559414863586,""pitch"":-0.17276853322982788,""yaw"":3.115873098373413,""rollspeed"":0.047564245760440826,""pitchspeed"":-0.09767751395702362,""yawspeed"":0.008098859339952469}",6.0410438
28577456449800,vfr,641,"{""message_type"":""VFR_HUD"",""airspeed"":29.771238327026367,""alt"":196.34999084472656}",6.0411836
28577480571600,target_offset,585,"{""x_angle_offset"":0.375,""y_angle_offset"":-0.5436621065492984}",6.0653054
28577490234600,fov,2666,"{""zoom"":1.0,""hfov"":90.0,""vfov"":58.71550750732422,""state"":0,""max_aov_h"":90.0,""max_aov_v"":58.71550750732422,""min_aov_h"":1.40625,""min_aov_v"":0.7910428047180176,""max_zoom"":64.0}",6.0749684
28577490937500,gimbal,2666,"{""imu_roll"":0.0,""imu_pitch"":19.42664909362793,""imu_yaw"":3.8919618129730225,""frame_roll"":0.0,""frame_pitch"":19.42664909362793,""frame_yaw"":3.8919618129730225,""pitch_speed"":0.0,""yaw_speed"":0.0}",6.0756713
28577520576400,target_offset,586,"{""x_angle_offset"":0.375,""y_angle_offset"":-0.5436621065492984}",6.1053102
28577528318000,attitude,1279,"{""message_type"":""ATTITUDE"",""time_boot_ms"":126070,""roll"":0.047086868435144424,""pitch"":-0.1793861985206604,""yaw"":3.1159098148345947,""rollspeed"":0.019493866711854935,""pitchspeed"":-0.09364856034517288,""yawspeed"":0.007386057637631893}",6.1130518
28577534901200,fov,2667,"{""zoom"":1.0,""hfov"":90.0,""vfov"":58.71550750732422,""state"":0,""max_aov_h"":90.0,""max_aov_v"":58.71550750732422,""min_aov_h"":1.40625,""min_aov_v"":0.7910428047180176,""max_zoom"":64.0}",6.119635
28577535251500,gimbal,2667,"{""imu_roll"":0.0,""imu_pitch"":19.243785858154297,""imu_yaw"":4.013089656829834,""frame_roll"":0.0,""frame_pitch"":19.243785858154297,""frame_yaw"":4.013089656829834,""pitch_speed"":0.0,""yaw_speed"":0.0}",6.1199853
28577555735500,range,1255,"{""message_type"":""GLOBAL_VISION_POSITION_ESTIMATE"",""x"":46.9483757019043,""y"":39.348960876464844}",6.1404693
28577570113700,target_offset,587,"{""x_angle_offset"":0.375,""y_angle_offset"":-0.43492968523943865}",6.1548475
28577580256100,range,1256,"{""message_type"":""GLOBAL_VISION_POSITION_ESTIMATE"",""x"":46.9483757019043,""y"":39.348960876464844}",6.1649899
28577581904200,attitude,1280,"{""message_type"":""ATTITUDE"",""time_boot_ms"":126110,""roll"":0.04727327078580856,""pitch"":-0.18277201056480408,""yaw"":3.115954637527466,""rollspeed"":0.001937325345352292,""pitchspeed"":-0.09049736708402634,""yawspeed"":0.006771573796868324}",6.166638
28577582086200,vfr,642,"{""message_type"":""VFR_HUD"",""airspeed"":29.937828063964844,""alt"":195.63999938964844}",6.16682
28577582209600,position,642,"{""message_type"":""GLOBAL_POSITION_INT"",""lat"":469503404,""lon"":393490606}",6.1669434
28577584244400,fov,2668,"{""zoom"":1.0,""hfov"":90.0,""vfov"":58.71550750732422,""state"":0,""max_aov_h"":90.0,""max_aov_v"":58.71550750732422,""min_aov_h"":1.40625,""min_aov_v"":0.7910428047180176,""max_zoom"":64.0}",6.1689782
28577584518400,gimbal,2668,"{""imu_roll"":0.0,""imu_pitch"":19.045623779296875,""imu_yaw"":4.141212463378906,""frame_roll"":0.0,""frame_pitch"":19.045623779296875,""frame_yaw"":4.141212463378906,""pitch_speed"":0.0,""yaw_speed"":0.0}",6.1692522
28577627382700,fov,2669,"{""zoom"":1.0,""hfov"":90.0,""vfov"":58.71550750732422,""state"":0,""max_aov_h"":90.0,""max_aov_v"":58.71550750732422,""min_aov_h"":1.40625,""min_aov_v"":0.7910428047180176,""max_zoom"":64.0}",6.2121165
28577629229300,gimbal,2669,"{""imu_roll"":0.0,""imu_pitch"":18.940725326538086,""imu_yaw"":4.239476680755615,""frame_roll"":0.0,""frame_pitch"":18.940725326538086,""frame_yaw"":4.239476680755615,""pitch_speed"":0.0,""yaw_speed"":0.0}",6.2139631
28577644757100,attitude,1281,"{""message_type"":""ATTITUDE"",""time_boot_ms"":126170,""roll"":0.04632295295596123,""pitch"":-0.18755637109279633,""yaw"":3.1160106658935547,""rollspeed"":-0.02203303575515747,""pitchspeed"":-0.08430269360542297,""yawspeed"":0.005749978125095367}",6.2294909
28577666998700,fov,2670,"{""zoom"":1.0,""hfov"":90.0,""vfov"":58.71550750732422,""state"":0,""max_aov_h"":90.0,""max_aov_v"":58.71550750732422,""min_aov_h"":1.40625,""min_aov_v"":0.7910428047180176,""max_zoom"":64.0}",6.2517325
28577667742400,gimbal,2670,"{""imu_roll"":0.0,""imu_pitch"":18.891273498535156,""imu_yaw"":4.28256893157959,""frame_roll"":0.0,""frame_pitch"":18.891273498535156,""frame_yaw"":4.28256893157959,""pitch_speed"":0.0,""yaw_speed"":0.0}",6.2524762
28577683898200,attitude,1282,"{""message_type"":""ATTITUDE"",""time_boot_ms"":126210,""roll"":0.04499601200222969,""pitch"":-0.19052445888519287,""yaw"":3.1160566806793213,""rollspeed"":-0.03469033166766167,""pitchspeed"":-0.07972703874111176,""yawspeed"":0.005099671892821789}",6.268632
28577684091900,vfr,643,"{""message_type"":""VFR_HUD"",""airspeed"":30.140832901000977,""alt"":194.88999938964844}",6.2688257
28577684301300,position,643,"{""message_type"":""GLOBAL_POSITION_INT"",""lat"":469503404,""lon"":393490606}",6.2690351
28577705172200,fov,2671,"{""zoom"":1.0,""hfov"":90.0,""vfov"":58.71550750732422,""state"":0,""max_aov_h"":90.0,""max_aov_v"":58.71550750732422,""min_aov_h"":1.40625,""min_aov_v"":0.7910428047180176,""max_zoom"":64.0}",6.289906
28577705605900,gimbal,2671,"{""imu_roll"":0.0,""imu_pitch"":18.85980224609375,""imu_yaw"":4.306628704071045,""frame_roll"":0.0,""frame_pitch"":18.85980224609375,""frame_yaw"":4.306628704071045,""pitch_speed"":0.0,""yaw_speed"":0.0}",6.2903397
28577713487200,range,1257,"{""message_type"":""GLOBAL_VISION_POSITION_ESTIMATE"",""x"":46.94831466674805,""y"":39.348941802978516}",6.298221
28577722589300,range,1258,"{""message_type"":""GLOBAL_VISION_POSITION_ESTIMATE"",""x"":46.94831466674805,""y"":39.348941802978516}",6.3073231
28577730460800,target_offset,588,"{""x_angle_offset"":-0.84375,""y_angle_offset"":-0.978591791788737}",6.3151946
28577741426200,fov,2672,"{""zoom"":1.0,""hfov"":90.0,""vfov"":58.71550750732422,""state"":0,""max_aov_h"":90.0,""max_aov_v"":58.71550750732422,""min_aov_h"":1.40625,""min_aov_v"":0.7910428047180176,""max_zoom"":64.0}",6.32616
28577741985800,gimbal,2672,"{""imu_roll"":0.0,""imu_pitch"":18.503381729125977,""imu_yaw"":3.997251510620117,""frame_roll"":0.0,""frame_pitch"":18.503381729125977,""frame_yaw"":3.997251510620117,""pitch_speed"":0.0,""yaw_speed"":0.0}",6.3267196
28577743347100,attitude,1283,"{""message_type"":""ATTITUDE"",""time_boot_ms"":126270,""roll"":0.042278025299310684,""pitch"":-0.19458459317684174,""yaw"":3.1161341667175293,""rollspeed"":-0.048041485249996185,""pitchspeed"":-0.07170093804597855,""yawspeed"":0.004374987445771694}",6.3280809
28577773118900,target_offset,589,"{""x_angle_offset"":-0.84375,""y_angle_offset"":-0.978591791788737}",6.3578527
28577782585000,fov,2673,"{""zoom"":1.0,""hfov"":90.0,""vfov"":58.71550750732422,""state"":0,""max_aov_h"":90.0,""max_aov_v"":58.71550750732422,""min_aov_h"":1.40625,""min_aov_v"":0.7910428047180176,""max_zoom"":64.0}",6.3673188
28577782802600,gimbal,2673,"{""imu_roll"":0.0,""imu_pitch"":18.2763614654541,""imu_yaw"":3.797835350036621,""frame_roll"":0.0,""frame_pitch"":18.2763614654541,""frame_yaw"":3.797835350036621,""pitch_speed"":0.0,""yaw_speed"":0.0}",6.3675364
28577786668900,position,644,"{""message_type"":""GLOBAL_POSITION_INT"",""lat"":469502797,""lon"":393490628}",6.3714027
28577787037700,attitude,1284,"{""message_type"":""ATTITUDE"",""time_boot_ms"":126310,""roll"":0.040074415504932404,""pitch"":-0.19709980487823486,""yaw"":3.11621356010437,""rollspeed"":-0.054098304361104965,""pitchspeed"":-0.06536667048931122,""yawspeed"":0.003979976288974285}",6.3717715
28577787134100,vfr,644,"{""message_type"":""VFR_HUD"",""airspeed"":30.33979034423828,""alt"":194.11000061035156}",6.3718679
28577803907400,target_offset,590,"{""x_angle_offset"":-0.9375,""y_angle_offset"":-0.978591791788737}",6.3886412
28577814433100,fov,2674,"{""zoom"":1.0,""hfov"":90.0,""vfov"":58.71550750732422,""state"":0,""max_aov_h"":90.0,""max_aov_v"":58.71550750732422,""min_aov_h"":1.40625,""min_aov_v"":0.7910428047180176,""max_zoom"":64.0}",6.3991669
28577815262400,gimbal,2674,"{""imu_roll"":0.0,""imu_pitch"":17.976871490478516,""imu_yaw"":3.537609577178955,""frame_roll"":0.0,""frame_pitch"":17.976871490478516,""frame_yaw"":3.537609577178955,""pitch_speed"":0.0,""yaw_speed"":0.0}",6.3999962
28577842815700,target_offset,591,"{""x_angle_offset"":-0.84375,""y_angle_offset"":-0.978591791788737}",6.4275495
28577854619500,fov,2675,"{""zoom"":1.0,""hfov"":90.0,""vfov"":58.71550750732422,""state"":0,""max_aov_h"":90.0,""max_aov_v"":58.71550750732422,""min_aov_h"":1.40625,""min_aov_v"":0.7910428047180176,""max_zoom"":64.0}",6.4393533
28577855031100,attitude,1285,"{""message_type"":""ATTITUDE"",""time_boot_ms"":126370,""roll"":0.03642663359642029,""pitch"":-0.19997018575668335,""yaw"":3.116392135620117,""rollspeed"":-0.0581149160861969,""pitchspeed"":-0.038902293890714645,""yawspeed"":0.0037437481805682182}",6.4397649
28577855420400,gimbal,2675,"{""imu_roll"":0.0,""imu_pitch"":17.712862014770508,""imu_yaw"":3.2709901332855225,""frame_roll"":0.0,""frame_pitch"":17.712862014770508,""frame_yaw"":3.2709901332855225,""pitch_speed"":0.0,""yaw_speed"":0.0}",6.4401542
28577871858200,range,1259,"{""message_type"":""GLOBAL_VISION_POSITION_ESTIMATE"",""x"":46.94824981689453,""y"":39.348995208740234}",6.456592
28577875113900,range,1260,"{""message_type"":""GLOBAL_VISION_POSITION_ESTIMATE"",""x"":46.94824981689453,""y"":39.348995208740234}",6.4598477
28577883516600,target_offset,592,"{""x_angle_offset"":-0.5625,""y_angle_offset"":-0.652394527859158}",6.4682504
28577891210300,vfr,645,"{""message_type"":""VFR_HUD"",""airspeed"":30.535472869873047,""alt"":193.2899932861328}",6.4759441
28577891349300,position,645,"{""message_type"":""GLOBAL_POSITION_INT"",""lat"":469502797,""lon"":393490628}",6.4760831
28577891580300,attitude,1286,"{""message_type"":""ATTITUDE"",""time_boot_ms"":126410,""roll"":0.033960629254579544,""pitch"":-0.20074474811553955,""yaw"":3.116574287414551,""rollspeed"":-0.057600490748882294,""pitchspeed"":-0.015418743714690208,""yawspeed"":0.003915607929229736}",6.4763141
28577898928600,fov,2676,"{""zoom"":1.0,""hfov"":90.0,""vfov"":58.71550750732422,""state"":0,""max_aov_h"":90.0,""max_aov_v"":58.71550750732422,""min_aov_h"":1.40625,""min_aov_v"":0.7910428047180176,""max_zoom"":64.0}",6.4836624
28577899197400,gimbal,2676,"{""imu_roll"":0.0,""imu_pitch"":17.407424926757812,""imu_yaw"":3.000352621078491,""frame_roll"":0.0,""frame_pitch"":17.407424926757812,""frame_yaw"":3.000352621078491,""pitch_speed"":0.0,""yaw_speed"":0.0}",6.4839312
28577930314400,target_offset,593,"{""x_angle_offset"":-0.5625,""y_angle_offset"":-0.5436621065492984}",6.5150482
28577944068200,fov,2677,"{""zoom"":1.0,""hfov"":90.0,""vfov"":58.71550750732422,""state"":0,""max_aov_h"":90.0,""max_aov_v"":58.71550750732422,""min_aov_h"":1.40625,""min_aov_v"":0.7910428047180176,""max_zoom"":64.0}",6.528802
28577944401400,gimbal,2677,"{""imu_roll"":0.0,""imu_pitch"":17.162012100219727,""imu_yaw"":2.733041286468506,""frame_roll"":0.0,""frame_pitch"":17.162012100219727,""frame_yaw"":2.733041286468506,""pitch_speed"":0.0,""yaw_speed"":0.0}",6.5291352
28577950896200,attitude,1287,"{""message_type"":""ATTITUDE"",""time_boot_ms"":126470,""roll"":0.030428683385252953,""pitch"":-0.20031385123729706,""yaw"":3.1169192790985107,""rollspeed"":-0.053123053163290024,""pitchspeed"":0.015021087601780891,""yawspeed"":0.004241129383444786}",6.53563
28577972667700,target_offset,594,"{""x_angle_offset"":-0.28125,""y_angle_offset"":-0.21746484261971932}",6.5574015
28577987504200,position,646,"{""message_type"":""GLOBAL_POSITION_INT"",""lat"":469502179,""lon"":393490647}",6.572238
28577988008300,attitude,1288,"{""message_type"":""ATTITUDE"",""time_boot_ms"":126510,""roll"":0.028231898322701454,""pitch"":-0.1991598904132843,""yaw"":3.1171960830688477,""rollspeed"":-0.04988621547818184,""pitchspeed"":0.03095131926238537,""yawspeed"":0.00473497249186039}",6.5727421
28577988173200,vfr,646,"{""message_type"":""VFR_HUD"",""airspeed"":30.728530883789062,""alt"":192.4499969482422}",6.572907
28577990176900,fov,2678,"{""zoom"":1.0,""hfov"":90.0,""vfov"":58.71550750732422,""state"":0,""max_aov_h"":90.0,""max_aov_v"":58.71550750732422,""min_aov_h"":1.40625,""min_aov_v"":0.7910428047180176,""max_zoom"":64.0}",6.5749107
28577990478100,gimbal,2678,"{""imu_roll"":0.0,""imu_pitch"":17.057165145874023,""imu_yaw"":2.5816168785095215,""frame_roll"":0.0,""frame_pitch"":17.057165145874023,""frame_yaw"":2.5816168785095215,""pitch_speed"":0.0,""yaw_speed"":0.0}",6.5752119
28578022852500,target_offset,595,"{""x_angle_offset"":-0.1875,""y_angle_offset"":0.10873242130985966}",6.6075863
28578030550400,range,1261,"{""message_type"":""GLOBAL_VISION_POSITION_ESTIMATE"",""x"":46.94819259643555,""y"":39.349021911621094}",6.6152842
28578030664900,range,1262,"{""message_type"":""GLOBAL_VISION_POSITION_ESTIMATE"",""x"":46.94819259643555,""y"":39.349021911621094}",6.6153987
28578040699300,fov,2679,"{""zoom"":1.0,""hfov"":90.0,""vfov"":58.71550750732422,""state"":0,""max_aov_h"":90.0,""max_aov_v"":58.71550750732422,""min_aov_h"":1.40625,""min_aov_v"":0.7910428047180176,""max_zoom"":64.0}",6.6254331
28578041358800,gimbal,2679,"{""imu_roll"":0.0,""imu_pitch"":17.10673713684082,""imu_yaw"":2.4674460887908936,""frame_roll"":0.0,""frame_pitch"":17.10673713684082,""frame_yaw"":2.4674460887908936,""pitch_speed"":0.0,""yaw_speed"":0.0}",6.6260926
28578048557200,attitude,1289,"{""message_type"":""ATTITUDE"",""time_boot_ms"":126570,""roll"":0.025200970470905304,""pitch"":-0.19617362320423126,""yaw"":3.117633581161499,""rollspeed"":-0.047831322997808456,""pitchspeed"":0.050138480961322784,""yawspeed"":0.005235989578068256}",6.633291
28578068334000,target_offset,596,"{""x_angle_offset"":0.09375,""y_angle_offset"":0.43492968523943865}",6.6530678
28578089665300,fov,2680,"{""zoom"":1.0,""hfov"":90.0,""vfov"":58.71550750732422,""state"":0,""max_aov_h"":90.0,""max_aov_v"":58.71550750732422,""min_aov_h"":1.40625,""min_aov_v"":0.7910428047180176,""max_zoom"":64.0}",6.6743991
28578090128500,gimbal,2680,"{""imu_roll"":0.0,""imu_pitch"":17.319807052612305,""imu_yaw"":2.4920477867126465,""frame_roll"":0.0,""frame_pitch"":17.319807052612305,""frame_yaw"":2.4920477867126465,""pitch_speed"":0.0,""yaw_speed"":0.0}",6.6748623
28578090480400,position,647,"{""message_type"":""GLOBAL_POSITION_INT"",""lat"":469502179,""lon"":393490647}",6.6752142
28578090908700,attitude,1290,"{""message_type"":""ATTITUDE"",""time_boot_ms"":126610,""roll"":0.02311871573328972,""pitch"":-0.1935647577047348,""yaw"":3.1179428100585938,""rollspeed"":-0.05019766092300415,""pitchspeed"":0.06232907623052597,""yawspeed"":0.005432358011603355}",6.6756425
28578091074700,vfr,647,"{""message_type"":""VFR_HUD"",""airspeed"":30.947839736938477,""alt"":191.5699920654297}",6.6758085
28578118775200,target_offset,597,"{""x_angle_offset"":0.09375,""y_angle_offset"":0.43492968523943865}",6.703509
28578139407000,fov,2681,"{""zoom"":1.0,""hfov"":90.0,""vfov"":58.71550750732422,""state"":0,""max_aov_h"":90.0,""max_aov_v"":58.71550750732422,""min_aov_h"":1.40625,""min_aov_v"":0.7910428047180176,""max_zoom"":64.0}",6.7241408
28578140417700,gimbal,2681,"{""imu_roll"":0.0,""imu_pitch"":17.536924362182617,""imu_yaw"":2.5148375034332275,""frame_roll"":0.0,""frame_pitch"":17.536924362182617,""frame_yaw"":2.5148375034332275,""pitch_speed"":0.0,""yaw_speed"":0.0}",6.7251515
28578148150900,attitude,1291,"{""message_type"":""ATTITUDE"",""time_boot_ms"":126670,""roll"":0.019567960873246193,""pitch"":-0.18877746164798737,""yaw"":3.118407726287842,""rollspeed"":-0.06101424992084503,""pitchspeed"":0.07998373359441757,""yawspeed"":0.005233725532889366}",6.7328847
28578165533100,range,1263,"{""message_type"":""GLOBAL_VISION_POSITION_ESTIMATE"",""x"":46.94819259643555,""y"":39.3490104675293}",6.7502669
28578168568400,range,1264,"{""message_type"":""GLOBAL_VISION_POSITION_ESTIMATE"",""x"":46.94819259643555,""y"":39.3490104675293}",6.7533022
28578169571300,target_offset,598,"{""x_angle_offset"":0.09375,""y_angle_offset"":0.7611269491690176}",6.7543051
28578183594700,attitude,1292,"{""message_type"":""ATTITUDE"",""time_boot_ms"":126710,""roll"":0.01661526784300804,""pitch"":-0.18497534096240997,""yaw"":3.1186957359313965,""rollspeed"":-0.07505089044570923,""pitchspeed"":0.09221136569976807,""yawspeed"":0.004609234631061554}",6.7683285
28578183885100,vfr,648,"{""message_type"":""VFR_HUD"",""airspeed"":31.156368255615234,""alt"":190.67999267578125}",6.7686189
28578184096400,position,648,"{""message_type"":""GLOBAL_POSITION_INT"",""lat"":469502179,""lon"":393490647}",6.7688302
28578187696400,fov,2682,"{""zoom"":1.0,""hfov"":90.0,""vfov"":58.71550750732422,""state"":0,""max_aov_h"":90.0,""max_aov_v"":58.71550750732422,""min_aov_h"":1.40625,""min_aov_v"":0.7910428047180176,""max_zoom"":64.0}",6.7724302
28578188013200,gimbal,2682,"{""imu_roll"":0.0,""imu_pitch"":17.908645629882812,""imu_yaw"":2.5368497371673584,""frame_roll"":0.0,""frame_pitch"":17.908645629882812,""frame_yaw"":2.5368497371673584,""pitch_speed"":0.0,""yaw_speed"":0.0}",6.772747
28578220074100,target_offset,599,"{""x_angle_offset"":0.09375,""y_angle_offset"":0.7611269491690176}",6.8048079
28578240146900,fov,2683,"{""zoom"":1.0,""hfov"":90.0,""vfov"":58.71550750732422,""state"":0,""max_aov_h"":90.0,""max_aov_v"":58.71550750732422,""min_aov_h"":1.40625,""min_aov_v"":0.7910428047180176,""max_zoom"":64.0}",6.8248807
28578240484000,gimbal,2683,"{""imu_roll"":0.0,""imu_pitch"":18.289220809936523,""imu_yaw"":2.560930013656616,""frame_roll"":0.0,""frame_pitch"":18.289220809936523,""frame_yaw"":2.560930013656616,""pitch_speed"":0.0,""yaw_speed"":0.0}",6.8252178
28578243087700,attitude,1293,"{""message_type"":""ATTITUDE"",""time_boot_ms"":126770,""roll"":0.010790775530040264,""pitch"":-0.17861050367355347,""yaw"":3.1190185546875,""rollspeed"":-0.1073014959692955,""pitchspeed"":0.10644698143005371,""yawspeed"":0.0025775516405701637}",6.8278215
28578270786300,target_offset,600,"{""x_angle_offset"":0.09375,""y_angle_offset"":0.7611269491690176}",6.8555201
28578278713300,vfr,649,"{""message_type"":""VFR_HUD"",""airspeed"":31.357192993164062,""alt"":189.7899932861328}",6.8634471
28578278841800,position,649,"{""message_type"":""GLOBAL_POSITION_INT"",""lat"":469501541,""lon"":393490664}",6.8635756
28578279039700,attitude,1294,"{""message_type"":""ATTITUDE"",""time_boot_ms"":126810,""roll"":0.005737887695431709,""pitch"":-0.17408965528011322,""yaw"":3.119140863418579,""rollspeed"":-0.13270238041877747,""pitchspeed"":0.11121514439582825,""yawspeed"":0.0008088382892310619}",6.8637735
28578293259200,fov,2684,"{""zoom"":1.0,""hfov"":90.0,""vfov"":58.71550750732422,""state"":0,""max_aov_h"":90.0,""max_aov_v"":58.71550750732422,""min_aov_h"":1.40625,""min_aov_v"":0.7910428047180176,""max_zoom"":64.0}",6.877993
28578293619100,gimbal,2684,"{""imu_roll"":0.0,""imu_pitch"":18.683609008789062,""imu_yaw"":2.588880777359009,""frame_roll"":0.0,""frame_pitch"":18.683609008789062,""frame_yaw"":2.588880777359009,""pitch_speed"":0.0,""yaw_speed"":0.0}",6.8783529
28578322697900,target_offset,601,"{""x_angle_offset"":0.0,""y_angle_offset"":0.7611269491690176}",6.9074317
28578335362200,range,1265,"{""message_type"":""GLOBAL_VISION_POSITION_ESTIMATE"",""x"":46.94812774658203,""y"":39.3489990234375}",6.920096
28578335818600,attitude,1295,"{""message_type"":""ATTITUDE"",""time_boot_ms"":126870,""roll"":-0.0036949084606021643,""pitch"":-0.16726215183734894,""yaw"":3.119138717651367,""rollspeed"":-0.17062810063362122,""pitchspeed"":0.11011950671672821,""yawspeed"":-0.0024075836408883333}",6.9205524
28578339683500,fov,2685,"{""zoom"":1.0,""hfov"":90.0,""vfov"":58.71550750732422,""state"":0,""max_aov_h"":90.0,""max_aov_v"":58.71550750732422,""min_aov_h"":1.40625,""min_aov_v"":0.7910428047180176,""max_zoom"":64.0}",6.9244173
28578340034900,gimbal,2685,"{""imu_roll"":0.0,""imu_pitch"":19.041364669799805,""imu_yaw"":2.575680732727051,""frame_roll"":0.0,""frame_pitch"":19.041364669799805,""frame_yaw"":2.575680732727051,""pitch_speed"":0.0,""yaw_speed"":0.0}",6.9247687
28578358162700,range,1266,"{""message_type"":""GLOBAL_VISION_POSITION_ESTIMATE"",""x"":46.94812774658203,""y"":39.3489990234375}",6.9428965
28578372592300,target_offset,602,"{""x_angle_offset"":-0.09375,""y_angle_offset"":0.7611269491690176}",6.9573261
28578383108400,position,650,"{""message_type"":""GLOBAL_POSITION_INT"",""lat"":469501541,""lon"":393490664}",6.9678422
28578383680100,attitude,1296,"{""message_type"":""ATTITUDE"",""time_boot_ms"":126910,""roll"":-0.011216104961931705,""pitch"":-0.16291500627994537,""yaw"":3.1190099716186523,""rollspeed"":-0.19496656954288483,""pitchspeed"":0.10461802780628204,""yawspeed"":-0.004838310182094574}",6.9684139
28578383828200,vfr,650,"{""message_type"":""VFR_HUD"",""airspeed"":31.552560806274414,""alt"":188.89999389648438}",6.968562
28578387395400,fov,2686,"{""zoom"":1.0,""hfov"":90.0,""vfov"":58.71550750732422,""state"":0,""max_aov_h"":90.0,""max_aov_v"":58.71550750732422,""min_aov_h"":1.40625,""min_aov_v"":0.7910428047180176,""max_zoom"":64.0}",6.9721292
28578387684900,gimbal,2686,"{""imu_roll"":0.0,""imu_pitch"":19.401172637939453,""imu_yaw"":2.521338939666748,""frame_roll"":0.0,""frame_pitch"":19.401172637939453,""frame_yaw"":2.521338939666748,""pitch_speed"":0.0,""yaw_speed"":0.0}",6.9724187
28578419918000,target_offset,603,"{""x_angle_offset"":-0.28125,""y_angle_offset"":0.8698593704788773}",7.0046518
28578434633500,fov,2687,"{""zoom"":1.0,""hfov"":90.0,""vfov"":58.71550750732422,""state"":0,""max_aov_h"":90.0,""max_aov_v"":58.71550750732422,""min_aov_h"":1.40625,""min_aov_v"":0.7910428047180176,""max_zoom"":64.0}",7.0193673
28578435185800,gimbal,2687,"{""imu_roll"":0.0,""imu_pitch"":19.80351448059082,""imu_yaw"":2.3841500282287598,""frame_roll"":0.0,""frame_pitch"":19.80351448059082,""frame_yaw"":2.3841500282287598,""pitch_speed"":0.0,""yaw_speed"":0.0}",7.0199196
28578445127900,attitude,1297,"{""message_type"":""ATTITUDE"",""time_boot_ms"":126970,""roll"":-0.023902652785182,""pitch"":-0.15729877352714539,""yaw"":3.1186161041259766,""rollspeed"":-0.2198496162891388,""pitchspeed"":0.09003335237503052,""yawspeed"":-0.008307780139148235}",7.0298617
28578462373500,target_offset,604,"{""x_angle_offset"":-0.375,""y_angle_offset"":0.8698593704788773}",7.0471073
28578480040100,fov,2688,"{""zoom"":1.0,""hfov"":90.0,""vfov"":58.71550750732422,""state"":0,""max_aov_h"":90.0,""max_aov_v"":58.71550750732422,""min_aov_h"":1.40625,""min_aov_v"":0.7910428047180176,""max_zoom"":64.0}",7.0647739
28578481173400,gimbal,2688,"{""imu_roll"":0.0,""imu_pitch"":20.191356658935547,""imu_yaw"":2.2170567512512207,""frame_roll"":0.0,""frame_pitch"":20.191356658935547,""frame_yaw"":2.2170567512512207,""pitch_speed"":0.0,""yaw_speed"":0.0}",7.0659072
28578487168800,vfr,651,"{""message_type"":""VFR_HUD"",""airspeed"":31.743606567382812,""alt"":188.0399932861328}",7.0719026
28578487349400,position,651,"{""message_type"":""GLOBAL_POSITION_INT"",""lat"":469500878,""lon"":393490686}",7.0720832
28578487576600,attitude,1298,"{""message_type"":""ATTITUDE"",""time_boot_ms"":127010,""roll"":-0.03286736086010933,""pitch"":-0.15444540977478027,""yaw"":3.118269681930542,""rollspeed"":-0.2253328412771225,""pitchspeed"":0.07824160158634186,""yawspeed"":-0.010297628119587898}",7.0723104
28578492265900,range,1267,"{""message_type"":""GLOBAL_VISION_POSITION_ESTIMATE"",""x"":46.948062896728516,""y"":39.348976135253906}",7.0769997
28578508264700,target_offset,605,"{""x_angle_offset"":-0.375,""y_angle_offset"":0.978591791788737}",7.0929985
28578513841400,range,1268,"{""message_type"":""GLOBAL_VISION_POSITION_ESTIMATE"",""x"":46.948062896728516,""y"":39.348976135253906}",7.0985752
28578518916100,fov,2689,"{""zoom"":1.0,""hfov"":90.0,""vfov"":58.71550750732422,""state"":0,""max_aov_h"":90.0,""max_aov_v"":58.71550750732422,""min_aov_h"":1.40625,""min_aov_v"":0.7910428047180176,""max_zoom"":64.0}",7.1036499
28578519510100,gimbal,2689,"{""imu_roll"":0.0,""imu_pitch"":20.35472869873047,""imu_yaw"":2.152212142944336,""frame_roll"":0.0,""frame_pitch"":20.35472869873047,""frame_yaw"":2.152212142944336,""pitch_speed"":0.0,""yaw_speed"":0.0}",7.1042439
28578542592000,target_offset,606,"{""x_angle_offset"":-0.375,""y_angle_offset"":0.978591791788737}",7.1273258
28578558269600,fov,2690,"{""zoom"":1.0,""hfov"":90.0,""vfov"":58.71550750732422,""state"":0,""max_aov_h"":90.0,""max_aov_v"":58.71550750732422,""min_aov_h"":1.40625,""min_aov_v"":0.7910428047180176,""max_zoom"":64.0}",7.1430034
28578558946000,gimbal,2690,"{""imu_roll"":0.0,""imu_pitch"":20.65264892578125,""imu_yaw"":2.0383450984954834,""frame_roll"":0.0,""frame_pitch"":20.65264892578125,""frame_yaw"":2.0383450984954834,""pitch_speed"":0.0,""yaw_speed"":0.0}",7.1436798
28578559994900,attitude,1299,"{""message_type"":""ATTITUDE"",""time_boot_ms"":127070,""roll"":-0.04593413695693016,""pitch"":-0.15112824738025665,""yaw"":3.117642879486084,""rollspeed"":-0.21304258704185486,""pitchspeed"":0.05888266861438751,""yawspeed"":-0.012231634929776192}",7.1447287
28578591037900,target_offset,607,"{""x_angle_offset"":-0.46875,""y_angle_offset"":0.978591791788737}",7.1757717
28578602604300,fov,2691,"{""zoom"":1.0,""hfov"":90.0,""vfov"":58.71550750732422,""state"":0,""max_aov_h"":90.0,""max_aov_v"":58.71550750732422,""min_aov_h"":1.40625,""min_aov_v"":0.7910428047180176,""max_zoom"":64.0}",7.1873381
28578602965200,gimbal,2691,"{""imu_roll"":0.0,""imu_pitch"":20.976787567138672,""imu_yaw"":1.911752700805664,""frame_roll"":0.0,""frame_pitch"":20.976787567138672,""frame_yaw"":1.911752700805664,""pitch_speed"":0.0,""yaw_speed"":0.0}",7.187699
28578607490600,vfr,652,"{""message_type"":""VFR_HUD"",""airspeed"":31.904006958007812,""alt"":187.19000244140625}",7.1922244
28578607675400,position,652,"{""message_type"":""GLOBAL_POSITION_INT"",""lat"":469500878,""lon"":393490686}",7.1924092
28578607997800,attitude,1300,"{""message_type"":""ATTITUDE"",""time_boot_ms"":127110,""roll"":-0.053846873342990875,""pitch"":-0.1495417207479477,""yaw"":3.1172103881835938,""rollspeed"":-0.1937490701675415,""pitchspeed"":0.04685957357287407,""yawspeed"":-0.012975404039025307}",7.1927316
28578629628700,target_offset,608,"{""x_angle_offset"":-0.46875,""y_angle_offset"":0.978591791788737}",7.2143625
28578640419400,fov,2692,"{""zoom"":1.0,""hfov"":90.0,""vfov"":58.71550750732422,""state"":0,""max_aov_h"":90.0,""max_aov_v"":58.71550750732422,""min_aov_h"":1.40625,""min_aov_v"":0.7910428047180176,""max_zoom"":64.0}",7.2251532
28578641123200,gimbal,2692,"{""imu_roll"":0.0,""imu_pitch"":21.211286544799805,""imu_yaw"":1.7921092510223389,""frame_roll"":0.0,""frame_pitch"":21.211286544799805,""frame_yaw"":1.7921092510223389,""pitch_speed"":0.0,""yaw_speed"":0.0}",7.225857
28578646956400,range,1269,"{""message_type"":""GLOBAL_VISION_POSITION_ESTIMATE"",""x"":46.948062896728516,""y"":39.348976135253906}",7.2316902
28578649629000,range,1270,"{""message_type"":""GLOBAL_VISION_POSITION_ESTIMATE"",""x"":46.948062896728516,""y"":39.348976135253906}",7.2343628
28578665836400,target_offset,609,"{""x_angle_offset"":-0.46875,""y_angle_offset"":0.978591791788737}",7.2505702
28578670677100,attitude,1301,"{""message_type"":""ATTITUDE"",""time_boot_ms"":127170,""roll"":-0.06348134577274323,""pitch"":-0.14798526465892792,""yaw"":3.116570234298706,""rollspeed"":-0.1439676731824875,""pitchspeed"":0.031162841245532036,""yawspeed"":-0.012827787548303604}",7.2554109
28578676977300,fov,2693,"{""zoom"":1.0,""hfov"":90.0,""vfov"":58.71550750732422,""state"":0,""max_aov_h"":90.0,""max_aov_v"":58.71550750732422,""min_aov_h"":1.40625,""min_aov_v"":0.7910428047180176,""max_zoom"":64.0}",7.2617111
28578677244200,gimbal,2693,"{""imu_roll"":0.0,""imu_pitch"":21.482664108276367,""imu_yaw"":1.666696310043335,""frame_roll"":0.0,""frame_pitch"":21.482664108276367,""frame_yaw"":1.666696310043335,""pitch_speed"":0.0,""yaw_speed"":0.0}",7.261978
28578701448000,target_offset,610,"{""x_angle_offset"":-0.5625,""y_angle_offset"":0.8698593704788773}",7.2861818
28578710612800,attitude,1302,"{""message_type"":""ATTITUDE"",""time_boot_ms"":127210,""roll"":-0.0679108202457428,""pitch"":-0.146790012717247,""yaw"":3.1161811351776123,""rollspeed"":-0.1003108024597168,""pitchspeed"":0.023569820448756218,""yawspeed"":-0.01194075122475624}",7.2953466
28578710851100,vfr,653,"{""message_type"":""VFR_HUD"",""airspeed"":32.07014465332031,""alt"":186.37998962402344}",7.2955849
28578711007300,position,653,"{""message_type"":""GLOBAL_POSITION_INT"",""lat"":469500228,""lon"":393490717}",7.2957411
28578713275700,fov,2694,"{""zoom"":1.0,""hfov"":90.0,""vfov"":58.71550750732422,""state"":0,""max_aov_h"":90.0,""max_aov_v"":58.71550750732422,""min_aov_h"":1.40625,""min_aov_v"":0.7910428047180176,""max_zoom"":64.0}",7.2980095
28578714285000,gimbal,2694,"{""imu_roll"":0.0,""imu_pitch"":21.805517196655273,""imu_yaw"":1.4624176025390625,""frame_roll"":0.0,""frame_pitch"":21.805517196655273,""frame_yaw"":1.4624176025390625,""pitch_speed"":0.0,""yaw_speed"":0.0}",7.2990188
28578741253000,target_offset,611,"{""x_angle_offset"":-0.5625,""y_angle_offset"":0.8698593704788773}",7.3259868
28578752150100,fov,2695,"{""zoom"":1.0,""hfov"":90.0,""vfov"":58.71550750732422,""state"":0,""max_aov_h"":90.0,""max_aov_v"":58.71550750732422,""min_aov_h"":1.40625,""min_aov_v"":0.7910428047180176,""max_zoom"":64.0}",7.3368839
28578752446400,gimbal,2695,"{""imu_roll"":0.0,""imu_pitch"":22.01133155822754,""imu_yaw"":1.3388019800186157,""frame_roll"":0.0,""frame_pitch"":22.01133155822754,""frame_yaw"":1.3388019800186157,""pitch_speed"":0.0,""yaw_speed"":0.0}",7.3371802
28578776890700,attitude,1303,"{""message_type"":""ATTITUDE"",""time_boot_ms"":127270,""roll"":-0.07097890228033066,""pitch"":-0.14545275270938873,""yaw"":3.1156904697418213,""rollspeed"":-0.02683059498667717,""pitchspeed"":0.015097592957317829,""yawspeed"":-0.009638643823564053}",7.3616245
28578780360200,target_offset,612,"{""x_angle_offset"":-0.5625,""y_angle_offset"":0.7611269491690176}",7.365094
28578786233700,fov,2696,"{""zoom"":1.0,""hfov"":90.0,""vfov"":58.71550750732422,""state"":0,""max_aov_h"":90.0,""max_aov_v"":58.71550750732422,""min_aov_h"":1.40625,""min_aov_v"":0.7910428047180176,""max_zoom"":64.0}",7.3709675
28578786477700,gimbal,2696,"{""imu_roll"":0.0,""imu_pitch"":22.236011505126953,""imu_yaw"":1.1822198629379272,""frame_roll"":0.0,""frame_pitch"":22.236011505126953,""frame_yaw"":1.1822198629379272,""pitch_speed"":0.0,""yaw_speed"":0.0}",7.3712115
28578814714600,target_offset,613,"{""x_angle_offset"":-0.46875,""y_angle_offset"":0.43492968523943865}",7.3994484
28578824180000,range,1271,"{""message_type"":""GLOBAL_VISION_POSITION_ESTIMATE"",""x"":46.947998046875,""y"":39.34899139404297}",7.4089138
28578826054000,fov,2697,"{""zoom"":1.0,""hfov"":90.0,""vfov"":58.71550750732422,""state"":0,""max_aov_h"":90.0,""max_aov_v"":58.71550750732422,""min_aov_h"":1.40625,""min_aov_v"":0.7910428047180176,""max_zoom"":64.0}",7.4107878
28578826364600,gimbal,2697,"{""imu_roll"":0.0,""imu_pitch"":22.439149856567383,""imu_yaw"":1.02692711353302,""frame_roll"":0.0,""frame_pitch"":22.439149856567383,""frame_yaw"":1.02692711353302,""pitch_speed"":0.0,""yaw_speed"":0.0}",7.4110984
28578827577000,attitude,1304,"{""message_type"":""ATTITUDE"",""time_boot_ms"":127310,""roll"":-0.07050633430480957,""pitch"":-0.1448136270046234,""yaw"":3.115438938140869,""rollspeed"":0.024222638458013535,""pitchspeed"":0.010036773048341274,""yawspeed"":-0.007630378007888794}",7.4123108
28578827812900,vfr,654,"{""message_type"":""VFR_HUD"",""airspeed"":32.21323013305664,""alt"":185.59999084472656}",7.4125467
28578827937900,range,1272,"{""message_type"":""GLOBAL_VISION_POSITION_ESTIMATE"",""x"":46.947998046875,""y"":39.34899139404297}",7.4126717
28578828048600,position,654,"{""message_type"":""GLOBAL_POSITION_INT"",""lat"":469500228,""lon"":393490717}",7.4127824
28578853964700,target_offset,614,"{""x_angle_offset"":-0.46875,""y_angle_offset"":0.43492968523943865}",7.4386985
28578863896000,fov,2698,"{""zoom"":1.0,""hfov"":90.0,""vfov"":58.71550750732422,""state"":0,""max_aov_h"":90.0,""max_aov_v"":58.71550750732422,""min_aov_h"":1.40625,""min_aov_v"":0.7910428047180176,""max_zoom"":64.0}",7.4486298
28578864252200,gimbal,2698,"{""imu_roll"":0.0,""imu_pitch"":22.506967544555664,""imu_yaw"":0.9262092113494873,""frame_roll"":0.0,""frame_pitch"":22.506967544555664,""frame_yaw"":0.9262092113494873,""pitch_speed"":0.0,""yaw_speed"":0.0}",7.448986
28578888052900,target_offset,615,"{""x_angle_offset"":-0.1875,""y_angle_offset"":0.43492968523943865}",7.4727867
28578898312500,fov,2699,"{""zoom"":1.0,""hfov"":90.0,""vfov"":58.71550750732422,""state"":0,""max_aov_h"":90.0,""max_aov_v"":58.71550750732422,""min_aov_h"":1.40625,""min_aov_v"":0.7910428047180176,""max_zoom"":64.0}",7.4830463
28578898635600,gimbal,2699,"{""imu_roll"":0.0,""imu_pitch"":22.630756378173828,""imu_yaw"":0.7999230027198792,""frame_roll"":0.0,""frame_pitch"":22.630756378173828,""frame_yaw"":0.7999230027198792,""pitch_speed"":0.0,""yaw_speed"":0.0}",7.4833694
28578899071600,attitude,1305,"{""message_type"":""ATTITUDE"",""time_boot_ms"":127370,""roll"":-0.06611417979001999,""pitch"":-0.1441831737756729,""yaw"":3.115201950073242,""rollspeed"":0.09706176817417145,""pitchspeed"":0.003378512104973197,""yawspeed"":-0.004156660288572311}",7.4838054
28578918320800,target_offset,616,"{""x_angle_offset"":-0.1875,""y_angle_offset"":0.326197263929579}",7.5030546
28578929976000,fov,2700,"{""zoom"":1.0,""hfov"":90.0,""vfov"":58.71550750732422,""state"":0,""max_aov_h"":90.0,""max_aov_v"":58.71550750732422,""min_aov_h"":1.40625,""min_aov_v"":0.7910428047180176,""max_zoom"":64.0}",7.5147098
28578930249600,gimbal,2700,"{""imu_roll"":0.0,""imu_pitch"":22.726823806762695,""imu_yaw"":0.7765517234802246,""frame_roll"":0.0,""frame_pitch"":22.726823806762695,""frame_yaw"":0.7765517234802246,""pitch_speed"":0.0,""yaw_speed"":0.0}",7.5149834
28578937993900,position,655,"{""message_type"":""GLOBAL_POSITION_INT"",""lat"":469499575,""lon"":393490746}",7.5227277
28578938362000,attitude,1306,"{""message_type"":""ATTITUDE"",""time_boot_ms"":127410,""roll"":-0.060812707990407944,""pitch"":-0.14402098953723907,""yaw"":3.1150925159454346,""rollspeed"":0.13893258571624756,""pitchspeed"":-0.0018533251713961363,""yawspeed"":-0.0018976002465933561}",7.5230958
28578938511800,vfr,655,"{""message_type"":""VFR_HUD"",""airspeed"":32.3669548034668,""alt"":184.8199920654297}",7.5232456
28578950192000,target_offset,617,"{""x_angle_offset"":-0.09375,""y_angle_offset"":0.326197263929579}",7.5349258
28578961883200,fov,2701,"{""zoom"":1.0,""hfov"":90.0,""vfov"":58.71550750732422,""state"":0,""max_aov_h"":90.0,""max_aov_v"":58.71550750732422,""min_aov_h"":1.40625,""min_aov_v"":0.7910428047180176,""max_zoom"":64.0}",7.546617
28578962547400,gimbal,2701,"{""imu_roll"":0.0,""imu_pitch"":22.795549392700195,""imu_yaw"":0.7160565853118896,""frame_roll"":0.0,""frame_pitch"":22.795549392700195,""frame_yaw"":0.7160565853118896,""pitch_speed"":0.0,""yaw_speed"":0.0}",7.5472812
28578972815600,range,1273,"{""message_type"":""GLOBAL_VISION_POSITION_ESTIMATE"",""x"":46.947933197021484,""y"":39.34903335571289}",7.5575494
28578982149800,fov,2702,"{""zoom"":1.0,""hfov"":90.0,""vfov"":58.71550750732422,""state"":0,""max_aov_h"":90.0,""max_aov_v"":58.71550750732422,""min_aov_h"":1.40625,""min_aov_v"":0.7910428047180176,""max_zoom"":64.0}",7.5668836
28578984151700,gimbal,2702,"{""imu_roll"":0.0,""imu_pitch"":22.864154815673828,""imu_yaw"":0.7053249478340149,""frame_roll"":0.0,""frame_pitch"":22.864154815673828,""frame_yaw"":0.7053249478340149,""pitch_speed"":0.0,""yaw_speed"":0.0}",7.5688855
28578985266700,target_offset,618,"{""x_angle_offset"":0.1875,""y_angle_offset"":0.326197263929579}",7.5700005
28578993130300,range,1274,"{""message_type"":""GLOBAL_VISION_POSITION_ESTIMATE"",""x"":46.947933197021484,""y"":39.34903335571289}",7.5778641
28579006435600,attitude,1307,"{""message_type"":""ATTITUDE"",""time_boot_ms"":127470,""roll"":-0.05002370849251747,""pitch"":-0.1443030834197998,""yaw"":3.1150221824645996,""rollspeed"":0.18689952790737152,""pitchspeed"":-0.012963460758328438,""yawspeed"":0.0011365455575287342}",7.5911694
28579009061100,target_offset,619,"{""x_angle_offset"":0.1875,""y_angle_offset"":0.21746484261971932}",7.5937949
28579020366300,fov,2703,"{""zoom"":1.0,""hfov"":90.0,""vfov"":58.71550750732422,""state"":0,""max_aov_h"":90.0,""max_aov_v"":58.71550750732422,""min_aov_h"":1.40625,""min_aov_v"":0.7910428047180176,""max_zoom"":64.0}",7.6051001
28579020774300,gimbal,2703,"{""imu_roll"":0.0,""imu_pitch"":22.97536849975586,""imu_yaw"":0.7631343007087708,""frame_roll"":0.0,""frame_pitch"":22.97536849975586,""frame_yaw"":0.7631343007087708,""pitch_speed"":0.0,""yaw_speed"":0.0}",7.6055081
28579046095700,gimbal,2704,"{""imu_roll"":0.0,""imu_pitch"":23.002864837646484,""imu_yaw"":0.793726921081543,""frame_roll"":0.0,""frame_pitch"":23.002864837646484,""frame_yaw"":0.793726921081543,""pitch_speed"":0.0,""yaw_speed"":0.0}",7.6308295
28579047147100,fov,2704,"{""zoom"":1.0,""hfov"":90.0,""vfov"":58.71550750732422,""state"":0,""max_aov_h"":90.0,""max_aov_v"":58.71550750732422,""min_aov_h"":1.40625,""min_aov_v"":0.7910428047180176,""max_zoom"":64.0}",7.6318809
28579047842000,target_offset,620,"{""x_angle_offset"":0.28125,""y_angle_offset"":0.21746484261971932}",7.6325758
28579055322400,vfr,656,"{""message_type"":""VFR_HUD"",""airspeed"":32.500980377197266,""alt"":184.05999755859375}",7.6400562
28579056491700,position,656,"{""message_type"":""GLOBAL_POSITION_INT"",""lat"":469499575,""lon"":393490746}",7.6412255
28579057370500,attitude,1308,"{""message_type"":""ATTITUDE"",""time_boot_ms"":127510,""roll"":-0.04169504716992378,""pitch"":-0.14497119188308716,""yaw"":3.115004539489746,""rollspeed"":0.20506007969379425,""pitchspeed"":-0.023689331486821175,""yawspeed"":0.0024874750524759293}",7.6421043
28579077415600,fov,2705,"{""zoom"":1.0,""hfov"":90.0,""vfov"":58.71550750732422,""state"":0,""max_aov_h"":90.0,""max_aov_v"":58.71550750732422,""min_aov_h"":1.40625,""min_aov_v"":0.7910428047180176,""max_zoom"":64.0}",7.6621494
28579077863500,gimbal,2705,"{""imu_roll"":0.0,""imu_pitch"":23.060970306396484,""imu_yaw"":0.8679454326629639,""frame_roll"":0.0,""frame_pitch"":23.060970306396484,""frame_yaw"":0.8679454326629639,""pitch_speed"":0.0,""yaw_speed"":0.0}",7.6625973
28579078621600,target_offset,621,"{""x_angle_offset"":0.5625,""y_angle_offset"":0.21746484261971932}",7.6633554
28579107491200,fov,2706,"{""zoom"":1.0,""hfov"":90.0,""vfov"":58.71550750732422,""state"":0,""max_aov_h"":90.0,""max_aov_v"":58.71550750732422,""min_aov_h"":1.40625,""min_aov_v"":0.7910428047180176,""max_zoom"":64.0}",7.692225
28579108046600,gimbal,2706,"{""imu_roll"":0.0,""imu_pitch"":23.10242462158203,""imu_yaw"":1.002204418182373,""frame_roll"":0.0,""frame_pitch"":23.10242462158203,""frame_yaw"":1.002204418182373,""pitch_speed"":0.0,""yaw_speed"":0.0}",7.6927804
28579109832100,target_offset,622,"{""x_angle_offset"":0.5625,""y_angle_offset"":0.21746484261971932}",7.6945659
28579119751600,attitude,1309,"{""message_type"":""ATTITUDE"",""time_boot_ms"":127570,""roll"":-0.02872946485877037,""pitch"":-0.1469411700963974,""yaw"":3.1150240898132324,""rollspeed"":0.20883189141750336,""pitchspeed"":-0.04439248889684677,""yawspeed"":0.0033189682289958}",7.7044854
28579129791600,range,1275,"{""message_type"":""GLOBAL_VISION_POSITION_ESTIMATE"",""x"":46.947933197021484,""y"":39.349056243896484}",7.7145254
28579133113200,fov,2707,"{""zoom"":1.0,""hfov"":90.0,""vfov"":58.71550750732422,""state"":0,""max_aov_h"":90.0,""max_aov_v"":58.71550750732422,""min_aov_h"":1.40625,""min_aov_v"":0.7910428047180176,""max_zoom"":64.0}",7.717847
28579133524900,gimbal,2707,"{""imu_roll"":0.0,""imu_pitch"":23.16173553466797,""imu_yaw"":1.156263828277588,""frame_roll"":0.0,""frame_pitch"":23.16173553466797,""frame_yaw"":1.156263828277588,""pitch_speed"":0.0,""yaw_speed"":0.0}",7.7182587
28579140319800,target_offset,623,"{""x_angle_offset"":0.5625,""y_angle_offset"":0.10873242130985966}",7.7250536
28579147854200,range,1276,"{""message_type"":""GLOBAL_VISION_POSITION_ESTIMATE"",""x"":46.947933197021484,""y"":39.349056243896484}",7.732588
28579165042400,vfr,657,"{""message_type"":""VFR_HUD"",""airspeed"":32.647945404052734,""alt"":183.3000030517578}",7.7497762
28579165408600,fov,2708,"{""zoom"":1.0,""hfov"":90.0,""vfov"":58.71550750732422,""state"":0,""max_aov_h"":90.0,""max_aov_v"":58.71550750732422,""min_aov_h"":1.40625,""min_aov_v"":0.7910428047180176,""max_zoom"":64.0}",7.7501424
28579165582300,position,657,"{""message_type"":""GLOBAL_POSITION_INT"",""lat"":469498921,""lon"":393490772}",7.7503161
28579165937300,attitude,1310,"{""message_type"":""ATTITUDE"",""time_boot_ms"":127610,""roll"":-0.020501023158431053,""pitch"":-0.14905992150306702,""yaw"":3.1149842739105225,""rollspeed"":0.19542446732521057,""pitchspeed"":-0.06130984053015709,""yawspeed"":0.0028538359329104424}",7.7506711
28579167280000,gimbal,2708,"{""imu_roll"":0.0,""imu_pitch"":23.19552993774414,""imu_yaw"":1.3280105590820312,""frame_roll"":0.0,""frame_pitch"":23.19552993774414,""frame_yaw"":1.3280105590820312,""pitch_speed"":0.0,""yaw_speed"":0.0}",7.7520138
28579168036600,target_offset,624,"{""x_angle_offset"":0.65625,""y_angle_offset"":0.10873242130985966}",7.7527704
28579192861100,fov,2709,"{""zoom"":1.0,""hfov"":90.0,""vfov"":58.71550750732422,""state"":0,""max_aov_h"":90.0,""max_aov_v"":58.71550750732422,""min_aov_h"":1.40625,""min_aov_v"":0.7910428047180176,""max_zoom"":64.0}",7.7775949
28579193406000,gimbal,2709,"{""imu_roll"":0.0,""imu_pitch"":23.21458625793457,""imu_yaw"":1.4487496614456177,""frame_roll"":0.0,""frame_pitch"":23.21458625793457,""frame_yaw"":1.4487496614456177,""pitch_speed"":0.0,""yaw_speed"":0.0}",7.7781398
28579198359400,target_offset,625,"{""x_angle_offset"":0.65625,""y_angle_offset"":0.10873242130985966}",7.7830932
28579221019400,fov,2710,"{""zoom"":1.0,""hfov"":90.0,""vfov"":58.71550750732422,""state"":0,""max_aov_h"":90.0,""max_aov_v"":58.71550750732422,""min_aov_h"":1.40625,""min_aov_v"":0.7910428047180176,""max_zoom"":64.0}",7.8057532
28579222975300,gimbal,2710,"{""imu_roll"":0.0,""imu_pitch"":23.24525260925293,""imu_yaw"":1.6455837488174438,""frame_roll"":0.0,""frame_pitch"":23.24525260925293,""frame_yaw"":1.6455837488174438,""pitch_speed"":0.0,""yaw_speed"":0.0}",7.8077091
28579224419700,target_offset,626,"{""x_angle_offset"":0.75,""y_angle_offset"":0.0}",7.8091535
28579233928400,attitude,1311,"{""message_type"":""ATTITUDE"",""time_boot_ms"":127670,""roll"":-0.009641141630709171,""pitch"":-0.15372730791568756,""yaw"":3.114751100540161,""rollspeed"":0.1527262032032013,""pitchspeed"":-0.09003099799156189,""yawspeed"":0.000483186449855566}",7.8186622
28579253622800,fov,2711,"{""zoom"":1.0,""hfov"":90.0,""vfov"":58.71550750732422,""state"":0,""max_aov_h"":90.0,""max_aov_v"":58.71550750732422,""min_aov_h"":1.40625,""min_aov_v"":0.7910428047180176,""max_zoom"":64.0}",7.8383566
28579254210500,gimbal,2711,"{""imu_roll"":0.0,""imu_pitch"":23.239164352416992,""imu_yaw"":1.8703839778900146,""frame_roll"":0.0,""frame_pitch"":23.239164352416992,""frame_yaw"":1.8703839778900146,""pitch_speed"":0.0,""yaw_speed"":0.0}",7.8389443
28579255583700,target_offset,627,"{""x_angle_offset"":0.75,""y_angle_offset"":0.0}",7.8403175
28579270617400,position,658,"{""message_type"":""GLOBAL_POSITION_INT"",""lat"":469498921,""lon"":393490772}",7.8553512
28579271092900,attitude,1312,"{""message_type"":""ATTITUDE"",""time_boot_ms"":127710,""roll"":-0.004179253708571196,""pitch"":-0.15780676901340485,""yaw"":3.114454507827759,""rollspeed"":0.11393021792173386,""pitchspeed"":-0.1091989278793335,""yawspeed"":-0.0021017419639974833}",7.8558267
28579271320500,vfr,658,"{""message_type"":""VFR_HUD"",""airspeed"":32.77715301513672,""alt"":182.5500030517578}",7.8560543
28579279523000,fov,2712,"{""zoom"":1.0,""hfov"":90.0,""vfov"":58.71550750732422,""state"":0,""max_aov_h"":90.0,""max_aov_v"":58.71550750732422,""min_aov_h"":1.40625,""min_aov_v"":0.7910428047180176,""max_zoom"":64.0}",7.8642568
28579280380900,gimbal,2712,"{""imu_roll"":0.0,""imu_pitch"":23.235511779785156,""imu_yaw"":2.0634074211120605,""frame_roll"":0.0,""frame_pitch"":23.235511779785156,""frame_yaw"":2.0634074211120605,""pitch_speed"":0.0,""yaw_speed"":0.0}",7.8651147
28579284176400,target_offset,628,"{""x_angle_offset"":0.75,""y_angle_offset"":-0.10873242130985966}",7.8689102
28579295595400,range,1277,"{""message_type"":""GLOBAL_VISION_POSITION_ESTIMATE"",""x"":46.94786834716797,""y"":39.34903335571289}",7.8803292
28579301984900,range,1278,"{""message_type"":""GLOBAL_VISION_POSITION_ESTIMATE"",""x"":46.94786834716797,""y"":39.34903335571289}",7.8867187
28579307551300,fov,2713,"{""zoom"":1.0,""hfov"":90.0,""vfov"":58.71550750732422,""state"":0,""max_aov_h"":90.0,""max_aov_v"":58.71550750732422,""min_aov_h"":1.40625,""min_aov_v"":0.7910428047180176,""max_zoom"":64.0}",7.8922851
28579308534300,gimbal,2713,"{""imu_roll"":0.0,""imu_pitch"":23.20408821105957,""imu_yaw"":2.259410858154297,""frame_roll"":0.0,""frame_pitch"":23.20408821105957,""frame_yaw"":2.259410858154297,""pitch_speed"":0.0,""yaw_speed"":0.0}",7.8932681
28579312558500,target_offset,629,"{""x_angle_offset"":0.75,""y_angle_offset"":-0.10873242130985966}",7.8972923
28579332850700,fov,2714,"{""zoom"":1.0,""hfov"":90.0,""vfov"":58.71550750732422,""state"":0,""max_aov_h"":90.0,""max_aov_v"":58.71550750732422,""min_aov_h"":1.40625,""min_aov_v"":0.7910428047180176,""max_zoom"":64.0}",7.9175845
28579333211300,gimbal,2714,"{""imu_roll"":0.0,""imu_pitch"":23.174592971801758,""imu_yaw"":2.45442271232605,""frame_roll"":0.0,""frame_pitch"":23.174592971801758,""frame_yaw"":2.45442271232605,""pitch_speed"":0.0,""yaw_speed"":0.0}",7.9179451
28579339064800,target_offset,630,"{""x_angle_offset"":0.65625,""y_angle_offset"":-0.21746484261971932}",7.9237986
28579348890600,attitude,1313,"{""message_type"":""ATTITUDE"",""time_boot_ms"":127770,""roll"":0.0007984631811268628,""pitch"":-0.1652723252773285,""yaw"":3.113785982131958,""rollspeed"":0.047613851726055145,""pitchspeed"":-0.13513515889644623,""yawspeed"":-0.006778718903660774}",7.9336244
28579361551600,target_offset,631,"{""x_angle_offset"":0.65625,""y_angle_offset"":-0.326197263929579}",7.9462854
28579374542900,fov,2715,"{""zoom"":1.0,""hfov"":90.0,""vfov"":58.71550750732422,""state"":0,""max_aov_h"":90.0,""max_aov_v"":58.71550750732422,""min_aov_h"":1.40625,""min_aov_v"":0.7910428047180176,""max_zoom"":64.0}",7.9592767
28579375301500,gimbal,2715,"{""imu_roll"":0.0,""imu_pitch"":23.098825454711914,""imu_yaw"":2.664513111114502,""frame_roll"":0.0,""frame_pitch"":23.098825454711914,""frame_yaw"":2.664513111114502,""pitch_speed"":0.0,""yaw_speed"":0.0}",7.9600353
28579389830200,vfr,659,"{""message_type"":""VFR_HUD"",""airspeed"":32.92033004760742,""alt"":181.8000030517578}",7.974564
28579390084000,position,659,"{""message_type"":""GLOBAL_POSITION_INT"",""lat"":469498921,""lon"":393490772}",7.9748178
28579390558500,attitude,1314,"{""message_type"":""ATTITUDE"",""time_boot_ms"":127810,""roll"":0.0019171426538378,""pitch"":-0.17100384831428528,""yaw"":3.1132023334503174,""rollspeed"":0.0029416116885840893,""pitchspeed"":-0.14938491582870483,""yawspeed"":-0.009840753860771656}",7.9752923
28579394372000,fov,2716,"{""zoom"":1.0,""hfov"":90.0,""vfov"":58.71550750732422,""state"":0,""max_aov_h"":90.0,""max_aov_v"":58.71550750732422,""min_aov_h"":1.40625,""min_aov_v"":0.7910428047180176,""max_zoom"":64.0}",7.9791058
28579394730500,gimbal,2716,"{""imu_roll"":0.0,""imu_pitch"":23.013959884643555,""imu_yaw"":2.805786609649658,""frame_roll"":0.0,""frame_pitch"":23.013959884643555,""frame_yaw"":2.805786609649658,""pitch_speed"":0.0,""yaw_speed"":0.0}",7.9794643
28579395386800,target_offset,632,"{""x_angle_offset"":0.5625,""y_angle_offset"":-0.326197263929579}",7.9801206
28579417572300,fov,2717,"{""zoom"":1.0,""hfov"":90.0,""vfov"":58.71550750732422,""state"":0,""max_aov_h"":90.0,""max_aov_v"":58.71550750732422,""min_aov_h"":1.40625,""min_aov_v"":0.7910428047180176,""max_zoom"":64.0}",8.0023061
28579417929100,gimbal,2717,"{""imu_roll"":0.0,""imu_pitch"":22.95612144470215,""imu_yaw"":2.9009993076324463,""frame_roll"":0.0,""frame_pitch"":22.95612144470215,""frame_yaw"":2.9009993076324463,""pitch_speed"":0.0,""yaw_speed"":0.0}",8.0026629
28579429292500,target_offset,633,"{""x_angle_offset"":0.375,""y_angle_offset"":-0.43492968523943865}",8.0140263
28579446951500,fov,2718,"{""zoom"":1.0,""hfov"":90.0,""vfov"":58.71550750732422,""state"":0,""max_aov_h"":90.0,""max_aov_v"":58.71550750732422,""min_aov_h"":1.40625,""min_aov_v"":0.7910428047180176,""max_zoom"":64.0}",8.0316853
28579447867300,gimbal,2718,"{""imu_roll"":0.0,""imu_pitch"":22.818002700805664,""imu_yaw"":3.0188424587249756,""frame_roll"":0.0,""frame_pitch"":22.818002700805664,""frame_yaw"":3.0188424587249756,""pitch_speed"":0.0,""yaw_speed"":0.0}",8.0326011
28579448850100,target_offset,634,"{""x_angle_offset"":0.375,""y_angle_offset"":-0.5436621065492984}",8.0335839
28579458510000,range,1279,"{""message_type"":""GLOBAL_VISION_POSITION_ESTIMATE"",""x"":46.94786834716797,""y"":39.34899139404297}",8.0432438
28579462641800,range,1280,"{""message_type"":""GLOBAL_VISION_POSITION_ESTIMATE"",""x"":46.94786834716797,""y"":39.34899139404297}",8.0473756
28579463011800,attitude,1315,"{""message_type"":""ATTITUDE"",""time_boot_ms"":127870,""roll"":-0.00013985179248265922,""pitch"":-0.1803717464208603,""yaw"":3.112253427505493,""rollspeed"":-0.05810576304793358,""pitchspeed"":-0.1658710241317749,""yawspeed"":-0.014216073788702488}",8.0477456
28579476224300,fov,2719,"{""zoom"":1.0,""hfov"":90.0,""vfov"":58.71550750732422,""state"":0,""max_aov_h"":90.0,""max_aov_v"":58.71550750732422,""min_aov_h"":1.40625,""min_aov_v"":0.7910428047180176,""max_zoom"":64.0}",8.0609581
28579477407200,gimbal,2719,"{""imu_roll"":0.0,""imu_pitch"":22.658781051635742,""imu_yaw"":3.127964973449707,""frame_roll"":0.0,""frame_pitch"":22.658781051635742,""frame_yaw"":3.127964973449707,""pitch_speed"":0.0,""yaw_speed"":0.0}",8.062141
28579482820300,target_offset,635,"{""x_angle_offset"":0.28125,""y_angle_offset"":-0.5436621065492984}",8.0675541
28579505946100,fov,2720,"{""zoom"":1.0,""hfov"":90.0,""vfov"":58.71550750732422,""state"":0,""max_aov_h"":90.0,""max_aov_v"":58.71550750732422,""min_aov_h"":1.40625,""min_aov_v"":0.7910428047180176,""max_zoom"":64.0}",8.0906799
28579506379000,gimbal,2720,"{""imu_roll"":0.0,""imu_pitch"":22.501007080078125,""imu_yaw"":3.2135698795318604,""frame_roll"":0.0,""frame_pitch"":22.501007080078125,""frame_yaw"":3.2135698795318604,""pitch_speed"":0.0,""yaw_speed"":0.0}",8.0911128
28579509141000,vfr,660,"{""message_type"":""VFR_HUD"",""airspeed"":33.072975158691406,""alt"":181.01998901367188}",8.0938748
28579509713200,position,660,"{""message_type"":""GLOBAL_POSITION_INT"",""lat"":469498273,""lon"":393490805}",8.094447
28579509936400,attitude,1316,"{""message_type"":""ATTITUDE"",""time_boot_ms"":127910,""roll"":-0.003476646263152361,""pitch"":-0.18700231611728668,""yaw"":3.1115872859954834,""rollspeed"":-0.09091668576002121,""pitchspeed"":-0.17342160642147064,""yawspeed"":-0.017014997079968452}",8.0946702
28579510663000,target_offset,636,"{""x_angle_offset"":0.28125,""y_angle_offset"":-0.652394527859158}",8.0953968
28579534542200,fov,2721,"{""zoom"":1.0,""hfov"":90.0,""vfov"":58.71550750732422,""state"":0,""max_aov_h"":90.0,""max_aov_v"":58.71550750732422,""min_aov_h"":1.40625,""min_aov_v"":0.7910428047180176,""max_zoom"":64.0}",8.119276
28579534908700,gimbal,2721,"{""imu_roll"":0.0,""imu_pitch"":22.2978458404541,""imu_yaw"":3.3067572116851807,""frame_roll"":0.0,""frame_pitch"":22.2978458404541,""frame_yaw"":3.3067572116851807,""pitch_speed"":0.0,""yaw_speed"":0.0}",8.1196425
28579538252700,target_offset,637,"{""x_angle_offset"":0.1875,""y_angle_offset"":-0.652394527859158}",8.1229865
28579575559000,target_offset,638,"{""x_angle_offset"":0.09375,""y_angle_offset"":-0.652394527859158}",8.1602928
28579594023500,attitude,1317,"{""message_type"":""ATTITUDE"",""time_boot_ms"":127970,""roll"":-0.01020096056163311,""pitch"":-0.19747710227966309,""yaw"":3.1105120182037354,""rollspeed"":-0.12112004309892654,""pitchspeed"":-0.18305912613868713,""yawspeed"":-0.02060266211628914}",8.1787573
28579596347600,range,1281,"{""message_type"":""GLOBAL_VISION_POSITION_ESTIMATE"",""x"":46.94780349731445,""y"":39.34895706176758}",8.1810814
28579596820900,fov,2722,"{""zoom"":1.0,""hfov"":90.0,""vfov"":58.71550750732422,""state"":0,""max_aov_h"":90.0,""max_aov_v"":58.71550750732422,""min_aov_h"":1.40625,""min_aov_v"":0.7910428047180176,""max_zoom"":64.0}",8.1815547
28579599417600,gimbal,2722,"{""imu_roll"":0.0,""imu_pitch"":22.02077865600586,""imu_yaw"":3.398205518722534,""frame_roll"":0.0,""frame_pitch"":22.02077865600586,""frame_yaw"":3.398205518722534,""pitch_speed"":0.0,""yaw_speed"":0.0}",8.1841514
28579616420700,target_offset,639,"{""x_angle_offset"":0.0,""y_angle_offset"":-0.7611269491690176}",8.2011545
28579626321100,range,1282,"{""message_type"":""GLOBAL_VISION_POSITION_ESTIMATE"",""x"":46.94780349731445,""y"":39.34895706176758}",8.2110549
28579627962700,fov,2723,"{""zoom"":1.0,""hfov"":90.0,""vfov"":58.71550750732422,""state"":0,""max_aov_h"":90.0,""max_aov_v"":58.71550750732422,""min_aov_h"":1.40625,""min_aov_v"":0.7910428047180176,""max_zoom"":64.0}",8.2126965
28579628228300,gimbal,2723,"{""imu_roll"":0.0,""imu_pitch"":21.85921859741211,""imu_yaw"":3.4041788578033447,""frame_roll"":0.0,""frame_pitch"":21.85921859741211,""frame_yaw"":3.4041788578033447,""pitch_speed"":0.0,""yaw_speed"":0.0}",8.2129621
28579639804400,position,661,"{""message_type"":""GLOBAL_POSITION_INT"",""lat"":469498273,""lon"":393490805}",8.2245382
28579640566900,attitude,1318,"{""message_type"":""ATTITUDE"",""time_boot_ms"":128010,""roll"":-0.015206498093903065,""pitch"":-0.20473027229309082,""yaw"":3.109799861907959,""rollspeed"":-0.126924529671669,""pitchspeed"":-0.18820129334926605,""yawspeed"":-0.0226177666336298}",8.2253007
28579640748700,vfr,661,"{""message_type"":""VFR_HUD"",""airspeed"":33.23194122314453,""alt"":180.22000122070312}",8.2254825
28579652321800,fov,2724,"{""zoom"":1.0,""hfov"":90.0,""vfov"":58.71550750732422,""state"":0,""max_aov_h"":90.0,""max_aov_v"":58.71550750732422,""min_aov_h"":1.40625,""min_aov_v"":0.7910428047180176,""max_zoom"":64.0}",8.2370556
28579652665000,gimbal,2724,"{""imu_roll"":0.0,""imu_pitch"":21.670711517333984,""imu_yaw"":3.40698504447937,""frame_roll"":0.0,""frame_pitch"":21.670711517333984,""frame_yaw"":3.40698504447937,""pitch_speed"":0.0,""yaw_speed"":0.0}",8.2373988
28579654761100,target_offset,640,"{""x_angle_offset"":0.0,""y_angle_offset"":-0.7611269491690176}",8.2394949
28579680729400,fov,2725,"{""zoom"":1.0,""hfov"":90.0,""vfov"":58.71550750732422,""state"":0,""max_aov_h"":90.0,""max_aov_v"":58.71550750732422,""min_aov_h"":1.40625,""min_aov_v"":0.7910428047180176,""max_zoom"":64.0}",8.2654632
28579681466300,gimbal,2725,"{""imu_roll"":0.0,""imu_pitch"":21.45655632019043,""imu_yaw"":3.4134883880615234,""frame_roll"":0.0,""frame_pitch"":21.45655632019043,""frame_yaw"":3.4134883880615234,""pitch_speed"":0.0,""yaw_speed"":0.0}",8.2662001
28579685903500,target_offset,641,"{""x_angle_offset"":-0.28125,""y_angle_offset"":-0.652394527859158}",8.2706373
28579708132900,fov,2726,"{""zoom"":1.0,""hfov"":90.0,""vfov"":58.71550750732422,""state"":0,""max_aov_h"":90.0,""max_aov_v"":58.71550750732422,""min_aov_h"":1.40625,""min_aov_v"":0.7910428047180176,""max_zoom"":64.0}",8.2928667
28579708761300,gimbal,2726,"{""imu_roll"":0.0,""imu_pitch"":21.285242080688477,""imu_yaw"":3.344289779663086,""frame_roll"":0.0,""frame_pitch"":21.285242080688477,""frame_yaw"":3.344289779663086,""pitch_speed"":0.0,""yaw_speed"":0.0}",8.2934951
28579714690100,target_offset,642,"{""x_angle_offset"":-0.28125,""y_angle_offset"":-0.652394527859158}",8.2994239
28579722243800,attitude,1319,"{""message_type"":""ATTITUDE"",""time_boot_ms"":128070,""roll"":-0.022724540904164314,""pitch"":-0.21672683954238892,""yaw"":3.1087987422943115,""rollspeed"":-0.11241668462753296,""pitchspeed"":-0.19809922575950623,""yawspeed"":-0.025345543399453163}",8.3069776
28579734230900,fov,2727,"{""zoom"":1.0,""hfov"":90.0,""vfov"":58.71550750732422,""state"":0,""max_aov_h"":90.0,""max_aov_v"":58.71550750732422,""min_aov_h"":1.40625,""min_aov_v"":0.7910428047180176,""max_zoom"":64.0}",8.3189647
28579734619000,gimbal,2727,"{""imu_roll"":0.0,""imu_pitch"":21.0914249420166,""imu_yaw"":3.266855478286743,""frame_roll"":0.0,""frame_pitch"":21.0914249420166,""frame_yaw"":3.266855478286743,""pitch_speed"":0.0,""yaw_speed"":0.0}",8.3193528
28579740909100,target_offset,643,"{""x_angle_offset"":-0.28125,""y_angle_offset"":-0.7611269491690176}",8.3256429
28579749688200,range,1283,"{""message_type"":""GLOBAL_VISION_POSITION_ESTIMATE"",""x"":46.94780349731445,""y"":39.34895706176758}",8.334422
28579762481400,fov,2728,"{""zoom"":1.0,""hfov"":90.0,""vfov"":58.71550750732422,""state"":0,""max_aov_h"":90.0,""max_aov_v"":58.71550750732422,""min_aov_h"":1.40625,""min_aov_v"":0.7910428047180176,""max_zoom"":64.0}",8.3472152
28579762955300,gimbal,2728,"{""imu_roll"":0.0,""imu_pitch"":20.890857696533203,""imu_yaw"":3.195439338684082,""frame_roll"":0.0,""frame_pitch"":20.890857696533203,""frame_yaw"":3.195439338684082,""pitch_speed"":0.0,""yaw_speed"":0.0}",8.3476891
28579764756200,range,1284,"{""message_type"":""GLOBAL_VISION_POSITION_ESTIMATE"",""x"":46.94780349731445,""y"":39.34895706176758}",8.34949
28579765212200,attitude,1320,"{""message_type"":""ATTITUDE"",""time_boot_ms"":128110,""roll"":-0.027318036183714867,""pitch"":-0.22598044574260712,""yaw"":3.108253240585327,""rollspeed"":-0.0864919126033783,""pitchspeed"":-0.20695477724075317,""yawspeed"":-0.02771819196641445}",8.349946
28579765382600,vfr,662,"{""message_type"":""VFR_HUD"",""airspeed"":33.395145416259766,""alt"":179.3699951171875}",8.3501164
28579765513200,position,662,"{""message_type"":""GLOBAL_POSITION_INT"",""lat"":469497614,""lon"":393490848}",8.350247
28579769239900,target_offset,644,"{""x_angle_offset"":-0.28125,""y_angle_offset"":-0.7611269491690176}",8.3539737
28579791622900,target_offset,645,"{""x_angle_offset"":-0.28125,""y_angle_offset"":-0.652394527859158}",8.3763567
28579802555900,fov,2729,"{""zoom"":1.0,""hfov"":90.0,""vfov"":58.71550750732422,""state"":0,""max_aov_h"":90.0,""max_aov_v"":58.71550750732422,""min_aov_h"":1.40625,""min_aov_v"":0.7910428047180176,""max_zoom"":64.0}",8.3872897
28579802792000,gimbal,2729,"{""imu_roll"":0.0,""imu_pitch"":20.645402908325195,""imu_yaw"":3.1120738983154297,""frame_roll"":0.0,""frame_pitch"":20.645402908325195,""frame_yaw"":3.1120738983154297,""pitch_speed"":0.0,""yaw_speed"":0.0}",8.3875258
28579820772200,fov,2730,"{""zoom"":1.0,""hfov"":90.0,""vfov"":58.71550750732422,""state"":0,""max_aov_h"":90.0,""max_aov_v"":58.71550750732422,""min_aov_h"":1.40625,""min_aov_v"":0.7910428047180176,""max_zoom"":64.0}",8.405506
28579821237400,gimbal,2730,"{""imu_roll"":0.0,""imu_pitch"":20.54853057861328,""imu_yaw"":3.068347215652466,""frame_roll"":0.0,""frame_pitch"":20.54853057861328,""frame_yaw"":3.068347215652466,""pitch_speed"":0.0,""yaw_speed"":0.0}",8.4059712
28579825460600,target_offset,646,"{""x_angle_offset"":-0.28125,""y_angle_offset"":-0.652394527859158}",8.4101944
28579837150900,attitude,1321,"{""message_type"":""ATTITUDE"",""time_boot_ms"":128170,""roll"":-0.0315556637942791,""pitch"":-0.24052971601486206,""yaw"":3.1073222160339355,""rollspeed"":-0.030842550098896027,""pitchspeed"":-0.21975165605545044,""yawspeed"":-0.03160739317536354}",8.4218847
28579848606000,fov,2731,"{""zoom"":1.0,""hfov"":90.0,""vfov"":58.71550750732422,""state"":0,""max_aov_h"":90.0,""max_aov_v"":58.71550750732422,""min_aov_h"":1.40625,""min_aov_v"":0.7910428047180176,""max_zoom"":64.0}",8.4333398
28579849233100,target_offset,647,"{""x_angle_offset"":-0.1875,""y_angle_offset"":-0.652394527859158}",8.4339669
28579859990800,gimbal,2731,"{""imu_roll"":0.0,""imu_pitch"":20.334800720214844,""imu_yaw"":2.982123613357544,""frame_roll"":0.0,""frame_pitch"":20.334800720214844,""frame_yaw"":2.982123613357544,""pitch_speed"":0.0,""yaw_speed"":0.0}",8.4447246
28579868302500,fov,2732,"{""zoom"":1.0,""hfov"":90.0,""vfov"":58.71550750732422,""state"":0,""max_aov_h"":90.0,""max_aov_v"":58.71550750732422,""min_aov_h"":1.40625,""min_aov_v"":0.7910428047180176,""max_zoom"":64.0}",8.4530363
28579868858300,gimbal,2732,"{""imu_roll"":0.0,""imu_pitch"":20.243324279785156,""imu_yaw"":2.965575933456421,""frame_roll"":0.0,""frame_pitch"":20.243324279785156,""frame_yaw"":2.965575933456421,""pitch_speed"":0.0,""yaw_speed"":0.0}",8.4535921
28579882904600,target_offset,648,"{""x_angle_offset"":-0.1875,""y_angle_offset"":-0.652394527859158}",8.4676384
28579889297600,attitude,1322,"{""message_type"":""ATTITUDE"",""time_boot_ms"":128210,""roll"":-0.03221742808818817,""pitch"":-0.25062668323516846,""yaw"":3.106621265411377,""rollspeed"":0.014638490043580532,""pitchspeed"":-0.2273317277431488,""yawspeed"":-0.03394259512424469}",8.4740314
28579890271600,vfr,663,"{""message_type"":""VFR_HUD"",""airspeed"":33.56093978881836,""alt"":178.45999145507812}",8.4750054
28579890487500,position,663,"{""message_type"":""GLOBAL_POSITION_INT"",""lat"":469497614,""lon"":393490848}",8.4752213
28579900252700,fov,2733,"{""zoom"":1.0,""hfov"":90.0,""vfov"":58.71550750732422,""state"":0,""max_aov_h"":90.0,""max_aov_v"":58.71550750732422,""min_aov_h"":1.40625,""min_aov_v"":0.7910428047180176,""max_zoom"":64.0}",8.4849865
28579900670700,gimbal,2733,"{""imu_roll"":0.0,""imu_pitch"":20.04800796508789,""imu_yaw"":2.9192302227020264,""frame_roll"":0.0,""frame_pitch"":20.04800796508789,""frame_yaw"":2.9192302227020264,""pitch_speed"":0.0,""yaw_speed"":0.0}",8.4854045
28579903804200,range,1285,"{""message_type"":""GLOBAL_VISION_POSITION_ESTIMATE"",""x"":46.9477653503418,""y"":39.34897232055664}",8.488538
28579906943800,target_offset,649,"{""x_angle_offset"":-0.09375,""y_angle_offset"":-0.7611269491690176}",8.4916776
28579919990500,range,1286,"{""message_type"":""GLOBAL_VISION_POSITION_ESTIMATE"",""x"":46.9477653503418,""y"":39.34897232055664}",8.5047243
28579922319600,fov,2734,"{""zoom"":1.0,""hfov"":90.0,""vfov"":58.71550750732422,""state"":0,""max_aov_h"":90.0,""max_aov_v"":58.71550750732422,""min_aov_h"":1.40625,""min_aov_v"":0.7910428047180176,""max_zoom"":64.0}",8.5070534
28579922883700,gimbal,2734,"{""imu_roll"":0.0,""imu_pitch"":19.961336135864258,""imu_yaw"":2.902426242828369,""frame_roll"":0.0,""frame_pitch"":19.961336135864258,""frame_yaw"":2.902426242828369,""pitch_speed"":0.0,""yaw_speed"":0.0}",8.5076175
28579929429800,target_offset,650,"{""x_angle_offset"":0.0,""y_angle_offset"":-0.7611269491690176}",8.5141636
28579943616100,fov,2735,"{""zoom"":1.0,""hfov"":90.0,""vfov"":58.71550750732422,""state"":0,""max_aov_h"":90.0,""max_aov_v"":58.71550750732422,""min_aov_h"":1.40625,""min_aov_v"":0.7910428047180176,""max_zoom"":64.0}",8.5283499
28579943986400,gimbal,2735,"{""imu_roll"":0.0,""imu_pitch"":19.811420440673828,""imu_yaw"":2.889348030090332,""frame_roll"":0.0,""frame_pitch"":19.811420440673828,""frame_yaw"":2.889348030090332,""pitch_speed"":0.0,""yaw_speed"":0.0}",8.5287202
28579951933400,target_offset,651,"{""x_angle_offset"":0.0,""y_angle_offset"":-0.7611269491690176}",8.5366672
28579963489200,attitude,1323,"{""message_type"":""ATTITUDE"",""time_boot_ms"":128270,""roll"":-0.02942795306444168,""pitch"":-0.2662392854690552,""yaw"":3.105358600616455,""rollspeed"":0.08969061076641083,""pitchspeed"":-0.23584780097007751,""yawspeed"":-0.037193216383457184}",8.548223
28579965081600,fov,2736,"{""zoom"":1.0,""hfov"":90.0,""vfov"":58.71550750732422,""state"":0,""max_aov_h"":90.0,""max_aov_v"":58.71550750732422,""min_aov_h"":1.40625,""min_aov_v"":0.7910428047180176,""max_zoom"":64.0}",8.5498154
28579965433400,gimbal,2736,"{""imu_roll"":0.0,""imu_pitch"":19.667953491210938,""imu_yaw"":2.899932861328125,""frame_roll"":0.0,""frame_pitch"":19.667953491210938,""frame_yaw"":2.899932861328125,""pitch_speed"":0.0,""yaw_speed"":0.0}",8.5501672
28579977783600,target_offset,652,"{""x_angle_offset"":0.09375,""y_angle_offset"":-0.8698593704788773}",8.5625174
28579988518600,fov,2737,"{""zoom"":1.0,""hfov"":90.0,""vfov"":58.71550750732422,""state"":0,""max_aov_h"":90.0,""max_aov_v"":58.71550750732422,""min_aov_h"":1.40625,""min_aov_v"":0.7910428047180176,""max_zoom"":64.0}",8.5732524
28579988976400,gimbal,2737,"{""imu_roll"":0.0,""imu_pitch"":19.514198303222656,""imu_yaw"":2.9073967933654785,""frame_roll"":0.0,""frame_pitch"":19.514198303222656,""frame_yaw"":2.9073967933654785,""pitch_speed"":0.0,""yaw_speed"":0.0}",8.5737102
28579999131100,target_offset,653,"{""x_angle_offset"":0.1875,""y_angle_offset"":-0.8698593704788773}",8.5838649
28580007073100,vfr,664,"{""message_type"":""VFR_HUD"",""airspeed"":33.728271484375,""alt"":177.5}",8.5918069
28580007314600,position,664,"{""message_type"":""GLOBAL_POSITION_INT"",""lat"":469496978,""lon"":393490893}",8.5920484
28580008114300,attitude,1324,"{""message_type"":""ATTITUDE"",""time_boot_ms"":128310,""roll"":-0.026668060570955276,""pitch"":-0.27256083488464355,""yaw"":3.104806423187256,""rollspeed"":0.1358916014432907,""pitchspeed"":-0.23950381577014923,""yawspeed"":-0.03895096480846405}",8.5928481
28580009579200,fov,2738,"{""zoom"":1.0,""hfov"":90.0,""vfov"":58.71550750732422,""state"":0,""max_aov_h"":90.0,""max_aov_v"":58.71550750732422,""min_aov_h"":1.40625,""min_aov_v"":0.7910428047180176,""max_zoom"":64.0}",8.594313
28580010095300,gimbal,2738,"{""imu_roll"":0.0,""imu_pitch"":19.361780166625977,""imu_yaw"":2.932655096054077,""frame_roll"":0.0,""frame_pitch"":19.361780166625977,""frame_yaw"":2.932655096054077,""pitch_speed"":0.0,""yaw_speed"":0.0}",8.5948291
28580024908700,target_offset,654,"{""x_angle_offset"":0.1875,""y_angle_offset"":-0.978591791788737}",8.6096425
28580035051100,fov,2739,"{""zoom"":1.0,""hfov"":90.0,""vfov"":58.71550750732422,""state"":0,""max_aov_h"":90.0,""max_aov_v"":58.71550750732422,""min_aov_h"":1.40625,""min_aov_v"":0.7910428047180176,""max_zoom"":64.0}",8.6197849
28580035314800,gimbal,2739,"{""imu_roll"":0.0,""imu_pitch"":19.19634246826172,""imu_yaw"":2.975919246673584,""frame_roll"":0.0,""frame_pitch"":19.19634246826172,""frame_yaw"":2.975919246673584,""pitch_speed"":0.0,""yaw_speed"":0.0}",8.6200486
28580051208300,fov,2740,"{""zoom"":1.0,""hfov"":90.0,""vfov"":58.71550750732422,""state"":0,""max_aov_h"":90.0,""max_aov_v"":58.71550750732422,""min_aov_h"":1.40625,""min_aov_v"":0.7910428047180176,""max_zoom"":64.0}",8.6359421
28580051471600,gimbal,2740,"{""imu_roll"":0.0,""imu_pitch"":18.999359130859375,""imu_yaw"":3.023487091064453,""frame_roll"":0.0,""frame_pitch"":18.999359130859375,""frame_yaw"":3.023487091064453,""pitch_speed"":0.0,""yaw_speed"":0.0}",8.6362054
28580055629800,attitude,1325,"{""message_type"":""ATTITUDE"",""time_boot_ms"":128370,""roll"":-0.019360972568392754,""pitch"":-0.28236791491508484,""yaw"":3.1037557125091553,""rollspeed"":0.1948874294757843,""pitchspeed"":-0.2459791898727417,""yawspeed"":-0.04163007438182831}",8.6403636
28580073640600,range,1287,"{""message_type"":""GLOBAL_VISION_POSITION_ESTIMATE"",""x"":46.94775390625,""y"":39.34900665283203}",8.6583744
28580074891500,fov,2741,"{""zoom"":1.0,""hfov"":90.0,""vfov"":58.71550750732422,""state"":0,""max_aov_h"":90.0,""max_aov_v"":58.71550750732422,""min_aov_h"":1.40625,""min_aov_v"":0.7910428047180176,""max_zoom"":64.0}",8.6596253
28580075485200,gimbal,2741,"{""imu_roll"":0.0,""imu_pitch"":18.85548210144043,""imu_yaw"":3.073147773742676,""frame_roll"":0.0,""frame_pitch"":18.85548210144043,""frame_yaw"":3.073147773742676,""pitch_speed"":0.0,""yaw_speed"":0.0}",8.660219
28580089909000,range,1288,"{""message_type"":""GLOBAL_VISION_POSITION_ESTIMATE"",""x"":46.94775390625,""y"":39.34900665283203}",8.6746428
28580090274800,attitude,1326,"{""message_type"":""ATTITUDE"",""time_boot_ms"":128410,""roll"":-0.012823949567973614,""pitch"":-0.28913554549217224,""yaw"":3.1028738021850586,""rollspeed"":0.22335317730903625,""pitchspeed"":-0.25101763010025024,""yawspeed"":-0.0433507040143013}",8.6750086
28580090414900,vfr,665,"{""message_type"":""VFR_HUD"",""airspeed"":33.89661407470703,""alt"":176.45999145507812}",8.6751487
28580090548600,position,665,"{""message_type"":""GLOBAL_POSITION_INT"",""lat"":469496978,""lon"":393490893}",8.6752824
28580093224300,target_offset,655,"{""x_angle_offset"":-0.375,""y_angle_offset"":-2.7183105327464916}",8.6779581
28580100304800,fov,2742,"{""zoom"":1.0,""hfov"":90.0,""vfov"":58.71550750732422,""state"":0,""max_aov_h"":90.0,""max_aov_v"":58.71550750732422,""min_aov_h"":1.40625,""min_aov_v"":0.7910428047180176,""max_zoom"":64.0}",8.6850386
28580100565700,gimbal,2742,"{""imu_roll"":0.0,""imu_pitch"":18.743383407592773,""imu_yaw"":3.1264777183532715,""frame_roll"":0.0,""frame_pitch"":18.743383407592773,""frame_yaw"":3.1264777183532715,""pitch_speed"":0.0,""yaw_speed"":0.0}",8.6852995
28580119235300,target_offset,656,"{""x_angle_offset"":-0.28125,""y_angle_offset"":-2.8270429540563513}",8.7039691
28580126050400,fov,2743,"{""zoom"":1.0,""hfov"":90.0,""vfov"":58.71550750732422,""state"":0,""max_aov_h"":90.0,""max_aov_v"":58.71550750732422,""min_aov_h"":1.40625,""min_aov_v"":0.7910428047180176,""max_zoom"":64.0}",8.7107842
28580126875900,gimbal,2743,"{""imu_roll"":0.0,""imu_pitch"":18.137388229370117,""imu_yaw"":3.0372262001037598,""frame_roll"":0.0,""frame_pitch"":18.137388229370117,""frame_yaw"":3.0372262001037598,""pitch_speed"":0.0,""yaw_speed"":0.0}",8.7116097
28580137552400,target_offset,657,"{""x_angle_offset"":-0.28125,""y_angle_offset"":-2.8270429540563513}",8.7222862
28580146029900,fov,2744,"{""zoom"":1.0,""hfov"":90.0,""vfov"":58.71550750732422,""state"":0,""max_aov_h"":90.0,""max_aov_v"":58.71550750732422,""min_aov_h"":1.40625,""min_aov_v"":0.7910428047180176,""max_zoom"":64.0}",8.7307637
28580146273000,gimbal,2744,"{""imu_roll"":0.0,""imu_pitch"":17.644725799560547,""imu_yaw"":3.008124589920044,""frame_roll"":0.0,""frame_pitch"":17.644725799560547,""frame_yaw"":3.008124589920044,""pitch_speed"":0.0,""yaw_speed"":0.0}",8.7310068
28580147702900,attitude,1327,"{""message_type"":""ATTITUDE"",""time_boot_ms"":128470,""roll"":-0.0014565171441063285,""pitch"":-0.2995338439941406,""yaw"":3.10131573677063,""rollspeed"":0.24916023015975952,""pitchspeed"":-0.25437024235725403,""yawspeed"":-0.04558492451906204}",8.7324367
28580163551100,target_offset,658,"{""x_angle_offset"":-0.1875,""y_angle_offset"":-3.15324021798593}",8.7482849
28580170821100,fov,2745,"{""zoom"":1.0,""hfov"":90.0,""vfov"":58.71550750732422,""state"":0,""max_aov_h"":90.0,""max_aov_v"":58.71550750732422,""min_aov_h"":1.40625,""min_aov_v"":0.7910428047180176,""max_zoom"":64.0}",8.7555549
28580171031600,gimbal,2745,"{""imu_roll"":0.0,""imu_pitch"":17.096187591552734,""imu_yaw"":2.964364528656006,""frame_roll"":0.0,""frame_pitch"":17.096187591552734,""frame_yaw"":2.964364528656006,""pitch_speed"":0.0,""yaw_speed"":0.0}",8.7557654
28580183079700,target_offset,659,"{""x_angle_offset"":0.09375,""y_angle_offset"":-3.2619726392957897}",8.7678135
28580189814600,vfr,666,"{""message_type"":""VFR_HUD"",""airspeed"":34.0906982421875,""alt"":175.33999633789062}",8.7745484
28580190652400,position,666,"{""message_type"":""GLOBAL_POSITION_INT"",""lat"":469496336,""lon"":393490946}",8.7753862
28580191455500,attitude,1328,"{""message_type"":""ATTITUDE"",""time_boot_ms"":128510,""roll"":0.007349974010139704,""pitch"":-0.3066816031932831,""yaw"":3.099978446960449,""rollspeed"":0.2541099190711975,""pitchspeed"":-0.21468189358711243,""yawspeed"":-0.04384821653366089}",8.7761893
28580192455300,fov,2746,"{""zoom"":1.0,""hfov"":90.0,""vfov"":58.71550750732422,""state"":0,""max_aov_h"":90.0,""max_aov_v"":58.71550750732422,""min_aov_h"":1.40625,""min_aov_v"":0.7910428047180176,""max_zoom"":64.0}",8.7771891
28580192670800,gimbal,2746,"{""imu_roll"":0.0,""imu_pitch"":16.5156192779541,""imu_yaw"":2.9467005729675293,""frame_roll"":0.0,""frame_pitch"":16.5156192779541,""frame_yaw"":2.9467005729675293,""pitch_speed"":0.0,""yaw_speed"":0.0}",8.7774046
28580205406400,target_offset,660,"{""x_angle_offset"":0.09375,""y_angle_offset"":-2.935775375366211}",8.7901402
28580212169000,fov,2747,"{""zoom"":1.0,""hfov"":90.0,""vfov"":58.71550750732422,""state"":0,""max_aov_h"":90.0,""max_aov_v"":58.71550750732422,""min_aov_h"":1.40625,""min_aov_v"":0.7910428047180176,""max_zoom"":64.0}",8.7969028
28580212427600,gimbal,2747,"{""imu_roll"":0.0,""imu_pitch"":15.906333923339844,""imu_yaw"":2.9862265586853027,""frame_roll"":0.0,""frame_pitch"":15.906333923339844,""frame_yaw"":2.9862265586853027,""pitch_speed"":0.0,""yaw_speed"":0.0}",8.7971614
28580229396900,range,1289,"{""message_type"":""GLOBAL_VISION_POSITION_ESTIMATE"",""x"":46.947628021240234,""y"":39.34904861450195}",8.8141307
28580230209900,target_offset,661,"{""x_angle_offset"":0.375,""y_angle_offset"":-2.935775375366211}",8.8149437
28580237511600,fov,2748,"{""zoom"":1.0,""hfov"":90.0,""vfov"":58.71550750732422,""state"":0,""max_aov_h"":90.0,""max_aov_v"":58.71550750732422,""min_aov_h"":1.40625,""min_aov_v"":0.7910428047180176,""max_zoom"":64.0}",8.8222454
28580238599200,gimbal,2748,"{""imu_roll"":0.0,""imu_pitch"":15.35526180267334,""imu_yaw"":3.012923002243042,""frame_roll"":0.0,""frame_pitch"":15.35526180267334,""frame_yaw"":3.012923002243042,""pitch_speed"":0.0,""yaw_speed"":0.0}",8.823333
28580240582900,range,1290,"{""message_type"":""GLOBAL_VISION_POSITION_ESTIMATE"",""x"":46.947628021240234,""y"":39.34904861450195}",8.8253167
28580240994400,attitude,1329,"{""message_type"":""ATTITUDE"",""time_boot_ms"":128570,""roll"":0.021175533533096313,""pitch"":-0.3133072853088379,""yaw"":3.097896099090576,""rollspeed"":0.24109923839569092,""pitchspeed"":-0.08398020267486572,""yawspeed"":-0.037519946694374084}",8.8257282
28580250673700,target_offset,662,"{""x_angle_offset"":0.375,""y_angle_offset"":-2.609578111436632}",8.8354075
28580257986800,fov,2749,"{""zoom"":1.0,""hfov"":90.0,""vfov"":58.71550750732422,""state"":0,""max_aov_h"":90.0,""max_aov_v"":58.71550750732422,""min_aov_h"":1.40625,""min_aov_v"":0.7910428047180176,""max_zoom"":64.0}",8.8427206
28580258229800,gimbal,2749,"{""imu_roll"":0.0,""imu_pitch"":14.8466215133667,""imu_yaw"":3.091613292694092,""frame_roll"":0.0,""frame_pitch"":14.8466215133667,""frame_yaw"":3.091613292694092,""pitch_speed"":0.0,""yaw_speed"":0.0}",8.8429636
28580273003800,target_offset,663,"{""x_angle_offset"":0.65625,""y_angle_offset"":-2.3921132688169124}",8.8577376
28580275616000,vfr,667,"{""message_type"":""VFR_HUD"",""airspeed"":34.30247497558594,""alt"":174.12998962402344}",8.8603498
28580275809600,position,667,"{""message_type"":""GLOBAL_POSITION_INT"",""lat"":469496336,""lon"":393490946}",8.8605434
28580276095000,attitude,1330,"{""message_type"":""ATTITUDE"",""time_boot_ms"":128610,""roll"":0.029552919790148735,""pitch"":-0.31338492035865784,""yaw"":3.0967724323272705,""rollspeed"":0.2229696810245514,""pitchspeed"":-0.0005206727073527873,""yawspeed"":-0.033672310411930084}",8.8608288
28580282024500,fov,2750,"{""zoom"":1.0,""hfov"":90.0,""vfov"":58.71550750732422,""state"":0,""max_aov_h"":90.0,""max_aov_v"":58.71550750732422,""min_aov_h"":1.40625,""min_aov_v"":0.7910428047180176,""max_zoom"":64.0}",8.8667583
28580282468700,gimbal,2750,"{""imu_roll"":0.0,""imu_pitch"":14.333874702453613,""imu_yaw"":3.176365375518799,""frame_roll"":0.0,""frame_pitch"":14.333874702453613,""frame_yaw"":3.176365375518799,""pitch_speed"":0.0,""yaw_speed"":0.0}",8.8672025
28580300227600,target_offset,664,"{""x_angle_offset"":0.65625,""y_angle_offset"":-2.0659160048873337}",8.8849614
28580307175600,fov,2751,"{""zoom"":1.0,""hfov"":90.0,""vfov"":58.71550750732422,""state"":0,""max_aov_h"":90.0,""max_aov_v"":58.71550750732422,""min_aov_h"":1.40625,""min_aov_v"":0.7910428047180176,""max_zoom"":64.0}",8.8919094
28580307409300,gimbal,2751,"{""imu_roll"":0.0,""imu_pitch"":13.911306381225586,""imu_yaw"":3.308485984802246,""frame_roll"":0.0,""frame_pitch"":13.911306381225586,""frame_yaw"":3.308485984802246,""pitch_speed"":0.0,""yaw_speed"":0.0}",8.8921431
28580319762000,target_offset,665,"{""x_angle_offset"":0.75,""y_angle_offset"":-1.7397187409577546}",8.9044958
28580326478300,fov,2752,"{""zoom"":1.0,""hfov"":90.0,""vfov"":58.71550750732422,""state"":0,""max_aov_h"":90.0,""max_aov_v"":58.71550750732422,""min_aov_h"":1.40625,""min_aov_v"":0.7910428047180176,""max_zoom"":64.0}",8.9112121
28580326788500,gimbal,2752,"{""imu_roll"":0.0,""imu_pitch"":13.524463653564453,""imu_yaw"":3.437061309814453,""frame_roll"":0.0,""frame_pitch"":13.524463653564453,""frame_yaw"":3.437061309814453,""pitch_speed"":0.0,""yaw_speed"":0.0}",8.9115223
28580329844000,attitude,1331,"{""message_type"":""ATTITUDE"",""time_boot_ms"":128670,""roll"":0.04013294726610184,""pitch"":-0.30844441056251526,""yaw"":3.0955557823181152,""rollspeed"":0.18327072262763977,""pitchspeed"":0.09156337380409241,""yawspeed"":-0.028646083548665047}",8.9145778
28580345918800,target_offset,666,"{""x_angle_offset"":0.75,""y_angle_offset"":-1.304789055718316}",8.9306526
28580352624200,fov,2753,"{""zoom"":1.0,""hfov"":90.0,""vfov"":58.71550750732422,""state"":0,""max_aov_h"":90.0,""max_aov_v"":58.71550750732422,""min_aov_h"":1.40625,""min_aov_v"":0.7910428047180176,""max_zoom"":64.0}",8.937358
28580353453600,gimbal,2753,"{""imu_roll"":0.0,""imu_pitch"":13.209579467773438,""imu_yaw"":3.580949544906616,""frame_roll"":0.0,""frame_pitch"":13.209579467773438,""frame_yaw"":3.580949544906616,""pitch_speed"":0.0,""yaw_speed"":0.0}",8.9381874
28580366902900,target_offset,667,"{""x_angle_offset"":0.75,""y_angle_offset"":-0.8698593704788773}",8.9516367
28580372937700,attitude,1332,"{""message_type"":""ATTITUDE"",""time_boot_ms"":128710,""roll"":0.045578908175230026,""pitch"":-0.3030049502849579,""yaw"":3.0950348377227783,""rollspeed"":0.15132355690002441,""pitchspeed"":0.12594757974147797,""yawspeed"":-0.025782115757465363}",8.9576715
28580373034800,vfr,668,"{""message_type"":""VFR_HUD"",""airspeed"":34.525814056396484,""alt"":172.8300018310547}",8.9577686
28580373107900,position,668,"{""message_type"":""GLOBAL_POSITION_INT"",""lat"":469495660,""lon"":393491009}",8.9578417
28580374704900,fov,2754,"{""zoom"":1.0,""hfov"":90.0,""vfov"":58.71550750732422,""state"":0,""max_aov_h"":90.0,""max_aov_v"":58.71550750732422,""min_aov_h"":1.40625,""min_aov_v"":0.7910428047180176,""max_zoom"":64.0}",8.9594387
28580374930500,gimbal,2754,"{""imu_roll"":0.0,""imu_pitch"":12.977920532226562,""imu_yaw"":3.7239151000976562,""frame_roll"":0.0,""frame_pitch"":12.977920532226562,""frame_yaw"":3.7239151000976562,""pitch_speed"":0.0,""yaw_speed"":0.0}",8.9596643
28580383573900,range,1291,"{""message_type"":""GLOBAL_VISION_POSITION_ESTIMATE"",""x"":46.947540283203125,""y"":39.349056243896484}",8.9683077
28580387084100,range,1292,"{""message_type"":""GLOBAL_VISION_POSITION_ESTIMATE"",""x"":46.947540283203125,""y"":39.349056243896484}",8.9718179
28580393417300,target_offset,668,"{""x_angle_offset"":0.84375,""y_angle_offset"":-0.326197263929579}",8.9781511
28580401827800,fov,2755,"{""zoom"":1.0,""hfov"":90.0,""vfov"":58.71550750732422,""state"":0,""max_aov_h"":90.0,""max_aov_v"":58.71550750732422,""min_aov_h"":1.40625,""min_aov_v"":0.7910428047180176,""max_zoom"":64.0}",8.9865616
28580402094400,gimbal,2755,"{""imu_roll"":0.0,""imu_pitch"":12.828852653503418,""imu_yaw"":3.865591287612915,""frame_roll"":0.0,""frame_pitch"":12.828852653503418,""frame_yaw"":3.865591287612915,""pitch_speed"":0.0,""yaw_speed"":0.0}",8.9868282
28580412585700,target_offset,669,"{""x_angle_offset"":0.84375,""y_angle_offset"":0.10873242130985966}",8.9973195
28580422133400,fov,2756,"{""zoom"":1.0,""hfov"":90.0,""vfov"":58.71550750732422,""state"":0,""max_aov_h"":90.0,""max_aov_v"":58.71550750732422,""min_aov_h"":1.40625,""min_aov_v"":0.7910428047180176,""max_zoom"":64.0}",9.0068672
28580422677700,gimbal,2756,"{""imu_roll"":0.0,""imu_pitch"":12.852729797363281,""imu_yaw"":4.088050842285156,""frame_roll"":0.0,""frame_pitch"":12.852729797363281,""frame_yaw"":4.088050842285156,""pitch_speed"":0.0,""yaw_speed"":0.0}",9.0074115
28580430094700,attitude,1333,"{""message_type"":""ATTITUDE"",""time_boot_ms"":128770,""roll"":0.052087485790252686,""pitch"":-0.2983337938785553,""yaw"":3.0941972732543945,""rollspeed"":0.09516692161560059,""pitchspeed"":0.14061671495437622,""yawspeed"":-0.022101961076259613}",9.0148285
28580435394300,target_offset,670,"{""x_angle_offset"":0.75,""y_angle_offset"":0.43492968523943865}",9.0201281
28580446663400,fov,2757,"{""zoom"":1.0,""hfov"":90.0,""vfov"":58.71550750732422,""state"":0,""max_aov_h"":90.0,""max_aov_v"":58.71550750732422,""min_aov_h"":1.40625,""min_aov_v"":0.7910428047180176,""max_zoom"":64.0}",9.0313972
28580447217400,gimbal,2757,"{""imu_roll"":0.0,""imu_pitch"":12.955116271972656,""imu_yaw"":4.271911144256592,""frame_roll"":0.0,""frame_pitch"":12.955116271972656,""frame_yaw"":4.271911144256592,""pitch_speed"":0.0,""yaw_speed"":0.0}",9.0319512
28580462460000,target_offset,671,"{""x_angle_offset"":0.75,""y_angle_offset"":0.8698593704788773}",9.0471938
28580473106700,fov,2758,"{""zoom"":1.0,""hfov"":90.0,""vfov"":58.71550750732422,""state"":0,""max_aov_h"":90.0,""max_aov_v"":58.71550750732422,""min_aov_h"":1.40625,""min_aov_v"":0.7910428047180176,""max_zoom"":64.0}",9.0578405
28580473536600,gimbal,2758,"{""imu_roll"":0.0,""imu_pitch"":13.181994438171387,""imu_yaw"":4.467019557952881,""frame_roll"":0.0,""frame_pitch"":13.181994438171387,""frame_yaw"":4.467019557952881,""pitch_speed"":0.0,""yaw_speed"":0.0}",9.0582704
28580480955700,vfr,669,"{""message_type"":""VFR_HUD"",""airspeed"":34.75676345825195,""alt"":171.47000122070312}",9.0656895
28580481208600,position,669,"{""message_type"":""GLOBAL_POSITION_INT"",""lat"":469495660,""lon"":393491009}",9.0659424
28580481466400,attitude,1334,"{""message_type"":""ATTITUDE"",""time_boot_ms"":128810,""roll"":0.05444693937897682,""pitch"":-0.2953437268733978,""yaw"":3.0938045978546143,""rollspeed"":0.05630018562078476,""pitchspeed"":0.13349562883377075,""yawspeed"":-0.020068226382136345}",9.0662002
28580488169800,target_offset,672,"{""x_angle_offset"":0.75,""y_angle_offset"":1.304789055718316}",9.0729036
28580497721900,fov,2759,"{""zoom"":1.0,""hfov"":90.0,""vfov"":58.71550750732422,""state"":0,""max_aov_h"":90.0,""max_aov_v"":58.71550750732422,""min_aov_h"":1.40625,""min_aov_v"":0.7910428047180176,""max_zoom"":64.0}",9.0824557
28580498295400,gimbal,2759,"{""imu_roll"":0.0,""imu_pitch"":13.506023406982422,""imu_yaw"":4.65302848815918,""frame_roll"":0.0,""frame_pitch"":13.506023406982422,""frame_yaw"":4.65302848815918,""pitch_speed"":0.0,""yaw_speed"":0.0}",9.0830292
28580511452700,target_offset,673,"{""x_angle_offset"":0.65625,""y_angle_offset"":1.5222538983380351}",9.0961865
28580527310800,fov,2760,"{""zoom"":1.0,""hfov"":90.0,""vfov"":58.71550750732422,""state"":0,""max_aov_h"":90.0,""max_aov_v"":58.71550750732422,""min_aov_h"":1.40625,""min_aov_v"":0.7910428047180176,""max_zoom"":64.0}",9.1120446
28580527810300,gimbal,2760,"{""imu_roll"":0.0,""imu_pitch"":13.911955833435059,""imu_yaw"":4.828094005584717,""frame_roll"":0.0,""frame_pitch"":13.911955833435059,""frame_yaw"":4.828094005584717,""pitch_speed"":0.0,""yaw_speed"":0.0}",9.1125441
28580535578700,target_offset,674,"{""x_angle_offset"":0.65625,""y_angle_offset"":1.5222538983380351}",9.1203125
28580555688600,range,1293,"{""message_type"":""GLOBAL_VISION_POSITION_ESTIMATE"",""x"":46.947540283203125,""y"":39.3489990234375}",9.1404224
28580555968000,fov,2761,"{""zoom"":1.0,""hfov"":90.0,""vfov"":58.71550750732422,""state"":0,""max_aov_h"":90.0,""max_aov_v"":58.71550750732422,""min_aov_h"":1.40625,""min_aov_v"":0.7910428047180176,""max_zoom"":64.0}",9.1407018
28580556330700,gimbal,2761,"{""imu_roll"":0.0,""imu_pitch"":14.33434009552002,""imu_yaw"":5.009077072143555,""frame_roll"":0.0,""frame_pitch"":14.33434009552002,""frame_yaw"":5.009077072143555,""pitch_speed"":0.0,""yaw_speed"":0.0}",9.1410645
28580564521700,target_offset,675,"{""x_angle_offset"":0.375,""y_angle_offset"":1.5222538983380351}",9.1492555
28580574767300,range,1294,"{""message_type"":""GLOBAL_VISION_POSITION_ESTIMATE"",""x"":46.947540283203125,""y"":39.3489990234375}",9.1595011
28580575561200,attitude,1335,"{""message_type"":""ATTITUDE"",""time_boot_ms"":128870,""roll"":0.054987162351608276,""pitch"":-0.2920432686805725,""yaw"":3.09332275390625,""rollspeed"":-0.0030504856258630753,""pitchspeed"":0.10673986375331879,""yawspeed"":-0.01750839874148369}",9.160295
28580592039200,fov,2762,"{""zoom"":1.0,""hfov"":90.0,""vfov"":58.71550750732422,""state"":0,""max_aov_h"":90.0,""max_aov_v"":58.71550750732422,""min_aov_h"":1.40625,""min_aov_v"":0.7910428047180176,""max_zoom"":64.0}",9.176773
28580592596400,gimbal,2762,"{""imu_roll"":0.0,""imu_pitch"":14.895232200622559,""imu_yaw"":5.150259017944336,""frame_roll"":0.0,""frame_pitch"":14.895232200622559,""frame_yaw"":5.150259017944336,""pitch_speed"":0.0,""yaw_speed"":0.0}",9.1773302
28580599091200,target_offset,676,"{""x_angle_offset"":0.375,""y_angle_offset"":1.1960566344084562}",9.183825
28580621237500,fov,2763,"{""zoom"":1.0,""hfov"":90.0,""vfov"":58.71550750732422,""state"":0,""max_aov_h"":90.0,""max_aov_v"":58.71550750732422,""min_aov_h"":1.40625,""min_aov_v"":0.7910428047180176,""max_zoom"":64.0}",9.2059713
28580621616000,gimbal,2763,"{""imu_roll"":0.0,""imu_pitch"":15.228164672851562,""imu_yaw"":5.254031181335449,""frame_roll"":0.0,""frame_pitch"":15.228164672851562,""frame_yaw"":5.254031181335449,""pitch_speed"":0.0,""yaw_speed"":0.0}",9.2063498
28580636739300,target_offset,677,"{""x_angle_offset"":0.28125,""y_angle_offset"":1.1960566344084562}",9.2214731
28580645409000,vfr,670,"{""message_type"":""VFR_HUD"",""airspeed"":34.99238204956055,""alt"":170.0800018310547}",9.2301428
28580647346100,position,670,"{""message_type"":""GLOBAL_POSITION_INT"",""lat"":469495660,""lon"":393491009}",9.2320799
28580648785200,attitude,1336,"{""message_type"":""ATTITUDE"",""time_boot_ms"":128910,""roll"":0.053375933319330215,""pitch"":-0.2908499240875244,""yaw"":3.0930569171905518,""rollspeed"":-0.04183226451277733,""pitchspeed"":0.08627165108919144,""yawspeed"":-0.016039744019508362}",9.233519
28580653432000,fov,2764,"{""zoom"":1.0,""hfov"":90.0,""vfov"":58.71550750732422,""state"":0,""max_aov_h"":90.0,""max_aov_v"":58.71550750732422,""min_aov_h"":1.40625,""min_aov_v"":0.7910428047180176,""max_zoom"":64.0}",9.2381658
28580653918100,gimbal,2764,"{""imu_roll"":0.0,""imu_pitch"":15.611352920532227,""imu_yaw"":5.339874744415283,""frame_roll"":0.0,""frame_pitch"":15.611352920532227,""frame_yaw"":5.339874744415283,""pitch_speed"":0.0,""yaw_speed"":0.0}",9.2386519
28580656142400,target_offset,678,"{""x_angle_offset"":0.0,""y_angle_offset"":0.8698593704788773}",9.2408762
28580673110100,fov,2765,"{""zoom"":1.0,""hfov"":90.0,""vfov"":58.71550750732422,""state"":0,""max_aov_h"":90.0,""max_aov_v"":58.71550750732422,""min_aov_h"":1.40625,""min_aov_v"":0.7910428047180176,""max_zoom"":64.0}",9.2578439
28580673539800,gimbal,2765,"{""imu_roll"":0.0,""imu_pitch"":15.783686637878418,""imu_yaw"":5.340531826019287,""frame_roll"":0.0,""frame_pitch"":15.783686637878418,""frame_yaw"":5.340531826019287,""pitch_speed"":0.0,""yaw_speed"":0.0}",9.2582736
28580686978800,target_offset,679,"{""x_angle_offset"":0.0,""y_angle_offset"":0.5436621065492984}",9.2717126
28580698913400,fov,2766,"{""zoom"":1.0,""hfov"":90.0,""vfov"":58.71550750732422,""state"":0,""max_aov_h"":90.0,""max_aov_v"":58.71550750732422,""min_aov_h"":1.40625,""min_aov_v"":0.7910428047180176,""max_zoom"":64.0}",9.2836472
28580699787600,gimbal,2766,"{""imu_roll"":0.0,""imu_pitch"":15.967448234558105,""imu_yaw"":5.343106746673584,""frame_roll"":0.0,""frame_pitch"":15.967448234558105,""frame_yaw"":5.343106746673584,""pitch_speed"":0.0,""yaw_speed"":0.0}",9.2845214
28580708526700,target_offset,680,"{""x_angle_offset"":0.0,""y_angle_offset"":0.43492968523943865}",9.2932605
28580713632900,range,1295,"{""message_type"":""GLOBAL_VISION_POSITION_ESTIMATE"",""x"":46.94757080078125,""y"":39.3489875793457}",9.2983667
28580720500600,fov,2767,"{""zoom"":1.0,""hfov"":90.0,""vfov"":58.71550750732422,""state"":0,""max_aov_h"":90.0,""max_aov_v"":58.71550750732422,""min_aov_h"":1.40625,""min_aov_v"":0.7910428047180176,""max_zoom"":64.0}",9.3052344
28580720866600,range,1296,"{""message_type"":""GLOBAL_VISION_POSITION_ESTIMATE"",""x"":46.94757080078125,""y"":39.3489875793457}",9.3056004
28580721141700,gimbal,2767,"{""imu_roll"":0.0,""imu_pitch"":16.061311721801758,""imu_yaw"":5.343512535095215,""frame_roll"":0.0,""frame_pitch"":16.061311721801758,""frame_yaw"":5.343512535095215,""pitch_speed"":0.0,""yaw_speed"":0.0}",9.3058755
28580721470300,attitude,1337,"{""message_type"":""ATTITUDE"",""time_boot_ms"":128970,""roll"":0.04885527491569519,""pitch"":-0.2895544171333313,""yaw"":3.092556953430176,""rollspeed"":-0.09348766505718231,""pitchspeed"":0.060197412967681885,""yawspeed"":-0.013850953429937363}",9.3062041
28580731840600,target_offset,681,"{""x_angle_offset"":-0.09375,""y_angle_offset"":0.10873242130985966}",9.3165744
28580744643600,fov,2768,"{""zoom"":1.0,""hfov"":90.0,""vfov"":58.71550750732422,""state"":0,""max_aov_h"":90.0,""max_aov_v"":58.71550750732422,""min_aov_h"":1.40625,""min_aov_v"":0.7910428047180176,""max_zoom"":64.0}",9.3293774
28580745422400,gimbal,2768,"{""imu_roll"":0.0,""imu_pitch"":16.082307815551758,""imu_yaw"":5.317986488342285,""frame_roll"":0.0,""frame_pitch"":16.082307815551758,""frame_yaw"":5.317986488342285,""pitch_speed"":0.0,""yaw_speed"":0.0}",9.3301562
28580755519500,target_offset,682,"{""x_angle_offset"":-0.09375,""y_angle_offset"":0.0}",9.3402533
28580764918600,fov,2769,"{""zoom"":1.0,""hfov"":90.0,""vfov"":58.71550750732422,""state"":0,""max_aov_h"":90.0,""max_aov_v"":58.71550750732422,""min_aov_h"":1.40625,""min_aov_v"":0.7910428047180176,""max_zoom"":64.0}",9.3496524
28580765302400,gimbal,2769,"{""imu_roll"":0.0,""imu_pitch"":16.09653091430664,""imu_yaw"":5.301638603210449,""frame_roll"":0.0,""frame_pitch"":16.09653091430664,""frame_yaw"":5.301638603210449,""pitch_speed"":0.0,""yaw_speed"":0.0}",9.3500362
28580773020800,attitude,1338,"{""message_type"":""ATTITUDE"",""time_boot_ms"":129010,""roll"":0.044615212827920914,""pitch"":-0.2891080379486084,""yaw"":3.0922470092773438,""rollspeed"":-0.11765779554843903,""pitchspeed"":0.04748757183551788,""yawspeed"":-0.012281541712582111}",9.3577546
28580773184200,vfr,671,"{""message_type"":""VFR_HUD"",""airspeed"":35.23081970214844,""alt"":168.6999969482422}",9.357918
28580773307200,position,671,"{""message_type"":""GLOBAL_POSITION_INT"",""lat"":469494962,""lon"":393491065}",9.358041
28580778036300,target_offset,683,"{""x_angle_offset"":-0.09375,""y_angle_offset"":0.0}",9.3627701
28580789423500,fov,2770,"{""zoom"":1.0,""hfov"":90.0,""vfov"":58.71550750732422,""state"":0,""max_aov_h"":90.0,""max_aov_v"":58.71550750732422,""min_aov_h"":1.40625,""min_aov_v"":0.7910428047180176,""max_zoom"":64.0}",9.3741573
28580789782600,gimbal,2770,"{""imu_roll"":0.0,""imu_pitch"":16.093368530273438,""imu_yaw"":5.279295921325684,""frame_roll"":0.0,""frame_pitch"":16.093368530273438,""frame_yaw"":5.279295921325684,""pitch_speed"":0.0,""yaw_speed"":0.0}",9.3745164
28580802964000,target_offset,684,"{""x_angle_offset"":-0.09375,""y_angle_offset"":0.0}",9.3876978
28580812931300,fov,2771,"{""zoom"":1.0,""hfov"":90.0,""vfov"":58.71550750732422,""state"":0,""max_aov_h"":90.0,""max_aov_v"":58.71550750732422,""min_aov_h"":1.40625,""min_aov_v"":0.7910428047180176,""max_zoom"":64.0}",9.3976651
28580813495300,gimbal,2771,"{""imu_roll"":0.0,""imu_pitch"":16.09112548828125,""imu_yaw"":5.252613067626953,""frame_roll"":0.0,""frame_pitch"":16.09112548828125,""frame_yaw"":5.252613067626953,""pitch_speed"":0.0,""yaw_speed"":0.0}",9.3982291
28580826787500,target_offset,685,"{""x_angle_offset"":-0.09375,""y_angle_offset"":0.0}",9.4115213
28580835685300,fov,2772,"{""zoom"":1.0,""hfov"":90.0,""vfov"":58.71550750732422,""state"":0,""max_aov_h"":90.0,""max_aov_v"":58.71550750732422,""min_aov_h"":1.40625,""min_aov_v"":0.7910428047180176,""max_zoom"":64.0}",9.4204191
28580836060000,gimbal,2772,"{""imu_roll"":0.0,""imu_pitch"":16.0894718170166,""imu_yaw"":5.227745056152344,""frame_roll"":0.0,""frame_pitch"":16.0894718170166,""frame_yaw"":5.227745056152344,""pitch_speed"":0.0,""yaw_speed"":0.0}",9.4207938
28580850038700,attitude,1339,"{""message_type"":""ATTITUDE"",""time_boot_ms"":129070,""roll"":0.03722372651100159,""pitch"":-0.28910326957702637,""yaw"":3.091948986053467,""rollspeed"":-0.13220517337322235,""pitchspeed"":0.03605778515338898,""yawspeed"":-0.008685484528541565}",9.4347725
28580853353700,target_offset,686,"{""x_angle_offset"":-0.1875,""y_angle_offset"":0.0}",9.4380875
28580864721600,fov,2773,"{""zoom"":1.0,""hfov"":90.0,""vfov"":58.71550750732422,""state"":0,""max_aov_h"":90.0,""max_aov_v"":58.71550750732422,""min_aov_h"":1.40625,""min_aov_v"":0.7910428047180176,""max_zoom"":64.0}",9.4494554
28580865212400,gimbal,2773,"{""imu_roll"":0.0,""imu_pitch"":16.08796501159668,""imu_yaw"":5.174465179443359,""frame_roll"":0.0,""frame_pitch"":16.08796501159668,""frame_yaw"":5.174465179443359,""pitch_speed"":0.0,""yaw_speed"":0.0}",9.4499462
28580865865100,range,1297,"{""message_type"":""GLOBAL_VISION_POSITION_ESTIMATE"",""x"":46.947505950927734,""y"":39.3489875793457}",9.4505989
28580876863800,target_offset,687,"{""x_angle_offset"":-0.1875,""y_angle_offset"":0.10873242130985966}",9.4615976
28580883683500,range,1298,"{""message_type"":""GLOBAL_VISION_POSITION_ESTIMATE"",""x"":46.947505950927734,""y"":39.3489875793457}",9.4684173
28580888241300,fov,2774,"{""zoom"":1.0,""hfov"":90.0,""vfov"":58.71550750732422,""state"":0,""max_aov_h"":90.0,""max_aov_v"":58.71550750732422,""min_aov_h"":1.40625,""min_aov_v"":0.7910428047180176,""max_zoom"":64.0}",9.4729751
28580888904800,gimbal,2774,"{""imu_roll"":0.0,""imu_pitch"":16.113357543945312,""imu_yaw"":5.1246442794799805,""frame_roll"":0.0,""frame_pitch"":16.113357543945312,""frame_yaw"":5.1246442794799805,""pitch_speed"":0.0,""yaw_speed"":0.0}",9.4736386
28580901060300,target_offset,688,"{""x_angle_offset"":-0.1875,""y_angle_offset"":0.10873242130985966}",9.4857941
28580907057200,position,672,"{""message_type"":""GLOBAL_POSITION_INT"",""lat"":469494962,""lon"":393491065}",9.491791
28580908934900,attitude,1340,"{""message_type"":""ATTITUDE"",""time_boot_ms"":129110,""roll"":0.03219347819685936,""pitch"":-0.2893669009208679,""yaw"":3.091930866241455,""rollspeed"":-0.12928740680217743,""pitchspeed"":0.03194165974855423,""yawspeed"":-0.0055681695230305195}",9.4936687
28580909287500,vfr,672,"{""message_type"":""VFR_HUD"",""airspeed"":35.44601821899414,""alt"":167.3199920654297}",9.4940213
28580912266400,fov,2775,"{""zoom"":1.0,""hfov"":90.0,""vfov"":58.71550750732422,""state"":0,""max_aov_h"":90.0,""max_aov_v"":58.71550750732422,""min_aov_h"":1.40625,""min_aov_v"":0.7910428047180176,""max_zoom"":64.0}",9.4970002
28580912800000,gimbal,2775,"{""imu_roll"":0.0,""imu_pitch"":16.133188247680664,""imu_yaw"":5.0856242179870605,""frame_roll"":0.0,""frame_pitch"":16.133188247680664,""frame_yaw"":5.0856242179870605,""pitch_speed"":0.0,""yaw_speed"":0.0}",9.4975338
28580925656300,target_offset,689,"{""x_angle_offset"":-0.1875,""y_angle_offset"":0.21746484261971932}",9.5103901
28580936489100,fov,2776,"{""zoom"":1.0,""hfov"":90.0,""vfov"":58.71550750732422,""state"":0,""max_aov_h"":90.0,""max_aov_v"":58.71550750732422,""min_aov_h"":1.40625,""min_aov_v"":0.7910428047180176,""max_zoom"":64.0}",9.5212229
28580937196800,gimbal,2776,"{""imu_roll"":0.0,""imu_pitch"":16.184406280517578,""imu_yaw"":5.035648345947266,""frame_roll"":0.0,""frame_pitch"":16.184406280517578,""frame_yaw"":5.035648345947266,""pitch_speed"":0.0,""yaw_speed"":0.0}",9.5219306
28580949212300,target_offset,690,"{""x_angle_offset"":-0.1875,""y_angle_offset"":0.326197263929579}",9.5339461
28580959191400,fov,2777,"{""zoom"":1.0,""hfov"":90.0,""vfov"":58.71550750732422,""state"":0,""max_aov_h"":90.0,""max_aov_v"":58.71550750732422,""min_aov_h"":1.40625,""min_aov_v"":0.7910428047180176,""max_zoom"":64.0}",9.5439252
28580959730600,gimbal,2777,"{""imu_roll"":0.0,""imu_pitch"":16.255767822265625,""imu_yaw"":4.989641189575195,""frame_roll"":0.0,""frame_pitch"":16.255767822265625,""frame_yaw"":4.989641189575195,""pitch_speed"":0.0,""yaw_speed"":0.0}",9.5444644
28580972750800,target_offset,691,"{""x_angle_offset"":-0.1875,""y_angle_offset"":0.326197263929579}",9.5574846
28580983463100,fov,2778,"{""zoom"":1.0,""hfov"":90.0,""vfov"":58.71550750732422,""state"":0,""max_aov_h"":90.0,""max_aov_v"":58.71550750732422,""min_aov_h"":1.40625,""min_aov_v"":0.7910428047180176,""max_zoom"":64.0}",9.5681969
28580983740900,gimbal,2778,"{""imu_roll"":0.0,""imu_pitch"":16.332077026367188,""imu_yaw"":4.939375400543213,""frame_roll"":0.0,""frame_pitch"":16.332077026367188,""frame_yaw"":4.939375400543213,""pitch_speed"":0.0,""yaw_speed"":0.0}",9.5684747
28580990331700,attitude,1341,"{""message_type"":""ATTITUDE"",""time_boot_ms"":129170,""roll"":0.025321315973997116,""pitch"":-0.2894974648952484,""yaw"":3.092221736907959,""rollspeed"":-0.10585806518793106,""pitchspeed"":0.02844787947833538,""yawspeed"":0.00013437727466225624}",9.5750655
28580996538800,target_offset,692,"{""x_angle_offset"":-0.1875,""y_angle_offset"":0.43492968523943865}",9.5812726
28581004963900,fov,2779,"{""zoom"":1.0,""hfov"":90.0,""vfov"":58.71550750732422,""state"":0,""max_aov_h"":90.0,""max_aov_v"":58.71550750732422,""min_aov_h"":1.40625,""min_aov_v"":0.7910428047180176,""max_zoom"":64.0}",9.5896977
28581005217000,gimbal,2779,"{""imu_roll"":0.0,""imu_pitch"":16.38144302368164,""imu_yaw"":4.905161380767822,""frame_roll"":0.0,""frame_pitch"":16.38144302368164,""frame_yaw"":4.905161380767822,""pitch_speed"":0.0,""yaw_speed"":0.0}",9.5899508
28581018649200,target_offset,693,"{""x_angle_offset"":-0.09375,""y_angle_offset"":0.43492968523943865}",9.603383
28581027800700,fov,2780,"{""zoom"":1.0,""hfov"":90.0,""vfov"":58.71550750732422,""state"":0,""max_aov_h"":90.0,""max_aov_v"":58.71550750732422,""min_aov_h"":1.40625,""min_aov_v"":0.7910428047180176,""max_zoom"":64.0}",9.6125345
28581028312400,gimbal,2780,"{""imu_roll"":0.0,""imu_pitch"":16.482986450195312,""imu_yaw"":4.874908924102783,""frame_roll"":0.0,""frame_pitch"":16.482986450195312,""frame_yaw"":4.874908924102783,""pitch_speed"":0.0,""yaw_speed"":0.0}",9.6130462
28581030364100,attitude,1342,"{""message_type"":""ATTITUDE"",""time_boot_ms"":129210,""roll"":0.02150152623653412,""pitch"":-0.28902938961982727,""yaw"":3.0927071571350098,""rollspeed"":-0.0813809484243393,""pitchspeed"":0.027431048452854156,""yawspeed"":0.004686145111918449}",9.6150979
28581030601500,vfr,673,"{""message_type"":""VFR_HUD"",""airspeed"":35.6693229675293,""alt"":165.97000122070312}",9.6153353
28581030749800,position,673,"{""message_type"":""GLOBAL_POSITION_INT"",""lat"":469494247,""lon"":393491119}",9.6154836
28581035604400,range,1299,"{""message_type"":""GLOBAL_VISION_POSITION_ESTIMATE"",""x"":46.947471618652344,""y"":39.348995208740234}",9.6203382
28581041486900,target_offset,694,"{""x_angle_offset"":-0.09375,""y_angle_offset"":0.43492968523943865}",9.6262207
28581050791600,fov,2781,"{""zoom"":1.0,""hfov"":90.0,""vfov"":58.71550750732422,""state"":0,""max_aov_h"":90.0,""max_aov_v"":58.71550750732422,""min_aov_h"":1.40625,""min_aov_v"":0.7910428047180176,""max_zoom"":64.0}",9.6355254
28581051111300,gimbal,2781,"{""imu_roll"":0.0,""imu_pitch"":16.58262062072754,""imu_yaw"":4.845372200012207,""frame_roll"":0.0,""frame_pitch"":16.58262062072754,""frame_yaw"":4.845372200012207,""pitch_speed"":0.0,""yaw_speed"":0.0}",9.6358451
28581051944100,range,1300,"{""message_type"":""GLOBAL_VISION_POSITION_ESTIMATE"",""x"":46.947471618652344,""y"":39.348995208740234}",9.6366779
28581065844700,target_offset,695,"{""x_angle_offset"":-0.09375,""y_angle_offset"":0.43492968523943865}",9.6505785
28581075991700,fov,2782,"{""zoom"":1.0,""hfov"":90.0,""vfov"":58.71550750732422,""state"":0,""max_aov_h"":90.0,""max_aov_v"":58.71550750732422,""min_aov_h"":1.40625,""min_aov_v"":0.7910428047180176,""max_zoom"":64.0}",9.6607255
28581076627600,gimbal,2782,"{""imu_roll"":0.0,""imu_pitch"":16.65229606628418,""imu_yaw"":4.821402072906494,""frame_roll"":0.0,""frame_pitch"":16.65229606628418,""frame_yaw"":4.821402072906494,""pitch_speed"":0.0,""yaw_speed"":0.0}",9.6613614
28581089421500,target_offset,696,"{""x_angle_offset"":-0.09375,""y_angle_offset"":0.43492968523943865}",9.6741553
28581098091800,attitude,1343,"{""message_type"":""ATTITUDE"",""time_boot_ms"":129270,""roll"":0.017891900613904,""pitch"":-0.28837549686431885,""yaw"":3.093804121017456,""rollspeed"":-0.035640884190797806,""pitchspeed"":0.02657981775701046,""yawspeed"":0.012267015874385834}",9.6828256
28581101198900,fov,2783,"{""zoom"":1.0,""hfov"":90.0,""vfov"":58.71550750732422,""state"":0,""max_aov_h"":90.0,""max_aov_v"":58.71550750732422,""min_aov_h"":1.40625,""min_aov_v"":0.7910428047180176,""max_zoom"":64.0}",9.6859327
28581101449000,gimbal,2783,"{""imu_roll"":0.0,""imu_pitch"":16.73708152770996,""imu_yaw"":4.797327995300293,""frame_roll"":0.0,""frame_pitch"":16.73708152770996,""frame_yaw"":4.797327995300293,""pitch_speed"":0.0,""yaw_speed"":0.0}",9.6861828
28581113802700,target_offset,697,"{""x_angle_offset"":-0.09375,""y_angle_offset"":0.43492968523943865}",9.6985365
28581124376400,fov,2784,"{""zoom"":1.0,""hfov"":90.0,""vfov"":58.71550750732422,""state"":0,""max_aov_h"":90.0,""max_aov_v"":58.71550750732422,""min_aov_h"":1.40625,""min_aov_v"":0.7910428047180176,""max_zoom"":64.0}",9.7091102
28581124654700,gimbal,2784,"{""imu_roll"":0.0,""imu_pitch"":16.813692092895508,""imu_yaw"":4.775190353393555,""frame_roll"":0.0,""frame_pitch"":16.813692092895508,""frame_yaw"":4.775190353393555,""pitch_speed"":0.0,""yaw_speed"":0.0}",9.7093885
28581135716000,target_offset,698,"{""x_angle_offset"":-0.09375,""y_angle_offset"":0.5436621065492984}",9.7204498
28581144057300,vfr,674,"{""message_type"":""VFR_HUD"",""airspeed"":35.873565673828125,""alt"":164.61000061035156}",9.7287911
28581145440400,position,674,"{""message_type"":""GLOBAL_POSITION_INT"",""lat"":469494247,""lon"":393491119}",9.7301742
28581145979000,attitude,1344,"{""message_type"":""ATTITUDE"",""time_boot_ms"":129310,""roll"":0.01690361090004444,""pitch"":-0.2879508137702942,""yaw"":3.0948069095611572,""rollspeed"":-0.006418722216039896,""pitchspeed"":0.026665715500712395,""yawspeed"":0.017407042905688286}",9.7307128
28581147569200,fov,2785,"{""zoom"":1.0,""hfov"":90.0,""vfov"":58.71550750732422,""state"":0,""max_aov_h"":90.0,""max_aov_v"":58.71550750732422,""min_aov_h"":1.40625,""min_aov_v"":0.7910428047180176,""max_zoom"":64.0}",9.732303
28581147871700,gimbal,2785,"{""imu_roll"":0.0,""imu_pitch"":16.895193099975586,""imu_yaw"":4.750877857208252,""frame_roll"":0.0,""frame_pitch"":16.895193099975586,""frame_yaw"":4.750877857208252,""pitch_speed"":0.0,""yaw_speed"":0.0}",9.7326055
28581161046500,target_offset,699,"{""x_angle_offset"":-0.09375,""y_angle_offset"":0.5436621065492984}",9.7457803
28581170623200,fov,2786,"{""zoom"":1.0,""hfov"":90.0,""vfov"":58.71550750732422,""state"":0,""max_aov_h"":90.0,""max_aov_v"":58.71550750732422,""min_aov_h"":1.40625,""min_aov_v"":0.7910428047180176,""max_zoom"":64.0}",9.755357
28581170899800,gimbal,2786,"{""imu_roll"":0.0,""imu_pitch"":16.997739791870117,""imu_yaw"":4.726452827453613,""frame_roll"":0.0,""frame_pitch"":16.997739791870117,""frame_yaw"":4.726452827453613,""pitch_speed"":0.0,""yaw_speed"":0.0}",9.7556336
28581182415800,target_offset,700,"{""x_angle_offset"":-0.09375,""y_angle_offset"":0.5436621065492984}",9.7671496
28581191249300,range,1301,"{""message_type"":""GLOBAL_VISION_POSITION_ESTIMATE"",""x"":46.94821548461914,""y"":39.349037170410156}",9.7759831
28581192162100,fov,2787,"{""zoom"":1.0,""hfov"":90.0,""vfov"":58.71550750732422,""state"":0,""max_aov_h"":90.0,""max_aov_v"":58.71550750732422,""min_aov_h"":1.40625,""min_aov_v"":0.7910428047180176,""max_zoom"":64.0}",9.7768959
28581192905900,gimbal,2787,"{""imu_roll"":0.0,""imu_pitch"":17.130844116210938,""imu_yaw"":4.6868696212768555,""frame_roll"":0.0,""frame_pitch"":17.130844116210938,""frame_yaw"":4.6868696212768555,""pitch_speed"":0.0,""yaw_speed"":0.0}",9.7776397
28581195675600,range,1302,"{""message_type"":""GLOBAL_VISION_POSITION_ESTIMATE"",""x"":46.94821548461914,""y"":39.349037170410156}",9.7804094
28581196332700,attitude,1345,"{""message_type"":""ATTITUDE"",""time_boot_ms"":129370,""roll"":0.017312604933977127,""pitch"":-0.28730279207229614,""yaw"":3.0966970920562744,""rollspeed"":0.03244652599096298,""pitchspeed"":0.027092929929494858,""yawspeed"":0.025196144357323647}",9.7810665
28581205699500,target_offset,701,"{""x_angle_offset"":-0.09375,""y_angle_offset"":0.5436621065492984}",9.7904333
28581217226400,fov,2788,"{""zoom"":1.0,""hfov"":90.0,""vfov"":58.71550750732422,""state"":0,""max_aov_h"":90.0,""max_aov_v"":58.71550750732422,""min_aov_h"":1.40625,""min_aov_v"":0.7910428047180176,""max_zoom"":64.0}",9.8019602
28581217580700,gimbal,2788,"{""imu_roll"":0.0,""imu_pitch"":17.22764778137207,""imu_yaw"":4.646560192108154,""frame_roll"":0.0,""frame_pitch"":17.22764778137207,""frame_yaw"":4.646560192108154,""pitch_speed"":0.0,""yaw_speed"":0.0}",9.8023145
28581230422200,target_offset,702,"{""x_angle_offset"":-0.09375,""y_angle_offset"":0.5436621065492984}",9.815156
28581239093600,vfr,675,"{""message_type"":""VFR_HUD"",""airspeed"":36.08842468261719,""alt"":163.2899932861328}",9.8238274
28581239538100,position,675,"{""message_type"":""GLOBAL_POSITION_INT"",""lat"":469493535,""lon"":393491152}",9.8242719
28581240601200,attitude,1346,"{""message_type"":""ATTITUDE"",""time_boot_ms"":129410,""roll"":0.019486913457512856,""pitch"":-0.28594619035720825,""yaw"":3.0979700088500977,""rollspeed"":0.05375690385699272,""pitchspeed"":0.027390962466597557,""yawspeed"":0.03015107475221157}",9.825335
28581241580400,fov,2789,"{""zoom"":1.0,""hfov"":90.0,""vfov"":58.71550750732422,""state"":0,""max_aov_h"":90.0,""max_aov_v"":58.71550750732422,""min_aov_h"":1.40625,""min_aov_v"":0.7910428047180176,""max_zoom"":64.0}",9.8263142
28581241950400,gimbal,2789,"{""imu_roll"":0.0,""imu_pitch"":17.329360961914062,""imu_yaw"":4.624279975891113,""frame_roll"":0.0,""frame_pitch"":17.329360961914062,""frame_yaw"":4.624279975891113,""pitch_speed"":0.0,""yaw_speed"":0.0}",9.8266842
28581254380000,target_offset,703,"{""x_angle_offset"":-0.09375,""y_angle_offset"":0.5436621065492984}",9.8391138
28581266011300,fov,2790,"{""zoom"":1.0,""hfov"":90.0,""vfov"":58.71550750732422,""state"":0,""max_aov_h"":90.0,""max_aov_v"":58.71550750732422,""min_aov_h"":1.40625,""min_aov_v"":0.7910428047180176,""max_zoom"":64.0}",9.8507451
28581266666300,gimbal,2790,"{""imu_roll"":0.0,""imu_pitch"":17.46576499938965,""imu_yaw"":4.584951877593994,""frame_roll"":0.0,""frame_pitch"":17.46576499938965,""frame_yaw"":4.584951877593994,""pitch_speed"":0.0,""yaw_speed"":0.0}",9.8514001
28581278164100,target_offset,704,"{""x_angle_offset"":-0.09375,""y_angle_offset"":0.43492968523943865}",9.8628979
28581289634000,fov,2791,"{""zoom"":1.0,""hfov"":90.0,""vfov"":58.71550750732422,""state"":0,""max_aov_h"":90.0,""max_aov_v"":58.71550750732422,""min_aov_h"":1.40625,""min_aov_v"":0.7910428047180176,""max_zoom"":64.0}",9.8743678
28581289949800,gimbal,2791,"{""imu_roll"":0.0,""imu_pitch"":17.56098175048828,""imu_yaw"":4.544532299041748,""frame_roll"":0.0,""frame_pitch"":17.56098175048828,""frame_yaw"":4.544532299041748,""pitch_speed"":0.0,""yaw_speed"":0.0}",9.8746836
28581302496200,target_offset,705,"{""x_angle_offset"":-0.09375,""y_angle_offset"":0.43492968523943865}",9.88723
28581310213800,attitude,1347,"{""message_type"":""ATTITUDE"",""time_boot_ms"":129470,""roll"":0.023927168920636177,""pitch"":-0.2839218080043793,""yaw"":3.1002211570739746,""rollspeed"":0.07686987519264221,""pitchspeed"":0.02720463089644909,""yawspeed"":0.03697105497121811}",9.8949476
28581313772800,fov,2792,"{""zoom"":1.0,""hfov"":90.0,""vfov"":58.71550750732422,""state"":0,""max_aov_h"":90.0,""max_aov_v"":58.71550750732422,""min_aov_h"":1.40625,""min_aov_v"":0.7910428047180176,""max_zoom"":64.0}",9.8985066
28581315791600,gimbal,2792,"{""imu_roll"":0.0,""imu_pitch"":17.66602325439453,""imu_yaw"":4.508172512054443,""frame_roll"":0.0,""frame_pitch"":17.66602325439453,""frame_yaw"":4.508172512054443,""pitch_speed"":0.0,""yaw_speed"":0.0}",9.9005254
28581327687200,target_offset,706,"{""x_angle_offset"":-0.09375,""y_angle_offset"":0.43492968523943865}",9.912421
28581340405800,fov,2793,"{""zoom"":1.0,""hfov"":90.0,""vfov"":58.71550750732422,""state"":0,""max_aov_h"":90.0,""max_aov_v"":58.71550750732422,""min_aov_h"":1.40625,""min_aov_v"":0.7910428047180176,""max_zoom"":64.0}",9.9251396
28581340709600,gimbal,2793,"{""imu_roll"":0.0,""imu_pitch"":17.7435245513916,""imu_yaw"":4.467269420623779,""frame_roll"":0.0,""frame_pitch"":17.7435245513916,""frame_yaw"":4.467269420623779,""pitch_speed"":0.0,""yaw_speed"":0.0}",9.9254434
28581345934500,range,1303,"{""message_type"":""GLOBAL_VISION_POSITION_ESTIMATE"",""x"":46.9481315612793,""y"":39.34904098510742}",9.9306683
28581351839500,target_offset,707,"{""x_angle_offset"":-0.09375,""y_angle_offset"":0.43492968523943865}",9.9365733
28581355992800,attitude,1348,"{""message_type"":""ATTITUDE"",""time_boot_ms"":129510,""roll"":0.027362246066331863,""pitch"":-0.2826157808303833,""yaw"":3.1019253730773926,""rollspeed"":0.08532112091779709,""pitchspeed"":0.026323646306991577,""yawspeed"":0.041050538420677185}",9.9407266
28581356179400,vfr,676,"{""message_type"":""VFR_HUD"",""airspeed"":36.28617858886719,""alt"":161.9499969482422}",9.9409132
28581356331900,range,1304,"{""message_type"":""GLOBAL_VISION_POSITION_ESTIMATE"",""x"":46.9481315612793,""y"":39.34904098510742}",9.9410657
28581357185200,position,676,"{""message_type"":""GLOBAL_POSITION_INT"",""lat"":469493535,""lon"":393491152}",9.941919
28581363969700,fov,2794,"{""zoom"":1.0,""hfov"":90.0,""vfov"":58.71550750732422,""state"":0,""max_aov_h"":90.0,""max_aov_v"":58.71550750732422,""min_aov_h"":1.40625,""min_aov_v"":0.7910428047180176,""max_zoom"":64.0}",9.9487035
28581364656300,gimbal,2794,"{""imu_roll"":0.0,""imu_pitch"":17.82823371887207,""imu_yaw"":4.437039852142334,""frame_roll"":0.0,""frame_pitch"":17.82823371887207,""frame_yaw"":4.437039852142334,""pitch_speed"":0.0,""yaw_speed"":0.0}",9.9493901
28581375437700,target_offset,708,"{""x_angle_offset"":-0.09375,""y_angle_offset"":0.43492968523943865}",9.9601715
28581391860500,fov,2795,"{""zoom"":1.0,""hfov"":90.0,""vfov"":58.71550750732422,""state"":0,""max_aov_h"":90.0,""max_aov_v"":58.71550750732422,""min_aov_h"":1.40625,""min_aov_v"":0.7910428047180176,""max_zoom"":64.0}",9.9765943
28581392370800,gimbal,2795,"{""imu_roll"":0.0,""imu_pitch"":17.946306228637695,""imu_yaw"":4.385520935058594,""frame_roll"":0.0,""frame_pitch"":17.946306228637695,""frame_yaw"":4.385520935058594,""pitch_speed"":0.0,""yaw_speed"":0.0}",9.9771046
28581400509200,target_offset,709,"{""x_angle_offset"":0.0,""y_angle_offset"":0.326197263929579}",9.985243
28581414488600,fov,2796,"{""zoom"":1.0,""hfov"":90.0,""vfov"":58.71550750732422,""state"":0,""max_aov_h"":90.0,""max_aov_v"":58.71550750732422,""min_aov_h"":1.40625,""min_aov_v"":0.7910428047180176,""max_zoom"":64.0}",9.9992224
28581414978000,gimbal,2796,"{""imu_roll"":0.0,""imu_pitch"":18.024272918701172,""imu_yaw"":4.367276668548584,""frame_roll"":0.0,""frame_pitch"":18.024272918701172,""frame_yaw"":4.367276668548584,""pitch_speed"":0.0,""yaw_speed"":0.0}",9.9997118
28581424747800,target_offset,710,"{""x_angle_offset"":0.0,""y_angle_offset"":0.326197263929579}",10.0094816
28581435742500,attitude,1349,"{""message_type"":""ATTITUDE"",""time_boot_ms"":129570,""roll"":0.032817404717206955,""pitch"":-0.2807922959327698,""yaw"":3.1047444343566895,""rollspeed"":0.09071067720651627,""pitchspeed"":0.023696312680840492,""yawspeed"":0.04627460241317749}",10.0204763
28581439905500,fov,2797,"{""zoom"":1.0,""hfov"":90.0,""vfov"":58.71550750732422,""state"":0,""max_aov_h"":90.0,""max_aov_v"":58.71550750732422,""min_aov_h"":1.40625,""min_aov_v"":0.7910428047180176,""max_zoom"":64.0}",10.0246393
28581440310800,gimbal,2797,"{""imu_roll"":0.0,""imu_pitch"":18.07909393310547,""imu_yaw"":4.343635082244873,""frame_roll"":0.0,""frame_pitch"":18.07909393310547,""frame_yaw"":4.343635082244873,""pitch_speed"":0.0,""yaw_speed"":0.0}",10.0250446
28581448157800,target_offset,711,"{""x_angle_offset"":0.09375,""y_angle_offset"":0.326197263929579}",10.0328916
28581461267200,fov,2798,"{""zoom"":1.0,""hfov"":90.0,""vfov"":58.71550750732422,""state"":0,""max_aov_h"":90.0,""max_aov_v"":58.71550750732422,""min_aov_h"":1.40625,""min_aov_v"":0.7910428047180176,""max_zoom"":64.0}",10.046001
28581461652500,gimbal,2798,"{""imu_roll"":0.0,""imu_pitch"":18.151302337646484,""imu_yaw"":4.3458685874938965,""frame_roll"":0.0,""frame_pitch"":18.151302337646484,""frame_yaw"":4.3458685874938965,""pitch_speed"":0.0,""yaw_speed"":0.0}",10.0463863
28581470062600,target_offset,712,"{""x_angle_offset"":0.09375,""y_angle_offset"":0.326197263929579}",10.0547964
28581477329500,vfr,677,"{""message_type"":""VFR_HUD"",""airspeed"":36.47201156616211,""alt"":160.62998962402344}",10.0620633
28581479138700,position,677,"{""message_type"":""GLOBAL_POSITION_INT"",""lat"":469492815,""lon"":393491160}",10.0638725
28581480338700,attitude,1350,"{""message_type"":""ATTITUDE"",""time_boot_ms"":129610,""roll"":0.0367099791765213,""pitch"":-0.2797771990299225,""yaw"":3.1066815853118896,""rollspeed"":0.08893181383609772,""pitchspeed"":0.020018450915813446,""yawspeed"":0.049106016755104065}",10.0650725
28581484569900,fov,2799,"{""zoom"":1.0,""hfov"":90.0,""vfov"":58.71550750732422,""state"":0,""max_aov_h"":90.0,""max_aov_v"":58.71550750732422,""min_aov_h"":1.40625,""min_aov_v"":0.7910428047180176,""max_zoom"":64.0}",10.0693037
28581485034600,gimbal,2799,"{""imu_roll"":0.0,""imu_pitch"":18.223718643188477,""imu_yaw"":4.354431629180908,""frame_roll"":0.0,""frame_pitch"":18.223718643188477,""frame_yaw"":4.354431629180908,""pitch_speed"":0.0,""yaw_speed"":0.0}",10.0697684
28581487012500,range,1305,"{""message_type"":""GLOBAL_VISION_POSITION_ESTIMATE"",""x"":46.948062896728516,""y"":39.34904861450195}",10.0717463
28581495827800,target_offset,713,"{""x_angle_offset"":0.09375,""y_angle_offset"":0.326197263929579}",10.0805616
28581503736800,range,1306,"{""message_type"":""GLOBAL_VISION_POSITION_ESTIMATE"",""x"":46.948062896728516,""y"":39.34904861450195}",10.0884706
28581508426200,fov,2800,"{""zoom"":1.0,""hfov"":90.0,""vfov"":58.71550750732422,""state"":0,""max_aov_h"":90.0,""max_aov_v"":58.71550750732422,""min_aov_h"":1.40625,""min_aov_v"":0.7910428047180176,""max_zoom"":64.0}",10.09316
28581508826600,gimbal,2800,"{""imu_roll"":0.0,""imu_pitch"":18.3005428314209,""imu_yaw"":4.358839988708496,""frame_roll"":0.0,""frame_pitch"":18.3005428314209,""frame_yaw"":4.358839988708496,""pitch_speed"":0.0,""yaw_speed"":0.0}",10.0935604
28581519074400,target_offset,714,"{""x_angle_offset"":0.09375,""y_angle_offset"":0.326197263929579}",10.1038082
28581533111900,fov,2801,"{""zoom"":1.0,""hfov"":90.0,""vfov"":58.71550750732422,""state"":0,""max_aov_h"":90.0,""max_aov_v"":58.71550750732422,""min_aov_h"":1.40625,""min_aov_v"":0.7910428047180176,""max_zoom"":64.0}",10.1178457
28581533747200,gimbal,2801,"{""imu_roll"":0.0,""imu_pitch"":18.377399444580078,""imu_yaw"":4.360023021697998,""frame_roll"":0.0,""frame_pitch"":18.377399444580078,""frame_yaw"":4.360023021697998,""pitch_speed"":0.0,""yaw_speed"":0.0}",10.118481
28581548992000,target_offset,715,"{""x_angle_offset"":0.09375,""y_angle_offset"":0.21746484261971932}",10.1337258
28581565981600,attitude,1351,"{""message_type"":""ATTITUDE"",""time_boot_ms"":129670,""roll"":0.04258524253964424,""pitch"":-0.2787832021713257,""yaw"":3.1096134185791016,""rollspeed"":0.08009084314107895,""pitchspeed"":0.009700597263872623,""yawspeed"":0.052306510508060455}",10.1507154
28581571495200,fov,2802,"{""zoom"":1.0,""hfov"":90.0,""vfov"":58.71550750732422,""state"":0,""max_aov_h"":90.0,""max_aov_v"":58.71550750732422,""min_aov_h"":1.40625,""min_aov_v"":0.7910428047180176,""max_zoom"":64.0}",10.156229
28581571874200,gimbal,2802,"{""imu_roll"":0.0,""imu_pitch"":18.456920623779297,""imu_yaw"":4.332560062408447,""frame_roll"":0.0,""frame_pitch"":18.456920623779297,""frame_yaw"":4.332560062408447,""pitch_speed"":0.0,""yaw_speed"":0.0}",10.156608
28581574415200,target_offset,716,"{""x_angle_offset"":0.09375,""y_angle_offset"":0.21746484261971932}",10.159149
28581590626000,fov,2803,"{""zoom"":1.0,""hfov"":90.0,""vfov"":58.71550750732422,""state"":0,""max_aov_h"":90.0,""max_aov_v"":58.71550750732422,""min_aov_h"":1.40625,""min_aov_v"":0.7910428047180176,""max_zoom"":64.0}",10.1753598
28581590954600,gimbal,2803,"{""imu_roll"":0.0,""imu_pitch"":18.503747940063477,""imu_yaw"":4.340390682220459,""frame_roll"":0.0,""frame_pitch"":18.503747940063477,""frame_yaw"":4.340390682220459,""pitch_speed"":0.0,""yaw_speed"":0.0}",10.1756884
28581604190600,target_offset,717,"{""x_angle_offset"":0.09375,""y_angle_offset"":0.21746484261971932}",10.1889244
28581611255800,attitude,1352,"{""message_type"":""ATTITUDE"",""time_boot_ms"":129710,""roll"":0.046109750866889954,""pitch"":-0.2785587012767792,""yaw"":3.1116249561309814,""rollspeed"":0.07160909473896027,""pitchspeed"":0.0006205917452462018,""yawspeed"":0.053736090660095215}",10.1959896
28581611500500,vfr,678,"{""message_type"":""VFR_HUD"",""airspeed"":36.67286682128906,""alt"":159.30999755859375}",10.1962343
28581611636500,position,678,"{""message_type"":""GLOBAL_POSITION_INT"",""lat"":469492815,""lon"":393491160}",10.1963703
28581622062800,fov,2804,"{""zoom"":1.0,""hfov"":90.0,""vfov"":58.71550750732422,""state"":0,""max_aov_h"":90.0,""max_aov_v"":58.71550750732422,""min_aov_h"":1.40625,""min_aov_v"":0.7910428047180176,""max_zoom"":64.0}",10.2067966
28581622558800,gimbal,2804,"{""imu_roll"":0.0,""imu_pitch"":18.5638370513916,""imu_yaw"":4.340290069580078,""frame_roll"":0.0,""frame_pitch"":18.5638370513916,""frame_yaw"":4.340290069580078,""pitch_speed"":0.0,""yaw_speed"":0.0}",10.2072926
28581627219900,target_offset,718,"{""x_angle_offset"":0.09375,""y_angle_offset"":0.21746484261971932}",10.2119537
28581634654500,range,1307,"{""message_type"":""GLOBAL_VISION_POSITION_ESTIMATE"",""x"":46.948062896728516,""y"":39.34904479980469}",10.2193883
28581635050000,range,1308,"{""message_type"":""GLOBAL_VISION_POSITION_ESTIMATE"",""x"":46.948062896728516,""y"":39.34904479980469}",10.2197838
28581646388300,fov,2805,"{""zoom"":1.0,""hfov"":90.0,""vfov"":58.71550750732422,""state"":0,""max_aov_h"":90.0,""max_aov_v"":58.71550750732422,""min_aov_h"":1.40625,""min_aov_v"":0.7910428047180176,""max_zoom"":64.0}",10.2311221
28581647971900,gimbal,2805,"{""imu_roll"":0.0,""imu_pitch"":18.61676025390625,""imu_yaw"":4.342464447021484,""frame_roll"":0.0,""frame_pitch"":18.61676025390625,""frame_yaw"":4.342464447021484,""pitch_speed"":0.0,""yaw_speed"":0.0}",10.2327057
28581656759800,target_offset,719,"{""x_angle_offset"":0.09375,""y_angle_offset"":0.21746484261971932}",10.2414936
28581672939800,fov,2806,"{""zoom"":1.0,""hfov"":90.0,""vfov"":58.71550750732422,""state"":0,""max_aov_h"":90.0,""max_aov_v"":58.71550750732422,""min_aov_h"":1.40625,""min_aov_v"":0.7910428047180176,""max_zoom"":64.0}",10.2576736
28581673246200,gimbal,2806,"{""imu_roll"":0.0,""imu_pitch"":18.64649200439453,""imu_yaw"":4.335170269012451,""frame_roll"":0.0,""frame_pitch"":18.64649200439453,""frame_yaw"":4.335170269012451,""pitch_speed"":0.0,""yaw_speed"":0.0}",10.25798
28581679623600,target_offset,720,"{""x_angle_offset"":0.09375,""y_angle_offset"":0.21746484261971932}",10.2643574
28581691371600,attitude,1353,"{""message_type"":""ATTITUDE"",""time_boot_ms"":129770,""roll"":0.05054907500743866,""pitch"":-0.2790560722351074,""yaw"":3.114659070968628,""rollspeed"":0.05380532145500183,""pitchspeed"":-0.016817627474665642,""yawspeed"":0.05470266938209534}",10.2761054
28581698443300,fov,2807,"{""zoom"":1.0,""hfov"":90.0,""vfov"":58.71550750732422,""state"":0,""max_aov_h"":90.0,""max_aov_v"":58.71550750732422,""min_aov_h"":1.40625,""min_aov_v"":0.7910428047180176,""max_zoom"":64.0}",10.2831771
28581698784400,gimbal,2807,"{""imu_roll"":0.0,""imu_pitch"":18.699800491333008,""imu_yaw"":4.334340572357178,""frame_roll"":0.0,""frame_pitch"":18.699800491333008,""frame_yaw"":4.334340572357178,""pitch_speed"":0.0,""yaw_speed"":0.0}",10.2835182
28581702205100,target_offset,721,"{""x_angle_offset"":0.09375,""y_angle_offset"":0.21746484261971932}",10.2869389
28581713040100,fov,2808,"{""zoom"":1.0,""hfov"":90.0,""vfov"":58.71550750732422,""state"":0,""max_aov_h"":90.0,""max_aov_v"":58.71550750732422,""min_aov_h"":1.40625,""min_aov_v"":0.7910428047180176,""max_zoom"":64.0}",10.2977739
28581714098300,gimbal,2808,"{""imu_roll"":0.0,""imu_pitch"":18.740398406982422,""imu_yaw"":4.3426923751831055,""frame_roll"":0.0,""frame_pitch"":18.740398406982422,""frame_yaw"":4.3426923751831055,""pitch_speed"":0.0,""yaw_speed"":0.0}",10.2988321
28581726611900,target_offset,722,"{""x_angle_offset"":0.0,""y_angle_offset"":0.21746484261971932}",10.3113457
28581734123600,attitude,1354,"{""message_type"":""ATTITUDE"",""time_boot_ms"":129810,""roll"":0.052843257784843445,""pitch"":-0.28006595373153687,""yaw"":3.1166508197784424,""rollspeed"":0.03958852216601372,""pitchspeed"":-0.03109239973127842,""yawspeed"":0.05466917157173157}",10.3188574
28581734235200,vfr,679,"{""message_type"":""VFR_HUD"",""airspeed"":36.860355377197266,""alt"":157.989990234375}",10.318969
28581734333200,position,679,"{""message_type"":""GLOBAL_POSITION_INT"",""lat"":469492091,""lon"":393491152}",10.319067
28581745604000,fov,2809,"{""zoom"":1.0,""hfov"":90.0,""vfov"":58.71550750732422,""state"":0,""max_aov_h"":90.0,""max_aov_v"":58.71550750732422,""min_aov_h"":1.40625,""min_aov_v"":0.7910428047180176,""max_zoom"":64.0}",10.3303378
28581746271100,gimbal,2809,"{""imu_roll"":0.0,""imu_pitch"":18.7961368560791,""imu_yaw"":4.315809726715088,""frame_roll"":0.0,""frame_pitch"":18.7961368560791,""frame_yaw"":4.315809726715088,""pitch_speed"":0.0,""yaw_speed"":0.0}",10.3310049
28581752957500,target_offset,723,"{""x_angle_offset"":0.0,""y_angle_offset"":0.21746484261971932}",10.3376913
28581765675000,fov,2810,"{""zoom"":1.0,""hfov"":90.0,""vfov"":58.71550750732422,""state"":0,""max_aov_h"":90.0,""max_aov_v"":58.71550750732422,""min_aov_h"":1.40625,""min_aov_v"":0.7910428047180176,""max_zoom"":64.0}",10.3504088
28581766406200,gimbal,2810,"{""imu_roll"":0.0,""imu_pitch"":18.82712173461914,""imu_yaw"":4.288676738739014,""frame_roll"":0.0,""frame_pitch"":18.82712173461914,""frame_yaw"":4.288676738739014,""pitch_speed"":0.0,""yaw_speed"":0.0}",10.35114
28581777015400,target_offset,724,"{""x_angle_offset"":0.0,""y_angle_offset"":0.21746484261971932}",10.3617492
28581786094500,range,1309,"{""message_type"":""GLOBAL_VISION_POSITION_ESTIMATE"",""x"":46.94799041748047,""y"":39.34904098510742}",10.3708283
28581794197000,fov,2811,"{""zoom"":1.0,""hfov"":90.0,""vfov"":58.71550750732422,""state"":0,""max_aov_h"":90.0,""max_aov_v"":58.71550750732422,""min_aov_h"":1.40625,""min_aov_v"":0.7910428047180176,""max_zoom"":64.0}",10.3789308
28581794740000,gimbal,2811,"{""imu_roll"":0.0,""imu_pitch"":18.88312530517578,""imu_yaw"":4.265449047088623,""frame_roll"":0.0,""frame_pitch"":18.88312530517578,""frame_yaw"":4.265449047088623,""pitch_speed"":0.0,""yaw_speed"":0.0}",10.3794738
28581802528800,target_offset,725,"{""x_angle_offset"":0.0,""y_angle_offset"":0.21746484261971932}",10.3872626
28581811363700,range,1310,"{""message_type"":""GLOBAL_VISION_POSITION_ESTIMATE"",""x"":46.94799041748047,""y"":39.34904098510742}",10.3960975
28581813084900,attitude,1355,"{""message_type"":""ATTITUDE"",""time_boot_ms"":129870,""roll"":0.05572044476866722,""pitch"":-0.28290846943855286,""yaw"":3.119389533996582,""rollspeed"":0.018864993005990982,""pitchspeed"":-0.0547073632478714,""yawspeed"":0.05362056940793991}",10.3978187
28581817514200,fov,2812,"{""zoom"":1.0,""hfov"":90.0,""vfov"":58.71550750732422,""state"":0,""max_aov_h"":90.0,""max_aov_v"":58.71550750732422,""min_aov_h"":1.40625,""min_aov_v"":0.7910428047180176,""max_zoom"":64.0}",10.402248
28581818008300,gimbal,2812,"{""imu_roll"":0.0,""imu_pitch"":18.91694450378418,""imu_yaw"":4.238766670227051,""frame_roll"":0.0,""frame_pitch"":18.91694450378418,""frame_yaw"":4.238766670227051,""pitch_speed"":0.0,""yaw_speed"":0.0}",10.4027421
28581826869900,target_offset,726,"{""x_angle_offset"":0.0,""y_angle_offset"":0.10873242130985966}",10.4116037
28581840708400,fov,2813,"{""zoom"":1.0,""hfov"":90.0,""vfov"":58.71550750732422,""state"":0,""max_aov_h"":90.0,""max_aov_v"":58.71550750732422,""min_aov_h"":1.40625,""min_aov_v"":0.7910428047180176,""max_zoom"":64.0}",10.4254422
28581840995600,gimbal,2813,"{""imu_roll"":0.0,""imu_pitch"":18.95339012145996,""imu_yaw"":4.235856533050537,""frame_roll"":0.0,""frame_pitch"":18.95339012145996,""frame_yaw"":4.235856533050537,""pitch_speed"":0.0,""yaw_speed"":0.0}",10.4257294
28581850121100,target_offset,727,"{""x_angle_offset"":-0.09375,""y_angle_offset"":0.10873242130985966}",10.4348549
28581857272000,position,680,"{""message_type"":""GLOBAL_POSITION_INT"",""lat"":469492091,""lon"":393491152}",10.4420058
28581858597900,attitude,1356,"{""message_type"":""ATTITUDE"",""time_boot_ms"":129910,""roll"":0.05700584501028061,""pitch"":-0.2856502830982208,""yaw"":3.121110677719116,""rollspeed"":0.006105004344135523,""pitchspeed"":-0.07187681645154953,""yawspeed"":0.05230818688869476}",10.4433317
28581860416300,vfr,680,"{""message_type"":""VFR_HUD"",""airspeed"":37.03815841674805,""alt"":156.67999267578125}",10.4451501
28581863633200,fov,2814,"{""zoom"":1.0,""hfov"":90.0,""vfov"":58.71550750732422,""state"":0,""max_aov_h"":90.0,""max_aov_v"":58.71550750732422,""min_aov_h"":1.40625,""min_aov_v"":0.7910428047180176,""max_zoom"":64.0}",10.448367
28581863983300,gimbal,2814,"{""imu_roll"":0.0,""imu_pitch"":18.98069190979004,""imu_yaw"":4.185328960418701,""frame_roll"":0.0,""frame_pitch"":18.98069190979004,""frame_yaw"":4.185328960418701,""pitch_speed"":0.0,""yaw_speed"":0.0}",10.4487171
28581874484000,target_offset,728,"{""x_angle_offset"":-0.09375,""y_angle_offset"":0.10873242130985966}",10.4592178
28581887986500,fov,2815,"{""zoom"":1.0,""hfov"":90.0,""vfov"":58.71550750732422,""state"":0,""max_aov_h"":90.0,""max_aov_v"":58.71550750732422,""min_aov_h"":1.40625,""min_aov_v"":0.7910428047180176,""max_zoom"":64.0}",10.4727203
28581888386100,gimbal,2815,"{""imu_roll"":0.0,""imu_pitch"":18.99628257751465,""imu_yaw"":4.143556118011475,""frame_roll"":0.0,""frame_pitch"":18.99628257751465,""frame_yaw"":4.143556118011475,""pitch_speed"":0.0,""yaw_speed"":0.0}",10.4731199
28581897595400,target_offset,729,"{""x_angle_offset"":-0.09375,""y_angle_offset"":0.10873242130985966}",10.4823292
28581912841500,fov,2816,"{""zoom"":1.0,""hfov"":90.0,""vfov"":58.71550750732422,""state"":0,""max_aov_h"":90.0,""max_aov_v"":58.71550750732422,""min_aov_h"":1.40625,""min_aov_v"":0.7910428047180176,""max_zoom"":64.0}",10.4975753
28581913501000,gimbal,2816,"{""imu_roll"":0.0,""imu_pitch"":19.020414352416992,""imu_yaw"":4.10666561126709,""frame_roll"":0.0,""frame_pitch"":19.020414352416992,""frame_yaw"":4.10666561126709,""pitch_speed"":0.0,""yaw_speed"":0.0}",10.4982348
28581923302900,target_offset,730,"{""x_angle_offset"":-0.09375,""y_angle_offset"":0.0}",10.5080367
28581935509000,fov,2817,"{""zoom"":1.0,""hfov"":90.0,""vfov"":58.71550750732422,""state"":0,""max_aov_h"":90.0,""max_aov_v"":58.71550750732422,""min_aov_h"":1.40625,""min_aov_v"":0.7910428047180176,""max_zoom"":64.0}",10.5202428
28581935874600,gimbal,2817,"{""imu_roll"":0.0,""imu_pitch"":19.036001205444336,""imu_yaw"":4.074146747589111,""frame_roll"":0.0,""frame_pitch"":19.036001205444336,""frame_yaw"":4.074146747589111,""pitch_speed"":0.0,""yaw_speed"":0.0}",10.5206084
28581939748500,attitude,1357,"{""message_type"":""ATTITUDE"",""time_boot_ms"":129970,""roll"":0.0581573024392128,""pitch"":-0.29084718227386475,""yaw"":3.123500108718872,""rollspeed"":-0.009162419475615025,""pitchspeed"":-0.09248132258653641,""yawspeed"":0.049795374274253845}",10.5244823
28581945296400,target_offset,731,"{""x_angle_offset"":-0.09375,""y_angle_offset"":0.0}",10.5300302
28581954235900,range,1311,"{""message_type"":""GLOBAL_VISION_POSITION_ESTIMATE"",""x"":46.94799041748047,""y"":39.34904098510742}",10.5389697
28581957350700,fov,2818,"{""zoom"":1.0,""hfov"":90.0,""vfov"":58.71550750732422,""state"":0,""max_aov_h"":90.0,""max_aov_v"":58.71550750732422,""min_aov_h"":1.40625,""min_aov_v"":0.7910428047180176,""max_zoom"":64.0}",10.5420845
28581958086400,gimbal,2818,"{""imu_roll"":0.0,""imu_pitch"":19.02876853942871,""imu_yaw"":4.042782783508301,""frame_roll"":0.0,""frame_pitch"":19.02876853942871,""frame_yaw"":4.042782783508301,""pitch_speed"":0.0,""yaw_speed"":0.0}",10.5428202
28581961363800,range,1312,"{""message_type"":""GLOBAL_VISION_POSITION_ESTIMATE"",""x"":46.94799041748047,""y"":39.34904098510742}",10.5460976
28581970179500,target_offset,732,"{""x_angle_offset"":-0.09375,""y_angle_offset"":0.0}",10.5549133
28581982279900,fov,2819,"{""zoom"":1.0,""hfov"":90.0,""vfov"":58.71550750732422,""state"":0,""max_aov_h"":90.0,""max_aov_v"":58.71550750732422,""min_aov_h"":1.40625,""min_aov_v"":0.7910428047180176,""max_zoom"":64.0}",10.5670137
28581982646800,gimbal,2819,"{""imu_roll"":0.0,""imu_pitch"":19.02865982055664,""imu_yaw"":4.012697219848633,""frame_roll"":0.0,""frame_pitch"":19.02865982055664,""frame_yaw"":4.012697219848633,""pitch_speed"":0.0,""yaw_speed"":0.0}",10.5673806
28581983977200,position,681,"{""message_type"":""GLOBAL_POSITION_INT"",""lat"":469492091,""lon"":393491152}",10.568711
28581984280900,attitude,1358,"{""message_type"":""ATTITUDE"",""time_boot_ms"":130010,""roll"":0.05857875570654869,""pitch"":-0.29489171504974365,""yaw"":3.124959707260132,""rollspeed"":-0.015551530756056309,""pitchspeed"":-0.10315587371587753,""yawspeed"":0.04766901582479477}",10.5690147
28581984480800,vfr,681,"{""message_type"":""VFR_HUD"",""airspeed"":37.20902633666992,""alt"":155.3699951171875}",10.5692146
28581993898300,target_offset,733,"{""x_angle_offset"":-0.09375,""y_angle_offset"":-0.10873242130985966}",10.5786321
28582006691000,fov,2820,"{""zoom"":1.0,""hfov"":90.0,""vfov"":58.71550750732422,""state"":0,""max_aov_h"":90.0,""max_aov_v"":58.71550750732422,""min_aov_h"":1.40625,""min_aov_v"":0.7910428047180176,""max_zoom"":64.0}",10.5914248
28582007596900,gimbal,2820,"{""imu_roll"":0.0,""imu_pitch"":19.028583526611328,""imu_yaw"":3.9839119911193848,""frame_roll"":0.0,""frame_pitch"":19.028583526611328,""frame_yaw"":3.9839119911193848,""pitch_speed"":0.0,""yaw_speed"":0.0}",10.5923307
28582016667700,target_offset,734,"{""x_angle_offset"":-0.09375,""y_angle_offset"":-0.10873242130985966}",10.6014015
28582027693600,fov,2821,"{""zoom"":1.0,""hfov"":90.0,""vfov"":58.71550750732422,""state"":0,""max_aov_h"":90.0,""max_aov_v"":58.71550750732422,""min_aov_h"":1.40625,""min_aov_v"":0.7910428047180176,""max_zoom"":64.0}",10.6124274
28582027981800,gimbal,2821,"{""imu_roll"":0.0,""imu_pitch"":19.00198745727539,""imu_yaw"":3.9531731605529785,""frame_roll"":0.0,""frame_pitch"":19.00198745727539,""frame_yaw"":3.9531731605529785,""pitch_speed"":0.0,""yaw_speed"":0.0}",10.6127156
28582039904200,target_offset,735,"{""x_angle_offset"":-0.1875,""y_angle_offset"":-0.21746484261971932}",10.624638
28582053152300,attitude,1359,"{""message_type"":""ATTITUDE"",""time_boot_ms"":130070,""roll"":0.059080883860588074,""pitch"":-0.3011429011821747,""yaw"":3.1268866062164307,""rollspeed"":-0.019111085683107376,""pitchspeed"":-0.11327573657035828,""yawspeed"":0.04445885121822357}",10.6378861
28582055839800,fov,2822,"{""zoom"":1.0,""hfov"":90.0,""vfov"":58.71550750732422,""state"":0,""max_aov_h"":90.0,""max_aov_v"":58.71550750732422,""min_aov_h"":1.40625,""min_aov_v"":0.7910428047180176,""max_zoom"":64.0}",10.6405736
28582056601400,gimbal,2822,"{""imu_roll"":0.0,""imu_pitch"":18.98394012451172,""imu_yaw"":3.9304616451263428,""frame_roll"":0.0,""frame_pitch"":18.98394012451172,""frame_yaw"":3.9304616451263428,""pitch_speed"":0.0,""yaw_speed"":0.0}",10.6413352
28582062418100,target_offset,736,"{""x_angle_offset"":-0.1875,""y_angle_offset"":-0.21746484261971932}",10.6471519
28582076480300,fov,2823,"{""zoom"":1.0,""hfov"":90.0,""vfov"":58.71550750732422,""state"":0,""max_aov_h"":90.0,""max_aov_v"":58.71550750732422,""min_aov_h"":1.40625,""min_aov_v"":0.7910428047180176,""max_zoom"":64.0}",10.6612141
28582076816500,gimbal,2823,"{""imu_roll"":0.0,""imu_pitch"":18.933225631713867,""imu_yaw"":3.8785746097564697,""frame_roll"":0.0,""frame_pitch"":18.933225631713867,""frame_yaw"":3.8785746097564697,""pitch_speed"":0.0,""yaw_speed"":0.0}",10.6615503
28582086221100,target_offset,737,"{""x_angle_offset"":-0.1875,""y_angle_offset"":-0.21746484261971932}",10.6709549
28582094701100,position,682,"{""message_type"":""GLOBAL_POSITION_INT"",""lat"":469491378,""lon"":393491139}",10.6794349
28582095149200,attitude,1360,"{""message_type"":""ATTITUDE"",""time_boot_ms"":130110,""roll"":0.05948000028729439,""pitch"":-0.3053971827030182,""yaw"":3.1280148029327393,""rollspeed"":-0.018051743507385254,""pitchspeed"":-0.11694473028182983,""yawspeed"":0.042085424065589905}",10.679883
28582095299800,vfr,682,"{""message_type"":""VFR_HUD"",""airspeed"":37.37478256225586,""alt"":154.0500030517578}",10.6800336
28582097811500,fov,2824,"{""zoom"":1.0,""hfov"":90.0,""vfov"":58.71550750732422,""state"":0,""max_aov_h"":90.0,""max_aov_v"":58.71550750732422,""min_aov_h"":1.40625,""min_aov_v"":0.7910428047180176,""max_zoom"":64.0}",10.6825453
28582098057700,gimbal,2824,"{""imu_roll"":0.0,""imu_pitch"":18.893632888793945,""imu_yaw"":3.834609270095825,""frame_roll"":0.0,""frame_pitch"":18.893632888793945,""frame_yaw"":3.834609270095825,""pitch_speed"":0.0,""yaw_speed"":0.0}",10.6827915
28582108987000,range,1313,"{""message_type"":""GLOBAL_VISION_POSITION_ESTIMATE"",""x"":46.94792175292969,""y"":39.34904098510742}",10.6937208
28582109699400,target_offset,738,"{""x_angle_offset"":-0.1875,""y_angle_offset"":-0.326197263929579}",10.6944332
28582118950900,range,1314,"{""message_type"":""GLOBAL_VISION_POSITION_ESTIMATE"",""x"":46.94792175292969,""y"":39.34904098510742}",10.7036847
28582121065500,fov,2825,"{""zoom"":1.0,""hfov"":90.0,""vfov"":58.71550750732422,""state"":0,""max_aov_h"":90.0,""max_aov_v"":58.71550750732422,""min_aov_h"":1.40625,""min_aov_v"":0.7910428047180176,""max_zoom"":64.0}",10.7057993
28582121432100,gimbal,2825,"{""imu_roll"":0.0,""imu_pitch"":18.853389739990234,""imu_yaw"":3.7928109169006348,""frame_roll"":0.0,""frame_pitch"":18.853389739990234,""frame_yaw"":3.7928109169006348,""pitch_speed"":0.0,""yaw_speed"":0.0}",10.7061659
28582131261300,target_offset,739,"{""x_angle_offset"":-0.1875,""y_angle_offset"":-0.326197263929579}",10.7159951
28582142053400,fov,2826,"{""zoom"":1.0,""hfov"":90.0,""vfov"":58.71550750732422,""state"":0,""max_aov_h"":90.0,""max_aov_v"":58.71550750732422,""min_aov_h"":1.40625,""min_aov_v"":0.7910428047180176,""max_zoom"":64.0}",10.7267872
28582142608600,gimbal,2826,"{""imu_roll"":0.0,""imu_pitch"":18.789459228515625,""imu_yaw"":3.744039297103882,""frame_roll"":0.0,""frame_pitch"":18.789459228515625,""frame_yaw"":3.744039297103882,""pitch_speed"":0.0,""yaw_speed"":0.0}",10.7273424
28582150613000,attitude,1361,"{""message_type"":""ATTITUDE"",""time_boot_ms"":130170,""roll"":0.06036799028515816,""pitch"":-0.31198203563690186,""yaw"":3.1294682025909424,""rollspeed"":-0.012893344275653362,""pitchspeed"":-0.12058080732822418,""yawspeed"":0.03838580846786499}",10.7353468
28582153713900,target_offset,740,"{""x_angle_offset"":-0.1875,""y_angle_offset"":-0.326197263929579}",10.7384477
28582165664100,fov,2827,"{""zoom"":1.0,""hfov"":90.0,""vfov"":58.71550750732422,""state"":0,""max_aov_h"":90.0,""max_aov_v"":58.71550750732422,""min_aov_h"":1.40625,""min_aov_v"":0.7910428047180176,""max_zoom"":64.0}",10.7503979
28582166230100,gimbal,2827,"{""imu_roll"":0.0,""imu_pitch"":18.733226776123047,""imu_yaw"":3.704071044921875,""frame_roll"":0.0,""frame_pitch"":18.733226776123047,""frame_yaw"":3.704071044921875,""pitch_speed"":0.0,""yaw_speed"":0.0}",10.7509639
28582178521300,target_offset,741,"{""x_angle_offset"":-0.1875,""y_angle_offset"":-0.43492968523943865}",10.7632551
28582190103700,attitude,1362,"{""message_type"":""ATTITUDE"",""time_boot_ms"":130210,""roll"":0.06120128929615021,""pitch"":-0.3164252042770386,""yaw"":3.1302645206451416,""rollspeed"":-0.008981017395853996,""pitchspeed"":-0.12154311686754227,""yawspeed"":0.035695865750312805}",10.7748375
28582190288800,vfr,683,"{""message_type"":""VFR_HUD"",""airspeed"":37.53706359863281,""alt"":152.6999969482422}",10.7750226
28582190413700,position,683,"{""message_type"":""GLOBAL_POSITION_INT"",""lat"":469491378,""lon"":393491139}",10.7751475
28582190953500,fov,2828,"{""zoom"":1.0,""hfov"":90.0,""vfov"":58.71550750732422,""state"":0,""max_aov_h"":90.0,""max_aov_v"":58.71550750732422,""min_aov_h"":1.40625,""min_aov_v"":0.7910428047180176,""max_zoom"":64.0}",10.7756873
28582191303700,gimbal,2828,"{""imu_roll"":0.0,""imu_pitch"":18.66413688659668,""imu_yaw"":3.6496639251708984,""frame_roll"":0.0,""frame_pitch"":18.66413688659668,""frame_yaw"":3.6496639251708984,""pitch_speed"":0.0,""yaw_speed"":0.0}",10.7760375
28582201473300,target_offset,742,"{""x_angle_offset"":-0.1875,""y_angle_offset"":-0.43492968523943865}",10.7862071
28582210544800,fov,2829,"{""zoom"":1.0,""hfov"":90.0,""vfov"":58.71550750732422,""state"":0,""max_aov_h"":90.0,""max_aov_v"":58.71550750732422,""min_aov_h"":1.40625,""min_aov_v"":0.7910428047180176,""max_zoom"":64.0}",10.7952786
28582211031200,gimbal,2829,"{""imu_roll"":0.0,""imu_pitch"":18.582088470458984,""imu_yaw"":3.6133971214294434,""frame_roll"":0.0,""frame_pitch"":18.582088470458984,""frame_yaw"":3.6133971214294434,""pitch_speed"":0.0,""yaw_speed"":0.0}",10.795765
28582224672100,target_offset,743,"{""x_angle_offset"":-0.1875,""y_angle_offset"":-0.43492968523943865}",10.8094059
28582234552000,fov,2830,"{""zoom"":1.0,""hfov"":90.0,""vfov"":58.71550750732422,""state"":0,""max_aov_h"":90.0,""max_aov_v"":58.71550750732422,""min_aov_h"":1.40625,""min_aov_v"":0.7910428047180176,""max_zoom"":64.0}",10.8192858
28582234949500,gimbal,2830,"{""imu_roll"":0.0,""imu_pitch"":18.49687385559082,""imu_yaw"":3.5657033920288086,""frame_roll"":0.0,""frame_pitch"":18.49687385559082,""frame_yaw"":3.5657033920288086,""pitch_speed"":0.0,""yaw_speed"":0.0}",10.8196833
28582244263400,target_offset,744,"{""x_angle_offset"":-0.1875,""y_angle_offset"":-0.5436621065492984}",10.8289972
28582248684500,attitude,1363,"{""message_type"":""ATTITUDE"",""time_boot_ms"":130270,""roll"":0.06255661696195602,""pitch"":-0.3236214220523834,""yaw"":3.1312520503997803,""rollspeed"":-0.002067131455987692,""pitchspeed"":-0.12575581669807434,""yawspeed"":0.03134726732969284}",10.8334183
28582255973200,fov,2831,"{""zoom"":1.0,""hfov"":90.0,""vfov"":58.71550750732422,""state"":0,""max_aov_h"":90.0,""max_aov_v"":58.71550750732422,""min_aov_h"":1.40625,""min_aov_v"":0.7910428047180176,""max_zoom"":64.0}",10.840707
28582256403800,gimbal,2831,"{""imu_roll"":0.0,""imu_pitch"":18.4208984375,""imu_yaw"":3.5256459712982178,""frame_roll"":0.0,""frame_pitch"":18.4208984375,""frame_yaw"":3.5256459712982178,""pitch_speed"":0.0,""yaw_speed"":0.0}",10.8411376
28582265198700,range,1315,"{""message_type"":""GLOBAL_VISION_POSITION_ESTIMATE"",""x"":46.94792175292969,""y"":39.34904479980469}",10.8499325
28582266029500,target_offset,745,"{""x_angle_offset"":-0.1875,""y_angle_offset"":-0.5436621065492984}",10.8507633
28582276233100,fov,2832,"{""zoom"":1.0,""hfov"":90.0,""vfov"":58.71550750732422,""state"":0,""max_aov_h"":90.0,""max_aov_v"":58.71550750732422,""min_aov_h"":1.40625,""min_aov_v"":0.7910428047180176,""max_zoom"":64.0}",10.8609669
28582277136500,gimbal,2832,"{""imu_roll"":0.0,""imu_pitch"":18.3149471282959,""imu_yaw"":3.480595827102661,""frame_roll"":0.0,""frame_pitch"":18.3149471282959,""frame_yaw"":3.480595827102661,""pitch_speed"":0.0,""yaw_speed"":0.0}",10.8618703
28582279439500,range,1316,"{""message_type"":""GLOBAL_VISION_POSITION_ESTIMATE"",""x"":46.94792175292969,""y"":39.34904479980469}",10.8641733
28582279849100,attitude,1364,"{""message_type"":""ATTITUDE"",""time_boot_ms"":130310,""roll"":0.06337902694940567,""pitch"":-0.32917922735214233,""yaw"":3.1317837238311768,""rollspeed"":0.0025955503806471825,""pitchspeed"":-0.13143566250801086,""yawspeed"":0.028313642367720604}",10.8645829
28582280096400,vfr,684,"{""message_type"":""VFR_HUD"",""airspeed"":37.6965446472168,""alt"":151.3000030517578}",10.8648302
28582280240700,position,684,"{""message_type"":""GLOBAL_POSITION_INT"",""lat"":469490659,""lon"":393491133}",10.8649745
28582288920200,target_offset,746,"{""x_angle_offset"":-0.1875,""y_angle_offset"":-0.5436621065492984}",10.873654
28582302641200,fov,2833,"{""zoom"":1.0,""hfov"":90.0,""vfov"":58.71550750732422,""state"":0,""max_aov_h"":90.0,""max_aov_v"":58.71550750732422,""min_aov_h"":1.40625,""min_aov_v"":0.7910428047180176,""max_zoom"":64.0}",10.887375
28582302978400,gimbal,2833,"{""imu_roll"":0.0,""imu_pitch"":18.21284294128418,""imu_yaw"":3.436401128768921,""frame_roll"":0.0,""frame_pitch"":18.21284294128418,""frame_yaw"":3.436401128768921,""pitch_speed"":0.0,""yaw_speed"":0.0}",10.8877122
28582311056400,target_offset,747,"{""x_angle_offset"":-0.1875,""y_angle_offset"":-0.5436621065492984}",10.8957902
28582322290500,fov,2834,"{""zoom"":1.0,""hfov"":90.0,""vfov"":58.71550750732422,""state"":0,""max_aov_h"":90.0,""max_aov_v"":58.71550750732422,""min_aov_h"":1.40625,""min_aov_v"":0.7910428047180176,""max_zoom"":64.0}",10.9070243
28582323119300,gimbal,2834,"{""imu_roll"":0.0,""imu_pitch"":18.115819931030273,""imu_yaw"":3.3958394527435303,""frame_roll"":0.0,""frame_pitch"":18.115819931030273,""frame_yaw"":3.3958394527435303,""pitch_speed"":0.0,""yaw_speed"":0.0}",10.9078531
28582332679800,target_offset,748,"{""x_angle_offset"":-0.1875,""y_angle_offset"":-0.5436621065492984}",10.9174136
28582341549600,attitude,1365,"{""message_type"":""ATTITUDE"",""time_boot_ms"":130370,""roll"":0.06498555839061737,""pitch"":-0.3378295302391052,""yaw"":3.1322836875915527,""rollspeed"":0.007637304253876209,""pitchspeed"":-0.13763393461704254,""yawspeed"":0.0237716156989336}",10.9262834
28582343627400,fov,2835,"{""zoom"":1.0,""hfov"":90.0,""vfov"":58.71550750732422,""state"":0,""max_aov_h"":90.0,""max_aov_v"":58.71550750732422,""min_aov_h"":1.40625,""min_aov_v"":0.7910428047180176,""max_zoom"":64.0}",10.9283612
28582344044200,gimbal,2835,"{""imu_roll"":0.0,""imu_pitch"":18.015907287597656,""imu_yaw"":3.354273557662964,""frame_roll"":0.0,""frame_pitch"":18.015907287597656,""frame_yaw"":3.354273557662964,""pitch_speed"":0.0,""yaw_speed"":0.0}",10.928778
28582356639300,target_offset,749,"{""x_angle_offset"":-0.1875,""y_angle_offset"":-0.652394527859158}",10.9413731
28582367751400,fov,2836,"{""zoom"":1.0,""hfov"":90.0,""vfov"":58.71550750732422,""state"":0,""max_aov_h"":90.0,""max_aov_v"":58.71550750732422,""min_aov_h"":1.40625,""min_aov_v"":0.7910428047180176,""max_zoom"":64.0}",10.9524852
28582368190000,gimbal,2836,"{""imu_roll"":0.0,""imu_pitch"":17.918827056884766,""imu_yaw"":3.3188323974609375,""frame_roll"":0.0,""frame_pitch"":17.918827056884766,""frame_yaw"":3.3188323974609375,""pitch_speed"":0.0,""yaw_speed"":0.0}",10.9529238
28582376470700,vfr,685,"{""message_type"":""VFR_HUD"",""airspeed"":37.8538932800293,""alt"":149.86000061035156}",10.9612045
28582376730000,position,685,"{""message_type"":""GLOBAL_POSITION_INT"",""lat"":469490659,""lon"":393491133}",10.9614638
28582377060100,attitude,1366,"{""message_type"":""ATTITUDE"",""time_boot_ms"":130410,""roll"":0.06621362268924713,""pitch"":-0.34376928210258484,""yaw"":3.1324048042297363,""rollspeed"":0.00880703330039978,""pitchspeed"":-0.14095601439476013,""yawspeed"":0.020731279626488686}",10.9617939
28582378288400,target_offset,750,"{""x_angle_offset"":-0.1875,""y_angle_offset"":-0.652394527859158}",10.9630222
28582389463300,fov,2837,"{""zoom"":1.0,""hfov"":90.0,""vfov"":58.71550750732422,""state"":0,""max_aov_h"":90.0,""max_aov_v"":58.71550750732422,""min_aov_h"":1.40625,""min_aov_v"":0.7910428047180176,""max_zoom"":64.0}",10.9741971
28582390276400,gimbal,2837,"{""imu_roll"":0.0,""imu_pitch"":17.784500122070312,""imu_yaw"":3.2766709327697754,""frame_roll"":0.0,""frame_pitch"":17.784500122070312,""frame_yaw"":3.2766709327697754,""pitch_speed"":0.0,""yaw_speed"":0.0}",10.9750102
28582401195200,target_offset,751,"{""x_angle_offset"":-0.1875,""y_angle_offset"":-0.652394527859158}",10.985929
28582412016200,fov,2838,"{""zoom"":1.0,""hfov"":90.0,""vfov"":58.71550750732422,""state"":0,""max_aov_h"":90.0,""max_aov_v"":58.71550750732422,""min_aov_h"":1.40625,""min_aov_v"":0.7910428047180176,""max_zoom"":64.0}",10.99675
28582412225900,gimbal,2838,"{""imu_roll"":0.0,""imu_pitch"":17.667341232299805,""imu_yaw"":3.23848295211792,""frame_roll"":0.0,""frame_pitch"":17.667341232299805,""frame_yaw"":3.23848295211792,""pitch_speed"":0.0,""yaw_speed"":0.0}",10.9969597
28582428206000,attitude,1367,"{""message_type"":""ATTITUDE"",""time_boot_ms"":130470,""roll"":0.06821146607398987,""pitch"":-0.3527546525001526,""yaw"":3.132307291030884,""rollspeed"":0.009503993205726147,""pitchspeed"":-0.14191463589668274,""yawspeed"":0.016249286010861397}",11.0129398
28582432224800,target_offset,752,"{""x_angle_offset"":-0.1875,""y_angle_offset"":-0.652394527859158}",11.0169586
28582443231900,range,1317,"{""message_type"":""GLOBAL_VISION_POSITION_ESTIMATE"",""x"":46.947853088378906,""y"":39.349056243896484}",11.0279657
28582445804300,fov,2839,"{""zoom"":1.0,""hfov"":90.0,""vfov"":58.71550750732422,""state"":0,""max_aov_h"":90.0,""max_aov_v"":58.71550750732422,""min_aov_h"":1.40625,""min_aov_v"":0.7910428047180176,""max_zoom"":64.0}",11.0305381
28582446147500,gimbal,2839,"{""imu_roll"":0.0,""imu_pitch"":17.495820999145508,""imu_yaw"":3.1815128326416016,""frame_roll"":0.0,""frame_pitch"":17.495820999145508,""frame_yaw"":3.1815128326416016,""pitch_speed"":0.0,""yaw_speed"":0.0}",11.0308813
28582448088100,range,1318,"{""message_type"":""GLOBAL_VISION_POSITION_ESTIMATE"",""x"":46.947853088378906,""y"":39.349056243896484}",11.0328219
28582451534500,target_offset,753,"{""x_angle_offset"":-0.1875,""y_angle_offset"":-0.652394527859158}",11.0362683
28582461712500,fov,2840,"{""zoom"":1.0,""hfov"":90.0,""vfov"":58.71550750732422,""state"":0,""max_aov_h"":90.0,""max_aov_v"":58.71550750732422,""min_aov_h"":1.40625,""min_aov_v"":0.7910428047180176,""max_zoom"":64.0}",11.0464463
28582461992100,gimbal,2840,"{""imu_roll"":0.0,""imu_pitch"":17.391544342041016,""imu_yaw"":3.1477153301239014,""frame_roll"":0.0,""frame_pitch"":17.391544342041016,""frame_yaw"":3.1477153301239014,""pitch_speed"":0.0,""yaw_speed"":0.0}",11.0467259
28582468382300,vfr,686,"{""message_type"":""VFR_HUD"",""airspeed"":38.009666442871094,""alt"":148.38999938964844}",11.0531161
28582468614100,position,686,"{""message_type"":""GLOBAL_POSITION_INT"",""lat"":469489961,""lon"":393491138}",11.0533479
28582468968800,attitude,1368,"{""message_type"":""ATTITUDE"",""time_boot_ms"":130510,""roll"":0.06855657696723938,""pitch"":-0.3572046160697937,""yaw"":3.132364273071289,""rollspeed"":0.007785879075527191,""pitchspeed"":-0.14310047030448914,""yawspeed"":0.013296926394104958}",11.0537026
28582473048000,target_offset,754,"{""x_angle_offset"":-0.1875,""y_angle_offset"":-0.652394527859158}",11.0577818
28582483718100,fov,2841,"{""zoom"":1.0,""hfov"":90.0,""vfov"":58.71550750732422,""state"":0,""max_aov_h"":90.0,""max_aov_v"":58.71550750732422,""min_aov_h"":1.40625,""min_aov_v"":0.7910428047180176,""max_zoom"":64.0}",11.0684519
28582484936500,gimbal,2841,"{""imu_roll"":0.0,""imu_pitch"":17.25830078125,""imu_yaw"":3.107506513595581,""frame_roll"":0.0,""frame_pitch"":17.25830078125,""frame_yaw"":3.107506513595581,""pitch_speed"":0.0,""yaw_speed"":0.0}",11.0696703
28582496163200,target_offset,755,"{""x_angle_offset"":-0.09375,""y_angle_offset"":-0.652394527859158}",11.080897
28582507596500,fov,2842,"{""zoom"":1.0,""hfov"":90.0,""vfov"":58.71550750732422,""state"":0,""max_aov_h"":90.0,""max_aov_v"":58.71550750732422,""min_aov_h"":1.40625,""min_aov_v"":0.7910428047180176,""max_zoom"":64.0}",11.0923303
28582507976300,gimbal,2842,"{""imu_roll"":0.0,""imu_pitch"":17.144615173339844,""imu_yaw"":3.071932554244995,""frame_roll"":0.0,""frame_pitch"":17.144615173339844,""frame_yaw"":3.071932554244995,""pitch_speed"":0.0,""yaw_speed"":0.0}",11.0927101
28582519538400,target_offset,756,"{""x_angle_offset"":-0.09375,""y_angle_offset"":-0.652394527859158}",11.1042722
28582528701800,attitude,1369,"{""message_type"":""ATTITUDE"",""time_boot_ms"":130570,""roll"":0.06890687346458435,""pitch"":-0.3639782667160034,""yaw"":3.132211446762085,""rollspeed"":0.0023182304576039314,""pitchspeed"":-0.14559027552604675,""yawspeed"":0.00905548594892025}",11.1134356
28582530730300,fov,2843,"{""zoom"":1.0,""hfov"":90.0,""vfov"":58.71550750732422,""state"":0,""max_aov_h"":90.0,""max_aov_v"":58.71550750732422,""min_aov_h"":1.40625,""min_aov_v"":0.7910428047180176,""max_zoom"":64.0}",11.1154641
28582531645200,gimbal,2843,"{""imu_roll"":0.0,""imu_pitch"":17.023977279663086,""imu_yaw"":3.0577430725097656,""frame_roll"":0.0,""frame_pitch"":17.023977279663086,""frame_yaw"":3.0577430725097656,""pitch_speed"":0.0,""yaw_speed"":0.0}",11.116379
28582540113600,target_offset,757,"{""x_angle_offset"":-0.09375,""y_angle_offset"":-0.652394527859158}",11.1248474
28582554972100,fov,2844,"{""zoom"":1.0,""hfov"":90.0,""vfov"":58.71550750732422,""state"":0,""max_aov_h"":90.0,""max_aov_v"":58.71550750732422,""min_aov_h"":1.40625,""min_aov_v"":0.7910428047180176,""max_zoom"":64.0}",11.1397059
28582555346200,gimbal,2844,"{""imu_roll"":0.0,""imu_pitch"":16.90730857849121,""imu_yaw"":3.037994384765625,""frame_roll"":0.0,""frame_pitch"":16.90730857849121,""frame_yaw"":3.037994384765625,""pitch_speed"":0.0,""yaw_speed"":0.0}",11.14008
28582568838100,position,687,"{""message_type"":""GLOBAL_POSITION_INT"",""lat"":469489961,""lon"":393491138}",11.1535719
28582569329800,attitude,1370,"{""message_type"":""ATTITUDE"",""time_boot_ms"":130610,""roll"":0.06897038221359253,""pitch"":-0.3686372637748718,""yaw"":3.131941318511963,""rollspeed"":-0.002953952644020319,""pitchspeed"":-0.14944222569465637,""yawspeed"":0.006340110674500465}",11.1540636
28582569508700,vfr,687,"{""message_type"":""VFR_HUD"",""airspeed"":38.1640625,""alt"":146.84999084472656}",11.1542425
28582573803300,target_offset,758,"{""x_angle_offset"":-0.09375,""y_angle_offset"":-0.652394527859158}",11.1585371
28582587141700,fov,2845,"{""zoom"":1.0,""hfov"":90.0,""vfov"":58.71550750732422,""state"":0,""max_aov_h"":90.0,""max_aov_v"":58.71550750732422,""min_aov_h"":1.40625,""min_aov_v"":0.7910428047180176,""max_zoom"":64.0}",11.1718755
28582587695800,gimbal,2845,"{""imu_roll"":0.0,""imu_pitch"":16.764814376831055,""imu_yaw"":3.0136020183563232,""frame_roll"":0.0,""frame_pitch"":16.764814376831055,""frame_yaw"":3.0136020183563232,""pitch_speed"":0.0,""yaw_speed"":0.0}",11.1724296
28582589069500,target_offset,759,"{""x_angle_offset"":-0.09375,""y_angle_offset"":-0.652394527859158}",11.1738033
28582602363200,range,1319,"{""message_type"":""GLOBAL_VISION_POSITION_ESTIMATE"",""x"":46.947784423828125,""y"":39.34906005859375}",11.187097
28582602634900,range,1320,"{""message_type"":""GLOBAL_VISION_POSITION_ESTIMATE"",""x"":46.947784423828125,""y"":39.34906005859375}",11.1873687
28582605765600,fov,2846,"{""zoom"":1.0,""hfov"":90.0,""vfov"":58.71550750732422,""state"":0,""max_aov_h"":90.0,""max_aov_v"":58.71550750732422,""min_aov_h"":1.40625,""min_aov_v"":0.7910428047180176,""max_zoom"":64.0}",11.1904994
28582606515600,gimbal,2846,"{""imu_roll"":0.0,""imu_pitch"":16.662660598754883,""imu_yaw"":2.9962868690490723,""frame_roll"":0.0,""frame_pitch"":16.662660598754883,""frame_yaw"":2.9962868690490723,""pitch_speed"":0.0,""yaw_speed"":0.0}",11.1912494
28582610291300,target_offset,760,"{""x_angle_offset"":0.0,""y_angle_offset"":-0.652394527859158}",11.1950251
28582622967600,fov,2847,"{""zoom"":1.0,""hfov"":90.0,""vfov"":58.71550750732422,""state"":0,""max_aov_h"":90.0,""max_aov_v"":58.71550750732422,""min_aov_h"":1.40625,""min_aov_v"":0.7910428047180176,""max_zoom"":64.0}",11.2077014
28582623269200,gimbal,2847,"{""imu_roll"":0.0,""imu_pitch"":16.544950485229492,""imu_yaw"":2.976823329925537,""frame_roll"":0.0,""frame_pitch"":16.544950485229492,""frame_yaw"":2.976823329925537,""pitch_speed"":0.0,""yaw_speed"":0.0}",11.208003
28582631580500,target_offset,761,"{""x_angle_offset"":0.0,""y_angle_offset"":-0.652394527859158}",11.2163143
28582644491300,attitude,1371,"{""message_type"":""ATTITUDE"",""time_boot_ms"":130670,""roll"":0.06859778612852097,""pitch"":-0.3759691119194031,""yaw"":3.13130521774292,""rollspeed"":-0.01511133462190628,""pitchspeed"":-0.15695130825042725,""yawspeed"":0.0024839183315634727}",11.2292251
28582645733200,fov,2848,"{""zoom"":1.0,""hfov"":90.0,""vfov"":58.71550750732422,""state"":0,""max_aov_h"":90.0,""max_aov_v"":58.71550750732422,""min_aov_h"":1.40625,""min_aov_v"":0.7910428047180176,""max_zoom"":64.0}",11.230467
28582646223300,gimbal,2848,"{""imu_roll"":0.0,""imu_pitch"":16.42272186279297,""imu_yaw"":2.9809041023254395,""frame_roll"":0.0,""frame_pitch"":16.42272186279297,""frame_yaw"":2.9809041023254395,""pitch_speed"":0.0,""yaw_speed"":0.0}",11.2309571
28582652015900,target_offset,762,"{""x_angle_offset"":0.0,""y_angle_offset"":-0.652394527859158}",11.2367497
28582662302800,fov,2849,"{""zoom"":1.0,""hfov"":90.0,""vfov"":58.71550750732422,""state"":0,""max_aov_h"":90.0,""max_aov_v"":58.71550750732422,""min_aov_h"":1.40625,""min_aov_v"":0.7910428047180176,""max_zoom"":64.0}",11.2470366
28582662851400,gimbal,2849,"{""imu_roll"":0.0,""imu_pitch"":16.306304931640625,""imu_yaw"":2.9796969890594482,""frame_roll"":0.0,""frame_pitch"":16.306304931640625,""frame_yaw"":2.9796969890594482,""pitch_speed"":0.0,""yaw_speed"":0.0}",11.2475852
28582674382700,target_offset,763,"{""x_angle_offset"":0.0,""y_angle_offset"":-0.652394527859158}",11.2591165
28582685501500,attitude,1372,"{""message_type"":""ATTITUDE"",""time_boot_ms"":130710,""roll"":0.0674528256058693,""pitch"":-0.381695419549942,""yaw"":3.1309008598327637,""rollspeed"":-0.02600211650133133,""pitchspeed"":-0.16479790210723877,""yawspeed"":0.0001296335831284523}",11.2702353
28582685698000,vfr,688,"{""message_type"":""VFR_HUD"",""airspeed"":38.317325592041016,""alt"":145.27000427246094}",11.2704318
28582687355300,position,688,"{""message_type"":""GLOBAL_POSITION_INT"",""lat"":469489262,""lon"":393491153}",11.2720891
28582689784400,fov,2850,"{""zoom"":1.0,""hfov"":90.0,""vfov"":58.71550750732422,""state"":0,""max_aov_h"":90.0,""max_aov_v"":58.71550750732422,""min_aov_h"":1.40625,""min_aov_v"":0.7910428047180176,""max_zoom"":64.0}",11.2745182
28582690052000,gimbal,2850,"{""imu_roll"":0.0,""imu_pitch"":16.173192977905273,""imu_yaw"":2.9795114994049072,""frame_roll"":0.0,""frame_pitch"":16.173192977905273,""frame_yaw"":2.9795114994049072,""pitch_speed"":0.0,""yaw_speed"":0.0}",11.2747858
28582697706800,target_offset,764,"{""x_angle_offset"":0.09375,""y_angle_offset"":-0.652394527859158}",11.2824406
28582711109900,fov,2851,"{""zoom"":1.0,""hfov"":90.0,""vfov"":58.71550750732422,""state"":0,""max_aov_h"":90.0,""max_aov_v"":58.71550750732422,""min_aov_h"":1.40625,""min_aov_v"":0.7910428047180176,""max_zoom"":64.0}",11.2958437
28582711369500,gimbal,2851,"{""imu_roll"":0.0,""imu_pitch"":16.063861846923828,""imu_yaw"":2.978933095932007,""frame_roll"":0.0,""frame_pitch"":16.063861846923828,""frame_yaw"":2.978933095932007,""pitch_speed"":0.0,""yaw_speed"":0.0}",11.2961033
28582720183600,target_offset,765,"{""x_angle_offset"":0.09375,""y_angle_offset"":-0.652394527859158}",11.3049174
28582731785700,fov,2852,"{""zoom"":1.0,""hfov"":90.0,""vfov"":58.71550750732422,""state"":0,""max_aov_h"":90.0,""max_aov_v"":58.71550750732422,""min_aov_h"":1.40625,""min_aov_v"":0.7910428047180176,""max_zoom"":64.0}",11.3165195
28582732120000,gimbal,2852,"{""imu_roll"":0.0,""imu_pitch"":15.943541526794434,""imu_yaw"":2.9986748695373535,""frame_roll"":0.0,""frame_pitch"":15.943541526794434,""frame_yaw"":2.9986748695373535,""pitch_speed"":0.0,""yaw_speed"":0.0}",11.3168538
28582736922200,attitude,1373,"{""message_type"":""ATTITUDE"",""time_boot_ms"":130770,""roll"":0.06411952525377274,""pitch"":-0.3917817175388336,""yaw"":3.1303694248199463,""rollspeed"":-0.0470346100628376,""pitchspeed"":-0.17976941168308258,""yawspeed"":-0.0029929140582680702}",11.321656
28582739786000,target_offset,766,"{""x_angle_offset"":0.09375,""y_angle_offset"":-0.652394527859158}",11.3245198
28582746012000,range,1321,"{""message_type"":""GLOBAL_VISION_POSITION_ESTIMATE"",""x"":46.94770812988281,""y"":39.349056243896484}",11.3307458
28582753248800,fov,2853,"{""zoom"":1.0,""hfov"":90.0,""vfov"":58.71550750732422,""state"":0,""max_aov_h"":90.0,""max_aov_v"":58.71550750732422,""min_aov_h"":1.40625,""min_aov_v"":0.7910428047180176,""max_zoom"":64.0}",11.3379826
28582753562600,gimbal,2853,"{""imu_roll"":0.0,""imu_pitch"":15.83138370513916,""imu_yaw"":3.013730764389038,""frame_roll"":0.0,""frame_pitch"":15.83138370513916,""frame_yaw"":3.013730764389038,""pitch_speed"":0.0,""yaw_speed"":0.0}",11.3382964
28582757478400,range,1322,"{""message_type"":""GLOBAL_VISION_POSITION_ESTIMATE"",""x"":46.94770812988281,""y"":39.349056243896484}",11.3422122
28582760967400,target_offset,767,"{""x_angle_offset"":0.09375,""y_angle_offset"":-0.652394527859158}",11.3457012
28582771729100,fov,2854,"{""zoom"":1.0,""hfov"":90.0,""vfov"":58.71550750732422,""state"":0,""max_aov_h"":90.0,""max_aov_v"":58.71550750732422,""min_aov_h"":1.40625,""min_aov_v"":0.7910428047180176,""max_zoom"":64.0}",11.3564629
28582773401200,gimbal,2854,"{""imu_roll"":0.0,""imu_pitch"":15.712462425231934,""imu_yaw"":3.0305206775665283,""frame_roll"":0.0,""frame_pitch"":15.712462425231934,""frame_yaw"":3.0305206775665283,""pitch_speed"":0.0,""yaw_speed"":0.0}",11.358135
28582776231300,attitude,1374,"{""message_type"":""ATTITUDE"",""time_boot_ms"":130810,""roll"":0.06122169643640518,""pitch"":-0.3989674150943756,""yaw"":3.1299314498901367,""rollspeed"":-0.06115766987204552,""pitchspeed"":-0.18858924508094788,""yawspeed"":-0.004920097999274731}",11.3609651
28582776462000,vfr,689,"{""message_type"":""VFR_HUD"",""airspeed"":38.492374420166016,""alt"":143.59999084472656}",11.3611958
28582776677400,position,689,"{""message_type"":""GLOBAL_POSITION_INT"",""lat"":469489262,""lon"":393491153}",11.3614112
28582782098400,target_offset,768,"{""x_angle_offset"":0.09375,""y_angle_offset"":-0.652394527859158}",11.3668322
28582794531700,fov,2855,"{""zoom"":1.0,""hfov"":90.0,""vfov"":58.71550750732422,""state"":0,""max_aov_h"":90.0,""max_aov_v"":58.71550750732422,""min_aov_h"":1.40625,""min_aov_v"":0.7910428047180176,""max_zoom"":64.0}",11.3792655
28582795715100,gimbal,2855,"{""imu_roll"":0.0,""imu_pitch"":15.59011459350586,""imu_yaw"":3.0505659580230713,""frame_roll"":0.0,""frame_pitch"":15.59011459350586,""frame_yaw"":3.0505659580230713,""pitch_speed"":0.0,""yaw_speed"":0.0}",11.3804489
28582805230700,target_offset,769,"{""x_angle_offset"":0.0,""y_angle_offset"":-0.652394527859158}",11.3899645
28582817991000,fov,2856,"{""zoom"":1.0,""hfov"":90.0,""vfov"":58.71550750732422,""state"":0,""max_aov_h"":90.0,""max_aov_v"":58.71550750732422,""min_aov_h"":1.40625,""min_aov_v"":0.7910428047180176,""max_zoom"":64.0}",11.4027248
28582818283500,gimbal,2856,"{""imu_roll"":0.0,""imu_pitch"":15.477273941040039,""imu_yaw"":3.069741725921631,""frame_roll"":0.0,""frame_pitch"":15.477273941040039,""frame_yaw"":3.069741725921631,""pitch_speed"":0.0,""yaw_speed"":0.0}",11.4030173
28582826039900,target_offset,770,"{""x_angle_offset"":0.0,""y_angle_offset"":-0.652394527859158}",11.4107737
28582835838500,attitude,1375,"{""message_type"":""ATTITUDE"",""time_boot_ms"":130870,""roll"":0.05579964816570282,""pitch"":-0.4103463888168335,""yaw"":3.1291801929473877,""rollspeed"":-0.08412454277276993,""pitchspeed"":-0.20041397213935852,""yawspeed"":-0.007539774291217327}",11.4205723
28582838891600,fov,2857,"{""zoom"":1.0,""hfov"":90.0,""vfov"":58.71550750732422,""state"":0,""max_aov_h"":90.0,""max_aov_v"":58.71550750732422,""min_aov_h"":1.40625,""min_aov_v"":0.7910428047180176,""max_zoom"":64.0}",11.4236254
28582839250700,gimbal,2857,"{""imu_roll"":0.0,""imu_pitch"":15.356627464294434,""imu_yaw"":3.0666706562042236,""frame_roll"":0.0,""frame_pitch"":15.356627464294434,""frame_yaw"":3.0666706562042236,""pitch_speed"":0.0,""yaw_speed"":0.0}",11.4239845
28582846492100,target_offset,771,"{""x_angle_offset"":0.0,""y_angle_offset"":-0.7611269491690176}",11.4312259
28582857933800,fov,2858,"{""zoom"":1.0,""hfov"":90.0,""vfov"":58.71550750732422,""state"":0,""max_aov_h"":90.0,""max_aov_v"":58.71550750732422,""min_aov_h"":1.40625,""min_aov_v"":0.7910428047180176,""max_zoom"":64.0}",11.4426676
28582858252100,gimbal,2858,"{""imu_roll"":0.0,""imu_pitch"":15.242144584655762,""imu_yaw"":3.068601608276367,""frame_roll"":0.0,""frame_pitch"":15.242144584655762,""frame_yaw"":3.068601608276367,""pitch_speed"":0.0,""yaw_speed"":0.0}",11.4429859
28582867990900,target_offset,772,"{""x_angle_offset"":0.0,""y_angle_offset"":-0.7611269491690176}",11.4527247
28582875020200,vfr,690,"{""message_type"":""VFR_HUD"",""airspeed"":38.65958786010742,""alt"":141.88999938964844}",11.459754
28582875103100,position,690,"{""message_type"":""GLOBAL_POSITION_INT"",""lat"":469488581,""lon"":393491174}",11.4598369
28582875267300,attitude,1376,"{""message_type"":""ATTITUDE"",""time_boot_ms"":130910,""roll"":0.05141862481832504,""pitch"":-0.41826513409614563,""yaw"":3.128662109375,""rollspeed"":-0.09956370294094086,""pitchspeed"":-0.20610161125659943,""yawspeed"":-0.009077692404389381}",11.4600011
28582882822000,fov,2859,"{""zoom"":1.0,""hfov"":90.0,""vfov"":58.71550750732422,""state"":0,""max_aov_h"":90.0,""max_aov_v"":58.71550750732422,""min_aov_h"":1.40625,""min_aov_v"":0.7910428047180176,""max_zoom"":64.0}",11.4675558
28582883121300,gimbal,2859,"{""imu_roll"":0.0,""imu_pitch"":15.102581977844238,""imu_yaw"":3.0709362030029297,""frame_roll"":0.0,""frame_pitch"":15.102581977844238,""frame_yaw"":3.0709362030029297,""pitch_speed"":0.0,""yaw_speed"":0.0}",11.4678551
28582889760900,target_offset,773,"{""x_angle_offset"":0.0,""y_angle_offset"":-0.7611269491690176}",11.4744947
28582901871600,fov,2860,"{""zoom"":1.0,""hfov"":90.0,""vfov"":58.71550750732422,""state"":0,""max_aov_h"":90.0,""max_aov_v"":58.71550750732422,""min_aov_h"":1.40625,""min_aov_v"":0.7910428047180176,""max_zoom"":64.0}",11.4866054
28582902388800,gimbal,2860,"{""imu_roll"":0.0,""imu_pitch"":14.96751880645752,""imu_yaw"":3.073561668395996,""frame_roll"":0.0,""frame_pitch"":14.96751880645752,""frame_yaw"":3.073561668395996,""pitch_speed"":0.0,""yaw_speed"":0.0}",11.4871226
28582911453300,target_offset,774,"{""x_angle_offset"":0.0,""y_angle_offset"":-0.8698593704788773}",11.4961871
28582922481900,range,1323,"{""message_type"":""GLOBAL_VISION_POSITION_ESTIMATE"",""x"":46.947662353515625,""y"":39.34905242919922}",11.5072157
28582924970900,fov,2861,"{""zoom"":1.0,""hfov"":90.0,""vfov"":58.71550750732422,""state"":0,""max_aov_h"":90.0,""max_aov_v"":58.71550750732422,""min_aov_h"":1.40625,""min_aov_v"":0.7910428047180176,""max_zoom"":64.0}",11.5097047
28582925263700,gimbal,2861,"{""imu_roll"":0.0,""imu_pitch"":14.829761505126953,""imu_yaw"":3.0744435787200928,""frame_roll"":0.0,""frame_pitch"":14.829761505126953,""frame_yaw"":3.0744435787200928,""pitch_speed"":0.0,""yaw_speed"":0.0}",11.5099975
28582932792000,range,1324,"{""message_type"":""GLOBAL_VISION_POSITION_ESTIMATE"",""x"":46.947662353515625,""y"":39.34905242919922}",11.5175258
28582933261700,attitude,1377,"{""message_type"":""ATTITUDE"",""time_boot_ms"":130970,""roll"":0.04279649630188942,""pitch"":-0.4266529083251953,""yaw"":3.128371477127075,""rollspeed"":-0.11925525963306427,""pitchspeed"":-0.20361995697021484,""yawspeed"":-0.010533180087804794}",11.5179955
28582933746300,target_offset,775,"{""x_angle_offset"":0.0,""y_angle_offset"":-0.8698593704788773}",11.5184801
28582946830600,fov,2862,"{""zoom"":1.0,""hfov"":90.0,""vfov"":58.71550750732422,""state"":0,""max_aov_h"":90.0,""max_aov_v"":58.71550750732422,""min_aov_h"":1.40625,""min_aov_v"":0.7910428047180176,""max_zoom"":64.0}",11.5315644
28582947140400,gimbal,2862,"{""imu_roll"":0.0,""imu_pitch"":14.668517112731934,""imu_yaw"":3.0752005577087402,""frame_roll"":0.0,""frame_pitch"":14.668517112731934,""frame_yaw"":3.0752005577087402,""pitch_speed"":0.0,""yaw_speed"":0.0}",11.5318742
28582957675000,target_offset,776,"{""x_angle_offset"":-0.09375,""y_angle_offset"":-0.8698593704788773}",11.5424088
28582970943600,fov,2863,"{""zoom"":1.0,""hfov"":90.0,""vfov"":58.71550750732422,""state"":0,""max_aov_h"":90.0,""max_aov_v"":58.71550750732422,""min_aov_h"":1.40625,""min_aov_v"":0.7910428047180176,""max_zoom"":64.0}",11.5556774
28582971181400,gimbal,2863,"{""imu_roll"":0.0,""imu_pitch"":14.51620101928711,""imu_yaw"":3.0751190185546875,""frame_roll"":0.0,""frame_pitch"":14.51620101928711,""frame_yaw"":3.0751190185546875,""pitch_speed"":0.0,""yaw_speed"":0.0}",11.5559152
28582974911000,position,691,"{""message_type"":""GLOBAL_POSITION_INT"",""lat"":469488581,""lon"":393491174}",11.5596448
28582975597900,attitude,1378,"{""message_type"":""ATTITUDE"",""time_boot_ms"":131010,""roll"":0.036494672298431396,""pitch"":-0.4320579171180725,""yaw"":3.128203868865967,""rollspeed"":-0.1294177621603012,""pitchspeed"":-0.19905388355255127,""yawspeed"":-0.011890772730112076}",11.5603317
28582975864300,vfr,691,"{""message_type"":""VFR_HUD"",""airspeed"":38.84380340576172,""alt"":140.09999084472656}",11.5605981
28582977997600,target_offset,777,"{""x_angle_offset"":-0.09375,""y_angle_offset"":-0.978591791788737}",11.5627314
28582992171700,fov,2864,"{""zoom"":1.0,""hfov"":90.0,""vfov"":58.71550750732422,""state"":0,""max_aov_h"":90.0,""max_aov_v"":58.71550750732422,""min_aov_h"":1.40625,""min_aov_v"":0.7910428047180176,""max_zoom"":64.0}",11.5769055
28582992477200,gimbal,2864,"{""imu_roll"":0.0,""imu_pitch"":14.355049133300781,""imu_yaw"":3.057288885116577,""frame_roll"":0.0,""frame_pitch"":14.355049133300781,""frame_yaw"":3.057288885116577,""pitch_speed"":0.0,""yaw_speed"":0.0}",11.577211
28582999954600,target_offset,778,"{""x_angle_offset"":-0.09375,""y_angle_offset"":-0.978591791788737}",11.5846884
28583013286500,fov,2865,"{""zoom"":1.0,""hfov"":90.0,""vfov"":58.71550750732422,""state"":0,""max_aov_h"":90.0,""max_aov_v"":58.71550750732422,""min_aov_h"":1.40625,""min_aov_v"":0.7910428047180176,""max_zoom"":64.0}",11.5980203
28583014646800,gimbal,2865,"{""imu_roll"":0.0,""imu_pitch"":14.173322677612305,""imu_yaw"":3.0424535274505615,""frame_roll"":0.0,""frame_pitch"":14.173322677612305,""frame_yaw"":3.0424535274505615,""pitch_speed"":0.0,""yaw_speed"":0.0}",11.5993806
28583022011700,target_offset,779,"{""x_angle_offset"":-0.09375,""y_angle_offset"":-0.978591791788737}",11.6067455
28583034597900,fov,2866,"{""zoom"":1.0,""hfov"":90.0,""vfov"":58.71550750732422,""state"":0,""max_aov_h"":90.0,""max_aov_v"":58.71550750732422,""min_aov_h"":1.40625,""min_aov_v"":0.7910428047180176,""max_zoom"":64.0}",11.6193317
28583034897500,gimbal,2866,"{""imu_roll"":0.0,""imu_pitch"":14.000871658325195,""imu_yaw"":3.0254995822906494,""frame_roll"":0.0,""frame_pitch"":14.000871658325195,""frame_yaw"":3.0254995822906494,""pitch_speed"":0.0,""yaw_speed"":0.0}",11.6196313
28583041604700,target_offset,780,"{""x_angle_offset"":-0.09375,""y_angle_offset"":-1.0873242130985967}",11.6263385
28583054620300,attitude,1379,"{""message_type"":""ATTITUDE"",""time_boot_ms"":131070,""roll"":0.026467468589544296,""pitch"":-0.4397471845149994,""yaw"":3.127963066101074,""rollspeed"":-0.13928872346878052,""pitchspeed"":-0.19077882170677185,""yawspeed"":-0.013802286237478256}",11.6393541
28583056241200,fov,2867,"{""zoom"":1.0,""hfov"":90.0,""vfov"":58.71550750732422,""state"":0,""max_aov_h"":90.0,""max_aov_v"":58.71550750732422,""min_aov_h"":1.40625,""min_aov_v"":0.7910428047180176,""max_zoom"":64.0}",11.640975
28583056526300,gimbal,2867,"{""imu_roll"":0.0,""imu_pitch"":13.828753471374512,""imu_yaw"":3.0135064125061035,""frame_roll"":0.0,""frame_pitch"":13.828753471374512,""frame_yaw"":3.0135064125061035,""pitch_speed"":0.0,""yaw_speed"":0.0}",11.6412601
28583063026800,target_offset,781,"{""x_angle_offset"":-0.09375,""y_angle_offset"":-1.0873242130985967}",11.6477606
28583077177100,range,1325,"{""message_type"":""GLOBAL_VISION_POSITION_ESTIMATE"",""x"":46.94767379760742,""y"":39.34904098510742}",11.6619109
28583078323100,fov,2868,"{""zoom"":1.0,""hfov"":90.0,""vfov"":58.71550750732422,""state"":0,""max_aov_h"":90.0,""max_aov_v"":58.71550750732422,""min_aov_h"":1.40625,""min_aov_v"":0.7910428047180176,""max_zoom"":64.0}",11.6630569
28583079024800,gimbal,2868,"{""imu_roll"":0.0,""imu_pitch"":13.63489818572998,""imu_yaw"":2.998967170715332,""frame_roll"":0.0,""frame_pitch"":13.63489818572998,""frame_yaw"":2.998967170715332,""pitch_speed"":0.0,""yaw_speed"":0.0}",11.6637586
28583086190700,target_offset,782,"{""x_angle_offset"":-0.09375,""y_angle_offset"":-1.0873242130985967}",11.6709245
28583098212700,attitude,1380,"{""message_type"":""ATTITUDE"",""time_boot_ms"":131110,""roll"":0.019598571583628654,""pitch"":-0.4446878731250763,""yaw"":3.1278250217437744,""rollspeed"":-0.14127542078495026,""pitchspeed"":-0.1879255771636963,""yawspeed"":-0.015060951001942158}",11.6829465
28583098335600,vfr,692,"{""message_type"":""VFR_HUD"",""airspeed"":39.03923797607422,""alt"":138.239990234375}",11.6830694
28583098419300,position,692,"{""message_type"":""GLOBAL_POSITION_INT"",""lat"":469488581,""lon"":393491174}",11.6831531
28583098505300,range,1326,"{""message_type"":""GLOBAL_VISION_POSITION_ESTIMATE"",""x"":46.94767379760742,""y"":39.34904098510742}",11.6832391
28583100396400,fov,2869,"{""zoom"":1.0,""hfov"":90.0,""vfov"":58.71550750732422,""state"":0,""max_aov_h"":90.0,""max_aov_v"":58.71550750732422,""min_aov_h"":1.40625,""min_aov_v"":0.7910428047180176,""max_zoom"":64.0}",11.6851302
28583100616700,gimbal,2869,"{""imu_roll"":0.0,""imu_pitch"":13.437576293945312,""imu_yaw"":2.982297420501709,""frame_roll"":0.0,""frame_pitch"":13.437576293945312,""frame_yaw"":2.982297420501709,""pitch_speed"":0.0,""yaw_speed"":0.0}",11.6853505
28583105520400,target_offset,783,"{""x_angle_offset"":-0.09375,""y_angle_offset"":-1.0873242130985967}",11.6902542
28583119553900,fov,2870,"{""zoom"":1.0,""hfov"":90.0,""vfov"":58.71550750732422,""state"":0,""max_aov_h"":90.0,""max_aov_v"":58.71550750732422,""min_aov_h"":1.40625,""min_aov_v"":0.7910428047180176,""max_zoom"":64.0}",11.7042877
28583119855200,gimbal,2870,"{""imu_roll"":0.0,""imu_pitch"":13.249923706054688,""imu_yaw"":2.9696195125579834,""frame_roll"":0.0,""frame_pitch"":13.249923706054688,""frame_yaw"":2.9696195125579834,""pitch_speed"":0.0,""yaw_speed"":0.0}",11.704589
28583126186200,target_offset,784,"{""x_angle_offset"":-0.09375,""y_angle_offset"":-1.0873242130985967}",11.71092
28583141210400,fov,2871,"{""zoom"":1.0,""hfov"":90.0,""vfov"":58.71550750732422,""state"":0,""max_aov_h"":90.0,""max_aov_v"":58.71550750732422,""min_aov_h"":1.40625,""min_aov_v"":0.7910428047180176,""max_zoom"":64.0}",11.7259442
28583141456300,gimbal,2871,"{""imu_roll"":0.0,""imu_pitch"":13.05842113494873,""imu_yaw"":2.9555842876434326,""frame_roll"":0.0,""frame_pitch"":13.05842113494873,""frame_yaw"":2.9555842876434326,""pitch_speed"":0.0,""yaw_speed"":0.0}",11.7261901
28583147017300,target_offset,785,"{""x_angle_offset"":-0.09375,""y_angle_offset"":-1.0873242130985967}",11.7317511
28583156910600,attitude,1381,"{""message_type"":""ATTITUDE"",""time_boot_ms"":131170,""roll"":0.010498883202672005,""pitch"":-0.4556126594543457,""yaw"":3.1272740364074707,""rollspeed"":-0.13597725331783295,""pitchspeed"":-0.18837332725524902,""yawspeed"":-0.01739167422056198}",11.7416444
28583159647900,fov,2872,"{""zoom"":1.0,""hfov"":90.0,""vfov"":58.71550750732422,""state"":0,""max_aov_h"":90.0,""max_aov_v"":58.71550750732422,""min_aov_h"":1.40625,""min_aov_v"":0.7910428047180176,""max_zoom"":64.0}",11.7443817
28583160059800,gimbal,2872,"{""imu_roll"":0.0,""imu_pitch"":12.858224868774414,""imu_yaw"":2.93934965133667,""frame_roll"":0.0,""frame_pitch"":12.858224868774414,""frame_yaw"":2.93934965133667,""pitch_speed"":0.0,""yaw_speed"":0.0}",11.7447936
28583168619900,target_offset,786,"{""x_angle_offset"":-0.09375,""y_angle_offset"":-0.978591791788737}",11.7533537
28583181343400,fov,2873,"{""zoom"":1.0,""hfov"":90.0,""vfov"":58.71550750732422,""state"":0,""max_aov_h"":90.0,""max_aov_v"":58.71550750732422,""min_aov_h"":1.40625,""min_aov_v"":0.7910428047180176,""max_zoom"":64.0}",11.7660772
28583181744000,gimbal,2873,"{""imu_roll"":0.0,""imu_pitch"":12.661908149719238,""imu_yaw"":2.9276957511901855,""frame_roll"":0.0,""frame_pitch"":12.661908149719238,""frame_yaw"":2.9276957511901855,""pitch_speed"":0.0,""yaw_speed"":0.0}",11.7664778
28583190211100,target_offset,787,"{""x_angle_offset"":-0.09375,""y_angle_offset"":-0.978591791788737}",11.7749449
28583204778500,attitude,1382,"{""message_type"":""ATTITUDE"",""time_boot_ms"":131210,""roll"":0.005091441795229912,""pitch"":-0.46409738063812256,""yaw"":3.1268184185028076,""rollspeed"":-0.12799537181854248,""pitchspeed"":-0.18841560184955597,""yawspeed"":-0.018851518630981445}",11.7895123
28583204940600,vfr,693,"{""message_type"":""VFR_HUD"",""airspeed"":39.242366790771484,""alt"":136.2899932861328}",11.7896744
28583205538700,position,693,"{""message_type"":""GLOBAL_POSITION_INT"",""lat"":469487893,""lon"":393491190}",11.7902725
28583206136300,fov,2874,"{""zoom"":1.0,""hfov"":90.0,""vfov"":58.71550750732422,""state"":0,""max_aov_h"":90.0,""max_aov_v"":58.71550750732422,""min_aov_h"":1.40625,""min_aov_v"":0.7910428047180176,""max_zoom"":64.0}",11.7908701
28583206416500,gimbal,2874,"{""imu_roll"":0.0,""imu_pitch"":12.48960018157959,""imu_yaw"":2.913961887359619,""frame_roll"":0.0,""frame_pitch"":12.48960018157959,""frame_yaw"":2.913961887359619,""pitch_speed"":0.0,""yaw_speed"":0.0}",11.7911503
28583212326400,target_offset,788,"{""x_angle_offset"":-0.09375,""y_angle_offset"":-0.8698593704788773}",11.7970602
28583226146900,fov,2875,"{""zoom"":1.0,""hfov"":90.0,""vfov"":58.71550750732422,""state"":0,""max_aov_h"":90.0,""max_aov_v"":58.71550750732422,""min_aov_h"":1.40625,""min_aov_v"":0.7910428047180176,""max_zoom"":64.0}",11.8108807
28583226402200,gimbal,2875,"{""imu_roll"":0.0,""imu_pitch"":12.315455436706543,""imu_yaw"":2.898905038833618,""frame_roll"":0.0,""frame_pitch"":12.315455436706543,""frame_yaw"":2.898905038833618,""pitch_speed"":0.0,""yaw_speed"":0.0}",11.811136
28583228912100,range,1327,"{""message_type"":""GLOBAL_VISION_POSITION_ESTIMATE"",""x"":46.94762420654297,""y"":39.349037170410156}",11.8136459
28583232776600,target_offset,789,"{""x_angle_offset"":-0.09375,""y_angle_offset"":-0.8698593704788773}",11.8175104
28583241483200,range,1328,"{""message_type"":""GLOBAL_VISION_POSITION_ESTIMATE"",""x"":46.94762420654297,""y"":39.349037170410156}",11.826217
28583244322300,fov,2876,"{""zoom"":1.0,""hfov"":90.0,""vfov"":58.71550750732422,""state"":0,""max_aov_h"":90.0,""max_aov_v"":58.71550750732422,""min_aov_h"":1.40625,""min_aov_v"":0.7910428047180176,""max_zoom"":64.0}",11.8290561
28583244892100,gimbal,2876,"{""imu_roll"":0.0,""imu_pitch"":12.164487838745117,""imu_yaw"":2.8864829540252686,""frame_roll"":0.0,""frame_pitch"":12.164487838745117,""frame_yaw"":2.8864829540252686,""pitch_speed"":0.0,""yaw_speed"":0.0}",11.8296259
28583253335100,target_offset,790,"{""x_angle_offset"":-0.09375,""y_angle_offset"":-0.8698593704788773}",11.8380689
28583261616800,attitude,1383,"{""message_type"":""ATTITUDE"",""time_boot_ms"":131270,""roll"":-0.002015972277149558,""pitch"":-0.4766944646835327,""yaw"":3.126075029373169,""rollspeed"":-0.10657492280006409,""pitchspeed"":-0.18425975739955902,""yawspeed"":-0.021389298141002655}",11.8463506
28583264130800,fov,2877,"{""zoom"":1.0,""hfov"":90.0,""vfov"":58.71550750732422,""state"":0,""max_aov_h"":90.0,""max_aov_v"":58.71550750732422,""min_aov_h"":1.40625,""min_aov_v"":0.7910428047180176,""max_zoom"":64.0}",11.8488646
28583264551400,gimbal,2877,"{""imu_roll"":0.0,""imu_pitch"":12.002288818359375,""imu_yaw"":2.873206853866577,""frame_roll"":0.0,""frame_pitch"":12.002288818359375,""frame_yaw"":2.873206853866577,""pitch_speed"":0.0,""yaw_speed"":0.0}",11.8492852
28583276283800,target_offset,791,"{""x_angle_offset"":-0.09375,""y_angle_offset"":-0.8698593704788773}",11.8610176
28583288470400,fov,2878,"{""zoom"":1.0,""hfov"":90.0,""vfov"":58.71550750732422,""state"":0,""max_aov_h"":90.0,""max_aov_v"":58.71550750732422,""min_aov_h"":1.40625,""min_aov_v"":0.7910428047180176,""max_zoom"":64.0}",11.8732042
28583288893200,gimbal,2878,"{""imu_roll"":0.0,""imu_pitch"":11.856088638305664,""imu_yaw"":2.8621604442596436,""frame_roll"":0.0,""frame_pitch"":11.856088638305664,""frame_yaw"":2.8621604442596436,""pitch_speed"":0.0,""yaw_speed"":0.0}",11.873627
28583293972800,attitude,1384,"{""message_type"":""ATTITUDE"",""time_boot_ms"":131310,""roll"":-0.00591667415574193,""pitch"":-0.48473572731018066,""yaw"":3.1255388259887695,""rollspeed"":-0.08953621983528137,""pitchspeed"":-0.17477929592132568,""yawspeed"":-0.023167163133621216}",11.8787066
28583294133500,vfr,694,"{""message_type"":""VFR_HUD"",""airspeed"":39.45032501220703,""alt"":134.25999450683594}",11.8788673
28583294299200,position,694,"{""message_type"":""GLOBAL_POSITION_INT"",""lat"":469487893,""lon"":393491190}",11.879033
28583296107600,target_offset,792,"{""x_angle_offset"":-0.09375,""y_angle_offset"":-0.8698593704788773}",11.8808414
28583314158700,fov,2879,"{""zoom"":1.0,""hfov"":90.0,""vfov"":58.71550750732422,""state"":0,""max_aov_h"":90.0,""max_aov_v"":58.71550750732422,""min_aov_h"":1.40625,""min_aov_v"":0.7910428047180176,""max_zoom"":64.0}",11.8988925
28583314457700,gimbal,2879,"{""imu_roll"":0.0,""imu_pitch"":11.529624938964844,""imu_yaw"":2.8463428020477295,""frame_roll"":0.0,""frame_pitch"":11.529624938964844,""frame_yaw"":2.8463428020477295,""pitch_speed"":0.0,""yaw_speed"":0.0}",11.8991915
28583334339400,target_offset,793,"{""x_angle_offset"":-0.09375,""y_angle_offset"":-0.7611269491690176}",11.9190732
28583343642100,attitude,1385,"{""message_type"":""ATTITUDE"",""time_boot_ms"":131370,""roll"":-0.010842062532901764,""pitch"":-0.49503540992736816,""yaw"":3.124892473220825,""rollspeed"":-0.05914347991347313,""pitchspeed"":-0.1544281393289566,""yawspeed"":-0.02592141181230545}",11.9283759
28583347747000,fov,2880,"{""zoom"":1.0,""hfov"":90.0,""vfov"":58.71550750732422,""state"":0,""max_aov_h"":90.0,""max_aov_v"":58.71550750732422,""min_aov_h"":1.40625,""min_aov_v"":0.7910428047180176,""max_zoom"":64.0}",11.9324808
28583348006500,gimbal,2880,"{""imu_roll"":0.0,""imu_pitch"":11.408258438110352,""imu_yaw"":2.8490819931030273,""frame_roll"":0.0,""frame_pitch"":11.408258438110352,""frame_yaw"":2.8490819931030273,""pitch_speed"":0.0,""yaw_speed"":0.0}",11.9327403
28583354166500,target_offset,794,"{""x_angle_offset"":-0.09375,""y_angle_offset"":-0.8698593704788773}",11.9389003
28583367929300,fov,2881,"{""zoom"":1.0,""hfov"":90.0,""vfov"":58.71550750732422,""state"":0,""max_aov_h"":90.0,""max_aov_v"":58.71550750732422,""min_aov_h"":1.40625,""min_aov_v"":0.7910428047180176,""max_zoom"":64.0}",11.9526631
28583368221900,gimbal,2881,"{""imu_roll"":0.0,""imu_pitch"":11.280277252197266,""imu_yaw"":2.8352603912353516,""frame_roll"":0.0,""frame_pitch"":11.280277252197266,""frame_yaw"":2.8352603912353516,""pitch_speed"":0.0,""yaw_speed"":0.0}",11.9529557
28583377636800,target_offset,795,"{""x_angle_offset"":-0.09375,""y_angle_offset"":-0.8698593704788773}",11.9623706
28583386548700,vfr,695,"{""message_type"":""VFR_HUD"",""airspeed"":39.683349609375,""alt"":132.16000366210938}",11.9712825
28583386771400,position,695,"{""message_type"":""GLOBAL_POSITION_INT"",""lat"":469487217,""lon"":393491216}",11.9715052
28583387088700,attitude,1386,"{""message_type"":""ATTITUDE"",""time_boot_ms"":131410,""roll"":-0.013802573084831238,""pitch"":-0.5001882314682007,""yaw"":3.1247520446777344,""rollspeed"":-0.03696141764521599,""pitchspeed"":-0.14131870865821838,""yawspeed"":-0.02768278494477272}",11.9718225
28583387266200,range,1329,"{""message_type"":""GLOBAL_VISION_POSITION_ESTIMATE"",""x"":46.947601318359375,""y"":39.34904098510742}",11.972
28583389934200,fov,2882,"{""zoom"":1.0,""hfov"":90.0,""vfov"":58.71550750732422,""state"":0,""max_aov_h"":90.0,""max_aov_v"":58.71550750732422,""min_aov_h"":1.40625,""min_aov_v"":0.7910428047180176,""max_zoom"":64.0}",11.974668
28583390233700,gimbal,2882,"{""imu_roll"":0.0,""imu_pitch"":11.121002197265625,""imu_yaw"":2.8237850666046143,""frame_roll"":0.0,""frame_pitch"":11.121002197265625,""frame_yaw"":2.8237850666046143,""pitch_speed"":0.0,""yaw_speed"":0.0}",11.9749675
28583396188100,target_offset,796,"{""x_angle_offset"":0.0,""y_angle_offset"":-0.8698593704788773}",11.9809219
28583406898800,range,1330,"{""message_type"":""GLOBAL_VISION_POSITION_ESTIMATE"",""x"":46.947601318359375,""y"":39.34904098510742}",11.9916326
28583409551300,fov,2883,"{""zoom"":1.0,""hfov"":90.0,""vfov"":58.71550750732422,""state"":0,""max_aov_h"":90.0,""max_aov_v"":58.71550750732422,""min_aov_h"":1.40625,""min_aov_v"":0.7910428047180176,""max_zoom"":64.0}",11.9942851
28583409844900,gimbal,2883,"{""imu_roll"":0.0,""imu_pitch"":10.963580131530762,""imu_yaw"":2.8109664916992188,""frame_roll"":0.0,""frame_pitch"":10.963580131530762,""frame_yaw"":2.8109664916992188,""pitch_speed"":0.0,""yaw_speed"":0.0}",11.9945787
28583419213100,target_offset,797,"{""x_angle_offset"":0.0,""y_angle_offset"":-0.8698593704788773}",12.0039469
28583431784500,fov,2884,"{""zoom"":1.0,""hfov"":90.0,""vfov"":58.71550750732422,""state"":0,""max_aov_h"":90.0,""max_aov_v"":58.71550750732422,""min_aov_h"":1.40625,""min_aov_v"":0.7910428047180176,""max_zoom"":64.0}",12.0165183
28583432125600,gimbal,2884,"{""imu_roll"":0.0,""imu_pitch"":10.817911148071289,""imu_yaw"":2.818655252456665,""frame_roll"":0.0,""frame_pitch"":10.817911148071289,""frame_yaw"":2.818655252456665,""pitch_speed"":0.0,""yaw_speed"":0.0}",12.0168594
28583439214700,target_offset,798,"{""x_angle_offset"":0.0,""y_angle_offset"":-0.8698593704788773}",12.0239485
28583448976200,attitude,1387,"{""message_type"":""ATTITUDE"",""time_boot_ms"":131470,""roll"":-0.016475101932883263,""pitch"":-0.5069160461425781,""yaw"":3.1243977546691895,""rollspeed"":-0.0033379490487277508,""pitchspeed"":-0.1214747279882431,""yawspeed"":-0.030317481607198715}",12.03371
28583453731800,fov,2885,"{""zoom"":1.0,""hfov"":90.0,""vfov"":58.71550750732422,""state"":0,""max_aov_h"":90.0,""max_aov_v"":58.71550750732422,""min_aov_h"":1.40625,""min_aov_v"":0.7910428047180176,""max_zoom"":64.0}",12.0384656
28583454133900,gimbal,2885,"{""imu_roll"":0.0,""imu_pitch"":10.654781341552734,""imu_yaw"":2.821882486343384,""frame_roll"":0.0,""frame_pitch"":10.654781341552734,""frame_yaw"":2.821882486343384,""pitch_speed"":0.0,""yaw_speed"":0.0}",12.0388677
28583460511000,target_offset,799,"{""x_angle_offset"":0.09375,""y_angle_offset"":-0.8698593704788773}",12.0452448
28583473178500,fov,2886,"{""zoom"":1.0,""hfov"":90.0,""vfov"":58.71550750732422,""state"":0,""max_aov_h"":90.0,""max_aov_v"":58.71550750732422,""min_aov_h"":1.40625,""min_aov_v"":0.7910428047180176,""max_zoom"":64.0}",12.0579123
28583474322900,gimbal,2886,"{""imu_roll"":0.0,""imu_pitch"":10.50651741027832,""imu_yaw"":2.827967643737793,""frame_roll"":0.0,""frame_pitch"":10.50651741027832,""frame_yaw"":2.827967643737793,""pitch_speed"":0.0,""yaw_speed"":0.0}",12.0590567
28583477792800,vfr,696,"{""message_type"":""VFR_HUD"",""airspeed"":39.93312072753906,""alt"":129.95999145507812}",12.0625266
28583478012300,position,696,"{""message_type"":""GLOBAL_POSITION_INT"",""lat"":469487217,""lon"":393491216}",12.0627461
28583478413800,attitude,1388,"{""message_type"":""ATTITUDE"",""time_boot_ms"":131510,""roll"":-0.017143482342362404,""pitch"":-0.510832667350769,""yaw"":3.1240830421447754,""rollspeed"":0.01787406951189041,""pitchspeed"":-0.11108273267745972,""yawspeed"":-0.03186145797371864}",12.0631476
28583482088700,target_offset,800,"{""x_angle_offset"":0.09375,""y_angle_offset"":-0.8698593704788773}",12.0668225
28583496316400,fov,2887,"{""zoom"":1.0,""hfov"":90.0,""vfov"":58.71550750732422,""state"":0,""max_aov_h"":90.0,""max_aov_v"":58.71550750732422,""min_aov_h"":1.40625,""min_aov_v"":0.7910428047180176,""max_zoom"":64.0}",12.0810502
28583496686600,gimbal,2887,"{""imu_roll"":0.0,""imu_pitch"":10.350361824035645,""imu_yaw"":2.853189706802368,""frame_roll"":0.0,""frame_pitch"":10.350361824035645,""frame_yaw"":2.853189706802368,""pitch_speed"":0.0,""yaw_speed"":0.0}",12.0814204
28583502305800,target_offset,801,"{""x_angle_offset"":0.09375,""y_angle_offset"":-0.8698593704788773}",12.0870396
28583515490400,fov,2888,"{""zoom"":1.0,""hfov"":90.0,""vfov"":58.71550750732422,""state"":0,""max_aov_h"":90.0,""max_aov_v"":58.71550750732422,""min_aov_h"":1.40625,""min_aov_v"":0.7910428047180176,""max_zoom"":64.0}",12.1002242
28583515766900,gimbal,2888,"{""imu_roll"":0.0,""imu_pitch"":10.198158264160156,""imu_yaw"":2.8717808723449707,""frame_roll"":0.0,""frame_pitch"":10.198158264160156,""frame_yaw"":2.8717808723449707,""pitch_speed"":0.0,""yaw_speed"":0.0}",12.1005007
28583522108500,target_offset,802,"{""x_angle_offset"":0.1875,""y_angle_offset"":-0.7611269491690176}",12.1068423
28583535309000,fov,2889,"{""zoom"":1.0,""hfov"":90.0,""vfov"":58.71550750732422,""state"":0,""max_aov_h"":90.0,""max_aov_v"":58.71550750732422,""min_aov_h"":1.40625,""min_aov_v"":0.7910428047180176,""max_zoom"":64.0}",12.1200428
28583536014300,gimbal,2889,"{""imu_roll"":0.0,""imu_pitch"":10.048929214477539,""imu_yaw"":2.8943090438842773,""frame_roll"":0.0,""frame_pitch"":10.048929214477539,""frame_yaw"":2.8943090438842773,""pitch_speed"":0.0,""yaw_speed"":0.0}",12.1207481
28583545396900,attitude,1389,"{""message_type"":""ATTITUDE"",""time_boot_ms"":131570,""roll"":-0.01638948731124401,""pitch"":-0.5161625146865845,""yaw"":3.123471260070801,""rollspeed"":0.05188313126564026,""pitchspeed"":-0.10209804773330688,""yawspeed"":-0.03419436514377594}",12.1301307
28583546603500,target_offset,803,"{""x_angle_offset"":0.1875,""y_angle_offset"":-0.7611269491690176}",12.1313373
28583564799900,range,1331,"{""message_type"":""GLOBAL_VISION_POSITION_ESTIMATE"",""x"":46.94760513305664,""y"":39.349037170410156}",12.1495337
28583569208000,fov,2890,"{""zoom"":1.0,""hfov"":90.0,""vfov"":58.71550750732422,""state"":0,""max_aov_h"":90.0,""max_aov_v"":58.71550750732422,""min_aov_h"":1.40625,""min_aov_v"":0.7910428047180176,""max_zoom"":64.0}",12.1539418
28583571885400,gimbal,2890,"{""imu_roll"":0.0,""imu_pitch"":9.923141479492188,""imu_yaw"":2.935462713241577,""frame_roll"":0.0,""frame_pitch"":9.923141479492188,""frame_yaw"":2.935462713241577,""pitch_speed"":0.0,""yaw_speed"":0.0}",12.1566192
28583577116500,fov,2891,"{""zoom"":1.0,""hfov"":90.0,""vfov"":58.71550750732422,""state"":0,""max_aov_h"":90.0,""max_aov_v"":58.71550750732422,""min_aov_h"":1.40625,""min_aov_v"":0.7910428047180176,""max_zoom"":64.0}",12.1618503
28583577957200,gimbal,2891,"{""imu_roll"":0.0,""imu_pitch"":9.750373840332031,""imu_yaw"":2.9817652702331543,""frame_roll"":0.0,""frame_pitch"":9.750373840332031,""frame_yaw"":2.9817652702331543,""pitch_speed"":0.0,""yaw_speed"":0.0}",12.162691
28583580125100,target_offset,804,"{""x_angle_offset"":0.28125,""y_angle_offset"":-0.652394527859158}",12.1648589
28583596750800,range,1332,"{""message_type"":""GLOBAL_VISION_POSITION_ESTIMATE"",""x"":46.94760513305664,""y"":39.349037170410156}",12.1814846
28583602545300,fov,2892,"{""zoom"":1.0,""hfov"":90.0,""vfov"":58.71550750732422,""state"":0,""max_aov_h"":90.0,""max_aov_v"":58.71550750732422,""min_aov_h"":1.40625,""min_aov_v"":0.7910428047180176,""max_zoom"":64.0}",12.1872791
28583603881500,gimbal,2892,"{""imu_roll"":0.0,""imu_pitch"":9.643450736999512,""imu_yaw"":3.0142478942871094,""frame_roll"":0.0,""frame_pitch"":9.643450736999512,""frame_yaw"":3.0142478942871094,""pitch_speed"":0.0,""yaw_speed"":0.0}",12.1886153
28583605953300,target_offset,805,"{""x_angle_offset"":0.28125,""y_angle_offset"":-0.652394527859158}",12.1906871
28583630171400,fov,2893,"{""zoom"":1.0,""hfov"":90.0,""vfov"":58.71550750732422,""state"":0,""max_aov_h"":90.0,""max_aov_v"":58.71550750732422,""min_aov_h"":1.40625,""min_aov_v"":0.7910428047180176,""max_zoom"":64.0}",12.2149052
28583631761200,gimbal,2893,"{""imu_roll"":0.0,""imu_pitch"":9.515113830566406,""imu_yaw"":3.074091911315918,""frame_roll"":0.0,""frame_pitch"":9.515113830566406,""frame_yaw"":3.074091911315918,""pitch_speed"":0.0,""yaw_speed"":0.0}",12.216495
28583633170800,target_offset,806,"{""x_angle_offset"":0.28125,""y_angle_offset"":-0.5436621065492984}",12.2179046
28583647946800,position,697,"{""message_type"":""GLOBAL_POSITION_INT"",""lat"":469486527,""lon"":393491239}",12.2326806
28583649381500,attitude,1390,"{""message_type"":""ATTITUDE"",""time_boot_ms"":131610,""roll"":-0.012857799418270588,""pitch"":-0.5250259637832642,""yaw"":3.1220715045928955,""rollspeed"":0.07241295278072357,""pitchspeed"":-0.09980464726686478,""yawspeed"":-0.03561705723404884}",12.2341153
28583650214400,vfr,697,"{""message_type"":""VFR_HUD"",""airspeed"":40.19401550292969,""alt"":127.68999481201172}",12.2349482
28583651138400,fov,2894,"{""zoom"":1.0,""hfov"":90.0,""vfov"":58.71550750732422,""state"":0,""max_aov_h"":90.0,""max_aov_v"":58.71550750732422,""min_aov_h"":1.40625,""min_aov_v"":0.7910428047180176,""max_zoom"":64.0}",12.2358722
28583651408200,gimbal,2894,"{""imu_roll"":0.0,""imu_pitch"":9.401552200317383,""imu_yaw"":3.1220431327819824,""frame_roll"":0.0,""frame_pitch"":9.401552200317383,""frame_yaw"":3.1220431327819824,""pitch_speed"":0.0,""yaw_speed"":0.0}",12.236142
28583658914200,fov,2895,"{""zoom"":1.0,""hfov"":90.0,""vfov"":58.71550750732422,""state"":0,""max_aov_h"":90.0,""max_aov_v"":58.71550750732422,""min_aov_h"":1.40625,""min_aov_v"":0.7910428047180176,""max_zoom"":64.0}",12.243648
28583660257700,gimbal,2895,"{""imu_roll"":0.0,""imu_pitch"":9.313252449035645,""imu_yaw"":3.170825958251953,""frame_roll"":0.0,""frame_pitch"":9.313252449035645,""frame_yaw"":3.170825958251953,""pitch_speed"":0.0,""yaw_speed"":0.0}",12.2449915
28583662006700,target_offset,807,"{""x_angle_offset"":0.28125,""y_angle_offset"":-0.5436621065492984}",12.2467405
28583681036200,target_offset,808,"{""x_angle_offset"":0.28125,""y_angle_offset"":-0.326197263929579}",12.26577
28583698609500,fov,2896,"{""zoom"":1.0,""hfov"":90.0,""vfov"":58.71550750732422,""state"":0,""max_aov_h"":90.0,""max_aov_v"":58.71550750732422,""min_aov_h"":1.40625,""min_aov_v"":0.7910428047180176,""max_zoom"":64.0}",12.2833433
28583700798100,gimbal,2896,"{""imu_roll"":0.0,""imu_pitch"":9.198728561401367,""imu_yaw"":3.2380099296569824,""frame_roll"":0.0,""frame_pitch"":9.198728561401367,""frame_yaw"":3.2380099296569824,""pitch_speed"":0.0,""yaw_speed"":0.0}",12.2855319
28583711349600,range,1333,"{""message_type"":""GLOBAL_VISION_POSITION_ESTIMATE"",""x"":46.947540283203125,""y"":39.34903335571289}",12.2960834
28583712290500,fov,2897,"{""zoom"":1.0,""hfov"":90.0,""vfov"":58.71550750732422,""state"":0,""max_aov_h"":90.0,""max_aov_v"":58.71550750732422,""min_aov_h"":1.40625,""min_aov_v"":0.7910428047180176,""max_zoom"":64.0}",12.2970243
28583712976200,gimbal,2897,"{""imu_roll"":0.0,""imu_pitch"":9.140205383300781,""imu_yaw"":3.309722900390625,""frame_roll"":0.0,""frame_pitch"":9.140205383300781,""frame_yaw"":3.309722900390625,""pitch_speed"":0.0,""yaw_speed"":0.0}",12.29771
28583716097600,target_offset,809,"{""x_angle_offset"":0.28125,""y_angle_offset"":-0.21746484261971932}",12.3008314
28583735943900,fov,2898,"{""zoom"":1.0,""hfov"":90.0,""vfov"":58.71550750732422,""state"":0,""max_aov_h"":90.0,""max_aov_v"":58.71550750732422,""min_aov_h"":1.40625,""min_aov_v"":0.7910428047180176,""max_zoom"":64.0}",12.3206777
28583736430800,gimbal,2898,"{""imu_roll"":0.0,""imu_pitch"":9.108963966369629,""imu_yaw"":3.3504602909088135,""frame_roll"":0.0,""frame_pitch"":9.108963966369629,""frame_yaw"":3.3504602909088135,""pitch_speed"":0.0,""yaw_speed"":0.0}",12.3211646
28583740025700,target_offset,810,"{""x_angle_offset"":0.28125,""y_angle_offset"":-0.21746484261971932}",12.3247595
28583758568200,attitude,1391,"{""message_type"":""ATTITUDE"",""time_boot_ms"":131670,""roll"":-0.006288629025220871,""pitch"":-0.5379806160926819,""yaw"":3.1197891235351562,""rollspeed"":0.0933871790766716,""pitchspeed"":-0.0916530191898346,""yawspeed"":-0.036474380642175674}",12.343302
28583759668000,range,1334,"{""message_type"":""GLOBAL_VISION_POSITION_ESTIMATE"",""x"":46.947540283203125,""y"":39.34903335571289}",12.3444018
28583764606900,gimbal,2899,"{""imu_roll"":0.0,""imu_pitch"":9.065289497375488,""imu_yaw"":3.408327102661133,""frame_roll"":0.0,""frame_pitch"":9.065289497375488,""frame_yaw"":3.408327102661133,""pitch_speed"":0.0,""yaw_speed"":0.0}",12.3493407
28583765382600,fov,2899,"{""zoom"":1.0,""hfov"":90.0,""vfov"":58.71550750732422,""state"":0,""max_aov_h"":90.0,""max_aov_v"":58.71550750732422,""min_aov_h"":1.40625,""min_aov_v"":0.7910428047180176,""max_zoom"":64.0}",12.3501164
28583767843200,target_offset,811,"{""x_angle_offset"":0.28125,""y_angle_offset"":-0.10873242130985966}",12.352577
28583791078200,fov,2900,"{""zoom"":1.0,""hfov"":90.0,""vfov"":58.71550750732422,""state"":0,""max_aov_h"":90.0,""max_aov_v"":58.71550750732422,""min_aov_h"":1.40625,""min_aov_v"":0.7910428047180176,""max_zoom"":64.0}",12.375812
28583794232700,gimbal,2900,"{""imu_roll"":0.0,""imu_pitch"":9.025120735168457,""imu_yaw"":3.458510160446167,""frame_roll"":0.0,""frame_pitch"":9.025120735168457,""frame_yaw"":3.458510160446167,""pitch_speed"":0.0,""yaw_speed"":0.0}",12.3789665
28583797545800,target_offset,812,"{""x_angle_offset"":0.28125,""y_angle_offset"":-0.10873242130985966}",12.3822796
28583822392700,fov,2901,"{""zoom"":1.0,""hfov"":90.0,""vfov"":58.71550750732422,""state"":0,""max_aov_h"":90.0,""max_aov_v"":58.71550750732422,""min_aov_h"":1.40625,""min_aov_v"":0.7910428047180176,""max_zoom"":64.0}",12.4071265
28583822983400,gimbal,2901,"{""imu_roll"":0.0,""imu_pitch"":9.006622314453125,""imu_yaw"":3.5100255012512207,""frame_roll"":0.0,""frame_pitch"":9.006622314453125,""frame_yaw"":3.5100255012512207,""pitch_speed"":0.0,""yaw_speed"":0.0}",12.4077172
28583824874700,fov,2902,"{""zoom"":1.0,""hfov"":90.0,""vfov"":58.71550750732422,""state"":0,""max_aov_h"":90.0,""max_aov_v"":58.71550750732422,""min_aov_h"":1.40625,""min_aov_v"":0.7910428047180176,""max_zoom"":64.0}",12.4096085
28583825461700,gimbal,2902,"{""imu_roll"":0.0,""imu_pitch"":8.992424011230469,""imu_yaw"":3.554952621459961,""frame_roll"":0.0,""frame_pitch"":8.992424011230469,""frame_yaw"":3.554952621459961,""pitch_speed"":0.0,""yaw_speed"":0.0}",12.4101955
28583826410300,target_offset,813,"{""x_angle_offset"":0.28125,""y_angle_offset"":-0.10873242130985966}",12.4111441
28583850442900,fov,2903,"{""zoom"":1.0,""hfov"":90.0,""vfov"":58.71550750732422,""state"":0,""max_aov_h"":90.0,""max_aov_v"":58.71550750732422,""min_aov_h"":1.40625,""min_aov_v"":0.7910428047180176,""max_zoom"":64.0}",12.4351767
28583850769700,gimbal,2903,"{""imu_roll"":0.0,""imu_pitch"":8.9713773727417,""imu_yaw"":3.5996334552764893,""frame_roll"":0.0,""frame_pitch"":8.9713773727417,""frame_yaw"":3.5996334552764893,""pitch_speed"":0.0,""yaw_speed"":0.0}",12.4355035
28583851610100,target_offset,814,"{""x_angle_offset"":0.28125,""y_angle_offset"":-0.10873242130985966}",12.4363439
28583864106300,attitude,1392,"{""message_type"":""ATTITUDE"",""time_boot_ms"":131710,""roll"":-0.001311559695750475,""pitch"":-0.5461743474006653,""yaw"":3.1181883811950684,""rollspeed"":0.10277988016605377,""pitchspeed"":-0.08137310296297073,""yawspeed"":-0.03623634949326515}",12.4488401
28583864373400,vfr,698,"{""message_type"":""VFR_HUD"",""airspeed"":40.46204376220703,""alt"":125.3499984741211}",12.4491072
28583864761800,position,698,"{""message_type"":""GLOBAL_POSITION_INT"",""lat"":469486527,""lon"":393491239}",12.4494956
28583868033800,range,1335,"{""message_type"":""GLOBAL_VISION_POSITION_ESTIMATE"",""x"":46.94757843017578,""y"":39.34903335571289}",12.4527676
28583868807100,target_offset,815,"{""x_angle_offset"":0.28125,""y_angle_offset"":0.0}",12.4535409
28583881739400,range,1336,"{""message_type"":""GLOBAL_VISION_POSITION_ESTIMATE"",""x"":46.94757843017578,""y"":39.34903335571289}",12.4664732
28583882187500,fov,2904,"{""zoom"":1.0,""hfov"":90.0,""vfov"":58.71550750732422,""state"":0,""max_aov_h"":90.0,""max_aov_v"":58.71550750732422,""min_aov_h"":1.40625,""min_aov_v"":0.7910428047180176,""max_zoom"":64.0}",12.4669213
28583882508700,gimbal,2904,"{""imu_roll"":0.0,""imu_pitch"":8.954116821289062,""imu_yaw"":3.636868476867676,""frame_roll"":0.0,""frame_pitch"":8.954116821289062,""frame_yaw"":3.636868476867676,""pitch_speed"":0.0,""yaw_speed"":0.0}",12.4672425
28583883255200,fov,2905,"{""zoom"":1.0,""hfov"":90.0,""vfov"":58.71550750732422,""state"":0,""max_aov_h"":90.0,""max_aov_v"":58.71550750732422,""min_aov_h"":1.40625,""min_aov_v"":0.7910428047180176,""max_zoom"":64.0}",12.467989
28583883500700,gimbal,2905,"{""imu_roll"":0.0,""imu_pitch"":8.939136505126953,""imu_yaw"":3.6800076961517334,""frame_roll"":0.0,""frame_pitch"":8.939136505126953,""frame_yaw"":3.6800076961517334,""pitch_speed"":0.0,""yaw_speed"":0.0}",12.4682345
28583885171400,target_offset,816,"{""x_angle_offset"":0.28125,""y_angle_offset"":0.0}",12.4699052
28583900644500,target_offset,817,"{""x_angle_offset"":0.28125,""y_angle_offset"":0.0}",12.4853783
28583914441300,fov,2906,"{""zoom"":1.0,""hfov"":90.0,""vfov"":58.71550750732422,""state"":0,""max_aov_h"":90.0,""max_aov_v"":58.71550750732422,""min_aov_h"":1.40625,""min_aov_v"":0.7910428047180176,""max_zoom"":64.0}",12.4991751
28583915149100,gimbal,2906,"{""imu_roll"":0.0,""imu_pitch"":8.9447021484375,""imu_yaw"":3.7281851768493652,""frame_roll"":0.0,""frame_pitch"":8.9447021484375,""frame_yaw"":3.7281851768493652,""pitch_speed"":0.0,""yaw_speed"":0.0}",12.4998829
28583915889200,target_offset,818,"{""x_angle_offset"":0.28125,""y_angle_offset"":0.0}",12.500623
28583929883600,attitude,1393,"{""message_type"":""ATTITUDE"",""time_boot_ms"":131770,""roll"":0.006466193124651909,""pitch"":-0.5573747158050537,""yaw"":3.1157422065734863,""rollspeed"":0.1049564853310585,""pitchspeed"":-0.05815013125538826,""yawspeed"":-0.03454100340604782}",12.5146174
28583933410800,fov,2907,"{""zoom"":1.0,""hfov"":90.0,""vfov"":58.71550750732422,""state"":0,""max_aov_h"":90.0,""max_aov_v"":58.71550750732422,""min_aov_h"":1.40625,""min_aov_v"":0.7910428047180176,""max_zoom"":64.0}",12.5181446
28583933701500,gimbal,2907,"{""imu_roll"":0.0,""imu_pitch"":8.944314002990723,""imu_yaw"":3.776796817779541,""frame_roll"":0.0,""frame_pitch"":8.944314002990723,""frame_yaw"":3.776796817779541,""pitch_speed"":0.0,""yaw_speed"":0.0}",12.5184353
28583934189500,target_offset,819,"{""x_angle_offset"":0.28125,""y_angle_offset"":0.0}",12.5189233
28583945306900,fov,2908,"{""zoom"":1.0,""hfov"":90.0,""vfov"":58.71550750732422,""state"":0,""max_aov_h"":90.0,""max_aov_v"":58.71550750732422,""min_aov_h"":1.40625,""min_aov_v"":0.7910428047180176,""max_zoom"":64.0}",12.5300407
28583945569900,gimbal,2908,"{""imu_roll"":0.0,""imu_pitch"":8.939305305480957,""imu_yaw"":3.823383092880249,""frame_roll"":0.0,""frame_pitch"":8.939305305480957,""frame_yaw"":3.823383092880249,""pitch_speed"":0.0,""yaw_speed"":0.0}",12.5303037
28583946283500,target_offset,820,"{""x_angle_offset"":0.1875,""y_angle_offset"":0.0}",12.5310173
28583962106700,target_offset,821,"{""x_angle_offset"":0.28125,""y_angle_offset"":0.0}",12.5468405
28583974735100,attitude,1394,"{""message_type"":""ATTITUDE"",""time_boot_ms"":131810,""roll"":0.009412751533091068,""pitch"":-0.5595824718475342,""yaw"":3.115269660949707,""rollspeed"":0.09824176132678986,""pitchspeed"":-0.04147174209356308,""yawspeed"":-0.03274715691804886}",12.5594689
28583974973700,vfr,699,"{""message_type"":""VFR_HUD"",""airspeed"":40.734352111816406,""alt"":122.94999694824219}",12.5597075
28583975225800,fov,2909,"{""zoom"":1.0,""hfov"":90.0,""vfov"":58.71550750732422,""state"":0,""max_aov_h"":90.0,""max_aov_v"":58.71550750732422,""min_aov_h"":1.40625,""min_aov_v"":0.7910428047180176,""max_zoom"":64.0}",12.5599596
28583975368900,position,699,"{""message_type"":""GLOBAL_POSITION_INT"",""lat"":469485875,""lon"":393491292}",12.5601027
28583975743700,gimbal,2909,"{""imu_roll"":0.0,""imu_pitch"":8.935441970825195,""imu_yaw"":3.8683085441589355,""frame_roll"":0.0,""frame_pitch"":8.935441970825195,""frame_yaw"":3.8683085441589355,""pitch_speed"":0.0,""yaw_speed"":0.0}",12.5604775
28583981311400,target_offset,822,"{""x_angle_offset"":0.28125,""y_angle_offset"":-0.10873242130985966}",12.5660452
28583993185600,fov,2910,"{""zoom"":1.0,""hfov"":90.0,""vfov"":58.71550750732422,""state"":0,""max_aov_h"":90.0,""max_aov_v"":58.71550750732422,""min_aov_h"":1.40625,""min_aov_v"":0.7910428047180176,""max_zoom"":64.0}",12.5779194
28583993584400,gimbal,2910,"{""imu_roll"":0.0,""imu_pitch"":8.932414054870605,""imu_yaw"":3.9237380027770996,""frame_roll"":0.0,""frame_pitch"":8.932414054870605,""frame_yaw"":3.9237380027770996,""pitch_speed"":0.0,""yaw_speed"":0.0}",12.5783182
28584001990900,target_offset,823,"{""x_angle_offset"":0.28125,""y_angle_offset"":-0.10873242130985966}",12.5867247
28584016027900,fov,2911,"{""zoom"":1.0,""hfov"":90.0,""vfov"":58.71550750732422,""state"":0,""max_aov_h"":90.0,""max_aov_v"":58.71550750732422,""min_aov_h"":1.40625,""min_aov_v"":0.7910428047180176,""max_zoom"":64.0}",12.6007617
28584016263000,gimbal,2911,"{""imu_roll"":0.0,""imu_pitch"":8.906824111938477,""imu_yaw"":3.9760003089904785,""frame_roll"":0.0,""frame_pitch"":8.906824111938477,""frame_yaw"":3.9760003089904785,""pitch_speed"":0.0,""yaw_speed"":0.0}",12.6009968
28584024109400,target_offset,824,"{""x_angle_offset"":0.28125,""y_angle_offset"":-0.10873242130985966}",12.6088432
28584035061800,attitude,1395,"{""message_type"":""ATTITUDE"",""time_boot_ms"":131870,""roll"":0.009949267841875553,""pitch"":-0.5553582906723022,""yaw"":3.1164276599884033,""rollspeed"":0.08172386884689331,""pitchspeed"":-0.027331136167049408,""yawspeed"":-0.03004056215286255}",12.6197956
28584037500800,range,1337,"{""message_type"":""GLOBAL_VISION_POSITION_ESTIMATE"",""x"":46.94818115234375,""y"":39.349090576171875}",12.6222346
28584038191100,fov,2912,"{""zoom"":1.0,""hfov"":90.0,""vfov"":58.71550750732422,""state"":0,""max_aov_h"":90.0,""max_aov_v"":58.71550750732422,""min_aov_h"":1.40625,""min_aov_v"":0.7910428047180176,""max_zoom"":64.0}",12.6229249
28584038467000,gimbal,2912,"{""imu_roll"":0.0,""imu_pitch"":8.888059616088867,""imu_yaw"":4.0269856452941895,""frame_roll"":0.0,""frame_pitch"":8.888059616088867,""frame_yaw"":4.0269856452941895,""pitch_speed"":0.0,""yaw_speed"":0.0}",12.6232008
28584046219900,target_offset,825,"{""x_angle_offset"":0.28125,""y_angle_offset"":-0.10873242130985966}",12.6309537
28584057315400,range,1338,"{""message_type"":""GLOBAL_VISION_POSITION_ESTIMATE"",""x"":46.94818115234375,""y"":39.349090576171875}",12.6420492
28584058704700,fov,2913,"{""zoom"":1.0,""hfov"":90.0,""vfov"":58.71550750732422,""state"":0,""max_aov_h"":90.0,""max_aov_v"":58.71550750732422,""min_aov_h"":1.40625,""min_aov_v"":0.7910428047180176,""max_zoom"":64.0}",12.6434385
28584058941300,gimbal,2913,"{""imu_roll"":0.0,""imu_pitch"":8.866242408752441,""imu_yaw"":4.083630084991455,""frame_roll"":0.0,""frame_pitch"":8.866242408752441,""frame_yaw"":4.083630084991455,""pitch_speed"":0.0,""yaw_speed"":0.0}",12.6436751
28584064114600,target_offset,826,"{""x_angle_offset"":0.28125,""y_angle_offset"":-0.21746484261971932}",12.6488484
28584077749400,position,700,"{""message_type"":""GLOBAL_POSITION_INT"",""lat"":469485875,""lon"":393491292}",12.6624832
28584077984900,attitude,1396,"{""message_type"":""ATTITUDE"",""time_boot_ms"":131910,""roll"":0.009671053849160671,""pitch"":-0.5525552034378052,""yaw"":3.1173155307769775,""rollspeed"":0.07054948806762695,""pitchspeed"":-0.032201893627643585,""yawspeed"":-0.02880411222577095}",12.6627187
28584078144400,vfr,700,"{""message_type"":""VFR_HUD"",""airspeed"":41.03040313720703,""alt"":120.47999572753906}",12.6628782
28584080120800,fov,2914,"{""zoom"":1.0,""hfov"":90.0,""vfov"":58.71550750732422,""state"":0,""max_aov_h"":90.0,""max_aov_v"":58.71550750732422,""min_aov_h"":1.40625,""min_aov_v"":0.7910428047180176,""max_zoom"":64.0}",12.6648546
28584080308400,gimbal,2914,"{""imu_roll"":0.0,""imu_pitch"":8.8467378616333,""imu_yaw"":4.134951114654541,""frame_roll"":0.0,""frame_pitch"":8.8467378616333,""frame_yaw"":4.134951114654541,""pitch_speed"":0.0,""yaw_speed"":0.0}",12.6650422
28584085249700,target_offset,827,"{""x_angle_offset"":0.28125,""y_angle_offset"":-0.21746484261971932}",12.6699835
28584099382400,fov,2915,"{""zoom"":1.0,""hfov"":90.0,""vfov"":58.71550750732422,""state"":0,""max_aov_h"":90.0,""max_aov_v"":58.71550750732422,""min_aov_h"":1.40625,""min_aov_v"":0.7910428047180176,""max_zoom"":64.0}",12.6841162
28584099643000,gimbal,2915,"{""imu_roll"":0.0,""imu_pitch"":8.8021240234375,""imu_yaw"":4.188342571258545,""frame_roll"":0.0,""frame_pitch"":8.8021240234375,""frame_yaw"":4.188342571258545,""pitch_speed"":0.0,""yaw_speed"":0.0}",12.6843768
28584106658000,target_offset,828,"{""x_angle_offset"":0.28125,""y_angle_offset"":-0.21746484261971932}",12.6913918
28584119063800,fov,2916,"{""zoom"":1.0,""hfov"":90.0,""vfov"":58.71550750732422,""state"":0,""max_aov_h"":90.0,""max_aov_v"":58.71550750732422,""min_aov_h"":1.40625,""min_aov_v"":0.7910428047180176,""max_zoom"":64.0}",12.7037976
28584119762900,gimbal,2916,"{""imu_roll"":0.0,""imu_pitch"":8.761969566345215,""imu_yaw"":4.241062164306641,""frame_roll"":0.0,""frame_pitch"":8.761969566345215,""frame_yaw"":4.241062164306641,""pitch_speed"":0.0,""yaw_speed"":0.0}",12.7044967
28584128794500,fov,2917,"{""zoom"":1.0,""hfov"":90.0,""vfov"":58.71550750732422,""state"":0,""max_aov_h"":90.0,""max_aov_v"":58.71550750732422,""min_aov_h"":1.40625,""min_aov_v"":0.7910428047180176,""max_zoom"":64.0}",12.7135283
28584129122700,gimbal,2917,"{""imu_roll"":0.0,""imu_pitch"":8.723731994628906,""imu_yaw"":4.291928291320801,""frame_roll"":0.0,""frame_pitch"":8.723731994628906,""frame_yaw"":4.291928291320801,""pitch_speed"":0.0,""yaw_speed"":0.0}",12.7138565
28584130016900,target_offset,829,"{""x_angle_offset"":0.375,""y_angle_offset"":-0.21746484261971932}",12.7147507
28584140965900,attitude,1397,"{""message_type"":""ATTITUDE"",""time_boot_ms"":131970,""roll"":0.008297321386635303,""pitch"":-0.5493943691253662,""yaw"":3.118781328201294,""rollspeed"":0.05248745158314705,""pitchspeed"":-0.05668668448925018,""yawspeed"":-0.026624295860528946}",12.7256997
28584147425500,target_offset,830,"{""x_angle_offset"":0.375,""y_angle_offset"":-0.21746484261971932}",12.7321593
28584162210500,fov,2918,"{""zoom"":1.0,""hfov"":90.0,""vfov"":58.71550750732422,""state"":0,""max_aov_h"":90.0,""max_aov_v"":58.71550750732422,""min_aov_h"":1.40625,""min_aov_v"":0.7910428047180176,""max_zoom"":64.0}",12.7469443
28584162473500,gimbal,2918,"{""imu_roll"":0.0,""imu_pitch"":8.681170463562012,""imu_yaw"":4.369953632354736,""frame_roll"":0.0,""frame_pitch"":8.681170463562012,""frame_yaw"":4.369953632354736,""pitch_speed"":0.0,""yaw_speed"":0.0}",12.7472073
28584168369400,target_offset,831,"{""x_angle_offset"":0.375,""y_angle_offset"":-0.21746484261971932}",12.7531032
28584179521100,vfr,701,"{""message_type"":""VFR_HUD"",""airspeed"":41.32106018066406,""alt"":117.97999572753906}",12.7642549
28584179748500,position,701,"{""message_type"":""GLOBAL_POSITION_INT"",""lat"":469485130,""lon"":393491300}",12.7644823
28584180156100,attitude,1398,"{""message_type"":""ATTITUDE"",""time_boot_ms"":132010,""roll"":0.006768614519387484,""pitch"":-0.5483063459396362,""yaw"":3.1198861598968506,""rollspeed"":0.04215649142861366,""pitchspeed"":-0.07853924483060837,""yawspeed"":-0.025141403079032898}",12.7648899
28584182420900,fov,2919,"{""zoom"":1.0,""hfov"":90.0,""vfov"":58.71550750732422,""state"":0,""max_aov_h"":90.0,""max_aov_v"":58.71550750732422,""min_aov_h"":1.40625,""min_aov_v"":0.7910428047180176,""max_zoom"":64.0}",12.7671547
28584182705500,gimbal,2919,"{""imu_roll"":0.0,""imu_pitch"":8.645294189453125,""imu_yaw"":4.4355292320251465,""frame_roll"":0.0,""frame_pitch"":8.645294189453125,""frame_yaw"":4.4355292320251465,""pitch_speed"":0.0,""yaw_speed"":0.0}",12.7674393
28584188995800,range,1339,"{""message_type"":""GLOBAL_VISION_POSITION_ESTIMATE"",""x"":46.9481086730957,""y"":39.34908676147461}",12.7737296
28584190516200,target_offset,832,"{""x_angle_offset"":0.375,""y_angle_offset"":-0.10873242130985966}",12.77525
28584199442200,range,1340,"{""message_type"":""GLOBAL_VISION_POSITION_ESTIMATE"",""x"":46.9481086730957,""y"":39.34908676147461}",12.784176
28584202121300,fov,2920,"{""zoom"":1.0,""hfov"":90.0,""vfov"":58.71550750732422,""state"":0,""max_aov_h"":90.0,""max_aov_v"":58.71550750732422,""min_aov_h"":1.40625,""min_aov_v"":0.7910428047180176,""max_zoom"":64.0}",12.7868551
28584202422100,gimbal,2920,"{""imu_roll"":0.0,""imu_pitch"":8.607865333557129,""imu_yaw"":4.501025199890137,""frame_roll"":0.0,""frame_pitch"":8.607865333557129,""frame_yaw"":4.501025199890137,""pitch_speed"":0.0,""yaw_speed"":0.0}",12.7871559
28584212889200,target_offset,833,"{""x_angle_offset"":0.375,""y_angle_offset"":-0.10873242130985966}",12.797623
28584229188400,fov,2921,"{""zoom"":1.0,""hfov"":90.0,""vfov"":58.71550750732422,""state"":0,""max_aov_h"":90.0,""max_aov_v"":58.71550750732422,""min_aov_h"":1.40625,""min_aov_v"":0.7910428047180176,""max_zoom"":64.0}",12.8139222
28584229860400,gimbal,2921,"{""imu_roll"":0.0,""imu_pitch"":8.589716911315918,""imu_yaw"":4.572627544403076,""frame_roll"":0.0,""frame_pitch"":8.589716911315918,""frame_yaw"":4.572627544403076,""pitch_speed"":0.0,""yaw_speed"":0.0}",12.8145942
28584233453800,target_offset,834,"{""x_angle_offset"":0.375,""y_angle_offset"":-0.10873242130985966}",12.8181876
28584243705100,attitude,1399,"{""message_type"":""ATTITUDE"",""time_boot_ms"":132070,""roll"":0.011154664680361748,""pitch"":-0.558316171169281,""yaw"":3.117717981338501,""rollspeed"":0.02663184329867363,""pitchspeed"":-0.1096409261226654,""yawspeed"":-0.022419840097427368}",12.8284389
28584247121200,fov,2922,"{""zoom"":1.0,""hfov"":90.0,""vfov"":58.71550750732422,""state"":0,""max_aov_h"":90.0,""max_aov_v"":58.71550750732422,""min_aov_h"":1.40625,""min_aov_v"":0.7910428047180176,""max_zoom"":64.0}",12.831855
28584247395600,gimbal,2922,"{""imu_roll"":0.0,""imu_pitch"":8.567360877990723,""imu_yaw"":4.63857889175415,""frame_roll"":0.0,""frame_pitch"":8.567360877990723,""frame_yaw"":4.63857889175415,""pitch_speed"":0.0,""yaw_speed"":0.0}",12.8321294
28584252468500,target_offset,835,"{""x_angle_offset"":0.375,""y_angle_offset"":-0.10873242130985966}",12.8372023
28584265793100,fov,2923,"{""zoom"":1.0,""hfov"":90.0,""vfov"":58.71550750732422,""state"":0,""max_aov_h"":90.0,""max_aov_v"":58.71550750732422,""min_aov_h"":1.40625,""min_aov_v"":0.7910428047180176,""max_zoom"":64.0}",12.8505269
28584266113500,gimbal,2923,"{""imu_roll"":0.0,""imu_pitch"":8.54419994354248,""imu_yaw"":4.712681770324707,""frame_roll"":0.0,""frame_pitch"":8.54419994354248,""frame_yaw"":4.712681770324707,""pitch_speed"":0.0,""yaw_speed"":0.0}",12.8508473
28584275259500,position,702,"{""message_type"":""GLOBAL_POSITION_INT"",""lat"":469485130,""lon"":393491300}",12.8599933
28584275571800,target_offset,836,"{""x_angle_offset"":0.375,""y_angle_offset"":-0.10873242130985966}",12.8603056
28584281485900,attitude,1400,"{""message_type"":""ATTITUDE"",""time_boot_ms"":132110,""roll"":0.013499077409505844,""pitch"":-0.5657264590263367,""yaw"":3.1164095401763916,""rollspeed"":0.016210241243243217,""pitchspeed"":-0.12114348262548447,""yawspeed"":-0.020463213324546814}",12.8662197
28584281840000,vfr,702,"{""message_type"":""VFR_HUD"",""airspeed"":41.62812423706055,""alt"":115.43000030517578}",12.8665738
28584290905500,fov,2924,"{""zoom"":1.0,""hfov"":90.0,""vfov"":58.71550750732422,""state"":0,""max_aov_h"":90.0,""max_aov_v"":58.71550750732422,""min_aov_h"":1.40625,""min_aov_v"":0.7910428047180176,""max_zoom"":64.0}",12.8756393
28584291312700,gimbal,2924,"{""imu_roll"":0.0,""imu_pitch"":8.521856307983398,""imu_yaw"":4.782138347625732,""frame_roll"":0.0,""frame_pitch"":8.521856307983398,""frame_yaw"":4.782138347625732,""pitch_speed"":0.0,""yaw_speed"":0.0}",12.8760465
28584294521900,target_offset,837,"{""x_angle_offset"":0.375,""y_angle_offset"":-0.21746484261971932}",12.8792557
28584305833700,fov,2925,"{""zoom"":1.0,""hfov"":90.0,""vfov"":58.71550750732422,""state"":0,""max_aov_h"":90.0,""max_aov_v"":58.71550750732422,""min_aov_h"":1.40625,""min_aov_v"":0.7910428047180176,""max_zoom"":64.0}",12.8905675
28584306116100,gimbal,2925,"{""imu_roll"":0.0,""imu_pitch"":8.49913501739502,""imu_yaw"":4.852031230926514,""frame_roll"":0.0,""frame_pitch"":8.49913501739502,""frame_yaw"":4.852031230926514,""pitch_speed"":0.0,""yaw_speed"":0.0}",12.8908499
28584317935000,target_offset,838,"{""x_angle_offset"":0.375,""y_angle_offset"":-0.21746484261971932}",12.9026688
28584329852800,fov,2926,"{""zoom"":1.0,""hfov"":90.0,""vfov"":58.71550750732422,""state"":0,""max_aov_h"":90.0,""max_aov_v"":58.71550750732422,""min_aov_h"":1.40625,""min_aov_v"":0.7910428047180176,""max_zoom"":64.0}",12.9145866
28584330183500,gimbal,2926,"{""imu_roll"":0.0,""imu_pitch"":8.454672813415527,""imu_yaw"":4.918422698974609,""frame_roll"":0.0,""frame_pitch"":8.454672813415527,""frame_yaw"":4.918422698974609,""pitch_speed"":0.0,""yaw_speed"":0.0}",12.9149173
28584336017200,target_offset,839,"{""x_angle_offset"":0.375,""y_angle_offset"":-0.21746484261971932}",12.920751
28584345348700,attitude,1401,"{""message_type"":""ATTITUDE"",""time_boot_ms"":132170,""roll"":0.016181115061044693,""pitch"":-0.5769858956336975,""yaw"":3.114605188369751,""rollspeed"":0.000715007190592587,""pitchspeed"":-0.11925142258405685,""yawspeed"":-0.017235122621059418}",12.9300825
28584345637900,range,1341,"{""message_type"":""GLOBAL_VISION_POSITION_ESTIMATE"",""x"":46.9481086730957,""y"":39.34907913208008}",12.9303717
28584349356900,fov,2927,"{""zoom"":1.0,""hfov"":90.0,""vfov"":58.71550750732422,""state"":0,""max_aov_h"":90.0,""max_aov_v"":58.71550750732422,""min_aov_h"":1.40625,""min_aov_v"":0.7910428047180176,""max_zoom"":64.0}",12.9340907
28584350030300,gimbal,2927,"{""imu_roll"":0.0,""imu_pitch"":8.415338516235352,""imu_yaw"":4.982039928436279,""frame_roll"":0.0,""frame_pitch"":8.415338516235352,""frame_yaw"":4.982039928436279,""pitch_speed"":0.0,""yaw_speed"":0.0}",12.9347641
28584357480200,target_offset,840,"{""x_angle_offset"":0.375,""y_angle_offset"":-0.326197263929579}",12.942214
28584367067800,range,1342,"{""message_type"":""GLOBAL_VISION_POSITION_ESTIMATE"",""x"":46.9481086730957,""y"":39.34907913208008}",12.9518016
28584369253600,fov,2928,"{""zoom"":1.0,""hfov"":90.0,""vfov"":58.71550750732422,""state"":0,""max_aov_h"":90.0,""max_aov_v"":58.71550750732422,""min_aov_h"":1.40625,""min_aov_v"":0.7910428047180176,""max_zoom"":64.0}",12.9539874
28584369555200,gimbal,2928,"{""imu_roll"":0.0,""imu_pitch"":8.373878479003906,""imu_yaw"":5.050706386566162,""frame_roll"":0.0,""frame_pitch"":8.373878479003906,""frame_yaw"":5.050706386566162,""pitch_speed"":0.0,""yaw_speed"":0.0}",12.954289
28584377128800,target_offset,841,"{""x_angle_offset"":0.375,""y_angle_offset"":-0.43492968523943865}",12.9618626
28584385568000,attitude,1402,"{""message_type"":""ATTITUDE"",""time_boot_ms"":132210,""roll"":0.017331887036561966,""pitch"":-0.5840668678283691,""yaw"":3.1135823726654053,""rollspeed"":-0.010241157375276089,""pitchspeed"":-0.10778253525495529,""yawspeed"":-0.014756104908883572}",12.9703018
28584385908400,vfr,703,"{""message_type"":""VFR_HUD"",""airspeed"":41.925193786621094,""alt"":112.8499984741211}",12.9706422
28584387553500,position,703,"{""message_type"":""GLOBAL_POSITION_INT"",""lat"":469485130,""lon"":393491300}",12.9722873
28584389089800,fov,2929,"{""zoom"":1.0,""hfov"":90.0,""vfov"":58.71550750732422,""state"":0,""max_aov_h"":90.0,""max_aov_v"":58.71550750732422,""min_aov_h"":1.40625,""min_aov_v"":0.7910428047180176,""max_zoom"":64.0}",12.9738236
28584390485100,gimbal,2929,"{""imu_roll"":0.0,""imu_pitch"":8.312281608581543,""imu_yaw"":5.118046283721924,""frame_roll"":0.0,""frame_pitch"":8.312281608581543,""frame_yaw"":5.118046283721924,""pitch_speed"":0.0,""yaw_speed"":0.0}",12.9752189
28584400713900,target_offset,842,"{""x_angle_offset"":0.375,""y_angle_offset"":-0.43492968523943865}",12.9854477
28584415569800,fov,2930,"{""zoom"":1.0,""hfov"":90.0,""vfov"":58.71550750732422,""state"":0,""max_aov_h"":90.0,""max_aov_v"":58.71550750732422,""min_aov_h"":1.40625,""min_aov_v"":0.7910428047180176,""max_zoom"":64.0}",13.0003036
28584415793400,gimbal,2930,"{""imu_roll"":0.0,""imu_pitch"":8.222149848937988,""imu_yaw"":5.193113803863525,""frame_roll"":0.0,""frame_pitch"":8.222149848937988,""frame_yaw"":5.193113803863525,""pitch_speed"":0.0,""yaw_speed"":0.0}",13.0005272
28584423207200,fov,2931,"{""zoom"":1.0,""hfov"":90.0,""vfov"":58.71550750732422,""state"":0,""max_aov_h"":90.0,""max_aov_v"":58.71550750732422,""min_aov_h"":1.40625,""min_aov_v"":0.7910428047180176,""max_zoom"":64.0}",13.007941
28584424882300,gimbal,2931,"{""imu_roll"":0.0,""imu_pitch"":8.155830383300781,""imu_yaw"":5.24879264831543,""frame_roll"":0.0,""frame_pitch"":8.155830383300781,""frame_yaw"":5.24879264831543,""pitch_speed"":0.0,""yaw_speed"":0.0}",13.0096161
28584425277400,target_offset,843,"{""x_angle_offset"":0.375,""y_angle_offset"":-0.5436621065492984}",13.0100112
28584437598600,attitude,1403,"{""message_type"":""ATTITUDE"",""time_boot_ms"":132270,""roll"":0.0138807138428092,""pitch"":-0.5852997303009033,""yaw"":3.114708185195923,""rollspeed"":-0.0219679344445467,""pitchspeed"":-0.08318644016981125,""yawspeed"":-0.010973806492984295}",13.0223324
28584443561000,target_offset,844,"{""x_angle_offset"":0.375,""y_angle_offset"":-0.5436621065492984}",13.0282948
28584456215400,fov,2932,"{""zoom"":1.0,""hfov"":90.0,""vfov"":58.71550750732422,""state"":0,""max_aov_h"":90.0,""max_aov_v"":58.71550750732422,""min_aov_h"":1.40625,""min_aov_v"":0.7910428047180176,""max_zoom"":64.0}",13.0409492
28584456474600,gimbal,2932,"{""imu_roll"":0.0,""imu_pitch"":8.053875923156738,""imu_yaw"":5.317076683044434,""frame_roll"":0.0,""frame_pitch"":8.053875923156738,""frame_yaw"":5.317076683044434,""pitch_speed"":0.0,""yaw_speed"":0.0}",13.0412084
28584462384600,target_offset,845,"{""x_angle_offset"":0.375,""y_angle_offset"":-0.5436621065492984}",13.0471184
28584475109900,fov,2933,"{""zoom"":1.0,""hfov"":90.0,""vfov"":58.71550750732422,""state"":0,""max_aov_h"":90.0,""max_aov_v"":58.71550750732422,""min_aov_h"":1.40625,""min_aov_v"":0.7910428047180176,""max_zoom"":64.0}",13.0598437
28584475408400,gimbal,2933,"{""imu_roll"":0.0,""imu_pitch"":7.958441734313965,""imu_yaw"":5.381382942199707,""frame_roll"":0.0,""frame_pitch"":7.958441734313965,""frame_yaw"":5.381382942199707,""pitch_speed"":0.0,""yaw_speed"":0.0}",13.0601422
28584477547300,attitude,1404,"{""message_type"":""ATTITUDE"",""time_boot_ms"":132310,""roll"":0.009728437289595604,""pitch"":-0.5827048420906067,""yaw"":3.1164445877075195,""rollspeed"":-0.026307769119739532,""pitchspeed"":-0.07210348546504974,""yawspeed"":-0.008551995269954205}",13.0622811
28584477710700,vfr,704,"{""message_type"":""VFR_HUD"",""airspeed"":42.23536682128906,""alt"":110.20999908447266}",13.0624445
28584477842300,position,704,"{""message_type"":""GLOBAL_POSITION_INT"",""lat"":469484464,""lon"":393491350}",13.0625761
28584482588700,target_offset,846,"{""x_angle_offset"":0.375,""y_angle_offset"":-0.652394527859158}",13.0673225
28584495867900,fov,2934,"{""zoom"":1.0,""hfov"":90.0,""vfov"":58.71550750732422,""state"":0,""max_aov_h"":90.0,""max_aov_v"":58.71550750732422,""min_aov_h"":1.40625,""min_aov_v"":0.7910428047180176,""max_zoom"":64.0}",13.0806017
28584496117800,gimbal,2934,"{""imu_roll"":0.0,""imu_pitch"":7.8643059730529785,""imu_yaw"":5.4470977783203125,""frame_roll"":0.0,""frame_pitch"":7.8643059730529785,""frame_yaw"":5.4470977783203125,""pitch_speed"":0.0,""yaw_speed"":0.0}",13.0808516
28584504360500,fov,2935,"{""zoom"":1.0,""hfov"":90.0,""vfov"":58.71550750732422,""state"":0,""max_aov_h"":90.0,""max_aov_v"":58.71550750732422,""min_aov_h"":1.40625,""min_aov_v"":0.7910428047180176,""max_zoom"":64.0}",13.0890943
28584504733400,gimbal,2935,"{""imu_roll"":0.0,""imu_pitch"":7.750932693481445,""imu_yaw"":5.506803035736084,""frame_roll"":0.0,""frame_pitch"":7.750932693481445,""frame_yaw"":5.506803035736084,""pitch_speed"":0.0,""yaw_speed"":0.0}",13.0894672
28584506056700,target_offset,847,"{""x_angle_offset"":0.28125,""y_angle_offset"":-0.652394527859158}",13.0907905
28584518733700,range,1343,"{""message_type"":""GLOBAL_VISION_POSITION_ESTIMATE"",""x"":46.94804763793945,""y"":39.34907913208008}",13.1034675
28584518846100,range,1344,"{""message_type"":""GLOBAL_VISION_POSITION_ESTIMATE"",""x"":46.94804763793945,""y"":39.34907913208008}",13.1035799
28584525572300,target_offset,848,"{""x_angle_offset"":0.28125,""y_angle_offset"":-0.652394527859158}",13.1103061
28584538301400,attitude,1405,"{""message_type"":""ATTITUDE"",""time_boot_ms"":132370,""roll"":0.0034714757930487394,""pitch"":-0.5786111354827881,""yaw"":3.11926007270813,""rollspeed"":-0.022266985848546028,""pitchspeed"":-0.07273072004318237,""yawspeed"":-0.005241915583610535}",13.1230352
28584539246900,fov,2936,"{""zoom"":1.0,""hfov"":90.0,""vfov"":58.71550750732422,""state"":0,""max_aov_h"":90.0,""max_aov_v"":58.71550750732422,""min_aov_h"":1.40625,""min_aov_v"":0.7910428047180176,""max_zoom"":64.0}",13.1239807
28584539508900,gimbal,2936,"{""imu_roll"":0.0,""imu_pitch"":7.612515449523926,""imu_yaw"":5.566648006439209,""frame_roll"":0.0,""frame_pitch"":7.612515449523926,""frame_yaw"":5.566648006439209,""pitch_speed"":0.0,""yaw_speed"":0.0}",13.1242427
28584547682600,target_offset,849,"{""x_angle_offset"":0.28125,""y_angle_offset"":-0.5436621065492984}",13.1324164
28584566761700,fov,2937,"{""zoom"":1.0,""hfov"":90.0,""vfov"":58.71550750732422,""state"":0,""max_aov_h"":90.0,""max_aov_v"":58.71550750732422,""min_aov_h"":1.40625,""min_aov_v"":0.7910428047180176,""max_zoom"":64.0}",13.1514955
28584567236100,gimbal,2937,"{""imu_roll"":0.0,""imu_pitch"":7.509404182434082,""imu_yaw"":5.610993385314941,""frame_roll"":0.0,""frame_pitch"":7.509404182434082,""frame_yaw"":5.610993385314941,""pitch_speed"":0.0,""yaw_speed"":0.0}",13.1519699
28584570944000,fov,2938,"{""zoom"":1.0,""hfov"":90.0,""vfov"":58.71550750732422,""state"":0,""max_aov_h"":90.0,""max_aov_v"":58.71550750732422,""min_aov_h"":1.40625,""min_aov_v"":0.7910428047180176,""max_zoom"":64.0}",13.1556778
28584571513100,gimbal,2938,"{""imu_roll"":0.0,""imu_pitch"":7.397034645080566,""imu_yaw"":5.670413494110107,""frame_roll"":0.0,""frame_pitch"":7.397034645080566,""frame_yaw"":5.670413494110107,""pitch_speed"":0.0,""yaw_speed"":0.0}",13.1562469
28584588780600,fov,2939,"{""zoom"":1.0,""hfov"":90.0,""vfov"":58.71550750732422,""state"":0,""max_aov_h"":90.0,""max_aov_v"":58.71550750732422,""min_aov_h"":1.40625,""min_aov_v"":0.7910428047180176,""max_zoom"":64.0}",13.1735144
28584589239400,gimbal,2939,"{""imu_roll"":0.0,""imu_pitch"":7.332442283630371,""imu_yaw"":5.705501079559326,""frame_roll"":0.0,""frame_pitch"":7.332442283630371,""frame_yaw"":5.705501079559326,""pitch_speed"":0.0,""yaw_speed"":0.0}",13.1739732
28584590984000,target_offset,850,"{""x_angle_offset"":0.1875,""y_angle_offset"":-0.5436621065492984}",13.1757178
28584606270600,vfr,705,"{""message_type"":""VFR_HUD"",""airspeed"":42.55382537841797,""alt"":107.50999450683594}",13.1910044
28584606611200,position,705,"{""message_type"":""GLOBAL_POSITION_INT"",""lat"":469484464,""lon"":393491350}",13.191345
28584607338100,attitude,1406,"{""message_type"":""ATTITUDE"",""time_boot_ms"":132410,""roll"":-0.00044588171294890344,""pitch"":-0.5762125253677368,""yaw"":3.1213080883026123,""rollspeed"":-0.013589654117822647,""pitchspeed"":-0.0818852111697197,""yawspeed"":-0.0034226072020828724}",13.1920719
28584619151600,fov,2940,"{""zoom"":1.0,""hfov"":90.0,""vfov"":58.71550750732422,""state"":0,""max_aov_h"":90.0,""max_aov_v"":58.71550750732422,""min_aov_h"":1.40625,""min_aov_v"":0.7910428047180176,""max_zoom"":64.0}",13.2038854
28584619891200,gimbal,2940,"{""imu_roll"":0.0,""imu_pitch"":7.182915210723877,""imu_yaw"":5.755471229553223,""frame_roll"":0.0,""frame_pitch"":7.182915210723877,""frame_yaw"":5.755471229553223,""pitch_speed"":0.0,""yaw_speed"":0.0}",13.204625
28584622238600,target_offset,851,"{""x_angle_offset"":0.1875,""y_angle_offset"":-0.5436621065492984}",13.2069724
28584639577300,fov,2941,"{""zoom"":1.0,""hfov"":90.0,""vfov"":58.71550750732422,""state"":0,""max_aov_h"":90.0,""max_aov_v"":58.71550750732422,""min_aov_h"":1.40625,""min_aov_v"":0.7910428047180176,""max_zoom"":64.0}",13.2243111
28584640071000,gimbal,2941,"{""imu_roll"":0.0,""imu_pitch"":7.101726055145264,""imu_yaw"":5.783298492431641,""frame_roll"":0.0,""frame_pitch"":7.101726055145264,""frame_yaw"":5.783298492431641,""pitch_speed"":0.0,""yaw_speed"":0.0}",13.2248048
28584641718000,target_offset,852,"{""x_angle_offset"":0.1875,""y_angle_offset"":-0.43492968523943865}",13.2264518
28584661149800,fov,2942,"{""zoom"":1.0,""hfov"":90.0,""vfov"":58.71550750732422,""state"":0,""max_aov_h"":90.0,""max_aov_v"":58.71550750732422,""min_aov_h"":1.40625,""min_aov_v"":0.7910428047180176,""max_zoom"":64.0}",13.2458836
28584661750400,gimbal,2942,"{""imu_roll"":0.0,""imu_pitch"":7.000835418701172,""imu_yaw"":5.816737651824951,""frame_roll"":0.0,""frame_pitch"":7.000835418701172,""frame_yaw"":5.816737651824951,""pitch_speed"":0.0,""yaw_speed"":0.0}",13.2464842
28584664168200,target_offset,853,"{""x_angle_offset"":0.1875,""y_angle_offset"":-0.326197263929579}",13.248902
28584679560300,range,1345,"{""message_type"":""GLOBAL_VISION_POSITION_ESTIMATE"",""x"":46.94804763793945,""y"":39.34907150268555}",13.2642941
28584684655800,fov,2943,"{""zoom"":1.0,""hfov"":90.0,""vfov"":58.71550750732422,""state"":0,""max_aov_h"":90.0,""max_aov_v"":58.71550750732422,""min_aov_h"":1.40625,""min_aov_v"":0.7910428047180176,""max_zoom"":64.0}",13.2693896
28584685374700,target_offset,854,"{""x_angle_offset"":0.1875,""y_angle_offset"":-0.326197263929579}",13.2701085
28584692885600,range,1346,"{""message_type"":""GLOBAL_VISION_POSITION_ESTIMATE"",""x"":46.94804763793945,""y"":39.34907150268555}",13.2776194
28584693307600,attitude,1407,"{""message_type"":""ATTITUDE"",""time_boot_ms"":132470,""roll"":-0.002839521272107959,""pitch"":-0.5779850482940674,""yaw"":3.123152256011963,""rollspeed"":0.008112728595733643,""pitchspeed"":-0.10554356127977371,""yawspeed"":-0.0010134465992450714}",13.2780414
28584700197900,gimbal,2943,"{""imu_roll"":0.0,""imu_pitch"":6.948199272155762,""imu_yaw"":5.841324806213379,""frame_roll"":0.0,""frame_pitch"":6.948199272155762,""frame_yaw"":5.841324806213379,""pitch_speed"":0.0,""yaw_speed"":0.0}",13.2849317
28584700809100,fov,2944,"{""zoom"":1.0,""hfov"":90.0,""vfov"":58.71550750732422,""state"":0,""max_aov_h"":90.0,""max_aov_v"":58.71550750732422,""min_aov_h"":1.40625,""min_aov_v"":0.7910428047180176,""max_zoom"":64.0}",13.2855429
28584701806500,gimbal,2944,"{""imu_roll"":0.0,""imu_pitch"":6.890923976898193,""imu_yaw"":5.873462200164795,""frame_roll"":0.0,""frame_pitch"":6.890923976898193,""frame_yaw"":5.873462200164795,""pitch_speed"":0.0,""yaw_speed"":0.0}",13.2865403
28584702280300,target_offset,855,"{""x_angle_offset"":0.1875,""y_angle_offset"":-0.21746484261971932}",13.2870141
28584716760000,target_offset,856,"{""x_angle_offset"":0.1875,""y_angle_offset"":-0.21746484261971932}",13.3014938
28584729600000,vfr,706,"{""message_type"":""VFR_HUD"",""airspeed"":42.87717056274414,""alt"":104.7699966430664}",13.3143338
28584730344100,position,706,"{""message_type"":""GLOBAL_POSITION_INT"",""lat"":469483682,""lon"":393491338}",13.3150779
28584731491400,attitude,1408,"{""message_type"":""ATTITUDE"",""time_boot_ms"":132510,""roll"":-5.5064450862118974e-05,""pitch"":-0.5856937766075134,""yaw"":3.122663736343384,""rollspeed"":0.03018920309841633,""pitchspeed"":-0.12022744119167328,""yawspeed"":7.156701758503914e-05}",13.3162252
28584732415800,fov,2945,"{""zoom"":1.0,""hfov"":90.0,""vfov"":58.71550750732422,""state"":0,""max_aov_h"":90.0,""max_aov_v"":58.71550750732422,""min_aov_h"":1.40625,""min_aov_v"":0.7910428047180176,""max_zoom"":64.0}",13.3171496
28584733286000,gimbal,2945,"{""imu_roll"":0.0,""imu_pitch"":6.857463359832764,""imu_yaw"":5.904338359832764,""frame_roll"":0.0,""frame_pitch"":6.857463359832764,""frame_yaw"":5.904338359832764,""pitch_speed"":0.0,""yaw_speed"":0.0}",13.3180198
28584738973100,target_offset,857,"{""x_angle_offset"":0.1875,""y_angle_offset"":-0.10873242130985966}",13.3237069
28584755803900,fov,2946,"{""zoom"":1.0,""hfov"":90.0,""vfov"":58.71550750732422,""state"":0,""max_aov_h"":90.0,""max_aov_v"":58.71550750732422,""min_aov_h"":1.40625,""min_aov_v"":0.7910428047180176,""max_zoom"":64.0}",13.3405377
28584756317200,gimbal,2946,"{""imu_roll"":0.0,""imu_pitch"":6.815465450286865,""imu_yaw"":5.93492317199707,""frame_roll"":0.0,""frame_pitch"":6.815465450286865,""frame_yaw"":5.93492317199707,""pitch_speed"":0.0,""yaw_speed"":0.0}",13.341051
28584758515100,target_offset,858,"{""x_angle_offset"":0.1875,""y_angle_offset"":-0.10873242130985966}",13.3432489
28584769458400,fov,2947,"{""zoom"":1.0,""hfov"":90.0,""vfov"":58.71550750732422,""state"":0,""max_aov_h"":90.0,""max_aov_v"":58.71550750732422,""min_aov_h"":1.40625,""min_aov_v"":0.7910428047180176,""max_zoom"":64.0}",13.3541922
28584769739900,gimbal,2947,"{""imu_roll"":0.0,""imu_pitch"":6.800426483154297,""imu_yaw"":5.968414783477783,""frame_roll"":0.0,""frame_pitch"":6.800426483154297,""frame_yaw"":5.968414783477783,""pitch_speed"":0.0,""yaw_speed"":0.0}",13.3544737
28584778176200,target_offset,859,"{""x_angle_offset"":0.1875,""y_angle_offset"":-0.10873242130985966}",13.36291
28584791230400,fov,2948,"{""zoom"":1.0,""hfov"":90.0,""vfov"":58.71550750732422,""state"":0,""max_aov_h"":90.0,""max_aov_v"":58.71550750732422,""min_aov_h"":1.40625,""min_aov_v"":0.7910428047180176,""max_zoom"":64.0}",13.3759642
28584791550200,gimbal,2948,"{""imu_roll"":0.0,""imu_pitch"":6.780074119567871,""imu_yaw"":5.998581409454346,""frame_roll"":0.0,""frame_pitch"":6.780074119567871,""frame_yaw"":5.998581409454346,""pitch_speed"":0.0,""yaw_speed"":0.0}",13.376284
28584798375600,attitude,1409,"{""message_type"":""ATTITUDE"",""time_boot_ms"":132570,""roll"":0.006312386132776737,""pitch"":-0.5978525876998901,""yaw"":3.121861696243286,""rollspeed"":0.07548470795154572,""pitchspeed"":-0.12870819866657257,""yawspeed"":0.0013786298222839832}",13.3831094
28584799462900,target_offset,860,"{""x_angle_offset"":0.1875,""y_angle_offset"":-0.21746484261971932}",13.3841967
28584815832600,fov,2949,"{""zoom"":1.0,""hfov"":90.0,""vfov"":58.71550750732422,""state"":0,""max_aov_h"":90.0,""max_aov_v"":58.71550750732422,""min_aov_h"":1.40625,""min_aov_v"":0.7910428047180176,""max_zoom"":64.0}",13.4005664
28584816157400,gimbal,2949,"{""imu_roll"":0.0,""imu_pitch"":6.758808135986328,""imu_yaw"":6.03241491317749,""frame_roll"":0.0,""frame_pitch"":6.758808135986328,""frame_yaw"":6.03241491317749,""pitch_speed"":0.0,""yaw_speed"":0.0}",13.4008912
28584821365800,target_offset,861,"{""x_angle_offset"":0.1875,""y_angle_offset"":-0.21746484261971932}",13.4060996
28584831403100,range,1347,"{""message_type"":""GLOBAL_VISION_POSITION_ESTIMATE"",""x"":46.947967529296875,""y"":39.349063873291016}",13.4161369
28584834310900,fov,2950,"{""zoom"":1.0,""hfov"":90.0,""vfov"":58.71550750732422,""state"":0,""max_aov_h"":90.0,""max_aov_v"":58.71550750732422,""min_aov_h"":1.40625,""min_aov_v"":0.7910428047180176,""max_zoom"":64.0}",13.4190447
28584834578200,gimbal,2950,"{""imu_roll"":0.0,""imu_pitch"":6.718103885650635,""imu_yaw"":6.060660362243652,""frame_roll"":0.0,""frame_pitch"":6.718103885650635,""frame_yaw"":6.060660362243652,""pitch_speed"":0.0,""yaw_speed"":0.0}",13.419312
28584838651100,target_offset,862,"{""x_angle_offset"":0.1875,""y_angle_offset"":-0.326197263929579}",13.4233849
28584848369200,range,1348,"{""message_type"":""GLOBAL_VISION_POSITION_ESTIMATE"",""x"":46.947967529296875,""y"":39.349063873291016}",13.433103
28584848824000,attitude,1410,"{""message_type"":""ATTITUDE"",""time_boot_ms"":132610,""roll"":0.012251872569322586,""pitch"":-0.6058371067047119,""yaw"":3.121295690536499,""rollspeed"":0.11044447869062424,""pitchspeed"":-0.12211453169584274,""yawspeed"":0.002967200241982937}",13.4335578
28584849980300,vfr,707,"{""message_type"":""VFR_HUD"",""airspeed"":43.20321273803711,""alt"":101.97000122070312}",13.4347141
28584850234400,position,707,"{""message_type"":""GLOBAL_POSITION_INT"",""lat"":469483682,""lon"":393491338}",13.4349682
28584852248100,fov,2951,"{""zoom"":1.0,""hfov"":90.0,""vfov"":58.71550750732422,""state"":0,""max_aov_h"":90.0,""max_aov_v"":58.71550750732422,""min_aov_h"":1.40625,""min_aov_v"":0.7910428047180176,""max_zoom"":64.0}",13.4369819
28584852595600,gimbal,2951,"{""imu_roll"":0.0,""imu_pitch"":6.679046154022217,""imu_yaw"":6.09345817565918,""frame_roll"":0.0,""frame_pitch"":6.679046154022217,""frame_yaw"":6.09345817565918,""pitch_speed"":0.0,""yaw_speed"":0.0}",13.4373294
28584859102200,target_offset,863,"{""x_angle_offset"":0.1875,""y_angle_offset"":-0.326197263929579}",13.443836
28584872070200,fov,2952,"{""zoom"":1.0,""hfov"":90.0,""vfov"":58.71550750732422,""state"":0,""max_aov_h"":90.0,""max_aov_v"":58.71550750732422,""min_aov_h"":1.40625,""min_aov_v"":0.7910428047180176,""max_zoom"":64.0}",13.456804
28584872387900,gimbal,2952,"{""imu_roll"":0.0,""imu_pitch"":6.616838455200195,""imu_yaw"":6.123597621917725,""frame_roll"":0.0,""frame_pitch"":6.616838455200195,""frame_yaw"":6.123597621917725,""pitch_speed"":0.0,""yaw_speed"":0.0}",13.4571217
28584879523500,target_offset,864,"{""x_angle_offset"":0.1875,""y_angle_offset"":-0.43492968523943865}",13.4642573
28584893204300,fov,2953,"{""zoom"":1.0,""hfov"":90.0,""vfov"":58.71550750732422,""state"":0,""max_aov_h"":90.0,""max_aov_v"":58.71550750732422,""min_aov_h"":1.40625,""min_aov_v"":0.7910428047180176,""max_zoom"":64.0}",13.4779381
28584893706200,gimbal,2953,"{""imu_roll"":0.0,""imu_pitch"":6.562980651855469,""imu_yaw"":6.151590347290039,""frame_roll"":0.0,""frame_pitch"":6.562980651855469,""frame_yaw"":6.151590347290039,""pitch_speed"":0.0,""yaw_speed"":0.0}",13.47844
28584900217600,target_offset,865,"{""x_angle_offset"":0.28125,""y_angle_offset"":-0.5436621065492984}",13.4849514
28584909916100,attitude,1411,"{""message_type"":""ATTITUDE"",""time_boot_ms"":132670,""roll"":0.023878034204244614,""pitch"":-0.6166889667510986,""yaw"":3.1204233169555664,""rollspeed"":0.16444922983646393,""pitchspeed"":-0.09690320491790771,""yawspeed"":0.006676758639514446}",13.4946499
28584912469000,fov,2954,"{""zoom"":1.0,""hfov"":90.0,""vfov"":58.71550750732422,""state"":0,""max_aov_h"":90.0,""max_aov_v"":58.71550750732422,""min_aov_h"":1.40625,""min_aov_v"":0.7910428047180176,""max_zoom"":64.0}",13.4972028
28584913223900,gimbal,2954,"{""imu_roll"":0.0,""imu_pitch"":6.480128765106201,""imu_yaw"":6.1839985847473145,""frame_roll"":0.0,""frame_pitch"":6.480128765106201,""frame_yaw"":6.1839985847473145,""pitch_speed"":0.0,""yaw_speed"":0.0}",13.4979577
28584920726100,target_offset,866,"{""x_angle_offset"":0.28125,""y_angle_offset"":-0.5436621065492984}",13.5054599
28584933949300,fov,2955,"{""zoom"":1.0,""hfov"":90.0,""vfov"":58.71550750732422,""state"":0,""max_aov_h"":90.0,""max_aov_v"":58.71550750732422,""min_aov_h"":1.40625,""min_aov_v"":0.7910428047180176,""max_zoom"":64.0}",13.5186831
28584934164400,gimbal,2955,"{""imu_roll"":0.0,""imu_pitch"":6.383359432220459,""imu_yaw"":6.229466438293457,""frame_roll"":0.0,""frame_pitch"":6.383359432220459,""frame_yaw"":6.229466438293457,""pitch_speed"":0.0,""yaw_speed"":0.0}",13.5188982
28584940992200,target_offset,867,"{""x_angle_offset"":0.28125,""y_angle_offset"":-0.652394527859158}",13.525726
28584949411500,attitude,1412,"{""message_type"":""ATTITUDE"",""time_boot_ms"":132710,""roll"":0.029741188511252403,""pitch"":-0.6130043268203735,""yaw"":3.121946334838867,""rollspeed"":0.19801065325737,""pitchspeed"":-0.0784028097987175,""yawspeed"":0.009575380943715572}",13.5341453
28584950149400,vfr,708,"{""message_type"":""VFR_HUD"",""airspeed"":43.53044509887695,""alt"":99.11000061035156}",13.5348832
28584950453200,position,708,"{""message_type"":""GLOBAL_POSITION_INT"",""lat"":469483012,""lon"":393491369}",13.535187
28584952218800,fov,2956,"{""zoom"":1.0,""hfov"":90.0,""vfov"":58.71550750732422,""state"":0,""max_aov_h"":90.0,""max_aov_v"":58.71550750732422,""min_aov_h"":1.40625,""min_aov_v"":0.7910428047180176,""max_zoom"":64.0}",13.5369526
28584952430400,gimbal,2956,"{""imu_roll"":0.0,""imu_pitch"":6.291329383850098,""imu_yaw"":6.2748918533325195,""frame_roll"":0.0,""frame_pitch"":6.291329383850098,""frame_yaw"":6.2748918533325195,""pitch_speed"":0.0,""yaw_speed"":0.0}",13.5371642
28584986458200,target_offset,868,"{""x_angle_offset"":0.28125,""y_angle_offset"":-0.7611269491690176}",13.571192
28584994754900,attitude,1413,"{""message_type"":""ATTITUDE"",""time_boot_ms"":132770,""roll"":0.040777966380119324,""pitch"":-0.606685996055603,""yaw"":3.1244850158691406,""rollspeed"":0.24519044160842896,""pitchspeed"":-0.06782642751932144,""yawspeed"":0.013123161159455776}",13.5794887
28584997501800,range,1349,"{""message_type"":""GLOBAL_VISION_POSITION_ESTIMATE"",""x"":46.94789505004883,""y"":39.349063873291016}",13.5822356
28584999684500,fov,2957,"{""zoom"":1.0,""hfov"":90.0,""vfov"":58.71550750732422,""state"":0,""max_aov_h"":90.0,""max_aov_v"":58.71550750732422,""min_aov_h"":1.40625,""min_aov_v"":0.7910428047180176,""max_zoom"":64.0}",13.5844183
28585000081700,gimbal,2957,"{""imu_roll"":0.0,""imu_pitch"":6.025758743286133,""imu_yaw"":6.363622188568115,""frame_roll"":0.0,""frame_pitch"":6.025758743286133,""frame_yaw"":6.363622188568115,""pitch_speed"":0.0,""yaw_speed"":0.0}",13.5848155
28585006253900,range,1350,"{""message_type"":""GLOBAL_VISION_POSITION_ESTIMATE"",""x"":46.94789505004883,""y"":39.349063873291016}",13.5909877
28585007514900,target_offset,869,"{""x_angle_offset"":0.28125,""y_angle_offset"":-0.7611269491690176}",13.5922487
28585019409400,fov,2958,"{""zoom"":1.0,""hfov"":90.0,""vfov"":58.71550750732422,""state"":0,""max_aov_h"":90.0,""max_aov_v"":58.71550750732422,""min_aov_h"":1.40625,""min_aov_v"":0.7910428047180176,""max_zoom"":64.0}",13.6041432
28585019657100,gimbal,2958,"{""imu_roll"":0.0,""imu_pitch"":5.9209089279174805,""imu_yaw"":6.398402690887451,""frame_roll"":0.0,""frame_pitch"":5.9209089279174805,""frame_yaw"":6.398402690887451,""pitch_speed"":0.0,""yaw_speed"":0.0}",13.6043909
28585026960400,vfr,709,"{""message_type"":""VFR_HUD"",""airspeed"":43.85768127441406,""alt"":96.19999694824219}",13.6116942
28585027356900,target_offset,870,"{""x_angle_offset"":0.375,""y_angle_offset"":-0.7611269491690176}",13.6120907
28585037127100,attitude,1414,"{""message_type"":""ATTITUDE"",""time_boot_ms"":132810,""roll"":0.04956566169857979,""pitch"":-0.6027268767356873,""yaw"":3.126264810562134,""rollspeed"":0.273134708404541,""pitchspeed"":-0.07748841494321823,""yawspeed"":0.014508972875773907}",13.6218609
28585037407800,position,709,"{""message_type"":""GLOBAL_POSITION_INT"",""lat"":469483012,""lon"":393491369}",13.6221416
28585039945200,fov,2959,"{""zoom"":1.0,""hfov"":90.0,""vfov"":58.71550750732422,""state"":0,""max_aov_h"":90.0,""max_aov_v"":58.71550750732422,""min_aov_h"":1.40625,""min_aov_v"":0.7910428047180176,""max_zoom"":64.0}",13.624679
28585041932600,gimbal,2959,"{""imu_roll"":0.0,""imu_pitch"":5.786437511444092,""imu_yaw"":6.443566799163818,""frame_roll"":0.0,""frame_pitch"":5.786437511444092,""frame_yaw"":6.443566799163818,""pitch_speed"":0.0,""yaw_speed"":0.0}",13.6266664
28585046128000,target_offset,871,"{""x_angle_offset"":0.375,""y_angle_offset"":-0.8698593704788773}",13.6308618
28585058333400,fov,2960,"{""zoom"":1.0,""hfov"":90.0,""vfov"":58.71550750732422,""state"":0,""max_aov_h"":90.0,""max_aov_v"":58.71550750732422,""min_aov_h"":1.40625,""min_aov_v"":0.7910428047180176,""max_zoom"":64.0}",13.6430672
28585059722600,gimbal,2960,"{""imu_roll"":0.0,""imu_pitch"":5.652469158172607,""imu_yaw"":6.508561611175537,""frame_roll"":0.0,""frame_pitch"":5.652469158172607,""frame_yaw"":6.508561611175537,""pitch_speed"":0.0,""yaw_speed"":0.0}",13.6444564
28585068614000,target_offset,872,"{""x_angle_offset"":0.46875,""y_angle_offset"":-0.8698593704788773}",13.6533478
28585081842700,fov,2961,"{""zoom"":1.0,""hfov"":90.0,""vfov"":58.71550750732422,""state"":0,""max_aov_h"":90.0,""max_aov_v"":58.71550750732422,""min_aov_h"":1.40625,""min_aov_v"":0.7910428047180176,""max_zoom"":64.0}",13.6665765
28585082105700,gimbal,2961,"{""imu_roll"":0.0,""imu_pitch"":5.502335071563721,""imu_yaw"":6.567397117614746,""frame_roll"":0.0,""frame_pitch"":5.502335071563721,""frame_yaw"":6.567397117614746,""pitch_speed"":0.0,""yaw_speed"":0.0}",13.6668395
28585089669900,target_offset,873,"{""x_angle_offset"":0.5625,""y_angle_offset"":-0.8698593704788773}",13.6744037
28585098652600,attitude,1415,"{""message_type"":""ATTITUDE"",""time_boot_ms"":132870,""roll"":0.0644192174077034,""pitch"":-0.5981133580207825,""yaw"":3.128934621810913,""rollspeed"":0.30372154712677,""pitchspeed"":-0.10698486119508743,""yawspeed"":0.015215004794299603}",13.6833864
28585101405400,fov,2962,"{""zoom"":1.0,""hfov"":90.0,""vfov"":58.71550750732422,""state"":0,""max_aov_h"":90.0,""max_aov_v"":58.71550750732422,""min_aov_h"":1.40625,""min_aov_v"":0.7910428047180176,""max_zoom"":64.0}",13.6861392
28585101663200,gimbal,2962,"{""imu_roll"":0.0,""imu_pitch"":5.3635687828063965,""imu_yaw"":6.641369819641113,""frame_roll"":0.0,""frame_pitch"":5.3635687828063965,""frame_yaw"":6.641369819641113,""pitch_speed"":0.0,""yaw_speed"":0.0}",13.686397
28585109143800,target_offset,874,"{""x_angle_offset"":0.5625,""y_angle_offset"":-0.8698593704788773}",13.6938776
28585122339400,fov,2963,"{""zoom"":1.0,""hfov"":90.0,""vfov"":58.71550750732422,""state"":0,""max_aov_h"":90.0,""max_aov_v"":58.71550750732422,""min_aov_h"":1.40625,""min_aov_v"":0.7910428047180176,""max_zoom"":64.0}",13.7070732
28585122586100,gimbal,2963,"{""imu_roll"":0.0,""imu_pitch"":5.201668739318848,""imu_yaw"":6.743982791900635,""frame_roll"":0.0,""frame_pitch"":5.201668739318848,""frame_yaw"":6.743982791900635,""pitch_speed"":0.0,""yaw_speed"":0.0}",13.7073199
28585131656200,target_offset,875,"{""x_angle_offset"":0.5625,""y_angle_offset"":-0.8698593704788773}",13.71639
28585146453100,vfr,710,"{""message_type"":""VFR_HUD"",""airspeed"":44.184120178222656,""alt"":93.22000122070312}",13.7311869
28585147389500,position,710,"{""message_type"":""GLOBAL_POSITION_INT"",""lat"":469482224,""lon"":393491351}",13.7321233
28585148291500,attitude,1416,"{""message_type"":""ATTITUDE"",""time_boot_ms"":132910,""roll"":0.07695535570383072,""pitch"":-0.6015111207962036,""yaw"":3.1294479370117188,""rollspeed"":0.3170263469219208,""pitchspeed"":-0.13297976553440094,""yawspeed"":0.015030025504529476}",13.7330253
28585149529900,fov,2964,"{""zoom"":1.0,""hfov"":90.0,""vfov"":58.71550750732422,""state"":0,""max_aov_h"":90.0,""max_aov_v"":58.71550750732422,""min_aov_h"":1.40625,""min_aov_v"":0.7910428047180176,""max_zoom"":64.0}",13.7342637
28585149810200,gimbal,2964,"{""imu_roll"":0.0,""imu_pitch"":5.050234794616699,""imu_yaw"":6.83687162399292,""frame_roll"":0.0,""frame_pitch"":5.050234794616699,""frame_yaw"":6.83687162399292,""pitch_speed"":0.0,""yaw_speed"":0.0}",13.734544
28585150907900,target_offset,876,"{""x_angle_offset"":0.65625,""y_angle_offset"":-0.8698593704788773}",13.7356417
28585158221800,range,1351,"{""message_type"":""GLOBAL_VISION_POSITION_ESTIMATE"",""x"":46.94782257080078,""y"":39.349056243896484}",13.7429556
28585164447200,range,1352,"{""message_type"":""GLOBAL_VISION_POSITION_ESTIMATE"",""x"":46.94782257080078,""y"":39.349056243896484}",13.749181
28585166209300,fov,2965,"{""zoom"":1.0,""hfov"":90.0,""vfov"":58.71550750732422,""state"":0,""max_aov_h"":90.0,""max_aov_v"":58.71550750732422,""min_aov_h"":1.40625,""min_aov_v"":0.7910428047180176,""max_zoom"":64.0}",13.7509431
28585166634300,gimbal,2965,"{""imu_roll"":0.0,""imu_pitch"":4.902975559234619,""imu_yaw"":6.931010723114014,""frame_roll"":0.0,""frame_pitch"":4.902975559234619,""frame_yaw"":6.931010723114014,""pitch_speed"":0.0,""yaw_speed"":0.0}",13.7513681
28585170094000,target_offset,877,"{""x_angle_offset"":0.65625,""y_angle_offset"":-0.8698593704788773}",13.7548278
28585183756000,fov,2966,"{""zoom"":1.0,""hfov"":90.0,""vfov"":58.71550750732422,""state"":0,""max_aov_h"":90.0,""max_aov_v"":58.71550750732422,""min_aov_h"":1.40625,""min_aov_v"":0.7910428047180176,""max_zoom"":64.0}",13.7684898
28585184012500,gimbal,2966,"{""imu_roll"":0.0,""imu_pitch"":4.756085395812988,""imu_yaw"":7.045377731323242,""frame_roll"":0.0,""frame_pitch"":4.756085395812988,""frame_yaw"":7.045377731323242,""pitch_speed"":0.0,""yaw_speed"":0.0}",13.7687463
28585193914000,target_offset,878,"{""x_angle_offset"":0.65625,""y_angle_offset"":-0.8698593704788773}",13.7786478
28585207690600,fov,2967,"{""zoom"":1.0,""hfov"":90.0,""vfov"":58.71550750732422,""state"":0,""max_aov_h"":90.0,""max_aov_v"":58.71550750732422,""min_aov_h"":1.40625,""min_aov_v"":0.7910428047180176,""max_zoom"":64.0}",13.7924244
28585208044600,gimbal,2967,"{""imu_roll"":0.0,""imu_pitch"":4.605929374694824,""imu_yaw"":7.156196117401123,""frame_roll"":0.0,""frame_pitch"":4.605929374694824,""frame_yaw"":7.156196117401123,""pitch_speed"":0.0,""yaw_speed"":0.0}",13.7927784
28585211559600,target_offset,879,"{""x_angle_offset"":0.65625,""y_angle_offset"":-0.8698593704788773}",13.7962934
28585224165100,attitude,1417,"{""message_type"":""ATTITUDE"",""time_boot_ms"":132970,""roll"":0.09937060624361038,""pitch"":-0.6160702705383301,""yaw"":3.1279494762420654,""rollspeed"":0.3260434567928314,""pitchspeed"":-0.1617056131362915,""yawspeed"":0.01449891272932291}",13.8088989
28585225722300,fov,2968,"{""zoom"":1.0,""hfov"":90.0,""vfov"":58.71550750732422,""state"":0,""max_aov_h"":90.0,""max_aov_v"":58.71550750732422,""min_aov_h"":1.40625,""min_aov_v"":0.7910428047180176,""max_zoom"":64.0}",13.8104561
28585225984800,gimbal,2968,"{""imu_roll"":0.0,""imu_pitch"":4.457813739776611,""imu_yaw"":7.265119552612305,""frame_roll"":0.0,""frame_pitch"":4.457813739776611,""frame_yaw"":7.265119552612305,""pitch_speed"":0.0,""yaw_speed"":0.0}",13.8107186
28585231269800,target_offset,880,"{""x_angle_offset"":0.65625,""y_angle_offset"":-0.8698593704788773}",13.8160036
28585244735800,fov,2969,"{""zoom"":1.0,""hfov"":90.0,""vfov"":58.71550750732422,""state"":0,""max_aov_h"":90.0,""max_aov_v"":58.71550750732422,""min_aov_h"":1.40625,""min_aov_v"":0.7910428047180176,""max_zoom"":64.0}",13.8294696
28585245065100,gimbal,2969,"{""imu_roll"":0.0,""imu_pitch"":4.310803413391113,""imu_yaw"":7.376506328582764,""frame_roll"":0.0,""frame_pitch"":4.310803413391113,""frame_yaw"":7.376506328582764,""pitch_speed"":0.0,""yaw_speed"":0.0}",13.8297989
28585253016000,target_offset,881,"{""x_angle_offset"":0.65625,""y_angle_offset"":-0.8698593704788773}",13.8377498
28585258940400,position,711,"{""message_type"":""GLOBAL_POSITION_INT"",""lat"":469482224,""lon"":393491351}",13.8436742
28585261203100,attitude,1418,"{""message_type"":""ATTITUDE"",""time_boot_ms"":133010,""roll"":0.1144927516579628,""pitch"":-0.6261385083198547,""yaw"":3.126599073410034,""rollspeed"":0.32250258326530457,""pitchspeed"":-0.16357919573783875,""yawspeed"":0.014749773778021336}",13.8459369
28585266888000,vfr,711,"{""message_type"":""VFR_HUD"",""airspeed"":44.50936508178711,""alt"":90.18999481201172}",13.8516218
28585268439100,fov,2970,"{""zoom"":1.0,""hfov"":90.0,""vfov"":58.71550750732422,""state"":0,""max_aov_h"":90.0,""max_aov_v"":58.71550750732422,""min_aov_h"":1.40625,""min_aov_v"":0.7910428047180176,""max_zoom"":64.0}",13.8531729
28585268695400,gimbal,2970,"{""imu_roll"":0.0,""imu_pitch"":4.15388822555542,""imu_yaw"":7.494611740112305,""frame_roll"":0.0,""frame_pitch"":4.15388822555542,""frame_yaw"":7.494611740112305,""pitch_speed"":0.0,""yaw_speed"":0.0}",13.8534292
28585273437200,target_offset,882,"{""x_angle_offset"":0.5625,""y_angle_offset"":-0.978591791788737}",13.858171
28585286605000,fov,2971,"{""zoom"":1.0,""hfov"":90.0,""vfov"":58.71550750732422,""state"":0,""max_aov_h"":90.0,""max_aov_v"":58.71550750732422,""min_aov_h"":1.40625,""min_aov_v"":0.7910428047180176,""max_zoom"":64.0}",13.8713388
28585286983500,gimbal,2971,"{""imu_roll"":0.0,""imu_pitch"":4.010430812835693,""imu_yaw"":7.6010541915893555,""frame_roll"":0.0,""frame_pitch"":4.010430812835693,""frame_yaw"":7.6010541915893555,""pitch_speed"":0.0,""yaw_speed"":0.0}",13.8717173
28585292485000,target_offset,883,"{""x_angle_offset"":0.5625,""y_angle_offset"":-0.978591791788737}",13.8772188
28585304418700,fov,2972,"{""zoom"":1.0,""hfov"":90.0,""vfov"":58.71550750732422,""state"":0,""max_aov_h"":90.0,""max_aov_v"":58.71550750732422,""min_aov_h"":1.40625,""min_aov_v"":0.7910428047180176,""max_zoom"":64.0}",13.8891525
28585304764600,gimbal,2972,"{""imu_roll"":0.0,""imu_pitch"":3.8390936851501465,""imu_yaw"":7.693223476409912,""frame_roll"":0.0,""frame_pitch"":3.8390936851501465,""frame_yaw"":7.693223476409912,""pitch_speed"":0.0,""yaw_speed"":0.0}",13.8894984
28585306321600,range,1353,"{""message_type"":""GLOBAL_VISION_POSITION_ESTIMATE"",""x"":46.94782257080078,""y"":39.34904861450195}",13.8910554
28585312038400,target_offset,884,"{""x_angle_offset"":0.5625,""y_angle_offset"":-1.0873242130985967}",13.8967722
28585323352500,range,1354,"{""message_type"":""GLOBAL_VISION_POSITION_ESTIMATE"",""x"":46.94782257080078,""y"":39.34904861450195}",13.9080863
28585324051900,attitude,1419,"{""message_type"":""ATTITUDE"",""time_boot_ms"":133070,""roll"":0.13656947016716003,""pitch"":-0.6403194665908813,""yaw"":3.124392509460449,""rollspeed"":0.3048149645328522,""pitchspeed"":-0.13936473429203033,""yawspeed"":0.016663704067468643}",13.9087857
28585327189300,fov,2973,"{""zoom"":1.0,""hfov"":90.0,""vfov"":58.71550750732422,""state"":0,""max_aov_h"":90.0,""max_aov_v"":58.71550750732422,""min_aov_h"":1.40625,""min_aov_v"":0.7910428047180176,""max_zoom"":64.0}",13.9119231
28585327658200,gimbal,2973,"{""imu_roll"":0.0,""imu_pitch"":3.6651690006256104,""imu_yaw"":7.792255401611328,""frame_roll"":0.0,""frame_pitch"":3.6651690006256104,""frame_yaw"":7.792255401611328,""pitch_speed"":0.0,""yaw_speed"":0.0}",13.912392
28585334549000,target_offset,885,"{""x_angle_offset"":0.46875,""y_angle_offset"":-1.0873242130985967}",13.9192828
28585348024600,fov,2974,"{""zoom"":1.0,""hfov"":90.0,""vfov"":58.71550750732422,""state"":0,""max_aov_h"":90.0,""max_aov_v"":58.71550750732422,""min_aov_h"":1.40625,""min_aov_v"":0.7910428047180176,""max_zoom"":64.0}",13.9327584
28585348259200,gimbal,2974,"{""imu_roll"":0.0,""imu_pitch"":3.4881057739257812,""imu_yaw"":7.8797502517700195,""frame_roll"":0.0,""frame_pitch"":3.4881057739257812,""frame_yaw"":7.8797502517700195,""pitch_speed"":0.0,""yaw_speed"":0.0}",13.932993
28585353943700,target_offset,886,"{""x_angle_offset"":0.46875,""y_angle_offset"":-1.1960566344084562}",13.9386775
28585365042600,position,712,"{""message_type"":""GLOBAL_POSITION_INT"",""lat"":469481569,""lon"":393491392}",13.9497764
28585366441900,attitude,1420,"{""message_type"":""ATTITUDE"",""time_boot_ms"":133110,""roll"":0.15050067007541656,""pitch"":-0.6485105752944946,""yaw"":3.1229734420776367,""rollspeed"":0.28800061345100403,""pitchspeed"":-0.11071223765611649,""yawspeed"":0.01861906796693802}",13.9511757
28585366615500,vfr,712,"{""message_type"":""VFR_HUD"",""airspeed"":44.83308792114258,""alt"":87.0999984741211}",13.9513493
28585368378100,fov,2975,"{""zoom"":1.0,""hfov"":90.0,""vfov"":58.71550750732422,""state"":0,""max_aov_h"":90.0,""max_aov_v"":58.71550750732422,""min_aov_h"":1.40625,""min_aov_v"":0.7910428047180176,""max_zoom"":64.0}",13.9531119
28585368650000,gimbal,2975,"{""imu_roll"":0.0,""imu_pitch"":3.3041951656341553,""imu_yaw"":7.952803611755371,""frame_roll"":0.0,""frame_pitch"":3.3041951656341553,""frame_yaw"":7.952803611755371,""pitch_speed"":0.0,""yaw_speed"":0.0}",13.9533838
28585373353800,target_offset,887,"{""x_angle_offset"":0.46875,""y_angle_offset"":-1.304789055718316}",13.9580876
28585386839800,fov,2976,"{""zoom"":1.0,""hfov"":90.0,""vfov"":58.71550750732422,""state"":0,""max_aov_h"":90.0,""max_aov_v"":58.71550750732422,""min_aov_h"":1.40625,""min_aov_v"":0.7910428047180176,""max_zoom"":64.0}",13.9715736
28585387351600,gimbal,2976,"{""imu_roll"":0.0,""imu_pitch"":3.0981252193450928,""imu_yaw"":8.028528213500977,""frame_roll"":0.0,""frame_pitch"":3.0981252193450928,""frame_yaw"":8.028528213500977,""pitch_speed"":0.0,""yaw_speed"":0.0}",13.9720854
28585394010900,target_offset,888,"{""x_angle_offset"":0.46875,""y_angle_offset"":-1.304789055718316}",13.9787447
28585407018400,fov,2977,"{""zoom"":1.0,""hfov"":90.0,""vfov"":58.71550750732422,""state"":0,""max_aov_h"":90.0,""max_aov_v"":58.71550750732422,""min_aov_h"":1.40625,""min_aov_v"":0.7910428047180176,""max_zoom"":64.0}",13.9917522
28585407329500,gimbal,2977,"{""imu_roll"":0.0,""imu_pitch"":2.862673282623291,""imu_yaw"":8.108396530151367,""frame_roll"":0.0,""frame_pitch"":2.862673282623291,""frame_yaw"":8.108396530151367,""pitch_speed"":0.0,""yaw_speed"":0.0}",13.9920633
28585412340000,target_offset,889,"{""x_angle_offset"":0.375,""y_angle_offset"":-1.304789055718316}",13.9970738
28585426928100,attitude,1421,"{""message_type"":""ATTITUDE"",""time_boot_ms"":133170,""roll"":0.16173388063907623,""pitch"":-0.6418362259864807,""yaw"":3.1264615058898926,""rollspeed"":0.26063501834869385,""pitchspeed"":-0.06104639545083046,""yawspeed"":0.022361572831869125}",14.0116619
28585427341100,fov,2978,"{""zoom"":1.0,""hfov"":90.0,""vfov"":58.71550750732422,""state"":0,""max_aov_h"":90.0,""max_aov_v"":58.71550750732422,""min_aov_h"":1.40625,""min_aov_v"":0.7910428047180176,""max_zoom"":64.0}",14.0120749
28585427551600,gimbal,2978,"{""imu_roll"":0.0,""imu_pitch"":2.6571152210235596,""imu_yaw"":8.177055358886719,""frame_roll"":0.0,""frame_pitch"":2.6571152210235596,""frame_yaw"":8.177055358886719,""pitch_speed"":0.0,""yaw_speed"":0.0}",14.0122854
28585435678600,target_offset,890,"{""x_angle_offset"":0.375,""y_angle_offset"":-1.304789055718316}",14.0204124
28585450807000,fov,2979,"{""zoom"":1.0,""hfov"":90.0,""vfov"":58.71550750732422,""state"":0,""max_aov_h"":90.0,""max_aov_v"":58.71550750732422,""min_aov_h"":1.40625,""min_aov_v"":0.7910428047180176,""max_zoom"":64.0}",14.0355408
28585451268300,gimbal,2979,"{""imu_roll"":0.0,""imu_pitch"":2.4463987350463867,""imu_yaw"":8.230875968933105,""frame_roll"":0.0,""frame_pitch"":2.4463987350463867,""frame_yaw"":8.230875968933105,""pitch_speed"":0.0,""yaw_speed"":0.0}",14.0360021
28585452662400,target_offset,891,"{""x_angle_offset"":0.28125,""y_angle_offset"":-1.4135214770281757}",14.0373962
28585467072300,attitude,1422,"{""message_type"":""ATTITUDE"",""time_boot_ms"":133210,""roll"":0.16809213161468506,""pitch"":-0.6360994577407837,""yaw"":3.1292364597320557,""rollspeed"":0.24393394589424133,""pitchspeed"":-0.03867333009839058,""yawspeed"":0.02442411333322525}",14.0518061
28585467184700,vfr,713,"{""message_type"":""VFR_HUD"",""airspeed"":45.17438507080078,""alt"":83.91999816894531}",14.0519185
28585467264100,position,713,"{""message_type"":""GLOBAL_POSITION_INT"",""lat"":469481569,""lon"":393491392}",14.0519979
28585467896400,fov,2980,"{""zoom"":1.0,""hfov"":90.0,""vfov"":58.71550750732422,""state"":0,""max_aov_h"":90.0,""max_aov_v"":58.71550750732422,""min_aov_h"":1.40625,""min_aov_v"":0.7910428047180176,""max_zoom"":64.0}",14.0526302
28585469003100,gimbal,2980,"{""imu_roll"":0.0,""imu_pitch"":2.2262206077575684,""imu_yaw"":8.289190292358398,""frame_roll"":0.0,""frame_pitch"":2.2262206077575684,""frame_yaw"":8.289190292358398,""pitch_speed"":0.0,""yaw_speed"":0.0}",14.0537369
28585474392100,target_offset,892,"{""x_angle_offset"":0.28125,""y_angle_offset"":-1.4135214770281757}",14.0591259
28585486704200,range,1355,"{""message_type"":""GLOBAL_VISION_POSITION_ESTIMATE"",""x"":46.947757720947266,""y"":39.34904098510742}",14.071438
28585487176100,fov,2981,"{""zoom"":1.0,""hfov"":90.0,""vfov"":58.71550750732422,""state"":0,""max_aov_h"":90.0,""max_aov_v"":58.71550750732422,""min_aov_h"":1.40625,""min_aov_v"":0.7910428047180176,""max_zoom"":64.0}",14.0719099
28585487368600,range,1356,"{""message_type"":""GLOBAL_VISION_POSITION_ESTIMATE"",""x"":46.947757720947266,""y"":39.34904098510742}",14.0721024
28585487744800,gimbal,2981,"{""imu_roll"":0.0,""imu_pitch"":1.9837777614593506,""imu_yaw"":8.327168464660645,""frame_roll"":0.0,""frame_pitch"":1.9837777614593506,""frame_yaw"":8.327168464660645,""pitch_speed"":0.0,""yaw_speed"":0.0}",14.0724786
28585496607500,target_offset,893,"{""x_angle_offset"":0.1875,""y_angle_offset"":-1.4135214770281757}",14.0813413
28585509219100,fov,2982,"{""zoom"":1.0,""hfov"":90.0,""vfov"":58.71550750732422,""state"":0,""max_aov_h"":90.0,""max_aov_v"":58.71550750732422,""min_aov_h"":1.40625,""min_aov_v"":0.7910428047180176,""max_zoom"":64.0}",14.0939529
28585511048900,gimbal,2982,"{""imu_roll"":0.0,""imu_pitch"":1.7384170293807983,""imu_yaw"":8.370869636535645,""frame_roll"":0.0,""frame_pitch"":1.7384170293807983,""frame_yaw"":8.370869636535645,""pitch_speed"":0.0,""yaw_speed"":0.0}",14.0957827
28585514413400,fov,2983,"{""zoom"":1.0,""hfov"":90.0,""vfov"":58.71550750732422,""state"":0,""max_aov_h"":90.0,""max_aov_v"":58.71550750732422,""min_aov_h"":1.40625,""min_aov_v"":0.7910428047180176,""max_zoom"":64.0}",14.0991472
28585514757700,gimbal,2983,"{""imu_roll"":0.0,""imu_pitch"":1.5106947422027588,""imu_yaw"":8.391084671020508,""frame_roll"":0.0,""frame_pitch"":1.5106947422027588,""frame_yaw"":8.391084671020508,""pitch_speed"":0.0,""yaw_speed"":0.0}",14.0994915
28585528252700,attitude,1423,"{""message_type"":""ATTITUDE"",""time_boot_ms"":133270,""roll"":0.1764509677886963,""pitch"":-0.6268516182899475,""yaw"":3.1337947845458984,""rollspeed"":0.2266159951686859,""pitchspeed"":-0.030698323622345924,""yawspeed"":0.02647649496793747}",14.1129865
28585535005100,fov,2984,"{""zoom"":1.0,""hfov"":90.0,""vfov"":58.71550750732422,""state"":0,""max_aov_h"":90.0,""max_aov_v"":58.71550750732422,""min_aov_h"":1.40625,""min_aov_v"":0.7910428047180176,""max_zoom"":64.0}",14.1197389
28585535320900,gimbal,2984,"{""imu_roll"":0.0,""imu_pitch"":1.3079534769058228,""imu_yaw"":8.401744842529297,""frame_roll"":0.0,""frame_pitch"":1.3079534769058228,""frame_yaw"":8.401744842529297,""pitch_speed"":0.0,""yaw_speed"":0.0}",14.1200547
28585558484300,target_offset,894,"{""x_angle_offset"":0.1875,""y_angle_offset"":0.21746484261971932}",14.1432181
28585570786600,fov,2985,"{""zoom"":1.0,""hfov"":90.0,""vfov"":58.71550750732422,""state"":0,""max_aov_h"":90.0,""max_aov_v"":58.71550750732422,""min_aov_h"":1.40625,""min_aov_v"":0.7910428047180176,""max_zoom"":64.0}",14.1555204
28585571272900,gimbal,2985,"{""imu_roll"":0.0,""imu_pitch"":1.1339638233184814,""imu_yaw"":8.405738830566406,""frame_roll"":0.0,""frame_pitch"":1.1339638233184814,""frame_yaw"":8.405738830566406,""pitch_speed"":0.0,""yaw_speed"":0.0}",14.1560067
28585581191900,fov,2986,"{""zoom"":1.0,""hfov"":90.0,""vfov"":58.71550750732422,""state"":0,""max_aov_h"":90.0,""max_aov_v"":58.71550750732422,""min_aov_h"":1.40625,""min_aov_v"":0.7910428047180176,""max_zoom"":64.0}",14.1659257
28585582347800,gimbal,2986,"{""imu_roll"":0.0,""imu_pitch"":1.2095885276794434,""imu_yaw"":8.435251235961914,""frame_roll"":0.0,""frame_pitch"":1.2095885276794434,""frame_yaw"":8.435251235961914,""pitch_speed"":0.0,""yaw_speed"":0.0}",14.1670816
28585585165600,target_offset,895,"{""x_angle_offset"":0.28125,""y_angle_offset"":0.326197263929579}",14.1698994
28585601403200,fov,2987,"{""zoom"":1.0,""hfov"":90.0,""vfov"":58.71550750732422,""state"":0,""max_aov_h"":90.0,""max_aov_v"":58.71550750732422,""min_aov_h"":1.40625,""min_aov_v"":0.7910428047180176,""max_zoom"":64.0}",14.186137
28585602341200,gimbal,2987,"{""imu_roll"":0.0,""imu_pitch"":1.273158073425293,""imu_yaw"":8.488944053649902,""frame_roll"":0.0,""frame_pitch"":1.273158073425293,""frame_yaw"":8.488944053649902,""pitch_speed"":0.0,""yaw_speed"":0.0}",14.187075
28585603761900,attitude,1424,"{""message_type"":""ATTITUDE"",""time_boot_ms"":133310,""roll"":0.1816599816083908,""pitch"":-0.6209210753440857,""yaw"":3.1369433403015137,""rollspeed"":0.22266021370887756,""pitchspeed"":-0.038716673851013184,""yawspeed"":0.027116850018501282}",14.1884957
28585604054800,vfr,714,"{""message_type"":""VFR_HUD"",""airspeed"":45.52701187133789,""alt"":80.68000030517578}",14.1887886
28585604309000,position,714,"{""message_type"":""GLOBAL_POSITION_INT"",""lat"":469481569,""lon"":393491392}",14.1890428
28585611385100,target_offset,896,"{""x_angle_offset"":0.28125,""y_angle_offset"":0.326197263929579}",14.1961189
28585622603400,range,1357,"{""message_type"":""GLOBAL_VISION_POSITION_ESTIMATE"",""x"":46.947757720947266,""y"":39.349037170410156}",14.2073372
28585626135300,fov,2988,"{""zoom"":1.0,""hfov"":90.0,""vfov"":58.71550750732422,""state"":0,""max_aov_h"":90.0,""max_aov_v"":58.71550750732422,""min_aov_h"":1.40625,""min_aov_v"":0.7910428047180176,""max_zoom"":64.0}",14.2108691
28585627187200,gimbal,2988,"{""imu_roll"":0.0,""imu_pitch"":1.3251949548721313,""imu_yaw"":8.530699729919434,""frame_roll"":0.0,""frame_pitch"":1.3251949548721313,""frame_yaw"":8.530699729919434,""pitch_speed"":0.0,""yaw_speed"":0.0}",14.211921
28585629382600,target_offset,897,"{""x_angle_offset"":0.5625,""y_angle_offset"":0.43492968523943865}",14.2141164
28585647266700,fov,2989,"{""zoom"":1.0,""hfov"":90.0,""vfov"":58.71550750732422,""state"":0,""max_aov_h"":90.0,""max_aov_v"":58.71550750732422,""min_aov_h"":1.40625,""min_aov_v"":0.7910428047180176,""max_zoom"":64.0}",14.2320005
28585648960000,gimbal,2989,"{""imu_roll"":0.0,""imu_pitch"":1.4259835481643677,""imu_yaw"":8.654385566711426,""frame_roll"":0.0,""frame_pitch"":1.4259835481643677,""frame_yaw"":8.654385566711426,""pitch_speed"":0.0,""yaw_speed"":0.0}",14.2336938
28585653770100,target_offset,898,"{""x_angle_offset"":0.5625,""y_angle_offset"":0.43492968523943865}",14.2385039
28585661901200,range,1358,"{""message_type"":""GLOBAL_VISION_POSITION_ESTIMATE"",""x"":46.947757720947266,""y"":39.349037170410156}",14.246635
28585665073900,fov,2990,"{""zoom"":1.0,""hfov"":90.0,""vfov"":58.71550750732422,""state"":0,""max_aov_h"":90.0,""max_aov_v"":58.71550750732422,""min_aov_h"":1.40625,""min_aov_v"":0.7910428047180176,""max_zoom"":64.0}",14.2498077
28585665619300,gimbal,2990,"{""imu_roll"":0.0,""imu_pitch"":1.490151286125183,""imu_yaw"":8.731319427490234,""frame_roll"":0.0,""frame_pitch"":1.490151286125183,""frame_yaw"":8.731319427490234,""pitch_speed"":0.0,""yaw_speed"":0.0}",14.2503531
28585668429000,target_offset,899,"{""x_angle_offset"":0.1875,""y_angle_offset"":0.0}",14.2531628
28585680650900,fov,2991,"{""zoom"":1.0,""hfov"":90.0,""vfov"":58.71550750732422,""state"":0,""max_aov_h"":90.0,""max_aov_v"":58.71550750732422,""min_aov_h"":1.40625,""min_aov_v"":0.7910428047180176,""max_zoom"":64.0}",14.2653847
28585681245300,target_offset,900,"{""x_angle_offset"":0.46875,""y_angle_offset"":0.43492968523943865}",14.2659791
28585690886200,gimbal,2991,"{""imu_roll"":0.0,""imu_pitch"":1.4871103763580322,""imu_yaw"":8.757669448852539,""frame_roll"":0.0,""frame_pitch"":1.4871103763580322,""frame_yaw"":8.757669448852539,""pitch_speed"":0.0,""yaw_speed"":0.0}",14.27562
28585699592600,fov,2992,"{""zoom"":1.0,""hfov"":90.0,""vfov"":58.71550750732422,""state"":0,""max_aov_h"":90.0,""max_aov_v"":58.71550750732422,""min_aov_h"":1.40625,""min_aov_v"":0.7910428047180176,""max_zoom"":64.0}",14.2843264
28585700122000,gimbal,2992,"{""imu_roll"":0.0,""imu_pitch"":1.5662336349487305,""imu_yaw"":8.83418083190918,""frame_roll"":0.0,""frame_pitch"":1.5662336349487305,""frame_yaw"":8.83418083190918,""pitch_speed"":0.0,""yaw_speed"":0.0}",14.2848558
28585701066000,target_offset,901,"{""x_angle_offset"":0.5625,""y_angle_offset"":0.326197263929579}",14.2857998
28585716052800,attitude,1425,"{""message_type"":""ATTITUDE"",""time_boot_ms"":133370,""roll"":0.19492115080356598,""pitch"":-0.6266348361968994,""yaw"":3.13816499710083,""rollspeed"":0.22561323642730713,""pitchspeed"":-0.054782308638095856,""yawspeed"":0.027886036783456802}",14.3007866
28585717682200,target_offset,902,"{""x_angle_offset"":0.5625,""y_angle_offset"":0.21746484261971932}",14.302416
28585728125500,fov,2993,"{""zoom"":1.0,""hfov"":90.0,""vfov"":58.71550750732422,""state"":0,""max_aov_h"":90.0,""max_aov_v"":58.71550750732422,""min_aov_h"":1.40625,""min_aov_v"":0.7910428047180176,""max_zoom"":64.0}",14.3128593
28585728488200,gimbal,2993,"{""imu_roll"":0.0,""imu_pitch"":1.6338160037994385,""imu_yaw"":8.944990158081055,""frame_roll"":0.0,""frame_pitch"":1.6338160037994385,""frame_yaw"":8.944990158081055,""pitch_speed"":0.0,""yaw_speed"":0.0}",14.313222
28585736979900,fov,2994,"{""zoom"":1.0,""hfov"":90.0,""vfov"":58.71550750732422,""state"":0,""max_aov_h"":90.0,""max_aov_v"":58.71550750732422,""min_aov_h"":1.40625,""min_aov_v"":0.7910428047180176,""max_zoom"":64.0}",14.3217137
28585737410500,gimbal,2994,"{""imu_roll"":0.0,""imu_pitch"":1.6599836349487305,""imu_yaw"":9.019500732421875,""frame_roll"":0.0,""frame_pitch"":1.6599836349487305,""frame_yaw"":9.019500732421875,""pitch_speed"":0.0,""yaw_speed"":0.0}",14.3221443
28585738485500,target_offset,903,"{""x_angle_offset"":0.5625,""y_angle_offset"":0.10873242130985966}",14.3232193
28585756785500,target_offset,904,"{""x_angle_offset"":0.5625,""y_angle_offset"":0.10873242130985966}",14.3415193
28585764871300,vfr,715,"{""message_type"":""VFR_HUD"",""airspeed"":45.867488861083984,""alt"":77.37999725341797}",14.3496051
28585766120200,position,715,"{""message_type"":""GLOBAL_POSITION_INT"",""lat"":469480749,""lon"":393491345}",14.350854
28585767206600,attitude,1426,"{""message_type"":""ATTITUDE"",""time_boot_ms"":133410,""roll"":0.20555299520492554,""pitch"":-0.6343279480934143,""yaw"":3.1381092071533203,""rollspeed"":0.2290015071630478,""pitchspeed"":-0.024009570479393005,""yawspeed"":0.03149235621094704}",14.3519404
28585768802500,fov,2995,"{""zoom"":1.0,""hfov"":90.0,""vfov"":58.71550750732422,""state"":0,""max_aov_h"":90.0,""max_aov_v"":58.71550750732422,""min_aov_h"":1.40625,""min_aov_v"":0.7910428047180176,""max_zoom"":64.0}",14.3535363
28585769086200,gimbal,2995,"{""imu_roll"":0.0,""imu_pitch"":1.6788722276687622,""imu_yaw"":9.121445655822754,""frame_roll"":0.0,""frame_pitch"":1.6788722276687622,""frame_yaw"":9.121445655822754,""pitch_speed"":0.0,""yaw_speed"":0.0}",14.35382
28585771017000,range,1359,"{""message_type"":""GLOBAL_VISION_POSITION_ESTIMATE"",""x"":46.94767761230469,""y"":39.349021911621094}",14.3557508
28585777355800,target_offset,905,"{""x_angle_offset"":0.5625,""y_angle_offset"":-0.21746484261971932}",14.3620896
28585785850700,range,1360,"{""message_type"":""GLOBAL_VISION_POSITION_ESTIMATE"",""x"":46.94767761230469,""y"":39.349021911621094}",14.3705845
28585788108300,fov,2996,"{""zoom"":1.0,""hfov"":90.0,""vfov"":58.71550750732422,""state"":0,""max_aov_h"":90.0,""max_aov_v"":58.71550750732422,""min_aov_h"":1.40625,""min_aov_v"":0.7910428047180176,""max_zoom"":64.0}",14.3728421
28585788441600,gimbal,2996,"{""imu_roll"":0.0,""imu_pitch"":1.6953340768814087,""imu_yaw"":9.209663391113281,""frame_roll"":0.0,""frame_pitch"":1.6953340768814087,""frame_yaw"":9.209663391113281,""pitch_speed"":0.0,""yaw_speed"":0.0}",14.3731754
28585793579500,target_offset,906,"{""x_angle_offset"":0.5625,""y_angle_offset"":-0.21746484261971932}",14.3783133
28585808017600,fov,2997,"{""zoom"":1.0,""hfov"":90.0,""vfov"":58.71550750732422,""state"":0,""max_aov_h"":90.0,""max_aov_v"":58.71550750732422,""min_aov_h"":1.40625,""min_aov_v"":0.7910428047180176,""max_zoom"":64.0}",14.3927514
28585808387700,gimbal,2997,"{""imu_roll"":0.0,""imu_pitch"":1.6258952617645264,""imu_yaw"":9.340747833251953,""frame_roll"":0.0,""frame_pitch"":1.6258952617645264,""frame_yaw"":9.340747833251953,""pitch_speed"":0.0,""yaw_speed"":0.0}",14.3931215
28585815178100,attitude,1427,"{""message_type"":""ATTITUDE"",""time_boot_ms"":133470,""roll"":0.22076936066150665,""pitch"":-0.6424049139022827,""yaw"":3.1392176151275635,""rollspeed"":0.22576841711997986,""pitchspeed"":0.0528523325920105,""yawspeed"":0.03979868441820145}",14.3999119
28585841846800,target_offset,907,"{""x_angle_offset"":0.5625,""y_angle_offset"":-0.326197263929579}",14.4265806
28585848042400,vfr,716,"{""message_type"":""VFR_HUD"",""airspeed"":46.217777252197266,""alt"":74.0199966430664}",14.4327762
28585848181800,position,716,"{""message_type"":""GLOBAL_POSITION_INT"",""lat"":469480749,""lon"":393491345}",14.4329156
28585848440400,attitude,1428,"{""message_type"":""ATTITUDE"",""time_boot_ms"":133510,""roll"":0.2299351692199707,""pitch"":-0.6453464031219482,""yaw"":3.140908718109131,""rollspeed"":0.21480236947536469,""pitchspeed"":0.1030975803732872,""yawspeed"":0.045942630618810654}",14.4331742
28585849220600,fov,2998,"{""zoom"":1.0,""hfov"":90.0,""vfov"":58.71550750732422,""state"":0,""max_aov_h"":90.0,""max_aov_v"":58.71550750732422,""min_aov_h"":1.40625,""min_aov_v"":0.7910428047180176,""max_zoom"":64.0}",14.4339544
28585850167500,gimbal,2998,"{""imu_roll"":0.0,""imu_pitch"":1.5728387832641602,""imu_yaw"":9.359583854675293,""frame_roll"":0.0,""frame_pitch"":1.5728387832641602,""frame_yaw"":9.359583854675293,""pitch_speed"":0.0,""yaw_speed"":0.0}",14.4349013
28585862513200,target_offset,908,"{""x_angle_offset"":0.5625,""y_angle_offset"":-0.652394527859158}",14.447247
28585870538400,fov,2999,"{""zoom"":1.0,""hfov"":90.0,""vfov"":58.71550750732422,""state"":0,""max_aov_h"":90.0,""max_aov_v"":58.71550750732422,""min_aov_h"":1.40625,""min_aov_v"":0.7910428047180176,""max_zoom"":64.0}",14.4552722
28585870887500,gimbal,2999,"{""imu_roll"":0.0,""imu_pitch"":1.5162830352783203,""imu_yaw"":9.445612907409668,""frame_roll"":0.0,""frame_pitch"":1.5162830352783203,""frame_yaw"":9.445612907409668,""pitch_speed"":0.0,""yaw_speed"":0.0}",14.4556213
28585880808400,target_offset,909,"{""x_angle_offset"":0.65625,""y_angle_offset"":-0.652394527859158}",14.4655422
28585888699800,fov,3000,"{""zoom"":1.0,""hfov"":90.0,""vfov"":58.71550750732422,""state"":0,""max_aov_h"":90.0,""max_aov_v"":58.71550750732422,""min_aov_h"":1.40625,""min_aov_v"":0.7910428047180176,""max_zoom"":64.0}",14.4734336
28585888956700,gimbal,3000,"{""imu_roll"":0.0,""imu_pitch"":1.3968952894210815,""imu_yaw"":9.506052017211914,""frame_roll"":0.0,""frame_pitch"":1.3968952894210815,""frame_yaw"":9.506052017211914,""pitch_speed"":0.0,""yaw_speed"":0.0}",14.4736905
28585899583200,target_offset,910,"{""x_angle_offset"":0.9375,""y_angle_offset"":-0.652394527859158}",14.484317
28585904979100,attitude,1429,"{""message_type"":""ATTITUDE"",""time_boot_ms"":133570,""roll"":0.24211768805980682,""pitch"":-0.6450245380401611,""yaw"":-3.138587236404419,""rollspeed"":0.18814192712306976,""pitchspeed"":0.158590167760849,""yawspeed"":0.05425943806767464}",14.4897129
28585917908300,fov,3001,"{""zoom"":1.0,""hfov"":90.0,""vfov"":58.71550750732422,""state"":0,""max_aov_h"":90.0,""max_aov_v"":58.71550750732422,""min_aov_h"":1.40625,""min_aov_v"":0.7910428047180176,""max_zoom"":64.0}",14.5026421
28585918262100,gimbal,3001,"{""imu_roll"":0.0,""imu_pitch"":1.167282223701477,""imu_yaw"":9.7135648727417,""frame_roll"":0.0,""frame_pitch"":1.167282223701477,""frame_yaw"":9.7135648727417,""pitch_speed"":0.0,""yaw_speed"":0.0}",14.5029959
28585927228600,range,1361,"{""message_type"":""GLOBAL_VISION_POSITION_ESTIMATE"",""x"":46.94768142700195,""y"":39.34901428222656}",14.5119624
28585937701900,target_offset,911,"{""x_angle_offset"":1.21875,""y_angle_offset"":-0.652394527859158}",14.5224357
28585945122800,range,1362,"{""message_type"":""GLOBAL_VISION_POSITION_ESTIMATE"",""x"":46.94768142700195,""y"":39.34901428222656}",14.5298566
28585946048400,attitude,1430,"{""message_type"":""ATTITUDE"",""time_boot_ms"":133610,""roll"":0.24928636848926544,""pitch"":-0.6410902142524719,""yaw"":-3.13570499420166,""rollspeed"":0.161249041557312,""pitchspeed"":0.17976588010787964,""yawspeed"":0.05851994827389717}",14.5307822
28585946570800,vfr,717,"{""message_type"":""VFR_HUD"",""airspeed"":46.57398223876953,""alt"":70.61000061035156}",14.5313046
28585947823500,position,717,"{""message_type"":""GLOBAL_POSITION_INT"",""lat"":469480011,""lon"":393491328}",14.5325573
28585948107500,fov,3002,"{""zoom"":1.0,""hfov"":90.0,""vfov"":58.71550750732422,""state"":0,""max_aov_h"":90.0,""max_aov_v"":58.71550750732422,""min_aov_h"":1.40625,""min_aov_v"":0.7910428047180176,""max_zoom"":64.0}",14.5328413
28585948371000,gimbal,3002,"{""imu_roll"":0.0,""imu_pitch"":1.0764468908309937,""imu_yaw"":9.76190185546875,""frame_roll"":0.0,""frame_pitch"":1.0764468908309937,""frame_yaw"":9.76190185546875,""pitch_speed"":0.0,""yaw_speed"":0.0}",14.5331048
28585956623200,fov,3003,"{""zoom"":1.0,""hfov"":90.0,""vfov"":58.71550750732422,""state"":0,""max_aov_h"":90.0,""max_aov_v"":58.71550750732422,""min_aov_h"":1.40625,""min_aov_v"":0.7910428047180176,""max_zoom"":64.0}",14.541357
28585958326400,gimbal,3003,"{""imu_roll"":0.0,""imu_pitch"":0.9677083492279053,""imu_yaw"":9.954380989074707,""frame_roll"":0.0,""frame_pitch"":0.9677083492279053,""frame_yaw"":9.954380989074707,""pitch_speed"":0.0,""yaw_speed"":0.0}",14.5430602
28585959341400,target_offset,912,"{""x_angle_offset"":1.21875,""y_angle_offset"":-0.652394527859158}",14.5440752
28585976907800,target_offset,913,"{""x_angle_offset"":1.3125,""y_angle_offset"":-0.652394527859158}",14.5616416
28585985074000,fov,3004,"{""zoom"":1.0,""hfov"":90.0,""vfov"":58.71550750732422,""state"":0,""max_aov_h"":90.0,""max_aov_v"":58.71550750732422,""min_aov_h"":1.40625,""min_aov_v"":0.7910428047180176,""max_zoom"":64.0}",14.5698078
28585985374300,gimbal,3004,"{""imu_roll"":0.0,""imu_pitch"":0.8409464359283447,""imu_yaw"":10.157523155212402,""frame_roll"":0.0,""frame_pitch"":0.8409464359283447,""frame_yaw"":10.157523155212402,""pitch_speed"":0.0,""yaw_speed"":0.0}",14.5701081
28585994278400,target_offset,914,"{""x_angle_offset"":1.6875,""y_angle_offset"":-0.21746484261971932}",14.5790122
28586001731800,fov,3005,"{""zoom"":1.0,""hfov"":90.0,""vfov"":58.71550750732422,""state"":0,""max_aov_h"":90.0,""max_aov_v"":58.71550750732422,""min_aov_h"":1.40625,""min_aov_v"":0.7910428047180176,""max_zoom"":64.0}",14.5864656
28586002000300,gimbal,3005,"{""imu_roll"":0.0,""imu_pitch"":0.7257665395736694,""imu_yaw"":10.356207847595215,""frame_roll"":0.0,""frame_pitch"":0.7257665395736694,""frame_yaw"":10.356207847595215,""pitch_speed"":0.0,""yaw_speed"":0.0}",14.5867341
28586002891300,attitude,1431,"{""message_type"":""ATTITUDE"",""time_boot_ms"":133670,""roll"":0.2573811113834381,""pitch"":-0.6346982717514038,""yaw"":-3.130903720855713,""rollspeed"":0.11187130957841873,""pitchspeed"":0.18524952232837677,""yawspeed"":0.06254242360591888}",14.5876251
28586014984700,target_offset,915,"{""x_angle_offset"":1.6875,""y_angle_offset"":-0.21746484261971932}",14.5997185
28586026574100,fov,3006,"{""zoom"":1.0,""hfov"":90.0,""vfov"":58.71550750732422,""state"":0,""max_aov_h"":90.0,""max_aov_v"":58.71550750732422,""min_aov_h"":1.40625,""min_aov_v"":0.7910428047180176,""max_zoom"":64.0}",14.6113079
28586026987200,gimbal,3006,"{""imu_roll"":0.0,""imu_pitch"":0.703310489654541,""imu_yaw"":10.623260498046875,""frame_roll"":0.0,""frame_pitch"":0.703310489654541,""frame_yaw"":10.623260498046875,""pitch_speed"":0.0,""yaw_speed"":0.0}",14.611721
28586035867700,fov,3007,"{""zoom"":1.0,""hfov"":90.0,""vfov"":58.71550750732422,""state"":0,""max_aov_h"":90.0,""max_aov_v"":58.71550750732422,""min_aov_h"":1.40625,""min_aov_v"":0.7910428047180176,""max_zoom"":64.0}",14.6206015
28586036574400,gimbal,3007,"{""imu_roll"":0.0,""imu_pitch"":0.6672796010971069,""imu_yaw"":10.854022979736328,""frame_roll"":0.0,""frame_pitch"":0.6672796010971069,""frame_yaw"":10.854022979736328,""pitch_speed"":0.0,""yaw_speed"":0.0}",14.6213082
28586037577200,target_offset,916,"{""x_angle_offset"":1.6875,""y_angle_offset"":-0.10873242130985966}",14.622311
28586047773700,attitude,1432,"{""message_type"":""ATTITUDE"",""time_boot_ms"":133710,""roll"":0.26113161444664,""pitch"":-0.6307110786437988,""yaw"":-3.12766432762146,""rollspeed"":0.07943344861268997,""pitchspeed"":0.17685015499591827,""yawspeed"":0.06421833485364914}",14.6325075
28586048011700,vfr,718,"{""message_type"":""VFR_HUD"",""airspeed"":46.93335723876953,""alt"":67.18999481201172}",14.6327455
28586048180200,position,718,"{""message_type"":""GLOBAL_POSITION_INT"",""lat"":469480011,""lon"":393491328}",14.632914
28586055658500,target_offset,917,"{""x_angle_offset"":1.78125,""y_angle_offset"":0.0}",14.6403923
28586067298600,fov,3008,"{""zoom"":1.0,""hfov"":90.0,""vfov"":58.71550750732422,""state"":0,""max_aov_h"":90.0,""max_aov_v"":58.71550750732422,""min_aov_h"":1.40625,""min_aov_v"":0.7910428047180176,""max_zoom"":64.0}",14.6520324
28586067995700,gimbal,3008,"{""imu_roll"":0.0,""imu_pitch"":0.6425809264183044,""imu_yaw"":11.17271900177002,""frame_roll"":0.0,""frame_pitch"":0.6425809264183044,""frame_yaw"":11.17271900177002,""pitch_speed"":0.0,""yaw_speed"":0.0}",14.6527295
28586074542500,target_offset,918,"{""x_angle_offset"":1.78125,""y_angle_offset"":0.10873242130985966}",14.6592763
28586082279700,fov,3009,"{""zoom"":1.0,""hfov"":90.0,""vfov"":58.71550750732422,""state"":0,""max_aov_h"":90.0,""max_aov_v"":58.71550750732422,""min_aov_h"":1.40625,""min_aov_v"":0.7910428047180176,""max_zoom"":64.0}",14.6670135
28586082510600,gimbal,3009,"{""imu_roll"":0.0,""imu_pitch"":0.6459771394729614,""imu_yaw"":11.437755584716797,""frame_roll"":0.0,""frame_pitch"":0.6459771394729614,""frame_yaw"":11.437755584716797,""pitch_speed"":0.0,""yaw_speed"":0.0}",14.6672444
28586095957100,target_offset,919,"{""x_angle_offset"":1.875,""y_angle_offset"":0.10873242130985966}",14.6806909
28586104723100,range,1363,"{""message_type"":""GLOBAL_VISION_POSITION_ESTIMATE"",""x"":46.9476432800293,""y"":39.34899139404297}",14.6894569
28586107872700,fov,3010,"{""zoom"":1.0,""hfov"":90.0,""vfov"":58.71550750732422,""state"":0,""max_aov_h"":90.0,""max_aov_v"":58.71550750732422,""min_aov_h"":1.40625,""min_aov_v"":0.7910428047180176,""max_zoom"":64.0}",14.6926065
28586108437500,gimbal,3010,"{""imu_roll"":0.0,""imu_pitch"":0.6647985577583313,""imu_yaw"":11.68762493133545,""frame_roll"":0.0,""frame_pitch"":0.6647985577583313,""frame_yaw"":11.68762493133545,""pitch_speed"":0.0,""yaw_speed"":0.0}",14.6931713
28586108653700,range,1364,"{""message_type"":""GLOBAL_VISION_POSITION_ESTIMATE"",""x"":46.9476432800293,""y"":39.34899139404297}",14.6933875
28586108979100,attitude,1433,"{""message_type"":""ATTITUDE"",""time_boot_ms"":133770,""roll"":0.2641604244709015,""pitch"":-0.6258077621459961,""yaw"":-3.1230862140655518,""rollspeed"":0.022013066336512566,""pitchspeed"":0.1528797149658203,""yawspeed"":0.06470116972923279}",14.6937129
28586113890900,target_offset,920,"{""x_angle_offset"":1.96875,""y_angle_offset"":0.21746484261971932}",14.6986247
28586125714400,fov,3011,"{""zoom"":1.0,""hfov"":90.0,""vfov"":58.71550750732422,""state"":0,""max_aov_h"":90.0,""max_aov_v"":58.71550750732422,""min_aov_h"":1.40625,""min_aov_v"":0.7910428047180176,""max_zoom"":64.0}",14.7104482
28586126164500,gimbal,3011,"{""imu_roll"":0.0,""imu_pitch"":0.6813404560089111,""imu_yaw"":11.982712745666504,""frame_roll"":0.0,""frame_pitch"":0.6813404560089111,""frame_yaw"":11.982712745666504,""pitch_speed"":0.0,""yaw_speed"":0.0}",14.7108983
28586136577700,fov,3012,"{""zoom"":1.0,""hfov"":90.0,""vfov"":58.71550750732422,""state"":0,""max_aov_h"":90.0,""max_aov_v"":58.71550750732422,""min_aov_h"":1.40625,""min_aov_v"":0.7910428047180176,""max_zoom"":64.0}",14.7213115
28586136940500,gimbal,3012,"{""imu_roll"":0.0,""imu_pitch"":0.7204691767692566,""imu_yaw"":12.277823448181152,""frame_roll"":0.0,""frame_pitch"":0.7204691767692566,""frame_yaw"":12.277823448181152,""pitch_speed"":0.0,""yaw_speed"":0.0}",14.7216743
28586137542800,target_offset,921,"{""x_angle_offset"":1.96875,""y_angle_offset"":0.21746484261971932}",14.7222766
28586149176400,attitude,1434,"{""message_type"":""ATTITUDE"",""time_boot_ms"":133810,""roll"":0.2622019052505493,""pitch"":-0.623396635055542,""yaw"":-3.118938684463501,""rollspeed"":-0.01656298153102398,""pitchspeed"":0.1360255628824234,""yawspeed"":0.06384965777397156}",14.7339102
28586149436000,vfr,719,"{""message_type"":""VFR_HUD"",""airspeed"":47.29414749145508,""alt"":63.7599983215332}",14.7341698
28586149604700,position,719,"{""message_type"":""GLOBAL_POSITION_INT"",""lat"":469479181,""lon"":393491247}",14.7343385
28586154447100,target_offset,922,"{""x_angle_offset"":2.0625,""y_angle_offset"":0.21746484261971932}",14.7391809
28586166505600,fov,3013,"{""zoom"":1.0,""hfov"":90.0,""vfov"":58.71550750732422,""state"":0,""max_aov_h"":90.0,""max_aov_v"":58.71550750732422,""min_aov_h"":1.40625,""min_aov_v"":0.7910428047180176,""max_zoom"":64.0}",14.7512394
28586167009000,gimbal,3013,"{""imu_roll"":0.0,""imu_pitch"":0.753048300743103,""imu_yaw"":12.587258338928223,""frame_roll"":0.0,""frame_pitch"":0.753048300743103,""frame_yaw"":12.587258338928223,""pitch_speed"":0.0,""yaw_speed"":0.0}",14.7517428
28586174442700,target_offset,923,"{""x_angle_offset"":2.53125,""y_angle_offset"":0.326197263929579}",14.7591765
28586183077100,fov,3014,"{""zoom"":1.0,""hfov"":90.0,""vfov"":58.71550750732422,""state"":0,""max_aov_h"":90.0,""max_aov_v"":58.71550750732422,""min_aov_h"":1.40625,""min_aov_v"":0.7910428047180176,""max_zoom"":64.0}",14.7678109
28586183491700,gimbal,3014,"{""imu_roll"":0.0,""imu_pitch"":0.7846297025680542,""imu_yaw"":12.887361526489258,""frame_roll"":0.0,""frame_pitch"":0.7846297025680542,""frame_yaw"":12.887361526489258,""pitch_speed"":0.0,""yaw_speed"":0.0}",14.7682255
28586195539600,target_offset,924,"{""x_angle_offset"":2.53125,""y_angle_offset"":0.326197263929579}",14.7802734
28586204464100,fov,3015,"{""zoom"":1.0,""hfov"":90.0,""vfov"":58.71550750732422,""state"":0,""max_aov_h"":90.0,""max_aov_v"":58.71550750732422,""min_aov_h"":1.40625,""min_aov_v"":0.7910428047180176,""max_zoom"":64.0}",14.7891979
28586204821600,gimbal,3015,"{""imu_roll"":0.0,""imu_pitch"":0.8417420983314514,""imu_yaw"":13.29637622833252,""frame_roll"":0.0,""frame_pitch"":0.8417420983314514,""frame_yaw"":13.29637622833252,""pitch_speed"":0.0,""yaw_speed"":0.0}",14.7895554
28586210220000,attitude,1435,"{""message_type"":""ATTITUDE"",""time_boot_ms"":133870,""roll"":0.25703951716423035,""pitch"":-0.6209074854850769,""yaw"":-3.1132559776306152,""rollspeed"":-0.06533890217542648,""pitchspeed"":0.11202549934387207,""yawspeed"":0.06126322224736214}",14.7949538
28586214979900,fov,3016,"{""zoom"":1.0,""hfov"":90.0,""vfov"":58.71550750732422,""state"":0,""max_aov_h"":90.0,""max_aov_v"":58.71550750732422,""min_aov_h"":1.40625,""min_aov_v"":0.7910428047180176,""max_zoom"":64.0}",14.7997137
28586215384600,gimbal,3016,"{""imu_roll"":0.0,""imu_pitch"":0.8942310214042664,""imu_yaw"":13.70287799835205,""frame_roll"":0.0,""frame_pitch"":0.8942310214042664,""frame_yaw"":13.70287799835205,""pitch_speed"":0.0,""yaw_speed"":0.0}",14.8001184
28586233631800,target_offset,925,"{""x_angle_offset"":3.28125,""y_angle_offset"":0.21746484261971932}",14.8183656
28586241396900,fov,3017,"{""zoom"":1.0,""hfov"":90.0,""vfov"":58.71550750732422,""state"":0,""max_aov_h"":90.0,""max_aov_v"":58.71550750732422,""min_aov_h"":1.40625,""min_aov_v"":0.7910428047180176,""max_zoom"":64.0}",14.8261307
28586241817900,gimbal,3017,"{""imu_roll"":0.0,""imu_pitch"":0.9331703782081604,""imu_yaw"":13.982870101928711,""frame_roll"":0.0,""frame_pitch"":0.9331703782081604,""frame_yaw"":13.982870101928711,""pitch_speed"":0.0,""yaw_speed"":0.0}",14.8265517
28586252907100,target_offset,926,"{""x_angle_offset"":3.5625,""y_angle_offset"":0.21746484261971932}",14.8376409
28586259077500,range,1365,"{""message_type"":""GLOBAL_VISION_POSITION_ESTIMATE"",""x"":46.94758224487305,""y"":39.34895324707031}",14.8438113
28586260943000,vfr,720,"{""message_type"":""VFR_HUD"",""airspeed"":47.655086517333984,""alt"":60.3599967956543}",14.8456768
28586261763500,position,720,"{""message_type"":""GLOBAL_POSITION_INT"",""lat"":469479181,""lon"":393491247}",14.8464973
28586262201100,attitude,1436,"{""message_type"":""ATTITUDE"",""time_boot_ms"":133910,""roll"":0.2524468004703522,""pitch"":-0.6198984384536743,""yaw"":-3.109823226928711,""rollspeed"":-0.09000971913337708,""pitchspeed"":0.09884469956159592,""yawspeed"":0.05897899344563484}",14.8469349
28586263063500,fov,3018,"{""zoom"":1.0,""hfov"":90.0,""vfov"":58.71550750732422,""state"":0,""max_aov_h"":90.0,""max_aov_v"":58.71550750732422,""min_aov_h"":1.40625,""min_aov_v"":0.7910428047180176,""max_zoom"":64.0}",14.8477973
28586263379300,gimbal,3018,"{""imu_roll"":0.0,""imu_pitch"":0.9648690223693848,""imu_yaw"":14.532767295837402,""frame_roll"":0.0,""frame_pitch"":0.9648690223693848,""frame_yaw"":14.532767295837402,""pitch_speed"":0.0,""yaw_speed"":0.0}",14.8481131
28586271984300,target_offset,927,"{""x_angle_offset"":3.84375,""y_angle_offset"":0.10873242130985966}",14.8567181
28586284266300,range,1366,"{""message_type"":""GLOBAL_VISION_POSITION_ESTIMATE"",""x"":46.94758224487305,""y"":39.34895324707031}",14.8690001
28586285188800,fov,3019,"{""zoom"":1.0,""hfov"":90.0,""vfov"":58.71550750732422,""state"":0,""max_aov_h"":90.0,""max_aov_v"":58.71550750732422,""min_aov_h"":1.40625,""min_aov_v"":0.7910428047180176,""max_zoom"":64.0}",14.8699226
28586285442400,gimbal,3019,"{""imu_roll"":0.0,""imu_pitch"":0.9999717473983765,""imu_yaw"":15.10173511505127,""frame_roll"":0.0,""frame_pitch"":0.9999717473983765,""frame_yaw"":15.10173511505127,""pitch_speed"":0.0,""yaw_speed"":0.0}",14.8701762
28586294334400,target_offset,928,"{""x_angle_offset"":4.21875,""y_angle_offset"":0.10873242130985966}",14.8790682
28586304249500,fov,3020,"{""zoom"":1.0,""hfov"":90.0,""vfov"":58.71550750732422,""state"":0,""max_aov_h"":90.0,""max_aov_v"":58.71550750732422,""min_aov_h"":1.40625,""min_aov_v"":0.7910428047180176,""max_zoom"":64.0}",14.8889833
28586304610600,gimbal,3020,"{""imu_roll"":0.0,""imu_pitch"":1.01075279712677,""imu_yaw"":15.725388526916504,""frame_roll"":0.0,""frame_pitch"":1.01075279712677,""frame_yaw"":15.725388526916504,""pitch_speed"":0.0,""yaw_speed"":0.0}",14.8893444
28586311510900,target_offset,929,"{""x_angle_offset"":4.6875,""y_angle_offset"":-0.21746484261971932}",14.8962447
28586320586000,attitude,1437,"{""message_type"":""ATTITUDE"",""time_boot_ms"":133970,""roll"":0.24437493085861206,""pitch"":-0.6191012263298035,""yaw"":-3.105167865753174,""rollspeed"":-0.11629641056060791,""pitchspeed"":0.08378272503614426,""yawspeed"":0.0549236424267292}",14.9053198
28586324359200,fov,3021,"{""zoom"":1.0,""hfov"":90.0,""vfov"":58.71550750732422,""state"":0,""max_aov_h"":90.0,""max_aov_v"":58.71550750732422,""min_aov_h"":1.40625,""min_aov_v"":0.7910428047180176,""max_zoom"":64.0}",14.909093
28586324722200,gimbal,3021,"{""imu_roll"":0.0,""imu_pitch"":1.028245449066162,""imu_yaw"":16.419986724853516,""frame_roll"":0.0,""frame_pitch"":1.028245449066162,""frame_yaw"":16.419986724853516,""pitch_speed"":0.0,""yaw_speed"":0.0}",14.909456
28586331314400,target_offset,930,"{""x_angle_offset"":5.15625,""y_angle_offset"":-0.326197263929579}",14.9160482
28586343116900,fov,3022,"{""zoom"":1.0,""hfov"":90.0,""vfov"":58.71550750732422,""state"":0,""max_aov_h"":90.0,""max_aov_v"":58.71550750732422,""min_aov_h"":1.40625,""min_aov_v"":0.7910428047180176,""max_zoom"":64.0}",14.9278507
28586343460200,gimbal,3022,"{""imu_roll"":0.0,""imu_pitch"":0.9798247218132019,""imu_yaw"":17.209802627563477,""frame_roll"":0.0,""frame_pitch"":0.9798247218132019,""frame_yaw"":17.209802627563477,""pitch_speed"":0.0,""yaw_speed"":0.0}",14.928194
28586351692000,target_offset,931,"{""x_angle_offset"":5.90625,""y_angle_offset"":-0.326197263929579}",14.9364258
28586358771700,position,721,"{""message_type"":""GLOBAL_POSITION_INT"",""lat"":469478362,""lon"":393491133}",14.9435055
28586359201900,attitude,1438,"{""message_type"":""ATTITUDE"",""time_boot_ms"":134010,""roll"":0.23859137296676636,""pitch"":-0.617512583732605,""yaw"":-3.1023647785186768,""rollspeed"":-0.124908447265625,""pitchspeed"":0.07711812853813171,""yawspeed"":0.05199425294995308}",14.9439357
28586359418100,vfr,721,"{""message_type"":""VFR_HUD"",""airspeed"":47.99721908569336,""alt"":56.97999954223633}",14.9441519
28586360892800,fov,3023,"{""zoom"":1.0,""hfov"":90.0,""vfov"":58.71550750732422,""state"":0,""max_aov_h"":90.0,""max_aov_v"":58.71550750732422,""min_aov_h"":1.40625,""min_aov_v"":0.7910428047180176,""max_zoom"":64.0}",14.9456266
28586361185100,gimbal,3023,"{""imu_roll"":0.0,""imu_pitch"":0.9232549667358398,""imu_yaw"":18.015331268310547,""frame_roll"":0.0,""frame_pitch"":0.9232549667358398,""frame_yaw"":18.015331268310547,""pitch_speed"":0.0,""yaw_speed"":0.0}",14.9459189
28586372773700,target_offset,932,"{""x_angle_offset"":6.375,""y_angle_offset"":-0.7611269491690176}",14.9575075
28586383974200,fov,3024,"{""zoom"":1.0,""hfov"":90.0,""vfov"":58.71550750732422,""state"":0,""max_aov_h"":90.0,""max_aov_v"":58.71550750732422,""min_aov_h"":1.40625,""min_aov_v"":0.7910428047180176,""max_zoom"":64.0}",14.968708
28586384389700,gimbal,3024,"{""imu_roll"":0.0,""imu_pitch"":0.8640621900558472,""imu_yaw"":19.04947280883789,""frame_roll"":0.0,""frame_pitch"":0.8640621900558472,""frame_yaw"":19.04947280883789,""pitch_speed"":0.0,""yaw_speed"":0.0}",14.9691235
28586390771000,target_offset,933,"{""x_angle_offset"":7.3125,""y_angle_offset"":-0.7611269491690176}",14.9755048
28586400172900,fov,3025,"{""zoom"":1.0,""hfov"":90.0,""vfov"":58.71550750732422,""state"":0,""max_aov_h"":90.0,""max_aov_v"":58.71550750732422,""min_aov_h"":1.40625,""min_aov_v"":0.7910428047180176,""max_zoom"":64.0}",14.9849067
28586400559400,gimbal,3025,"{""imu_roll"":0.0,""imu_pitch"":0.7280052900314331,""imu_yaw"":20.055801391601562,""frame_roll"":0.0,""frame_pitch"":0.7280052900314331,""frame_yaw"":20.055801391601562,""pitch_speed"":0.0,""yaw_speed"":0.0}",14.9852932
28586409548500,range,1367,"{""message_type"":""GLOBAL_VISION_POSITION_ESTIMATE"",""x"":46.947547912597656,""y"":39.34889602661133}",14.9942823
28586409935900,target_offset,934,"{""x_angle_offset"":8.71875,""y_angle_offset"":-0.8698593704788773}",14.9946697
28586417573000,fov,3026,"{""zoom"":1.0,""hfov"":90.0,""vfov"":58.71550750732422,""state"":0,""max_aov_h"":90.0,""max_aov_v"":58.71550750732422,""min_aov_h"":1.40625,""min_aov_v"":0.7910428047180176,""max_zoom"":64.0}",15.0023068
28586417944900,range,1368,"{""message_type"":""GLOBAL_VISION_POSITION_ESTIMATE"",""x"":46.947547912597656,""y"":39.34889602661133}",15.0026787
28586418138200,gimbal,3026,"{""imu_roll"":0.0,""imu_pitch"":0.6016159057617188,""imu_yaw"":21.27630043029785,""frame_roll"":0.0,""frame_pitch"":0.6016159057617188,""frame_yaw"":21.27630043029785,""pitch_speed"":0.0,""yaw_speed"":0.0}",15.002872
28586418555700,attitude,1439,"{""message_type"":""ATTITUDE"",""time_boot_ms"":134070,""roll"":0.22993624210357666,""pitch"":-0.6133518815040588,""yaw"":-3.098597288131714,""rollspeed"":-0.12604652345180511,""pitchspeed"":0.07008570432662964,""yawspeed"":0.04758647456765175}",15.0032895
28586428605600,target_offset,935,"{""x_angle_offset"":9.65625,""y_angle_offset"":-1.304789055718316}",15.0133394
28586437383400,fov,3027,"{""zoom"":1.0,""hfov"":90.0,""vfov"":58.71550750732422,""state"":0,""max_aov_h"":90.0,""max_aov_v"":58.71550750732422,""min_aov_h"":1.40625,""min_aov_v"":0.7910428047180176,""max_zoom"":64.0}",15.0221172
28586438371300,gimbal,3027,"{""imu_roll"":0.0,""imu_pitch"":0.45721685886383057,""imu_yaw"":22.729578018188477,""frame_roll"":0.0,""frame_pitch"":0.45721685886383057,""frame_yaw"":22.729578018188477,""pitch_speed"":0.0,""yaw_speed"":0.0}",15.0231051
28586442118500,fov,3028,"{""zoom"":1.0,""hfov"":90.0,""vfov"":58.71550750732422,""state"":0,""max_aov_h"":90.0,""max_aov_v"":58.71550750732422,""min_aov_h"":1.40625,""min_aov_v"":0.7910428047180176,""max_zoom"":64.0}",15.0268523
28586442454500,gimbal,3028,"{""imu_roll"":0.0,""imu_pitch"":0.3273896872997284,""imu_yaw"":23.53800392150879,""frame_roll"":0.0,""frame_pitch"":0.3273896872997284,""frame_yaw"":23.53800392150879,""pitch_speed"":0.0,""yaw_speed"":0.0}",15.0271883
28586453502900,position,722,"{""message_type"":""GLOBAL_POSITION_INT"",""lat"":469478362,""lon"":393491133}",15.0382367
28586453820700,attitude,1440,"{""message_type"":""ATTITUDE"",""time_boot_ms"":134110,""roll"":0.22466924786567688,""pitch"":-0.6107596158981323,""yaw"":-3.096344232559204,""rollspeed"":-0.11551682651042938,""pitchspeed"":0.06516461819410324,""yawspeed"":0.04491748288273811}",15.0385545
28586454025000,vfr,722,"{""message_type"":""VFR_HUD"",""airspeed"":48.3256721496582,""alt"":53.63999938964844}",15.0387588
28586461054100,target_offset,936,"{""x_angle_offset"":11.34375,""y_angle_offset"":-1.4135214770281757}",15.0457879
28586467295800,fov,3029,"{""zoom"":1.0,""hfov"":90.0,""vfov"":58.71550750732422,""state"":0,""max_aov_h"":90.0,""max_aov_v"":58.71550750732422,""min_aov_h"":1.40625,""min_aov_v"":0.7910428047180176,""max_zoom"":64.0}",15.0520296
28586467981400,gimbal,3029,"{""imu_roll"":0.0,""imu_pitch"":0.13215866684913635,""imu_yaw"":24.732994079589844,""frame_roll"":0.0,""frame_pitch"":0.13215866684913635,""frame_yaw"":24.732994079589844,""pitch_speed"":0.0,""yaw_speed"":0.0}",15.0527152
28586471763000,fov,3030,"{""zoom"":1.0,""hfov"":90.0,""vfov"":58.71550750732422,""state"":0,""max_aov_h"":90.0,""max_aov_v"":58.71550750732422,""min_aov_h"":1.40625,""min_aov_v"":0.7910428047180176,""max_zoom"":64.0}",15.0564968
28586472260100,gimbal,3030,"{""imu_roll"":0.0,""imu_pitch"":0.001100972294807434,""imu_yaw"":25.2994384765625,""frame_roll"":0.0,""frame_pitch"":0.001100972294807434,""frame_yaw"":25.2994384765625,""pitch_speed"":0.0,""yaw_speed"":0.0}",15.0569939
28586483371500,fov,3031,"{""zoom"":1.0,""hfov"":90.0,""vfov"":58.71550750732422,""state"":0,""max_aov_h"":90.0,""max_aov_v"":58.71550750732422,""min_aov_h"":1.40625,""min_aov_v"":0.7910428047180176,""max_zoom"":64.0}",15.0681053
28586483661600,gimbal,3031,"{""imu_roll"":0.0,""imu_pitch"":-0.1264079064130783,""imu_yaw"":25.844402313232422,""frame_roll"":0.0,""frame_pitch"":-0.1264079064130783,""frame_yaw"":25.844402313232422,""pitch_speed"":0.0,""yaw_speed"":0.0}",15.0683954
28586505947400,fov,3032,"{""zoom"":1.0,""hfov"":90.0,""vfov"":58.71550750732422,""state"":0,""max_aov_h"":90.0,""max_aov_v"":58.71550750732422,""min_aov_h"":1.40625,""min_aov_v"":0.7910428047180176,""max_zoom"":64.0}",15.0906812
28586506386300,gimbal,3032,"{""imu_roll"":0.0,""imu_pitch"":-0.32627633213996887,""imu_yaw"":26.67962074279785,""frame_roll"":0.0,""frame_pitch"":-0.32627633213996887,""frame_yaw"":26.67962074279785,""pitch_speed"":0.0,""yaw_speed"":0.0}",15.0911201
28586513477000,attitude,1441,"{""message_type"":""ATTITUDE"",""time_boot_ms"":134170,""roll"":0.2181241512298584,""pitch"":-0.6072688102722168,""yaw"":-3.09334397315979,""rollspeed"":-0.09076029062271118,""pitchspeed"":0.05509163811802864,""yawspeed"":0.041370827704668045}",15.0982108
28586515968200,fov,3033,"{""zoom"":1.0,""hfov"":90.0,""vfov"":58.71550750732422,""state"":0,""max_aov_h"":90.0,""max_aov_v"":58.71550750732422,""min_aov_h"":1.40625,""min_aov_v"":0.7910428047180176,""max_zoom"":64.0}",15.100702
28586516274100,gimbal,3033,"{""imu_roll"":0.0,""imu_pitch"":-0.4027644395828247,""imu_yaw"":26.99725914001465,""frame_roll"":0.0,""frame_pitch"":-0.4027644395828247,""frame_yaw"":26.99725914001465,""pitch_speed"":0.0,""yaw_speed"":0.0}",15.1010079
28586528137000,fov,3034,"{""zoom"":1.0,""hfov"":90.0,""vfov"":58.71550750732422,""state"":0,""max_aov_h"":90.0,""max_aov_v"":58.71550750732422,""min_aov_h"":1.40625,""min_aov_v"":0.7910428047180176,""max_zoom"":64.0}",15.1128708
28586528562800,gimbal,3034,"{""imu_roll"":0.0,""imu_pitch"":-0.49083587527275085,""imu_yaw"":27.35543441772461,""frame_roll"":0.0,""frame_pitch"":-0.49083587527275085,""frame_yaw"":27.35543441772461,""pitch_speed"":0.0,""yaw_speed"":0.0}",15.1132966
28586551591700,fov,3035,"{""zoom"":1.0,""hfov"":90.0,""vfov"":58.71550750732422,""state"":0,""max_aov_h"":90.0,""max_aov_v"":58.71550750732422,""min_aov_h"":1.40625,""min_aov_v"":0.7910428047180176,""max_zoom"":64.0}",15.1363255
28586552510200,gimbal,3035,"{""imu_roll"":0.0,""imu_pitch"":-1.953476071357727,""imu_yaw"":27.922094345092773,""frame_roll"":0.0,""frame_pitch"":-1.953476071357727,""frame_yaw"":27.922094345092773,""pitch_speed"":0.0,""yaw_speed"":0.0}",15.137244
28586562070900,attitude,1442,"{""message_type"":""ATTITUDE"",""time_boot_ms"":134210,""roll"":0.2029367834329605,""pitch"":-0.3553699553012848,""yaw"":-3.068979024887085,""rollspeed"":-0.06953699886798859,""pitchspeed"":10.891674041748047,""yawspeed"":-1.4849940538406372}",15.1468047
28586562343300,vfr,723,"{""message_type"":""VFR_HUD"",""airspeed"":48.6619987487793,""alt"":50.28999710083008}",15.1470771
28586562666000,position,723,"{""message_type"":""GLOBAL_POSITION_INT"",""lat"":469477058,""lon"":393490870}",15.1473998
28586564495900,range,1369,"{""message_type"":""GLOBAL_VISION_POSITION_ESTIMATE"",""x"":46.94737243652344,""y"":39.3487548828125}",15.1492297
28586568915800,fov,3036,"{""zoom"":1.0,""hfov"":90.0,""vfov"":58.71550750732422,""state"":0,""max_aov_h"":90.0,""max_aov_v"":58.71550750732422,""min_aov_h"":1.40625,""min_aov_v"":0.7910428047180176,""max_zoom"":64.0}",15.1536496
28586569627400,gimbal,3036,"{""imu_roll"":0.0,""imu_pitch"":-2.8113603591918945,""imu_yaw"":28.254457473754883,""frame_roll"":0.0,""frame_pitch"":-2.8113603591918945,""frame_yaw"":28.254457473754883,""pitch_speed"":0.0,""yaw_speed"":0.0}",15.1543612
28586586749300,fov,3037,"{""zoom"":1.0,""hfov"":90.0,""vfov"":58.71550750732422,""state"":0,""max_aov_h"":90.0,""max_aov_v"":58.71550750732422,""min_aov_h"":1.40625,""min_aov_v"":0.7910428047180176,""max_zoom"":64.0}",15.1714831
28586588020400,gimbal,3037,"{""imu_roll"":0.0,""imu_pitch"":-3.7052314281463623,""imu_yaw"":28.60076332092285,""frame_roll"":0.0,""frame_pitch"":-3.7052314281463623,""frame_yaw"":28.60076332092285,""pitch_speed"":0.0,""yaw_speed"":0.0}",15.1727542
28586598107300,range,1370,"{""message_type"":""GLOBAL_VISION_POSITION_ESTIMATE"",""x"":46.94737243652344,""y"":39.3487548828125}",15.1828411
28586606390800,fov,3038,"{""zoom"":1.0,""hfov"":90.0,""vfov"":58.71550750732422,""state"":0,""max_aov_h"":90.0,""max_aov_v"":58.71550750732422,""min_aov_h"":1.40625,""min_aov_v"":0.7910428047180176,""max_zoom"":64.0}",15.1911246
28586606869500,gimbal,3038,"{""imu_roll"":0.0,""imu_pitch"":-4.3734540939331055,""imu_yaw"":28.859647750854492,""frame_roll"":0.0,""frame_pitch"":-4.3734540939331055,""frame_yaw"":28.859647750854492,""pitch_speed"":0.0,""yaw_speed"":0.0}",15.1916033
28586642118500,fov,3039,"{""zoom"":1.0,""hfov"":90.0,""vfov"":58.71550750732422,""state"":0,""max_aov_h"":90.0,""max_aov_v"":58.71550750732422,""min_aov_h"":1.40625,""min_aov_v"":0.7910428047180176,""max_zoom"":64.0}",15.2268523
28586642578500,gimbal,3039,"{""imu_roll"":0.0,""imu_pitch"":-5.451854228973389,""imu_yaw"":29.277442932128906,""frame_roll"":0.0,""frame_pitch"":-5.451854228973389,""frame_yaw"":29.277442932128906,""pitch_speed"":0.0,""yaw_speed"":0.0}",15.2273123
28586651810800,attitude,1443,"{""message_type"":""ATTITUDE"",""time_boot_ms"":134270,""roll"":-0.18637390434741974,""pitch"":0.8024733662605286,""yaw"":-2.979641914367676,""rollspeed"":-5.034045219421387,""pitchspeed"":16.185548782348633,""yawspeed"":1.346689224243164}",15.2365446
28586663587900,fov,3040,"{""zoom"":1.0,""hfov"":90.0,""vfov"":58.71550750732422,""state"":0,""max_aov_h"":90.0,""max_aov_v"":58.71550750732422,""min_aov_h"":1.40625,""min_aov_v"":0.7910428047180176,""max_zoom"":64.0}",15.2483217
28586664034500,gimbal,3040,"{""imu_roll"":0.0,""imu_pitch"":-5.86357307434082,""imu_yaw"":29.436952590942383,""frame_roll"":0.0,""frame_pitch"":-5.86357307434082,""frame_yaw"":29.436952590942383,""pitch_speed"":0.0,""yaw_speed"":0.0}",15.2487683
28586685653100,fov,3041,"{""zoom"":1.0,""hfov"":90.0,""vfov"":58.71550750732422,""state"":0,""max_aov_h"":90.0,""max_aov_v"":58.71550750732422,""min_aov_h"":1.40625,""min_aov_v"":0.7910428047180176,""max_zoom"":64.0}",15.2703869
28586686221200,gimbal,3041,"{""imu_roll"":0.0,""imu_pitch"":-6.1619110107421875,""imu_yaw"":29.552534103393555,""frame_roll"":0.0,""frame_pitch"":-6.1619110107421875,""frame_yaw"":29.552534103393555,""pitch_speed"":0.0,""yaw_speed"":0.0}",15.270955
28586691517500,vfr,724,"{""message_type"":""VFR_HUD"",""airspeed"":42.27055740356445,""alt"":47.939998626708984}",15.2762513
28586691778800,position,724,"{""message_type"":""GLOBAL_POSITION_INT"",""lat"":469477058,""lon"":393490870}",15.2765126
28586692091600,attitude,1444,"{""message_type"":""ATTITUDE"",""time_boot_ms"":134310,""roll"":-0.8993569016456604,""pitch"":1.3951897621154785,""yaw"":2.7756857872009277,""rollspeed"":-5.818583011627197,""pitchspeed"":15.906694412231445,""yawspeed"":1.6842637062072754}",15.2768254
28586695946700,fov,3042,"{""zoom"":1.0,""hfov"":90.0,""vfov"":58.71550750732422,""state"":0,""max_aov_h"":90.0,""max_aov_v"":58.71550750732422,""min_aov_h"":1.40625,""min_aov_v"":0.7910428047180176,""max_zoom"":64.0}",15.2806805
28586696227900,gimbal,3042,"{""imu_roll"":0.0,""imu_pitch"":-6.305041313171387,""imu_yaw"":29.607986450195312,""frame_roll"":0.0,""frame_pitch"":-6.305041313171387,""frame_yaw"":29.607986450195312,""pitch_speed"":0.0,""yaw_speed"":0.0}",15.2809617
28586712685500,fov,3043,"{""zoom"":1.0,""hfov"":90.0,""vfov"":58.71550750732422,""state"":0,""max_aov_h"":90.0,""max_aov_v"":58.71550750732422,""min_aov_h"":1.40625,""min_aov_v"":0.7910428047180176,""max_zoom"":64.0}",15.2974193
28586713839800,gimbal,3043,"{""imu_roll"":0.0,""imu_pitch"":-6.4610185623168945,""imu_yaw"":29.668415069580078,""frame_roll"":0.0,""frame_pitch"":-6.4610185623168945,""frame_yaw"":29.668415069580078,""pitch_speed"":0.0,""yaw_speed"":0.0}",15.2985736
28586720472600,fov,3044,"{""zoom"":1.0,""hfov"":90.0,""vfov"":58.71550750732422,""state"":0,""max_aov_h"":90.0,""max_aov_v"":58.71550750732422,""min_aov_h"":1.40625,""min_aov_v"":0.7910428047180176,""max_zoom"":64.0}",15.3052064
28586720814200,gimbal,3044,"{""imu_roll"":0.0,""imu_pitch"":-6.5460944175720215,""imu_yaw"":29.70137596130371,""frame_roll"":0.0,""frame_pitch"":-6.5460944175720215,""frame_yaw"":29.70137596130371,""pitch_speed"":0.0,""yaw_speed"":0.0}",15.305548
28586730849500,fov,3045,"{""zoom"":1.0,""hfov"":90.0,""vfov"":58.71550750732422,""state"":0,""max_aov_h"":90.0,""max_aov_v"":58.71550750732422,""min_aov_h"":1.40625,""min_aov_v"":0.7910428047180176,""max_zoom"":64.0}",15.3155833
28586731221800,gimbal,3045,"{""imu_roll"":0.0,""imu_pitch"":-6.612121105194092,""imu_yaw"":29.72695541381836,""frame_roll"":0.0,""frame_pitch"":-6.612121105194092,""frame_yaw"":29.72695541381836,""pitch_speed"":0.0,""yaw_speed"":0.0}",15.3159556
28586735329600,range,1371,"{""message_type"":""GLOBAL_VISION_POSITION_ESTIMATE"",""x"":47.168251037597656,""y"":38.85100555419922}",15.3200634
28586740928400,fov,3046,"{""zoom"":1.0,""hfov"":90.0,""vfov"":58.71550750732422,""state"":0,""max_aov_h"":90.0,""max_aov_v"":58.71550750732422,""min_aov_h"":1.40625,""min_aov_v"":0.7910428047180176,""max_zoom"":64.0}",15.3256622
28586741424100,gimbal,3046,"{""imu_roll"":0.0,""imu_pitch"":-6.693431377410889,""imu_yaw"":29.75845718383789,""frame_roll"":0.0,""frame_pitch"":-6.693431377410889,""frame_yaw"":29.75845718383789,""pitch_speed"":0.0,""yaw_speed"":0.0}",15.3261579
28586749549400,range,1372,"{""message_type"":""GLOBAL_VISION_POSITION_ESTIMATE"",""x"":47.168251037597656,""y"":38.85100555419922}",15.3342832
28586749978500,attitude,1445,"{""message_type"":""ATTITUDE"",""time_boot_ms"":134370,""roll"":2.9161336421966553,""pitch"":0.7962469458580017,""yaw"":0.6838337182998657,""rollspeed"":-7.142943382263184,""pitchspeed"":14.78290843963623,""yawspeed"":2.269718885421753}",15.3347123
28586753176300,fov,3047,"{""zoom"":1.0,""hfov"":90.0,""vfov"":58.71550750732422,""state"":0,""max_aov_h"":90.0,""max_aov_v"":58.71550750732422,""min_aov_h"":1.40625,""min_aov_v"":0.7910428047180176,""max_zoom"":64.0}",15.3379101
28586753547300,gimbal,3047,"{""imu_roll"":0.0,""imu_pitch"":-6.763280391693115,""imu_yaw"":29.785518646240234,""frame_roll"":0.0,""frame_pitch"":-6.763280391693115,""frame_yaw"":29.785518646240234,""pitch_speed"":0.0,""yaw_speed"":0.0}",15.3382811
28586767811700,fov,3048,"{""zoom"":1.0,""hfov"":90.0,""vfov"":58.71550750732422,""state"":0,""max_aov_h"":90.0,""max_aov_v"":58.71550750732422,""min_aov_h"":1.40625,""min_aov_v"":0.7910428047180176,""max_zoom"":64.0}",15.3525455
28586769782100,gimbal,3048,"{""imu_roll"":0.0,""imu_pitch"":-6.846877574920654,""imu_yaw"":29.81790542602539,""frame_roll"":0.0,""frame_pitch"":-6.846877574920654,""frame_yaw"":29.81790542602539,""pitch_speed"":0.0,""yaw_speed"":0.0}",15.3545159
28586778688700,fov,3049,"{""zoom"":1.0,""hfov"":90.0,""vfov"":58.71550750732422,""state"":0,""max_aov_h"":90.0,""max_aov_v"":58.71550750732422,""min_aov_h"":1.40625,""min_aov_v"":0.7910428047180176,""max_zoom"":64.0}",15.3634225
28586779076600,gimbal,3049,"{""imu_roll"":0.0,""imu_pitch"":-6.8986968994140625,""imu_yaw"":29.837982177734375,""frame_roll"":0.0,""frame_pitch"":-6.8986968994140625,""frame_yaw"":29.837982177734375,""pitch_speed"":0.0,""yaw_speed"":0.0}",15.3638104
28586787719800,fov,3050,"{""zoom"":1.0,""hfov"":90.0,""vfov"":58.71550750732422,""state"":0,""max_aov_h"":90.0,""max_aov_v"":58.71550750732422,""min_aov_h"":1.40625,""min_aov_v"":0.7910428047180176,""max_zoom"":64.0}",15.3724536
28586788205100,gimbal,3050,"{""imu_roll"":0.0,""imu_pitch"":-6.933590412139893,""imu_yaw"":29.85150146484375,""frame_roll"":0.0,""frame_pitch"":-6.933590412139893,""frame_yaw"":29.85150146484375,""pitch_speed"":0.0,""yaw_speed"":0.0}",15.3729389
28586794552700,position,725,"{""message_type"":""GLOBAL_POSITION_INT"",""lat"":469477058,""lon"":393490870}",15.3792865
28586794836600,attitude,1446,"{""message_type"":""ATTITUDE"",""time_boot_ms"":134410,""roll"":2.616136312484741,""pitch"":0.2711254954338074,""yaw"":0.7789342403411865,""rollspeed"":-8.173712730407715,""pitchspeed"":13.799129486083984,""yawspeed"":2.697155237197876}",15.3795704
28586794968100,vfr,725,"{""message_type"":""VFR_HUD"",""airspeed"":36.55572509765625,""alt"":49.21999740600586}",15.3797019
28586824887800,fov,3051,"{""zoom"":1.0,""hfov"":90.0,""vfov"":58.71550750732422,""state"":0,""max_aov_h"":90.0,""max_aov_v"":58.71550750732422,""min_aov_h"":1.40625,""min_aov_v"":0.7910428047180176,""max_zoom"":64.0}",15.4096216
28586825427700,gimbal,3051,"{""imu_roll"":0.0,""imu_pitch"":-7.079139709472656,""imu_yaw"":29.90789031982422,""frame_roll"":0.0,""frame_pitch"":-7.079139709472656,""frame_yaw"":29.90789031982422,""pitch_speed"":0.0,""yaw_speed"":0.0}",15.4101615
28586836864200,fov,3052,"{""zoom"":1.0,""hfov"":90.0,""vfov"":58.71550750732422,""state"":0,""max_aov_h"":90.0,""max_aov_v"":58.71550750732422,""min_aov_h"":1.40625,""min_aov_v"":0.7910428047180176,""max_zoom"":64.0}",15.421598
28586837272000,gimbal,3052,"{""imu_roll"":0.0,""imu_pitch"":-7.10719108581543,""imu_yaw"":29.918758392333984,""frame_roll"":0.0,""frame_pitch"":-7.10719108581543,""frame_yaw"":29.918758392333984,""pitch_speed"":0.0,""yaw_speed"":0.0}",15.4220058
28586857623000,fov,3053,"{""zoom"":1.0,""hfov"":90.0,""vfov"":58.71550750732422,""state"":0,""max_aov_h"":90.0,""max_aov_v"":58.71550750732422,""min_aov_h"":1.40625,""min_aov_v"":0.7910428047180176,""max_zoom"":64.0}",15.4423568
28586858057100,gimbal,3053,"{""imu_roll"":0.0,""imu_pitch"":-7.147489547729492,""imu_yaw"":29.934370040893555,""frame_roll"":0.0,""frame_pitch"":-7.147489547729492,""frame_yaw"":29.934370040893555,""pitch_speed"":0.0,""yaw_speed"":0.0}",15.4427909
28586861180200,attitude,1447,"{""message_type"":""ATTITUDE"",""time_boot_ms"":134470,""roll"":1.9726425409317017,""pitch"":-0.36586445569992065,""yaw"":1.1924326419830322,""rollspeed"":-9.665900230407715,""pitchspeed"":11.9025297164917,""yawspeed"":3.3717362880706787}",15.445914
28586867874600,fov,3054,"{""zoom"":1.0,""hfov"":90.0,""vfov"":58.71550750732422,""state"":0,""max_aov_h"":90.0,""max_aov_v"":58.71550750732422,""min_aov_h"":1.40625,""min_aov_v"":0.7910428047180176,""max_zoom"":64.0}",15.4526084
28586868898300,gimbal,3054,"{""imu_roll"":0.0,""imu_pitch"":-7.168022632598877,""imu_yaw"":29.942325592041016,""frame_roll"":0.0,""frame_pitch"":-7.168022632598877,""frame_yaw"":29.942325592041016,""pitch_speed"":0.0,""yaw_speed"":0.0}",15.4536321
28586881672000,fov,3055,"{""zoom"":1.0,""hfov"":90.0,""vfov"":58.71550750732422,""state"":0,""max_aov_h"":90.0,""max_aov_v"":58.71550750732422,""min_aov_h"":1.40625,""min_aov_v"":0.7910428047180176,""max_zoom"":64.0}",15.4664058
28586882069000,gimbal,3055,"{""imu_roll"":0.0,""imu_pitch"":-7.189878940582275,""imu_yaw"":29.95079231262207,""frame_roll"":0.0,""frame_pitch"":-7.189878940582275,""frame_yaw"":29.95079231262207,""pitch_speed"":0.0,""yaw_speed"":0.0}",15.4668028
28586890002000,range,1373,"{""message_type"":""GLOBAL_VISION_POSITION_ESTIMATE"",""x"":46.947792053222656,""y"":39.34931564331055}",15.4747358
28586895203900,attitude,1448,"{""message_type"":""ATTITUDE"",""time_boot_ms"":134510,""roll"":1.3187072277069092,""pitch"":-0.5541760921478271,""yaw"":1.6791349649429321,""rollspeed"":-10.499866485595703,""pitchspeed"":10.330276489257812,""yawspeed"":3.807081460952759}",15.4799377
28586895444700,vfr,726,"{""message_type"":""VFR_HUD"",""airspeed"":32.14348602294922,""alt"":50.38999938964844}",15.4801785
28586895598500,range,1374,"{""message_type"":""GLOBAL_VISION_POSITION_ESTIMATE"",""x"":46.947792053222656,""y"":39.34931564331055}",15.4803323
28586895714900,position,726,"{""message_type"":""GLOBAL_POSITION_INT"",""lat"":469481850,""lon"":393494568}",15.4804487
28586900378600,fov,3056,"{""zoom"":1.0,""hfov"":90.0,""vfov"":58.71550750732422,""state"":0,""max_aov_h"":90.0,""max_aov_v"":58.71550750732422,""min_aov_h"":1.40625,""min_aov_v"":0.7910428047180176,""max_zoom"":64.0}",15.4851124
28586900784700,gimbal,3056,"{""imu_roll"":0.0,""imu_pitch"":-7.213363170623779,""imu_yaw"":29.959890365600586,""frame_roll"":0.0,""frame_pitch"":-7.213363170623779,""frame_yaw"":29.959890365600586,""pitch_speed"":0.0,""yaw_speed"":0.0}",15.4855185
28586915090200,fov,3057,"{""zoom"":1.0,""hfov"":90.0,""vfov"":58.71550750732422,""state"":0,""max_aov_h"":90.0,""max_aov_v"":58.71550750732422,""min_aov_h"":1.40625,""min_aov_v"":0.7910428047180176,""max_zoom"":64.0}",15.499824
28586915411200,gimbal,3057,"{""imu_roll"":0.0,""imu_pitch"":-7.22757625579834,""imu_yaw"":29.965396881103516,""frame_roll"":0.0,""frame_pitch"":-7.22757625579834,""frame_yaw"":29.965396881103516,""pitch_speed"":0.0,""yaw_speed"":0.0}",15.500145
28586926984200,fov,3058,"{""zoom"":1.0,""hfov"":90.0,""vfov"":58.71550750732422,""state"":0,""max_aov_h"":90.0,""max_aov_v"":58.71550750732422,""min_aov_h"":1.40625,""min_aov_v"":0.7910428047180176,""max_zoom"":64.0}",15.511718
28586927364200,gimbal,3058,"{""imu_roll"":0.0,""imu_pitch"":-7.239367961883545,""imu_yaw"":29.9699649810791,""frame_roll"":0.0,""frame_pitch"":-7.239367961883545,""frame_yaw"":29.9699649810791,""pitch_speed"":0.0,""yaw_speed"":0.0}",15.512098
28586942633800,attitude,1449,"{""message_type"":""ATTITUDE"",""time_boot_ms"":134570,""roll"":0.31937360763549805,""pitch"":-0.37140265107154846,""yaw"":2.3365604877471924,""rollspeed"":-11.56389045715332,""pitchspeed"":7.471426010131836,""yawspeed"":4.389758586883545}",15.5273676
28586947003700,fov,3059,"{""zoom"":1.0,""hfov"":90.0,""vfov"":58.71550750732422,""state"":0,""max_aov_h"":90.0,""max_aov_v"":58.71550750732422,""min_aov_h"":1.40625,""min_aov_v"":0.7910428047180176,""max_zoom"":64.0}",15.5317375
28586947419000,gimbal,3059,"{""imu_roll"":0.0,""imu_pitch"":-7.254340171813965,""imu_yaw"":29.975765228271484,""frame_roll"":0.0,""frame_pitch"":-7.254340171813965,""frame_yaw"":29.975765228271484,""pitch_speed"":0.0,""yaw_speed"":0.0}",15.5321528
28586957977800,fov,3060,"{""zoom"":1.0,""hfov"":90.0,""vfov"":58.71550750732422,""state"":0,""max_aov_h"":90.0,""max_aov_v"":58.71550750732422,""min_aov_h"":1.40625,""min_aov_v"":0.7910428047180176,""max_zoom"":64.0}",15.5427116
28586958523200,gimbal,3060,"{""imu_roll"":0.0,""imu_pitch"":-7.261038303375244,""imu_yaw"":29.978361129760742,""frame_roll"":0.0,""frame_pitch"":-7.261038303375244,""frame_yaw"":29.978361129760742,""pitch_speed"":0.0,""yaw_speed"":0.0}",15.543257
28586975053000,position,727,"{""message_type"":""GLOBAL_POSITION_INT"",""lat"":469481850,""lon"":393494568}",15.5597868
28586975469100,attitude,1450,"{""message_type"":""ATTITUDE"",""time_boot_ms"":134610,""roll"":-0.2130996584892273,""pitch"":-0.11045113205909729,""yaw"":2.556097984313965,""rollspeed"":-12.000054359436035,""pitchspeed"":5.279786586761475,""yawspeed"":4.691271781921387}",15.5602029
28586975665900,vfr,727,"{""message_type"":""VFR_HUD"",""airspeed"":28.50074577331543,""alt"":51.369998931884766}",15.5603997
28587001123900,fov,3061,"{""zoom"":1.0,""hfov"":90.0,""vfov"":58.71550750732422,""state"":0,""max_aov_h"":90.0,""max_aov_v"":58.71550750732422,""min_aov_h"":1.40625,""min_aov_v"":0.7910428047180176,""max_zoom"":64.0}",15.5858577
28587001648000,gimbal,3061,"{""imu_roll"":0.0,""imu_pitch"":-7.285082817077637,""imu_yaw"":29.9876766204834,""frame_roll"":0.0,""frame_pitch"":-7.285082817077637,""frame_yaw"":29.9876766204834,""pitch_speed"":0.0,""yaw_speed"":0.0}",15.5863818
28587018245000,fov,3062,"{""zoom"":1.0,""hfov"":90.0,""vfov"":58.71550750732422,""state"":0,""max_aov_h"":90.0,""max_aov_v"":58.71550750732422,""min_aov_h"":1.40625,""min_aov_v"":0.7910428047180176,""max_zoom"":64.0}",15.6029788
28587018780500,gimbal,3062,"{""imu_roll"":0.0,""imu_pitch"":-7.290523529052734,""imu_yaw"":29.989784240722656,""frame_roll"":0.0,""frame_pitch"":-7.290523529052734,""frame_yaw"":29.989784240722656,""pitch_speed"":0.0,""yaw_speed"":0.0}",15.6035143
28587021960700,attitude,1451,"{""message_type"":""ATTITUDE"",""time_boot_ms"":134670,""roll"":-0.8958716988563538,""pitch"":0.23642240464687347,""yaw"":2.7214746475219727,""rollspeed"":-11.949803352355957,""pitchspeed"":1.7924275398254395,""yawspeed"":4.936585903167725}",15.6066945
28587046639100,range,1375,"{""message_type"":""GLOBAL_VISION_POSITION_ESTIMATE"",""x"":46.54728698730469,""y"":39.43018341064453}",15.6313729
28587057254300,range,1376,"{""message_type"":""GLOBAL_VISION_POSITION_ESTIMATE"",""x"":46.54728698730469,""y"":39.43018341064453}",15.6419881
28587057547500,attitude,1452,"{""message_type"":""ATTITUDE"",""time_boot_ms"":134710,""roll"":-1.2725234031677246,""pitch"":0.4006099998950958,""yaw"":2.84509015083313,""rollspeed"":-11.699172973632812,""pitchspeed"":-0.6068021655082703,""yawspeed"":4.976650714874268}",15.6422813
28587057680000,vfr,728,"{""message_type"":""VFR_HUD"",""airspeed"":25.50836753845215,""alt"":52.22999954223633}",15.6424138
28587057784100,position,728,"{""message_type"":""GLOBAL_POSITION_INT"",""lat"":469478524,""lon"":393493371}",15.6425179
28587074688400,fov,3063,"{""zoom"":1.0,""hfov"":90.0,""vfov"":58.71550750732422,""state"":0,""max_aov_h"":90.0,""max_aov_v"":58.71550750732422,""min_aov_h"":1.40625,""min_aov_v"":0.7910428047180176,""max_zoom"":64.0}",15.6594222
28587075888900,gimbal,3063,"{""imu_roll"":0.0,""imu_pitch"":-7.3053178787231445,""imu_yaw"":29.995515823364258,""frame_roll"":0.0,""frame_pitch"":-7.3053178787231445,""frame_yaw"":29.995515823364258,""pitch_speed"":0.0,""yaw_speed"":0.0}",15.6606227
28587109188300,fov,3064,"{""zoom"":1.0,""hfov"":90.0,""vfov"":58.71550750732422,""state"":0,""max_aov_h"":90.0,""max_aov_v"":58.71550750732422,""min_aov_h"":1.40625,""min_aov_v"":0.7910428047180176,""max_zoom"":64.0}",15.6939221
28587109677700,gimbal,3064,"{""imu_roll"":0.0,""imu_pitch"":-7.309206962585449,""imu_yaw"":29.99702262878418,""frame_roll"":0.0,""frame_pitch"":-7.309206962585449,""frame_yaw"":29.99702262878418,""pitch_speed"":0.0,""yaw_speed"":0.0}",15.6944115
28587112363600,attitude,1453,"{""message_type"":""ATTITUDE"",""time_boot_ms"":134770,""roll"":-1.676562786102295,""pitch"":0.6788467764854431,""yaw"":3.1367862224578857,""rollspeed"":-10.182095527648926,""pitchspeed"":-3.8665194511413574,""yawspeed"":4.838850021362305}",15.6970974
28587132380100,fov,3065,"{""zoom"":1.0,""hfov"":90.0,""vfov"":58.71550750732422,""state"":0,""max_aov_h"":90.0,""max_aov_v"":58.71550750732422,""min_aov_h"":1.40625,""min_aov_v"":0.7910428047180176,""max_zoom"":64.0}",15.7171139
28587132832700,gimbal,3065,"{""imu_roll"":0.0,""imu_pitch"":-7.310952663421631,""imu_yaw"":29.997699737548828,""frame_roll"":0.0,""frame_pitch"":-7.310952663421631,""frame_yaw"":29.997699737548828,""pitch_speed"":0.0,""yaw_speed"":0.0}",15.7175665
28587143158800,fov,3066,"{""zoom"":1.0,""hfov"":90.0,""vfov"":58.71550750732422,""state"":0,""max_aov_h"":90.0,""max_aov_v"":58.71550750732422,""min_aov_h"":1.40625,""min_aov_v"":0.7910428047180176,""max_zoom"":64.0}",15.7278926
28587143515900,gimbal,3066,"{""imu_roll"":0.0,""imu_pitch"":-7.311712265014648,""imu_yaw"":29.99799346923828,""frame_roll"":0.0,""frame_pitch"":-7.311712265014648,""frame_yaw"":29.99799346923828,""pitch_speed"":0.0,""yaw_speed"":0.0}",15.7282497
28587153551500,vfr,729,"{""message_type"":""VFR_HUD"",""airspeed"":23.07159996032715,""alt"":52.959999084472656}",15.7382853
28587153875700,position,729,"{""message_type"":""GLOBAL_POSITION_INT"",""lat"":469478524,""lon"":393493371}",15.7386095
28587154291500,attitude,1454,"{""message_type"":""ATTITUDE"",""time_boot_ms"":134810,""roll"":-1.7540100812911987,""pitch"":0.8878056406974792,""yaw"":-2.83056640625,""rollspeed"":-8.627406120300293,""pitchspeed"":-5.569404602050781,""yawspeed"":4.65316915512085}",15.7390253
28587160947500,fov,3067,"{""zoom"":1.0,""hfov"":90.0,""vfov"":58.71550750732422,""state"":0,""max_aov_h"":90.0,""max_aov_v"":58.71550750732422,""min_aov_h"":1.40625,""min_aov_v"":0.7910428047180176,""max_zoom"":64.0}",15.7456813
28587161333300,gimbal,3067,"{""imu_roll"":0.0,""imu_pitch"":-7.3126044273376465,""imu_yaw"":29.99833869934082,""frame_roll"":0.0,""frame_pitch"":-7.3126044273376465,""frame_yaw"":29.99833869934082,""pitch_speed"":0.0,""yaw_speed"":0.0}",15.7460671
28587175164300,fov,3068,"{""zoom"":1.0,""hfov"":90.0,""vfov"":58.71550750732422,""state"":0,""max_aov_h"":90.0,""max_aov_v"":58.71550750732422,""min_aov_h"":1.40625,""min_aov_v"":0.7910428047180176,""max_zoom"":64.0}",15.7598981
28587175526600,gimbal,3068,"{""imu_roll"":0.0,""imu_pitch"":-7.3132429122924805,""imu_yaw"":29.998586654663086,""frame_roll"":0.0,""frame_pitch"":-7.3132429122924805,""frame_yaw"":29.998586654663086,""pitch_speed"":0.0,""yaw_speed"":0.0}",15.7602604
28587183263600,fov,3069,"{""zoom"":1.0,""hfov"":90.0,""vfov"":58.71550750732422,""state"":0,""max_aov_h"":90.0,""max_aov_v"":58.71550750732422,""min_aov_h"":1.40625,""min_aov_v"":0.7910428047180176,""max_zoom"":64.0}",15.7679974
28587183660600,gimbal,3069,"{""imu_roll"":0.0,""imu_pitch"":-7.3135457038879395,""imu_yaw"":29.998703002929688,""frame_roll"":0.0,""frame_pitch"":-7.3135457038879395,""frame_yaw"":29.998703002929688,""pitch_speed"":0.0,""yaw_speed"":0.0}",15.7683944
28587192827000,fov,3070,"{""zoom"":1.0,""hfov"":90.0,""vfov"":58.71550750732422,""state"":0,""max_aov_h"":90.0,""max_aov_v"":58.71550750732422,""min_aov_h"":1.40625,""min_aov_v"":0.7910428047180176,""max_zoom"":64.0}",15.7775608
28587193189100,gimbal,3070,"{""imu_roll"":0.0,""imu_pitch"":-7.313847064971924,""imu_yaw"":29.99881935119629,""frame_roll"":0.0,""frame_pitch"":-7.313847064971924,""frame_yaw"":29.99881935119629,""pitch_speed"":0.0,""yaw_speed"":0.0}",15.7779229
28587208321200,fov,3071,"{""zoom"":1.0,""hfov"":90.0,""vfov"":58.71550750732422,""state"":0,""max_aov_h"":90.0,""max_aov_v"":58.71550750732422,""min_aov_h"":1.40625,""min_aov_v"":0.7910428047180176,""max_zoom"":64.0}",15.793055
28587208682900,gimbal,3071,"{""imu_roll"":0.0,""imu_pitch"":-7.314311504364014,""imu_yaw"":29.998998641967773,""frame_roll"":0.0,""frame_pitch"":-7.314311504364014,""frame_yaw"":29.998998641967773,""pitch_speed"":0.0,""yaw_speed"":0.0}",15.7934167
28587212772200,attitude,1455,"{""message_type"":""ATTITUDE"",""time_boot_ms"":134870,""roll"":-1.3190983533859253,""pitch"":1.11393141746521,""yaw"":-1.9262100458145142,""rollspeed"":-6.208172798156738,""pitchspeed"":-7.354829788208008,""yawspeed"":4.336828708648682}",15.797506
28587216172900,range,1377,"{""message_type"":""GLOBAL_VISION_POSITION_ESTIMATE"",""x"":47.08830261230469,""y"":39.90604019165039}",15.8009067
28587217704300,fov,3072,"{""zoom"":1.0,""hfov"":90.0,""vfov"":58.71550750732422,""state"":0,""max_aov_h"":90.0,""max_aov_v"":58.71550750732422,""min_aov_h"":1.40625,""min_aov_v"":0.7910428047180176,""max_zoom"":64.0}",15.8024381
28587218708800,gimbal,3072,"{""imu_roll"":0.0,""imu_pitch"":-7.314560890197754,""imu_yaw"":29.999095916748047,""frame_roll"":0.0,""frame_pitch"":-7.314560890197754,""frame_yaw"":29.999095916748047,""pitch_speed"":0.0,""yaw_speed"":0.0}",15.8034426
28587226943900,fov,3073,"{""zoom"":1.0,""hfov"":90.0,""vfov"":58.71550750732422,""state"":0,""max_aov_h"":90.0,""max_aov_v"":58.71550750732422,""min_aov_h"":1.40625,""min_aov_v"":0.7910428047180176,""max_zoom"":64.0}",15.8116777
28587227263700,gimbal,3073,"{""imu_roll"":0.0,""imu_pitch"":-7.314772129058838,""imu_yaw"":29.999177932739258,""frame_roll"":0.0,""frame_pitch"":-7.314772129058838,""frame_yaw"":29.999177932739258,""pitch_speed"":0.0,""yaw_speed"":0.0}",15.8119975
28587229049400,range,1378,"{""message_type"":""GLOBAL_VISION_POSITION_ESTIMATE"",""x"":47.08830261230469,""y"":39.90604019165039}",15.8137832
28587236237100,fov,3074,"{""zoom"":1.0,""hfov"":90.0,""vfov"":58.71550750732422,""state"":0,""max_aov_h"":90.0,""max_aov_v"":58.71550750732422,""min_aov_h"":1.40625,""min_aov_v"":0.7910428047180176,""max_zoom"":64.0}",15.8209709
28587237592100,gimbal,3074,"{""imu_roll"":0.0,""imu_pitch"":-7.314964771270752,""imu_yaw"":29.999252319335938,""frame_roll"":0.0,""frame_pitch"":-7.314964771270752,""frame_yaw"":29.999252319335938,""pitch_speed"":0.0,""yaw_speed"":0.0}",15.8223259
28587250901600,vfr,730,"{""message_type"":""VFR_HUD"",""airspeed"":21.076068878173828,""alt"":53.59000015258789}",15.8356354
28587251043300,position,730,"{""message_type"":""GLOBAL_POSITION_INT"",""lat"":469479670,""lon"":393491263}",15.8357771
28587251294700,attitude,1456,"{""message_type"":""ATTITUDE"",""time_boot_ms"":134910,""roll"":-0.8711645603179932,""pitch"":1.1553415060043335,""yaw"":-1.1888833045959473,""rollspeed"":-4.580261707305908,""pitchspeed"":-8.120651245117188,""yawspeed"":4.153169631958008}",15.8360285
28587251554900,fov,3075,"{""zoom"":1.0,""hfov"":90.0,""vfov"":58.71550750732422,""state"":0,""max_aov_h"":90.0,""max_aov_v"":58.71550750732422,""min_aov_h"":1.40625,""min_aov_v"":0.7910428047180176,""max_zoom"":64.0}",15.8362887
28587252684200,gimbal,3075,"{""imu_roll"":0.0,""imu_pitch"":-7.315249919891357,""imu_yaw"":29.99936294555664,""frame_roll"":0.0,""frame_pitch"":-7.315249919891357,""frame_yaw"":29.99936294555664,""pitch_speed"":0.0,""yaw_speed"":0.0}",15.837418
28587259266600,fov,3076,"{""zoom"":1.0,""hfov"":90.0,""vfov"":58.71550750732422,""state"":0,""max_aov_h"":90.0,""max_aov_v"":58.71550750732422,""min_aov_h"":1.40625,""min_aov_v"":0.7910428047180176,""max_zoom"":64.0}",15.8440004
28587259681400,gimbal,3076,"{""imu_roll"":0.0,""imu_pitch"":-7.31538724899292,""imu_yaw"":29.99941635131836,""frame_roll"":0.0,""frame_pitch"":-7.31538724899292,""frame_yaw"":29.99941635131836,""pitch_speed"":0.0,""yaw_speed"":0.0}",15.8444152
28587271199700,fov,3077,"{""zoom"":1.0,""hfov"":90.0,""vfov"":58.71550750732422,""state"":0,""max_aov_h"":90.0,""max_aov_v"":58.71550750732422,""min_aov_h"":1.40625,""min_aov_v"":0.7910428047180176,""max_zoom"":64.0}",15.8559335
28587271560100,gimbal,3077,"{""imu_roll"":0.0,""imu_pitch"":-7.3155694007873535,""imu_yaw"":29.999486923217773,""frame_roll"":0.0,""frame_pitch"":-7.3155694007873535,""frame_yaw"":29.999486923217773,""pitch_speed"":0.0,""yaw_speed"":0.0}",15.8562939
28587285039100,fov,3078,"{""zoom"":1.0,""hfov"":90.0,""vfov"":58.71550750732422,""state"":0,""max_aov_h"":90.0,""max_aov_v"":58.71550750732422,""min_aov_h"":1.40625,""min_aov_v"":0.7910428047180176,""max_zoom"":64.0}",15.8697729
28587285685500,gimbal,3078,"{""imu_roll"":0.0,""imu_pitch"":-7.31575345993042,""imu_yaw"":29.999557495117188,""frame_roll"":0.0,""frame_pitch"":-7.31575345993042,""frame_yaw"":29.999557495117188,""pitch_speed"":0.0,""yaw_speed"":0.0}",15.8704193
28587292791000,fov,3079,"{""zoom"":1.0,""hfov"":90.0,""vfov"":58.71550750732422,""state"":0,""max_aov_h"":90.0,""max_aov_v"":58.71550750732422,""min_aov_h"":1.40625,""min_aov_v"":0.7910428047180176,""max_zoom"":64.0}",15.8775248
28587293090400,gimbal,3079,"{""imu_roll"":0.0,""imu_pitch"":-7.315844535827637,""imu_yaw"":29.99959373474121,""frame_roll"":0.0,""frame_pitch"":-7.315844535827637,""frame_yaw"":29.99959373474121,""pitch_speed"":0.0,""yaw_speed"":0.0}",15.8778242
28587303707700,fov,3080,"{""zoom"":1.0,""hfov"":90.0,""vfov"":58.71550750732422,""state"":0,""max_aov_h"":90.0,""max_aov_v"":58.71550750732422,""min_aov_h"":1.40625,""min_aov_v"":0.7910428047180176,""max_zoom"":64.0}",15.8884415
28587304436900,gimbal,3080,"{""imu_roll"":0.0,""imu_pitch"":-7.315958499908447,""imu_yaw"":29.999637603759766,""frame_roll"":0.0,""frame_pitch"":-7.315958499908447,""frame_yaw"":29.999637603759766,""pitch_speed"":0.0,""yaw_speed"":0.0}",15.8891707
28587318370200,attitude,1457,"{""message_type"":""ATTITUDE"",""time_boot_ms"":134970,""roll"":-0.31781744956970215,""pitch"":0.935080349445343,""yaw"":-0.29870814085006714,""rollspeed"":-2.2531628608703613,""pitchspeed"":-8.728069305419922,""yawspeed"":3.958918809890747}",15.903104
28587324885200,fov,3081,"{""zoom"":1.0,""hfov"":90.0,""vfov"":58.71550750732422,""state"":0,""max_aov_h"":90.0,""max_aov_v"":58.71550750732422,""min_aov_h"":1.40625,""min_aov_v"":0.7910428047180176,""max_zoom"":64.0}",15.909619
28587325551800,gimbal,3081,"{""imu_roll"":0.0,""imu_pitch"":-7.3161468505859375,""imu_yaw"":29.999710083007812,""frame_roll"":0.0,""frame_pitch"":-7.3161468505859375,""frame_yaw"":29.999710083007812,""pitch_speed"":0.0,""yaw_speed"":0.0}",15.9102856
28587332968700,fov,3082,"{""zoom"":1.0,""hfov"":90.0,""vfov"":58.71550750732422,""state"":0,""max_aov_h"":90.0,""max_aov_v"":58.71550750732422,""min_aov_h"":1.40625,""min_aov_v"":0.7910428047180176,""max_zoom"":64.0}",15.9177025
28587333291600,gimbal,3082,"{""imu_roll"":0.0,""imu_pitch"":-7.316214084625244,""imu_yaw"":29.999736785888672,""frame_roll"":0.0,""frame_pitch"":-7.316214084625244,""frame_yaw"":29.999736785888672,""pitch_speed"":0.0,""yaw_speed"":0.0}",15.9180254
28587344507500,fov,3083,"{""zoom"":1.0,""hfov"":90.0,""vfov"":58.71550750732422,""state"":0,""max_aov_h"":90.0,""max_aov_v"":58.71550750732422,""min_aov_h"":1.40625,""min_aov_v"":0.7910428047180176,""max_zoom"":64.0}",15.9292413
28587344848500,gimbal,3083,"{""imu_roll"":0.0,""imu_pitch"":-7.316289901733398,""imu_yaw"":29.999765396118164,""frame_roll"":0.0,""frame_pitch"":-7.316289901733398,""frame_yaw"":29.999765396118164,""pitch_speed"":0.0,""yaw_speed"":0.0}",15.9295823
28587356404900,fov,3084,"{""zoom"":1.0,""hfov"":90.0,""vfov"":58.71550750732422,""state"":0,""max_aov_h"":90.0,""max_aov_v"":58.71550750732422,""min_aov_h"":1.40625,""min_aov_v"":0.7910428047180176,""max_zoom"":64.0}",15.9411387
28587357047500,gimbal,3084,"{""imu_roll"":0.0,""imu_pitch"":-7.316362380981445,""imu_yaw"":29.999794006347656,""frame_roll"":0.0,""frame_pitch"":-7.316362380981445,""frame_yaw"":29.999794006347656,""pitch_speed"":0.0,""yaw_speed"":0.0}",15.9417813
28587363185900,vfr,731,"{""message_type"":""VFR_HUD"",""airspeed"":19.334157943725586,""alt"":54.119998931884766}",15.9479197
28587363373400,position,731,"{""message_type"":""GLOBAL_POSITION_INT"",""lat"":469479670,""lon"":393491263}",15.9481072
28587363633000,attitude,1458,"{""message_type"":""ATTITUDE"",""time_boot_ms"":135010,""roll"":-0.16266126930713654,""pitch"":0.6966862678527832,""yaw"":0.027916911989450455,""rollspeed"":-0.8174423575401306,""pitchspeed"":-8.827995300292969,""yawspeed"":3.893423080444336}",15.9483668
28587372686600,range,1379,"{""message_type"":""GLOBAL_VISION_POSITION_ESTIMATE"",""x"":47.241905212402344,""y"":39.75772476196289}",15.9574204
28587375822300,fov,3085,"{""zoom"":1.0,""hfov"":90.0,""vfov"":58.71550750732422,""state"":0,""max_aov_h"":90.0,""max_aov_v"":58.71550750732422,""min_aov_h"":1.40625,""min_aov_v"":0.7910428047180176,""max_zoom"":64.0}",15.9605561
28587376239000,gimbal,3085,"{""imu_roll"":0.0,""imu_pitch"":-7.316469192504883,""imu_yaw"":29.999835968017578,""frame_roll"":0.0,""frame_pitch"":-7.316469192504883,""frame_yaw"":29.999835968017578,""pitch_speed"":0.0,""yaw_speed"":0.0}",15.9609728
28587383170200,range,1380,"{""message_type"":""GLOBAL_VISION_POSITION_ESTIMATE"",""x"":47.241905212402344,""y"":39.75772476196289}",15.967904
28587385489600,fov,3086,"{""zoom"":1.0,""hfov"":90.0,""vfov"":58.71550750732422,""state"":0,""max_aov_h"":90.0,""max_aov_v"":58.71550750732422,""min_aov_h"":1.40625,""min_aov_v"":0.7910428047180176,""max_zoom"":64.0}",15.9702234
28587386786700,gimbal,3086,"{""imu_roll"":0.0,""imu_pitch"":-7.31650972366333,""imu_yaw"":29.99985122680664,""frame_roll"":0.0,""frame_pitch"":-7.31650972366333,""frame_yaw"":29.99985122680664,""pitch_speed"":0.0,""yaw_speed"":0.0}",15.9715205
28587399784000,fov,3087,"{""zoom"":1.0,""hfov"":90.0,""vfov"":58.71550750732422,""state"":0,""max_aov_h"":90.0,""max_aov_v"":58.71550750732422,""min_aov_h"":1.40625,""min_aov_v"":0.7910428047180176,""max_zoom"":64.0}",15.9845178
28587400119700,gimbal,3087,"{""imu_roll"":0.0,""imu_pitch"":-7.316561698913574,""imu_yaw"":29.9998722076416,""frame_roll"":0.0,""frame_pitch"":-7.316561698913574,""frame_yaw"":29.9998722076416,""pitch_speed"":0.0,""yaw_speed"":0.0}",15.9848535
28587419137400,fov,3088,"{""zoom"":1.0,""hfov"":90.0,""vfov"":58.71550750732422,""state"":0,""max_aov_h"":90.0,""max_aov_v"":58.71550750732422,""min_aov_h"":1.40625,""min_aov_v"":0.7910428047180176,""max_zoom"":64.0}",16.0038712
28587419547700,gimbal,3088,"{""imu_roll"":0.0,""imu_pitch"":-7.3166303634643555,""imu_yaw"":29.99989891052246,""frame_roll"":0.0,""frame_pitch"":-7.3166303634643555,""frame_yaw"":29.99989891052246,""pitch_speed"":0.0,""yaw_speed"":0.0}",16.0042815
28587420220500,attitude,1459,"{""message_type"":""ATTITUDE"",""time_boot_ms"":135070,""roll"":-0.033567458391189575,""pitch"":0.3047606348991394,""yaw"":0.3535253405570984,""rollspeed"":1.1212304830551147,""pitchspeed"":-8.59338092803955,""yawspeed"":3.889514684677124}",16.0049543
28587431626000,fov,3089,"{""zoom"":1.0,""hfov"":90.0,""vfov"":58.71550750732422,""state"":0,""max_aov_h"":90.0,""max_aov_v"":58.71550750732422,""min_aov_h"":1.40625,""min_aov_v"":0.7910428047180176,""max_zoom"":64.0}",16.0163598
28587432036000,gimbal,3089,"{""imu_roll"":0.0,""imu_pitch"":-7.316661357879639,""imu_yaw"":29.999910354614258,""frame_roll"":0.0,""frame_pitch"":-7.316661357879639,""frame_yaw"":29.999910354614258,""pitch_speed"":0.0,""yaw_speed"":0.0}",16.0167698
28587445461500,fov,3090,"{""zoom"":1.0,""hfov"":90.0,""vfov"":58.71550750732422,""state"":0,""max_aov_h"":90.0,""max_aov_v"":58.71550750732422,""min_aov_h"":1.40625,""min_aov_v"":0.7910428047180176,""max_zoom"":64.0}",16.0301953
28587445732100,gimbal,3090,"{""imu_roll"":0.0,""imu_pitch"":-7.3166937828063965,""imu_yaw"":30.0,""frame_roll"":0.0,""frame_pitch"":-7.3166937828063965,""frame_yaw"":30.0,""pitch_speed"":0.0,""yaw_speed"":0.0}",16.0304659
28587455304700,attitude,1460,"{""message_type"":""ATTITUDE"",""time_boot_ms"":135110,""roll"":0.0515538826584816,""pitch"":-0.016559455543756485,""yaw"":0.5107814073562622,""rollspeed"":2.298086166381836,""pitchspeed"":-8.2274169921875,""yawspeed"":3.9422810077667236}",16.0400385
28587455415000,vfr,732,"{""message_type"":""VFR_HUD"",""airspeed"":17.770761489868164,""alt"":54.54999923706055}",16.0401488
28587455550000,position,732,"{""message_type"":""GLOBAL_POSITION_INT"",""lat"":469481180,""lon"":393492968}",16.0402838
28587466320900,fov,3091,"{""zoom"":1.0,""hfov"":90.0,""vfov"":58.71550750732422,""state"":0,""max_aov_h"":90.0,""max_aov_v"":58.71550750732422,""min_aov_h"":1.40625,""min_aov_v"":0.7910428047180176,""max_zoom"":64.0}",16.0510547
28587466656300,gimbal,3091,"{""imu_roll"":0.0,""imu_pitch"":-7.316736698150635,""imu_yaw"":30.0,""frame_roll"":0.0,""frame_pitch"":-7.316736698150635,""frame_yaw"":30.0,""pitch_speed"":0.0,""yaw_speed"":0.0}",16.0513901
28587478664000,fov,3092,"{""zoom"":1.0,""hfov"":90.0,""vfov"":58.71550750732422,""state"":0,""max_aov_h"":90.0,""max_aov_v"":58.71550750732422,""min_aov_h"":1.40625,""min_aov_v"":0.7910428047180176,""max_zoom"":64.0}",16.0633978
28587479055100,gimbal,3092,"{""imu_roll"":0.0,""imu_pitch"":-7.316755294799805,""imu_yaw"":30.0,""frame_roll"":0.0,""frame_pitch"":-7.316755294799805,""frame_yaw"":30.0,""pitch_speed"":0.0,""yaw_speed"":0.0}",16.0637889
28587491233100,fov,3093,"{""zoom"":1.0,""hfov"":90.0,""vfov"":58.71550750732422,""state"":0,""max_aov_h"":90.0,""max_aov_v"":58.71550750732422,""min_aov_h"":1.40625,""min_aov_v"":0.7910428047180176,""max_zoom"":64.0}",16.0759669
28587491611800,gimbal,3093,"{""imu_roll"":0.0,""imu_pitch"":-7.316773414611816,""imu_yaw"":30.0,""frame_roll"":0.0,""frame_pitch"":-7.316773414611816,""frame_yaw"":30.0,""pitch_speed"":0.0,""yaw_speed"":0.0}",16.0763456
28587502766300,attitude,1461,"{""message_type"":""ATTITUDE"",""time_boot_ms"":135170,""roll"":0.21590901911258698,""pitch"":-0.5730499029159546,""yaw"":0.6744586825370789,""rollspeed"":4.100522994995117,""pitchspeed"":-7.427409648895264,""yawspeed"":4.083762168884277}",16.0875001
28587509525900,fov,3094,"{""zoom"":1.0,""hfov"":90.0,""vfov"":58.71550750732422,""state"":0,""max_aov_h"":90.0,""max_aov_v"":58.71550750732422,""min_aov_h"":1.40625,""min_aov_v"":0.7910428047180176,""max_zoom"":64.0}",16.0942597
28587510509300,gimbal,3094,"{""imu_roll"":0.0,""imu_pitch"":-7.3167948722839355,""imu_yaw"":30.0,""frame_roll"":0.0,""frame_pitch"":-7.3167948722839355,""frame_yaw"":30.0,""pitch_speed"":0.0,""yaw_speed"":0.0}",16.0952431
28587520881000,fov,3095,"{""zoom"":1.0,""hfov"":90.0,""vfov"":58.71550750732422,""state"":0,""max_aov_h"":90.0,""max_aov_v"":58.71550750732422,""min_aov_h"":1.40625,""min_aov_v"":0.7910428047180176,""max_zoom"":64.0}",16.1056148
28587521163700,gimbal,3095,"{""imu_roll"":0.0,""imu_pitch"":-7.31689453125,""imu_yaw"":30.0,""frame_roll"":0.0,""frame_pitch"":-7.31689453125,""frame_yaw"":30.0,""pitch_speed"":0.0,""yaw_speed"":0.0}",16.1058975
28587527544500,range,1381,"{""message_type"":""GLOBAL_VISION_POSITION_ESTIMATE"",""x"":46.94822692871094,""y"":39.34986877441406}",16.1122783
28587535853000,range,1382,"{""message_type"":""GLOBAL_VISION_POSITION_ESTIMATE"",""x"":46.94822692871094,""y"":39.34986877441406}",16.1205868
28587536332700,attitude,1462,"{""message_type"":""ATTITUDE"",""time_boot_ms"":135210,""roll"":0.3614318370819092,""pitch"":-0.9208446145057678,""yaw"":0.7458928823471069,""rollspeed"":5.120335102081299,""pitchspeed"":-6.644484519958496,""yawspeed"":4.2090840339660645}",16.1210665
28587536525700,vfr,733,"{""message_type"":""VFR_HUD"",""airspeed"":16.536283493041992,""alt"":54.81999969482422}",16.1212595
28587536707400,position,733,"{""message_type"":""GLOBAL_POSITION_INT"",""lat"":469481180,""lon"":393492968}",16.1214412
28587539760300,fov,3096,"{""zoom"":1.0,""hfov"":90.0,""vfov"":58.71550750732422,""state"":0,""max_aov_h"":90.0,""max_aov_v"":58.71550750732422,""min_aov_h"":1.40625,""min_aov_v"":0.7910428047180176,""max_zoom"":64.0}",16.1244941
28587540183800,gimbal,3096,"{""imu_roll"":0.0,""imu_pitch"":-7.31689453125,""imu_yaw"":30.0,""frame_roll"":0.0,""frame_pitch"":-7.31689453125,""frame_yaw"":30.0,""pitch_speed"":0.0,""yaw_speed"":0.0}",16.1249176
